search v2: odd=True, N_CAP=1.00e+24, DELTA_MAX=1.0e+07, MIN_DEPTH=6
SPF shard: smallest prime factor = 3
P2 sub-shard: second prime factor = 5
P3 sub-sub-shard: third prime factor = 11
progress: nodes=10,000,000 tested=0 found=0 n=921702597672944239453125 elapsed=0s
progress: nodes=20,000,000 tested=0 found=0 n=696145935717625967578125 elapsed=1s
progress: nodes=30,000,000 tested=0 found=0 n=257996799586175164453125 elapsed=1s
progress: nodes=40,000,000 tested=0 found=0 n=935457411013184928515625 elapsed=2s
progress: nodes=50,000,000 tested=0 found=0 n=292778296595825171484375 elapsed=2s
progress: nodes=60,000,000 tested=0 found=0 n=903785563621866273046875 elapsed=3s
progress: nodes=70,000,000 tested=0 found=0 n=290005593093846080859375 elapsed=3s
progress: nodes=80,000,000 tested=0 found=0 n=205417733877094573828125 elapsed=4s
progress: nodes=90,000,000 tested=0 found=0 n=584200223569008840234375 elapsed=4s
progress: nodes=100,000,000 tested=0 found=0 n=842486666014150484765625 elapsed=5s
progress: nodes=110,000,000 tested=0 found=0 n=964651362720106320703125 elapsed=5s
progress: nodes=120,000,000 tested=0 found=0 n=976146732936224862890625 elapsed=5s
progress: nodes=130,000,000 tested=0 found=0 n=282740803825589342578125 elapsed=6s
progress: nodes=140,000,000 tested=0 found=0 n=564196653203358308203125 elapsed=6s
progress: nodes=150,000,000 tested=0 found=0 n=249187275803536498828125 elapsed=7s
progress: nodes=160,000,000 tested=0 found=0 n=309291129829963269140625 elapsed=7s
progress: nodes=170,000,000 tested=0 found=0 n=809184773103777868359375 elapsed=8s
progress: nodes=180,000,000 tested=0 found=0 n=378861365186054012109375 elapsed=8s
progress: nodes=190,000,000 tested=0 found=0 n=625426067720470229296875 elapsed=9s
progress: nodes=200,000,000 tested=0 found=0 n=916952969449482268359375 elapsed=9s
progress: nodes=210,000,000 tested=0 found=0 n=498026262872760690234375 elapsed=10s
progress: nodes=220,000,000 tested=0 found=0 n=287760552582782928515625 elapsed=10s
progress: nodes=230,000,000 tested=0 found=0 n=516698051439544231640625 elapsed=11s
progress: nodes=240,000,000 tested=0 found=0 n=660284157133904544140625 elapsed=11s
progress: nodes=250,000,000 tested=0 found=0 n=898769188729250785546875 elapsed=11s
progress: nodes=260,000,000 tested=0 found=0 n=553101987036530675390625 elapsed=12s
progress: nodes=270,000,000 tested=0 found=0 n=582527790576761480859375 elapsed=12s
progress: nodes=280,000,000 tested=0 found=0 n=584685301126665273046875 elapsed=13s
progress: nodes=290,000,000 tested=0 found=0 n=566373924264544442578125 elapsed=13s
progress: nodes=300,000,000 tested=0 found=0 n=899874161732419126171875 elapsed=14s
progress: nodes=310,000,000 tested=0 found=0 n=675862570365828514453125 elapsed=14s
progress: nodes=320,000,000 tested=0 found=0 n=766079458850537377734375 elapsed=15s
progress: nodes=330,000,000 tested=0 found=0 n=706840529343654891796875 elapsed=15s
progress: nodes=340,000,000 tested=0 found=0 n=911303311982187983203125 elapsed=16s
progress: nodes=350,000,000 tested=0 found=0 n=449941025864183867578125 elapsed=16s
progress: nodes=360,000,000 tested=0 found=0 n=525109924640546321484375 elapsed=17s
progress: nodes=370,000,000 tested=0 found=0 n=998686235320352687109375 elapsed=17s
progress: nodes=380,000,000 tested=0 found=0 n=681617420418054772265625 elapsed=18s
progress: nodes=390,000,000 tested=0 found=0 n=638377453257204800390625 elapsed=18s
progress: nodes=400,000,000 tested=0 found=0 n=788622782059849313671875 elapsed=19s
progress: nodes=410,000,000 tested=0 found=0 n=482803628022743530078125 elapsed=19s
progress: nodes=420,000,000 tested=0 found=0 n=669968053001125660546875 elapsed=20s
progress: nodes=430,000,000 tested=0 found=0 n=955882904342989953515625 elapsed=20s
progress: nodes=440,000,000 tested=0 found=0 n=723474197450831977734375 elapsed=21s
progress: nodes=450,000,000 tested=0 found=0 n=832507888521785269921875 elapsed=21s
progress: nodes=460,000,000 tested=0 found=0 n=786332133031038760546875 elapsed=22s
progress: nodes=470,000,000 tested=0 found=0 n=930029544030149462109375 elapsed=22s
progress: nodes=480,000,000 tested=0 found=0 n=751714245976143153515625 elapsed=23s
progress: nodes=490,000,000 tested=0 found=0 n=850234178069315363671875 elapsed=23s
progress: nodes=500,000,000 tested=0 found=0 n=907614112818954969140625 elapsed=24s
progress: nodes=510,000,000 tested=0 found=0 n=888776107071652065234375 elapsed=24s
progress: nodes=520,000,000 tested=0 found=0 n=795637663489584467578125 elapsed=25s
progress: nodes=530,000,000 tested=0 found=0 n=890469340616124031640625 elapsed=25s
progress: nodes=540,000,000 tested=0 found=0 n=936623412727173045703125 elapsed=26s
progress: nodes=550,000,000 tested=0 found=0 n=448070102676648207421875 elapsed=26s
progress: nodes=560,000,000 tested=0 found=0 n=711832837606914723046875 elapsed=27s
progress: nodes=570,000,000 tested=0 found=0 n=170605861143740124609375 elapsed=27s
progress: nodes=580,000,000 tested=0 found=0 n=555709897959114434765625 elapsed=28s
progress: nodes=590,000,000 tested=0 found=0 n=224080294986493055859375 elapsed=28s
progress: nodes=600,000,000 tested=0 found=0 n=958964364301451023828125 elapsed=29s
progress: nodes=610,000,000 tested=0 found=0 n=279477103122572347265625 elapsed=29s
progress: nodes=620,000,000 tested=0 found=0 n=750776528432504358984375 elapsed=30s
progress: nodes=630,000,000 tested=0 found=0 n=730332624527917421484375 elapsed=30s
progress: nodes=640,000,000 tested=0 found=0 n=288758642784452117578125 elapsed=30s
progress: nodes=650,000,000 tested=0 found=0 n=298872837255838841015625 elapsed=31s
progress: nodes=660,000,000 tested=0 found=0 n=793693979512992151171875 elapsed=31s
progress: nodes=670,000,000 tested=0 found=0 n=953975638028540105859375 elapsed=32s
progress: nodes=680,000,000 tested=0 found=0 n=976460166431689848046875 elapsed=32s
progress: nodes=690,000,000 tested=0 found=0 n=855132797467122191015625 elapsed=33s
progress: nodes=700,000,000 tested=0 found=0 n=632958513179240028515625 elapsed=33s
progress: nodes=710,000,000 tested=0 found=0 n=482719317418868797265625 elapsed=34s
progress: nodes=720,000,000 tested=0 found=0 n=502629964039290385546875 elapsed=34s
progress: nodes=730,000,000 tested=0 found=0 n=708738261696194670703125 elapsed=35s
progress: nodes=740,000,000 tested=0 found=0 n=483406464945595215234375 elapsed=35s
progress: nodes=750,000,000 tested=0 found=0 n=712680176591635222265625 elapsed=36s
progress: nodes=760,000,000 tested=0 found=0 n=738536952077004441796875 elapsed=36s
progress: nodes=770,000,000 tested=0 found=0 n=691345510163499301171875 elapsed=37s
progress: nodes=780,000,000 tested=0 found=0 n=679595112530361573046875 elapsed=37s
progress: nodes=790,000,000 tested=0 found=0 n=705716063242604919140625 elapsed=38s
progress: nodes=800,000,000 tested=0 found=0 n=931198254776523769921875 elapsed=38s
progress: nodes=810,000,000 tested=0 found=0 n=809248265398462067578125 elapsed=38s
progress: nodes=820,000,000 tested=0 found=0 n=583633605303992035546875 elapsed=39s
progress: nodes=830,000,000 tested=0 found=0 n=473230627341680703515625 elapsed=39s
progress: nodes=840,000,000 tested=0 found=0 n=473703369506578754296875 elapsed=40s
progress: nodes=850,000,000 tested=0 found=0 n=830600005736325786328125 elapsed=40s
progress: nodes=860,000,000 tested=0 found=0 n=424337856681133789453125 elapsed=41s
progress: nodes=870,000,000 tested=0 found=0 n=703976921900591508984375 elapsed=41s
progress: nodes=880,000,000 tested=0 found=0 n=582393652881073829296875 elapsed=42s
progress: nodes=890,000,000 tested=0 found=0 n=555214712598917391796875 elapsed=42s
progress: nodes=900,000,000 tested=0 found=0 n=845853393605954108203125 elapsed=43s
progress: nodes=910,000,000 tested=0 found=0 n=935786322146953522265625 elapsed=43s
progress: nodes=920,000,000 tested=0 found=0 n=622621359039520641796875 elapsed=44s
progress: nodes=930,000,000 tested=0 found=0 n=870743334934220769140625 elapsed=44s
progress: nodes=940,000,000 tested=0 found=0 n=980024507590033937109375 elapsed=45s
progress: nodes=950,000,000 tested=0 found=0 n=794401765919672741015625 elapsed=45s
progress: nodes=960,000,000 tested=0 found=0 n=406533634427803278515625 elapsed=46s
progress: nodes=970,000,000 tested=0 found=0 n=846109576496703505078125 elapsed=46s
progress: nodes=980,000,000 tested=0 found=0 n=822540494223827426953125 elapsed=47s
progress: nodes=990,000,000 tested=0 found=0 n=804604891939667426953125 elapsed=47s
progress: nodes=1,000,000,000 tested=0 found=0 n=641474320785066566015625 elapsed=48s
progress: nodes=1,010,000,000 tested=0 found=0 n=963816596618879682421875 elapsed=48s
progress: nodes=1,020,000,000 tested=0 found=0 n=674251973786982202734375 elapsed=49s
progress: nodes=1,030,000,000 tested=0 found=0 n=996058810090838703515625 elapsed=49s
progress: nodes=1,040,000,000 tested=0 found=0 n=556741097211190250390625 elapsed=50s
progress: nodes=1,050,000,000 tested=0 found=0 n=919670450472237659765625 elapsed=50s
progress: nodes=1,060,000,000 tested=0 found=0 n=679840205570620758984375 elapsed=51s
progress: nodes=1,070,000,000 tested=0 found=0 n=679690202339162605078125 elapsed=51s
progress: nodes=1,080,000,000 tested=0 found=0 n=663649941560026278515625 elapsed=52s
progress: nodes=1,090,000,000 tested=0 found=0 n=875718450315865522265625 elapsed=52s
progress: nodes=1,100,000,000 tested=0 found=0 n=866635106567015401171875 elapsed=53s
progress: nodes=1,110,000,000 tested=0 found=0 n=885703737588528800390625 elapsed=54s
progress: nodes=1,120,000,000 tested=0 found=0 n=955001530393655262890625 elapsed=54s
progress: nodes=1,130,000,000 tested=0 found=0 n=715762359369445897265625 elapsed=55s
progress: nodes=1,140,000,000 tested=0 found=0 n=200235259880521555078125 elapsed=55s
progress: nodes=1,150,000,000 tested=0 found=0 n=201233751529819503515625 elapsed=55s
progress: nodes=1,160,000,000 tested=0 found=0 n=788217202302073667578125 elapsed=56s
progress: nodes=1,170,000,000 tested=0 found=0 n=235532312917702569140625 elapsed=56s
progress: nodes=1,180,000,000 tested=0 found=0 n=290159176531080772265625 elapsed=57s
progress: nodes=1,190,000,000 tested=0 found=0 n=148651271562802426171875 elapsed=57s
progress: nodes=1,200,000,000 tested=0 found=0 n=581560087550064936328125 elapsed=58s
progress: nodes=1,210,000,000 tested=0 found=0 n=785743870072530019921875 elapsed=58s
progress: nodes=1,220,000,000 tested=0 found=0 n=840303829528660754296875 elapsed=59s
progress: nodes=1,230,000,000 tested=0 found=0 n=816456770356308352734375 elapsed=59s
progress: nodes=1,240,000,000 tested=0 found=0 n=799625884857145203515625 elapsed=60s
progress: nodes=1,250,000,000 tested=0 found=0 n=823650888300673137890625 elapsed=60s
progress: nodes=1,260,000,000 tested=0 found=0 n=879802484621032255078125 elapsed=60s
progress: nodes=1,270,000,000 tested=0 found=0 n=188636579359149680859375 elapsed=61s
progress: nodes=1,280,000,000 tested=0 found=0 n=421469184796514855859375 elapsed=61s
progress: nodes=1,290,000,000 tested=0 found=0 n=918718043023919105859375 elapsed=62s
progress: nodes=1,300,000,000 tested=0 found=0 n=783691929842419241015625 elapsed=62s
progress: nodes=1,310,000,000 tested=0 found=0 n=192830543397778081640625 elapsed=63s
progress: nodes=1,320,000,000 tested=0 found=0 n=739150154484559421484375 elapsed=63s
progress: nodes=1,330,000,000 tested=0 found=0 n=849647691474808630078125 elapsed=64s
progress: nodes=1,340,000,000 tested=0 found=0 n=596334306484719889453125 elapsed=64s
progress: nodes=1,350,000,000 tested=0 found=0 n=805972097531892160546875 elapsed=65s
progress: nodes=1,360,000,000 tested=0 found=0 n=703923256617296705859375 elapsed=65s
progress: nodes=1,370,000,000 tested=0 found=0 n=433065192924518743359375 elapsed=66s
progress: nodes=1,380,000,000 tested=0 found=0 n=831940348218652908984375 elapsed=66s
progress: nodes=1,390,000,000 tested=0 found=0 n=337089517779601627734375 elapsed=67s
progress: nodes=1,400,000,000 tested=0 found=0 n=672626527283393448046875 elapsed=67s
progress: nodes=1,410,000,000 tested=0 found=0 n=376735670686168625390625 elapsed=68s
progress: nodes=1,420,000,000 tested=0 found=0 n=287460994021379230078125 elapsed=68s
progress: nodes=1,430,000,000 tested=0 found=0 n=496931049352362371484375 elapsed=69s
progress: nodes=1,440,000,000 tested=0 found=0 n=398362857780722832421875 elapsed=69s
progress: nodes=1,450,000,000 tested=0 found=0 n=830993029676306075390625 elapsed=70s
progress: nodes=1,460,000,000 tested=0 found=0 n=428747580831586538671875 elapsed=70s
progress: nodes=1,470,000,000 tested=0 found=0 n=810008569197843043359375 elapsed=71s
progress: nodes=1,480,000,000 tested=0 found=0 n=490728582352352295703125 elapsed=71s
progress: nodes=1,490,000,000 tested=0 found=0 n=354253009638395703515625 elapsed=72s
progress: nodes=1,500,000,000 tested=0 found=0 n=561377062833498875390625 elapsed=72s
progress: nodes=1,510,000,000 tested=0 found=0 n=453832909941787316015625 elapsed=73s
progress: nodes=1,520,000,000 tested=0 found=0 n=856201093493826905859375 elapsed=73s
progress: nodes=1,530,000,000 tested=0 found=0 n=371677228800988855078125 elapsed=74s
progress: nodes=1,540,000,000 tested=0 found=0 n=705482878821059380078125 elapsed=74s
progress: nodes=1,550,000,000 tested=0 found=0 n=917729052036005562890625 elapsed=75s
progress: nodes=1,560,000,000 tested=0 found=0 n=549699095776187787890625 elapsed=75s
progress: nodes=1,570,000,000 tested=0 found=0 n=380752508884769342578125 elapsed=76s
progress: nodes=1,580,000,000 tested=0 found=0 n=405857376546484383984375 elapsed=76s
progress: nodes=1,590,000,000 tested=0 found=0 n=835160526121426660546875 elapsed=77s
progress: nodes=1,600,000,000 tested=0 found=0 n=392436027402644246484375 elapsed=77s
progress: nodes=1,610,000,000 tested=0 found=0 n=687325496859657910546875 elapsed=78s
progress: nodes=1,620,000,000 tested=0 found=0 n=784732014492055098046875 elapsed=78s
progress: nodes=1,630,000,000 tested=0 found=0 n=563902486480124820703125 elapsed=79s
progress: nodes=1,640,000,000 tested=0 found=0 n=574003337959223145703125 elapsed=79s
progress: nodes=1,650,000,000 tested=0 found=0 n=523326701910294446484375 elapsed=80s
progress: nodes=1,660,000,000 tested=0 found=0 n=686589976089264237890625 elapsed=80s
progress: nodes=1,670,000,000 tested=0 found=0 n=657109828141431985546875 elapsed=81s
progress: nodes=1,680,000,000 tested=0 found=0 n=646286735868049276171875 elapsed=81s
progress: nodes=1,690,000,000 tested=0 found=0 n=748659936157984627734375 elapsed=82s
progress: nodes=1,700,000,000 tested=0 found=0 n=787669236223024946484375 elapsed=82s
progress: nodes=1,710,000,000 tested=0 found=0 n=587991992022152785546875 elapsed=83s
progress: nodes=1,720,000,000 tested=0 found=0 n=838864557524647796484375 elapsed=83s
progress: nodes=1,730,000,000 tested=0 found=0 n=752681878052913741796875 elapsed=84s
progress: nodes=1,740,000,000 tested=0 found=0 n=807478940300806859765625 elapsed=84s
progress: nodes=1,750,000,000 tested=0 found=0 n=752684045890621594921875 elapsed=85s
progress: nodes=1,760,000,000 tested=0 found=0 n=889346734435132526953125 elapsed=85s
progress: nodes=1,770,000,000 tested=0 found=0 n=926557259120346962109375 elapsed=86s
progress: nodes=1,780,000,000 tested=0 found=0 n=582435253470646782421875 elapsed=86s
progress: nodes=1,790,000,000 tested=0 found=0 n=790886789541006352734375 elapsed=87s
progress: nodes=1,800,000,000 tested=0 found=0 n=168864691180905186328125 elapsed=87s
progress: nodes=1,810,000,000 tested=0 found=0 n=557774040710421987890625 elapsed=87s
progress: nodes=1,820,000,000 tested=0 found=0 n=204431487560054377734375 elapsed=88s
progress: nodes=1,830,000,000 tested=0 found=0 n=914345779575138655078125 elapsed=88s
progress: nodes=1,840,000,000 tested=0 found=0 n=784258804459568225390625 elapsed=89s
progress: nodes=1,850,000,000 tested=0 found=0 n=829259051301989743359375 elapsed=89s
progress: nodes=1,860,000,000 tested=0 found=0 n=160746690038609851171875 elapsed=90s
progress: nodes=1,870,000,000 tested=0 found=0 n=617951106306896600390625 elapsed=90s
progress: nodes=1,880,000,000 tested=0 found=0 n=420342376083031501171875 elapsed=91s
progress: nodes=1,890,000,000 tested=0 found=0 n=499500921269012579296875 elapsed=91s
progress: nodes=1,900,000,000 tested=0 found=0 n=810319464305749831640625 elapsed=91s
progress: nodes=1,910,000,000 tested=0 found=0 n=507062792138819980078125 elapsed=92s
progress: nodes=1,920,000,000 tested=0 found=0 n=570036923002352991796875 elapsed=92s
progress: nodes=1,930,000,000 tested=0 found=0 n=955688289156888542578125 elapsed=93s
progress: nodes=1,940,000,000 tested=0 found=0 n=834150458742889573828125 elapsed=93s
progress: nodes=1,950,000,000 tested=0 found=0 n=200686247369641648828125 elapsed=94s
progress: nodes=1,960,000,000 tested=0 found=0 n=832522752668581386328125 elapsed=94s
progress: nodes=1,970,000,000 tested=0 found=0 n=140781098348462098828125 elapsed=95s
progress: nodes=1,980,000,000 tested=0 found=0 n=855492293597030370703125 elapsed=95s
progress: nodes=1,990,000,000 tested=0 found=0 n=351803193046614284765625 elapsed=96s
progress: nodes=2,000,000,000 tested=0 found=0 n=510250854095394212109375 elapsed=96s
progress: nodes=2,010,000,000 tested=0 found=0 n=810342079682634094921875 elapsed=97s
progress: nodes=2,020,000,000 tested=0 found=0 n=347784793903128617578125 elapsed=97s
progress: nodes=2,030,000,000 tested=0 found=0 n=326322015723875183203125 elapsed=98s
progress: nodes=2,040,000,000 tested=0 found=0 n=630498854623965795703125 elapsed=98s
progress: nodes=2,050,000,000 tested=0 found=0 n=161156117596736921484375 elapsed=99s
progress: nodes=2,060,000,000 tested=0 found=0 n=149663493756343733203125 elapsed=99s
progress: nodes=2,070,000,000 tested=0 found=0 n=235941925206999090234375 elapsed=100s
progress: nodes=2,080,000,000 tested=0 found=0 n=210894141119337882421875 elapsed=100s
progress: nodes=2,090,000,000 tested=0 found=0 n=305557795784673390234375 elapsed=101s
progress: nodes=2,100,000,000 tested=0 found=0 n=309724661399733305859375 elapsed=101s
progress: nodes=2,110,000,000 tested=0 found=0 n=642962205623293140234375 elapsed=102s
progress: nodes=2,120,000,000 tested=0 found=0 n=665207260833360983203125 elapsed=102s
progress: nodes=2,130,000,000 tested=0 found=0 n=546401145941081462109375 elapsed=103s
progress: nodes=2,140,000,000 tested=0 found=0 n=377085314170147855078125 elapsed=103s
progress: nodes=2,150,000,000 tested=0 found=0 n=395193167626967518359375 elapsed=103s
progress: nodes=2,160,000,000 tested=0 found=0 n=334844987462404069921875 elapsed=104s
progress: nodes=2,170,000,000 tested=0 found=0 n=217639501406458969921875 elapsed=104s
progress: nodes=2,180,000,000 tested=0 found=0 n=442229331059888508984375 elapsed=105s
progress: nodes=2,190,000,000 tested=0 found=0 n=389631696859665910546875 elapsed=105s
progress: nodes=2,200,000,000 tested=0 found=0 n=533812070806228641796875 elapsed=106s
progress: nodes=2,210,000,000 tested=0 found=0 n=474207853510283797265625 elapsed=106s
progress: nodes=2,220,000,000 tested=0 found=0 n=396384384780902808984375 elapsed=107s
progress: nodes=2,230,000,000 tested=0 found=0 n=454844785985507710546875 elapsed=107s
progress: nodes=2,240,000,000 tested=0 found=0 n=381293279198644454296875 elapsed=108s
progress: nodes=2,250,000,000 tested=0 found=0 n=337086923980946016796875 elapsed=108s
progress: nodes=2,260,000,000 tested=0 found=0 n=424824898306799731640625 elapsed=109s
progress: nodes=2,270,000,000 tested=0 found=0 n=356134106769452201953125 elapsed=109s
progress: nodes=2,280,000,000 tested=0 found=0 n=438324683758389024609375 elapsed=110s
progress: nodes=2,290,000,000 tested=0 found=0 n=605313639608667915234375 elapsed=110s
progress: nodes=2,300,000,000 tested=0 found=0 n=574039201178145540234375 elapsed=111s
progress: nodes=2,310,000,000 tested=0 found=0 n=619082781175753808203125 elapsed=111s
progress: nodes=2,320,000,000 tested=0 found=0 n=679537947894233368359375 elapsed=112s
progress: nodes=2,330,000,000 tested=0 found=0 n=820148778434382851953125 elapsed=112s
progress: nodes=2,340,000,000 tested=0 found=0 n=147645267797920573828125 elapsed=113s
progress: nodes=2,350,000,000 tested=0 found=0 n=165612168284103762890625 elapsed=113s
progress: nodes=2,360,000,000 tested=0 found=0 n=872557833894165130078125 elapsed=114s
progress: nodes=2,370,000,000 tested=0 found=0 n=317179895315833648828125 elapsed=114s
progress: nodes=2,380,000,000 tested=0 found=0 n=562178886659547957421875 elapsed=115s
progress: nodes=2,390,000,000 tested=0 found=0 n=531140747621075251171875 elapsed=115s
progress: nodes=2,400,000,000 tested=0 found=0 n=214882890694323598828125 elapsed=116s
progress: nodes=2,410,000,000 tested=0 found=0 n=642839445375192024609375 elapsed=116s
progress: nodes=2,420,000,000 tested=0 found=0 n=896816050146467975390625 elapsed=116s
progress: nodes=2,430,000,000 tested=0 found=0 n=419549952051071673046875 elapsed=117s
progress: nodes=2,440,000,000 tested=0 found=0 n=786646326278972555859375 elapsed=117s
progress: nodes=2,450,000,000 tested=0 found=0 n=642443119011443049609375 elapsed=118s
progress: nodes=2,460,000,000 tested=0 found=0 n=473290784167342594921875 elapsed=118s
progress: nodes=2,470,000,000 tested=0 found=0 n=577480332238245601171875 elapsed=119s
progress: nodes=2,480,000,000 tested=0 found=0 n=291641663464175591015625 elapsed=119s
progress: nodes=2,490,000,000 tested=0 found=0 n=531928909580481045703125 elapsed=120s
progress: nodes=2,500,000,000 tested=0 found=0 n=446115757938211311328125 elapsed=120s
progress: nodes=2,510,000,000 tested=0 found=0 n=73581658746149464453125 elapsed=121s
progress: nodes=2,520,000,000 tested=0 found=0 n=208866941484384575390625 elapsed=121s
progress: nodes=2,530,000,000 tested=0 found=0 n=190718814189778836328125 elapsed=122s
progress: nodes=2,540,000,000 tested=0 found=0 n=112923250718749105078125 elapsed=122s
progress: nodes=2,550,000,000 tested=0 found=0 n=259280181558777547265625 elapsed=123s
progress: nodes=2,560,000,000 tested=0 found=0 n=167143460830830657421875 elapsed=123s
progress: nodes=2,570,000,000 tested=0 found=0 n=223700710833988794140625 elapsed=124s
progress: nodes=2,580,000,000 tested=0 found=0 n=305737072788684448828125 elapsed=124s
progress: nodes=2,590,000,000 tested=0 found=0 n=278925906947515639453125 elapsed=125s
progress: nodes=2,600,000,000 tested=0 found=0 n=270271578942004264453125 elapsed=125s
progress: nodes=2,610,000,000 tested=0 found=0 n=307830780678123179296875 elapsed=126s
progress: nodes=2,620,000,000 tested=0 found=0 n=251557323466960487109375 elapsed=126s
progress: nodes=2,630,000,000 tested=0 found=0 n=329743301794556164453125 elapsed=127s
progress: nodes=2,640,000,000 tested=0 found=0 n=278855608415941051171875 elapsed=127s
progress: nodes=2,650,000,000 tested=0 found=0 n=198031926607286565234375 elapsed=128s
progress: nodes=2,660,000,000 tested=0 found=0 n=256359817372941291796875 elapsed=128s
progress: nodes=2,670,000,000 tested=0 found=0 n=316258091075333485546875 elapsed=129s
progress: nodes=2,680,000,000 tested=0 found=0 n=330554363371312897265625 elapsed=129s
progress: nodes=2,690,000,000 tested=0 found=0 n=347494946634190149609375 elapsed=130s
progress: nodes=2,700,000,000 tested=0 found=0 n=694655816761014113671875 elapsed=130s
progress: nodes=2,710,000,000 tested=0 found=0 n=176062857132206872265625 elapsed=131s
progress: nodes=2,720,000,000 tested=0 found=0 n=279805988306511059765625 elapsed=131s
progress: nodes=2,730,000,000 tested=0 found=0 n=109700053380440673046875 elapsed=131s
progress: nodes=2,740,000,000 tested=0 found=0 n=601486039170092703515625 elapsed=132s
progress: nodes=2,750,000,000 tested=0 found=0 n=842475393735463241015625 elapsed=132s
progress: nodes=2,760,000,000 tested=0 found=0 n=804732746179587830859375 elapsed=133s
progress: nodes=2,770,000,000 tested=0 found=0 n=474140734697045921484375 elapsed=133s
progress: nodes=2,780,000,000 tested=0 found=0 n=843541108482496630078125 elapsed=134s
progress: nodes=2,790,000,000 tested=0 found=0 n=73168325009161091015625 elapsed=134s
progress: nodes=2,800,000,000 tested=0 found=0 n=831712667513751748828125 elapsed=135s
progress: nodes=2,810,000,000 tested=0 found=0 n=320276415839145085546875 elapsed=135s
progress: nodes=2,820,000,000 tested=0 found=0 n=722693893911136344140625 elapsed=136s
progress: nodes=2,830,000,000 tested=0 found=0 n=108281213502077098828125 elapsed=136s
progress: nodes=2,840,000,000 tested=0 found=0 n=229814538431673280078125 elapsed=137s
progress: nodes=2,850,000,000 tested=0 found=0 n=540865094310270636328125 elapsed=137s
progress: nodes=2,860,000,000 tested=0 found=0 n=377543014374527216015625 elapsed=137s
progress: nodes=2,870,000,000 tested=0 found=0 n=329486771280641094140625 elapsed=138s
progress: nodes=2,880,000,000 tested=0 found=0 n=189897170988370841015625 elapsed=138s
progress: nodes=2,890,000,000 tested=0 found=0 n=413668663826269616015625 elapsed=139s
progress: nodes=2,900,000,000 tested=0 found=0 n=258720654311582937890625 elapsed=139s
progress: nodes=2,910,000,000 tested=0 found=0 n=212982742553172036328125 elapsed=140s
progress: nodes=2,920,000,000 tested=0 found=0 n=228326495298492589453125 elapsed=140s
progress: nodes=2,930,000,000 tested=0 found=0 n=311576860202774860546875 elapsed=141s
progress: nodes=2,940,000,000 tested=0 found=0 n=348555422256260213671875 elapsed=141s
progress: nodes=2,950,000,000 tested=0 found=0 n=204858695787662077734375 elapsed=142s
progress: nodes=2,960,000,000 tested=0 found=0 n=170983132213854455859375 elapsed=142s
progress: nodes=2,970,000,000 tested=0 found=0 n=133678297051296641015625 elapsed=143s
progress: nodes=2,980,000,000 tested=0 found=0 n=169999688900673341015625 elapsed=143s
progress: nodes=2,990,000,000 tested=0 found=0 n=189187263202690719140625 elapsed=144s
progress: nodes=3,000,000,000 tested=0 found=0 n=300864005778249516796875 elapsed=144s
progress: nodes=3,010,000,000 tested=0 found=0 n=282621424459313942578125 elapsed=145s
progress: nodes=3,020,000,000 tested=0 found=0 n=288793768634798508984375 elapsed=145s
progress: nodes=3,030,000,000 tested=0 found=0 n=223498318910939750390625 elapsed=146s
progress: nodes=3,040,000,000 tested=0 found=0 n=253406510370472580859375 elapsed=146s
progress: nodes=3,050,000,000 tested=0 found=0 n=287121746906081961328125 elapsed=147s
progress: nodes=3,060,000,000 tested=0 found=0 n=716788745932869418359375 elapsed=147s
progress: nodes=3,070,000,000 tested=0 found=0 n=91554721799938920703125 elapsed=148s
progress: nodes=3,080,000,000 tested=0 found=0 n=983304434316156858984375 elapsed=148s
progress: nodes=3,090,000,000 tested=0 found=0 n=535239729861534573046875 elapsed=149s
progress: nodes=3,100,000,000 tested=0 found=0 n=759669162716592833203125 elapsed=149s
progress: nodes=3,110,000,000 tested=0 found=0 n=615379003576841457421875 elapsed=149s
progress: nodes=3,120,000,000 tested=0 found=0 n=133415201206428809765625 elapsed=150s
progress: nodes=3,130,000,000 tested=0 found=0 n=232482016254367030078125 elapsed=150s
progress: nodes=3,140,000,000 tested=0 found=0 n=969690875967237019921875 elapsed=151s
progress: nodes=3,150,000,000 tested=0 found=0 n=165790598794630231640625 elapsed=151s
progress: nodes=3,160,000,000 tested=0 found=0 n=715659324113844889453125 elapsed=152s
progress: nodes=3,170,000,000 tested=0 found=0 n=172527155457872544140625 elapsed=152s
progress: nodes=3,180,000,000 tested=0 found=0 n=213119270038220558203125 elapsed=153s
progress: nodes=3,190,000,000 tested=0 found=0 n=80450594420432066015625 elapsed=153s
progress: nodes=3,200,000,000 tested=0 found=0 n=56138245321467104296875 elapsed=154s
progress: nodes=3,210,000,000 tested=0 found=0 n=390620708838443801953125 elapsed=154s
progress: nodes=3,220,000,000 tested=0 found=0 n=415769511856554319921875 elapsed=155s
progress: nodes=3,230,000,000 tested=0 found=0 n=129400308183929101171875 elapsed=155s
progress: nodes=3,240,000,000 tested=0 found=0 n=342595906835122887890625 elapsed=156s
progress: nodes=3,250,000,000 tested=0 found=0 n=104281158327989839453125 elapsed=156s
progress: nodes=3,260,000,000 tested=0 found=0 n=142170718110029644921875 elapsed=157s
progress: nodes=3,270,000,000 tested=0 found=0 n=99500673472290221484375 elapsed=157s
progress: nodes=3,280,000,000 tested=0 found=0 n=97754679129788110546875 elapsed=158s
progress: nodes=3,290,000,000 tested=0 found=0 n=175125292835425723828125 elapsed=158s
progress: nodes=3,300,000,000 tested=0 found=0 n=140263036510626910546875 elapsed=159s
progress: nodes=3,310,000,000 tested=0 found=0 n=139018607650010949609375 elapsed=159s
progress: nodes=3,320,000,000 tested=0 found=0 n=159269760360719469140625 elapsed=160s
progress: nodes=3,330,000,000 tested=0 found=0 n=128206436257366512890625 elapsed=160s
progress: nodes=3,340,000,000 tested=0 found=0 n=116348281817012012109375 elapsed=161s
progress: nodes=3,350,000,000 tested=0 found=0 n=195636028114004066015625 elapsed=161s
progress: nodes=3,360,000,000 tested=0 found=0 n=170894091350079629296875 elapsed=162s
progress: nodes=3,370,000,000 tested=0 found=0 n=179144678805901217578125 elapsed=162s
progress: nodes=3,380,000,000 tested=0 found=0 n=239903363985255776953125 elapsed=163s
progress: nodes=3,390,000,000 tested=0 found=0 n=244885754216146454296875 elapsed=163s
progress: nodes=3,400,000,000 tested=0 found=0 n=932831805097902561328125 elapsed=163s
progress: nodes=3,410,000,000 tested=0 found=0 n=33093799798094539453125 elapsed=164s
progress: nodes=3,420,000,000 tested=0 found=0 n=660437366154410534765625 elapsed=164s
progress: nodes=3,430,000,000 tested=0 found=0 n=855401560453353800390625 elapsed=165s
progress: nodes=3,440,000,000 tested=0 found=0 n=569192139153370592578125 elapsed=165s
progress: nodes=3,450,000,000 tested=0 found=0 n=824299954135576991015625 elapsed=166s
progress: nodes=3,460,000,000 tested=0 found=0 n=704470530302986566796875 elapsed=166s
progress: nodes=3,470,000,000 tested=0 found=0 n=533875801229851742578125 elapsed=167s
progress: nodes=3,480,000,000 tested=0 found=0 n=76273116514200980859375 elapsed=167s
progress: nodes=3,490,000,000 tested=0 found=0 n=604254568304697092578125 elapsed=168s
progress: nodes=3,500,000,000 tested=0 found=0 n=473297917281680661328125 elapsed=168s
progress: nodes=3,510,000,000 tested=0 found=0 n=376968926239954344140625 elapsed=169s
progress: nodes=3,520,000,000 tested=0 found=0 n=187643250233697469921875 elapsed=169s
progress: nodes=3,530,000,000 tested=0 found=0 n=299130704782724422265625 elapsed=170s
progress: nodes=3,540,000,000 tested=0 found=0 n=110036864565119984765625 elapsed=170s
progress: nodes=3,550,000,000 tested=0 found=0 n=269544737310651502734375 elapsed=170s
progress: nodes=3,560,000,000 tested=0 found=0 n=101491531277982514453125 elapsed=171s
progress: nodes=3,570,000,000 tested=0 found=0 n=281444852503213484765625 elapsed=171s
progress: nodes=3,580,000,000 tested=0 found=0 n=256022199205558126171875 elapsed=172s
progress: nodes=3,590,000,000 tested=0 found=0 n=198429666313865030859375 elapsed=172s
progress: nodes=3,600,000,000 tested=0 found=0 n=115280566327806373828125 elapsed=173s
progress: nodes=3,610,000,000 tested=0 found=0 n=196457845816282784765625 elapsed=173s
progress: nodes=3,620,000,000 tested=0 found=0 n=103445500723984430859375 elapsed=174s
progress: nodes=3,630,000,000 tested=0 found=0 n=207966841250548475390625 elapsed=174s
progress: nodes=3,640,000,000 tested=0 found=0 n=158416834536355299609375 elapsed=175s
progress: nodes=3,650,000,000 tested=0 found=0 n=112515114488520033984375 elapsed=175s
progress: nodes=3,660,000,000 tested=0 found=0 n=213234037814769739453125 elapsed=176s
progress: nodes=3,670,000,000 tested=0 found=0 n=183171559472422653515625 elapsed=176s
progress: nodes=3,680,000,000 tested=0 found=0 n=755203806551852096484375 elapsed=177s
progress: nodes=3,690,000,000 tested=0 found=0 n=382128844213908734765625 elapsed=177s
progress: nodes=3,700,000,000 tested=0 found=0 n=559432685382487885546875 elapsed=178s
progress: nodes=3,710,000,000 tested=0 found=0 n=273118614467625312890625 elapsed=178s
progress: nodes=3,720,000,000 tested=0 found=0 n=458439876360048941015625 elapsed=179s
progress: nodes=3,730,000,000 tested=0 found=0 n=189563451979072398046875 elapsed=179s
progress: nodes=3,740,000,000 tested=0 found=0 n=67406221465663897265625 elapsed=180s
progress: nodes=3,750,000,000 tested=0 found=0 n=741637834356946686328125 elapsed=180s
progress: nodes=3,760,000,000 tested=0 found=0 n=77710660353616369921875 elapsed=181s
progress: nodes=3,770,000,000 tested=0 found=0 n=109174507938459059765625 elapsed=181s
progress: nodes=3,780,000,000 tested=0 found=0 n=302922426952804995703125 elapsed=181s
progress: nodes=3,790,000,000 tested=0 found=0 n=223622481926593444921875 elapsed=182s
progress: nodes=3,800,000,000 tested=0 found=0 n=202070158627286541796875 elapsed=182s
progress: nodes=3,810,000,000 tested=0 found=0 n=179827146542794433203125 elapsed=183s
progress: nodes=3,820,000,000 tested=0 found=0 n=84541864903599687890625 elapsed=183s
progress: nodes=3,830,000,000 tested=0 found=0 n=159934779923062250390625 elapsed=184s
progress: nodes=3,840,000,000 tested=0 found=0 n=254226790128581518359375 elapsed=184s
progress: nodes=3,850,000,000 tested=0 found=0 n=183553051045193891015625 elapsed=185s
progress: nodes=3,860,000,000 tested=0 found=0 n=81500614940139050390625 elapsed=185s
progress: nodes=3,870,000,000 tested=0 found=0 n=162658883299106429296875 elapsed=186s
progress: nodes=3,880,000,000 tested=0 found=0 n=115263762552486165234375 elapsed=186s
progress: nodes=3,890,000,000 tested=0 found=0 n=187416155242989144140625 elapsed=187s
progress: nodes=3,900,000,000 tested=0 found=0 n=100489257784428858984375 elapsed=187s
progress: nodes=3,910,000,000 tested=0 found=0 n=186941946290724319921875 elapsed=188s
progress: nodes=3,920,000,000 tested=0 found=0 n=135112415584591641796875 elapsed=188s
progress: nodes=3,930,000,000 tested=0 found=0 n=189091092328215528515625 elapsed=189s
progress: nodes=3,940,000,000 tested=0 found=0 n=261480877548761436328125 elapsed=189s
progress: nodes=3,950,000,000 tested=0 found=0 n=634425236368245776953125 elapsed=190s
progress: nodes=3,960,000,000 tested=0 found=0 n=517431755439207868359375 elapsed=190s
progress: nodes=3,970,000,000 tested=0 found=0 n=888729309192835571484375 elapsed=191s
progress: nodes=3,980,000,000 tested=0 found=0 n=750141220144947507421875 elapsed=191s
progress: nodes=3,990,000,000 tested=0 found=0 n=552733868216080198828125 elapsed=192s
progress: nodes=4,000,000,000 tested=0 found=0 n=689019085122418733203125 elapsed=192s
progress: nodes=4,010,000,000 tested=0 found=0 n=55233809958727859765625 elapsed=193s
progress: nodes=4,020,000,000 tested=0 found=0 n=295686758222716665234375 elapsed=193s
progress: nodes=4,030,000,000 tested=0 found=0 n=278928180279797902734375 elapsed=194s
progress: nodes=4,040,000,000 tested=0 found=0 n=222023144676315455859375 elapsed=194s
progress: nodes=4,050,000,000 tested=0 found=0 n=29963904308764168359375 elapsed=195s
progress: nodes=4,060,000,000 tested=0 found=0 n=190637531052348716015625 elapsed=195s
progress: nodes=4,070,000,000 tested=0 found=0 n=235419574948546067578125 elapsed=196s
progress: nodes=4,080,000,000 tested=0 found=0 n=116614121356691694140625 elapsed=196s
progress: nodes=4,090,000,000 tested=0 found=0 n=147423289641534108984375 elapsed=197s
progress: nodes=4,100,000,000 tested=0 found=0 n=72365926412146215234375 elapsed=197s
progress: nodes=4,110,000,000 tested=0 found=0 n=99576327779870171484375 elapsed=198s
progress: nodes=4,120,000,000 tested=0 found=0 n=92126953466629266796875 elapsed=198s
progress: nodes=4,130,000,000 tested=0 found=0 n=70664303794003695703125 elapsed=199s
progress: nodes=4,140,000,000 tested=0 found=0 n=166332514329628182421875 elapsed=199s
progress: nodes=4,150,000,000 tested=0 found=0 n=141104941776969676171875 elapsed=200s
progress: nodes=4,160,000,000 tested=0 found=0 n=151592363914561182421875 elapsed=200s
progress: nodes=4,170,000,000 tested=0 found=0 n=570738541367616612890625 elapsed=201s
progress: nodes=4,180,000,000 tested=0 found=0 n=883261527883909801171875 elapsed=201s
progress: nodes=4,190,000,000 tested=0 found=0 n=618815645953057149609375 elapsed=202s
progress: nodes=4,200,000,000 tested=0 found=0 n=791659975828297292578125 elapsed=202s
progress: nodes=4,210,000,000 tested=0 found=0 n=409345882422808173046875 elapsed=203s
progress: nodes=4,220,000,000 tested=0 found=0 n=70537133541824722265625 elapsed=203s
progress: nodes=4,230,000,000 tested=0 found=0 n=151004483113264133203125 elapsed=204s
progress: nodes=4,240,000,000 tested=0 found=0 n=442686270332368747265625 elapsed=204s
progress: nodes=4,250,000,000 tested=0 found=0 n=286651822050672465234375 elapsed=205s
progress: nodes=4,260,000,000 tested=0 found=0 n=131807909173615808203125 elapsed=205s
progress: nodes=4,270,000,000 tested=0 found=0 n=224058694549511984765625 elapsed=206s
progress: nodes=4,280,000,000 tested=0 found=0 n=116069691490653308203125 elapsed=206s
progress: nodes=4,290,000,000 tested=0 found=0 n=67004748151161317578125 elapsed=207s
progress: nodes=4,300,000,000 tested=0 found=0 n=111154426109932180078125 elapsed=207s
progress: nodes=4,310,000,000 tested=0 found=0 n=149557225091224770703125 elapsed=208s
progress: nodes=4,320,000,000 tested=0 found=0 n=127337478077540942578125 elapsed=208s
progress: nodes=4,330,000,000 tested=0 found=0 n=60548028624537106640625 elapsed=209s
progress: nodes=4,340,000,000 tested=0 found=0 n=136932932650972953515625 elapsed=209s
progress: nodes=4,350,000,000 tested=0 found=0 n=85299880615931914453125 elapsed=210s
progress: nodes=4,360,000,000 tested=0 found=0 n=98450268409325984765625 elapsed=210s
progress: nodes=4,370,000,000 tested=0 found=0 n=145047525964097586328125 elapsed=211s
progress: nodes=4,380,000,000 tested=0 found=0 n=129668837910232461328125 elapsed=211s
progress: nodes=4,390,000,000 tested=0 found=0 n=61146017000961324609375 elapsed=212s
progress: nodes=4,400,000,000 tested=0 found=0 n=349565351954253690234375 elapsed=212s
progress: nodes=4,410,000,000 tested=0 found=0 n=79823245681744112109375 elapsed=213s
progress: nodes=4,420,000,000 tested=0 found=0 n=492234553938585266015625 elapsed=213s
progress: nodes=4,430,000,000 tested=0 found=0 n=258503463120276734765625 elapsed=214s
progress: nodes=4,440,000,000 tested=0 found=0 n=149951980389110199609375 elapsed=214s
progress: nodes=4,450,000,000 tested=0 found=0 n=131954181217355358984375 elapsed=215s
progress: nodes=4,460,000,000 tested=0 found=0 n=220190371815564678515625 elapsed=215s
progress: nodes=4,470,000,000 tested=0 found=0 n=233756038196834213671875 elapsed=216s
progress: nodes=4,480,000,000 tested=0 found=0 n=52302422438545137890625 elapsed=216s
progress: nodes=4,490,000,000 tested=0 found=0 n=51344875723306004296875 elapsed=217s
progress: nodes=4,500,000,000 tested=0 found=0 n=161488672698813577734375 elapsed=217s
progress: nodes=4,510,000,000 tested=0 found=0 n=107307547974533014453125 elapsed=218s
progress: nodes=4,520,000,000 tested=0 found=0 n=74132218523550399609375 elapsed=218s
progress: nodes=4,530,000,000 tested=0 found=0 n=62875449966516219140625 elapsed=219s
progress: nodes=4,540,000,000 tested=0 found=0 n=50708933475948889453125 elapsed=219s
progress: nodes=4,550,000,000 tested=0 found=0 n=63390922575615151171875 elapsed=220s
progress: nodes=4,560,000,000 tested=0 found=0 n=123654023916877923046875 elapsed=220s
progress: nodes=4,570,000,000 tested=0 found=0 n=126578007763870355859375 elapsed=221s
progress: nodes=4,580,000,000 tested=0 found=0 n=570698905652833250390625 elapsed=221s
progress: nodes=4,590,000,000 tested=0 found=0 n=384141703396366613671875 elapsed=222s
progress: nodes=4,600,000,000 tested=0 found=0 n=864382981285358919140625 elapsed=222s
progress: nodes=4,610,000,000 tested=0 found=0 n=348870744340355879296875 elapsed=223s
progress: nodes=4,620,000,000 tested=0 found=0 n=216113365282010663671875 elapsed=223s
progress: nodes=4,630,000,000 tested=0 found=0 n=419702501276594778515625 elapsed=224s
progress: nodes=4,640,000,000 tested=0 found=0 n=147658175373696887109375 elapsed=224s
progress: nodes=4,650,000,000 tested=0 found=0 n=119156499486160266796875 elapsed=225s
progress: nodes=4,660,000,000 tested=0 found=0 n=112401641280747469921875 elapsed=225s
progress: nodes=4,670,000,000 tested=0 found=0 n=31688209000797950390625 elapsed=226s
progress: nodes=4,680,000,000 tested=0 found=0 n=60066658745423201953125 elapsed=226s
progress: nodes=4,690,000,000 tested=0 found=0 n=57515998036094026171875 elapsed=227s
progress: nodes=4,700,000,000 tested=0 found=0 n=46676136160218455859375 elapsed=227s
progress: nodes=4,710,000,000 tested=0 found=0 n=54417575365076949609375 elapsed=228s
progress: nodes=4,720,000,000 tested=0 found=0 n=59185127090802912890625 elapsed=228s
progress: nodes=4,730,000,000 tested=0 found=0 n=69057086246676657421875 elapsed=229s
progress: nodes=4,740,000,000 tested=0 found=0 n=113730537945980471484375 elapsed=229s
progress: nodes=4,750,000,000 tested=0 found=0 n=636535190146583977734375 elapsed=230s
progress: nodes=4,760,000,000 tested=0 found=0 n=625597080091958893359375 elapsed=230s
progress: nodes=4,770,000,000 tested=0 found=0 n=596666950172304528515625 elapsed=231s
progress: nodes=4,780,000,000 tested=0 found=0 n=216222401100038269921875 elapsed=231s
progress: nodes=4,790,000,000 tested=0 found=0 n=110819533752326218359375 elapsed=232s
progress: nodes=4,800,000,000 tested=0 found=0 n=81803235335379254296875 elapsed=232s
progress: nodes=4,810,000,000 tested=0 found=0 n=173864982788973235546875 elapsed=233s
progress: nodes=4,820,000,000 tested=0 found=0 n=91828965769964117578125 elapsed=233s
progress: nodes=4,830,000,000 tested=0 found=0 n=117285807310354508203125 elapsed=234s
progress: nodes=4,840,000,000 tested=0 found=0 n=82587573214482097265625 elapsed=234s
progress: nodes=4,850,000,000 tested=0 found=0 n=74497145993853992578125 elapsed=235s
progress: nodes=4,860,000,000 tested=0 found=0 n=35441879451686335546875 elapsed=235s
progress: nodes=4,870,000,000 tested=0 found=0 n=78957079125586161328125 elapsed=236s
progress: nodes=4,880,000,000 tested=0 found=0 n=285964534644599211328125 elapsed=236s
progress: nodes=4,890,000,000 tested=0 found=0 n=689744265624614204296875 elapsed=237s
progress: nodes=4,900,000,000 tested=0 found=0 n=396517025999024377734375 elapsed=237s
progress: nodes=4,910,000,000 tested=0 found=0 n=136503684722283050390625 elapsed=238s
progress: nodes=4,920,000,000 tested=0 found=0 n=402396799547966733984375 elapsed=238s
progress: nodes=4,930,000,000 tested=0 found=0 n=166754127275457008203125 elapsed=239s
progress: nodes=4,940,000,000 tested=0 found=0 n=14939359754512475390625 elapsed=239s
progress: nodes=4,950,000,000 tested=0 found=0 n=82341050979632375390625 elapsed=240s
progress: nodes=4,960,000,000 tested=0 found=0 n=73324704843149473828125 elapsed=240s
progress: nodes=4,970,000,000 tested=0 found=0 n=41685188408699691796875 elapsed=241s
progress: nodes=4,980,000,000 tested=0 found=0 n=55402570292875020703125 elapsed=241s
progress: nodes=4,990,000,000 tested=0 found=0 n=40805400711642690234375 elapsed=242s
progress: nodes=5,000,000,000 tested=0 found=0 n=58824651279760175390625 elapsed=242s
progress: nodes=5,010,000,000 tested=0 found=0 n=102603099111516080859375 elapsed=243s
progress: nodes=5,020,000,000 tested=0 found=0 n=195163127493591842578125 elapsed=243s
progress: nodes=5,030,000,000 tested=0 found=0 n=501942661659266269921875 elapsed=244s
progress: nodes=5,040,000,000 tested=0 found=0 n=58281830002917172265625 elapsed=244s
progress: nodes=5,050,000,000 tested=0 found=0 n=50062210063546608984375 elapsed=245s
progress: nodes=5,060,000,000 tested=0 found=0 n=49602817428608309765625 elapsed=245s
progress: nodes=5,070,000,000 tested=0 found=0 n=144150926604321617578125 elapsed=246s
progress: nodes=5,080,000,000 tested=0 found=0 n=93926273162187997265625 elapsed=246s
progress: nodes=5,090,000,000 tested=0 found=0 n=38713777676428348828125 elapsed=246s
progress: nodes=5,100,000,000 tested=0 found=0 n=75407574738507141796875 elapsed=247s
progress: nodes=5,110,000,000 tested=0 found=0 n=74556324468536199609375 elapsed=248s
progress: nodes=5,120,000,000 tested=0 found=0 n=44668491560183429296875 elapsed=248s
progress: nodes=5,130,000,000 tested=0 found=0 n=793908144194197608984375 elapsed=248s
progress: nodes=5,140,000,000 tested=0 found=0 n=561206147000101723828125 elapsed=249s
progress: nodes=5,150,000,000 tested=0 found=0 n=588929426642270780859375 elapsed=249s
progress: nodes=5,160,000,000 tested=0 found=0 n=194331807975911087109375 elapsed=250s
progress: nodes=5,170,000,000 tested=0 found=0 n=157174612061955816796875 elapsed=250s
progress: nodes=5,180,000,000 tested=0 found=0 n=23394344806097448046875 elapsed=251s
progress: nodes=5,190,000,000 tested=0 found=0 n=130963645965339270703125 elapsed=251s
progress: nodes=5,200,000,000 tested=0 found=0 n=45847303533872813671875 elapsed=252s
progress: nodes=5,210,000,000 tested=0 found=0 n=44602545343863723046875 elapsed=252s
progress: nodes=5,220,000,000 tested=0 found=0 n=62111208651826215234375 elapsed=253s
progress: nodes=5,230,000,000 tested=0 found=0 n=37383074898167612109375 elapsed=253s
progress: nodes=5,240,000,000 tested=0 found=0 n=62823893342971883203125 elapsed=254s
progress: nodes=5,250,000,000 tested=0 found=0 n=260370297837196941796875 elapsed=254s
progress: nodes=5,260,000,000 tested=0 found=0 n=404751105556684076953125 elapsed=255s
progress: nodes=5,270,000,000 tested=0 found=0 n=484667500439060258203125 elapsed=255s
progress: nodes=5,280,000,000 tested=0 found=0 n=306252825556161941015625 elapsed=256s
progress: nodes=5,290,000,000 tested=0 found=0 n=83505063572148139453125 elapsed=256s
progress: nodes=5,300,000,000 tested=0 found=0 n=48380674309961283984375 elapsed=257s
progress: nodes=5,310,000,000 tested=0 found=0 n=103233119130606441796875 elapsed=257s
progress: nodes=5,320,000,000 tested=0 found=0 n=33594715093639334765625 elapsed=258s
progress: nodes=5,330,000,000 tested=0 found=0 n=50797917432838163671875 elapsed=258s
progress: nodes=5,340,000,000 tested=0 found=0 n=25616643706865668359375 elapsed=259s
progress: nodes=5,350,000,000 tested=0 found=0 n=56279375459652765234375 elapsed=259s
progress: nodes=5,360,000,000 tested=0 found=0 n=825886415479254254296875 elapsed=260s
progress: nodes=5,370,000,000 tested=0 found=0 n=863410999390564672265625 elapsed=260s
progress: nodes=5,380,000,000 tested=0 found=0 n=50869022092920938671875 elapsed=261s
progress: nodes=5,390,000,000 tested=0 found=0 n=226925961505127194921875 elapsed=261s
progress: nodes=5,400,000,000 tested=0 found=0 n=138496593630448698046875 elapsed=262s
progress: nodes=5,410,000,000 tested=0 found=0 n=39560672550437194921875 elapsed=262s
progress: nodes=5,420,000,000 tested=0 found=0 n=75768690292009906640625 elapsed=263s
progress: nodes=5,430,000,000 tested=0 found=0 n=65234720042906248828125 elapsed=263s
progress: nodes=5,440,000,000 tested=0 found=0 n=52937720779711208203125 elapsed=264s
progress: nodes=5,450,000,000 tested=0 found=0 n=58735502924686203515625 elapsed=264s
progress: nodes=5,460,000,000 tested=0 found=0 n=43241153508902133984375 elapsed=265s
progress: nodes=5,470,000,000 tested=0 found=0 n=730433123779440687890625 elapsed=265s
progress: nodes=5,480,000,000 tested=0 found=0 n=184889577818893187109375 elapsed=266s
progress: nodes=5,490,000,000 tested=0 found=0 n=243804373913462909765625 elapsed=266s
progress: nodes=5,500,000,000 tested=0 found=0 n=181741462894361119921875 elapsed=266s
progress: nodes=5,510,000,000 tested=0 found=0 n=112527358475242644140625 elapsed=267s
progress: nodes=5,520,000,000 tested=0 found=0 n=58399758640800727734375 elapsed=267s
progress: nodes=5,530,000,000 tested=0 found=0 n=26272480405710399609375 elapsed=268s
progress: nodes=5,540,000,000 tested=0 found=0 n=47020114015743476953125 elapsed=268s
progress: nodes=5,550,000,000 tested=0 found=0 n=44662442531560695703125 elapsed=269s
progress: nodes=5,560,000,000 tested=0 found=0 n=233836722906419028515625 elapsed=269s
progress: nodes=5,570,000,000 tested=0 found=0 n=734071094032101851953125 elapsed=270s
progress: nodes=5,580,000,000 tested=0 found=0 n=237034186910924094140625 elapsed=270s
progress: nodes=5,590,000,000 tested=0 found=0 n=19404888238473233203125 elapsed=271s
progress: nodes=5,600,000,000 tested=0 found=0 n=102212487868257537890625 elapsed=271s
progress: nodes=5,610,000,000 tested=0 found=0 n=62524345514544671484375 elapsed=272s
progress: nodes=5,620,000,000 tested=0 found=0 n=36812546275613508984375 elapsed=272s
progress: nodes=5,630,000,000 tested=0 found=0 n=42896918251821420703125 elapsed=273s
progress: nodes=5,640,000,000 tested=0 found=0 n=47768102583405844921875 elapsed=273s
progress: nodes=5,650,000,000 tested=0 found=0 n=964762924800034374609375 elapsed=274s
progress: nodes=5,660,000,000 tested=0 found=0 n=544098279930165094921875 elapsed=274s
progress: nodes=5,670,000,000 tested=0 found=0 n=207440144247151058203125 elapsed=275s
progress: nodes=5,680,000,000 tested=0 found=0 n=87803155199052059765625 elapsed=275s
progress: nodes=5,690,000,000 tested=0 found=0 n=62501509865752456640625 elapsed=275s
progress: nodes=5,700,000,000 tested=0 found=0 n=21291941459054204296875 elapsed=276s
progress: nodes=5,710,000,000 tested=0 found=0 n=19622392591908730078125 elapsed=276s
progress: nodes=5,720,000,000 tested=0 found=0 n=40741197314103812109375 elapsed=277s
progress: nodes=5,730,000,000 tested=0 found=0 n=640989640345280776171875 elapsed=277s
progress: nodes=5,740,000,000 tested=0 found=0 n=666591853675823869921875 elapsed=278s
progress: nodes=5,750,000,000 tested=0 found=0 n=308145760130587770703125 elapsed=278s
progress: nodes=5,760,000,000 tested=0 found=0 n=83051828754313327734375 elapsed=279s
progress: nodes=5,770,000,000 tested=0 found=0 n=17265225128159984765625 elapsed=279s
progress: nodes=5,780,000,000 tested=0 found=0 n=45623967613942278515625 elapsed=280s
progress: nodes=5,790,000,000 tested=0 found=0 n=28472645667195558984375 elapsed=280s
progress: nodes=5,800,000,000 tested=0 found=0 n=21872664123735807421875 elapsed=281s
progress: nodes=5,810,000,000 tested=0 found=0 n=801692944635711652734375 elapsed=281s
progress: nodes=5,820,000,000 tested=0 found=0 n=306962523371314761328125 elapsed=282s
progress: nodes=5,830,000,000 tested=0 found=0 n=19142655385304253515625 elapsed=282s
progress: nodes=5,840,000,000 tested=0 found=0 n=9668109331016954296875 elapsed=283s
progress: nodes=5,850,000,000 tested=0 found=0 n=58809021617967676171875 elapsed=283s
progress: nodes=5,860,000,000 tested=0 found=0 n=44036921941571148046875 elapsed=284s
progress: nodes=5,870,000,000 tested=0 found=0 n=30030897995768626171875 elapsed=284s
progress: nodes=5,880,000,000 tested=0 found=0 n=24031581066365051953125 elapsed=285s
progress: nodes=5,890,000,000 tested=0 found=0 n=652588515354934008984375 elapsed=285s
progress: nodes=5,900,000,000 tested=0 found=0 n=605351805495258202734375 elapsed=286s
progress: nodes=5,910,000,000 tested=0 found=0 n=246803418778997914453125 elapsed=286s
progress: nodes=5,920,000,000 tested=0 found=0 n=153312915232926783984375 elapsed=287s
progress: nodes=5,930,000,000 tested=0 found=0 n=8426083301006804296875 elapsed=287s
progress: nodes=5,940,000,000 tested=0 found=0 n=28665278746558948828125 elapsed=288s
progress: nodes=5,950,000,000 tested=0 found=0 n=35149502561036002734375 elapsed=288s
progress: nodes=5,960,000,000 tested=0 found=0 n=25986954641772905859375 elapsed=289s
progress: nodes=5,970,000,000 tested=0 found=0 n=583838536403718994921875 elapsed=289s
progress: nodes=5,980,000,000 tested=0 found=0 n=205592148288829100390625 elapsed=290s
progress: nodes=5,990,000,000 tested=0 found=0 n=265532108190753976171875 elapsed=290s
progress: nodes=6,000,000,000 tested=0 found=0 n=8471335234161976171875 elapsed=291s
progress: nodes=6,010,000,000 tested=0 found=0 n=61310660970504941015625 elapsed=291s
progress: nodes=6,020,000,000 tested=0 found=0 n=33045553503865121484375 elapsed=292s
progress: nodes=6,030,000,000 tested=0 found=0 n=24208173889021894921875 elapsed=292s
progress: nodes=6,040,000,000 tested=0 found=0 n=48229833766505234765625 elapsed=293s
progress: nodes=6,050,000,000 tested=0 found=0 n=182823861084875883984375 elapsed=293s
progress: nodes=6,060,000,000 tested=0 found=0 n=37749367782916491796875 elapsed=294s
progress: nodes=6,070,000,000 tested=0 found=0 n=44359191334636625390625 elapsed=294s
progress: nodes=6,080,000,000 tested=0 found=0 n=36345037328613994921875 elapsed=295s
progress: nodes=6,090,000,000 tested=0 found=0 n=17223343175785222265625 elapsed=295s
progress: nodes=6,100,000,000 tested=0 found=0 n=20388201403991192578125 elapsed=296s
progress: nodes=6,110,000,000 tested=0 found=0 n=102444545022698084765625 elapsed=296s
progress: nodes=6,120,000,000 tested=0 found=0 n=107243446041746398828125 elapsed=297s
progress: nodes=6,130,000,000 tested=0 found=0 n=89666946292379143359375 elapsed=297s
progress: nodes=6,140,000,000 tested=0 found=0 n=5611883683941137109375 elapsed=298s
progress: nodes=6,150,000,000 tested=0 found=0 n=34910419677656544140625 elapsed=298s
progress: nodes=6,160,000,000 tested=0 found=0 n=25938837834741214453125 elapsed=299s
progress: nodes=6,170,000,000 tested=0 found=0 n=252159233808044977734375 elapsed=299s
progress: nodes=6,180,000,000 tested=0 found=0 n=679753887647767723828125 elapsed=300s
progress: nodes=6,190,000,000 tested=0 found=0 n=66869772122423879296875 elapsed=300s
progress: nodes=6,200,000,000 tested=0 found=0 n=27172187688174078515625 elapsed=301s
progress: nodes=6,210,000,000 tested=0 found=0 n=28583255043151449609375 elapsed=301s
progress: nodes=6,220,000,000 tested=0 found=0 n=11103787761141448828125 elapsed=302s
progress: nodes=6,230,000,000 tested=0 found=0 n=25550493138672317578125 elapsed=302s
progress: nodes=6,240,000,000 tested=0 found=0 n=712277199501318116015625 elapsed=303s
progress: nodes=6,250,000,000 tested=0 found=0 n=29123021179290237890625 elapsed=303s
progress: nodes=6,260,000,000 tested=0 found=0 n=92677919819366977734375 elapsed=304s
progress: nodes=6,270,000,000 tested=0 found=0 n=37661659106920780078125 elapsed=304s
progress: nodes=6,280,000,000 tested=0 found=0 n=10615393249279976953125 elapsed=305s
progress: nodes=6,290,000,000 tested=0 found=0 n=948293530508830855078125 elapsed=305s
progress: nodes=6,300,000,000 tested=0 found=0 n=377049308130904883203125 elapsed=306s
progress: nodes=6,310,000,000 tested=0 found=0 n=91908053694113881640625 elapsed=306s
progress: nodes=6,320,000,000 tested=0 found=0 n=38040161535249444140625 elapsed=307s
progress: nodes=6,330,000,000 tested=0 found=0 n=20710396931740660546875 elapsed=307s
progress: nodes=6,340,000,000 tested=0 found=0 n=23584086530098758984375 elapsed=308s
progress: nodes=6,350,000,000 tested=0 found=0 n=417309143659198969921875 elapsed=308s
progress: nodes=6,360,000,000 tested=0 found=0 n=113342923298448692578125 elapsed=309s
progress: nodes=6,370,000,000 tested=0 found=0 n=23104580074894480078125 elapsed=309s
progress: nodes=6,380,000,000 tested=0 found=0 n=21430913972616031640625 elapsed=309s
progress: nodes=6,390,000,000 tested=0 found=0 n=21825655050323682421875 elapsed=310s
progress: nodes=6,400,000,000 tested=0 found=0 n=829746695602170418359375 elapsed=310s
progress: nodes=6,410,000,000 tested=0 found=0 n=69832361587409553515625 elapsed=311s
progress: nodes=6,420,000,000 tested=0 found=0 n=67057827395546844140625 elapsed=311s
progress: nodes=6,430,000,000 tested=0 found=0 n=28116190869184184765625 elapsed=312s
progress: nodes=6,440,000,000 tested=0 found=0 n=13206152861094097265625 elapsed=312s
progress: nodes=6,450,000,000 tested=0 found=0 n=393830810177065091015625 elapsed=313s
progress: nodes=6,460,000,000 tested=0 found=0 n=72825567197610652734375 elapsed=313s
progress: nodes=6,470,000,000 tested=0 found=0 n=80559604266652796484375 elapsed=314s
progress: nodes=6,480,000,000 tested=0 found=0 n=9139473414049932421875 elapsed=314s
progress: nodes=6,490,000,000 tested=0 found=0 n=14214040032834481640625 elapsed=315s
progress: nodes=6,500,000,000 tested=0 found=0 n=582278747511329356640625 elapsed=315s
progress: nodes=6,510,000,000 tested=0 found=0 n=72243423338596730859375 elapsed=316s
progress: nodes=6,520,000,000 tested=0 found=0 n=38708826654073679296875 elapsed=316s
progress: nodes=6,530,000,000 tested=0 found=0 n=8271366567824598046875 elapsed=317s
progress: nodes=6,540,000,000 tested=0 found=0 n=967261574601049419140625 elapsed=317s
progress: nodes=6,550,000,000 tested=0 found=0 n=156747653765140362890625 elapsed=318s
progress: nodes=6,560,000,000 tested=0 found=0 n=45540296110831461328125 elapsed=318s
progress: nodes=6,570,000,000 tested=0 found=0 n=27822521603010505078125 elapsed=319s
progress: nodes=6,580,000,000 tested=0 found=0 n=16289866376356327734375 elapsed=319s
progress: nodes=6,590,000,000 tested=0 found=0 n=144243874957472722265625 elapsed=320s
progress: nodes=6,600,000,000 tested=0 found=0 n=24011897534763226171875 elapsed=320s
progress: nodes=6,610,000,000 tested=0 found=0 n=7129237146842752734375 elapsed=321s
progress: nodes=6,620,000,000 tested=0 found=0 n=17966102952091967578125 elapsed=321s
progress: nodes=6,630,000,000 tested=0 found=0 n=198483649998913473046875 elapsed=322s
progress: nodes=6,640,000,000 tested=0 found=0 n=12252735688762993359375 elapsed=322s
progress: nodes=6,650,000,000 tested=0 found=0 n=10550499227123508984375 elapsed=323s
progress: nodes=6,660,000,000 tested=0 found=0 n=904037613814975109765625 elapsed=323s
progress: nodes=6,670,000,000 tested=0 found=0 n=8670453031882782421875 elapsed=324s
progress: nodes=6,680,000,000 tested=0 found=0 n=20223336199137830859375 elapsed=324s
progress: nodes=6,690,000,000 tested=0 found=0 n=9313460964137485546875 elapsed=325s
progress: nodes=6,700,000,000 tested=0 found=0 n=472662976984962753515625 elapsed=325s
progress: nodes=6,710,000,000 tested=0 found=0 n=33137355289430661328125 elapsed=326s
progress: nodes=6,720,000,000 tested=0 found=0 n=6359496808614971484375 elapsed=326s
progress: nodes=6,730,000,000 tested=0 found=0 n=175952090528023180078125 elapsed=327s
progress: nodes=6,740,000,000 tested=0 found=0 n=78983792468588119921875 elapsed=327s
progress: nodes=6,750,000,000 tested=0 found=0 n=6076415739794438671875 elapsed=328s
progress: nodes=6,760,000,000 tested=0 found=0 n=645292241428510796484375 elapsed=328s
progress: nodes=6,770,000,000 tested=0 found=0 n=49361127106098933984375 elapsed=329s
progress: nodes=6,780,000,000 tested=0 found=0 n=18265680596263559765625 elapsed=329s
progress: nodes=6,790,000,000 tested=0 found=0 n=414292135333694951953125 elapsed=330s
progress: nodes=6,800,000,000 tested=0 found=0 n=103091816985122766796875 elapsed=330s
progress: nodes=6,810,000,000 tested=0 found=0 n=2857807692444645703125 elapsed=331s
progress: nodes=6,820,000,000 tested=0 found=0 n=13050715453845493359375 elapsed=331s
progress: nodes=6,830,000,000 tested=0 found=0 n=114127768146012057421875 elapsed=332s
progress: nodes=6,840,000,000 tested=0 found=0 n=19601740359171080859375 elapsed=332s
progress: nodes=6,850,000,000 tested=0 found=0 n=105464011748734585546875 elapsed=333s
progress: nodes=6,860,000,000 tested=0 found=0 n=84220327504084573828125 elapsed=333s
progress: nodes=6,870,000,000 tested=0 found=0 n=16046257263078912890625 elapsed=334s
progress: nodes=6,880,000,000 tested=0 found=0 n=665100943269506919140625 elapsed=334s
progress: nodes=6,890,000,000 tested=0 found=0 n=29726667642877773046875 elapsed=335s
progress: nodes=6,900,000,000 tested=0 found=0 n=15068149153591475390625 elapsed=335s
progress: nodes=6,910,000,000 tested=0 found=0 n=634027827373693744921875 elapsed=336s
progress: nodes=6,920,000,000 tested=0 found=0 n=22067630690079188671875 elapsed=336s
progress: nodes=6,930,000,000 tested=0 found=0 n=7376796256299641015625 elapsed=337s
progress: nodes=6,940,000,000 tested=0 found=0 n=157959883723491467578125 elapsed=337s
progress: nodes=6,950,000,000 tested=0 found=0 n=2145190307194648828125 elapsed=338s
progress: nodes=6,960,000,000 tested=0 found=0 n=768971099264024211328125 elapsed=338s
progress: nodes=6,970,000,000 tested=0 found=0 n=18414614536508682421875 elapsed=339s
progress: nodes=6,980,000,000 tested=0 found=0 n=7316506126962101953125 elapsed=339s
progress: nodes=6,990,000,000 tested=0 found=0 n=114128736838037869921875 elapsed=340s
progress: nodes=7,000,000,000 tested=0 found=0 n=7185121764441598828125 elapsed=340s
progress: nodes=7,010,000,000 tested=0 found=0 n=668674704291226991015625 elapsed=341s
progress: nodes=7,020,000,000 tested=0 found=0 n=29891418580749941015625 elapsed=341s
progress: nodes=7,030,000,000 tested=0 found=0 n=4961307881617815234375 elapsed=342s
progress: nodes=7,040,000,000 tested=0 found=0 n=39853129265205725390625 elapsed=342s
progress: nodes=7,050,000,000 tested=0 found=0 n=5556584955698145703125 elapsed=343s
progress: nodes=7,060,000,000 tested=0 found=0 n=58541493153881035546875 elapsed=343s
progress: nodes=7,070,000,000 tested=0 found=0 n=3132044169434026171875 elapsed=344s
progress: nodes=7,080,000,000 tested=0 found=0 n=143224570055931619921875 elapsed=344s
progress: nodes=7,090,000,000 tested=0 found=0 n=3312304522737465234375 elapsed=345s
progress: nodes=7,100,000,000 tested=0 found=0 n=746183006626433410546875 elapsed=345s
progress: nodes=7,110,000,000 tested=0 found=0 n=29616631840667450390625 elapsed=346s
progress: nodes=7,120,000,000 tested=0 found=0 n=865388654085186116015625 elapsed=346s
progress: nodes=7,130,000,000 tested=0 found=0 n=29748172631222035546875 elapsed=346s
progress: nodes=7,140,000,000 tested=0 found=0 n=511671808536427416796875 elapsed=347s
progress: nodes=7,150,000,000 tested=0 found=0 n=39524271828577709765625 elapsed=348s
progress: nodes=7,160,000,000 tested=0 found=0 n=8553202148974841015625 elapsed=348s
progress: nodes=7,170,000,000 tested=0 found=0 n=19988484801305586328125 elapsed=348s
progress: nodes=7,180,000,000 tested=0 found=0 n=6021901256134383984375 elapsed=349s
progress: nodes=7,190,000,000 tested=0 found=0 n=96930976794815457421875 elapsed=350s
progress: nodes=7,200,000,000 tested=0 found=0 n=2549654368517141015625 elapsed=350s
progress: nodes=7,210,000,000 tested=0 found=0 n=72616080500559608203125 elapsed=350s
progress: nodes=7,220,000,000 tested=0 found=0 n=7193455814552944921875 elapsed=351s
progress: nodes=7,230,000,000 tested=0 found=0 n=79470231333225317578125 elapsed=351s
progress: nodes=7,240,000,000 tested=0 found=0 n=6317460162460979296875 elapsed=352s
progress: nodes=7,250,000,000 tested=0 found=0 n=39591393961129428515625 elapsed=352s
progress: nodes=7,260,000,000 tested=0 found=0 n=8581586501308876171875 elapsed=353s
progress: nodes=7,270,000,000 tested=0 found=0 n=54633588342811590234375 elapsed=353s
progress: nodes=7,280,000,000 tested=0 found=0 n=5446762837873280859375 elapsed=354s
progress: nodes=7,290,000,000 tested=0 found=0 n=65354069845553452734375 elapsed=354s
progress: nodes=7,300,000,000 tested=0 found=0 n=4018365634847037890625 elapsed=355s
progress: nodes=7,310,000,000 tested=0 found=0 n=21586519727705457421875 elapsed=355s
progress: nodes=7,320,000,000 tested=0 found=0 n=6819433756192444921875 elapsed=356s
progress: nodes=7,330,000,000 tested=0 found=0 n=32181894913047141796875 elapsed=356s
progress: nodes=7,340,000,000 tested=0 found=0 n=804267921233633755078125 elapsed=357s
progress: nodes=7,350,000,000 tested=0 found=0 n=9715108404606373828125 elapsed=357s
progress: nodes=7,360,000,000 tested=0 found=0 n=70631751051918284765625 elapsed=358s
progress: nodes=7,370,000,000 tested=0 found=0 n=5312122402500980859375 elapsed=358s
progress: nodes=7,380,000,000 tested=0 found=0 n=7315688974169541796875 elapsed=359s
progress: nodes=7,390,000,000 tested=0 found=0 n=321657051007886459765625 elapsed=359s
progress: nodes=7,400,000,000 tested=0 found=0 n=5701121251719880078125 elapsed=360s
progress: nodes=7,410,000,000 tested=0 found=0 n=222325498275557698828125 elapsed=360s
progress: nodes=7,420,000,000 tested=0 found=0 n=5465640011630944921875 elapsed=361s
progress: nodes=7,430,000,000 tested=0 found=0 n=12521419858164821484375 elapsed=361s
progress: nodes=7,440,000,000 tested=0 found=0 n=132885731348955608203125 elapsed=362s
progress: nodes=7,450,000,000 tested=0 found=0 n=8395975866834277734375 elapsed=362s
progress: nodes=7,460,000,000 tested=0 found=0 n=17271245091090723046875 elapsed=363s
progress: nodes=7,470,000,000 tested=0 found=0 n=169074166419326953125 elapsed=363s
progress: nodes=7,480,000,000 tested=0 found=0 n=5986235960770686328125 elapsed=364s
progress: nodes=7,490,000,000 tested=0 found=0 n=25108600015077162890625 elapsed=364s
progress: nodes=7,500,000,000 tested=0 found=0 n=40813655290568441015625 elapsed=365s
progress: nodes=7,510,000,000 tested=0 found=0 n=9246834749597839453125 elapsed=365s
progress: nodes=7,520,000,000 tested=0 found=0 n=8362225254535723828125 elapsed=366s
progress: nodes=7,530,000,000 tested=0 found=0 n=518530548944845838671875 elapsed=366s
progress: nodes=7,540,000,000 tested=0 found=0 n=5358106194665438671875 elapsed=367s
progress: nodes=7,550,000,000 tested=0 found=0 n=6107513781854886328125 elapsed=367s
progress: nodes=7,560,000,000 tested=0 found=0 n=35866748750600844140625 elapsed=368s
progress: nodes=7,570,000,000 tested=0 found=0 n=671634814770294233203125 elapsed=368s
progress: nodes=7,580,000,000 tested=0 found=0 n=5711039556580965234375 elapsed=369s
progress: nodes=7,590,000,000 tested=0 found=0 n=10234266128253530859375 elapsed=369s
progress: nodes=7,600,000,000 tested=0 found=0 n=230176893130594562109375 elapsed=370s
progress: nodes=7,610,000,000 tested=0 found=0 n=4613298602619751171875 elapsed=370s
progress: nodes=7,620,000,000 tested=0 found=0 n=1730589819889644140625 elapsed=371s
progress: nodes=7,630,000,000 tested=0 found=0 n=850672566910817578125 elapsed=371s
progress: nodes=7,640,000,000 tested=0 found=0 n=44099474726594963671875 elapsed=372s
progress: nodes=7,650,000,000 tested=0 found=0 n=4169164711963672265625 elapsed=372s
progress: nodes=7,660,000,000 tested=0 found=0 n=6565885302650037890625 elapsed=373s
progress: nodes=7,670,000,000 tested=0 found=0 n=8159257394781500390625 elapsed=373s
progress: nodes=7,680,000,000 tested=0 found=0 n=125271942885857612109375 elapsed=374s
progress: nodes=7,690,000,000 tested=0 found=0 n=370706015547246160546875 elapsed=374s
progress: nodes=7,700,000,000 tested=0 found=0 n=5020922099917466015625 elapsed=375s
progress: nodes=7,710,000,000 tested=0 found=0 n=4462732312814569921875 elapsed=375s
progress: nodes=7,720,000,000 tested=0 found=0 n=3733347110390300390625 elapsed=376s
progress: nodes=7,730,000,000 tested=0 found=0 n=3763868376505243359375 elapsed=376s
progress: nodes=7,740,000,000 tested=0 found=0 n=6368729205994147265625 elapsed=377s
progress: nodes=7,750,000,000 tested=0 found=0 n=76519949328108425390625 elapsed=377s
progress: nodes=7,760,000,000 tested=0 found=0 n=290385737831635140234375 elapsed=378s
progress: nodes=7,770,000,000 tested=0 found=0 n=31973901783183151171875 elapsed=378s
progress: nodes=7,780,000,000 tested=0 found=0 n=1730633285275344140625 elapsed=379s
progress: nodes=7,790,000,000 tested=0 found=0 n=3171901659199414453125 elapsed=379s
progress: nodes=7,800,000,000 tested=0 found=0 n=5035618185185169140625 elapsed=380s
progress: nodes=7,810,000,000 tested=0 found=0 n=1896025910745153515625 elapsed=380s
progress: nodes=7,820,000,000 tested=0 found=0 n=8150505599382106640625 elapsed=381s
progress: nodes=7,830,000,000 tested=0 found=0 n=8256272129637198046875 elapsed=381s
progress: nodes=7,840,000,000 tested=0 found=0 n=44606181930917565234375 elapsed=381s
progress: nodes=7,850,000,000 tested=0 found=0 n=14560921439005102734375 elapsed=382s
progress: nodes=7,860,000,000 tested=0 found=0 n=64721256670800481640625 elapsed=382s
progress: nodes=7,870,000,000 tested=0 found=0 n=37519136139634449609375 elapsed=383s
progress: nodes=7,880,000,000 tested=0 found=0 n=7619997391003219921875 elapsed=383s
progress: nodes=7,890,000,000 tested=0 found=0 n=5906417239062643359375 elapsed=384s
progress: nodes=7,900,000,000 tested=0 found=0 n=2771356345413008203125 elapsed=384s
progress: nodes=7,910,000,000 tested=0 found=0 n=218438428363039796484375 elapsed=385s
progress: nodes=7,920,000,000 tested=0 found=0 n=650874092168053501171875 elapsed=385s
progress: nodes=7,930,000,000 tested=0 found=0 n=531938423702409268359375 elapsed=386s
progress: nodes=7,940,000,000 tested=0 found=0 n=180854140820942105859375 elapsed=386s
progress: nodes=7,950,000,000 tested=0 found=0 n=122132655293562130078125 elapsed=387s
progress: nodes=7,960,000,000 tested=0 found=0 n=2202020135330825390625 elapsed=387s
progress: nodes=7,970,000,000 tested=0 found=0 n=4297656977132951953125 elapsed=388s
progress: nodes=7,980,000,000 tested=0 found=0 n=152544148488874557421875 elapsed=388s
progress: nodes=7,990,000,000 tested=0 found=0 n=68644318968365030859375 elapsed=389s
progress: nodes=8,000,000,000 tested=0 found=0 n=1093776306990120703125 elapsed=389s
progress: nodes=8,010,000,000 tested=0 found=0 n=1997902555678515234375 elapsed=390s
progress: nodes=8,020,000,000 tested=0 found=0 n=12726015432105512109375 elapsed=390s
progress: nodes=8,030,000,000 tested=0 found=0 n=26521550420130214453125 elapsed=391s
progress: nodes=8,040,000,000 tested=0 found=0 n=2308649117374114453125 elapsed=391s
progress: nodes=8,050,000,000 tested=0 found=0 n=256666578532145989453125 elapsed=392s
progress: nodes=8,060,000,000 tested=0 found=0 n=22115264923865682421875 elapsed=392s
progress: nodes=8,070,000,000 tested=0 found=0 n=1996365782378330859375 elapsed=393s
progress: nodes=8,080,000,000 tested=0 found=0 n=263962435491554881640625 elapsed=393s
progress: nodes=8,090,000,000 tested=0 found=0 n=5766231225970501171875 elapsed=393s
progress: nodes=8,100,000,000 tested=0 found=0 n=2064527033330837109375 elapsed=394s
progress: nodes=8,110,000,000 tested=0 found=0 n=26616828339609015234375 elapsed=394s
progress: nodes=8,120,000,000 tested=0 found=0 n=2810402861419170703125 elapsed=395s
progress: nodes=8,130,000,000 tested=0 found=0 n=3100685901113380078125 elapsed=395s
progress: nodes=8,140,000,000 tested=0 found=0 n=3166669092630385546875 elapsed=396s
progress: nodes=8,150,000,000 tested=0 found=0 n=25170496068983705859375 elapsed=396s
progress: nodes=8,160,000,000 tested=0 found=0 n=31718931312318950390625 elapsed=397s
progress: nodes=8,170,000,000 tested=0 found=0 n=2956765089292252734375 elapsed=397s
progress: nodes=8,180,000,000 tested=0 found=0 n=85041550196668712109375 elapsed=398s
progress: nodes=8,190,000,000 tested=0 found=0 n=1818595398603933984375 elapsed=398s
progress: nodes=8,200,000,000 tested=0 found=0 n=19391040447015870703125 elapsed=399s
progress: nodes=8,210,000,000 tested=0 found=0 n=2522093088948894140625 elapsed=399s
progress: nodes=8,220,000,000 tested=0 found=0 n=13025087172552997265625 elapsed=400s
progress: nodes=8,230,000,000 tested=0 found=0 n=71489208246118020703125 elapsed=400s
progress: nodes=8,240,000,000 tested=0 found=0 n=3766925003835765234375 elapsed=401s
progress: nodes=8,250,000,000 tested=0 found=0 n=385855414991276058984375 elapsed=401s
progress: nodes=8,260,000,000 tested=0 found=0 n=494821154375076877734375 elapsed=402s
progress: nodes=8,270,000,000 tested=0 found=0 n=2348133453743382421875 elapsed=402s
progress: nodes=8,280,000,000 tested=0 found=0 n=4377609648487930078125 elapsed=403s
progress: nodes=8,290,000,000 tested=0 found=0 n=436854640415118479296875 elapsed=403s
progress: nodes=8,300,000,000 tested=0 found=0 n=8010906163140723046875 elapsed=404s
progress: nodes=8,310,000,000 tested=0 found=0 n=31526477975424983203125 elapsed=404s
progress: nodes=8,320,000,000 tested=0 found=0 n=7265019378833996484375 elapsed=405s
progress: nodes=8,330,000,000 tested=0 found=0 n=2933655273824382421875 elapsed=405s
progress: nodes=8,340,000,000 tested=0 found=0 n=980331777022285887890625 elapsed=405s
progress: nodes=8,350,000,000 tested=0 found=0 n=2228575647217102734375 elapsed=406s
progress: nodes=8,360,000,000 tested=0 found=0 n=3209623219676555859375 elapsed=406s
progress: nodes=8,370,000,000 tested=0 found=0 n=28920775019686055859375 elapsed=407s
progress: nodes=8,380,000,000 tested=0 found=0 n=3290030099003626171875 elapsed=407s
progress: nodes=8,390,000,000 tested=0 found=0 n=4888296486524330859375 elapsed=408s
progress: nodes=8,400,000,000 tested=0 found=0 n=4144818848558733984375 elapsed=408s
progress: nodes=8,410,000,000 tested=0 found=0 n=52566076333881270703125 elapsed=409s
progress: nodes=8,420,000,000 tested=0 found=0 n=1407573116277655078125 elapsed=409s
progress: nodes=8,430,000,000 tested=0 found=0 n=12728029169630633203125 elapsed=410s
progress: nodes=8,440,000,000 tested=0 found=0 n=7017785550800616796875 elapsed=410s
progress: nodes=8,450,000,000 tested=0 found=0 n=1992221471132075390625 elapsed=411s
progress: nodes=8,460,000,000 tested=0 found=0 n=60977264643913883203125 elapsed=411s
progress: nodes=8,470,000,000 tested=0 found=0 n=1729051676564037890625 elapsed=412s
progress: nodes=8,480,000,000 tested=0 found=0 n=770945810136162890625 elapsed=412s
progress: nodes=8,490,000,000 tested=0 found=0 n=507847492781356651171875 elapsed=413s
progress: nodes=8,500,000,000 tested=0 found=0 n=53988563644512788671875 elapsed=413s
progress: nodes=8,510,000,000 tested=0 found=0 n=566808227708494921875 elapsed=414s
progress: nodes=8,520,000,000 tested=0 found=0 n=2339977492701840234375 elapsed=414s
progress: nodes=8,530,000,000 tested=0 found=0 n=436873719505164008203125 elapsed=415s
progress: nodes=8,540,000,000 tested=0 found=0 n=20503293261805444921875 elapsed=415s
progress: nodes=8,550,000,000 tested=0 found=0 n=5356274638563840234375 elapsed=416s
progress: nodes=8,560,000,000 tested=0 found=0 n=1814489989871586328125 elapsed=416s
progress: nodes=8,570,000,000 tested=0 found=0 n=592126112877182412890625 elapsed=417s
progress: nodes=8,580,000,000 tested=0 found=0 n=518453795002031483203125 elapsed=417s
progress: nodes=8,590,000,000 tested=0 found=0 n=8877703766092618359375 elapsed=417s
progress: nodes=8,600,000,000 tested=0 found=0 n=738922663280703515625 elapsed=418s
progress: nodes=8,610,000,000 tested=0 found=0 n=1743682192761209765625 elapsed=418s
progress: nodes=8,620,000,000 tested=0 found=0 n=278857537528512125390625 elapsed=419s
progress: nodes=8,630,000,000 tested=0 found=0 n=48852726050195602734375 elapsed=419s
progress: nodes=8,640,000,000 tested=0 found=0 n=420105724642734577734375 elapsed=420s
progress: nodes=8,650,000,000 tested=0 found=0 n=666005538233204296875 elapsed=420s
progress: nodes=8,660,000,000 tested=0 found=0 n=2760245982541304296875 elapsed=421s
progress: nodes=8,670,000,000 tested=0 found=0 n=1279664646156664453125 elapsed=421s
progress: nodes=8,680,000,000 tested=0 found=0 n=12668271462082719140625 elapsed=422s
progress: nodes=8,690,000,000 tested=0 found=0 n=1573805073918786328125 elapsed=422s
progress: nodes=8,700,000,000 tested=0 found=0 n=58177762501361494921875 elapsed=423s
progress: nodes=8,710,000,000 tested=0 found=0 n=22214140531501475390625 elapsed=423s
progress: nodes=8,720,000,000 tested=0 found=0 n=40173607222808051953125 elapsed=424s
progress: nodes=8,730,000,000 tested=0 found=0 n=8079378942965459765625 elapsed=424s
progress: nodes=8,740,000,000 tested=0 found=0 n=14305209869673537890625 elapsed=425s
progress: nodes=8,750,000,000 tested=0 found=0 n=130109151714294160546875 elapsed=425s
progress: nodes=8,760,000,000 tested=0 found=0 n=1347788872527113671875 elapsed=426s
progress: nodes=8,770,000,000 tested=0 found=0 n=459221391629743359375 elapsed=426s
progress: nodes=8,780,000,000 tested=0 found=0 n=1456357086783108984375 elapsed=427s
progress: nodes=8,790,000,000 tested=0 found=0 n=706071655265663671875 elapsed=427s
progress: nodes=8,800,000,000 tested=0 found=0 n=1368128237474844140625 elapsed=428s
progress: nodes=8,810,000,000 tested=0 found=0 n=824478205333496484375 elapsed=428s
progress: nodes=8,820,000,000 tested=0 found=0 n=1954042906982164453125 elapsed=429s
progress: nodes=8,830,000,000 tested=0 found=0 n=1744301219424289453125 elapsed=429s
progress: nodes=8,840,000,000 tested=0 found=0 n=1326763034504673046875 elapsed=430s
progress: nodes=8,850,000,000 tested=0 found=0 n=973378804741934765625 elapsed=430s
progress: nodes=8,860,000,000 tested=0 found=0 n=1550018879118045703125 elapsed=431s
progress: nodes=8,870,000,000 tested=0 found=0 n=809739357182159765625 elapsed=431s
progress: nodes=8,880,000,000 tested=0 found=0 n=1206344987476934765625 elapsed=432s
progress: nodes=8,890,000,000 tested=0 found=0 n=1283750439511946484375 elapsed=432s
progress: nodes=8,900,000,000 tested=0 found=0 n=985187716272130078125 elapsed=433s
progress: nodes=8,910,000,000 tested=0 found=0 n=888333643701403414453125 elapsed=433s
progress: nodes=8,920,000,000 tested=0 found=0 n=901556441116225730859375 elapsed=434s
progress: nodes=8,930,000,000 tested=0 found=0 n=805211515634829535546875 elapsed=435s
progress: nodes=8,940,000,000 tested=0 found=0 n=830861281228047648046875 elapsed=436s
progress: nodes=8,950,000,000 tested=0 found=0 n=763016803213734622265625 elapsed=437s
progress: nodes=8,960,000,000 tested=0 found=0 n=642659342477571284765625 elapsed=438s
progress: nodes=8,970,000,000 tested=0 found=0 n=871897483156881624609375 elapsed=439s
progress: nodes=8,980,000,000 tested=0 found=0 n=901745771924954640234375 elapsed=439s
progress: nodes=8,990,000,000 tested=0 found=0 n=827399200191473598046875 elapsed=440s
progress: nodes=9,000,000,000 tested=0 found=0 n=977455484695880940234375 elapsed=441s
progress: nodes=9,010,000,000 tested=0 found=0 n=799768783497911635546875 elapsed=442s
progress: nodes=9,020,000,000 tested=0 found=0 n=946952861280265086328125 elapsed=443s
progress: nodes=9,030,000,000 tested=0 found=0 n=762160178335857739453125 elapsed=444s
progress: nodes=9,040,000,000 tested=0 found=0 n=505714783628709587109375 elapsed=444s
progress: nodes=9,050,000,000 tested=0 found=0 n=538407726705158874609375 elapsed=445s
progress: nodes=9,060,000,000 tested=0 found=0 n=617875800938448795703125 elapsed=446s
progress: nodes=9,070,000,000 tested=0 found=0 n=835567632574845676171875 elapsed=447s
progress: nodes=9,080,000,000 tested=0 found=0 n=503596560606084734765625 elapsed=447s
progress: nodes=9,090,000,000 tested=0 found=0 n=830405413042001891015625 elapsed=448s
progress: nodes=9,100,000,000 tested=0 found=0 n=610806953679027535546875 elapsed=449s
progress: nodes=9,110,000,000 tested=0 found=0 n=673294833998623662890625 elapsed=450s
progress: nodes=9,120,000,000 tested=0 found=0 n=872649072481292609765625 elapsed=450s
progress: nodes=9,130,000,000 tested=0 found=0 n=897413314989790332421875 elapsed=451s
progress: nodes=9,140,000,000 tested=0 found=0 n=846574531861050776953125 elapsed=452s
progress: nodes=9,150,000,000 tested=0 found=0 n=869126254600232281640625 elapsed=453s
progress: nodes=9,160,000,000 tested=0 found=0 n=924828453176640155859375 elapsed=453s
progress: nodes=9,170,000,000 tested=0 found=0 n=646588439569931319140625 elapsed=454s
progress: nodes=9,180,000,000 tested=0 found=0 n=568121154891698808984375 elapsed=455s
progress: nodes=9,190,000,000 tested=0 found=0 n=783084543191893993359375 elapsed=456s
progress: nodes=9,200,000,000 tested=0 found=0 n=435087854107198913671875 elapsed=456s
progress: nodes=9,210,000,000 tested=0 found=0 n=571880599199655500390625 elapsed=457s
progress: nodes=9,220,000,000 tested=0 found=0 n=948100209536853024609375 elapsed=458s
progress: nodes=9,230,000,000 tested=0 found=0 n=853789693309500737109375 elapsed=459s
progress: nodes=9,240,000,000 tested=0 found=0 n=615548049337161045703125 elapsed=459s
progress: nodes=9,250,000,000 tested=0 found=0 n=558614708323346309765625 elapsed=460s
progress: nodes=9,260,000,000 tested=0 found=0 n=887582968943929976953125 elapsed=461s
progress: nodes=9,270,000,000 tested=0 found=0 n=475215200663796488671875 elapsed=461s
progress: nodes=9,280,000,000 tested=0 found=0 n=633854525203127211328125 elapsed=462s
progress: nodes=9,290,000,000 tested=0 found=0 n=956131964809076717578125 elapsed=463s
progress: nodes=9,300,000,000 tested=0 found=0 n=539837670618781618359375 elapsed=464s
progress: nodes=9,310,000,000 tested=0 found=0 n=483400621714855672265625 elapsed=464s
progress: nodes=9,320,000,000 tested=0 found=0 n=736738432605770319140625 elapsed=465s
progress: nodes=9,330,000,000 tested=0 found=0 n=778148397316907757421875 elapsed=466s
progress: nodes=9,340,000,000 tested=0 found=0 n=587632357235105750390625 elapsed=466s
progress: nodes=9,350,000,000 tested=0 found=0 n=291303527990252108203125 elapsed=467s
progress: nodes=9,360,000,000 tested=0 found=0 n=930287436109690841015625 elapsed=468s
progress: nodes=9,370,000,000 tested=0 found=0 n=501543393506730467578125 elapsed=468s
progress: nodes=9,380,000,000 tested=0 found=0 n=903834031101834125390625 elapsed=469s
progress: nodes=9,390,000,000 tested=0 found=0 n=574231670686961989453125 elapsed=470s
progress: nodes=9,400,000,000 tested=0 found=0 n=877839664578593023828125 elapsed=471s
progress: nodes=9,410,000,000 tested=0 found=0 n=456682929104818233984375 elapsed=471s
progress: nodes=9,420,000,000 tested=0 found=0 n=742651696574864342578125 elapsed=472s
progress: nodes=9,430,000,000 tested=0 found=0 n=812153695380170769140625 elapsed=473s
progress: nodes=9,440,000,000 tested=0 found=0 n=816826939219885081640625 elapsed=473s
progress: nodes=9,450,000,000 tested=0 found=0 n=911373562537869505078125 elapsed=474s
progress: nodes=9,460,000,000 tested=0 found=0 n=889497646645256820703125 elapsed=475s
progress: nodes=9,470,000,000 tested=0 found=0 n=845222097093245321484375 elapsed=476s
progress: nodes=9,480,000,000 tested=0 found=0 n=727482476622693863671875 elapsed=476s
progress: nodes=9,490,000,000 tested=0 found=0 n=792836350087506282421875 elapsed=477s
progress: nodes=9,500,000,000 tested=0 found=0 n=365009707439101325390625 elapsed=478s
progress: nodes=9,510,000,000 tested=0 found=0 n=673527105640742241796875 elapsed=478s
progress: nodes=9,520,000,000 tested=0 found=0 n=534972157298781739453125 elapsed=479s
progress: nodes=9,530,000,000 tested=0 found=0 n=659536919844296909765625 elapsed=480s
progress: nodes=9,540,000,000 tested=0 found=0 n=882977000231659123828125 elapsed=480s
progress: nodes=9,550,000,000 tested=0 found=0 n=554429980965833581640625 elapsed=481s
progress: nodes=9,560,000,000 tested=0 found=0 n=721415804066173128515625 elapsed=482s
progress: nodes=9,570,000,000 tested=0 found=0 n=754616109525660460546875 elapsed=483s
progress: nodes=9,580,000,000 tested=0 found=0 n=197788189196989269140625 elapsed=483s
progress: nodes=9,590,000,000 tested=0 found=0 n=769099429980374586328125 elapsed=484s
progress: nodes=9,600,000,000 tested=0 found=0 n=625255251410024954296875 elapsed=485s
progress: nodes=9,610,000,000 tested=0 found=0 n=597669207833731855078125 elapsed=485s
progress: nodes=9,620,000,000 tested=0 found=0 n=432227728586382880078125 elapsed=486s
progress: nodes=9,630,000,000 tested=0 found=0 n=983584655842778820703125 elapsed=487s
progress: nodes=9,640,000,000 tested=0 found=0 n=313573863020382769921875 elapsed=488s
progress: nodes=9,650,000,000 tested=0 found=0 n=781132643315704930078125 elapsed=488s
progress: nodes=9,660,000,000 tested=0 found=0 n=572763794228672487890625 elapsed=489s
progress: nodes=9,670,000,000 tested=0 found=0 n=996810973160416850390625 elapsed=490s
progress: nodes=9,680,000,000 tested=0 found=0 n=294646124351363516015625 elapsed=490s
progress: nodes=9,690,000,000 tested=0 found=0 n=346833688413158061328125 elapsed=491s
progress: nodes=9,700,000,000 tested=0 found=0 n=712605408335845006640625 elapsed=492s
progress: nodes=9,710,000,000 tested=0 found=0 n=729718659779956133203125 elapsed=492s
progress: nodes=9,720,000,000 tested=0 found=0 n=574335030668607488671875 elapsed=493s
progress: nodes=9,730,000,000 tested=0 found=0 n=835309371338244038671875 elapsed=494s
progress: nodes=9,740,000,000 tested=0 found=0 n=943061033146052119921875 elapsed=495s
progress: nodes=9,750,000,000 tested=0 found=0 n=810292347736982820703125 elapsed=495s
progress: nodes=9,760,000,000 tested=0 found=0 n=178113212046272366015625 elapsed=496s
progress: nodes=9,770,000,000 tested=0 found=0 n=412155546741110274609375 elapsed=497s
progress: nodes=9,780,000,000 tested=0 found=0 n=826348106162043312890625 elapsed=497s
progress: nodes=9,790,000,000 tested=0 found=0 n=756659391619611807421875 elapsed=498s
progress: nodes=9,800,000,000 tested=0 found=0 n=304515825392134859765625 elapsed=499s
progress: nodes=9,810,000,000 tested=0 found=0 n=613724817181122397265625 elapsed=499s
progress: nodes=9,820,000,000 tested=0 found=0 n=655511564554939086328125 elapsed=500s
progress: nodes=9,830,000,000 tested=0 found=0 n=532899609976996182421875 elapsed=501s
progress: nodes=9,840,000,000 tested=0 found=0 n=176210988435482459765625 elapsed=502s
progress: nodes=9,850,000,000 tested=0 found=0 n=745226881212012155859375 elapsed=502s
progress: nodes=9,860,000,000 tested=0 found=0 n=355229208918668506640625 elapsed=503s
progress: nodes=9,870,000,000 tested=0 found=0 n=959712770510600171484375 elapsed=504s
progress: nodes=9,880,000,000 tested=0 found=0 n=544456845657687716015625 elapsed=504s
progress: nodes=9,890,000,000 tested=0 found=0 n=422551211770946246484375 elapsed=505s
progress: nodes=9,900,000,000 tested=0 found=0 n=821453653559818859765625 elapsed=506s
progress: nodes=9,910,000,000 tested=0 found=0 n=393265167550509258984375 elapsed=507s
progress: nodes=9,920,000,000 tested=0 found=0 n=811299412236134598046875 elapsed=507s
progress: nodes=9,930,000,000 tested=0 found=0 n=903632421964688405859375 elapsed=508s
progress: nodes=9,940,000,000 tested=0 found=0 n=292310785928665930078125 elapsed=509s
progress: nodes=9,950,000,000 tested=0 found=0 n=643004771452570866796875 elapsed=510s
progress: nodes=9,960,000,000 tested=0 found=0 n=449291971935991761328125 elapsed=510s
progress: nodes=9,970,000,000 tested=0 found=0 n=913383239819801037890625 elapsed=511s
progress: nodes=9,980,000,000 tested=0 found=0 n=832987670602427729296875 elapsed=512s
progress: nodes=9,990,000,000 tested=0 found=0 n=469590488510794238671875 elapsed=513s
progress: nodes=10,000,000,000 tested=0 found=0 n=495473097352072679296875 elapsed=513s
progress: nodes=10,010,000,000 tested=0 found=0 n=661864938024481421484375 elapsed=514s
progress: nodes=10,020,000,000 tested=0 found=0 n=445158800353476116015625 elapsed=515s
progress: nodes=10,030,000,000 tested=0 found=0 n=805393054726109862890625 elapsed=516s
progress: nodes=10,040,000,000 tested=0 found=0 n=764893929871892893359375 elapsed=516s
progress: nodes=10,050,000,000 tested=0 found=0 n=904278443067039266015625 elapsed=517s
progress: nodes=10,060,000,000 tested=0 found=0 n=704226666814843180078125 elapsed=518s
progress: nodes=10,070,000,000 tested=0 found=0 n=258598045029375137109375 elapsed=519s
progress: nodes=10,080,000,000 tested=0 found=0 n=824250054477313831640625 elapsed=519s
progress: nodes=10,090,000,000 tested=0 found=0 n=420369423676744665234375 elapsed=520s
progress: nodes=10,100,000,000 tested=0 found=0 n=476793613335554405859375 elapsed=521s
progress: nodes=10,110,000,000 tested=0 found=0 n=944512980552745737890625 elapsed=522s
progress: nodes=10,120,000,000 tested=0 found=0 n=536145129079137741796875 elapsed=522s
progress: nodes=10,130,000,000 tested=0 found=0 n=812566443439028063671875 elapsed=523s
progress: nodes=10,140,000,000 tested=0 found=0 n=260022413184480284765625 elapsed=524s
progress: nodes=10,150,000,000 tested=0 found=0 n=563116647665458051171875 elapsed=525s
progress: nodes=10,160,000,000 tested=0 found=0 n=944284360240705004296875 elapsed=525s
progress: nodes=10,170,000,000 tested=0 found=0 n=751654149026836545703125 elapsed=526s
progress: nodes=10,180,000,000 tested=0 found=0 n=539585439225622337109375 elapsed=527s
progress: nodes=10,190,000,000 tested=0 found=0 n=355187141909449175390625 elapsed=528s
progress: nodes=10,200,000,000 tested=0 found=0 n=513361590301745328515625 elapsed=528s
progress: nodes=10,210,000,000 tested=0 found=0 n=716761444920209223046875 elapsed=529s
progress: nodes=10,220,000,000 tested=0 found=0 n=229473509867661301171875 elapsed=530s
progress: nodes=10,230,000,000 tested=0 found=0 n=584796188217677171484375 elapsed=530s
progress: nodes=10,240,000,000 tested=0 found=0 n=799698994498887359765625 elapsed=531s
progress: nodes=10,250,000,000 tested=0 found=0 n=882164009940865794140625 elapsed=532s
progress: nodes=10,260,000,000 tested=0 found=0 n=665227828232324272265625 elapsed=533s
progress: nodes=10,270,000,000 tested=0 found=0 n=830601256291535527734375 elapsed=533s
progress: nodes=10,280,000,000 tested=0 found=0 n=543568970740928227734375 elapsed=534s
progress: nodes=10,290,000,000 tested=0 found=0 n=658622315714756494921875 elapsed=535s
progress: nodes=10,300,000,000 tested=0 found=0 n=633365448203038327734375 elapsed=536s
progress: nodes=10,310,000,000 tested=0 found=0 n=837489580467243915234375 elapsed=536s
progress: nodes=10,320,000,000 tested=0 found=0 n=349739649349182868359375 elapsed=537s
progress: nodes=10,330,000,000 tested=0 found=0 n=435808534466017930078125 elapsed=538s
progress: nodes=10,340,000,000 tested=0 found=0 n=303371349571115989453125 elapsed=539s
progress: nodes=10,350,000,000 tested=0 found=0 n=517270904306158651171875 elapsed=539s
progress: nodes=10,360,000,000 tested=0 found=0 n=217198401268611069140625 elapsed=540s
progress: nodes=10,370,000,000 tested=0 found=0 n=610415015831861741015625 elapsed=541s
progress: nodes=10,380,000,000 tested=0 found=0 n=575520019972701774609375 elapsed=541s
progress: nodes=10,390,000,000 tested=0 found=0 n=956447303965519433203125 elapsed=542s
progress: nodes=10,400,000,000 tested=0 found=0 n=793765609797811805859375 elapsed=543s
progress: nodes=10,410,000,000 tested=0 found=0 n=918365558030474206640625 elapsed=544s
progress: nodes=10,420,000,000 tested=0 found=0 n=559656187742997094921875 elapsed=544s
progress: nodes=10,430,000,000 tested=0 found=0 n=749172524481053694140625 elapsed=545s
progress: nodes=10,440,000,000 tested=0 found=0 n=646449429607954280859375 elapsed=546s
progress: nodes=10,450,000,000 tested=0 found=0 n=495262466607395682421875 elapsed=547s
progress: nodes=10,460,000,000 tested=0 found=0 n=335087251179635380078125 elapsed=547s
progress: nodes=10,470,000,000 tested=0 found=0 n=695875676685600301171875 elapsed=548s
progress: nodes=10,480,000,000 tested=0 found=0 n=255526416647222157421875 elapsed=549s
progress: nodes=10,490,000,000 tested=0 found=0 n=446555104967049465234375 elapsed=550s
progress: nodes=10,500,000,000 tested=0 found=0 n=789917835094856441015625 elapsed=550s
progress: nodes=10,510,000,000 tested=0 found=0 n=374214727489422948046875 elapsed=551s
progress: nodes=10,520,000,000 tested=0 found=0 n=771960393246131680078125 elapsed=552s
progress: nodes=10,530,000,000 tested=0 found=0 n=598658728804175183203125 elapsed=553s
progress: nodes=10,540,000,000 tested=0 found=0 n=828508841255185780078125 elapsed=554s
progress: nodes=10,550,000,000 tested=0 found=0 n=350203150367412001171875 elapsed=554s
progress: nodes=10,560,000,000 tested=0 found=0 n=497394304203363458203125 elapsed=555s
progress: nodes=10,570,000,000 tested=0 found=0 n=701306653017625758984375 elapsed=556s
progress: nodes=10,580,000,000 tested=0 found=0 n=236735434769118823828125 elapsed=557s
progress: nodes=10,590,000,000 tested=0 found=0 n=796809050817195680859375 elapsed=557s
progress: nodes=10,600,000,000 tested=0 found=0 n=818578595039878908984375 elapsed=558s
progress: nodes=10,610,000,000 tested=0 found=0 n=496821548040188804296875 elapsed=559s
progress: nodes=10,620,000,000 tested=0 found=0 n=697630664050015433203125 elapsed=560s
progress: nodes=10,630,000,000 tested=0 found=0 n=466943670448842301171875 elapsed=561s
progress: nodes=10,640,000,000 tested=0 found=0 n=228286340038427769140625 elapsed=561s
progress: nodes=10,650,000,000 tested=0 found=0 n=451085270787042233203125 elapsed=562s
progress: nodes=10,660,000,000 tested=0 found=0 n=481738149322887174609375 elapsed=563s
progress: nodes=10,670,000,000 tested=0 found=0 n=626562287079091906640625 elapsed=564s
progress: nodes=10,680,000,000 tested=0 found=0 n=275401429635776129296875 elapsed=565s
progress: nodes=10,690,000,000 tested=0 found=0 n=258233638036398324609375 elapsed=566s
progress: nodes=10,700,000,000 tested=0 found=0 n=22559085460789453125 elapsed=566s
progress: nodes=10,710,000,000 tested=0 found=0 n=744258600813234413671875 elapsed=567s
progress: nodes=10,720,000,000 tested=0 found=0 n=721767074528651030859375 elapsed=568s
progress: nodes=10,730,000,000 tested=0 found=0 n=222556889416893964453125 elapsed=569s
progress: nodes=10,740,000,000 tested=0 found=0 n=399090185784900108984375 elapsed=570s
progress: nodes=10,750,000,000 tested=0 found=0 n=324513013367231996484375 elapsed=571s
progress: nodes=10,760,000,000 tested=0 found=0 n=526480668313012346484375 elapsed=572s
progress: nodes=10,770,000,000 tested=0 found=0 n=581853090807979533984375 elapsed=573s
progress: nodes=10,780,000,000 tested=0 found=0 n=660381501649316558203125 elapsed=573s
progress: nodes=10,790,000,000 tested=0 found=0 n=888430536492658280859375 elapsed=574s
progress: nodes=10,800,000,000 tested=0 found=0 n=503930285923656371484375 elapsed=575s
progress: nodes=10,810,000,000 tested=0 found=0 n=782765912941458071484375 elapsed=576s
progress: nodes=10,820,000,000 tested=0 found=0 n=651016785203511387890625 elapsed=577s
progress: nodes=10,830,000,000 tested=0 found=0 n=488436833022545872265625 elapsed=578s
progress: nodes=10,840,000,000 tested=0 found=0 n=512183580944592730078125 elapsed=579s
progress: nodes=10,850,000,000 tested=0 found=0 n=785265599863361499609375 elapsed=580s
progress: nodes=10,860,000,000 tested=0 found=0 n=684913488956472329296875 elapsed=581s
progress: nodes=10,870,000,000 tested=0 found=0 n=427003167756185869921875 elapsed=582s
progress: nodes=10,880,000,000 tested=0 found=0 n=550214980783050167578125 elapsed=583s
progress: nodes=10,890,000,000 tested=0 found=0 n=312255360837499805859375 elapsed=584s
progress: nodes=10,900,000,000 tested=0 found=0 n=622657303811960523046875 elapsed=585s
progress: nodes=10,910,000,000 tested=0 found=0 n=545063243577324127734375 elapsed=586s
progress: nodes=10,920,000,000 tested=0 found=0 n=447908621563857828515625 elapsed=587s
progress: nodes=10,930,000,000 tested=0 found=0 n=578353596213723683203125 elapsed=588s
progress: nodes=10,940,000,000 tested=0 found=0 n=345221261844888476953125 elapsed=589s
progress: nodes=10,950,000,000 tested=0 found=0 n=711521989675137390234375 elapsed=590s
progress: nodes=10,960,000,000 tested=0 found=0 n=747681691223657218359375 elapsed=591s
progress: nodes=10,970,000,000 tested=0 found=0 n=685705624781960049609375 elapsed=592s
progress: nodes=10,980,000,000 tested=0 found=0 n=646623777537285268359375 elapsed=593s
progress: nodes=10,990,000,000 tested=0 found=0 n=672614828494069299609375 elapsed=594s
progress: nodes=11,000,000,000 tested=0 found=0 n=599714055942817805859375 elapsed=595s
progress: nodes=11,010,000,000 tested=0 found=0 n=479983897822885744921875 elapsed=596s
progress: nodes=11,020,000,000 tested=0 found=0 n=660283515742755364453125 elapsed=597s
progress: nodes=11,030,000,000 tested=0 found=0 n=521769680577628815234375 elapsed=598s
progress: nodes=11,040,000,000 tested=0 found=0 n=599916318974504258203125 elapsed=599s
progress: nodes=11,050,000,000 tested=0 found=0 n=666284330534265312890625 elapsed=600s
progress: nodes=11,060,000,000 tested=0 found=0 n=704675340147203532421875 elapsed=601s
progress: nodes=11,070,000,000 tested=0 found=0 n=704726358634856752734375 elapsed=602s
progress: nodes=11,080,000,000 tested=0 found=0 n=665451358568733941015625 elapsed=602s
progress: nodes=11,090,000,000 tested=0 found=0 n=716424743192254323046875 elapsed=603s
progress: nodes=11,100,000,000 tested=0 found=0 n=733150317229688492578125 elapsed=604s
progress: nodes=11,110,000,000 tested=0 found=0 n=738955708518201500390625 elapsed=605s
progress: nodes=11,120,000,000 tested=0 found=0 n=115444474405963815234375 elapsed=606s
progress: nodes=11,130,000,000 tested=0 found=0 n=715386172185382770703125 elapsed=607s
progress: nodes=11,140,000,000 tested=0 found=0 n=650677502880742721484375 elapsed=607s
progress: nodes=11,150,000,000 tested=0 found=0 n=685033696672001054296875 elapsed=608s
progress: nodes=11,160,000,000 tested=0 found=0 n=824536524510293087109375 elapsed=608s
progress: nodes=11,170,000,000 tested=0 found=0 n=67916355126040149609375 elapsed=608s
progress: nodes=11,180,000,000 tested=0 found=0 n=374496366869201014453125 elapsed=609s
progress: nodes=11,190,000,000 tested=0 found=0 n=815012064822267326953125 elapsed=609s
progress: nodes=11,200,000,000 tested=0 found=0 n=331176526295206594921875 elapsed=610s
progress: nodes=11,210,000,000 tested=0 found=0 n=47738340331777592578125 elapsed=610s
progress: nodes=11,220,000,000 tested=0 found=0 n=100935937466584519921875 elapsed=611s
progress: nodes=11,230,000,000 tested=0 found=0 n=432505664269079762109375 elapsed=611s
progress: nodes=11,240,000,000 tested=0 found=0 n=95387757993946803515625 elapsed=612s
progress: nodes=11,250,000,000 tested=0 found=0 n=37749826738832368359375 elapsed=612s
progress: nodes=11,260,000,000 tested=0 found=0 n=100842972220679867578125 elapsed=613s
progress: nodes=11,270,000,000 tested=0 found=0 n=414491907346370300390625 elapsed=613s
progress: nodes=11,280,000,000 tested=0 found=0 n=148342482864433030078125 elapsed=614s
progress: nodes=11,290,000,000 tested=0 found=0 n=87823649309418038671875 elapsed=614s
progress: nodes=11,300,000,000 tested=0 found=0 n=203050905039327765234375 elapsed=615s
progress: nodes=11,310,000,000 tested=0 found=0 n=310595320622878203515625 elapsed=615s
progress: nodes=11,320,000,000 tested=0 found=0 n=304364774490243057421875 elapsed=616s
progress: nodes=11,330,000,000 tested=0 found=0 n=264219325598736762890625 elapsed=616s
progress: nodes=11,340,000,000 tested=0 found=0 n=107742331126432522265625 elapsed=617s
progress: nodes=11,350,000,000 tested=0 found=0 n=219431763521618600390625 elapsed=617s
progress: nodes=11,360,000,000 tested=0 found=0 n=187131879063352536328125 elapsed=618s
progress: nodes=11,370,000,000 tested=0 found=0 n=51237701056764762890625 elapsed=618s
progress: nodes=11,380,000,000 tested=0 found=0 n=124589337287039637890625 elapsed=619s
progress: nodes=11,390,000,000 tested=0 found=0 n=105795977031046487109375 elapsed=619s
progress: nodes=11,400,000,000 tested=0 found=0 n=169164989093480930859375 elapsed=620s
progress: nodes=11,410,000,000 tested=0 found=0 n=100838457669677410546875 elapsed=620s
progress: nodes=11,420,000,000 tested=0 found=0 n=162146852638897383984375 elapsed=621s
progress: nodes=11,430,000,000 tested=0 found=0 n=77074129166350580859375 elapsed=621s
progress: nodes=11,440,000,000 tested=0 found=0 n=109489075940616423046875 elapsed=622s
progress: nodes=11,450,000,000 tested=0 found=0 n=82350170023068840234375 elapsed=622s
progress: nodes=11,460,000,000 tested=0 found=0 n=142749622775311316015625 elapsed=623s
progress: nodes=11,470,000,000 tested=0 found=0 n=130333781989049937890625 elapsed=623s
progress: nodes=11,480,000,000 tested=0 found=0 n=126454580621444921484375 elapsed=624s
progress: nodes=11,490,000,000 tested=0 found=0 n=74107322322735680859375 elapsed=624s
progress: nodes=11,500,000,000 tested=0 found=0 n=93350937005435858203125 elapsed=625s
progress: nodes=11,510,000,000 tested=0 found=0 n=64414098716442788671875 elapsed=625s
progress: nodes=11,520,000,000 tested=0 found=0 n=85836169135242706640625 elapsed=626s
progress: nodes=11,530,000,000 tested=0 found=0 n=75833113918168754296875 elapsed=626s
progress: nodes=11,540,000,000 tested=0 found=0 n=72070017455294757421875 elapsed=627s
progress: nodes=11,550,000,000 tested=0 found=0 n=81632489073708491015625 elapsed=627s
progress: nodes=11,560,000,000 tested=0 found=0 n=117761367287475488671875 elapsed=628s
progress: nodes=11,570,000,000 tested=0 found=0 n=119766836332038469921875 elapsed=628s
progress: nodes=11,580,000,000 tested=0 found=0 n=104308680748707045703125 elapsed=629s
progress: nodes=11,590,000,000 tested=0 found=0 n=572130280937819394140625 elapsed=629s
progress: nodes=11,600,000,000 tested=0 found=0 n=679970332659512541796875 elapsed=630s
progress: nodes=11,610,000,000 tested=0 found=0 n=259056491299850668359375 elapsed=630s
progress: nodes=11,620,000,000 tested=0 found=0 n=66520678747022813671875 elapsed=631s
progress: nodes=11,630,000,000 tested=0 found=0 n=21104523078686398828125 elapsed=631s
progress: nodes=11,640,000,000 tested=0 found=0 n=47701168270795501171875 elapsed=632s
progress: nodes=11,650,000,000 tested=0 found=0 n=83791619845854331640625 elapsed=632s
progress: nodes=11,660,000,000 tested=0 found=0 n=8324115984852950390625 elapsed=633s
progress: nodes=11,670,000,000 tested=0 found=0 n=32204222429667866015625 elapsed=633s
progress: nodes=11,680,000,000 tested=0 found=0 n=26984589388118497265625 elapsed=634s
progress: nodes=11,690,000,000 tested=0 found=0 n=17411681944275957421875 elapsed=634s
progress: nodes=11,700,000,000 tested=0 found=0 n=18896193387231999609375 elapsed=635s
progress: nodes=11,710,000,000 tested=0 found=0 n=15591728837856561328125 elapsed=635s
progress: nodes=11,720,000,000 tested=0 found=0 n=737759711813306312109375 elapsed=636s
progress: nodes=11,730,000,000 tested=0 found=0 n=276533104811573323828125 elapsed=636s
progress: nodes=11,740,000,000 tested=0 found=0 n=4099214892122715234375 elapsed=637s
progress: nodes=11,750,000,000 tested=0 found=0 n=2838116290227423046875 elapsed=637s
progress: nodes=11,760,000,000 tested=0 found=0 n=10463204983488584765625 elapsed=638s
progress: nodes=11,770,000,000 tested=0 found=0 n=7801347244654205859375 elapsed=638s
progress: nodes=11,780,000,000 tested=0 found=0 n=448429011804631958203125 elapsed=639s
progress: nodes=11,790,000,000 tested=0 found=0 n=21445273247466195703125 elapsed=639s
progress: nodes=11,800,000,000 tested=0 found=0 n=19227811616381633203125 elapsed=640s
progress: nodes=11,810,000,000 tested=0 found=0 n=9194151925002167578125 elapsed=640s
progress: nodes=11,820,000,000 tested=0 found=0 n=5103645955469363671875 elapsed=641s
progress: nodes=11,830,000,000 tested=0 found=0 n=35963234826757618359375 elapsed=641s
progress: nodes=11,840,000,000 tested=0 found=0 n=9057571866077973046875 elapsed=642s
progress: nodes=11,850,000,000 tested=0 found=0 n=3034261249027864453125 elapsed=642s
progress: nodes=11,860,000,000 tested=0 found=0 n=14039504198810539453125 elapsed=643s
progress: nodes=11,870,000,000 tested=0 found=0 n=6980629996353582421875 elapsed=643s
progress: nodes=11,880,000,000 tested=0 found=0 n=3607294419494377734375 elapsed=644s
progress: nodes=11,890,000,000 tested=0 found=0 n=118839599625367796484375 elapsed=644s
progress: nodes=11,900,000,000 tested=0 found=0 n=979398730920547265625 elapsed=645s
progress: nodes=11,910,000,000 tested=0 found=0 n=79600262185040424609375 elapsed=645s
progress: nodes=11,920,000,000 tested=0 found=0 n=23895254557617338671875 elapsed=646s
progress: nodes=11,930,000,000 tested=0 found=0 n=3373342614164956640625 elapsed=646s
progress: nodes=11,940,000,000 tested=0 found=0 n=120246943667148980859375 elapsed=647s
progress: nodes=11,950,000,000 tested=0 found=0 n=1761561747249472265625 elapsed=647s
progress: nodes=11,960,000,000 tested=0 found=0 n=4428744691974809765625 elapsed=648s
progress: nodes=11,970,000,000 tested=0 found=0 n=854769510148114726171875 elapsed=649s
progress: nodes=11,980,000,000 tested=0 found=0 n=453885066420985546875 elapsed=649s
progress: nodes=11,990,000,000 tested=0 found=0 n=5698718007206825390625 elapsed=650s
progress: nodes=12,000,000,000 tested=0 found=0 n=734018413494372999609375 elapsed=650s
progress: nodes=12,010,000,000 tested=0 found=0 n=885924753815358984375 elapsed=651s
progress: nodes=12,020,000,000 tested=0 found=0 n=48446088059071402734375 elapsed=651s
progress: nodes=12,030,000,000 tested=0 found=0 n=187955165929767057421875 elapsed=652s
progress: nodes=12,040,000,000 tested=0 found=0 n=644048809108533984375 elapsed=653s
progress: nodes=12,050,000,000 tested=0 found=0 n=19652002366697623828125 elapsed=653s
progress: nodes=12,060,000,000 tested=0 found=0 n=71864516269502588671875 elapsed=654s
progress: nodes=12,070,000,000 tested=0 found=0 n=117800147047828123828125 elapsed=654s
progress: nodes=12,080,000,000 tested=0 found=0 n=231592230152079676171875 elapsed=655s
progress: nodes=12,090,000,000 tested=0 found=0 n=627968771071808203125 elapsed=655s
progress: nodes=12,100,000,000 tested=0 found=0 n=363632275848357875390625 elapsed=656s
progress: nodes=12,110,000,000 tested=0 found=0 n=18661155550316026171875 elapsed=656s
progress: nodes=12,120,000,000 tested=0 found=0 n=9311124173770276171875 elapsed=657s
progress: nodes=12,130,000,000 tested=0 found=0 n=235519101274862109375 elapsed=658s
progress: nodes=12,140,000,000 tested=0 found=0 n=1457029996361968359375 elapsed=658s
progress: nodes=12,150,000,000 tested=0 found=0 n=3267639848160587109375 elapsed=659s
progress: nodes=12,160,000,000 tested=0 found=0 n=312680105491642182421875 elapsed=659s
progress: nodes=12,170,000,000 tested=0 found=0 n=834681742199222762109375 elapsed=664s
progress: nodes=12,180,000,000 tested=0 found=0 n=266507861361676171875 elapsed=668s
progress: nodes=12,190,000,000 tested=0 found=0 n=129591409335261328125 elapsed=673s
progress: nodes=12,200,000,000 tested=0 found=0 n=129499338721229296875 elapsed=673s
progress: nodes=12,210,000,000 tested=0 found=0 n=25659580104166039453125 elapsed=674s
progress: nodes=12,220,000,000 tested=0 found=0 n=308590785010676953125 elapsed=675s
progress: nodes=12,230,000,000 tested=0 found=0 n=12904283735133669140625 elapsed=675s
progress: nodes=12,240,000,000 tested=0 found=0 n=971417892829056092578125 elapsed=676s
progress: nodes=12,250,000,000 tested=0 found=0 n=845728176741265241015625 elapsed=677s
progress: nodes=12,260,000,000 tested=0 found=0 n=922826223867038635546875 elapsed=677s
progress: nodes=12,270,000,000 tested=0 found=0 n=977897869526358116015625 elapsed=678s
progress: nodes=12,280,000,000 tested=0 found=0 n=264480759688264453125 elapsed=679s
progress: nodes=12,290,000,000 tested=0 found=0 n=938466668326102562109375 elapsed=680s
progress: nodes=12,300,000,000 tested=0 found=0 n=937913113543247827734375 elapsed=681s
progress: nodes=12,310,000,000 tested=0 found=0 n=783909588928059270703125 elapsed=681s
progress: nodes=12,320,000,000 tested=0 found=0 n=842173048876705463671875 elapsed=682s
progress: nodes=12,330,000,000 tested=0 found=0 n=976589236430976519140625 elapsed=683s
progress: nodes=12,340,000,000 tested=0 found=0 n=929219125777006981640625 elapsed=684s
progress: nodes=12,350,000,000 tested=0 found=0 n=819175372732812033984375 elapsed=684s
progress: nodes=12,360,000,000 tested=0 found=0 n=593435842903165440234375 elapsed=685s
progress: nodes=12,370,000,000 tested=0 found=0 n=968265333575148069140625 elapsed=686s
progress: nodes=12,380,000,000 tested=0 found=0 n=618943927814852101171875 elapsed=687s
progress: nodes=12,390,000,000 tested=0 found=0 n=797791366527299216015625 elapsed=688s
progress: nodes=12,400,000,000 tested=0 found=0 n=762889000177053144140625 elapsed=688s
progress: nodes=12,410,000,000 tested=0 found=0 n=905331832108990210546875 elapsed=689s
progress: nodes=12,420,000,000 tested=0 found=0 n=239566824520688671875 elapsed=690s
progress: nodes=12,430,000,000 tested=0 found=0 n=581374783806831312890625 elapsed=691s
progress: nodes=12,440,000,000 tested=0 found=0 n=825782064754598827734375 elapsed=692s
progress: nodes=12,450,000,000 tested=0 found=0 n=942209284776453903515625 elapsed=693s
progress: nodes=12,460,000,000 tested=0 found=0 n=705282499683420050390625 elapsed=693s
progress: nodes=12,470,000,000 tested=0 found=0 n=727286824040041121484375 elapsed=694s
progress: nodes=12,480,000,000 tested=0 found=0 n=562866138909769921875 elapsed=695s
progress: nodes=12,490,000,000 tested=0 found=0 n=655140210370553415234375 elapsed=696s
progress: nodes=12,500,000,000 tested=0 found=0 n=851611799869143289453125 elapsed=697s
progress: nodes=12,510,000,000 tested=0 found=0 n=896159299759777852734375 elapsed=697s
progress: nodes=12,520,000,000 tested=0 found=0 n=589585848733670649609375 elapsed=698s
progress: nodes=12,530,000,000 tested=0 found=0 n=686306582771906598046875 elapsed=699s
progress: nodes=12,540,000,000 tested=0 found=0 n=974125339097163683203125 elapsed=700s
progress: nodes=12,550,000,000 tested=0 found=0 n=1277409176813176171875 elapsed=701s
progress: nodes=12,560,000,000 tested=0 found=0 n=527772484752623975390625 elapsed=702s
progress: nodes=12,570,000,000 tested=0 found=0 n=969923521575217030078125 elapsed=702s
progress: nodes=12,580,000,000 tested=0 found=0 n=794423243163755661328125 elapsed=703s
progress: nodes=12,590,000,000 tested=0 found=0 n=180888369405313594921875 elapsed=704s
progress: nodes=12,600,000,000 tested=0 found=0 n=639666820908387460546875 elapsed=705s
progress: nodes=12,610,000,000 tested=0 found=0 n=480405665745285753515625 elapsed=706s
progress: nodes=12,620,000,000 tested=0 found=0 n=605247468747382402734375 elapsed=707s
progress: nodes=12,630,000,000 tested=0 found=0 n=835079659755593213671875 elapsed=707s
progress: nodes=12,640,000,000 tested=0 found=0 n=978251905272309331640625 elapsed=708s
progress: nodes=12,650,000,000 tested=0 found=0 n=826475114047544813671875 elapsed=709s
progress: nodes=12,660,000,000 tested=0 found=0 n=812978659514495112890625 elapsed=710s
progress: nodes=12,670,000,000 tested=0 found=0 n=801854255354055788671875 elapsed=711s
progress: nodes=12,680,000,000 tested=0 found=0 n=936285772180070696484375 elapsed=712s
progress: nodes=12,690,000,000 tested=0 found=0 n=653188286002263373828125 elapsed=712s
progress: nodes=12,700,000,000 tested=0 found=0 n=907126384765019705859375 elapsed=713s
progress: nodes=12,710,000,000 tested=0 found=0 n=758969347776335321484375 elapsed=714s
progress: nodes=12,720,000,000 tested=0 found=0 n=942201588900748855078125 elapsed=715s
progress: nodes=12,730,000,000 tested=0 found=0 n=787845797030869126171875 elapsed=716s
progress: nodes=12,740,000,000 tested=0 found=0 n=645632200228213648828125 elapsed=717s
progress: nodes=12,750,000,000 tested=0 found=0 n=940086856118672869921875 elapsed=717s
progress: nodes=12,760,000,000 tested=0 found=0 n=605797558287607550390625 elapsed=718s
progress: nodes=12,770,000,000 tested=0 found=0 n=415438037870095156640625 elapsed=719s
progress: nodes=12,780,000,000 tested=0 found=0 n=645734709458181994921875 elapsed=720s
progress: nodes=12,790,000,000 tested=0 found=0 n=726153634802138670703125 elapsed=721s
progress: nodes=12,800,000,000 tested=0 found=0 n=949642042697623339453125 elapsed=722s
progress: nodes=12,810,000,000 tested=0 found=0 n=770866477725096495703125 elapsed=723s
progress: nodes=12,820,000,000 tested=0 found=0 n=854472348468793402734375 elapsed=723s
progress: nodes=12,830,000,000 tested=0 found=0 n=850454385223228976953125 elapsed=724s
progress: nodes=12,840,000,000 tested=0 found=0 n=889598008184310291796875 elapsed=725s
progress: nodes=12,850,000,000 tested=0 found=0 n=797054414789634542578125 elapsed=726s
progress: nodes=12,860,000,000 tested=0 found=0 n=742392666430251001171875 elapsed=727s
progress: nodes=12,870,000,000 tested=0 found=0 n=854307367960253276953125 elapsed=727s
progress: nodes=12,880,000,000 tested=0 found=0 n=876813095171767320703125 elapsed=728s
progress: nodes=12,890,000,000 tested=0 found=0 n=654404727657442278515625 elapsed=729s
progress: nodes=12,900,000,000 tested=0 found=0 n=445688078796903202734375 elapsed=730s
progress: nodes=12,910,000,000 tested=0 found=0 n=560099814232868391796875 elapsed=731s
progress: nodes=12,920,000,000 tested=0 found=0 n=938969383691992215234375 elapsed=731s
progress: nodes=12,930,000,000 tested=0 found=0 n=904278991617552491015625 elapsed=732s
progress: nodes=12,940,000,000 tested=0 found=0 n=702548894016906633984375 elapsed=733s
progress: nodes=12,950,000,000 tested=0 found=0 n=975026548497164199609375 elapsed=734s
progress: nodes=12,960,000,000 tested=0 found=0 n=989883114018843167578125 elapsed=735s
progress: nodes=12,970,000,000 tested=0 found=0 n=934159852862060227734375 elapsed=736s
progress: nodes=12,980,000,000 tested=0 found=0 n=990880399323997991015625 elapsed=736s
progress: nodes=12,990,000,000 tested=0 found=0 n=818599760549813872265625 elapsed=737s
progress: nodes=13,000,000,000 tested=0 found=0 n=920983337820849870703125 elapsed=738s
progress: nodes=13,010,000,000 tested=0 found=0 n=752513673217262073046875 elapsed=739s
progress: nodes=13,020,000,000 tested=0 found=0 n=790607300844038094140625 elapsed=740s
progress: nodes=13,030,000,000 tested=0 found=0 n=465254414024517987890625 elapsed=740s
progress: nodes=13,040,000,000 tested=0 found=0 n=871289104467062183203125 elapsed=741s
progress: nodes=13,050,000,000 tested=0 found=0 n=124459089768535538671875 elapsed=742s
progress: nodes=13,060,000,000 tested=0 found=0 n=469276567822481937890625 elapsed=743s
progress: nodes=13,070,000,000 tested=0 found=0 n=860050194386675234765625 elapsed=744s
progress: nodes=13,080,000,000 tested=0 found=0 n=616079671407295773046875 elapsed=744s
progress: nodes=13,090,000,000 tested=0 found=0 n=715667986928676877734375 elapsed=745s
progress: nodes=13,100,000,000 tested=0 found=0 n=676229888942593386328125 elapsed=746s
progress: nodes=13,110,000,000 tested=0 found=0 n=993322269318723493359375 elapsed=747s
progress: nodes=13,120,000,000 tested=0 found=0 n=856204723922055092578125 elapsed=748s
progress: nodes=13,130,000,000 tested=0 found=0 n=523814725412688793359375 elapsed=748s
progress: nodes=13,140,000,000 tested=0 found=0 n=864693576028389280078125 elapsed=749s
progress: nodes=13,150,000,000 tested=0 found=0 n=509114192250955383984375 elapsed=750s
progress: nodes=13,160,000,000 tested=0 found=0 n=797650465083424773046875 elapsed=751s
progress: nodes=13,170,000,000 tested=0 found=0 n=762134038235024825390625 elapsed=752s
progress: nodes=13,180,000,000 tested=0 found=0 n=967773050308608830859375 elapsed=753s
progress: nodes=13,190,000,000 tested=0 found=0 n=638119151760974051953125 elapsed=753s
progress: nodes=13,200,000,000 tested=0 found=0 n=961889491228962308203125 elapsed=754s
progress: nodes=13,210,000,000 tested=0 found=0 n=433993177428765036328125 elapsed=755s
progress: nodes=13,220,000,000 tested=0 found=0 n=908403605211329532421875 elapsed=756s
progress: nodes=13,230,000,000 tested=0 found=0 n=544570440486358004296875 elapsed=757s
progress: nodes=13,240,000,000 tested=0 found=0 n=995778982920248883984375 elapsed=758s
progress: nodes=13,250,000,000 tested=0 found=0 n=658932582632084539453125 elapsed=758s
progress: nodes=13,260,000,000 tested=0 found=0 n=861185561702367244921875 elapsed=759s
progress: nodes=13,270,000,000 tested=0 found=0 n=486224611940206824609375 elapsed=760s
progress: nodes=13,280,000,000 tested=0 found=0 n=414646153690490300390625 elapsed=761s
progress: nodes=13,290,000,000 tested=0 found=0 n=654901619757772573828125 elapsed=762s
progress: nodes=13,300,000,000 tested=0 found=0 n=570530956170837273046875 elapsed=763s
progress: nodes=13,310,000,000 tested=0 found=0 n=826815867179273258203125 elapsed=763s
progress: nodes=13,320,000,000 tested=0 found=0 n=905069719345111456640625 elapsed=764s
progress: nodes=13,330,000,000 tested=0 found=0 n=528752121124246091015625 elapsed=765s
progress: nodes=13,340,000,000 tested=0 found=0 n=551043542477244519140625 elapsed=766s
progress: nodes=13,350,000,000 tested=0 found=0 n=957994195300956270703125 elapsed=767s
progress: nodes=13,360,000,000 tested=0 found=0 n=679601599668179834765625 elapsed=767s
progress: nodes=13,370,000,000 tested=0 found=0 n=948237831562766417578125 elapsed=768s
progress: nodes=13,380,000,000 tested=0 found=0 n=959379544128069165234375 elapsed=769s
progress: nodes=13,390,000,000 tested=0 found=0 n=668659031768079812109375 elapsed=770s
progress: nodes=13,400,000,000 tested=0 found=0 n=367095701228697130078125 elapsed=771s
progress: nodes=13,410,000,000 tested=0 found=0 n=992504300697826034765625 elapsed=772s
progress: nodes=13,420,000,000 tested=0 found=0 n=992248387500958976953125 elapsed=772s
progress: nodes=13,430,000,000 tested=0 found=0 n=713032083211186676953125 elapsed=773s
progress: nodes=13,440,000,000 tested=0 found=0 n=666499523817564460546875 elapsed=774s
progress: nodes=13,450,000,000 tested=0 found=0 n=698043878899842273046875 elapsed=775s
progress: nodes=13,460,000,000 tested=0 found=0 n=1865568339042078515625 elapsed=776s
progress: nodes=13,470,000,000 tested=0 found=0 n=593677412093608386328125 elapsed=777s
progress: nodes=13,480,000,000 tested=0 found=0 n=833926314089762940234375 elapsed=777s
progress: nodes=13,490,000,000 tested=0 found=0 n=965043466373351281640625 elapsed=778s
progress: nodes=13,500,000,000 tested=0 found=0 n=504586369768134701953125 elapsed=779s
progress: nodes=13,510,000,000 tested=0 found=0 n=949950546403387018359375 elapsed=780s
progress: nodes=13,520,000,000 tested=0 found=0 n=606601513993488479296875 elapsed=781s
progress: nodes=13,530,000,000 tested=0 found=0 n=781150755675627523828125 elapsed=782s
progress: nodes=13,540,000,000 tested=0 found=0 n=749776842737776824609375 elapsed=782s
progress: nodes=13,550,000,000 tested=0 found=0 n=925317837942569813671875 elapsed=783s
progress: nodes=13,560,000,000 tested=0 found=0 n=737551343226693870703125 elapsed=784s
progress: nodes=13,570,000,000 tested=0 found=0 n=483284749993737746484375 elapsed=785s
progress: nodes=13,580,000,000 tested=0 found=0 n=746784878077378219921875 elapsed=786s
progress: nodes=13,590,000,000 tested=0 found=0 n=932720053906556862890625 elapsed=787s
progress: nodes=13,600,000,000 tested=0 found=0 n=893092908639978144140625 elapsed=787s
progress: nodes=13,610,000,000 tested=0 found=0 n=933205138475040762890625 elapsed=788s
progress: nodes=13,620,000,000 tested=0 found=0 n=840621294628207498828125 elapsed=789s
progress: nodes=13,630,000,000 tested=0 found=0 n=976859129688424498828125 elapsed=790s
progress: nodes=13,640,000,000 tested=0 found=0 n=463134252111934876171875 elapsed=791s
progress: nodes=13,650,000,000 tested=0 found=0 n=809559793806903678515625 elapsed=792s
progress: nodes=13,660,000,000 tested=0 found=0 n=777626532173413402734375 elapsed=792s
progress: nodes=13,670,000,000 tested=0 found=0 n=434639926749248433984375 elapsed=793s
progress: nodes=13,680,000,000 tested=0 found=0 n=859824671745471648046875 elapsed=794s
progress: nodes=13,690,000,000 tested=0 found=0 n=974417651199745976953125 elapsed=795s
progress: nodes=13,700,000,000 tested=0 found=0 n=950104137692388898828125 elapsed=796s
progress: nodes=13,710,000,000 tested=0 found=0 n=985441387918472216015625 elapsed=797s
progress: nodes=13,720,000,000 tested=0 found=0 n=762961023406565891015625 elapsed=797s
progress: nodes=13,730,000,000 tested=0 found=0 n=668915163291694468359375 elapsed=798s
progress: nodes=13,740,000,000 tested=0 found=0 n=407706817075083551953125 elapsed=799s
progress: nodes=13,750,000,000 tested=0 found=0 n=716853830782970731640625 elapsed=800s
progress: nodes=13,760,000,000 tested=0 found=0 n=880165576967255145703125 elapsed=801s
progress: nodes=13,770,000,000 tested=0 found=0 n=961470190893002213671875 elapsed=802s
progress: nodes=13,780,000,000 tested=0 found=0 n=385691129332558512890625 elapsed=802s
progress: nodes=13,790,000,000 tested=0 found=0 n=886765732106970336328125 elapsed=803s
progress: nodes=13,800,000,000 tested=0 found=0 n=767828863542446848828125 elapsed=804s
progress: nodes=13,810,000,000 tested=0 found=0 n=765119752491833694140625 elapsed=805s
progress: nodes=13,820,000,000 tested=0 found=0 n=548391332020509566015625 elapsed=806s
progress: nodes=13,830,000,000 tested=0 found=0 n=743634358323794398828125 elapsed=807s
progress: nodes=13,840,000,000 tested=0 found=0 n=885562526366853830859375 elapsed=808s
progress: nodes=13,850,000,000 tested=0 found=0 n=932069892324866354296875 elapsed=808s
progress: nodes=13,860,000,000 tested=0 found=0 n=594122067628349171484375 elapsed=809s
progress: nodes=13,870,000,000 tested=0 found=0 n=845022152205973332421875 elapsed=810s
progress: nodes=13,880,000,000 tested=0 found=0 n=758133752338060583203125 elapsed=811s
progress: nodes=13,890,000,000 tested=0 found=0 n=992496750826636416796875 elapsed=812s
progress: nodes=13,900,000,000 tested=0 found=0 n=861322967133637426171875 elapsed=813s
progress: nodes=13,910,000,000 tested=0 found=0 n=886039120177825672265625 elapsed=813s
progress: nodes=13,920,000,000 tested=0 found=0 n=843457466747555859375 elapsed=814s
progress: nodes=13,930,000,000 tested=0 found=0 n=813783538519201451953125 elapsed=815s
progress: nodes=13,940,000,000 tested=0 found=0 n=734398395697173912890625 elapsed=816s
progress: nodes=13,950,000,000 tested=0 found=0 n=930351738511908551953125 elapsed=817s
progress: nodes=13,960,000,000 tested=0 found=0 n=727928720589983614453125 elapsed=818s
progress: nodes=13,970,000,000 tested=0 found=0 n=591815525563972501171875 elapsed=819s
progress: nodes=13,980,000,000 tested=0 found=0 n=976551979992911940234375 elapsed=819s
progress: nodes=13,990,000,000 tested=0 found=0 n=420735539814465730078125 elapsed=820s
progress: nodes=14,000,000,000 tested=0 found=0 n=686868887387193830859375 elapsed=821s
progress: nodes=14,010,000,000 tested=0 found=0 n=795038367816304695703125 elapsed=822s
progress: nodes=14,020,000,000 tested=0 found=0 n=661579384618317090234375 elapsed=823s
progress: nodes=14,030,000,000 tested=0 found=0 n=248728235648497133203125 elapsed=824s
progress: nodes=14,040,000,000 tested=0 found=0 n=419870473297806441796875 elapsed=825s
progress: nodes=14,050,000,000 tested=0 found=0 n=378705701667326691796875 elapsed=826s
progress: nodes=14,060,000,000 tested=0 found=0 n=909002507501705319140625 elapsed=827s
progress: nodes=14,070,000,000 tested=0 found=0 n=665622658980431483203125 elapsed=827s
progress: nodes=14,080,000,000 tested=0 found=0 n=912084732288330704296875 elapsed=828s
progress: nodes=14,090,000,000 tested=0 found=0 n=711770099129160289453125 elapsed=829s
progress: nodes=14,100,000,000 tested=0 found=0 n=832742756988314635546875 elapsed=830s
progress: nodes=14,110,000,000 tested=0 found=0 n=910261000032719298046875 elapsed=831s
progress: nodes=14,120,000,000 tested=0 found=0 n=783725383013492042578125 elapsed=832s
progress: nodes=14,130,000,000 tested=0 found=0 n=799624426467253032421875 elapsed=833s
progress: nodes=14,140,000,000 tested=0 found=0 n=835748493307088199609375 elapsed=834s
progress: nodes=14,150,000,000 tested=0 found=0 n=649554658937439866015625 elapsed=835s
progress: nodes=14,160,000,000 tested=0 found=0 n=975742996403194323046875 elapsed=835s
progress: nodes=14,170,000,000 tested=0 found=0 n=666817725122276951953125 elapsed=836s
progress: nodes=14,180,000,000 tested=0 found=0 n=866233344919545010546875 elapsed=837s
progress: nodes=14,190,000,000 tested=0 found=0 n=814663897623632499609375 elapsed=838s
progress: nodes=14,200,000,000 tested=0 found=0 n=390824856498886773046875 elapsed=839s
progress: nodes=14,210,000,000 tested=0 found=0 n=356922303354794422265625 elapsed=840s
progress: nodes=14,220,000,000 tested=0 found=0 n=955086238291374994921875 elapsed=841s
progress: nodes=14,230,000,000 tested=0 found=0 n=580497520972924487109375 elapsed=842s
progress: nodes=14,240,000,000 tested=0 found=0 n=682980848448547932421875 elapsed=843s
progress: nodes=14,250,000,000 tested=0 found=0 n=627252834888611623828125 elapsed=843s
progress: nodes=14,260,000,000 tested=0 found=0 n=556460166153258984375 elapsed=844s
progress: nodes=14,270,000,000 tested=0 found=0 n=734071545658976108203125 elapsed=845s
progress: nodes=14,280,000,000 tested=0 found=0 n=648222692619250430859375 elapsed=846s
progress: nodes=14,290,000,000 tested=0 found=0 n=661029137425502110546875 elapsed=847s
progress: nodes=14,300,000,000 tested=0 found=0 n=942629454421528848046875 elapsed=848s
progress: nodes=14,310,000,000 tested=0 found=0 n=487630548712586541796875 elapsed=849s
progress: nodes=14,320,000,000 tested=0 found=0 n=515431965438564191015625 elapsed=850s
progress: nodes=14,330,000,000 tested=0 found=0 n=422273022238246665234375 elapsed=851s
progress: nodes=14,340,000,000 tested=0 found=0 n=969967686008739090234375 elapsed=851s
progress: nodes=14,350,000,000 tested=0 found=0 n=811731860188977505078125 elapsed=852s
progress: nodes=14,360,000,000 tested=0 found=0 n=630578060013313796484375 elapsed=853s
progress: nodes=14,370,000,000 tested=0 found=0 n=825835621994857817578125 elapsed=854s
progress: nodes=14,380,000,000 tested=0 found=0 n=445396904699140698046875 elapsed=855s
progress: nodes=14,390,000,000 tested=0 found=0 n=627357899651022671484375 elapsed=856s
progress: nodes=14,400,000,000 tested=0 found=0 n=832385611783979975390625 elapsed=857s
progress: nodes=14,410,000,000 tested=0 found=0 n=856601777234128032421875 elapsed=858s
progress: nodes=14,420,000,000 tested=0 found=0 n=978766673746556591015625 elapsed=858s
progress: nodes=14,430,000,000 tested=0 found=0 n=961814827719336821484375 elapsed=859s
progress: nodes=14,440,000,000 tested=0 found=0 n=913295391093217571484375 elapsed=860s
progress: nodes=14,450,000,000 tested=0 found=0 n=769972867404118034765625 elapsed=861s
progress: nodes=14,460,000,000 tested=0 found=0 n=850296675536796997265625 elapsed=862s
progress: nodes=14,470,000,000 tested=0 found=0 n=755438838269459192578125 elapsed=863s
progress: nodes=14,480,000,000 tested=0 found=0 n=785876602278713382421875 elapsed=864s
progress: nodes=14,490,000,000 tested=0 found=0 n=618523558394938337109375 elapsed=865s
progress: nodes=14,500,000,000 tested=0 found=0 n=472744833323929766015625 elapsed=865s
progress: nodes=14,510,000,000 tested=0 found=0 n=896869890196695305859375 elapsed=866s
progress: nodes=14,520,000,000 tested=0 found=0 n=532754125849944010546875 elapsed=867s
progress: nodes=14,530,000,000 tested=0 found=0 n=426668156250832508203125 elapsed=868s
progress: nodes=14,540,000,000 tested=0 found=0 n=922901085855377307421875 elapsed=869s
progress: nodes=14,550,000,000 tested=0 found=0 n=799711380463237055859375 elapsed=870s
progress: nodes=14,560,000,000 tested=0 found=0 n=594886036442714117578125 elapsed=871s
progress: nodes=14,570,000,000 tested=0 found=0 n=935596507667144283984375 elapsed=872s
progress: nodes=14,580,000,000 tested=0 found=0 n=775581999757079122265625 elapsed=872s
progress: nodes=14,590,000,000 tested=0 found=0 n=709763840070740722265625 elapsed=873s
progress: nodes=14,600,000,000 tested=0 found=0 n=373660926505163588671875 elapsed=874s
progress: nodes=14,610,000,000 tested=0 found=0 n=802239662737807168359375 elapsed=875s
progress: nodes=14,620,000,000 tested=0 found=0 n=396526648871642656640625 elapsed=876s
progress: nodes=14,630,000,000 tested=0 found=0 n=990557993296251741796875 elapsed=877s
progress: nodes=14,640,000,000 tested=0 found=0 n=795099266764972653515625 elapsed=878s
progress: nodes=14,650,000,000 tested=0 found=0 n=810092277876879460546875 elapsed=889s
progress: nodes=14,660,000,000 tested=0 found=0 n=758024943304234714453125 elapsed=891s
progress: nodes=14,670,000,000 tested=0 found=0 n=770064292469781903515625 elapsed=892s
progress: nodes=14,680,000,000 tested=0 found=0 n=897421821589172562890625 elapsed=892s
progress: nodes=14,690,000,000 tested=0 found=0 n=538666487919767534765625 elapsed=893s
progress: nodes=14,700,000,000 tested=0 found=0 n=384305694597073515234375 elapsed=894s
progress: nodes=14,710,000,000 tested=0 found=0 n=453988916549964636328125 elapsed=895s
progress: nodes=14,720,000,000 tested=0 found=0 n=506197275719901472265625 elapsed=896s
progress: nodes=14,730,000,000 tested=0 found=0 n=921671706896457141796875 elapsed=897s
progress: nodes=14,740,000,000 tested=0 found=0 n=803620558325688043359375 elapsed=898s
progress: nodes=14,750,000,000 tested=0 found=0 n=789098597305225491796875 elapsed=898s
progress: nodes=14,760,000,000 tested=0 found=0 n=467718814061455468359375 elapsed=899s
progress: nodes=14,770,000,000 tested=0 found=0 n=895691612958316491796875 elapsed=900s
progress: nodes=14,780,000,000 tested=0 found=0 n=487413168697230999609375 elapsed=901s
progress: nodes=14,790,000,000 tested=0 found=0 n=492071829388741993359375 elapsed=902s
progress: nodes=14,800,000,000 tested=0 found=0 n=856929345981546273046875 elapsed=903s
progress: nodes=14,810,000,000 tested=0 found=0 n=788361796819362033984375 elapsed=904s
progress: nodes=14,820,000,000 tested=0 found=0 n=616123555986542445703125 elapsed=904s
progress: nodes=14,830,000,000 tested=0 found=0 n=551850760974454231640625 elapsed=905s
progress: nodes=14,840,000,000 tested=0 found=0 n=726925320959779592578125 elapsed=906s
progress: nodes=14,850,000,000 tested=0 found=0 n=769944415037407512890625 elapsed=907s
progress: nodes=14,860,000,000 tested=0 found=0 n=697512931737695919140625 elapsed=908s
progress: nodes=14,870,000,000 tested=0 found=0 n=952023663447840959765625 elapsed=909s
progress: nodes=14,880,000,000 tested=0 found=0 n=796399260998704055859375 elapsed=909s
progress: nodes=14,890,000,000 tested=0 found=0 n=847376378280270776953125 elapsed=910s
progress: nodes=14,900,000,000 tested=0 found=0 n=737621311774126531640625 elapsed=911s
progress: nodes=14,910,000,000 tested=0 found=0 n=799604171286553887890625 elapsed=912s
progress: nodes=14,920,000,000 tested=0 found=0 n=887557860257360776171875 elapsed=913s
progress: nodes=14,930,000,000 tested=0 found=0 n=761042123944502980078125 elapsed=914s
progress: nodes=14,940,000,000 tested=0 found=0 n=489315797525501602734375 elapsed=915s
progress: nodes=14,950,000,000 tested=0 found=0 n=612356237117609157421875 elapsed=916s
progress: nodes=14,960,000,000 tested=0 found=0 n=892984425049967030859375 elapsed=916s
progress: nodes=14,970,000,000 tested=0 found=0 n=991642974915358128515625 elapsed=917s
progress: nodes=14,980,000,000 tested=0 found=0 n=789207274802134430859375 elapsed=918s
progress: nodes=14,990,000,000 tested=0 found=0 n=559476444721191795703125 elapsed=919s
progress: nodes=15,000,000,000 tested=0 found=0 n=257943557075005712109375 elapsed=920s
progress: nodes=15,010,000,000 tested=0 found=0 n=950407955844023647265625 elapsed=921s
progress: nodes=15,020,000,000 tested=0 found=0 n=397504075518374691796875 elapsed=922s
progress: nodes=15,030,000,000 tested=0 found=0 n=827173793865554476171875 elapsed=922s
progress: nodes=15,040,000,000 tested=0 found=0 n=865964913266827184765625 elapsed=923s
progress: nodes=15,050,000,000 tested=0 found=0 n=966047789613512808984375 elapsed=924s
progress: nodes=15,060,000,000 tested=0 found=0 n=735567111384222343359375 elapsed=925s
progress: nodes=15,070,000,000 tested=0 found=0 n=653537033962171618359375 elapsed=926s
progress: nodes=15,080,000,000 tested=0 found=0 n=918613484927590173046875 elapsed=927s
progress: nodes=15,090,000,000 tested=0 found=0 n=464390840001249291796875 elapsed=928s
progress: nodes=15,100,000,000 tested=0 found=0 n=912187942054874680078125 elapsed=929s
progress: nodes=15,110,000,000 tested=0 found=0 n=933345476324700282421875 elapsed=930s
progress: nodes=15,120,000,000 tested=0 found=0 n=640507156765249756640625 elapsed=930s
progress: nodes=15,130,000,000 tested=0 found=0 n=772883847777870481640625 elapsed=931s
progress: nodes=15,140,000,000 tested=0 found=0 n=467199051619987873828125 elapsed=932s
progress: nodes=15,150,000,000 tested=0 found=0 n=908727006527826401953125 elapsed=933s
progress: nodes=15,160,000,000 tested=0 found=0 n=691268180553658163671875 elapsed=934s
progress: nodes=15,170,000,000 tested=0 found=0 n=749800647702990636328125 elapsed=935s
progress: nodes=15,180,000,000 tested=0 found=0 n=961510845676100452734375 elapsed=936s
progress: nodes=15,190,000,000 tested=0 found=0 n=837707765192481420703125 elapsed=937s
progress: nodes=15,200,000,000 tested=0 found=0 n=946206313083659190234375 elapsed=938s
progress: nodes=15,210,000,000 tested=0 found=0 n=922472354188356739453125 elapsed=938s
progress: nodes=15,220,000,000 tested=0 found=0 n=881904475056727430859375 elapsed=939s
progress: nodes=15,230,000,000 tested=0 found=0 n=388989596218927545703125 elapsed=940s
progress: nodes=15,240,000,000 tested=0 found=0 n=981366290692578101953125 elapsed=941s
progress: nodes=15,250,000,000 tested=0 found=0 n=500480320958748938671875 elapsed=942s
progress: nodes=15,260,000,000 tested=0 found=0 n=720630572726075073046875 elapsed=943s
progress: nodes=15,270,000,000 tested=0 found=0 n=556952065058501848828125 elapsed=944s
progress: nodes=15,280,000,000 tested=0 found=0 n=905647126457025678515625 elapsed=945s
progress: nodes=15,290,000,000 tested=0 found=0 n=990686826494405223046875 elapsed=946s
progress: nodes=15,300,000,000 tested=0 found=0 n=668916318634937574609375 elapsed=946s
progress: nodes=15,310,000,000 tested=0 found=0 n=887332137691974085546875 elapsed=947s
progress: nodes=15,320,000,000 tested=0 found=0 n=972593271779129356640625 elapsed=948s
progress: nodes=15,330,000,000 tested=0 found=0 n=540134043259989118359375 elapsed=949s
progress: nodes=15,340,000,000 tested=0 found=0 n=529086176215160037890625 elapsed=950s
progress: nodes=15,350,000,000 tested=0 found=0 n=437756944734857640234375 elapsed=951s
progress: nodes=15,360,000,000 tested=0 found=0 n=740147578556366745703125 elapsed=952s
progress: nodes=15,370,000,000 tested=0 found=0 n=444710139829112063671875 elapsed=953s
progress: nodes=15,380,000,000 tested=0 found=0 n=896401959483914799609375 elapsed=954s
progress: nodes=15,390,000,000 tested=0 found=0 n=820438270996551113671875 elapsed=955s
progress: nodes=15,400,000,000 tested=0 found=0 n=801718736027963312109375 elapsed=955s
progress: nodes=15,410,000,000 tested=0 found=0 n=411330175579829640234375 elapsed=956s
progress: nodes=15,420,000,000 tested=0 found=0 n=473672667003592405078125 elapsed=957s
progress: nodes=15,430,000,000 tested=0 found=0 n=857867093734038957421875 elapsed=958s
progress: nodes=15,440,000,000 tested=0 found=0 n=916396006876020270703125 elapsed=959s
progress: nodes=15,450,000,000 tested=0 found=0 n=995345471514255507421875 elapsed=960s
progress: nodes=15,460,000,000 tested=0 found=0 n=953041743693685606640625 elapsed=961s
progress: nodes=15,470,000,000 tested=0 found=0 n=901156561249137922265625 elapsed=962s
progress: nodes=15,480,000,000 tested=0 found=0 n=580785372860612790234375 elapsed=963s
progress: nodes=15,490,000,000 tested=0 found=0 n=486860113863280613671875 elapsed=964s
progress: nodes=15,500,000,000 tested=0 found=0 n=425603126249964390234375 elapsed=964s
progress: nodes=15,510,000,000 tested=0 found=0 n=735529582340697877734375 elapsed=965s
progress: nodes=15,520,000,000 tested=0 found=0 n=858214573634769359765625 elapsed=966s
progress: nodes=15,530,000,000 tested=0 found=0 n=380400534636265030078125 elapsed=967s
progress: nodes=15,540,000,000 tested=0 found=0 n=812602351662955231640625 elapsed=968s
progress: nodes=15,550,000,000 tested=0 found=0 n=955404252340172237109375 elapsed=969s
progress: nodes=15,560,000,000 tested=0 found=0 n=992609882113845483984375 elapsed=970s
progress: nodes=15,570,000,000 tested=0 found=0 n=707502145023412780078125 elapsed=971s
progress: nodes=15,580,000,000 tested=0 found=0 n=950145144622901223046875 elapsed=971s
progress: nodes=15,590,000,000 tested=0 found=0 n=761788126734652269140625 elapsed=972s
progress: nodes=15,600,000,000 tested=0 found=0 n=991733404683715766015625 elapsed=973s
progress: nodes=15,610,000,000 tested=0 found=0 n=87823065141720987890625 elapsed=974s
progress: nodes=15,620,000,000 tested=0 found=0 n=537974570502809124609375 elapsed=975s
progress: nodes=15,630,000,000 tested=0 found=0 n=813795549737838176953125 elapsed=976s
progress: nodes=15,640,000,000 tested=0 found=0 n=839399617819775190234375 elapsed=977s
progress: nodes=15,650,000,000 tested=0 found=0 n=587950750361461278515625 elapsed=978s
progress: nodes=15,660,000,000 tested=0 found=0 n=750708360138901144921875 elapsed=979s
progress: nodes=15,670,000,000 tested=0 found=0 n=984950579965173563671875 elapsed=979s
progress: nodes=15,680,000,000 tested=0 found=0 n=519403917057939903515625 elapsed=980s
progress: nodes=15,690,000,000 tested=0 found=0 n=427841847545199514453125 elapsed=981s
progress: nodes=15,700,000,000 tested=0 found=0 n=962838493478698250390625 elapsed=982s
progress: nodes=15,710,000,000 tested=0 found=0 n=785255348139902616796875 elapsed=983s
progress: nodes=15,720,000,000 tested=0 found=0 n=935884171266955801171875 elapsed=984s
progress: nodes=15,730,000,000 tested=0 found=0 n=987296534444130655078125 elapsed=985s
progress: nodes=15,740,000,000 tested=0 found=0 n=983015530296197874609375 elapsed=986s
progress: nodes=15,750,000,000 tested=0 found=0 n=835355969699932170703125 elapsed=986s
progress: nodes=15,760,000,000 tested=0 found=0 n=860593666916743843359375 elapsed=987s
progress: nodes=15,770,000,000 tested=0 found=0 n=924019824624594753515625 elapsed=988s
progress: nodes=15,780,000,000 tested=0 found=0 n=673095501788705673046875 elapsed=989s
progress: nodes=15,790,000,000 tested=0 found=0 n=662102636584275987890625 elapsed=990s
progress: nodes=15,800,000,000 tested=0 found=0 n=316455789132630868359375 elapsed=991s
progress: nodes=15,810,000,000 tested=0 found=0 n=262619028918981397265625 elapsed=992s
progress: nodes=15,820,000,000 tested=0 found=0 n=561345559136228921484375 elapsed=993s
progress: nodes=15,830,000,000 tested=0 found=0 n=995458029925614401953125 elapsed=994s
progress: nodes=15,840,000,000 tested=0 found=0 n=687235012814949212109375 elapsed=995s
progress: nodes=15,850,000,000 tested=0 found=0 n=105966454451213000390625 elapsed=995s
progress: nodes=15,860,000,000 tested=0 found=0 n=784729286725581024609375 elapsed=996s
progress: nodes=15,870,000,000 tested=0 found=0 n=902367426146336609765625 elapsed=997s
progress: nodes=15,880,000,000 tested=0 found=0 n=309062339251207252734375 elapsed=998s
progress: nodes=15,890,000,000 tested=0 found=0 n=660531187378943216015625 elapsed=999s
progress: nodes=15,900,000,000 tested=0 found=0 n=831293695324259307421875 elapsed=1000s
progress: nodes=15,910,000,000 tested=0 found=0 n=338166682295093166796875 elapsed=1001s
progress: nodes=15,920,000,000 tested=0 found=0 n=827377535067746579296875 elapsed=1002s
progress: nodes=15,930,000,000 tested=0 found=0 n=520468478351518756640625 elapsed=1003s
progress: nodes=15,940,000,000 tested=0 found=0 n=891112949539124516015625 elapsed=1004s
progress: nodes=15,950,000,000 tested=0 found=0 n=792771103947347082421875 elapsed=1005s
progress: nodes=15,960,000,000 tested=0 found=0 n=982267388174660530078125 elapsed=1005s
progress: nodes=15,970,000,000 tested=0 found=0 n=704093239928791620703125 elapsed=1006s
progress: nodes=15,980,000,000 tested=0 found=0 n=332640918877955389453125 elapsed=1007s
progress: nodes=15,990,000,000 tested=0 found=0 n=998637913346769312890625 elapsed=1008s
progress: nodes=16,000,000,000 tested=0 found=0 n=347550435995520617578125 elapsed=1009s
progress: nodes=16,010,000,000 tested=0 found=0 n=966845605660982862890625 elapsed=1010s
progress: nodes=16,020,000,000 tested=0 found=0 n=698843273604167316796875 elapsed=1011s
progress: nodes=16,030,000,000 tested=0 found=0 n=620346447453895323046875 elapsed=1012s
progress: nodes=16,040,000,000 tested=0 found=0 n=986678950207405137890625 elapsed=1013s
progress: nodes=16,050,000,000 tested=0 found=0 n=491029049376516350390625 elapsed=1013s
progress: nodes=16,060,000,000 tested=0 found=0 n=949159356901592937890625 elapsed=1014s
progress: nodes=16,070,000,000 tested=0 found=0 n=863495945214116684765625 elapsed=1015s
progress: nodes=16,080,000,000 tested=0 found=0 n=681674351353774878515625 elapsed=1016s
progress: nodes=16,090,000,000 tested=0 found=0 n=896155839465366575390625 elapsed=1017s
progress: nodes=16,100,000,000 tested=0 found=0 n=392141275368258526171875 elapsed=1018s
progress: nodes=16,110,000,000 tested=0 found=0 n=353546761110391058203125 elapsed=1019s
progress: nodes=16,120,000,000 tested=0 found=0 n=599247762573738751171875 elapsed=1020s
progress: nodes=16,130,000,000 tested=0 found=0 n=880506875598180226171875 elapsed=1021s
progress: nodes=16,140,000,000 tested=0 found=0 n=499384875997435995703125 elapsed=1021s
progress: nodes=16,150,000,000 tested=0 found=0 n=561341304689258401171875 elapsed=1022s
progress: nodes=16,160,000,000 tested=0 found=0 n=855626079880740132421875 elapsed=1023s
progress: nodes=16,170,000,000 tested=0 found=0 n=822641662749707483203125 elapsed=1024s
progress: nodes=16,180,000,000 tested=0 found=0 n=891767564263535579296875 elapsed=1025s
progress: nodes=16,190,000,000 tested=0 found=0 n=385591554840747195703125 elapsed=1026s
progress: nodes=16,200,000,000 tested=0 found=0 n=890746486572435577734375 elapsed=1027s
progress: nodes=16,210,000,000 tested=0 found=0 n=348090847602236616796875 elapsed=1027s
progress: nodes=16,220,000,000 tested=0 found=0 n=586572834004368401953125 elapsed=1028s
progress: nodes=16,230,000,000 tested=0 found=0 n=992707217442128576953125 elapsed=1029s
progress: nodes=16,240,000,000 tested=0 found=0 n=538957103840971780078125 elapsed=1030s
progress: nodes=16,250,000,000 tested=0 found=0 n=369607648802671473046875 elapsed=1031s
progress: nodes=16,260,000,000 tested=0 found=0 n=932244176232888866015625 elapsed=1032s
progress: nodes=16,270,000,000 tested=0 found=0 n=990294691845959117578125 elapsed=1033s
progress: nodes=16,280,000,000 tested=0 found=0 n=550877639555230955859375 elapsed=1034s
progress: nodes=16,290,000,000 tested=0 found=0 n=938889309874456269140625 elapsed=1034s
progress: nodes=16,300,000,000 tested=0 found=0 n=704808081914754687890625 elapsed=1035s
progress: nodes=16,310,000,000 tested=0 found=0 n=671044733591814411328125 elapsed=1036s
progress: nodes=16,320,000,000 tested=0 found=0 n=246947762688783092578125 elapsed=1037s
progress: nodes=16,330,000,000 tested=0 found=0 n=964687431706371488671875 elapsed=1038s
progress: nodes=16,340,000,000 tested=0 found=0 n=926238376222907305078125 elapsed=1039s
progress: nodes=16,350,000,000 tested=0 found=0 n=827866648903535342578125 elapsed=1040s
progress: nodes=16,360,000,000 tested=0 found=0 n=369902183528056819921875 elapsed=1040s
progress: nodes=16,370,000,000 tested=0 found=0 n=759712236809049446484375 elapsed=1041s
progress: nodes=16,380,000,000 tested=0 found=0 n=948503188223615591015625 elapsed=1042s
progress: nodes=16,390,000,000 tested=0 found=0 n=654150510481170385546875 elapsed=1043s
progress: nodes=16,400,000,000 tested=0 found=0 n=851453323267647877734375 elapsed=1044s
progress: nodes=16,410,000,000 tested=0 found=0 n=751070471716062854296875 elapsed=1045s
progress: nodes=16,420,000,000 tested=0 found=0 n=934111355166900783984375 elapsed=1046s
progress: nodes=16,430,000,000 tested=0 found=0 n=898657469264500906640625 elapsed=1047s
progress: nodes=16,440,000,000 tested=0 found=0 n=627011693390518076953125 elapsed=1047s
progress: nodes=16,450,000,000 tested=0 found=0 n=932082483163244930859375 elapsed=1048s
progress: nodes=16,460,000,000 tested=0 found=0 n=596160553092022655859375 elapsed=1049s
progress: nodes=16,470,000,000 tested=0 found=0 n=212198351596804662890625 elapsed=1050s
progress: nodes=16,480,000,000 tested=0 found=0 n=836133593248755101953125 elapsed=1051s
progress: nodes=16,490,000,000 tested=0 found=0 n=321653573362165313671875 elapsed=1052s
progress: nodes=16,500,000,000 tested=0 found=0 n=829646885035685049609375 elapsed=1053s
progress: nodes=16,510,000,000 tested=0 found=0 n=567954939096829698046875 elapsed=1053s
progress: nodes=16,520,000,000 tested=0 found=0 n=713521513796548707421875 elapsed=1054s
progress: nodes=16,530,000,000 tested=0 found=0 n=461519046285588805078125 elapsed=1055s
progress: nodes=16,540,000,000 tested=0 found=0 n=896254661738045633203125 elapsed=1056s
progress: nodes=16,550,000,000 tested=0 found=0 n=896567844847596191015625 elapsed=1057s
progress: nodes=16,560,000,000 tested=0 found=0 n=406986995032186812890625 elapsed=1058s
progress: nodes=16,570,000,000 tested=0 found=0 n=718042671180210505078125 elapsed=1059s
progress: nodes=16,580,000,000 tested=0 found=0 n=654973327896786692578125 elapsed=1060s
progress: nodes=16,590,000,000 tested=0 found=0 n=775897186152985758984375 elapsed=1060s
progress: nodes=16,600,000,000 tested=0 found=0 n=314451899268956792578125 elapsed=1061s
progress: nodes=16,610,000,000 tested=0 found=0 n=761967163078068195703125 elapsed=1062s
progress: nodes=16,620,000,000 tested=0 found=0 n=592055417379126898828125 elapsed=1063s
progress: nodes=16,630,000,000 tested=0 found=0 n=945100780041008984765625 elapsed=1064s
progress: nodes=16,640,000,000 tested=0 found=0 n=817987179224518991015625 elapsed=1065s
progress: nodes=16,650,000,000 tested=0 found=0 n=611919259220180007421875 elapsed=1066s
progress: nodes=16,660,000,000 tested=0 found=0 n=893338423720502241796875 elapsed=1066s
progress: nodes=16,670,000,000 tested=0 found=0 n=822188584397308489453125 elapsed=1067s
progress: nodes=16,680,000,000 tested=0 found=0 n=434846932727006598046875 elapsed=1068s
progress: nodes=16,690,000,000 tested=0 found=0 n=958241907526074922265625 elapsed=1069s
progress: nodes=16,700,000,000 tested=0 found=0 n=634435043556392757421875 elapsed=1070s
progress: nodes=16,710,000,000 tested=0 found=0 n=636054448307929393359375 elapsed=1071s
progress: nodes=16,720,000,000 tested=0 found=0 n=849228362430531999609375 elapsed=1072s
progress: nodes=16,730,000,000 tested=0 found=0 n=735681926908221085546875 elapsed=1073s
progress: nodes=16,740,000,000 tested=0 found=0 n=665682617546745317578125 elapsed=1073s
progress: nodes=16,750,000,000 tested=0 found=0 n=784935761318929184765625 elapsed=1074s
progress: nodes=16,760,000,000 tested=0 found=0 n=1799690561351834765625 elapsed=1075s
progress: nodes=16,770,000,000 tested=0 found=0 n=573787886823883887890625 elapsed=1076s
progress: nodes=16,780,000,000 tested=0 found=0 n=785825714583061801171875 elapsed=1077s
progress: nodes=16,790,000,000 tested=0 found=0 n=800989217698388129296875 elapsed=1078s
progress: nodes=16,800,000,000 tested=0 found=0 n=637266597711649730859375 elapsed=1079s
progress: nodes=16,810,000,000 tested=0 found=0 n=510212336149501386328125 elapsed=1079s
progress: nodes=16,820,000,000 tested=0 found=0 n=506248995230911079296875 elapsed=1080s
progress: nodes=16,830,000,000 tested=0 found=0 n=219583314490961991796875 elapsed=1081s
progress: nodes=16,840,000,000 tested=0 found=0 n=465511496563859122265625 elapsed=1082s
progress: nodes=16,850,000,000 tested=0 found=0 n=547013886013421694140625 elapsed=1083s
progress: nodes=16,860,000,000 tested=0 found=0 n=797760579735357317578125 elapsed=1084s
progress: nodes=16,870,000,000 tested=0 found=0 n=824834487586865108203125 elapsed=1085s
progress: nodes=16,880,000,000 tested=0 found=0 n=655368089323844647265625 elapsed=1085s
progress: nodes=16,890,000,000 tested=0 found=0 n=909838356659741527734375 elapsed=1086s
progress: nodes=16,900,000,000 tested=0 found=0 n=471443629210388497265625 elapsed=1087s
progress: nodes=16,910,000,000 tested=0 found=0 n=753513203238036901171875 elapsed=1088s
progress: nodes=16,920,000,000 tested=0 found=0 n=921052516052519412890625 elapsed=1089s
progress: nodes=16,930,000,000 tested=0 found=0 n=969894157366835778515625 elapsed=1090s
progress: nodes=16,940,000,000 tested=0 found=0 n=388429951766795180859375 elapsed=1091s
progress: nodes=16,950,000,000 tested=0 found=0 n=518687456062714653515625 elapsed=1092s
progress: nodes=16,960,000,000 tested=0 found=0 n=916485756074308290234375 elapsed=1092s
progress: nodes=16,970,000,000 tested=0 found=0 n=633529334135112563671875 elapsed=1093s
progress: nodes=16,980,000,000 tested=0 found=0 n=781083966914738089453125 elapsed=1094s
progress: nodes=16,990,000,000 tested=0 found=0 n=782584765669892148046875 elapsed=1095s
progress: nodes=17,000,000,000 tested=0 found=0 n=258519122516114869921875 elapsed=1096s
progress: nodes=17,010,000,000 tested=0 found=0 n=730101327345152644921875 elapsed=1099s
progress: nodes=17,020,000,000 tested=0 found=0 n=449431544332541576953125 elapsed=1100s
progress: nodes=17,030,000,000 tested=0 found=0 n=641091005258491515234375 elapsed=1101s
progress: nodes=17,040,000,000 tested=0 found=0 n=976718692352468084765625 elapsed=1102s
progress: nodes=17,050,000,000 tested=0 found=0 n=446830343798700765234375 elapsed=1102s
progress: nodes=17,060,000,000 tested=0 found=0 n=856488306742645074609375 elapsed=1103s
progress: nodes=17,070,000,000 tested=0 found=0 n=794924993008023268359375 elapsed=1104s
progress: nodes=17,080,000,000 tested=0 found=0 n=393207720509206930078125 elapsed=1105s
progress: nodes=17,090,000,000 tested=0 found=0 n=629473250973264676171875 elapsed=1106s
progress: nodes=17,100,000,000 tested=0 found=0 n=927226872805413687890625 elapsed=1107s
progress: nodes=17,110,000,000 tested=0 found=0 n=725678484374669705859375 elapsed=1108s
progress: nodes=17,120,000,000 tested=0 found=0 n=959338594691103090234375 elapsed=1109s
progress: nodes=17,130,000,000 tested=0 found=0 n=619662831590034516796875 elapsed=1109s
progress: nodes=17,140,000,000 tested=0 found=0 n=483309891693897584765625 elapsed=1110s
progress: nodes=17,150,000,000 tested=0 found=0 n=998981137768419390234375 elapsed=1111s
progress: nodes=17,160,000,000 tested=0 found=0 n=553407089482662795703125 elapsed=1112s
progress: nodes=17,170,000,000 tested=0 found=0 n=799194207699375352734375 elapsed=1113s
progress: nodes=17,180,000,000 tested=0 found=0 n=940817962209761251171875 elapsed=1114s
progress: nodes=17,190,000,000 tested=0 found=0 n=564046720793420867578125 elapsed=1115s
progress: nodes=17,200,000,000 tested=0 found=0 n=345497104612352485546875 elapsed=1115s
progress: nodes=17,210,000,000 tested=0 found=0 n=543625134021813666796875 elapsed=1116s
progress: nodes=17,220,000,000 tested=0 found=0 n=704520393105846526171875 elapsed=1117s
progress: nodes=17,230,000,000 tested=0 found=0 n=863516195428426456640625 elapsed=1118s
progress: nodes=17,240,000,000 tested=0 found=0 n=939764071021185003515625 elapsed=1119s
progress: nodes=17,250,000,000 tested=0 found=0 n=509321532019328518359375 elapsed=1120s
progress: nodes=17,260,000,000 tested=0 found=0 n=902209242612318648046875 elapsed=1121s
progress: nodes=17,270,000,000 tested=0 found=0 n=934985687216594874609375 elapsed=1122s
progress: nodes=17,280,000,000 tested=0 found=0 n=453318087752910664453125 elapsed=1122s
progress: nodes=17,290,000,000 tested=0 found=0 n=556355982986064460546875 elapsed=1123s
progress: nodes=17,300,000,000 tested=0 found=0 n=780723467671078761328125 elapsed=1124s
progress: nodes=17,310,000,000 tested=0 found=0 n=872991792900724496484375 elapsed=1125s
progress: nodes=17,320,000,000 tested=0 found=0 n=649072550592007407421875 elapsed=1126s
progress: nodes=17,330,000,000 tested=0 found=0 n=792596075775301501171875 elapsed=1127s
progress: nodes=17,340,000,000 tested=0 found=0 n=889747549302129233203125 elapsed=1128s
progress: nodes=17,350,000,000 tested=0 found=0 n=641524431770974086328125 elapsed=1129s
progress: nodes=17,360,000,000 tested=0 found=0 n=792099012771167797265625 elapsed=1129s
progress: nodes=17,370,000,000 tested=0 found=0 n=755668358623298471484375 elapsed=1130s
progress: nodes=17,380,000,000 tested=0 found=0 n=360617798690598062109375 elapsed=1131s
progress: nodes=17,390,000,000 tested=0 found=0 n=325583145849154475390625 elapsed=1132s
progress: nodes=17,400,000,000 tested=0 found=0 n=450744941634749940234375 elapsed=1133s
progress: nodes=17,410,000,000 tested=0 found=0 n=762895654891095167578125 elapsed=1134s
progress: nodes=17,420,000,000 tested=0 found=0 n=229305113705646425390625 elapsed=1135s
progress: nodes=17,430,000,000 tested=0 found=0 n=728985964526025718359375 elapsed=1136s
progress: nodes=17,440,000,000 tested=0 found=0 n=918277878227457167578125 elapsed=1137s
progress: nodes=17,450,000,000 tested=0 found=0 n=390786418664244629296875 elapsed=1138s
progress: nodes=17,460,000,000 tested=0 found=0 n=377260976066075075390625 elapsed=1139s
progress: nodes=17,470,000,000 tested=0 found=0 n=769498554131092719140625 elapsed=1139s
progress: nodes=17,480,000,000 tested=0 found=0 n=854377365041225012109375 elapsed=1140s
progress: nodes=17,490,000,000 tested=0 found=0 n=793086698986573805859375 elapsed=1141s
progress: nodes=17,500,000,000 tested=0 found=0 n=690911724505629631640625 elapsed=1142s
progress: nodes=17,510,000,000 tested=0 found=0 n=593262085418709880078125 elapsed=1143s
progress: nodes=17,520,000,000 tested=0 found=0 n=272050305372466280859375 elapsed=1144s
progress: nodes=17,530,000,000 tested=0 found=0 n=780403333736523118359375 elapsed=1145s
progress: nodes=17,540,000,000 tested=0 found=0 n=527378558578972688671875 elapsed=1146s
progress: nodes=17,550,000,000 tested=0 found=0 n=962075086522615866796875 elapsed=1147s
progress: nodes=17,560,000,000 tested=0 found=0 n=428375555711351827734375 elapsed=1148s
progress: nodes=17,570,000,000 tested=0 found=0 n=432407509500240256640625 elapsed=1149s
progress: nodes=17,580,000,000 tested=0 found=0 n=698026590720536459765625 elapsed=1150s
progress: nodes=17,590,000,000 tested=0 found=0 n=709695253783368277734375 elapsed=1150s
progress: nodes=17,600,000,000 tested=0 found=0 n=622027291622388648046875 elapsed=1151s
progress: nodes=17,610,000,000 tested=0 found=0 n=562000381108486456640625 elapsed=1152s
progress: nodes=17,620,000,000 tested=0 found=0 n=759940151132993544140625 elapsed=1153s
progress: nodes=17,630,000,000 tested=0 found=0 n=948511164566387541796875 elapsed=1154s
progress: nodes=17,640,000,000 tested=0 found=0 n=360931896177267512109375 elapsed=1155s
progress: nodes=17,650,000,000 tested=0 found=0 n=578711604154444238671875 elapsed=1156s
progress: nodes=17,660,000,000 tested=0 found=0 n=212997746284424848828125 elapsed=1157s
progress: nodes=17,670,000,000 tested=0 found=0 n=391085838159193662890625 elapsed=1158s
progress: nodes=17,680,000,000 tested=0 found=0 n=730521433256670116015625 elapsed=1159s
progress: nodes=17,690,000,000 tested=0 found=0 n=893158843579489768359375 elapsed=1160s
progress: nodes=17,700,000,000 tested=0 found=0 n=238858025986628644921875 elapsed=1161s
progress: nodes=17,710,000,000 tested=0 found=0 n=822818035087076956640625 elapsed=1161s
progress: nodes=17,720,000,000 tested=0 found=0 n=873643882701500251171875 elapsed=1162s
progress: nodes=17,730,000,000 tested=0 found=0 n=662546474368940351953125 elapsed=1163s
progress: nodes=17,740,000,000 tested=0 found=0 n=624082892340716054296875 elapsed=1164s
progress: nodes=17,750,000,000 tested=0 found=0 n=640771143926737918359375 elapsed=1165s
progress: nodes=17,760,000,000 tested=0 found=0 n=552972352351395835546875 elapsed=1166s
progress: nodes=17,770,000,000 tested=0 found=0 n=865075009295330792578125 elapsed=1167s
progress: nodes=17,780,000,000 tested=0 found=0 n=760868960166630137109375 elapsed=1168s
progress: nodes=17,790,000,000 tested=0 found=0 n=586462249693590226171875 elapsed=1169s
progress: nodes=17,800,000,000 tested=0 found=0 n=348708771338250842578125 elapsed=1170s
progress: nodes=17,810,000,000 tested=0 found=0 n=327922244170172708203125 elapsed=1170s
progress: nodes=17,820,000,000 tested=0 found=0 n=868497668716075934765625 elapsed=1171s
progress: nodes=17,830,000,000 tested=0 found=0 n=760411991161562966015625 elapsed=1172s
progress: nodes=17,840,000,000 tested=0 found=0 n=136981332295631961328125 elapsed=1173s
progress: nodes=17,850,000,000 tested=0 found=0 n=916330789863527684765625 elapsed=1174s
progress: nodes=17,860,000,000 tested=0 found=0 n=992329313388185527734375 elapsed=1175s
progress: nodes=17,870,000,000 tested=0 found=0 n=843091578470361090234375 elapsed=1176s
progress: nodes=17,880,000,000 tested=0 found=0 n=790751572182997308984375 elapsed=1177s
progress: nodes=17,890,000,000 tested=0 found=0 n=633582969930179581640625 elapsed=1178s
progress: nodes=17,900,000,000 tested=0 found=0 n=239668630979273989453125 elapsed=1179s
progress: nodes=17,910,000,000 tested=0 found=0 n=813676719174416715234375 elapsed=1179s
progress: nodes=17,920,000,000 tested=0 found=0 n=788356543277558204296875 elapsed=1180s
progress: nodes=17,930,000,000 tested=0 found=0 n=473900802343129205859375 elapsed=1181s
progress: nodes=17,940,000,000 tested=0 found=0 n=723949651215897162890625 elapsed=1182s
progress: nodes=17,950,000,000 tested=0 found=0 n=722940816814084030078125 elapsed=1183s
progress: nodes=17,960,000,000 tested=0 found=0 n=983559429172150526953125 elapsed=1184s
progress: nodes=17,970,000,000 tested=0 found=0 n=945530494947816641015625 elapsed=1185s
progress: nodes=17,980,000,000 tested=0 found=0 n=840058391553426594140625 elapsed=1186s
progress: nodes=17,990,000,000 tested=0 found=0 n=335248707816981453515625 elapsed=1187s
progress: nodes=18,000,000,000 tested=0 found=0 n=632682742833818673046875 elapsed=1188s
progress: nodes=18,010,000,000 tested=0 found=0 n=933812607568570344140625 elapsed=1188s
progress: nodes=18,020,000,000 tested=0 found=0 n=923760308380718415234375 elapsed=1189s
progress: nodes=18,030,000,000 tested=0 found=0 n=927594222499128898828125 elapsed=1190s
progress: nodes=18,040,000,000 tested=0 found=0 n=697796084459915293359375 elapsed=1191s
progress: nodes=18,050,000,000 tested=0 found=0 n=472249620089283132421875 elapsed=1192s
progress: nodes=18,060,000,000 tested=0 found=0 n=728021915896277358984375 elapsed=1193s
progress: nodes=18,070,000,000 tested=0 found=0 n=386529076636919145703125 elapsed=1194s
progress: nodes=18,080,000,000 tested=0 found=0 n=564275965425569989453125 elapsed=1195s
progress: nodes=18,090,000,000 tested=0 found=0 n=501459576245826992578125 elapsed=1196s
progress: nodes=18,100,000,000 tested=0 found=0 n=976851070269116276953125 elapsed=1197s
progress: nodes=18,110,000,000 tested=0 found=0 n=907134877776754030078125 elapsed=1197s
progress: nodes=18,120,000,000 tested=0 found=0 n=686105726197531960546875 elapsed=1198s
progress: nodes=18,130,000,000 tested=0 found=0 n=667221868960647605859375 elapsed=1199s
progress: nodes=18,140,000,000 tested=0 found=0 n=532628945889440206640625 elapsed=1200s
progress: nodes=18,150,000,000 tested=0 found=0 n=790488410005052588671875 elapsed=1201s
progress: nodes=18,160,000,000 tested=0 found=0 n=356234617476729917578125 elapsed=1202s
progress: nodes=18,170,000,000 tested=0 found=0 n=765333851640259777734375 elapsed=1203s
progress: nodes=18,180,000,000 tested=0 found=0 n=837740930562049116796875 elapsed=1204s
progress: nodes=18,190,000,000 tested=0 found=0 n=613025529647192075390625 elapsed=1205s
progress: nodes=18,200,000,000 tested=0 found=0 n=938369306920070218359375 elapsed=1205s
progress: nodes=18,210,000,000 tested=0 found=0 n=903529997881655473828125 elapsed=1206s
progress: nodes=18,220,000,000 tested=0 found=0 n=893248738846888630078125 elapsed=1207s
progress: nodes=18,230,000,000 tested=0 found=0 n=608817572573834598046875 elapsed=1208s
progress: nodes=18,240,000,000 tested=0 found=0 n=595258825894065080859375 elapsed=1209s
progress: nodes=18,250,000,000 tested=0 found=0 n=666049123122836874609375 elapsed=1210s
progress: nodes=18,260,000,000 tested=0 found=0 n=428893083899448570703125 elapsed=1211s
progress: nodes=18,270,000,000 tested=0 found=0 n=661734209657788562109375 elapsed=1211s
progress: nodes=18,280,000,000 tested=0 found=0 n=838784029463025331640625 elapsed=1212s
progress: nodes=18,290,000,000 tested=0 found=0 n=583687632667915578515625 elapsed=1213s
progress: nodes=18,300,000,000 tested=0 found=0 n=491792606032336344140625 elapsed=1214s
progress: nodes=18,310,000,000 tested=0 found=0 n=777402779901470391796875 elapsed=1215s
progress: nodes=18,320,000,000 tested=0 found=0 n=749558294384627436328125 elapsed=1216s
progress: nodes=18,330,000,000 tested=0 found=0 n=825124488760345369921875 elapsed=1217s
progress: nodes=18,340,000,000 tested=0 found=0 n=982557564024842321484375 elapsed=1218s
progress: nodes=18,350,000,000 tested=0 found=0 n=409660890564725391796875 elapsed=1218s
progress: nodes=18,360,000,000 tested=0 found=0 n=812529623414495520703125 elapsed=1219s
progress: nodes=18,370,000,000 tested=0 found=0 n=642725638232104698046875 elapsed=1220s
progress: nodes=18,380,000,000 tested=0 found=0 n=887947264133046678515625 elapsed=1221s
progress: nodes=18,390,000,000 tested=0 found=0 n=888342772864296505078125 elapsed=1222s
progress: nodes=18,400,000,000 tested=0 found=0 n=166480941217389936328125 elapsed=1223s
progress: nodes=18,410,000,000 tested=0 found=0 n=797310755759052987890625 elapsed=1224s
progress: nodes=18,420,000,000 tested=0 found=0 n=783074449699813824609375 elapsed=1225s
progress: nodes=18,430,000,000 tested=0 found=0 n=787435686920456926171875 elapsed=1225s
progress: nodes=18,440,000,000 tested=0 found=0 n=401091608914900393359375 elapsed=1226s
progress: nodes=18,450,000,000 tested=0 found=0 n=754937676413457655078125 elapsed=1227s
progress: nodes=18,460,000,000 tested=0 found=0 n=457773965313979243359375 elapsed=1228s
progress: nodes=18,470,000,000 tested=0 found=0 n=886728923351028256640625 elapsed=1229s
progress: nodes=18,480,000,000 tested=0 found=0 n=224985166847409258984375 elapsed=1230s
progress: nodes=18,490,000,000 tested=0 found=0 n=665352464674169907421875 elapsed=1231s
progress: nodes=18,500,000,000 tested=0 found=0 n=889703153471252858203125 elapsed=1232s
progress: nodes=18,510,000,000 tested=0 found=0 n=396615577507721588671875 elapsed=1233s
progress: nodes=18,520,000,000 tested=0 found=0 n=844340828309333862890625 elapsed=1233s
progress: nodes=18,530,000,000 tested=0 found=0 n=333326836984875408984375 elapsed=1234s
progress: nodes=18,540,000,000 tested=0 found=0 n=492115203341242555078125 elapsed=1235s
progress: nodes=18,550,000,000 tested=0 found=0 n=600373330200055873828125 elapsed=1236s
progress: nodes=18,560,000,000 tested=0 found=0 n=732326604132984957421875 elapsed=1237s
progress: nodes=18,570,000,000 tested=0 found=0 n=849792124649972070703125 elapsed=1238s
progress: nodes=18,580,000,000 tested=0 found=0 n=952863403344013592578125 elapsed=1239s
progress: nodes=18,590,000,000 tested=0 found=0 n=481160359454430343359375 elapsed=1240s
progress: nodes=18,600,000,000 tested=0 found=0 n=188275474564022239453125 elapsed=1241s
progress: nodes=18,610,000,000 tested=0 found=0 n=499670879881129829296875 elapsed=1242s
progress: nodes=18,620,000,000 tested=0 found=0 n=902932196473100436328125 elapsed=1242s
progress: nodes=18,630,000,000 tested=0 found=0 n=501977893300823246484375 elapsed=1243s
progress: nodes=18,640,000,000 tested=0 found=0 n=658161687184687395703125 elapsed=1244s
progress: nodes=18,650,000,000 tested=0 found=0 n=709677742633660930078125 elapsed=1245s
progress: nodes=18,660,000,000 tested=0 found=0 n=815039751497921412890625 elapsed=1246s
progress: nodes=18,670,000,000 tested=0 found=0 n=631791687690790674609375 elapsed=1247s
progress: nodes=18,680,000,000 tested=0 found=0 n=847769554497419412890625 elapsed=1248s
progress: nodes=18,690,000,000 tested=0 found=0 n=855154798236567713671875 elapsed=1249s
progress: nodes=18,700,000,000 tested=0 found=0 n=627314699781152328515625 elapsed=1250s
progress: nodes=18,710,000,000 tested=0 found=0 n=584607748902628855078125 elapsed=1251s
progress: nodes=18,720,000,000 tested=0 found=0 n=778055475550306116796875 elapsed=1251s
progress: nodes=18,730,000,000 tested=0 found=0 n=667945658219787221484375 elapsed=1252s
progress: nodes=18,740,000,000 tested=0 found=0 n=640542220326003716015625 elapsed=1253s
progress: nodes=18,750,000,000 tested=0 found=0 n=484522215560939879296875 elapsed=1254s
progress: nodes=18,760,000,000 tested=0 found=0 n=908596717238407995703125 elapsed=1255s
progress: nodes=18,770,000,000 tested=0 found=0 n=577833287788740469921875 elapsed=1256s
progress: nodes=18,780,000,000 tested=0 found=0 n=737407385137728073828125 elapsed=1257s
progress: nodes=18,790,000,000 tested=0 found=0 n=677542507212110241796875 elapsed=1258s
progress: nodes=18,800,000,000 tested=0 found=0 n=919261525014342558984375 elapsed=1259s
progress: nodes=18,810,000,000 tested=0 found=0 n=399368113715255192578125 elapsed=1260s
progress: nodes=18,820,000,000 tested=0 found=0 n=440765367918963127734375 elapsed=1261s
progress: nodes=18,830,000,000 tested=0 found=0 n=423210523535284637109375 elapsed=1261s
progress: nodes=18,840,000,000 tested=0 found=0 n=408489514339338235546875 elapsed=1262s
progress: nodes=18,850,000,000 tested=0 found=0 n=554969496225591446484375 elapsed=1263s
progress: nodes=18,860,000,000 tested=0 found=0 n=661321517660466957421875 elapsed=1264s
progress: nodes=18,870,000,000 tested=0 found=0 n=393076455911887468359375 elapsed=1265s
progress: nodes=18,880,000,000 tested=0 found=0 n=479161115374484696484375 elapsed=1266s
progress: nodes=18,890,000,000 tested=0 found=0 n=421001633437629247265625 elapsed=1267s
progress: nodes=18,900,000,000 tested=0 found=0 n=557130032123403582421875 elapsed=1268s
progress: nodes=18,910,000,000 tested=0 found=0 n=705413395770285687890625 elapsed=1269s
progress: nodes=18,920,000,000 tested=0 found=0 n=552189921706325731640625 elapsed=1270s
progress: nodes=18,930,000,000 tested=0 found=0 n=709163033836458364453125 elapsed=1270s
progress: nodes=18,940,000,000 tested=0 found=0 n=257711811322292778515625 elapsed=1271s
progress: nodes=18,950,000,000 tested=0 found=0 n=444470366296920807421875 elapsed=1272s
progress: nodes=18,960,000,000 tested=0 found=0 n=310567974531054577734375 elapsed=1273s
progress: nodes=18,970,000,000 tested=0 found=0 n=960847829360633710546875 elapsed=1274s
progress: nodes=18,980,000,000 tested=0 found=0 n=394047016461273772265625 elapsed=1275s
progress: nodes=18,990,000,000 tested=0 found=0 n=845212768696391480859375 elapsed=1276s
progress: nodes=19,000,000,000 tested=0 found=0 n=635700430261252782421875 elapsed=1277s
progress: nodes=19,010,000,000 tested=0 found=0 n=249357933558700660546875 elapsed=1278s
progress: nodes=19,020,000,000 tested=0 found=0 n=315524209981060613671875 elapsed=1279s
progress: nodes=19,030,000,000 tested=0 found=0 n=756583846268859249609375 elapsed=1280s
progress: nodes=19,040,000,000 tested=0 found=0 n=746194882671363765234375 elapsed=1280s
progress: nodes=19,050,000,000 tested=0 found=0 n=975497042672917062890625 elapsed=1281s
progress: nodes=19,060,000,000 tested=0 found=0 n=825341216666502589453125 elapsed=1282s
progress: nodes=19,070,000,000 tested=0 found=0 n=270512202980270457421875 elapsed=1283s
progress: nodes=19,080,000,000 tested=0 found=0 n=966317908179647035546875 elapsed=1284s
progress: nodes=19,090,000,000 tested=0 found=0 n=190898615240294375390625 elapsed=1285s
progress: nodes=19,100,000,000 tested=0 found=0 n=940237864190098766015625 elapsed=1286s
progress: nodes=19,110,000,000 tested=0 found=0 n=450024196317398651953125 elapsed=1287s
progress: nodes=19,120,000,000 tested=0 found=0 n=751700157884157139453125 elapsed=1288s
progress: nodes=19,130,000,000 tested=0 found=0 n=483350551262113876171875 elapsed=1289s
progress: nodes=19,140,000,000 tested=0 found=0 n=432698101188763819921875 elapsed=1289s
progress: nodes=19,150,000,000 tested=0 found=0 n=873074426388137286328125 elapsed=1290s
progress: nodes=19,160,000,000 tested=0 found=0 n=322127970187376035546875 elapsed=1291s
progress: nodes=19,170,000,000 tested=0 found=0 n=827851694348374562109375 elapsed=1292s
progress: nodes=19,180,000,000 tested=0 found=0 n=513079177692781901953125 elapsed=1293s
progress: nodes=19,190,000,000 tested=0 found=0 n=775739330379244416796875 elapsed=1294s
progress: nodes=19,200,000,000 tested=0 found=0 n=780371632025537410546875 elapsed=1295s
progress: nodes=19,210,000,000 tested=0 found=0 n=266352898447389483984375 elapsed=1296s
progress: nodes=19,220,000,000 tested=0 found=0 n=752765305952159658984375 elapsed=1297s
progress: nodes=19,230,000,000 tested=0 found=0 n=996590371720698446484375 elapsed=1298s
progress: nodes=19,240,000,000 tested=0 found=0 n=301890618640305066796875 elapsed=1299s
progress: nodes=19,250,000,000 tested=0 found=0 n=724546753430585804296875 elapsed=1299s
progress: nodes=19,260,000,000 tested=0 found=0 n=633006832731517676953125 elapsed=1300s
progress: nodes=19,270,000,000 tested=0 found=0 n=906306524464799274609375 elapsed=1301s
progress: nodes=19,280,000,000 tested=0 found=0 n=503613228513111866015625 elapsed=1302s
progress: nodes=19,290,000,000 tested=0 found=0 n=802064065961577491015625 elapsed=1303s
progress: nodes=19,300,000,000 tested=0 found=0 n=454532816092409265234375 elapsed=1304s
progress: nodes=19,310,000,000 tested=0 found=0 n=714441163510222358203125 elapsed=1305s
progress: nodes=19,320,000,000 tested=0 found=0 n=488289684716570717578125 elapsed=1306s
progress: nodes=19,330,000,000 tested=0 found=0 n=871202217632585579296875 elapsed=1307s
progress: nodes=19,340,000,000 tested=0 found=0 n=617060518041863169140625 elapsed=1307s
progress: nodes=19,350,000,000 tested=0 found=0 n=722266698855924530859375 elapsed=1308s
progress: nodes=19,360,000,000 tested=0 found=0 n=675271358175075866015625 elapsed=1309s
progress: nodes=19,370,000,000 tested=0 found=0 n=417122260917196531640625 elapsed=1310s
progress: nodes=19,380,000,000 tested=0 found=0 n=430748784885570254296875 elapsed=1311s
progress: nodes=19,390,000,000 tested=0 found=0 n=677823581100572581640625 elapsed=1312s
progress: nodes=19,400,000,000 tested=0 found=0 n=217352853182278339453125 elapsed=1313s
progress: nodes=19,410,000,000 tested=0 found=0 n=599932524755222265234375 elapsed=1314s
progress: nodes=19,420,000,000 tested=0 found=0 n=771955784562149201953125 elapsed=1315s
progress: nodes=19,430,000,000 tested=0 found=0 n=886020908870284983984375 elapsed=1316s
progress: nodes=19,440,000,000 tested=0 found=0 n=965381364556275730078125 elapsed=1317s
progress: nodes=19,450,000,000 tested=0 found=0 n=983347847403392148046875 elapsed=1317s
progress: nodes=19,460,000,000 tested=0 found=0 n=894912512969350515234375 elapsed=1318s
progress: nodes=19,470,000,000 tested=0 found=0 n=353387515949869925390625 elapsed=1319s
progress: nodes=19,480,000,000 tested=0 found=0 n=267091716513327633984375 elapsed=1320s
progress: nodes=19,490,000,000 tested=0 found=0 n=433825921841191983984375 elapsed=1321s
progress: nodes=19,500,000,000 tested=0 found=0 n=155507558484684617578125 elapsed=1322s
progress: nodes=19,510,000,000 tested=0 found=0 n=687612201285632867578125 elapsed=1323s
progress: nodes=19,520,000,000 tested=0 found=0 n=891574005483420148828125 elapsed=1324s
progress: nodes=19,530,000,000 tested=0 found=0 n=953555683632037161328125 elapsed=1325s
progress: nodes=19,540,000,000 tested=0 found=0 n=696095683937076856640625 elapsed=1326s
progress: nodes=19,550,000,000 tested=0 found=0 n=722855077699773730078125 elapsed=1326s
progress: nodes=19,560,000,000 tested=0 found=0 n=852389125909160206640625 elapsed=1327s
progress: nodes=19,570,000,000 tested=0 found=0 n=852671723773179273046875 elapsed=1328s
progress: nodes=19,580,000,000 tested=0 found=0 n=864091958371810871484375 elapsed=1329s
progress: nodes=19,590,000,000 tested=0 found=0 n=706699460936975073046875 elapsed=1330s
progress: nodes=19,600,000,000 tested=0 found=0 n=551164263706434610546875 elapsed=1331s
progress: nodes=19,610,000,000 tested=0 found=0 n=521961263460036868359375 elapsed=1332s
progress: nodes=19,620,000,000 tested=0 found=0 n=684349301843108356640625 elapsed=1333s
progress: nodes=19,630,000,000 tested=0 found=0 n=884123921357949434765625 elapsed=1334s
progress: nodes=19,640,000,000 tested=0 found=0 n=309182009189341264453125 elapsed=1334s
progress: nodes=19,650,000,000 tested=0 found=0 n=928729661351172437109375 elapsed=1335s
progress: nodes=19,660,000,000 tested=0 found=0 n=690800114929167594140625 elapsed=1336s
progress: nodes=19,670,000,000 tested=0 found=0 n=798303969746360743359375 elapsed=1337s
progress: nodes=19,680,000,000 tested=0 found=0 n=731087336954412938671875 elapsed=1338s
progress: nodes=19,690,000,000 tested=0 found=0 n=706582818113181423046875 elapsed=1339s
progress: nodes=19,700,000,000 tested=0 found=0 n=436550694472329950390625 elapsed=1340s
progress: nodes=19,710,000,000 tested=0 found=0 n=878447082694265145703125 elapsed=1341s
progress: nodes=19,720,000,000 tested=0 found=0 n=738567653617959992578125 elapsed=1342s
progress: nodes=19,730,000,000 tested=0 found=0 n=979639121945273276953125 elapsed=1342s
progress: nodes=19,740,000,000 tested=0 found=0 n=570809322905511512109375 elapsed=1343s
progress: nodes=19,750,000,000 tested=0 found=0 n=619229419009007980078125 elapsed=1344s
progress: nodes=19,760,000,000 tested=0 found=0 n=988738216547601596484375 elapsed=1345s
progress: nodes=19,770,000,000 tested=0 found=0 n=709931585271282296484375 elapsed=1346s
progress: nodes=19,780,000,000 tested=0 found=0 n=869880816026517835546875 elapsed=1347s
progress: nodes=19,790,000,000 tested=0 found=0 n=595139288820340545703125 elapsed=1348s
progress: nodes=19,800,000,000 tested=0 found=0 n=839681161908920216015625 elapsed=1349s
progress: nodes=19,810,000,000 tested=0 found=0 n=892686626915947449609375 elapsed=1349s
progress: nodes=19,820,000,000 tested=0 found=0 n=421142614016033984765625 elapsed=1350s
progress: nodes=19,830,000,000 tested=0 found=0 n=634458294246802278515625 elapsed=1351s
progress: nodes=19,840,000,000 tested=0 found=0 n=587712158222552743359375 elapsed=1352s
progress: nodes=19,850,000,000 tested=0 found=0 n=448318831951613042578125 elapsed=1353s
progress: nodes=19,860,000,000 tested=0 found=0 n=918989718553428212109375 elapsed=1354s
progress: nodes=19,870,000,000 tested=0 found=0 n=599644628885878344140625 elapsed=1355s
progress: nodes=19,880,000,000 tested=0 found=0 n=495836802479549063671875 elapsed=1356s
progress: nodes=19,890,000,000 tested=0 found=0 n=394268980738804604296875 elapsed=1356s
progress: nodes=19,900,000,000 tested=0 found=0 n=951322413838507463671875 elapsed=1357s
progress: nodes=19,910,000,000 tested=0 found=0 n=396601252271813647265625 elapsed=1358s
progress: nodes=19,920,000,000 tested=0 found=0 n=801126866731838741015625 elapsed=1359s
progress: nodes=19,930,000,000 tested=0 found=0 n=645435594246534261328125 elapsed=1360s
progress: nodes=19,940,000,000 tested=0 found=0 n=850411647391175757421875 elapsed=1361s
progress: nodes=19,950,000,000 tested=0 found=0 n=393335930884737701953125 elapsed=1362s
progress: nodes=19,960,000,000 tested=0 found=0 n=712866158638968997265625 elapsed=1363s
progress: nodes=19,970,000,000 tested=0 found=0 n=622324431319791969140625 elapsed=1363s
progress: nodes=19,980,000,000 tested=0 found=0 n=430238035703471930859375 elapsed=1364s
progress: nodes=19,990,000,000 tested=0 found=0 n=570220906310534260546875 elapsed=1365s
progress: nodes=20,000,000,000 tested=0 found=0 n=548161999068634976953125 elapsed=1366s
progress: nodes=20,010,000,000 tested=0 found=0 n=904261450221338769140625 elapsed=1367s
progress: nodes=20,020,000,000 tested=0 found=0 n=882361788428726216015625 elapsed=1368s
progress: nodes=20,030,000,000 tested=0 found=0 n=657073459336443303515625 elapsed=1369s
progress: nodes=20,040,000,000 tested=0 found=0 n=977760285756195033984375 elapsed=1370s
progress: nodes=20,050,000,000 tested=0 found=0 n=364941127958236280859375 elapsed=1370s
progress: nodes=20,060,000,000 tested=0 found=0 n=434534286485847912890625 elapsed=1371s
progress: nodes=20,070,000,000 tested=0 found=0 n=477109958537132469140625 elapsed=1372s
progress: nodes=20,080,000,000 tested=0 found=0 n=426582644624687190234375 elapsed=1373s
progress: nodes=20,090,000,000 tested=0 found=0 n=632493993326403385546875 elapsed=1374s
progress: nodes=20,100,000,000 tested=0 found=0 n=752988159244310305078125 elapsed=1375s
progress: nodes=20,110,000,000 tested=0 found=0 n=915026935918149101953125 elapsed=1376s
progress: nodes=20,120,000,000 tested=0 found=0 n=923236476058361991796875 elapsed=1377s
progress: nodes=20,130,000,000 tested=0 found=0 n=424602193364368168359375 elapsed=1377s
progress: nodes=20,140,000,000 tested=0 found=0 n=577756185346085586328125 elapsed=1378s
progress: nodes=20,150,000,000 tested=0 found=0 n=64288263498641015625 elapsed=1379s
progress: nodes=20,160,000,000 tested=0 found=0 n=424520208984369828515625 elapsed=1380s
progress: nodes=20,170,000,000 tested=0 found=0 n=638803692074192248828125 elapsed=1381s
progress: nodes=20,180,000,000 tested=0 found=0 n=487681384311278012109375 elapsed=1382s
progress: nodes=20,190,000,000 tested=0 found=0 n=684082902653120682421875 elapsed=1383s
progress: nodes=20,200,000,000 tested=0 found=0 n=754061180257813841015625 elapsed=1384s
progress: nodes=20,210,000,000 tested=0 found=0 n=747990053978633954296875 elapsed=1385s
progress: nodes=20,220,000,000 tested=0 found=0 n=956747886859832473828125 elapsed=1385s
progress: nodes=20,230,000,000 tested=0 found=0 n=672875560142360321484375 elapsed=1386s
progress: nodes=20,240,000,000 tested=0 found=0 n=470879412797885192578125 elapsed=1387s
progress: nodes=20,250,000,000 tested=0 found=0 n=322747344401685676171875 elapsed=1388s
progress: nodes=20,260,000,000 tested=0 found=0 n=271781891564336651953125 elapsed=1389s
progress: nodes=20,270,000,000 tested=0 found=0 n=504455349701713278515625 elapsed=1390s
progress: nodes=20,280,000,000 tested=0 found=0 n=415427638040005116796875 elapsed=1391s
progress: nodes=20,290,000,000 tested=0 found=0 n=675795016687170329296875 elapsed=1392s
progress: nodes=20,300,000,000 tested=0 found=0 n=595005984287156977734375 elapsed=1392s
progress: nodes=20,310,000,000 tested=0 found=0 n=781218867617403844921875 elapsed=1393s
progress: nodes=20,320,000,000 tested=0 found=0 n=700123876981106002734375 elapsed=1394s
progress: nodes=20,330,000,000 tested=0 found=0 n=643024421098947847265625 elapsed=1395s
progress: nodes=20,340,000,000 tested=0 found=0 n=598596421283331268359375 elapsed=1396s
progress: nodes=20,350,000,000 tested=0 found=0 n=973581142393217028515625 elapsed=1397s
progress: nodes=20,360,000,000 tested=0 found=0 n=183266311022276741015625 elapsed=1398s
progress: nodes=20,370,000,000 tested=0 found=0 n=868924805577048116015625 elapsed=1399s
progress: nodes=20,380,000,000 tested=0 found=0 n=189705157132257073828125 elapsed=1399s
progress: nodes=20,390,000,000 tested=0 found=0 n=293288147562325742578125 elapsed=1400s
progress: nodes=20,400,000,000 tested=0 found=0 n=742657274492589341015625 elapsed=1401s
progress: nodes=20,410,000,000 tested=0 found=0 n=419297130783619906640625 elapsed=1402s
progress: nodes=20,420,000,000 tested=0 found=0 n=589193662388346326953125 elapsed=1403s
progress: nodes=20,430,000,000 tested=0 found=0 n=514071248899849639453125 elapsed=1404s
progress: nodes=20,440,000,000 tested=0 found=0 n=459958304361458422265625 elapsed=1405s
progress: nodes=20,450,000,000 tested=0 found=0 n=373385724823199717578125 elapsed=1406s
progress: nodes=20,460,000,000 tested=0 found=0 n=150106720540469769140625 elapsed=1406s
progress: nodes=20,470,000,000 tested=0 found=0 n=835192333878690575390625 elapsed=1407s
progress: nodes=20,480,000,000 tested=0 found=0 n=399416785715529179296875 elapsed=1408s
progress: nodes=20,490,000,000 tested=0 found=0 n=308025144698408040234375 elapsed=1409s
progress: nodes=20,500,000,000 tested=0 found=0 n=804926767858656570703125 elapsed=1410s
progress: nodes=20,510,000,000 tested=0 found=0 n=509558203833542518359375 elapsed=1411s
progress: nodes=20,520,000,000 tested=0 found=0 n=562139505257552926171875 elapsed=1412s
progress: nodes=20,530,000,000 tested=0 found=0 n=991929017607154906640625 elapsed=1413s
progress: nodes=20,540,000,000 tested=0 found=0 n=822112421775033687890625 elapsed=1414s
progress: nodes=20,550,000,000 tested=0 found=0 n=799737676849379077734375 elapsed=1414s
progress: nodes=20,560,000,000 tested=0 found=0 n=363342877316895364453125 elapsed=1415s
progress: nodes=20,570,000,000 tested=0 found=0 n=340563503700654261328125 elapsed=1416s
progress: nodes=20,580,000,000 tested=0 found=0 n=796405161130266329296875 elapsed=1417s
progress: nodes=20,590,000,000 tested=0 found=0 n=679692868359455555859375 elapsed=1418s
progress: nodes=20,600,000,000 tested=0 found=0 n=796851798277254985546875 elapsed=1419s
progress: nodes=20,610,000,000 tested=0 found=0 n=424952329858251795703125 elapsed=1420s
progress: nodes=20,620,000,000 tested=0 found=0 n=501717931807489920703125 elapsed=1421s
progress: nodes=20,630,000,000 tested=0 found=0 n=658054631437900344140625 elapsed=1421s
progress: nodes=20,640,000,000 tested=0 found=0 n=728137635523731713671875 elapsed=1422s
progress: nodes=20,650,000,000 tested=0 found=0 n=877093163739789085546875 elapsed=1423s
progress: nodes=20,660,000,000 tested=0 found=0 n=485696478813131218359375 elapsed=1424s
progress: nodes=20,670,000,000 tested=0 found=0 n=941853189190130546484375 elapsed=1425s
progress: nodes=20,680,000,000 tested=0 found=0 n=535539906866875826953125 elapsed=1426s
progress: nodes=20,690,000,000 tested=0 found=0 n=639904845031159137890625 elapsed=1427s
progress: nodes=20,700,000,000 tested=0 found=0 n=892507248429306430078125 elapsed=1428s
progress: nodes=20,710,000,000 tested=0 found=0 n=238495159152170237109375 elapsed=1428s
progress: nodes=20,720,000,000 tested=0 found=0 n=368599983102990516796875 elapsed=1429s
progress: nodes=20,730,000,000 tested=0 found=0 n=520964481363007391015625 elapsed=1430s
progress: nodes=20,740,000,000 tested=0 found=0 n=637587775952988957421875 elapsed=1431s
progress: nodes=20,750,000,000 tested=0 found=0 n=846016718558597940234375 elapsed=1432s
progress: nodes=20,760,000,000 tested=0 found=0 n=798018989023203711328125 elapsed=1433s
progress: nodes=20,770,000,000 tested=0 found=0 n=711001096784167573828125 elapsed=1434s
progress: nodes=20,780,000,000 tested=0 found=0 n=999654497424352339453125 elapsed=1435s
progress: nodes=20,790,000,000 tested=0 found=0 n=806783605649209585546875 elapsed=1435s
progress: nodes=20,800,000,000 tested=0 found=0 n=955199364227428327734375 elapsed=1436s
progress: nodes=20,810,000,000 tested=0 found=0 n=863061869550348819140625 elapsed=1437s
progress: nodes=20,820,000,000 tested=0 found=0 n=895804188288445437890625 elapsed=1438s
progress: nodes=20,830,000,000 tested=0 found=0 n=493192020475409178515625 elapsed=1439s
progress: nodes=20,840,000,000 tested=0 found=0 n=294105737113190539453125 elapsed=1440s
progress: nodes=20,850,000,000 tested=0 found=0 n=701143490629840616015625 elapsed=1441s
progress: nodes=20,860,000,000 tested=0 found=0 n=618376580876328050390625 elapsed=1442s
progress: nodes=20,870,000,000 tested=0 found=0 n=902522221893082093359375 elapsed=1443s
progress: nodes=20,880,000,000 tested=0 found=0 n=251319305217071682421875 elapsed=1443s
progress: nodes=20,890,000,000 tested=0 found=0 n=459801871457363518359375 elapsed=1444s
progress: nodes=20,900,000,000 tested=0 found=0 n=496047802210551151171875 elapsed=1445s
progress: nodes=20,910,000,000 tested=0 found=0 n=233265708006062234765625 elapsed=1446s
progress: nodes=20,920,000,000 tested=0 found=0 n=519744407042040971484375 elapsed=1447s
progress: nodes=20,930,000,000 tested=0 found=0 n=559460013019896308203125 elapsed=1448s
progress: nodes=20,940,000,000 tested=0 found=0 n=846893265480095973046875 elapsed=1449s
progress: nodes=20,950,000,000 tested=0 found=0 n=435793616356678941796875 elapsed=1450s
progress: nodes=20,960,000,000 tested=0 found=0 n=703035573106956619921875 elapsed=1451s
progress: nodes=20,970,000,000 tested=0 found=0 n=450864618086636286328125 elapsed=1452s
progress: nodes=20,980,000,000 tested=0 found=0 n=475031027339674020703125 elapsed=1453s
progress: nodes=20,990,000,000 tested=0 found=0 n=540396323644139827734375 elapsed=1454s
progress: nodes=21,000,000,000 tested=0 found=0 n=862897818288579394921875 elapsed=1454s
progress: nodes=21,010,000,000 tested=0 found=0 n=782365095864383276953125 elapsed=1455s
progress: nodes=21,020,000,000 tested=0 found=0 n=611052969170356105078125 elapsed=1456s
progress: nodes=21,030,000,000 tested=0 found=0 n=547391372002416987890625 elapsed=1457s
progress: nodes=21,040,000,000 tested=0 found=0 n=992856614873541373828125 elapsed=1458s
progress: nodes=21,050,000,000 tested=0 found=0 n=945145434352212805078125 elapsed=1459s
progress: nodes=21,060,000,000 tested=0 found=0 n=673791538684813351171875 elapsed=1460s
progress: nodes=21,070,000,000 tested=0 found=0 n=626110570268027483203125 elapsed=1461s
progress: nodes=21,080,000,000 tested=0 found=0 n=969775220271637712109375 elapsed=1462s
progress: nodes=21,090,000,000 tested=0 found=0 n=708950074399575641015625 elapsed=1463s
progress: nodes=21,100,000,000 tested=0 found=0 n=183920089868957668359375 elapsed=1464s
progress: nodes=21,110,000,000 tested=0 found=0 n=804139718696353965234375 elapsed=1465s
progress: nodes=21,120,000,000 tested=0 found=0 n=470487148471917805078125 elapsed=1466s
progress: nodes=21,130,000,000 tested=0 found=0 n=851594230989473670703125 elapsed=1467s
progress: nodes=21,140,000,000 tested=0 found=0 n=785474836704821084765625 elapsed=1467s
progress: nodes=21,150,000,000 tested=0 found=0 n=384760387631890965234375 elapsed=1468s
progress: nodes=21,160,000,000 tested=0 found=0 n=269361470663510530078125 elapsed=1469s
progress: nodes=21,170,000,000 tested=0 found=0 n=625086305108554897265625 elapsed=1470s
progress: nodes=21,180,000,000 tested=0 found=0 n=464342374034962899609375 elapsed=1471s
progress: nodes=21,190,000,000 tested=0 found=0 n=630345437532365530078125 elapsed=1472s
progress: nodes=21,200,000,000 tested=0 found=0 n=510377437701177633984375 elapsed=1473s
progress: nodes=21,210,000,000 tested=0 found=0 n=552848212013352324609375 elapsed=1474s
progress: nodes=21,220,000,000 tested=0 found=0 n=875897891800987081640625 elapsed=1475s
progress: nodes=21,230,000,000 tested=0 found=0 n=949696802268650532421875 elapsed=1476s
progress: nodes=21,240,000,000 tested=0 found=0 n=469607125463976160546875 elapsed=1477s
progress: nodes=21,250,000,000 tested=0 found=0 n=686781198378564338671875 elapsed=1478s
progress: nodes=21,260,000,000 tested=0 found=0 n=603104561928693038671875 elapsed=1479s
progress: nodes=21,270,000,000 tested=0 found=0 n=745445314671454972265625 elapsed=1480s
progress: nodes=21,280,000,000 tested=0 found=0 n=759322532832778522265625 elapsed=1480s
progress: nodes=21,290,000,000 tested=0 found=0 n=635955706018378620703125 elapsed=1481s
progress: nodes=21,300,000,000 tested=0 found=0 n=994213010277675362109375 elapsed=1482s
progress: nodes=21,310,000,000 tested=0 found=0 n=470208573830351464453125 elapsed=1483s
progress: nodes=21,320,000,000 tested=0 found=0 n=257485884406018034765625 elapsed=1484s
progress: nodes=21,330,000,000 tested=0 found=0 n=971284521415612967578125 elapsed=1485s
progress: nodes=21,340,000,000 tested=0 found=0 n=773119766328239640234375 elapsed=1486s
progress: nodes=21,350,000,000 tested=0 found=0 n=794301326937295843359375 elapsed=1487s
progress: nodes=21,360,000,000 tested=0 found=0 n=573932790677083960546875 elapsed=1488s
progress: nodes=21,370,000,000 tested=0 found=0 n=668284016705211469921875 elapsed=1489s
progress: nodes=21,380,000,000 tested=0 found=0 n=749741337226709398828125 elapsed=1490s
progress: nodes=21,390,000,000 tested=0 found=0 n=660707814527875550390625 elapsed=1490s
progress: nodes=21,400,000,000 tested=0 found=0 n=482257952080592930859375 elapsed=1491s
progress: nodes=21,410,000,000 tested=0 found=0 n=826250451198041808984375 elapsed=1492s
progress: nodes=21,420,000,000 tested=0 found=0 n=414250194298870269140625 elapsed=1493s
progress: nodes=21,430,000,000 tested=0 found=0 n=811319552089073968359375 elapsed=1494s
progress: nodes=21,440,000,000 tested=0 found=0 n=270416776552772192578125 elapsed=1495s
progress: nodes=21,450,000,000 tested=0 found=0 n=207298397373614855859375 elapsed=1496s
progress: nodes=21,460,000,000 tested=0 found=0 n=229973775806190758203125 elapsed=1497s
progress: nodes=21,470,000,000 tested=0 found=0 n=781646348863154710546875 elapsed=1498s
progress: nodes=21,480,000,000 tested=0 found=0 n=559727731910048508984375 elapsed=1499s
progress: nodes=21,490,000,000 tested=0 found=0 n=562264669606592816015625 elapsed=1500s
progress: nodes=21,500,000,000 tested=0 found=0 n=669380338926163128515625 elapsed=1500s
progress: nodes=21,510,000,000 tested=0 found=0 n=546516480375526559765625 elapsed=1501s
progress: nodes=21,520,000,000 tested=0 found=0 n=401657268328265387109375 elapsed=1502s
progress: nodes=21,530,000,000 tested=0 found=0 n=698687587865046153515625 elapsed=1503s
progress: nodes=21,540,000,000 tested=0 found=0 n=790927277586227680078125 elapsed=1504s
progress: nodes=21,550,000,000 tested=0 found=0 n=933316571161561369921875 elapsed=1505s
progress: nodes=21,560,000,000 tested=0 found=0 n=443858270874424660546875 elapsed=1506s
progress: nodes=21,570,000,000 tested=0 found=0 n=534445761116670162890625 elapsed=1507s
progress: nodes=21,580,000,000 tested=0 found=0 n=585033057700121752734375 elapsed=1508s
progress: nodes=21,590,000,000 tested=0 found=0 n=326974702750763319140625 elapsed=1509s
progress: nodes=21,600,000,000 tested=0 found=0 n=264156580500610088671875 elapsed=1510s
progress: nodes=21,610,000,000 tested=0 found=0 n=523548091003415916796875 elapsed=1510s
progress: nodes=21,620,000,000 tested=0 found=0 n=701743801778858295703125 elapsed=1511s
progress: nodes=21,630,000,000 tested=0 found=0 n=278802833253386410546875 elapsed=1512s
progress: nodes=21,640,000,000 tested=0 found=0 n=839006147433847580859375 elapsed=1513s
progress: nodes=21,650,000,000 tested=0 found=0 n=742305985645818863671875 elapsed=1514s
progress: nodes=21,660,000,000 tested=0 found=0 n=561999433056438983203125 elapsed=1515s
progress: nodes=21,670,000,000 tested=0 found=0 n=333968105669738860546875 elapsed=1516s
progress: nodes=21,680,000,000 tested=0 found=0 n=424163313618618969140625 elapsed=1517s
progress: nodes=21,690,000,000 tested=0 found=0 n=457059160942809085546875 elapsed=1518s
progress: nodes=21,700,000,000 tested=0 found=0 n=414796778463522687890625 elapsed=1519s
progress: nodes=21,710,000,000 tested=0 found=0 n=747182214450608951953125 elapsed=1519s
progress: nodes=21,720,000,000 tested=0 found=0 n=995060545740673899609375 elapsed=1520s
progress: nodes=21,730,000,000 tested=0 found=0 n=311883488547470644921875 elapsed=1521s
progress: nodes=21,740,000,000 tested=0 found=0 n=190172349959524491796875 elapsed=1522s
progress: nodes=21,750,000,000 tested=0 found=0 n=451862783064606336328125 elapsed=1523s
progress: nodes=21,760,000,000 tested=0 found=0 n=564385239084500019140625 elapsed=1524s
progress: nodes=21,770,000,000 tested=0 found=0 n=578804256254329758984375 elapsed=1525s
progress: nodes=21,780,000,000 tested=0 found=0 n=665524836283166152734375 elapsed=1526s
progress: nodes=21,790,000,000 tested=0 found=0 n=629384974708098997265625 elapsed=1526s
progress: nodes=21,800,000,000 tested=0 found=0 n=937539506785597456640625 elapsed=1527s
progress: nodes=21,810,000,000 tested=0 found=0 n=587881820794351320703125 elapsed=1528s
progress: nodes=21,820,000,000 tested=0 found=0 n=727383763690033067578125 elapsed=1529s
progress: nodes=21,830,000,000 tested=0 found=0 n=273614965258752987890625 elapsed=1530s
progress: nodes=21,840,000,000 tested=0 found=0 n=731248448788935502734375 elapsed=1531s
progress: nodes=21,850,000,000 tested=0 found=0 n=722361203764235848828125 elapsed=1532s
progress: nodes=21,860,000,000 tested=0 found=0 n=475394476211295648046875 elapsed=1533s
progress: nodes=21,870,000,000 tested=0 found=0 n=773995193150839597265625 elapsed=1534s
progress: nodes=21,880,000,000 tested=0 found=0 n=690787786967322141796875 elapsed=1535s
progress: nodes=21,890,000,000 tested=0 found=0 n=577134740277345202734375 elapsed=1535s
progress: nodes=21,900,000,000 tested=0 found=0 n=679513557538476980859375 elapsed=1536s
progress: nodes=21,910,000,000 tested=0 found=0 n=530896243897926495703125 elapsed=1537s
progress: nodes=21,920,000,000 tested=0 found=0 n=708835645034306637890625 elapsed=1538s
progress: nodes=21,930,000,000 tested=0 found=0 n=952747858192324721484375 elapsed=1539s
progress: nodes=21,940,000,000 tested=0 found=0 n=338341328665411538671875 elapsed=1540s
progress: nodes=21,950,000,000 tested=0 found=0 n=704606147220844571484375 elapsed=1541s
progress: nodes=21,960,000,000 tested=0 found=0 n=720793756011219373828125 elapsed=1542s
progress: nodes=21,970,000,000 tested=0 found=0 n=690070769421889981640625 elapsed=1543s
progress: nodes=21,980,000,000 tested=0 found=0 n=630506716822236645703125 elapsed=1544s
progress: nodes=21,990,000,000 tested=0 found=0 n=687940571370505883203125 elapsed=1545s
progress: nodes=22,000,000,000 tested=0 found=0 n=237747098790950473828125 elapsed=1546s
progress: nodes=22,010,000,000 tested=0 found=0 n=789072216943461219140625 elapsed=1546s
progress: nodes=22,020,000,000 tested=0 found=0 n=682193970483525959765625 elapsed=1547s
progress: nodes=22,030,000,000 tested=0 found=0 n=686022699452445390234375 elapsed=1548s
progress: nodes=22,040,000,000 tested=0 found=0 n=885365346050466303515625 elapsed=1549s
progress: nodes=22,050,000,000 tested=0 found=0 n=922236933026704981640625 elapsed=1550s
progress: nodes=22,060,000,000 tested=0 found=0 n=577740997547568383203125 elapsed=1551s
progress: nodes=22,070,000,000 tested=0 found=0 n=635158326116509091015625 elapsed=1552s
progress: nodes=22,080,000,000 tested=0 found=0 n=544158660477173916796875 elapsed=1553s
progress: nodes=22,090,000,000 tested=0 found=0 n=786852566005869425390625 elapsed=1554s
progress: nodes=22,100,000,000 tested=0 found=0 n=462057445121175376171875 elapsed=1555s
progress: nodes=22,110,000,000 tested=0 found=0 n=357020601754587851953125 elapsed=1556s
progress: nodes=22,120,000,000 tested=0 found=0 n=470406023156398608984375 elapsed=1556s
progress: nodes=22,130,000,000 tested=0 found=0 n=743097989539979996484375 elapsed=1557s
progress: nodes=22,140,000,000 tested=0 found=0 n=783248614916455346484375 elapsed=1558s
progress: nodes=22,150,000,000 tested=0 found=0 n=828162704845831046484375 elapsed=1559s
progress: nodes=22,160,000,000 tested=0 found=0 n=583528478480226945703125 elapsed=1560s
progress: nodes=22,170,000,000 tested=0 found=0 n=390347368753791371484375 elapsed=1561s
progress: nodes=22,180,000,000 tested=0 found=0 n=483616343345427741796875 elapsed=1562s
progress: nodes=22,190,000,000 tested=0 found=0 n=740981467552647737109375 elapsed=1563s
progress: nodes=22,200,000,000 tested=0 found=0 n=379008032262998544140625 elapsed=1564s
progress: nodes=22,210,000,000 tested=0 found=0 n=950175160696041830859375 elapsed=1565s
progress: nodes=22,220,000,000 tested=0 found=0 n=559286800994852145703125 elapsed=1566s
progress: nodes=22,230,000,000 tested=0 found=0 n=632652707646652468359375 elapsed=1567s
progress: nodes=22,240,000,000 tested=0 found=0 n=333048429582845354296875 elapsed=1567s
progress: nodes=22,250,000,000 tested=0 found=0 n=720256501310789450390625 elapsed=1568s
progress: nodes=22,260,000,000 tested=0 found=0 n=379102137602242067578125 elapsed=1569s
progress: nodes=22,270,000,000 tested=0 found=0 n=359427037527011914453125 elapsed=1570s
progress: nodes=22,280,000,000 tested=0 found=0 n=677820665320984930078125 elapsed=1571s
progress: nodes=22,290,000,000 tested=0 found=0 n=473659058968102592578125 elapsed=1572s
progress: nodes=22,300,000,000 tested=0 found=0 n=689874587994484908984375 elapsed=1573s
progress: nodes=22,310,000,000 tested=0 found=0 n=168213394994150640234375 elapsed=1574s
progress: nodes=22,320,000,000 tested=0 found=0 n=872093451288869609765625 elapsed=1575s
progress: nodes=22,330,000,000 tested=0 found=0 n=342226168003246454296875 elapsed=1576s
progress: nodes=22,340,000,000 tested=0 found=0 n=207975311346888847265625 elapsed=1577s
progress: nodes=22,350,000,000 tested=0 found=0 n=613230923204683639453125 elapsed=1578s
progress: nodes=22,360,000,000 tested=0 found=0 n=673617067198112696484375 elapsed=1578s
progress: nodes=22,370,000,000 tested=0 found=0 n=821642930889273938671875 elapsed=1579s
progress: nodes=22,380,000,000 tested=0 found=0 n=458444867280913360546875 elapsed=1580s
progress: nodes=22,390,000,000 tested=0 found=0 n=897542462288350712109375 elapsed=1581s
progress: nodes=22,400,000,000 tested=0 found=0 n=897464956032265229296875 elapsed=1582s
progress: nodes=22,410,000,000 tested=0 found=0 n=593532334798806420703125 elapsed=1583s
progress: nodes=22,420,000,000 tested=0 found=0 n=359453544898078086328125 elapsed=1584s
progress: nodes=22,430,000,000 tested=0 found=0 n=491287204456612948828125 elapsed=1585s
progress: nodes=22,440,000,000 tested=0 found=0 n=713712337395787395703125 elapsed=1586s
progress: nodes=22,450,000,000 tested=0 found=0 n=392495758306372501171875 elapsed=1587s
progress: nodes=22,460,000,000 tested=0 found=0 n=633566760404838394921875 elapsed=1588s
progress: nodes=22,470,000,000 tested=0 found=0 n=826163976630005307421875 elapsed=1589s
progress: nodes=22,480,000,000 tested=0 found=0 n=96815570332577030859375 elapsed=1589s
progress: nodes=22,490,000,000 tested=0 found=0 n=986630630584695563671875 elapsed=1590s
progress: nodes=22,500,000,000 tested=0 found=0 n=567410727198551839453125 elapsed=1591s
progress: nodes=22,510,000,000 tested=0 found=0 n=930211154186196055078125 elapsed=1592s
progress: nodes=22,520,000,000 tested=0 found=0 n=247688615379698096484375 elapsed=1593s
progress: nodes=22,530,000,000 tested=0 found=0 n=602113276311961953515625 elapsed=1594s
progress: nodes=22,540,000,000 tested=0 found=0 n=417436201797119961328125 elapsed=1595s
progress: nodes=22,550,000,000 tested=0 found=0 n=549252187643617618359375 elapsed=1596s
progress: nodes=22,560,000,000 tested=0 found=0 n=815058202467388313671875 elapsed=1597s
progress: nodes=22,570,000,000 tested=0 found=0 n=466789972721387171484375 elapsed=1598s
progress: nodes=22,580,000,000 tested=0 found=0 n=629007045805894116796875 elapsed=1599s
progress: nodes=22,590,000,000 tested=0 found=0 n=949350386349165758203125 elapsed=1600s
progress: nodes=22,600,000,000 tested=0 found=0 n=957484659380759026171875 elapsed=1600s
progress: nodes=22,610,000,000 tested=0 found=0 n=694220481022431631640625 elapsed=1601s
progress: nodes=22,620,000,000 tested=0 found=0 n=315395575880545733203125 elapsed=1602s
progress: nodes=22,630,000,000 tested=0 found=0 n=339638605667564530078125 elapsed=1603s
progress: nodes=22,640,000,000 tested=0 found=0 n=707341849691406999609375 elapsed=1604s
progress: nodes=22,650,000,000 tested=0 found=0 n=674502094343013092578125 elapsed=1605s
progress: nodes=22,660,000,000 tested=0 found=0 n=934907486355476223046875 elapsed=1606s
progress: nodes=22,670,000,000 tested=0 found=0 n=688361134056640597265625 elapsed=1607s
progress: nodes=22,680,000,000 tested=0 found=0 n=301204526146679190234375 elapsed=1608s
progress: nodes=22,690,000,000 tested=0 found=0 n=527159422627606325390625 elapsed=1609s
progress: nodes=22,700,000,000 tested=0 found=0 n=646396674723280993359375 elapsed=1610s
progress: nodes=22,710,000,000 tested=0 found=0 n=527793884541860951953125 elapsed=1610s
progress: nodes=22,720,000,000 tested=0 found=0 n=349616761051627304296875 elapsed=1611s
progress: nodes=22,730,000,000 tested=0 found=0 n=550435386607801625390625 elapsed=1612s
progress: nodes=22,740,000,000 tested=0 found=0 n=235695609278545981640625 elapsed=1613s
progress: nodes=22,750,000,000 tested=0 found=0 n=784763713881855636328125 elapsed=1614s
progress: nodes=22,760,000,000 tested=0 found=0 n=821996121639196156640625 elapsed=1615s
progress: nodes=22,770,000,000 tested=0 found=0 n=208758272752171789453125 elapsed=1616s
progress: nodes=22,780,000,000 tested=0 found=0 n=655104339387548054296875 elapsed=1617s
progress: nodes=22,790,000,000 tested=0 found=0 n=563144510273257571484375 elapsed=1618s
progress: nodes=22,800,000,000 tested=0 found=0 n=481856586676682030859375 elapsed=1619s
progress: nodes=22,810,000,000 tested=0 found=0 n=648226871610801050390625 elapsed=1620s
progress: nodes=22,820,000,000 tested=0 found=0 n=485217957257520648046875 elapsed=1621s
progress: nodes=22,830,000,000 tested=0 found=0 n=268753401514360627734375 elapsed=1621s
progress: nodes=22,840,000,000 tested=0 found=0 n=148386725254293191015625 elapsed=1622s
progress: nodes=22,850,000,000 tested=0 found=0 n=325360953902527808203125 elapsed=1623s
progress: nodes=22,860,000,000 tested=0 found=0 n=345519985400330051953125 elapsed=1624s
progress: nodes=22,870,000,000 tested=0 found=0 n=625221483039752684765625 elapsed=1625s
progress: nodes=22,880,000,000 tested=0 found=0 n=558974590800844053515625 elapsed=1626s
progress: nodes=22,890,000,000 tested=0 found=0 n=573136272565501334765625 elapsed=1627s
progress: nodes=22,900,000,000 tested=0 found=0 n=555004608551575991015625 elapsed=1628s
progress: nodes=22,910,000,000 tested=0 found=0 n=580136097278738098828125 elapsed=1629s
progress: nodes=22,920,000,000 tested=0 found=0 n=920330573730619180078125 elapsed=1630s
progress: nodes=22,930,000,000 tested=0 found=0 n=691239932859417936328125 elapsed=1631s
progress: nodes=22,940,000,000 tested=0 found=0 n=722239760806320680859375 elapsed=1632s
progress: nodes=22,950,000,000 tested=0 found=0 n=280411570877366401171875 elapsed=1633s
progress: nodes=22,960,000,000 tested=0 found=0 n=598272700380768587109375 elapsed=1634s
progress: nodes=22,970,000,000 tested=0 found=0 n=484765563424099946484375 elapsed=1635s
progress: nodes=22,980,000,000 tested=0 found=0 n=630046341267799151953125 elapsed=1636s
progress: nodes=22,990,000,000 tested=0 found=0 n=663848634172251476953125 elapsed=1636s
progress: nodes=23,000,000,000 tested=0 found=0 n=607264061542529002734375 elapsed=1637s
progress: nodes=23,010,000,000 tested=0 found=0 n=555525639181055309765625 elapsed=1638s
progress: nodes=23,020,000,000 tested=0 found=0 n=935241518383598675390625 elapsed=1639s
progress: nodes=23,030,000,000 tested=0 found=0 n=406647531923932290234375 elapsed=1640s
progress: nodes=23,040,000,000 tested=0 found=0 n=249252212484583983984375 elapsed=1641s
progress: nodes=23,050,000,000 tested=0 found=0 n=323796481479687575390625 elapsed=1642s
progress: nodes=23,060,000,000 tested=0 found=0 n=871212360813172034765625 elapsed=1643s
progress: nodes=23,070,000,000 tested=0 found=0 n=358127733518587712109375 elapsed=1644s
progress: nodes=23,080,000,000 tested=0 found=0 n=561663524491798897265625 elapsed=1645s
progress: nodes=23,090,000,000 tested=0 found=0 n=862944886633837644140625 elapsed=1646s
progress: nodes=23,100,000,000 tested=0 found=0 n=466334705556367041796875 elapsed=1647s
progress: nodes=23,110,000,000 tested=0 found=0 n=189411821662485378515625 elapsed=1647s
progress: nodes=23,120,000,000 tested=0 found=0 n=200239898945517608203125 elapsed=1648s
progress: nodes=23,130,000,000 tested=0 found=0 n=445687629714505058203125 elapsed=1649s
progress: nodes=23,140,000,000 tested=0 found=0 n=253225952495812402734375 elapsed=1650s
progress: nodes=23,150,000,000 tested=0 found=0 n=778982132449324508203125 elapsed=1651s
progress: nodes=23,160,000,000 tested=0 found=0 n=800475670303525515234375 elapsed=1652s
progress: nodes=23,170,000,000 tested=0 found=0 n=526274190687826698046875 elapsed=1653s
progress: nodes=23,180,000,000 tested=0 found=0 n=231976449417563567578125 elapsed=1654s
progress: nodes=23,190,000,000 tested=0 found=0 n=508841032786145026171875 elapsed=1655s
progress: nodes=23,200,000,000 tested=0 found=0 n=363699811546069594921875 elapsed=1655s
progress: nodes=23,210,000,000 tested=0 found=0 n=933255662185442823046875 elapsed=1656s
progress: nodes=23,220,000,000 tested=0 found=0 n=660188217165762308203125 elapsed=1657s
progress: nodes=23,230,000,000 tested=0 found=0 n=761190432961591578515625 elapsed=1658s
progress: nodes=23,240,000,000 tested=0 found=0 n=381221268034280733984375 elapsed=1659s
progress: nodes=23,250,000,000 tested=0 found=0 n=506836510695540467578125 elapsed=1660s
progress: nodes=23,260,000,000 tested=0 found=0 n=471043988839940213671875 elapsed=1661s
progress: nodes=23,270,000,000 tested=0 found=0 n=499623250903896912890625 elapsed=1662s
progress: nodes=23,280,000,000 tested=0 found=0 n=604030544060042872265625 elapsed=1663s
progress: nodes=23,290,000,000 tested=0 found=0 n=667309053914755815234375 elapsed=1663s
progress: nodes=23,300,000,000 tested=0 found=0 n=827988803878574211328125 elapsed=1664s
progress: nodes=23,310,000,000 tested=0 found=0 n=727136786313904995703125 elapsed=1665s
progress: nodes=23,320,000,000 tested=0 found=0 n=745450779400140399609375 elapsed=1666s
progress: nodes=23,330,000,000 tested=0 found=0 n=264288002349888348046875 elapsed=1667s
progress: nodes=23,340,000,000 tested=0 found=0 n=957181439361994597265625 elapsed=1668s
progress: nodes=23,350,000,000 tested=0 found=0 n=469729378941180535546875 elapsed=1669s
progress: nodes=23,360,000,000 tested=0 found=0 n=643373937299281405078125 elapsed=1670s
progress: nodes=23,370,000,000 tested=0 found=0 n=775488303255919391015625 elapsed=1671s
progress: nodes=23,380,000,000 tested=0 found=0 n=930893830529282412890625 elapsed=1671s
progress: nodes=23,390,000,000 tested=0 found=0 n=99938824406113700390625 elapsed=1672s
progress: nodes=23,400,000,000 tested=0 found=0 n=673593963857453886328125 elapsed=1673s
progress: nodes=23,410,000,000 tested=0 found=0 n=925202719781176018359375 elapsed=1674s
progress: nodes=23,420,000,000 tested=0 found=0 n=504255389060729457421875 elapsed=1675s
progress: nodes=23,430,000,000 tested=0 found=0 n=588165276195145803515625 elapsed=1676s
progress: nodes=23,440,000,000 tested=0 found=0 n=763661840089503983203125 elapsed=1677s
progress: nodes=23,450,000,000 tested=0 found=0 n=550936272448015252734375 elapsed=1678s
progress: nodes=23,460,000,000 tested=0 found=0 n=289533057649713629296875 elapsed=1679s
progress: nodes=23,470,000,000 tested=0 found=0 n=186959157150363352734375 elapsed=1679s
progress: nodes=23,480,000,000 tested=0 found=0 n=469315965940823190234375 elapsed=1680s
progress: nodes=23,490,000,000 tested=0 found=0 n=188842614969713860546875 elapsed=1681s
progress: nodes=23,500,000,000 tested=0 found=0 n=335328814709147415234375 elapsed=1682s
progress: nodes=23,510,000,000 tested=0 found=0 n=323633213120557402734375 elapsed=1683s
progress: nodes=23,520,000,000 tested=0 found=0 n=598354582441398633984375 elapsed=1684s
progress: nodes=23,530,000,000 tested=0 found=0 n=439725273748493248828125 elapsed=1685s
progress: nodes=23,540,000,000 tested=0 found=0 n=547583806654710387890625 elapsed=1686s
progress: nodes=23,550,000,000 tested=0 found=0 n=947455512566969316796875 elapsed=1687s
progress: nodes=23,560,000,000 tested=0 found=0 n=602324690410317329296875 elapsed=1688s
progress: nodes=23,570,000,000 tested=0 found=0 n=548943610657871098828125 elapsed=1688s
progress: nodes=23,580,000,000 tested=0 found=0 n=658133417168001573046875 elapsed=1689s
progress: nodes=23,590,000,000 tested=0 found=0 n=695532016350442128515625 elapsed=1690s
progress: nodes=23,600,000,000 tested=0 found=0 n=323222844274791359765625 elapsed=1691s
progress: nodes=23,610,000,000 tested=0 found=0 n=702921104785157452734375 elapsed=1692s
progress: nodes=23,620,000,000 tested=0 found=0 n=811256442041928519140625 elapsed=1693s
progress: nodes=23,630,000,000 tested=0 found=0 n=485137998348830152734375 elapsed=1694s
progress: nodes=23,640,000,000 tested=0 found=0 n=304037569548461422265625 elapsed=1695s
progress: nodes=23,650,000,000 tested=0 found=0 n=642534956387181270703125 elapsed=1696s
progress: nodes=23,660,000,000 tested=0 found=0 n=447125172439304893359375 elapsed=1696s
progress: nodes=23,670,000,000 tested=0 found=0 n=521824272097903667578125 elapsed=1697s
progress: nodes=23,680,000,000 tested=0 found=0 n=631957831130637502734375 elapsed=1698s
progress: nodes=23,690,000,000 tested=0 found=0 n=663925422383889690234375 elapsed=1699s
progress: nodes=23,700,000,000 tested=0 found=0 n=664704699548833466015625 elapsed=1700s
progress: nodes=23,710,000,000 tested=0 found=0 n=603981461128597161328125 elapsed=1701s
progress: nodes=23,720,000,000 tested=0 found=0 n=949265271381555059765625 elapsed=1702s
progress: nodes=23,730,000,000 tested=0 found=0 n=432383097536363105859375 elapsed=1703s
progress: nodes=23,740,000,000 tested=0 found=0 n=680149097451011344921875 elapsed=1704s
progress: nodes=23,750,000,000 tested=0 found=0 n=527720401137750472265625 elapsed=1704s
progress: nodes=23,760,000,000 tested=0 found=0 n=716590232090666574609375 elapsed=1705s
progress: nodes=23,770,000,000 tested=0 found=0 n=725145743990413233984375 elapsed=1706s
progress: nodes=23,780,000,000 tested=0 found=0 n=347475147403399498828125 elapsed=1707s
progress: nodes=23,790,000,000 tested=0 found=0 n=894355707432291057421875 elapsed=1708s
progress: nodes=23,800,000,000 tested=0 found=0 n=854503669164767234765625 elapsed=1709s
progress: nodes=23,810,000,000 tested=0 found=0 n=840468436714786004296875 elapsed=1710s
progress: nodes=23,820,000,000 tested=0 found=0 n=478050255081026216015625 elapsed=1711s
progress: nodes=23,830,000,000 tested=0 found=0 n=855377524752065377734375 elapsed=1712s
progress: nodes=23,840,000,000 tested=0 found=0 n=620328268611043175390625 elapsed=1712s
progress: nodes=23,850,000,000 tested=0 found=0 n=481708396593837355078125 elapsed=1713s
progress: nodes=23,860,000,000 tested=0 found=0 n=831799892386025616796875 elapsed=1714s
progress: nodes=23,870,000,000 tested=0 found=0 n=804764153317853527734375 elapsed=1715s
progress: nodes=23,880,000,000 tested=0 found=0 n=658617342412027749609375 elapsed=1716s
progress: nodes=23,890,000,000 tested=0 found=0 n=413311391163070653515625 elapsed=1717s
progress: nodes=23,900,000,000 tested=0 found=0 n=444093026820582730078125 elapsed=1718s
progress: nodes=23,910,000,000 tested=0 found=0 n=280087952430946468359375 elapsed=1719s
progress: nodes=23,920,000,000 tested=0 found=0 n=962738167707641801953125 elapsed=1720s
progress: nodes=23,930,000,000 tested=0 found=0 n=397528884478140022265625 elapsed=1720s
progress: nodes=23,940,000,000 tested=0 found=0 n=615821026894952832421875 elapsed=1721s
progress: nodes=23,950,000,000 tested=0 found=0 n=552263481192667187109375 elapsed=1722s
progress: nodes=23,960,000,000 tested=0 found=0 n=606458934757148846484375 elapsed=1723s
progress: nodes=23,970,000,000 tested=0 found=0 n=409596460049623468359375 elapsed=1724s
progress: nodes=23,980,000,000 tested=0 found=0 n=826306215105284834765625 elapsed=1725s
progress: nodes=23,990,000,000 tested=0 found=0 n=520583674708653999609375 elapsed=1726s
progress: nodes=24,000,000,000 tested=0 found=0 n=536398246696437481640625 elapsed=1727s
progress: nodes=24,010,000,000 tested=0 found=0 n=549819699743466242578125 elapsed=1728s
progress: nodes=24,020,000,000 tested=0 found=0 n=314864851817673235546875 elapsed=1728s
progress: nodes=24,030,000,000 tested=0 found=0 n=363359077896955426171875 elapsed=1729s
progress: nodes=24,040,000,000 tested=0 found=0 n=479391450104903234765625 elapsed=1730s
progress: nodes=24,050,000,000 tested=0 found=0 n=631644091495113610546875 elapsed=1731s
progress: nodes=24,060,000,000 tested=0 found=0 n=755052132184999287890625 elapsed=1732s
progress: nodes=24,070,000,000 tested=0 found=0 n=289078669660223450390625 elapsed=1733s
progress: nodes=24,080,000,000 tested=0 found=0 n=197817515989834369921875 elapsed=1734s
progress: nodes=24,090,000,000 tested=0 found=0 n=622095045622504562109375 elapsed=1735s
progress: nodes=24,100,000,000 tested=0 found=0 n=663248690757021561328125 elapsed=1736s
progress: nodes=24,110,000,000 tested=0 found=0 n=365029686917140742578125 elapsed=1737s
progress: nodes=24,120,000,000 tested=0 found=0 n=939260138116341125390625 elapsed=1737s
progress: nodes=24,130,000,000 tested=0 found=0 n=712944705143732776171875 elapsed=1738s
progress: nodes=24,140,000,000 tested=0 found=0 n=604580929688886549609375 elapsed=1739s
progress: nodes=24,150,000,000 tested=0 found=0 n=631879523338165562109375 elapsed=1740s
progress: nodes=24,160,000,000 tested=0 found=0 n=642602464556643692578125 elapsed=1741s
progress: nodes=24,170,000,000 tested=0 found=0 n=248369491023927036328125 elapsed=1742s
progress: nodes=24,180,000,000 tested=0 found=0 n=730278585065713419140625 elapsed=1743s
progress: nodes=24,190,000,000 tested=0 found=0 n=325134037196168333203125 elapsed=1744s
progress: nodes=24,200,000,000 tested=0 found=0 n=605171069203815945703125 elapsed=1745s
progress: nodes=24,210,000,000 tested=0 found=0 n=494372813095918233984375 elapsed=1745s
progress: nodes=24,220,000,000 tested=0 found=0 n=182364596210965742578125 elapsed=1746s
progress: nodes=24,230,000,000 tested=0 found=0 n=726926953850613875390625 elapsed=1747s
progress: nodes=24,240,000,000 tested=0 found=0 n=542255248777400335546875 elapsed=1748s
progress: nodes=24,250,000,000 tested=0 found=0 n=256475858962065612890625 elapsed=1749s
progress: nodes=24,260,000,000 tested=0 found=0 n=547854906396719612109375 elapsed=1750s
progress: nodes=24,270,000,000 tested=0 found=0 n=497761925265122551171875 elapsed=1751s
progress: nodes=24,280,000,000 tested=0 found=0 n=321727213883590801171875 elapsed=1752s
progress: nodes=24,290,000,000 tested=0 found=0 n=524713816797183066796875 elapsed=1753s
progress: nodes=24,300,000,000 tested=0 found=0 n=729799932885374394140625 elapsed=1753s
progress: nodes=24,310,000,000 tested=0 found=0 n=688933464050763073828125 elapsed=1754s
progress: nodes=24,320,000,000 tested=0 found=0 n=613478955226617291796875 elapsed=1755s
progress: nodes=24,330,000,000 tested=0 found=0 n=502537521039932077734375 elapsed=1756s
progress: nodes=24,340,000,000 tested=0 found=0 n=267208420731070616015625 elapsed=1757s
progress: nodes=24,350,000,000 tested=0 found=0 n=487896434600749955859375 elapsed=1758s
progress: nodes=24,360,000,000 tested=0 found=0 n=581495754044040992578125 elapsed=1759s
progress: nodes=24,370,000,000 tested=0 found=0 n=164791581810755895703125 elapsed=1760s
progress: nodes=24,380,000,000 tested=0 found=0 n=623214687759510399609375 elapsed=1761s
progress: nodes=24,390,000,000 tested=0 found=0 n=782814746049436894921875 elapsed=1762s
progress: nodes=24,400,000,000 tested=0 found=0 n=493691710090957885546875 elapsed=1763s
progress: nodes=24,410,000,000 tested=0 found=0 n=460589903678472936328125 elapsed=1764s
progress: nodes=24,420,000,000 tested=0 found=0 n=505231333212817908984375 elapsed=1765s
progress: nodes=24,430,000,000 tested=0 found=0 n=574732111779486980859375 elapsed=1765s
progress: nodes=24,440,000,000 tested=0 found=0 n=822778627694717035546875 elapsed=1766s
progress: nodes=24,450,000,000 tested=0 found=0 n=438042736402267334765625 elapsed=1767s
progress: nodes=24,460,000,000 tested=0 found=0 n=318325021130504295703125 elapsed=1768s
progress: nodes=24,470,000,000 tested=0 found=0 n=350163654111038844140625 elapsed=1769s
progress: nodes=24,480,000,000 tested=0 found=0 n=571729758225018563671875 elapsed=1770s
progress: nodes=24,490,000,000 tested=0 found=0 n=660110335516365795703125 elapsed=1771s
progress: nodes=24,500,000,000 tested=0 found=0 n=753977901732673264453125 elapsed=1772s
progress: nodes=24,510,000,000 tested=0 found=0 n=412986504341651122265625 elapsed=1773s
progress: nodes=24,520,000,000 tested=0 found=0 n=749279062211143032421875 elapsed=1774s
progress: nodes=24,530,000,000 tested=0 found=0 n=589606353618732643359375 elapsed=1775s
progress: nodes=24,540,000,000 tested=0 found=0 n=387641345763566851171875 elapsed=1776s
progress: nodes=24,550,000,000 tested=0 found=0 n=591336144426965733984375 elapsed=1777s
progress: nodes=24,560,000,000 tested=0 found=0 n=315917161193269156640625 elapsed=1778s
progress: nodes=24,570,000,000 tested=0 found=0 n=443978987260545889453125 elapsed=1779s
progress: nodes=24,580,000,000 tested=0 found=0 n=781108797773506679296875 elapsed=1780s
progress: nodes=24,590,000,000 tested=0 found=0 n=536811751836973993359375 elapsed=1781s
progress: nodes=24,600,000,000 tested=0 found=0 n=746654636177043992578125 elapsed=1781s
progress: nodes=24,610,000,000 tested=0 found=0 n=690601060237405362890625 elapsed=1782s
progress: nodes=24,620,000,000 tested=0 found=0 n=436938692193479682421875 elapsed=1783s
progress: nodes=24,630,000,000 tested=0 found=0 n=319627315864113894140625 elapsed=1784s
progress: nodes=24,640,000,000 tested=0 found=0 n=576703717979261283984375 elapsed=1785s
progress: nodes=24,650,000,000 tested=0 found=0 n=768115630462739199609375 elapsed=1786s
progress: nodes=24,660,000,000 tested=0 found=0 n=440978528494541309765625 elapsed=1787s
progress: nodes=24,670,000,000 tested=0 found=0 n=237827994069572813671875 elapsed=1788s
progress: nodes=24,680,000,000 tested=0 found=0 n=349659354215493312890625 elapsed=1789s
progress: nodes=24,690,000,000 tested=0 found=0 n=475022710581048235546875 elapsed=1790s
progress: nodes=24,700,000,000 tested=0 found=0 n=324434650378944716015625 elapsed=1791s
progress: nodes=24,710,000,000 tested=0 found=0 n=486614953725861997265625 elapsed=1792s
progress: nodes=24,720,000,000 tested=0 found=0 n=525905513150378199609375 elapsed=1793s
progress: nodes=24,730,000,000 tested=0 found=0 n=491097011675160476953125 elapsed=1794s
progress: nodes=24,740,000,000 tested=0 found=0 n=700386779845847183203125 elapsed=1794s
progress: nodes=24,750,000,000 tested=0 found=0 n=863485712778997184765625 elapsed=1795s
progress: nodes=24,760,000,000 tested=0 found=0 n=264517476161187652734375 elapsed=1796s
progress: nodes=24,770,000,000 tested=0 found=0 n=552722489732193141796875 elapsed=1797s
progress: nodes=24,780,000,000 tested=0 found=0 n=67643021845904755078125 elapsed=1798s
progress: nodes=24,790,000,000 tested=0 found=0 n=333842609919565093359375 elapsed=1799s
progress: nodes=24,800,000,000 tested=0 found=0 n=396242984648390382421875 elapsed=1800s
progress: nodes=24,810,000,000 tested=0 found=0 n=614556397302809375390625 elapsed=1801s
progress: nodes=24,820,000,000 tested=0 found=0 n=481537966545759118359375 elapsed=1802s
progress: nodes=24,830,000,000 tested=0 found=0 n=511659693990760566796875 elapsed=1803s
progress: nodes=24,840,000,000 tested=0 found=0 n=376884886996877312109375 elapsed=1804s
progress: nodes=24,850,000,000 tested=0 found=0 n=515388661634308468359375 elapsed=1805s
progress: nodes=24,860,000,000 tested=0 found=0 n=287917075160981152734375 elapsed=1806s
progress: nodes=24,870,000,000 tested=0 found=0 n=383630103616281753515625 elapsed=1806s
progress: nodes=24,880,000,000 tested=0 found=0 n=706261982166739930078125 elapsed=1807s
progress: nodes=24,890,000,000 tested=0 found=0 n=606781364624555832421875 elapsed=1808s
progress: nodes=24,900,000,000 tested=0 found=0 n=572508978937839319921875 elapsed=1809s
progress: nodes=24,910,000,000 tested=0 found=0 n=312098448514309062890625 elapsed=1810s
progress: nodes=24,920,000,000 tested=0 found=0 n=669175548972855078515625 elapsed=1811s
progress: nodes=24,930,000,000 tested=0 found=0 n=627572961387594530859375 elapsed=1812s
progress: nodes=24,940,000,000 tested=0 found=0 n=379830556124807480859375 elapsed=1813s
progress: nodes=24,950,000,000 tested=0 found=0 n=404551369280873886328125 elapsed=1814s
progress: nodes=24,960,000,000 tested=0 found=0 n=200585662025326217578125 elapsed=1815s
progress: nodes=24,970,000,000 tested=0 found=0 n=270734801037091913671875 elapsed=1816s
progress: nodes=24,980,000,000 tested=0 found=0 n=565339114202384710546875 elapsed=1817s
progress: nodes=24,990,000,000 tested=0 found=0 n=623981251073611367578125 elapsed=1818s
progress: nodes=25,000,000,000 tested=0 found=0 n=242331935312403530859375 elapsed=1818s
progress: nodes=25,010,000,000 tested=0 found=0 n=530122974866738975390625 elapsed=1819s
progress: nodes=25,020,000,000 tested=0 found=0 n=566351163603115133203125 elapsed=1820s
progress: nodes=25,030,000,000 tested=0 found=0 n=978443702126415460546875 elapsed=1821s
progress: nodes=25,040,000,000 tested=0 found=0 n=437128818281643997265625 elapsed=1822s
progress: nodes=25,050,000,000 tested=0 found=0 n=641960441557544703515625 elapsed=1823s
progress: nodes=25,060,000,000 tested=0 found=0 n=147069375979013722265625 elapsed=1824s
progress: nodes=25,070,000,000 tested=0 found=0 n=613029393201154243359375 elapsed=1825s
progress: nodes=25,080,000,000 tested=0 found=0 n=404614891136909977734375 elapsed=1826s
progress: nodes=25,090,000,000 tested=0 found=0 n=222388024235382573046875 elapsed=1827s
progress: nodes=25,100,000,000 tested=0 found=0 n=508077694780417613671875 elapsed=1828s
progress: nodes=25,110,000,000 tested=0 found=0 n=417025158049156890234375 elapsed=1829s
progress: nodes=25,120,000,000 tested=0 found=0 n=538834016047815172265625 elapsed=1829s
progress: nodes=25,130,000,000 tested=0 found=0 n=607307104597106190234375 elapsed=1830s
progress: nodes=25,140,000,000 tested=0 found=0 n=856514549272138801171875 elapsed=1831s
progress: nodes=25,150,000,000 tested=0 found=0 n=552986439212612612109375 elapsed=1832s
progress: nodes=25,160,000,000 tested=0 found=0 n=587731937405357520703125 elapsed=1833s
progress: nodes=25,170,000,000 tested=0 found=0 n=369991047479510647265625 elapsed=1834s
progress: nodes=25,180,000,000 tested=0 found=0 n=231307208611552592578125 elapsed=1835s
progress: nodes=25,190,000,000 tested=0 found=0 n=444699829184434737890625 elapsed=1836s
progress: nodes=25,200,000,000 tested=0 found=0 n=388588741836496020703125 elapsed=1837s
progress: nodes=25,210,000,000 tested=0 found=0 n=791636109256468149609375 elapsed=1838s
progress: nodes=25,220,000,000 tested=0 found=0 n=569848252976438248828125 elapsed=1838s
progress: nodes=25,230,000,000 tested=0 found=0 n=565188287851053319921875 elapsed=1839s
progress: nodes=25,240,000,000 tested=0 found=0 n=774114078084998333203125 elapsed=1840s
progress: nodes=25,250,000,000 tested=0 found=0 n=605876021275770235546875 elapsed=1841s
progress: nodes=25,260,000,000 tested=0 found=0 n=461993101641644551171875 elapsed=1842s
progress: nodes=25,270,000,000 tested=0 found=0 n=553888701799357559765625 elapsed=1843s
progress: nodes=25,280,000,000 tested=0 found=0 n=381528634530149609765625 elapsed=1844s
progress: nodes=25,290,000,000 tested=0 found=0 n=487310029394078176171875 elapsed=1845s
progress: nodes=25,300,000,000 tested=0 found=0 n=620492083797675258984375 elapsed=1846s
progress: nodes=25,310,000,000 tested=0 found=0 n=255166364422932303515625 elapsed=1847s
progress: nodes=25,320,000,000 tested=0 found=0 n=528154766266688201953125 elapsed=1847s
progress: nodes=25,330,000,000 tested=0 found=0 n=518050027621765817578125 elapsed=1848s
progress: nodes=25,340,000,000 tested=0 found=0 n=586288481586986745703125 elapsed=1849s
progress: nodes=25,350,000,000 tested=0 found=0 n=565321786815668347265625 elapsed=1850s
progress: nodes=25,360,000,000 tested=0 found=0 n=156576762284039715234375 elapsed=1851s
progress: nodes=25,370,000,000 tested=0 found=0 n=634460732614030123828125 elapsed=1852s
progress: nodes=25,380,000,000 tested=0 found=0 n=497501267868582127734375 elapsed=1853s
progress: nodes=25,390,000,000 tested=0 found=0 n=496047341472791508984375 elapsed=1854s
progress: nodes=25,400,000,000 tested=0 found=0 n=585007690729600191796875 elapsed=1855s
progress: nodes=25,410,000,000 tested=0 found=0 n=341357914754727479296875 elapsed=1856s
progress: nodes=25,420,000,000 tested=0 found=0 n=208687858464718346484375 elapsed=1857s
progress: nodes=25,430,000,000 tested=0 found=0 n=239399780673489781640625 elapsed=1858s
progress: nodes=25,440,000,000 tested=0 found=0 n=160252973324799338671875 elapsed=1859s
progress: nodes=25,450,000,000 tested=0 found=0 n=549892069476682672265625 elapsed=1859s
progress: nodes=25,460,000,000 tested=0 found=0 n=549262515412174510546875 elapsed=1860s
progress: nodes=25,470,000,000 tested=0 found=0 n=450730753219189149609375 elapsed=1861s
progress: nodes=25,480,000,000 tested=0 found=0 n=445616312224417266796875 elapsed=1862s
progress: nodes=25,490,000,000 tested=0 found=0 n=547650163411661823046875 elapsed=1863s
progress: nodes=25,500,000,000 tested=0 found=0 n=539062031048384366015625 elapsed=1864s
progress: nodes=25,510,000,000 tested=0 found=0 n=583780231722469637109375 elapsed=1865s
progress: nodes=25,520,000,000 tested=0 found=0 n=178448659135208356640625 elapsed=1866s
progress: nodes=25,530,000,000 tested=0 found=0 n=313405530966492331640625 elapsed=1867s
progress: nodes=25,540,000,000 tested=0 found=0 n=495205138728350518359375 elapsed=1868s
progress: nodes=25,550,000,000 tested=0 found=0 n=398262496624155706640625 elapsed=1869s
progress: nodes=25,560,000,000 tested=0 found=0 n=451365489753338183203125 elapsed=1870s
progress: nodes=25,570,000,000 tested=0 found=0 n=575322894838371835546875 elapsed=1871s
progress: nodes=25,580,000,000 tested=0 found=0 n=227023732100600518359375 elapsed=1872s
progress: nodes=25,590,000,000 tested=0 found=0 n=415231632815643432421875 elapsed=1872s
progress: nodes=25,600,000,000 tested=0 found=0 n=513565261824867514453125 elapsed=1873s
progress: nodes=25,610,000,000 tested=0 found=0 n=409679115126697620703125 elapsed=1874s
progress: nodes=25,620,000,000 tested=0 found=0 n=488455778022453952734375 elapsed=1875s
progress: nodes=25,630,000,000 tested=0 found=0 n=766623107568803628515625 elapsed=1876s
progress: nodes=25,640,000,000 tested=0 found=0 n=542468117688654209765625 elapsed=1877s
progress: nodes=25,650,000,000 tested=0 found=0 n=302674103770310005078125 elapsed=1878s
progress: nodes=25,660,000,000 tested=0 found=0 n=581450371761849394921875 elapsed=1879s
progress: nodes=25,670,000,000 tested=0 found=0 n=340493500230645519140625 elapsed=1880s
progress: nodes=25,680,000,000 tested=0 found=0 n=317410489670642272265625 elapsed=1881s
progress: nodes=25,690,000,000 tested=0 found=0 n=413558947604099872265625 elapsed=1882s
progress: nodes=25,700,000,000 tested=0 found=0 n=383078284230419778515625 elapsed=1883s
progress: nodes=25,710,000,000 tested=0 found=0 n=285778075128195336328125 elapsed=1884s
progress: nodes=25,720,000,000 tested=0 found=0 n=428191014569161967578125 elapsed=1884s
progress: nodes=25,730,000,000 tested=0 found=0 n=485998694435021741015625 elapsed=1885s
progress: nodes=25,740,000,000 tested=0 found=0 n=292094007274451520703125 elapsed=1886s
progress: nodes=25,750,000,000 tested=0 found=0 n=445079083033112459765625 elapsed=1887s
progress: nodes=25,760,000,000 tested=0 found=0 n=176088746995857776953125 elapsed=1888s
progress: nodes=25,770,000,000 tested=0 found=0 n=503598050312485489453125 elapsed=1889s
progress: nodes=25,780,000,000 tested=0 found=0 n=397789939872085805859375 elapsed=1890s
progress: nodes=25,790,000,000 tested=0 found=0 n=590535431832498577734375 elapsed=1891s
progress: nodes=25,800,000,000 tested=0 found=0 n=525325120906138562109375 elapsed=1892s
progress: nodes=25,810,000,000 tested=0 found=0 n=546965706240585727734375 elapsed=1893s
progress: nodes=25,820,000,000 tested=0 found=0 n=467729863863543432421875 elapsed=1894s
progress: nodes=25,830,000,000 tested=0 found=0 n=293048188082244748828125 elapsed=1895s
progress: nodes=25,840,000,000 tested=0 found=0 n=374365028481033188671875 elapsed=1896s
progress: nodes=25,850,000,000 tested=0 found=0 n=486815277702456488671875 elapsed=1896s
progress: nodes=25,860,000,000 tested=0 found=0 n=518900509678323828515625 elapsed=1897s
progress: nodes=25,870,000,000 tested=0 found=0 n=385055896694708598046875 elapsed=1898s
progress: nodes=25,880,000,000 tested=0 found=0 n=421424917598447644921875 elapsed=1899s
progress: nodes=25,890,000,000 tested=0 found=0 n=269794450318278948046875 elapsed=1900s
progress: nodes=25,900,000,000 tested=0 found=0 n=333313060193765398828125 elapsed=1901s
progress: nodes=25,910,000,000 tested=0 found=0 n=324476671665221328515625 elapsed=1902s
progress: nodes=25,920,000,000 tested=0 found=0 n=537861875544355454296875 elapsed=1903s
progress: nodes=25,930,000,000 tested=0 found=0 n=330486519107025277734375 elapsed=1904s
progress: nodes=25,940,000,000 tested=0 found=0 n=541224869426704121484375 elapsed=1905s
progress: nodes=25,950,000,000 tested=0 found=0 n=394634441596877637890625 elapsed=1906s
progress: nodes=25,960,000,000 tested=0 found=0 n=368237332172910582421875 elapsed=1907s
progress: nodes=25,970,000,000 tested=0 found=0 n=366593527082897180859375 elapsed=1908s
progress: nodes=25,980,000,000 tested=0 found=0 n=558150485551177496484375 elapsed=1908s
progress: nodes=25,990,000,000 tested=0 found=0 n=485080063649773414453125 elapsed=1909s
progress: nodes=26,000,000,000 tested=0 found=0 n=543630827526613006640625 elapsed=1910s
progress: nodes=26,010,000,000 tested=0 found=0 n=369397477816935936328125 elapsed=1911s
progress: nodes=26,020,000,000 tested=0 found=0 n=374707586291548679296875 elapsed=1912s
progress: nodes=26,030,000,000 tested=0 found=0 n=229569081557021855859375 elapsed=1913s
progress: nodes=26,040,000,000 tested=0 found=0 n=375677222213134346484375 elapsed=1914s
progress: nodes=26,050,000,000 tested=0 found=0 n=487954610169974075390625 elapsed=1915s
progress: nodes=26,060,000,000 tested=0 found=0 n=279925881444997850390625 elapsed=1916s
progress: nodes=26,070,000,000 tested=0 found=0 n=339298561909160687109375 elapsed=1917s
progress: nodes=26,080,000,000 tested=0 found=0 n=497615698367480562890625 elapsed=1918s
progress: nodes=26,090,000,000 tested=0 found=0 n=458170968587644550390625 elapsed=1919s
progress: nodes=26,100,000,000 tested=0 found=0 n=496216334945304819140625 elapsed=1920s
progress: nodes=26,110,000,000 tested=0 found=0 n=494032411521557764453125 elapsed=1920s
progress: nodes=26,120,000,000 tested=0 found=0 n=494376206783569442578125 elapsed=1921s
progress: nodes=26,130,000,000 tested=0 found=0 n=493475158272969326953125 elapsed=1922s
progress: nodes=26,140,000,000 tested=0 found=0 n=225390816931782420703125 elapsed=1923s
progress: nodes=26,150,000,000 tested=0 found=0 n=530176202889609645703125 elapsed=1924s
progress: nodes=26,160,000,000 tested=0 found=0 n=530530104265166169140625 elapsed=1925s
progress: nodes=26,170,000,000 tested=0 found=0 n=555625924401063926953125 elapsed=1926s
progress: nodes=26,180,000,000 tested=0 found=0 n=509251067552327319140625 elapsed=1927s
progress: nodes=26,190,000,000 tested=0 found=0 n=454882676572437957421875 elapsed=1928s
progress: nodes=26,200,000,000 tested=0 found=0 n=334080014434344840234375 elapsed=1929s
progress: nodes=26,210,000,000 tested=0 found=0 n=281294250383410519921875 elapsed=1930s
progress: nodes=26,220,000,000 tested=0 found=0 n=549418584147222526171875 elapsed=1930s
progress: nodes=26,230,000,000 tested=0 found=0 n=394253807154226864453125 elapsed=1931s
progress: nodes=26,240,000,000 tested=0 found=0 n=363285581538238695703125 elapsed=1932s
progress: nodes=26,250,000,000 tested=0 found=0 n=438599615454144130078125 elapsed=1933s
progress: nodes=26,260,000,000 tested=0 found=0 n=553661531590531559765625 elapsed=1934s
progress: nodes=26,270,000,000 tested=0 found=0 n=424597591396960098046875 elapsed=1935s
progress: nodes=26,280,000,000 tested=0 found=0 n=25882854627441796875 elapsed=1936s
progress: nodes=26,290,000,000 tested=0 found=0 n=866171471780751739453125 elapsed=1936s
progress: nodes=26,300,000,000 tested=0 found=0 n=921644238980910469921875 elapsed=1937s
progress: nodes=26,310,000,000 tested=0 found=0 n=304466962230610020703125 elapsed=1937s
progress: nodes=26,320,000,000 tested=0 found=0 n=821523702958311413671875 elapsed=1938s
progress: nodes=26,330,000,000 tested=0 found=0 n=528111211241936295703125 elapsed=1938s
progress: nodes=26,340,000,000 tested=0 found=0 n=818629577122065444140625 elapsed=1939s
progress: nodes=26,350,000,000 tested=0 found=0 n=485537618222319055078125 elapsed=1939s
progress: nodes=26,360,000,000 tested=0 found=0 n=576657729150673074609375 elapsed=1940s
progress: nodes=26,370,000,000 tested=0 found=0 n=150340696784089105078125 elapsed=1940s
progress: nodes=26,380,000,000 tested=0 found=0 n=124902554918183792578125 elapsed=1941s
progress: nodes=26,390,000,000 tested=0 found=0 n=347410672725348671484375 elapsed=1941s
progress: nodes=26,400,000,000 tested=0 found=0 n=317675590864661042578125 elapsed=1942s
progress: nodes=26,410,000,000 tested=0 found=0 n=410786575392753256640625 elapsed=1942s
progress: nodes=26,420,000,000 tested=0 found=0 n=203842765070720750390625 elapsed=1942s
progress: nodes=26,430,000,000 tested=0 found=0 n=64689481776128459765625 elapsed=1943s
progress: nodes=26,440,000,000 tested=0 found=0 n=191790835855727895703125 elapsed=1943s
progress: nodes=26,450,000,000 tested=0 found=0 n=63082240716637016015625 elapsed=1944s
progress: nodes=26,460,000,000 tested=0 found=0 n=115056901610783588671875 elapsed=1945s
progress: nodes=26,470,000,000 tested=0 found=0 n=149234014736876605078125 elapsed=1945s
progress: nodes=26,480,000,000 tested=0 found=0 n=95455036457572777734375 elapsed=1945s
progress: nodes=26,490,000,000 tested=0 found=0 n=69666141326652376171875 elapsed=1946s
progress: nodes=26,500,000,000 tested=0 found=0 n=183266371413758879296875 elapsed=1946s
progress: nodes=26,510,000,000 tested=0 found=0 n=152195271658261308984375 elapsed=1947s
progress: nodes=26,520,000,000 tested=0 found=0 n=82595496050312966015625 elapsed=1947s
progress: nodes=26,530,000,000 tested=0 found=0 n=63486049269500124609375 elapsed=1948s
progress: nodes=26,540,000,000 tested=0 found=0 n=278764554448589769140625 elapsed=1948s
progress: nodes=26,550,000,000 tested=0 found=0 n=75483877384979933203125 elapsed=1949s
progress: nodes=26,560,000,000 tested=0 found=0 n=18552883426232319140625 elapsed=1949s
progress: nodes=26,570,000,000 tested=0 found=0 n=121312266773555485546875 elapsed=1950s
progress: nodes=26,580,000,000 tested=0 found=0 n=26826019092073923046875 elapsed=1950s
progress: nodes=26,590,000,000 tested=0 found=0 n=143388877017977469140625 elapsed=1951s
progress: nodes=26,600,000,000 tested=0 found=0 n=24656617229723673046875 elapsed=1951s
progress: nodes=26,610,000,000 tested=0 found=0 n=16629784470047190234375 elapsed=1952s
progress: nodes=26,620,000,000 tested=0 found=0 n=212060603717794437890625 elapsed=1952s
progress: nodes=26,630,000,000 tested=0 found=0 n=123412779423223808203125 elapsed=1953s
progress: nodes=26,640,000,000 tested=0 found=0 n=13993670287163801953125 elapsed=1953s
progress: nodes=26,650,000,000 tested=0 found=0 n=33215124771616953515625 elapsed=1954s
progress: nodes=26,660,000,000 tested=0 found=0 n=821945463871673148046875 elapsed=1954s
progress: nodes=26,670,000,000 tested=0 found=0 n=2386924856898437109375 elapsed=1955s
progress: nodes=26,680,000,000 tested=0 found=0 n=176675406588898323046875 elapsed=1955s
progress: nodes=26,690,000,000 tested=0 found=0 n=575195200637626297265625 elapsed=1956s
progress: nodes=26,700,000,000 tested=0 found=0 n=691234909098600448828125 elapsed=1957s
progress: nodes=26,710,000,000 tested=0 found=0 n=127853147473140336328125 elapsed=1958s
progress: nodes=26,720,000,000 tested=0 found=0 n=327511340213643699609375 elapsed=1959s
progress: nodes=26,730,000,000 tested=0 found=0 n=677071110385642151953125 elapsed=1959s
progress: nodes=26,740,000,000 tested=0 found=0 n=686054892882189561328125 elapsed=1960s
progress: nodes=26,750,000,000 tested=0 found=0 n=749129171821310401171875 elapsed=1960s
progress: nodes=26,760,000,000 tested=0 found=0 n=854451812220152037890625 elapsed=1961s
progress: nodes=26,770,000,000 tested=0 found=0 n=11447691039135798046875 elapsed=1961s
progress: nodes=26,780,000,000 tested=0 found=0 n=737514852425027673046875 elapsed=1962s
progress: nodes=26,790,000,000 tested=0 found=0 n=472706505000440300390625 elapsed=1962s
progress: nodes=26,800,000,000 tested=0 found=0 n=341492752749514355859375 elapsed=1963s
progress: nodes=26,810,000,000 tested=0 found=0 n=307291472001689909765625 elapsed=1963s
progress: nodes=26,820,000,000 tested=0 found=0 n=129702688945052192578125 elapsed=1964s
progress: nodes=26,830,000,000 tested=0 found=0 n=279561861177387950390625 elapsed=1964s
progress: nodes=26,840,000,000 tested=0 found=0 n=64871489461838438671875 elapsed=1965s
progress: nodes=26,850,000,000 tested=0 found=0 n=86491717290574548046875 elapsed=1965s
progress: nodes=26,860,000,000 tested=0 found=0 n=89234268773981628515625 elapsed=1965s
progress: nodes=26,870,000,000 tested=0 found=0 n=117110053076317498828125 elapsed=1966s
progress: nodes=26,880,000,000 tested=0 found=0 n=56407287843697608984375 elapsed=1966s
progress: nodes=26,890,000,000 tested=0 found=0 n=84699235200326987109375 elapsed=1967s
progress: nodes=26,900,000,000 tested=0 found=0 n=89645044063131987890625 elapsed=1967s
progress: nodes=26,910,000,000 tested=0 found=0 n=73201759663211785546875 elapsed=1968s
progress: nodes=26,920,000,000 tested=0 found=0 n=69962886317141722265625 elapsed=1968s
progress: nodes=26,930,000,000 tested=0 found=0 n=70859819779210184765625 elapsed=1969s
progress: nodes=26,940,000,000 tested=0 found=0 n=15338840469531008203125 elapsed=1969s
progress: nodes=26,950,000,000 tested=0 found=0 n=56836294391456623828125 elapsed=1970s
progress: nodes=26,960,000,000 tested=0 found=0 n=42406359337295778515625 elapsed=1970s
progress: nodes=26,970,000,000 tested=0 found=0 n=53512027478276206640625 elapsed=1971s
progress: nodes=26,980,000,000 tested=0 found=0 n=49794979075609208203125 elapsed=1971s
progress: nodes=26,990,000,000 tested=0 found=0 n=26112317053140101953125 elapsed=1972s
progress: nodes=27,000,000,000 tested=0 found=0 n=44745193964160151171875 elapsed=1972s
progress: nodes=27,010,000,000 tested=0 found=0 n=33473948843982526171875 elapsed=1973s
progress: nodes=27,020,000,000 tested=0 found=0 n=49212875692610862890625 elapsed=1973s
progress: nodes=27,030,000,000 tested=0 found=0 n=551944153652911632421875 elapsed=1974s
progress: nodes=27,040,000,000 tested=0 found=0 n=368109928427866337109375 elapsed=1974s
progress: nodes=27,050,000,000 tested=0 found=0 n=265015294722248129296875 elapsed=1975s
progress: nodes=27,060,000,000 tested=0 found=0 n=158262888686782932421875 elapsed=1975s
progress: nodes=27,070,000,000 tested=0 found=0 n=51417242834539918359375 elapsed=1976s
progress: nodes=27,080,000,000 tested=0 found=0 n=3969706559392444921875 elapsed=1976s
progress: nodes=27,090,000,000 tested=0 found=0 n=22022492383948327734375 elapsed=1977s
progress: nodes=27,100,000,000 tested=0 found=0 n=13659639379197423046875 elapsed=1977s
progress: nodes=27,110,000,000 tested=0 found=0 n=10946902330148825390625 elapsed=1977s
progress: nodes=27,120,000,000 tested=0 found=0 n=11432517353760280078125 elapsed=1978s
progress: nodes=27,130,000,000 tested=0 found=0 n=282499312643917758984375 elapsed=1978s
progress: nodes=27,140,000,000 tested=0 found=0 n=312179616994979133984375 elapsed=1979s
progress: nodes=27,150,000,000 tested=0 found=0 n=111049047045102877734375 elapsed=1979s
progress: nodes=27,160,000,000 tested=0 found=0 n=7312246588288627734375 elapsed=1980s
progress: nodes=27,170,000,000 tested=0 found=0 n=3153488887602319921875 elapsed=1980s
progress: nodes=27,180,000,000 tested=0 found=0 n=2453171480866515234375 elapsed=1981s
progress: nodes=27,190,000,000 tested=0 found=0 n=6257949144745637109375 elapsed=1981s
progress: nodes=27,200,000,000 tested=0 found=0 n=112953030388187691796875 elapsed=1982s
progress: nodes=27,210,000,000 tested=0 found=0 n=52720894808250887109375 elapsed=1982s
progress: nodes=27,220,000,000 tested=0 found=0 n=2161311519321629296875 elapsed=1983s
progress: nodes=27,230,000,000 tested=0 found=0 n=1390410357995626171875 elapsed=1983s
progress: nodes=27,240,000,000 tested=0 found=0 n=4592071629972608203125 elapsed=1984s
progress: nodes=27,250,000,000 tested=0 found=0 n=73208200397675951953125 elapsed=1984s
progress: nodes=27,260,000,000 tested=0 found=0 n=2501086292632163671875 elapsed=1985s
progress: nodes=27,270,000,000 tested=0 found=0 n=46668553476351584765625 elapsed=1985s
progress: nodes=27,280,000,000 tested=0 found=0 n=362600309080079296875 elapsed=1986s
progress: nodes=27,290,000,000 tested=0 found=0 n=208313367340606210546875 elapsed=1986s
progress: nodes=27,300,000,000 tested=0 found=0 n=726062172388484765625 elapsed=1987s
progress: nodes=27,310,000,000 tested=0 found=0 n=2226349823375119921875 elapsed=1987s
progress: nodes=27,320,000,000 tested=0 found=0 n=67514284190889460546875 elapsed=1988s
progress: nodes=27,330,000,000 tested=0 found=0 n=367566149462776171875 elapsed=1988s
progress: nodes=27,340,000,000 tested=0 found=0 n=54560927786085741796875 elapsed=1989s
progress: nodes=27,350,000,000 tested=0 found=0 n=261868654183639735546875 elapsed=1989s
progress: nodes=27,360,000,000 tested=0 found=0 n=140913887698527036328125 elapsed=1990s
progress: nodes=27,370,000,000 tested=0 found=0 n=817701753604686328125 elapsed=1990s
progress: nodes=27,380,000,000 tested=0 found=0 n=354768809832537890625 elapsed=1991s
progress: nodes=27,390,000,000 tested=0 found=0 n=328124981748132421875 elapsed=1991s
progress: nodes=27,400,000,000 tested=0 found=0 n=207982189905319255078125 elapsed=1992s
progress: nodes=27,410,000,000 tested=0 found=0 n=477171977557700390625 elapsed=1992s
progress: nodes=27,420,000,000 tested=0 found=0 n=928590403125505841015625 elapsed=1993s
progress: nodes=27,430,000,000 tested=0 found=0 n=31368324086777816015625 elapsed=1993s
progress: nodes=27,440,000,000 tested=0 found=0 n=621208879582370178515625 elapsed=1994s
progress: nodes=27,450,000,000 tested=0 found=0 n=870183151272278237109375 elapsed=1995s
progress: nodes=27,460,000,000 tested=0 found=0 n=843113130951222643359375 elapsed=1996s
progress: nodes=27,470,000,000 tested=0 found=0 n=790067837728395200390625 elapsed=1996s
progress: nodes=27,480,000,000 tested=0 found=0 n=589788264921012622265625 elapsed=1997s
progress: nodes=27,490,000,000 tested=0 found=0 n=965763340460846954296875 elapsed=1998s
progress: nodes=27,500,000,000 tested=0 found=0 n=875815245873482178515625 elapsed=1999s
progress: nodes=27,510,000,000 tested=0 found=0 n=715317801797311878515625 elapsed=1999s
progress: nodes=27,520,000,000 tested=0 found=0 n=545490191636876977734375 elapsed=2000s
progress: nodes=27,530,000,000 tested=0 found=0 n=970274962108898286328125 elapsed=2001s
progress: nodes=27,540,000,000 tested=0 found=0 n=857059628968641153515625 elapsed=2002s
progress: nodes=27,550,000,000 tested=0 found=0 n=960298759762269971484375 elapsed=2003s
progress: nodes=27,560,000,000 tested=0 found=0 n=968656970975070519140625 elapsed=2003s
progress: nodes=27,570,000,000 tested=0 found=0 n=704802456170675117578125 elapsed=2004s
progress: nodes=27,580,000,000 tested=0 found=0 n=654034878470686440234375 elapsed=2005s
progress: nodes=27,590,000,000 tested=0 found=0 n=599623226901182098828125 elapsed=2006s
progress: nodes=27,600,000,000 tested=0 found=0 n=920896110791685277734375 elapsed=2007s
progress: nodes=27,610,000,000 tested=0 found=0 n=709072094779324533984375 elapsed=2007s
progress: nodes=27,620,000,000 tested=0 found=0 n=990423874575064269140625 elapsed=2008s
progress: nodes=27,630,000,000 tested=0 found=0 n=609550146285436473046875 elapsed=2009s
progress: nodes=27,640,000,000 tested=0 found=0 n=646217478954780704296875 elapsed=2010s
progress: nodes=27,650,000,000 tested=0 found=0 n=613000067039047269140625 elapsed=2011s
progress: nodes=27,660,000,000 tested=0 found=0 n=813384136741614191015625 elapsed=2011s
progress: nodes=27,670,000,000 tested=0 found=0 n=985533103163028273046875 elapsed=2012s
progress: nodes=27,680,000,000 tested=0 found=0 n=370500520815418369921875 elapsed=2013s
progress: nodes=27,690,000,000 tested=0 found=0 n=691504260214045665234375 elapsed=2014s
progress: nodes=27,700,000,000 tested=0 found=0 n=580667350458042980859375 elapsed=2015s
progress: nodes=27,710,000,000 tested=0 found=0 n=943508584708449619921875 elapsed=2016s
progress: nodes=27,720,000,000 tested=0 found=0 n=788681357057942145703125 elapsed=2016s
progress: nodes=27,730,000,000 tested=0 found=0 n=740948252110427225390625 elapsed=2017s
progress: nodes=27,740,000,000 tested=0 found=0 n=962054578969480515234375 elapsed=2018s
progress: nodes=27,750,000,000 tested=0 found=0 n=915704673129697391015625 elapsed=2019s
progress: nodes=27,760,000,000 tested=0 found=0 n=990235447367445713671875 elapsed=2020s
progress: nodes=27,770,000,000 tested=0 found=0 n=788589894138414753515625 elapsed=2020s
progress: nodes=27,780,000,000 tested=0 found=0 n=571151772450500832421875 elapsed=2021s
progress: nodes=27,790,000,000 tested=0 found=0 n=624030390931971336328125 elapsed=2022s
progress: nodes=27,800,000,000 tested=0 found=0 n=819846369574047762890625 elapsed=2023s
progress: nodes=27,810,000,000 tested=0 found=0 n=654664044180652597265625 elapsed=2024s
progress: nodes=27,820,000,000 tested=0 found=0 n=493337181948524834765625 elapsed=2025s
progress: nodes=27,830,000,000 tested=0 found=0 n=679692860512083734765625 elapsed=2025s
progress: nodes=27,840,000,000 tested=0 found=0 n=539280834048428755078125 elapsed=2026s
progress: nodes=27,850,000,000 tested=0 found=0 n=766342541610156547265625 elapsed=2027s
progress: nodes=27,860,000,000 tested=0 found=0 n=990865007307946972265625 elapsed=2028s
progress: nodes=27,870,000,000 tested=0 found=0 n=612423537545135520703125 elapsed=2029s
progress: nodes=27,880,000,000 tested=0 found=0 n=612289270416370735546875 elapsed=2030s
progress: nodes=27,890,000,000 tested=0 found=0 n=513897571005337831640625 elapsed=2030s
progress: nodes=27,900,000,000 tested=0 found=0 n=50506593841480566796875 elapsed=2031s
progress: nodes=27,910,000,000 tested=0 found=0 n=483202034357090438671875 elapsed=2032s
progress: nodes=27,920,000,000 tested=0 found=0 n=780761282962850230078125 elapsed=2033s
progress: nodes=27,930,000,000 tested=0 found=0 n=700976246793680562890625 elapsed=2034s
progress: nodes=27,940,000,000 tested=0 found=0 n=958042121438227173046875 elapsed=2035s
progress: nodes=27,950,000,000 tested=0 found=0 n=524970811625825387109375 elapsed=2035s
progress: nodes=27,960,000,000 tested=0 found=0 n=900526326493792053515625 elapsed=2036s
progress: nodes=27,970,000,000 tested=0 found=0 n=468367871522109500390625 elapsed=2037s
progress: nodes=27,980,000,000 tested=0 found=0 n=808102000966486707421875 elapsed=2038s
progress: nodes=27,990,000,000 tested=0 found=0 n=811272989317402437890625 elapsed=2039s
progress: nodes=28,000,000,000 tested=0 found=0 n=421484827212498315234375 elapsed=2040s
progress: nodes=28,010,000,000 tested=0 found=0 n=856297568453100352734375 elapsed=2041s
progress: nodes=28,020,000,000 tested=0 found=0 n=429177325057997136328125 elapsed=2041s
progress: nodes=28,030,000,000 tested=0 found=0 n=336947454195785799609375 elapsed=2042s
progress: nodes=28,040,000,000 tested=0 found=0 n=452692248271227924609375 elapsed=2043s
progress: nodes=28,050,000,000 tested=0 found=0 n=482523286695178278515625 elapsed=2044s
progress: nodes=28,060,000,000 tested=0 found=0 n=757829593960368999609375 elapsed=2045s
progress: nodes=28,070,000,000 tested=0 found=0 n=794289239998420327734375 elapsed=2046s
progress: nodes=28,080,000,000 tested=0 found=0 n=570420898790767625390625 elapsed=2046s
progress: nodes=28,090,000,000 tested=0 found=0 n=777770094578128794140625 elapsed=2047s
progress: nodes=28,100,000,000 tested=0 found=0 n=930091864080540962109375 elapsed=2048s
progress: nodes=28,110,000,000 tested=0 found=0 n=643724337785422123828125 elapsed=2049s
progress: nodes=28,120,000,000 tested=0 found=0 n=807670353520138749609375 elapsed=2050s
progress: nodes=28,130,000,000 tested=0 found=0 n=640900535303564933203125 elapsed=2051s
progress: nodes=28,140,000,000 tested=0 found=0 n=606959134412881426171875 elapsed=2052s
progress: nodes=28,150,000,000 tested=0 found=0 n=683603296968364252734375 elapsed=2052s
progress: nodes=28,160,000,000 tested=0 found=0 n=931145196635993534765625 elapsed=2053s
progress: nodes=28,170,000,000 tested=0 found=0 n=483465862837950880078125 elapsed=2054s
progress: nodes=28,180,000,000 tested=0 found=0 n=975328929373736991796875 elapsed=2055s
progress: nodes=28,190,000,000 tested=0 found=0 n=833933288662311737109375 elapsed=2056s
progress: nodes=28,200,000,000 tested=0 found=0 n=895044161159106633984375 elapsed=2057s
progress: nodes=28,210,000,000 tested=0 found=0 n=816365043072988006640625 elapsed=2058s
progress: nodes=28,220,000,000 tested=0 found=0 n=723622589465656327734375 elapsed=2058s
progress: nodes=28,230,000,000 tested=0 found=0 n=985779031284620448046875 elapsed=2059s
progress: nodes=28,240,000,000 tested=0 found=0 n=660181551902299852734375 elapsed=2060s
progress: nodes=28,250,000,000 tested=0 found=0 n=784970921888755168359375 elapsed=2061s
progress: nodes=28,260,000,000 tested=0 found=0 n=904526439887971016015625 elapsed=2062s
progress: nodes=28,270,000,000 tested=0 found=0 n=873162604333324838671875 elapsed=2062s
progress: nodes=28,280,000,000 tested=0 found=0 n=599567773258797866015625 elapsed=2063s
progress: nodes=28,290,000,000 tested=0 found=0 n=677512471154190078515625 elapsed=2064s
progress: nodes=28,300,000,000 tested=0 found=0 n=797904291242103774609375 elapsed=2065s
progress: nodes=28,310,000,000 tested=0 found=0 n=277141378547403601171875 elapsed=2066s
progress: nodes=28,320,000,000 tested=0 found=0 n=997716471646739276953125 elapsed=2067s
progress: nodes=28,330,000,000 tested=0 found=0 n=489278506421707393359375 elapsed=2068s
progress: nodes=28,340,000,000 tested=0 found=0 n=455880306835192039453125 elapsed=2068s
progress: nodes=28,350,000,000 tested=0 found=0 n=863821329668746105078125 elapsed=2069s
progress: nodes=28,360,000,000 tested=0 found=0 n=661009359782941653515625 elapsed=2070s
progress: nodes=28,370,000,000 tested=0 found=0 n=886699294816380233203125 elapsed=2071s
progress: nodes=28,380,000,000 tested=0 found=0 n=560725033582250019140625 elapsed=2072s
progress: nodes=28,390,000,000 tested=0 found=0 n=501268905706535729296875 elapsed=2073s
progress: nodes=28,400,000,000 tested=0 found=0 n=538017846082281172265625 elapsed=2073s
progress: nodes=28,410,000,000 tested=0 found=0 n=403634945701640696484375 elapsed=2074s
progress: nodes=28,420,000,000 tested=0 found=0 n=433869243739171105078125 elapsed=2075s
progress: nodes=28,430,000,000 tested=0 found=0 n=963975156484309393359375 elapsed=2076s
progress: nodes=28,440,000,000 tested=0 found=0 n=483783114145276262109375 elapsed=2077s
progress: nodes=28,450,000,000 tested=0 found=0 n=655833340811521241015625 elapsed=2078s
progress: nodes=28,460,000,000 tested=0 found=0 n=674160466927800097265625 elapsed=2079s
progress: nodes=28,470,000,000 tested=0 found=0 n=802328951477163786328125 elapsed=2080s
progress: nodes=28,480,000,000 tested=0 found=0 n=918875363904873748828125 elapsed=2081s
progress: nodes=28,490,000,000 tested=0 found=0 n=695444768428970007421875 elapsed=2082s
progress: nodes=28,500,000,000 tested=0 found=0 n=970991987111817605859375 elapsed=2083s
progress: nodes=28,510,000,000 tested=0 found=0 n=866714905819872179296875 elapsed=2083s
progress: nodes=28,520,000,000 tested=0 found=0 n=868225981447913614453125 elapsed=2084s
progress: nodes=28,530,000,000 tested=0 found=0 n=941897047808647747265625 elapsed=2085s
progress: nodes=28,540,000,000 tested=0 found=0 n=376777229317210979296875 elapsed=2086s
progress: nodes=28,550,000,000 tested=0 found=0 n=879321034122858692578125 elapsed=2087s
progress: nodes=28,560,000,000 tested=0 found=0 n=894005586099593743359375 elapsed=2088s
progress: nodes=28,570,000,000 tested=0 found=0 n=915918566555110039453125 elapsed=2089s
progress: nodes=28,580,000,000 tested=0 found=0 n=987127161422256847265625 elapsed=2090s
progress: nodes=28,590,000,000 tested=0 found=0 n=489866882867959433203125 elapsed=2091s
progress: nodes=28,600,000,000 tested=0 found=0 n=477172508519555152734375 elapsed=2092s
progress: nodes=28,610,000,000 tested=0 found=0 n=955154159662050601171875 elapsed=2093s
progress: nodes=28,620,000,000 tested=0 found=0 n=901184065415794965234375 elapsed=2094s
progress: nodes=28,630,000,000 tested=0 found=0 n=661147320021187918359375 elapsed=2094s
progress: nodes=28,640,000,000 tested=0 found=0 n=978679011598882597265625 elapsed=2095s
progress: nodes=28,650,000,000 tested=0 found=0 n=617004068363052704296875 elapsed=2096s
progress: nodes=28,660,000,000 tested=0 found=0 n=656905223767830352734375 elapsed=2097s
progress: nodes=28,670,000,000 tested=0 found=0 n=964775272760009764453125 elapsed=2098s
progress: nodes=28,680,000,000 tested=0 found=0 n=835981898780465469140625 elapsed=2099s
progress: nodes=28,690,000,000 tested=0 found=0 n=904334575098264401953125 elapsed=2100s
progress: nodes=28,700,000,000 tested=0 found=0 n=542474480320090660546875 elapsed=2101s
progress: nodes=28,710,000,000 tested=0 found=0 n=759607561767166316015625 elapsed=2102s
progress: nodes=28,720,000,000 tested=0 found=0 n=901603341170849380078125 elapsed=2103s
progress: nodes=28,730,000,000 tested=0 found=0 n=779738919835804899609375 elapsed=2103s
progress: nodes=28,740,000,000 tested=0 found=0 n=447621321384751116796875 elapsed=2104s
progress: nodes=28,750,000,000 tested=0 found=0 n=460814368118820774609375 elapsed=2105s
progress: nodes=28,760,000,000 tested=0 found=0 n=517936719148908507421875 elapsed=2106s
progress: nodes=28,770,000,000 tested=0 found=0 n=478822003439298866015625 elapsed=2107s
progress: nodes=28,780,000,000 tested=0 found=0 n=278720110628708203125 elapsed=2108s
progress: nodes=28,790,000,000 tested=0 found=0 n=814998993966084069140625 elapsed=2109s
progress: nodes=28,800,000,000 tested=0 found=0 n=736955146341792481640625 elapsed=2110s
progress: nodes=28,810,000,000 tested=0 found=0 n=696872064099257694140625 elapsed=2111s
progress: nodes=28,820,000,000 tested=0 found=0 n=871150115847394852734375 elapsed=2111s
progress: nodes=28,830,000,000 tested=0 found=0 n=741918194219661641015625 elapsed=2112s
progress: nodes=28,840,000,000 tested=0 found=0 n=545000043867734000390625 elapsed=2113s
progress: nodes=28,850,000,000 tested=0 found=0 n=502399430661805604296875 elapsed=2114s
progress: nodes=28,860,000,000 tested=0 found=0 n=259237490214357587109375 elapsed=2115s
progress: nodes=28,870,000,000 tested=0 found=0 n=508956947923053441796875 elapsed=2116s
progress: nodes=28,880,000,000 tested=0 found=0 n=718376353159995994921875 elapsed=2117s
progress: nodes=28,890,000,000 tested=0 found=0 n=549448913021680662890625 elapsed=2118s
progress: nodes=28,900,000,000 tested=0 found=0 n=652968570466397534765625 elapsed=2119s
progress: nodes=28,910,000,000 tested=0 found=0 n=363407476797611412890625 elapsed=2120s
progress: nodes=28,920,000,000 tested=0 found=0 n=949573046777782594921875 elapsed=2120s
progress: nodes=28,930,000,000 tested=0 found=0 n=874826830170027551953125 elapsed=2121s
progress: nodes=28,940,000,000 tested=0 found=0 n=767443762584026356640625 elapsed=2122s
progress: nodes=28,950,000,000 tested=0 found=0 n=471050645033152374609375 elapsed=2123s
progress: nodes=28,960,000,000 tested=0 found=0 n=802334506620112498828125 elapsed=2124s
progress: nodes=28,970,000,000 tested=0 found=0 n=488553759198815565234375 elapsed=2125s
progress: nodes=28,980,000,000 tested=0 found=0 n=786127604985317808984375 elapsed=2126s
progress: nodes=28,990,000,000 tested=0 found=0 n=869942660473355635546875 elapsed=2127s
progress: nodes=29,000,000,000 tested=0 found=0 n=627562900257034151953125 elapsed=2128s
progress: nodes=29,010,000,000 tested=0 found=0 n=933266997472388944921875 elapsed=2129s
progress: nodes=29,020,000,000 tested=0 found=0 n=318883126969487991796875 elapsed=2129s
progress: nodes=29,030,000,000 tested=0 found=0 n=344405168651030192578125 elapsed=2130s
progress: nodes=29,040,000,000 tested=0 found=0 n=583351099992063601171875 elapsed=2131s
progress: nodes=29,050,000,000 tested=0 found=0 n=398525066340492209765625 elapsed=2132s
progress: nodes=29,060,000,000 tested=0 found=0 n=380714123817329684765625 elapsed=2133s
progress: nodes=29,070,000,000 tested=0 found=0 n=771595731465147277734375 elapsed=2134s
progress: nodes=29,080,000,000 tested=0 found=0 n=897263071896644616796875 elapsed=2135s
progress: nodes=29,090,000,000 tested=0 found=0 n=899812714298172430078125 elapsed=2136s
progress: nodes=29,100,000,000 tested=0 found=0 n=901955656848386288671875 elapsed=2137s
progress: nodes=29,110,000,000 tested=0 found=0 n=710767216399836505078125 elapsed=2138s
progress: nodes=29,120,000,000 tested=0 found=0 n=987341281334831401171875 elapsed=2138s
progress: nodes=29,130,000,000 tested=0 found=0 n=481919547282864964453125 elapsed=2139s
progress: nodes=29,140,000,000 tested=0 found=0 n=383722533463984133203125 elapsed=2140s
progress: nodes=29,150,000,000 tested=0 found=0 n=676425605620425233203125 elapsed=2141s
progress: nodes=29,160,000,000 tested=0 found=0 n=756226633889189035546875 elapsed=2142s
progress: nodes=29,170,000,000 tested=0 found=0 n=756340633276390761328125 elapsed=2143s
progress: nodes=29,180,000,000 tested=0 found=0 n=905658964787815773046875 elapsed=2144s
progress: nodes=29,190,000,000 tested=0 found=0 n=280585453981266805078125 elapsed=2145s
progress: nodes=29,200,000,000 tested=0 found=0 n=253081225799228436328125 elapsed=2146s
progress: nodes=29,210,000,000 tested=0 found=0 n=550641139031379554296875 elapsed=2146s
progress: nodes=29,220,000,000 tested=0 found=0 n=341753435186991183984375 elapsed=2147s
progress: nodes=29,230,000,000 tested=0 found=0 n=919881510721509948046875 elapsed=2148s
progress: nodes=29,240,000,000 tested=0 found=0 n=323933535873722555859375 elapsed=2149s
progress: nodes=29,250,000,000 tested=0 found=0 n=908385880520527780078125 elapsed=2150s
progress: nodes=29,260,000,000 tested=0 found=0 n=629414100721912468359375 elapsed=2151s
progress: nodes=29,270,000,000 tested=0 found=0 n=547462396682276973046875 elapsed=2152s
progress: nodes=29,280,000,000 tested=0 found=0 n=175754343726747418359375 elapsed=2153s
progress: nodes=29,290,000,000 tested=0 found=0 n=944896929382811457421875 elapsed=2153s
progress: nodes=29,300,000,000 tested=0 found=0 n=767936349102998148046875 elapsed=2154s
progress: nodes=29,310,000,000 tested=0 found=0 n=827440345731435085546875 elapsed=2155s
progress: nodes=29,320,000,000 tested=0 found=0 n=297586425172349633203125 elapsed=2156s
progress: nodes=29,330,000,000 tested=0 found=0 n=563935101920263205859375 elapsed=2157s
progress: nodes=29,340,000,000 tested=0 found=0 n=840668974499142924609375 elapsed=2158s
progress: nodes=29,350,000,000 tested=0 found=0 n=548147955598858093359375 elapsed=2159s
progress: nodes=29,360,000,000 tested=0 found=0 n=732232240290252165234375 elapsed=2159s
progress: nodes=29,370,000,000 tested=0 found=0 n=536937168128544291796875 elapsed=2160s
progress: nodes=29,380,000,000 tested=0 found=0 n=429312687141068426953125 elapsed=2161s
progress: nodes=29,390,000,000 tested=0 found=0 n=541147743293983301953125 elapsed=2162s
progress: nodes=29,400,000,000 tested=0 found=0 n=697279915255993484765625 elapsed=2163s
progress: nodes=29,410,000,000 tested=0 found=0 n=583166580103544649609375 elapsed=2164s
progress: nodes=29,420,000,000 tested=0 found=0 n=523124608126799211328125 elapsed=2165s
progress: nodes=29,430,000,000 tested=0 found=0 n=456928575123445308984375 elapsed=2166s
progress: nodes=29,440,000,000 tested=0 found=0 n=531090587234610059765625 elapsed=2167s
progress: nodes=29,450,000,000 tested=0 found=0 n=458017556172694301953125 elapsed=2168s
progress: nodes=29,460,000,000 tested=0 found=0 n=783376057605513912890625 elapsed=2169s
progress: nodes=29,470,000,000 tested=0 found=0 n=901592392374756882421875 elapsed=2169s
progress: nodes=29,480,000,000 tested=0 found=0 n=564644793090896293359375 elapsed=2170s
progress: nodes=29,490,000,000 tested=0 found=0 n=785370781484267846484375 elapsed=2171s
progress: nodes=29,500,000,000 tested=0 found=0 n=993118542582588120703125 elapsed=2172s
progress: nodes=29,510,000,000 tested=0 found=0 n=658857179128213866796875 elapsed=2173s
progress: nodes=29,520,000,000 tested=0 found=0 n=387878001884783553515625 elapsed=2174s
progress: nodes=29,530,000,000 tested=0 found=0 n=866589365641180925390625 elapsed=2175s
progress: nodes=29,540,000,000 tested=0 found=0 n=678252495995073643359375 elapsed=2176s
progress: nodes=29,550,000,000 tested=0 found=0 n=824724967155929335546875 elapsed=2177s
progress: nodes=29,560,000,000 tested=0 found=0 n=366768718480829323828125 elapsed=2178s
progress: nodes=29,570,000,000 tested=0 found=0 n=492007649019770541796875 elapsed=2178s
progress: nodes=29,580,000,000 tested=0 found=0 n=413420991208488179296875 elapsed=2179s
progress: nodes=29,590,000,000 tested=0 found=0 n=877057212655961377734375 elapsed=2180s
progress: nodes=29,600,000,000 tested=0 found=0 n=831817793210775718359375 elapsed=2181s
progress: nodes=29,610,000,000 tested=0 found=0 n=495946511824471808203125 elapsed=2182s
progress: nodes=29,620,000,000 tested=0 found=0 n=812982338195057855859375 elapsed=2183s
progress: nodes=29,630,000,000 tested=0 found=0 n=606924012433768618359375 elapsed=2184s
progress: nodes=29,640,000,000 tested=0 found=0 n=473317552978832422265625 elapsed=2185s
progress: nodes=29,650,000,000 tested=0 found=0 n=844671659341829769140625 elapsed=2186s
progress: nodes=29,660,000,000 tested=0 found=0 n=635879854346734451953125 elapsed=2187s
progress: nodes=29,670,000,000 tested=0 found=0 n=583033108717413917578125 elapsed=2188s
progress: nodes=29,680,000,000 tested=0 found=0 n=926805385987146664453125 elapsed=2188s
progress: nodes=29,690,000,000 tested=0 found=0 n=649688229841735901953125 elapsed=2189s
progress: nodes=29,700,000,000 tested=0 found=0 n=904992035932940832421875 elapsed=2190s
progress: nodes=29,710,000,000 tested=0 found=0 n=576030419604199093359375 elapsed=2191s
progress: nodes=29,720,000,000 tested=0 found=0 n=973066169869512894140625 elapsed=2192s
progress: nodes=29,730,000,000 tested=0 found=0 n=470174574156560405859375 elapsed=2193s
progress: nodes=29,740,000,000 tested=0 found=0 n=747091432144555562109375 elapsed=2194s
progress: nodes=29,750,000,000 tested=0 found=0 n=196745400086597729296875 elapsed=2195s
progress: nodes=29,760,000,000 tested=0 found=0 n=676743811308325058203125 elapsed=2196s
progress: nodes=29,770,000,000 tested=0 found=0 n=356287886200885714453125 elapsed=2197s
progress: nodes=29,780,000,000 tested=0 found=0 n=873852256745869848046875 elapsed=2198s
progress: nodes=29,790,000,000 tested=0 found=0 n=855926943766698104296875 elapsed=2198s
progress: nodes=29,800,000,000 tested=0 found=0 n=733340244167394148828125 elapsed=2199s
progress: nodes=29,810,000,000 tested=0 found=0 n=930930614518652201953125 elapsed=2200s
progress: nodes=29,820,000,000 tested=0 found=0 n=781005458207413789453125 elapsed=2201s
progress: nodes=29,830,000,000 tested=0 found=0 n=778634094066913051171875 elapsed=2202s
progress: nodes=29,840,000,000 tested=0 found=0 n=730323132115884359765625 elapsed=2203s
progress: nodes=29,850,000,000 tested=0 found=0 n=796612486029934651171875 elapsed=2204s
progress: nodes=29,860,000,000 tested=0 found=0 n=729066163544968644140625 elapsed=2205s
progress: nodes=29,870,000,000 tested=0 found=0 n=694667444055814852734375 elapsed=2206s
progress: nodes=29,880,000,000 tested=0 found=0 n=996843457977084467578125 elapsed=2207s
progress: nodes=29,890,000,000 tested=0 found=0 n=789986028229417683984375 elapsed=2207s
progress: nodes=29,900,000,000 tested=0 found=0 n=787158196549470319921875 elapsed=2208s
progress: nodes=29,910,000,000 tested=0 found=0 n=949502902355023616015625 elapsed=2209s
progress: nodes=29,920,000,000 tested=0 found=0 n=907588976361064168359375 elapsed=2210s
progress: nodes=29,930,000,000 tested=0 found=0 n=846828832152654875390625 elapsed=2211s
progress: nodes=29,940,000,000 tested=0 found=0 n=775073648154617405859375 elapsed=2212s
progress: nodes=29,950,000,000 tested=0 found=0 n=922442486730394433203125 elapsed=2213s
progress: nodes=29,960,000,000 tested=0 found=0 n=735520212910742930859375 elapsed=2214s
progress: nodes=29,970,000,000 tested=0 found=0 n=953091672629975961328125 elapsed=2215s
progress: nodes=29,980,000,000 tested=0 found=0 n=725479012904788170703125 elapsed=2216s
progress: nodes=29,990,000,000 tested=0 found=0 n=464292707516695290234375 elapsed=2217s
progress: nodes=30,000,000,000 tested=0 found=0 n=478333997866227821484375 elapsed=2218s
progress: nodes=30,010,000,000 tested=0 found=0 n=516488133872473730859375 elapsed=2218s
progress: nodes=30,020,000,000 tested=0 found=0 n=919289250185102658984375 elapsed=2219s
progress: nodes=30,030,000,000 tested=0 found=0 n=758677924504271281640625 elapsed=2220s
progress: nodes=30,040,000,000 tested=0 found=0 n=996548105956963531640625 elapsed=2221s
progress: nodes=30,050,000,000 tested=0 found=0 n=966254068614449239453125 elapsed=2222s
progress: nodes=30,060,000,000 tested=0 found=0 n=591758351748295836328125 elapsed=2223s
progress: nodes=30,070,000,000 tested=0 found=0 n=719989334380388956640625 elapsed=2224s
progress: nodes=30,080,000,000 tested=0 found=0 n=708773964653027225390625 elapsed=2225s
progress: nodes=30,090,000,000 tested=0 found=0 n=927332524946680913671875 elapsed=2226s
progress: nodes=30,100,000,000 tested=0 found=0 n=489682967696920838671875 elapsed=2226s
progress: nodes=30,110,000,000 tested=0 found=0 n=936648827135093105859375 elapsed=2227s
progress: nodes=30,120,000,000 tested=0 found=0 n=726920411046207507421875 elapsed=2228s
progress: nodes=30,130,000,000 tested=0 found=0 n=883791572374766330859375 elapsed=2229s
progress: nodes=30,140,000,000 tested=0 found=0 n=438855377451781988671875 elapsed=2230s
progress: nodes=30,150,000,000 tested=0 found=0 n=452266088505878380078125 elapsed=2231s
progress: nodes=30,160,000,000 tested=0 found=0 n=383412488156447797265625 elapsed=2232s
progress: nodes=30,170,000,000 tested=0 found=0 n=827816173765252688671875 elapsed=2233s
progress: nodes=30,180,000,000 tested=0 found=0 n=695224826715603821484375 elapsed=2234s
progress: nodes=30,190,000,000 tested=0 found=0 n=525167042036908721484375 elapsed=2235s
progress: nodes=30,200,000,000 tested=0 found=0 n=823951155728932906640625 elapsed=2236s
progress: nodes=30,210,000,000 tested=0 found=0 n=514856803250693745703125 elapsed=2237s
progress: nodes=30,220,000,000 tested=0 found=0 n=709117263726599049609375 elapsed=2238s
progress: nodes=30,230,000,000 tested=0 found=0 n=733744191527741148046875 elapsed=2238s
progress: nodes=30,240,000,000 tested=0 found=0 n=761184851726454619921875 elapsed=2239s
progress: nodes=30,250,000,000 tested=0 found=0 n=619418370357693108984375 elapsed=2240s
progress: nodes=30,260,000,000 tested=0 found=0 n=799495791098705623828125 elapsed=2241s
progress: nodes=30,270,000,000 tested=0 found=0 n=335617416169285735546875 elapsed=2242s
progress: nodes=30,280,000,000 tested=0 found=0 n=946436562714927680859375 elapsed=2243s
progress: nodes=30,290,000,000 tested=0 found=0 n=398322405159814613671875 elapsed=2244s
progress: nodes=30,300,000,000 tested=0 found=0 n=711548529013691054296875 elapsed=2245s
progress: nodes=30,310,000,000 tested=0 found=0 n=427186119531824644921875 elapsed=2246s
progress: nodes=30,320,000,000 tested=0 found=0 n=735067823883769522265625 elapsed=2247s
progress: nodes=30,330,000,000 tested=0 found=0 n=549069730425203508984375 elapsed=2247s
progress: nodes=30,340,000,000 tested=0 found=0 n=625528795336676124609375 elapsed=2248s
progress: nodes=30,350,000,000 tested=0 found=0 n=795531712658393429296875 elapsed=2249s
progress: nodes=30,360,000,000 tested=0 found=0 n=667333033981788680859375 elapsed=2250s
progress: nodes=30,370,000,000 tested=0 found=0 n=452010283649690403515625 elapsed=2251s
progress: nodes=30,380,000,000 tested=0 found=0 n=773223961883365768359375 elapsed=2252s
progress: nodes=30,390,000,000 tested=0 found=0 n=629796360560654190234375 elapsed=2253s
progress: nodes=30,400,000,000 tested=0 found=0 n=418169540950533242578125 elapsed=2254s
progress: nodes=30,410,000,000 tested=0 found=0 n=792133648682947351171875 elapsed=2255s
progress: nodes=30,420,000,000 tested=0 found=0 n=423292132657297676953125 elapsed=2256s
progress: nodes=30,430,000,000 tested=0 found=0 n=737914414028926651171875 elapsed=2257s
progress: nodes=30,440,000,000 tested=0 found=0 n=848232462490166956640625 elapsed=2258s
progress: nodes=30,450,000,000 tested=0 found=0 n=703376980459745586328125 elapsed=2258s
progress: nodes=30,460,000,000 tested=0 found=0 n=992142220889478153515625 elapsed=2259s
progress: nodes=30,470,000,000 tested=0 found=0 n=332628284711007875390625 elapsed=2260s
progress: nodes=30,480,000,000 tested=0 found=0 n=699102604793560158984375 elapsed=2261s
progress: nodes=30,490,000,000 tested=0 found=0 n=992935694519118397265625 elapsed=2262s
progress: nodes=30,500,000,000 tested=0 found=0 n=653873150998800833203125 elapsed=2263s
progress: nodes=30,510,000,000 tested=0 found=0 n=941904834622829201953125 elapsed=2264s
progress: nodes=30,520,000,000 tested=0 found=0 n=810964517842311563671875 elapsed=2265s
progress: nodes=30,530,000,000 tested=0 found=0 n=406895059552733412890625 elapsed=2266s
progress: nodes=30,540,000,000 tested=0 found=0 n=907767882942473682421875 elapsed=2267s
progress: nodes=30,550,000,000 tested=0 found=0 n=617150067490637574609375 elapsed=2267s
progress: nodes=30,560,000,000 tested=0 found=0 n=498156573819968933203125 elapsed=2268s
progress: nodes=30,570,000,000 tested=0 found=0 n=955557485801859483984375 elapsed=2269s
progress: nodes=30,580,000,000 tested=0 found=0 n=983719531195963533984375 elapsed=2270s
progress: nodes=30,590,000,000 tested=0 found=0 n=396626614082130441796875 elapsed=2271s
progress: nodes=30,600,000,000 tested=0 found=0 n=499536230209593676171875 elapsed=2272s
progress: nodes=30,610,000,000 tested=0 found=0 n=533642474708758065234375 elapsed=2273s
progress: nodes=30,620,000,000 tested=0 found=0 n=583984658151543631640625 elapsed=2274s
progress: nodes=30,630,000,000 tested=0 found=0 n=276237627272056402734375 elapsed=2275s
progress: nodes=30,640,000,000 tested=0 found=0 n=573586511103358358203125 elapsed=2275s
progress: nodes=30,650,000,000 tested=0 found=0 n=720184374675135137109375 elapsed=2276s
progress: nodes=30,660,000,000 tested=0 found=0 n=933042336792429329296875 elapsed=2277s
progress: nodes=30,670,000,000 tested=0 found=0 n=425225006659591217578125 elapsed=2278s
progress: nodes=30,680,000,000 tested=0 found=0 n=224890045114794352734375 elapsed=2279s
progress: nodes=30,690,000,000 tested=0 found=0 n=733191215406468676171875 elapsed=2280s
progress: nodes=30,700,000,000 tested=0 found=0 n=891287997748305183984375 elapsed=2281s
progress: nodes=30,710,000,000 tested=0 found=0 n=872768656010201916796875 elapsed=2282s
progress: nodes=30,720,000,000 tested=0 found=0 n=536113564542781899609375 elapsed=2282s
progress: nodes=30,730,000,000 tested=0 found=0 n=594682107697876391015625 elapsed=2283s
progress: nodes=30,740,000,000 tested=0 found=0 n=682426252073650953515625 elapsed=2284s
progress: nodes=30,750,000,000 tested=0 found=0 n=680058323798221641796875 elapsed=2285s
progress: nodes=30,760,000,000 tested=0 found=0 n=388874372602985272265625 elapsed=2286s
progress: nodes=30,770,000,000 tested=0 found=0 n=777332346067434596484375 elapsed=2287s
progress: nodes=30,780,000,000 tested=0 found=0 n=451651810809834537890625 elapsed=2288s
progress: nodes=30,790,000,000 tested=0 found=0 n=763459342957718433984375 elapsed=2289s
progress: nodes=30,800,000,000 tested=0 found=0 n=379456704434081084765625 elapsed=2290s
progress: nodes=30,810,000,000 tested=0 found=0 n=325688041433868880078125 elapsed=2291s
progress: nodes=30,820,000,000 tested=0 found=0 n=630475785531986973046875 elapsed=2291s
progress: nodes=30,830,000,000 tested=0 found=0 n=788221151276777328515625 elapsed=2292s
progress: nodes=30,840,000,000 tested=0 found=0 n=914215868533855374609375 elapsed=2293s
progress: nodes=30,850,000,000 tested=0 found=0 n=392233620481072076953125 elapsed=2294s
progress: nodes=30,860,000,000 tested=0 found=0 n=865767967843472602734375 elapsed=2295s
progress: nodes=30,870,000,000 tested=0 found=0 n=715335718278323316796875 elapsed=2296s
progress: nodes=30,880,000,000 tested=0 found=0 n=729776999517937477734375 elapsed=2297s
progress: nodes=30,890,000,000 tested=0 found=0 n=988592410067086184765625 elapsed=2298s
progress: nodes=30,900,000,000 tested=0 found=0 n=652958461090849327734375 elapsed=2298s
progress: nodes=30,910,000,000 tested=0 found=0 n=378675091712180239453125 elapsed=2299s
progress: nodes=30,920,000,000 tested=0 found=0 n=660474059476681093359375 elapsed=2300s
progress: nodes=30,930,000,000 tested=0 found=0 n=542569639484403622265625 elapsed=2301s
progress: nodes=30,940,000,000 tested=0 found=0 n=209502888789344171484375 elapsed=2302s
progress: nodes=30,950,000,000 tested=0 found=0 n=474485110347177355078125 elapsed=2303s
progress: nodes=30,960,000,000 tested=0 found=0 n=781510585873913426953125 elapsed=2304s
progress: nodes=30,970,000,000 tested=0 found=0 n=655554376237655000390625 elapsed=2305s
progress: nodes=30,980,000,000 tested=0 found=0 n=943141684425726160546875 elapsed=2306s
progress: nodes=30,990,000,000 tested=0 found=0 n=397941758705709319921875 elapsed=2307s
progress: nodes=31,000,000,000 tested=0 found=0 n=424363500824787137109375 elapsed=2307s
progress: nodes=31,010,000,000 tested=0 found=0 n=600170910774300692578125 elapsed=2308s
progress: nodes=31,020,000,000 tested=0 found=0 n=547193646400785282421875 elapsed=2309s
progress: nodes=31,030,000,000 tested=0 found=0 n=629566727767885655859375 elapsed=2310s
progress: nodes=31,040,000,000 tested=0 found=0 n=727936212486000258984375 elapsed=2311s
progress: nodes=31,050,000,000 tested=0 found=0 n=992947087155752862890625 elapsed=2312s
progress: nodes=31,060,000,000 tested=0 found=0 n=746573955201376280859375 elapsed=2313s
progress: nodes=31,070,000,000 tested=0 found=0 n=540665753736590019140625 elapsed=2314s
progress: nodes=31,080,000,000 tested=0 found=0 n=793535657179724855859375 elapsed=2314s
progress: nodes=31,090,000,000 tested=0 found=0 n=379864139873693719921875 elapsed=2315s
progress: nodes=31,100,000,000 tested=0 found=0 n=826922499800090319140625 elapsed=2316s
progress: nodes=31,110,000,000 tested=0 found=0 n=598814501090371203515625 elapsed=2317s
progress: nodes=31,120,000,000 tested=0 found=0 n=793553475763591034765625 elapsed=2318s
progress: nodes=31,130,000,000 tested=0 found=0 n=412540682799400147265625 elapsed=2319s
progress: nodes=31,140,000,000 tested=0 found=0 n=442181622457059774609375 elapsed=2320s
progress: nodes=31,150,000,000 tested=0 found=0 n=830441976292395418359375 elapsed=2321s
progress: nodes=31,160,000,000 tested=0 found=0 n=592907333010502679296875 elapsed=2322s
progress: nodes=31,170,000,000 tested=0 found=0 n=779324869671494192578125 elapsed=2323s
progress: nodes=31,180,000,000 tested=0 found=0 n=391568885601121219921875 elapsed=2324s
progress: nodes=31,190,000,000 tested=0 found=0 n=643079362947879090234375 elapsed=2324s
progress: nodes=31,200,000,000 tested=0 found=0 n=551586574501244687109375 elapsed=2325s
progress: nodes=31,210,000,000 tested=0 found=0 n=431775589365673794140625 elapsed=2326s
progress: nodes=31,220,000,000 tested=0 found=0 n=489382791601029008203125 elapsed=2327s
progress: nodes=31,230,000,000 tested=0 found=0 n=693556407015902602734375 elapsed=2328s
progress: nodes=31,240,000,000 tested=0 found=0 n=357056337934721893359375 elapsed=2329s
progress: nodes=31,250,000,000 tested=0 found=0 n=283229019085871344921875 elapsed=2330s
progress: nodes=31,260,000,000 tested=0 found=0 n=994983322363391070703125 elapsed=2331s
progress: nodes=31,270,000,000 tested=0 found=0 n=944944592219576012109375 elapsed=2331s
progress: nodes=31,280,000,000 tested=0 found=0 n=727055809150261580859375 elapsed=2332s
progress: nodes=31,290,000,000 tested=0 found=0 n=713098069883254726171875 elapsed=2333s
progress: nodes=31,300,000,000 tested=0 found=0 n=290528343500235366796875 elapsed=2334s
progress: nodes=31,310,000,000 tested=0 found=0 n=507476243488597414453125 elapsed=2335s
progress: nodes=31,320,000,000 tested=0 found=0 n=729183258956408579296875 elapsed=2336s
progress: nodes=31,330,000,000 tested=0 found=0 n=763981672579802131640625 elapsed=2337s
progress: nodes=31,340,000,000 tested=0 found=0 n=450205994863542083203125 elapsed=2338s
progress: nodes=31,350,000,000 tested=0 found=0 n=727335271759575793359375 elapsed=2339s
progress: nodes=31,360,000,000 tested=0 found=0 n=819601198325358964453125 elapsed=2340s
progress: nodes=31,370,000,000 tested=0 found=0 n=407275638618767544140625 elapsed=2341s
progress: nodes=31,380,000,000 tested=0 found=0 n=680472301150998558984375 elapsed=2341s
progress: nodes=31,390,000,000 tested=0 found=0 n=679004702253789746484375 elapsed=2342s
progress: nodes=31,400,000,000 tested=0 found=0 n=602194983520928234765625 elapsed=2343s
progress: nodes=31,410,000,000 tested=0 found=0 n=543572752054558320703125 elapsed=2344s
progress: nodes=31,420,000,000 tested=0 found=0 n=598374911035816238671875 elapsed=2345s
progress: nodes=31,430,000,000 tested=0 found=0 n=892857135502327707421875 elapsed=2346s
progress: nodes=31,440,000,000 tested=0 found=0 n=845804597415113879296875 elapsed=2347s
progress: nodes=31,450,000,000 tested=0 found=0 n=684774685155151219921875 elapsed=2348s
progress: nodes=31,460,000,000 tested=0 found=0 n=809487932213541294140625 elapsed=2348s
progress: nodes=31,470,000,000 tested=0 found=0 n=675063562612606316015625 elapsed=2349s
progress: nodes=31,480,000,000 tested=0 found=0 n=826341576112829119921875 elapsed=2350s
progress: nodes=31,490,000,000 tested=0 found=0 n=417361155331917624609375 elapsed=2351s
progress: nodes=31,500,000,000 tested=0 found=0 n=986493310473812663671875 elapsed=2352s
progress: nodes=31,510,000,000 tested=0 found=0 n=503628554339027764453125 elapsed=2353s
progress: nodes=31,520,000,000 tested=0 found=0 n=812631270318366223828125 elapsed=2354s
progress: nodes=31,530,000,000 tested=0 found=0 n=536485874229850475390625 elapsed=2355s
progress: nodes=31,540,000,000 tested=0 found=0 n=503565526156187098828125 elapsed=2356s
progress: nodes=31,550,000,000 tested=0 found=0 n=582199471888093550390625 elapsed=2357s
progress: nodes=31,560,000,000 tested=0 found=0 n=406845319817168757421875 elapsed=2357s
progress: nodes=31,570,000,000 tested=0 found=0 n=579463117121838765234375 elapsed=2358s
progress: nodes=31,580,000,000 tested=0 found=0 n=468264886717359329296875 elapsed=2359s
progress: nodes=31,590,000,000 tested=0 found=0 n=556696918775263651171875 elapsed=2360s
progress: nodes=31,600,000,000 tested=0 found=0 n=405861844807535776171875 elapsed=2361s
progress: nodes=31,610,000,000 tested=0 found=0 n=371784136460611862109375 elapsed=2362s
progress: nodes=31,620,000,000 tested=0 found=0 n=838630367840386339453125 elapsed=2363s
progress: nodes=31,630,000,000 tested=0 found=0 n=716065024521256098046875 elapsed=2364s
progress: nodes=31,640,000,000 tested=0 found=0 n=569760894490019164453125 elapsed=2365s
progress: nodes=31,650,000,000 tested=0 found=0 n=487373426396233098046875 elapsed=2365s
progress: nodes=31,660,000,000 tested=0 found=0 n=673411218707544964453125 elapsed=2366s
progress: nodes=31,670,000,000 tested=0 found=0 n=490466864708232289453125 elapsed=2367s
progress: nodes=31,680,000,000 tested=0 found=0 n=645333513757453241015625 elapsed=2368s
progress: nodes=31,690,000,000 tested=0 found=0 n=824865360314356156640625 elapsed=2369s
progress: nodes=31,700,000,000 tested=0 found=0 n=196038776094964829296875 elapsed=2370s
progress: nodes=31,710,000,000 tested=0 found=0 n=544812756712708700390625 elapsed=2371s
progress: nodes=31,720,000,000 tested=0 found=0 n=774786879818029508203125 elapsed=2372s
progress: nodes=31,730,000,000 tested=0 found=0 n=252658070850723437109375 elapsed=2373s
progress: nodes=31,740,000,000 tested=0 found=0 n=444835809376545765234375 elapsed=2374s
progress: nodes=31,750,000,000 tested=0 found=0 n=169965007067855626171875 elapsed=2375s
progress: nodes=31,760,000,000 tested=0 found=0 n=303075396653044988671875 elapsed=2375s
progress: nodes=31,770,000,000 tested=0 found=0 n=765329897651237131640625 elapsed=2376s
progress: nodes=31,780,000,000 tested=0 found=0 n=391305740308699102734375 elapsed=2377s
progress: nodes=31,790,000,000 tested=0 found=0 n=439728879949760169140625 elapsed=2378s
progress: nodes=31,800,000,000 tested=0 found=0 n=500258896192183721484375 elapsed=2379s
progress: nodes=31,810,000,000 tested=0 found=0 n=432749938480650256640625 elapsed=2380s
progress: nodes=31,820,000,000 tested=0 found=0 n=844972310161814832421875 elapsed=2381s
progress: nodes=31,830,000,000 tested=0 found=0 n=706039832274438118359375 elapsed=2382s
progress: nodes=31,840,000,000 tested=0 found=0 n=819502660109798581640625 elapsed=2383s
progress: nodes=31,850,000,000 tested=0 found=0 n=876690367793481772265625 elapsed=2383s
progress: nodes=31,860,000,000 tested=0 found=0 n=714985340707112333203125 elapsed=2384s
progress: nodes=31,870,000,000 tested=0 found=0 n=184926594514031377734375 elapsed=2385s
progress: nodes=31,880,000,000 tested=0 found=0 n=654165218075562355078125 elapsed=2386s
progress: nodes=31,890,000,000 tested=0 found=0 n=771301517890690501171875 elapsed=2387s
progress: nodes=31,900,000,000 tested=0 found=0 n=762541336228325066015625 elapsed=2388s
progress: nodes=31,910,000,000 tested=0 found=0 n=756481873577258928515625 elapsed=2389s
progress: nodes=31,920,000,000 tested=0 found=0 n=260883797293927796484375 elapsed=2390s
progress: nodes=31,930,000,000 tested=0 found=0 n=681573414552170340234375 elapsed=2391s
progress: nodes=31,940,000,000 tested=0 found=0 n=678831026431219393359375 elapsed=2392s
progress: nodes=31,950,000,000 tested=0 found=0 n=167479998885346137890625 elapsed=2393s
progress: nodes=31,960,000,000 tested=0 found=0 n=296329260990658383984375 elapsed=2394s
progress: nodes=31,970,000,000 tested=0 found=0 n=513680833221361175390625 elapsed=2395s
progress: nodes=31,980,000,000 tested=0 found=0 n=416696747968602530859375 elapsed=2396s
progress: nodes=31,990,000,000 tested=0 found=0 n=406132475570496249609375 elapsed=2397s
progress: nodes=32,000,000,000 tested=0 found=0 n=479819225749408217578125 elapsed=2398s
progress: nodes=32,010,000,000 tested=0 found=0 n=900075213616322351953125 elapsed=2398s
progress: nodes=32,020,000,000 tested=0 found=0 n=915530945646611366015625 elapsed=2399s
progress: nodes=32,030,000,000 tested=0 found=0 n=496544828256475337109375 elapsed=2400s
progress: nodes=32,040,000,000 tested=0 found=0 n=897592359683538376171875 elapsed=2401s
progress: nodes=32,050,000,000 tested=0 found=0 n=355105357215310466015625 elapsed=2402s
progress: nodes=32,060,000,000 tested=0 found=0 n=357012182371592949609375 elapsed=2403s
progress: nodes=32,070,000,000 tested=0 found=0 n=708445012780125418359375 elapsed=2404s
progress: nodes=32,080,000,000 tested=0 found=0 n=572716080915527780859375 elapsed=2405s
progress: nodes=32,090,000,000 tested=0 found=0 n=349761600348251811328125 elapsed=2406s
progress: nodes=32,100,000,000 tested=0 found=0 n=893157246952879566796875 elapsed=2407s
progress: nodes=32,110,000,000 tested=0 found=0 n=740469843840188949609375 elapsed=2408s
progress: nodes=32,120,000,000 tested=0 found=0 n=273060416896366855078125 elapsed=2409s
progress: nodes=32,130,000,000 tested=0 found=0 n=593037855885825783984375 elapsed=2410s
progress: nodes=32,140,000,000 tested=0 found=0 n=725298792842998416796875 elapsed=2411s
progress: nodes=32,150,000,000 tested=0 found=0 n=827015046057741273046875 elapsed=2412s
progress: nodes=32,160,000,000 tested=0 found=0 n=508393728035193554296875 elapsed=2413s
progress: nodes=32,170,000,000 tested=0 found=0 n=338764904556548881640625 elapsed=2414s
progress: nodes=32,180,000,000 tested=0 found=0 n=386099714898575764453125 elapsed=2415s
progress: nodes=32,190,000,000 tested=0 found=0 n=374465880882317851171875 elapsed=2415s
progress: nodes=32,200,000,000 tested=0 found=0 n=62843150723376026953125 elapsed=2416s
progress: nodes=32,210,000,000 tested=0 found=0 n=625705669591757223046875 elapsed=2417s
progress: nodes=32,220,000,000 tested=0 found=0 n=557430307568163059765625 elapsed=2418s
progress: nodes=32,230,000,000 tested=0 found=0 n=306049314750739273828125 elapsed=2419s
progress: nodes=32,240,000,000 tested=0 found=0 n=963455328512807973046875 elapsed=2420s
progress: nodes=32,250,000,000 tested=0 found=0 n=683198349072557368359375 elapsed=2421s
progress: nodes=32,260,000,000 tested=0 found=0 n=462515358059950735546875 elapsed=2422s
progress: nodes=32,270,000,000 tested=0 found=0 n=776161387216504613671875 elapsed=2423s
progress: nodes=32,280,000,000 tested=0 found=0 n=588565766541295937109375 elapsed=2424s
progress: nodes=32,290,000,000 tested=0 found=0 n=204517197945176002734375 elapsed=2425s
progress: nodes=32,300,000,000 tested=0 found=0 n=686918960344883668359375 elapsed=2426s
progress: nodes=32,310,000,000 tested=0 found=0 n=619456886227235499609375 elapsed=2427s
progress: nodes=32,320,000,000 tested=0 found=0 n=286250066790600476953125 elapsed=2428s
progress: nodes=32,330,000,000 tested=0 found=0 n=604924492163345694140625 elapsed=2428s
progress: nodes=32,340,000,000 tested=0 found=0 n=267715986842783801953125 elapsed=2429s
progress: nodes=32,350,000,000 tested=0 found=0 n=399913220489927319140625 elapsed=2430s
progress: nodes=32,360,000,000 tested=0 found=0 n=830330135939526324609375 elapsed=2431s
progress: nodes=32,370,000,000 tested=0 found=0 n=203708084216027312109375 elapsed=2432s
progress: nodes=32,380,000,000 tested=0 found=0 n=456546699011618518359375 elapsed=2433s
progress: nodes=32,390,000,000 tested=0 found=0 n=501921860767877872265625 elapsed=2434s
progress: nodes=32,400,000,000 tested=0 found=0 n=833741755070381089453125 elapsed=2435s
progress: nodes=32,410,000,000 tested=0 found=0 n=517314601949946113671875 elapsed=2436s
progress: nodes=32,420,000,000 tested=0 found=0 n=458838692885547833203125 elapsed=2437s
progress: nodes=32,430,000,000 tested=0 found=0 n=962953539832834983984375 elapsed=2438s
progress: nodes=32,440,000,000 tested=0 found=0 n=708229128652053718359375 elapsed=2439s
progress: nodes=32,450,000,000 tested=0 found=0 n=569864962685474968359375 elapsed=2440s
progress: nodes=32,460,000,000 tested=0 found=0 n=682490197845126116015625 elapsed=2440s
progress: nodes=32,470,000,000 tested=0 found=0 n=823062950726833304296875 elapsed=2441s
progress: nodes=32,480,000,000 tested=0 found=0 n=509644387232205598828125 elapsed=2442s
progress: nodes=32,490,000,000 tested=0 found=0 n=599293727583995773828125 elapsed=2443s
progress: nodes=32,500,000,000 tested=0 found=0 n=592557700162439330859375 elapsed=2444s
progress: nodes=32,510,000,000 tested=0 found=0 n=877312937221285988671875 elapsed=2445s
progress: nodes=32,520,000,000 tested=0 found=0 n=341746385478117816796875 elapsed=2446s
progress: nodes=32,530,000,000 tested=0 found=0 n=285712961183906733984375 elapsed=2447s
progress: nodes=32,540,000,000 tested=0 found=0 n=231612230287384688671875 elapsed=2448s
progress: nodes=32,550,000,000 tested=0 found=0 n=834232736021631619921875 elapsed=2449s
progress: nodes=32,560,000,000 tested=0 found=0 n=384677661067010321484375 elapsed=2450s
progress: nodes=32,570,000,000 tested=0 found=0 n=368906614876755411328125 elapsed=2451s
progress: nodes=32,580,000,000 tested=0 found=0 n=478027455193089952734375 elapsed=2452s
progress: nodes=32,590,000,000 tested=0 found=0 n=438029430042982580859375 elapsed=2453s
progress: nodes=32,600,000,000 tested=0 found=0 n=954816092766141774609375 elapsed=2454s
progress: nodes=32,610,000,000 tested=0 found=0 n=894348789036901442578125 elapsed=2454s
progress: nodes=32,620,000,000 tested=0 found=0 n=718523424092180295703125 elapsed=2455s
progress: nodes=32,630,000,000 tested=0 found=0 n=556105407989110843359375 elapsed=2456s
progress: nodes=32,640,000,000 tested=0 found=0 n=850025813243760875390625 elapsed=2457s
progress: nodes=32,650,000,000 tested=0 found=0 n=862159256755072379296875 elapsed=2458s
progress: nodes=32,660,000,000 tested=0 found=0 n=682986286490658472265625 elapsed=2459s
progress: nodes=32,670,000,000 tested=0 found=0 n=451029051436460565234375 elapsed=2460s
progress: nodes=32,680,000,000 tested=0 found=0 n=419936447394660448828125 elapsed=2461s
progress: nodes=32,690,000,000 tested=0 found=0 n=528609684252332112890625 elapsed=2462s
progress: nodes=32,700,000,000 tested=0 found=0 n=295052950610837293359375 elapsed=2463s
progress: nodes=32,710,000,000 tested=0 found=0 n=519815852395377437109375 elapsed=2464s
progress: nodes=32,720,000,000 tested=0 found=0 n=511928012215692973828125 elapsed=2465s
progress: nodes=32,730,000,000 tested=0 found=0 n=460847028264496512890625 elapsed=2465s
progress: nodes=32,740,000,000 tested=0 found=0 n=496134729577239753515625 elapsed=2466s
progress: nodes=32,750,000,000 tested=0 found=0 n=525325162389890916796875 elapsed=2467s
progress: nodes=32,760,000,000 tested=0 found=0 n=508579207227274180078125 elapsed=2468s
progress: nodes=32,770,000,000 tested=0 found=0 n=129418235080288597265625 elapsed=2469s
progress: nodes=32,780,000,000 tested=0 found=0 n=906272966973195769921875 elapsed=2470s
progress: nodes=32,790,000,000 tested=0 found=0 n=865941397463015272265625 elapsed=2471s
progress: nodes=32,800,000,000 tested=0 found=0 n=217287592062352182421875 elapsed=2472s
progress: nodes=32,810,000,000 tested=0 found=0 n=843052202053932505078125 elapsed=2473s
progress: nodes=32,820,000,000 tested=0 found=0 n=837318016388246881640625 elapsed=2473s
progress: nodes=32,830,000,000 tested=0 found=0 n=816957864502906616015625 elapsed=2474s
progress: nodes=32,840,000,000 tested=0 found=0 n=661799705239581858984375 elapsed=2475s
progress: nodes=32,850,000,000 tested=0 found=0 n=971961080163500844140625 elapsed=2476s
progress: nodes=32,860,000,000 tested=0 found=0 n=556699477163865479296875 elapsed=2477s
progress: nodes=32,870,000,000 tested=0 found=0 n=350654770070470065234375 elapsed=2478s
progress: nodes=32,880,000,000 tested=0 found=0 n=700964227304715786328125 elapsed=2479s
progress: nodes=32,890,000,000 tested=0 found=0 n=539307485075356091015625 elapsed=2480s
progress: nodes=32,900,000,000 tested=0 found=0 n=489156205340489530078125 elapsed=2481s
progress: nodes=32,910,000,000 tested=0 found=0 n=428491428733179706640625 elapsed=2482s
progress: nodes=32,920,000,000 tested=0 found=0 n=189938659755102366796875 elapsed=2483s
progress: nodes=32,930,000,000 tested=0 found=0 n=210631132161048701953125 elapsed=2484s
progress: nodes=32,940,000,000 tested=0 found=0 n=293139584690500466015625 elapsed=2485s
progress: nodes=32,950,000,000 tested=0 found=0 n=454195324090509155859375 elapsed=2486s
progress: nodes=32,960,000,000 tested=0 found=0 n=986101217060356276171875 elapsed=2487s
progress: nodes=32,970,000,000 tested=0 found=0 n=502188724671210805078125 elapsed=2487s
progress: nodes=32,980,000,000 tested=0 found=0 n=527073036998561715234375 elapsed=2488s
progress: nodes=32,990,000,000 tested=0 found=0 n=801392339916170539453125 elapsed=2489s
progress: nodes=33,000,000,000 tested=0 found=0 n=466500852294855043359375 elapsed=2490s
progress: nodes=33,010,000,000 tested=0 found=0 n=720328896484855182421875 elapsed=2491s
progress: nodes=33,020,000,000 tested=0 found=0 n=398480592412226787890625 elapsed=2492s
progress: nodes=33,030,000,000 tested=0 found=0 n=638569574086151077734375 elapsed=2493s
progress: nodes=33,040,000,000 tested=0 found=0 n=320730214213322216015625 elapsed=2494s
progress: nodes=33,050,000,000 tested=0 found=0 n=708161615981799001171875 elapsed=2495s
progress: nodes=33,060,000,000 tested=0 found=0 n=402803486644654824609375 elapsed=2496s
progress: nodes=33,070,000,000 tested=0 found=0 n=615192734204682704296875 elapsed=2497s
progress: nodes=33,080,000,000 tested=0 found=0 n=514798084192061316796875 elapsed=2498s
progress: nodes=33,090,000,000 tested=0 found=0 n=782377787658158497265625 elapsed=2499s
progress: nodes=33,100,000,000 tested=0 found=0 n=204866687009511024609375 elapsed=2500s
progress: nodes=33,110,000,000 tested=0 found=0 n=286005905549506866796875 elapsed=2501s
progress: nodes=33,120,000,000 tested=0 found=0 n=410416885752502187109375 elapsed=2502s
progress: nodes=33,130,000,000 tested=0 found=0 n=371298988430377386328125 elapsed=2503s
progress: nodes=33,140,000,000 tested=0 found=0 n=448640879028739069921875 elapsed=2504s
progress: nodes=33,150,000,000 tested=0 found=0 n=651458918875106963671875 elapsed=2504s
progress: nodes=33,160,000,000 tested=0 found=0 n=532115860823171869921875 elapsed=2505s
progress: nodes=33,170,000,000 tested=0 found=0 n=402233878754458098046875 elapsed=2506s
progress: nodes=33,180,000,000 tested=0 found=0 n=778233113772244491796875 elapsed=2507s
progress: nodes=33,190,000,000 tested=0 found=0 n=805797481358080676953125 elapsed=2508s
progress: nodes=33,200,000,000 tested=0 found=0 n=992700123816615753515625 elapsed=2509s
progress: nodes=33,210,000,000 tested=0 found=0 n=903011404385871425390625 elapsed=2510s
progress: nodes=33,220,000,000 tested=0 found=0 n=599110540165460155078125 elapsed=2511s
progress: nodes=33,230,000,000 tested=0 found=0 n=884023757643270659765625 elapsed=2512s
progress: nodes=33,240,000,000 tested=0 found=0 n=586158463600870475390625 elapsed=2513s
progress: nodes=33,250,000,000 tested=0 found=0 n=815051733236905686328125 elapsed=2514s
progress: nodes=33,260,000,000 tested=0 found=0 n=303361186470409817578125 elapsed=2515s
progress: nodes=33,270,000,000 tested=0 found=0 n=973925847152061465234375 elapsed=2516s
progress: nodes=33,280,000,000 tested=0 found=0 n=540478696656034395703125 elapsed=2517s
progress: nodes=33,290,000,000 tested=0 found=0 n=372369175672997675390625 elapsed=2517s
progress: nodes=33,300,000,000 tested=0 found=0 n=344269657453646190234375 elapsed=2518s
progress: nodes=33,310,000,000 tested=0 found=0 n=407918444763583655859375 elapsed=2519s
progress: nodes=33,320,000,000 tested=0 found=0 n=511230062468108169140625 elapsed=2520s
progress: nodes=33,330,000,000 tested=0 found=0 n=562883985445789592578125 elapsed=2521s
progress: nodes=33,340,000,000 tested=0 found=0 n=352240743318780898828125 elapsed=2522s
progress: nodes=33,350,000,000 tested=0 found=0 n=663011393946868789453125 elapsed=2523s
progress: nodes=33,360,000,000 tested=0 found=0 n=438787125975581869921875 elapsed=2524s
progress: nodes=33,370,000,000 tested=0 found=0 n=811932881195322833203125 elapsed=2525s
progress: nodes=33,380,000,000 tested=0 found=0 n=810124417173661231640625 elapsed=2526s
progress: nodes=33,390,000,000 tested=0 found=0 n=944638362052679598046875 elapsed=2527s
progress: nodes=33,400,000,000 tested=0 found=0 n=589149390334580715234375 elapsed=2528s
progress: nodes=33,410,000,000 tested=0 found=0 n=853824692443955937890625 elapsed=2529s
progress: nodes=33,420,000,000 tested=0 found=0 n=526393171608795678515625 elapsed=2530s
progress: nodes=33,430,000,000 tested=0 found=0 n=946594097120907713671875 elapsed=2531s
progress: nodes=33,440,000,000 tested=0 found=0 n=480969219693510783984375 elapsed=2531s
progress: nodes=33,450,000,000 tested=0 found=0 n=251608012670785791796875 elapsed=2532s
progress: nodes=33,460,000,000 tested=0 found=0 n=421574275746690915234375 elapsed=2533s
progress: nodes=33,470,000,000 tested=0 found=0 n=556337110523764440234375 elapsed=2534s
progress: nodes=33,480,000,000 tested=0 found=0 n=471304948260852530859375 elapsed=2535s
progress: nodes=33,490,000,000 tested=0 found=0 n=262319322960689066015625 elapsed=2536s
progress: nodes=33,500,000,000 tested=0 found=0 n=267412503641011098046875 elapsed=2537s
progress: nodes=33,510,000,000 tested=0 found=0 n=923631794280551928515625 elapsed=2538s
progress: nodes=33,520,000,000 tested=0 found=0 n=795409375016121331640625 elapsed=2539s
progress: nodes=33,530,000,000 tested=0 found=0 n=413213558484430803515625 elapsed=2540s
progress: nodes=33,540,000,000 tested=0 found=0 n=592436805036007039453125 elapsed=2541s
progress: nodes=33,550,000,000 tested=0 found=0 n=298381136124131194921875 elapsed=2542s
progress: nodes=33,560,000,000 tested=0 found=0 n=435488794790770501171875 elapsed=2543s
progress: nodes=33,570,000,000 tested=0 found=0 n=272154993648037126171875 elapsed=2544s
progress: nodes=33,580,000,000 tested=0 found=0 n=678172332014622573046875 elapsed=2545s
progress: nodes=33,590,000,000 tested=0 found=0 n=249367980763927149609375 elapsed=2546s
progress: nodes=33,600,000,000 tested=0 found=0 n=642080180608209453515625 elapsed=2546s
progress: nodes=33,610,000,000 tested=0 found=0 n=994878205890721414453125 elapsed=2547s
progress: nodes=33,620,000,000 tested=0 found=0 n=284604109865402262890625 elapsed=2548s
progress: nodes=33,630,000,000 tested=0 found=0 n=377787310166502108984375 elapsed=2549s
progress: nodes=33,640,000,000 tested=0 found=0 n=363356275823568108984375 elapsed=2550s
progress: nodes=33,650,000,000 tested=0 found=0 n=416882223482337769921875 elapsed=2551s
progress: nodes=33,660,000,000 tested=0 found=0 n=526420597127312752734375 elapsed=2552s
progress: nodes=33,670,000,000 tested=0 found=0 n=353072195977144707421875 elapsed=2553s
progress: nodes=33,680,000,000 tested=0 found=0 n=435716579127323780859375 elapsed=2554s
progress: nodes=33,690,000,000 tested=0 found=0 n=23595514231886398828125 elapsed=2555s
progress: nodes=33,700,000,000 tested=0 found=0 n=883910041494134776171875 elapsed=2556s
progress: nodes=33,710,000,000 tested=0 found=0 n=990408089345239782421875 elapsed=2557s
progress: nodes=33,720,000,000 tested=0 found=0 n=503393231751308855859375 elapsed=2558s
progress: nodes=33,730,000,000 tested=0 found=0 n=987733050264970723828125 elapsed=2559s
progress: nodes=33,740,000,000 tested=0 found=0 n=236526410255085186328125 elapsed=2559s
progress: nodes=33,750,000,000 tested=0 found=0 n=935690534476665219140625 elapsed=2560s
progress: nodes=33,760,000,000 tested=0 found=0 n=573255004581951437109375 elapsed=2561s
progress: nodes=33,770,000,000 tested=0 found=0 n=828117244164074480859375 elapsed=2562s
progress: nodes=33,780,000,000 tested=0 found=0 n=700351964032467926953125 elapsed=2563s
progress: nodes=33,790,000,000 tested=0 found=0 n=713189919354296600390625 elapsed=2564s
progress: nodes=33,800,000,000 tested=0 found=0 n=478893150200405801953125 elapsed=2565s
progress: nodes=33,810,000,000 tested=0 found=0 n=138438044705922598828125 elapsed=2566s
progress: nodes=33,820,000,000 tested=0 found=0 n=339632808772813604296875 elapsed=2567s
progress: nodes=33,830,000,000 tested=0 found=0 n=227336232139909702734375 elapsed=2568s
progress: nodes=33,840,000,000 tested=0 found=0 n=504506950688513295703125 elapsed=2569s
progress: nodes=33,850,000,000 tested=0 found=0 n=346893450210887340234375 elapsed=2570s
progress: nodes=33,860,000,000 tested=0 found=0 n=317646743132633023828125 elapsed=2571s
progress: nodes=33,870,000,000 tested=0 found=0 n=433380605190468155859375 elapsed=2572s
progress: nodes=33,880,000,000 tested=0 found=0 n=645176091402347909765625 elapsed=2573s
progress: nodes=33,890,000,000 tested=0 found=0 n=286239697575511208203125 elapsed=2573s
progress: nodes=33,900,000,000 tested=0 found=0 n=633060419545779598828125 elapsed=2574s
progress: nodes=33,910,000,000 tested=0 found=0 n=334174752749058001171875 elapsed=2575s
progress: nodes=33,920,000,000 tested=0 found=0 n=917082820999630093359375 elapsed=2576s
progress: nodes=33,930,000,000 tested=0 found=0 n=495538783090473645703125 elapsed=2577s
progress: nodes=33,940,000,000 tested=0 found=0 n=361453915467657207421875 elapsed=2578s
progress: nodes=33,950,000,000 tested=0 found=0 n=709885642942018395703125 elapsed=2579s
progress: nodes=33,960,000,000 tested=0 found=0 n=120973916856380530078125 elapsed=2580s
progress: nodes=33,970,000,000 tested=0 found=0 n=660631350145898007421875 elapsed=2581s
progress: nodes=33,980,000,000 tested=0 found=0 n=374471744780040071484375 elapsed=2582s
progress: nodes=33,990,000,000 tested=0 found=0 n=872658637944931135546875 elapsed=2583s
progress: nodes=34,000,000,000 tested=0 found=0 n=867534932297593944140625 elapsed=2583s
progress: nodes=34,010,000,000 tested=0 found=0 n=732368253745871054296875 elapsed=2584s
progress: nodes=34,020,000,000 tested=0 found=0 n=136606405766705518359375 elapsed=2585s
progress: nodes=34,030,000,000 tested=0 found=0 n=471447098511224227734375 elapsed=2586s
progress: nodes=34,040,000,000 tested=0 found=0 n=277150025657747949609375 elapsed=2587s
progress: nodes=34,050,000,000 tested=0 found=0 n=446449079189776819921875 elapsed=2588s
progress: nodes=34,060,000,000 tested=0 found=0 n=839827807925840933203125 elapsed=2599s
progress: nodes=34,070,000,000 tested=0 found=0 n=279834954324019913671875 elapsed=2599s
progress: nodes=34,080,000,000 tested=0 found=0 n=690381300446743292578125 elapsed=2600s
progress: nodes=34,090,000,000 tested=0 found=0 n=226347484236791066015625 elapsed=2601s
progress: nodes=34,100,000,000 tested=0 found=0 n=430167122102910315234375 elapsed=2602s
progress: nodes=34,110,000,000 tested=0 found=0 n=513168777084293898046875 elapsed=2603s
progress: nodes=34,120,000,000 tested=0 found=0 n=563933377144853834765625 elapsed=2604s
progress: nodes=34,130,000,000 tested=0 found=0 n=745919338144924466015625 elapsed=2605s
progress: nodes=34,140,000,000 tested=0 found=0 n=241818791820794834765625 elapsed=2606s
progress: nodes=34,150,000,000 tested=0 found=0 n=609941470229187331640625 elapsed=2607s
progress: nodes=34,160,000,000 tested=0 found=0 n=819165747990558258984375 elapsed=2608s
progress: nodes=34,170,000,000 tested=0 found=0 n=676433073688234667578125 elapsed=2609s
progress: nodes=34,180,000,000 tested=0 found=0 n=645078971392128551953125 elapsed=2609s
progress: nodes=34,190,000,000 tested=0 found=0 n=394025690785921618359375 elapsed=2610s
progress: nodes=34,200,000,000 tested=0 found=0 n=269321341759790164453125 elapsed=2611s
progress: nodes=34,210,000,000 tested=0 found=0 n=300108124664273049609375 elapsed=2612s
progress: nodes=34,220,000,000 tested=0 found=0 n=291370665860992149609375 elapsed=2613s
progress: nodes=34,230,000,000 tested=0 found=0 n=273715409939735169140625 elapsed=2614s
progress: nodes=34,240,000,000 tested=0 found=0 n=860500369601500405078125 elapsed=2615s
progress: nodes=34,250,000,000 tested=0 found=0 n=768079213615621501171875 elapsed=2616s
progress: nodes=34,260,000,000 tested=0 found=0 n=718428082427728006640625 elapsed=2617s
progress: nodes=34,270,000,000 tested=0 found=0 n=547874407030715905078125 elapsed=2618s
progress: nodes=34,280,000,000 tested=0 found=0 n=774081797245380073828125 elapsed=2618s
progress: nodes=34,290,000,000 tested=0 found=0 n=858233509943946816796875 elapsed=2619s
progress: nodes=34,300,000,000 tested=0 found=0 n=794848541936308780078125 elapsed=2620s
progress: nodes=34,310,000,000 tested=0 found=0 n=480996018383970104296875 elapsed=2621s
progress: nodes=34,320,000,000 tested=0 found=0 n=929816828596411709765625 elapsed=2622s
progress: nodes=34,330,000,000 tested=0 found=0 n=582454243824103908984375 elapsed=2623s
progress: nodes=34,340,000,000 tested=0 found=0 n=872105981241029403515625 elapsed=2624s
progress: nodes=34,350,000,000 tested=0 found=0 n=448215740386116359765625 elapsed=2625s
progress: nodes=34,360,000,000 tested=0 found=0 n=661241387113271159765625 elapsed=2626s
progress: nodes=34,370,000,000 tested=0 found=0 n=316337560073854597265625 elapsed=2627s
progress: nodes=34,380,000,000 tested=0 found=0 n=215061894985594735546875 elapsed=2628s
progress: nodes=34,390,000,000 tested=0 found=0 n=269781011420075216015625 elapsed=2629s
progress: nodes=34,400,000,000 tested=0 found=0 n=191522161856016144140625 elapsed=2629s
progress: nodes=34,410,000,000 tested=0 found=0 n=427253550722752784765625 elapsed=2630s
progress: nodes=34,420,000,000 tested=0 found=0 n=989494791605171117578125 elapsed=2631s
progress: nodes=34,430,000,000 tested=0 found=0 n=655535373902592394921875 elapsed=2632s
progress: nodes=34,440,000,000 tested=0 found=0 n=435990689849337858984375 elapsed=2633s
progress: nodes=34,450,000,000 tested=0 found=0 n=176001037723397429296875 elapsed=2634s
progress: nodes=34,460,000,000 tested=0 found=0 n=990042447970221718359375 elapsed=2635s
progress: nodes=34,470,000,000 tested=0 found=0 n=932843001495360385546875 elapsed=2636s
progress: nodes=34,480,000,000 tested=0 found=0 n=727598085426225453515625 elapsed=2637s
progress: nodes=34,490,000,000 tested=0 found=0 n=572766649341162155859375 elapsed=2638s
progress: nodes=34,500,000,000 tested=0 found=0 n=622111354767988864453125 elapsed=2638s
progress: nodes=34,510,000,000 tested=0 found=0 n=265730800111821502734375 elapsed=2639s
progress: nodes=34,520,000,000 tested=0 found=0 n=471910920671394355078125 elapsed=2640s
progress: nodes=34,530,000,000 tested=0 found=0 n=393470261405855609765625 elapsed=2641s
progress: nodes=34,540,000,000 tested=0 found=0 n=515219364789270423046875 elapsed=2642s
progress: nodes=34,550,000,000 tested=0 found=0 n=879790555347673805859375 elapsed=2643s
progress: nodes=34,560,000,000 tested=0 found=0 n=481553661203580448828125 elapsed=2644s
progress: nodes=34,570,000,000 tested=0 found=0 n=505857806045659508203125 elapsed=2645s
progress: nodes=34,580,000,000 tested=0 found=0 n=330793023987661369921875 elapsed=2646s
progress: nodes=34,590,000,000 tested=0 found=0 n=954243843865873983984375 elapsed=2647s
progress: nodes=34,600,000,000 tested=0 found=0 n=405277896849187299609375 elapsed=2648s
progress: nodes=34,610,000,000 tested=0 found=0 n=594156918497019887109375 elapsed=2648s
progress: nodes=34,620,000,000 tested=0 found=0 n=770806948839826812890625 elapsed=2649s
progress: nodes=34,630,000,000 tested=0 found=0 n=514199174328582458203125 elapsed=2650s
progress: nodes=34,640,000,000 tested=0 found=0 n=260083686338089878515625 elapsed=2651s
progress: nodes=34,650,000,000 tested=0 found=0 n=832068718928911290234375 elapsed=2652s
progress: nodes=34,660,000,000 tested=0 found=0 n=161438243566967258203125 elapsed=2653s
progress: nodes=34,670,000,000 tested=0 found=0 n=495169597750730551171875 elapsed=2654s
progress: nodes=34,680,000,000 tested=0 found=0 n=374875823807332843359375 elapsed=2655s
progress: nodes=34,690,000,000 tested=0 found=0 n=914060235035979706640625 elapsed=2656s
progress: nodes=34,700,000,000 tested=0 found=0 n=928359648106979305078125 elapsed=2657s
progress: nodes=34,710,000,000 tested=0 found=0 n=406114794218382781640625 elapsed=2658s
progress: nodes=34,720,000,000 tested=0 found=0 n=262523761810607485546875 elapsed=2659s
progress: nodes=34,730,000,000 tested=0 found=0 n=394378679221489578515625 elapsed=2659s
progress: nodes=34,740,000,000 tested=0 found=0 n=522076928160543563671875 elapsed=2660s
progress: nodes=34,750,000,000 tested=0 found=0 n=335124834725548093359375 elapsed=2661s
progress: nodes=34,760,000,000 tested=0 found=0 n=717243397438089933984375 elapsed=2662s
progress: nodes=34,770,000,000 tested=0 found=0 n=429384375711200984765625 elapsed=2663s
progress: nodes=34,780,000,000 tested=0 found=0 n=662569433085849493359375 elapsed=2664s
progress: nodes=34,790,000,000 tested=0 found=0 n=636340641431057075390625 elapsed=2665s
progress: nodes=34,800,000,000 tested=0 found=0 n=574928499372571768359375 elapsed=2666s
progress: nodes=34,810,000,000 tested=0 found=0 n=989227683351581811328125 elapsed=2667s
progress: nodes=34,820,000,000 tested=0 found=0 n=965757536621024825390625 elapsed=2668s
progress: nodes=34,830,000,000 tested=0 found=0 n=519864830482008012890625 elapsed=2668s
progress: nodes=34,840,000,000 tested=0 found=0 n=921521897384841573046875 elapsed=2669s
progress: nodes=34,850,000,000 tested=0 found=0 n=476822499138541578515625 elapsed=2670s
progress: nodes=34,860,000,000 tested=0 found=0 n=784134035350788800390625 elapsed=2671s
progress: nodes=34,870,000,000 tested=0 found=0 n=472287030139785596484375 elapsed=2672s
progress: nodes=34,880,000,000 tested=0 found=0 n=347950379003769622265625 elapsed=2673s
progress: nodes=34,890,000,000 tested=0 found=0 n=665977942807407101953125 elapsed=2674s
progress: nodes=34,900,000,000 tested=0 found=0 n=870480774140431046484375 elapsed=2675s
progress: nodes=34,910,000,000 tested=0 found=0 n=293317581836675253515625 elapsed=2676s
progress: nodes=34,920,000,000 tested=0 found=0 n=292839770988661707421875 elapsed=2677s
progress: nodes=34,930,000,000 tested=0 found=0 n=22602802543101502734375 elapsed=2678s
progress: nodes=34,940,000,000 tested=0 found=0 n=450035646266176948828125 elapsed=2679s
progress: nodes=34,950,000,000 tested=0 found=0 n=810279059776166668359375 elapsed=2679s
progress: nodes=34,960,000,000 tested=0 found=0 n=203280481412207293359375 elapsed=2680s
progress: nodes=34,970,000,000 tested=0 found=0 n=762885731274657078515625 elapsed=2681s
progress: nodes=34,980,000,000 tested=0 found=0 n=201901608734474872265625 elapsed=2682s
progress: nodes=34,990,000,000 tested=0 found=0 n=412092018876520395703125 elapsed=2683s
progress: nodes=35,000,000,000 tested=0 found=0 n=206986463628864858984375 elapsed=2684s
progress: nodes=35,010,000,000 tested=0 found=0 n=365219641258332725390625 elapsed=2685s
progress: nodes=35,020,000,000 tested=0 found=0 n=351386565383974454296875 elapsed=2686s
progress: nodes=35,030,000,000 tested=0 found=0 n=483881420589377030859375 elapsed=2687s
progress: nodes=35,040,000,000 tested=0 found=0 n=151762890092662444921875 elapsed=2688s
progress: nodes=35,050,000,000 tested=0 found=0 n=533246840510151758203125 elapsed=2689s
progress: nodes=35,060,000,000 tested=0 found=0 n=459822121821745920703125 elapsed=2689s
progress: nodes=35,070,000,000 tested=0 found=0 n=319123022947476760546875 elapsed=2690s
progress: nodes=35,080,000,000 tested=0 found=0 n=205268395893382838671875 elapsed=2691s
progress: nodes=35,090,000,000 tested=0 found=0 n=330908805814895047265625 elapsed=2692s
progress: nodes=35,100,000,000 tested=0 found=0 n=907360572231621453515625 elapsed=2693s
progress: nodes=35,110,000,000 tested=0 found=0 n=448678014713154200390625 elapsed=2694s
progress: nodes=35,120,000,000 tested=0 found=0 n=636270528310834686328125 elapsed=2695s
progress: nodes=35,130,000,000 tested=0 found=0 n=399850468067048122265625 elapsed=2696s
progress: nodes=35,140,000,000 tested=0 found=0 n=729668540490754334765625 elapsed=2697s
progress: nodes=35,150,000,000 tested=0 found=0 n=829419582271658438671875 elapsed=2698s
progress: nodes=35,160,000,000 tested=0 found=0 n=488939010356663792578125 elapsed=2698s
progress: nodes=35,170,000,000 tested=0 found=0 n=964747991292490156640625 elapsed=2699s
progress: nodes=35,180,000,000 tested=0 found=0 n=219983176442319352734375 elapsed=2700s
progress: nodes=35,190,000,000 tested=0 found=0 n=450682303485191649609375 elapsed=2701s
progress: nodes=35,200,000,000 tested=0 found=0 n=576735115397034244921875 elapsed=2702s
progress: nodes=35,210,000,000 tested=0 found=0 n=335212138036651102734375 elapsed=2703s
progress: nodes=35,220,000,000 tested=0 found=0 n=159331720581380260546875 elapsed=2704s
progress: nodes=35,230,000,000 tested=0 found=0 n=724694833209224921484375 elapsed=2705s
progress: nodes=35,240,000,000 tested=0 found=0 n=404683219327264955859375 elapsed=2706s
progress: nodes=35,250,000,000 tested=0 found=0 n=321497164112373601171875 elapsed=2707s
progress: nodes=35,260,000,000 tested=0 found=0 n=219053585798390436328125 elapsed=2708s
progress: nodes=35,270,000,000 tested=0 found=0 n=682515701218553283984375 elapsed=2709s
progress: nodes=35,280,000,000 tested=0 found=0 n=628638470590803092578125 elapsed=2710s
progress: nodes=35,290,000,000 tested=0 found=0 n=909349029824111082421875 elapsed=2711s
progress: nodes=35,300,000,000 tested=0 found=0 n=887707121010704117578125 elapsed=2712s
progress: nodes=35,310,000,000 tested=0 found=0 n=454727776638122405859375 elapsed=2713s
progress: nodes=35,320,000,000 tested=0 found=0 n=502603430133685173046875 elapsed=2714s
progress: nodes=35,330,000,000 tested=0 found=0 n=323987541639035600390625 elapsed=2715s
progress: nodes=35,340,000,000 tested=0 found=0 n=622908402244971549609375 elapsed=2716s
progress: nodes=35,350,000,000 tested=0 found=0 n=565741772439523955859375 elapsed=2717s
progress: nodes=35,360,000,000 tested=0 found=0 n=309530822130250372265625 elapsed=2717s
progress: nodes=35,370,000,000 tested=0 found=0 n=958377474049636149609375 elapsed=2718s
progress: nodes=35,380,000,000 tested=0 found=0 n=212299224162998762109375 elapsed=2719s
progress: nodes=35,390,000,000 tested=0 found=0 n=469019113132559305078125 elapsed=2720s
progress: nodes=35,400,000,000 tested=0 found=0 n=392564126453965344140625 elapsed=2721s
progress: nodes=35,410,000,000 tested=0 found=0 n=381308961133862476171875 elapsed=2722s
progress: nodes=35,420,000,000 tested=0 found=0 n=170439174257197299609375 elapsed=2723s
progress: nodes=35,430,000,000 tested=0 found=0 n=348768647022401370703125 elapsed=2724s
progress: nodes=35,440,000,000 tested=0 found=0 n=628420146964738695703125 elapsed=2725s
progress: nodes=35,450,000,000 tested=0 found=0 n=721540765361365034765625 elapsed=2726s
progress: nodes=35,460,000,000 tested=0 found=0 n=865787529106195252734375 elapsed=2727s
progress: nodes=35,470,000,000 tested=0 found=0 n=561079168326565414453125 elapsed=2728s
progress: nodes=35,480,000,000 tested=0 found=0 n=715134554810844183984375 elapsed=2729s
progress: nodes=35,490,000,000 tested=0 found=0 n=552140717055506687109375 elapsed=2730s
progress: nodes=35,500,000,000 tested=0 found=0 n=809641516754530698046875 elapsed=2731s
progress: nodes=35,510,000,000 tested=0 found=0 n=349070677749912202734375 elapsed=2732s
progress: nodes=35,520,000,000 tested=0 found=0 n=229198193667506752734375 elapsed=2733s
progress: nodes=35,530,000,000 tested=0 found=0 n=240496665717348601171875 elapsed=2734s
progress: nodes=35,540,000,000 tested=0 found=0 n=186319223969807014453125 elapsed=2735s
progress: nodes=35,550,000,000 tested=0 found=0 n=239922891972482206640625 elapsed=2736s
progress: nodes=35,560,000,000 tested=0 found=0 n=401520915530300014453125 elapsed=2737s
progress: nodes=35,570,000,000 tested=0 found=0 n=215302890329137887890625 elapsed=2738s
progress: nodes=35,580,000,000 tested=0 found=0 n=230265277759953910546875 elapsed=2739s
progress: nodes=35,590,000,000 tested=0 found=0 n=225578297280370637109375 elapsed=2740s
progress: nodes=35,600,000,000 tested=0 found=0 n=620400278603174579296875 elapsed=2740s
progress: nodes=35,610,000,000 tested=0 found=0 n=386339261304959750390625 elapsed=2741s
progress: nodes=35,620,000,000 tested=0 found=0 n=978843611024084682421875 elapsed=2742s
progress: nodes=35,630,000,000 tested=0 found=0 n=937993136848328253515625 elapsed=2743s
progress: nodes=35,640,000,000 tested=0 found=0 n=721405835384993820703125 elapsed=2744s
progress: nodes=35,650,000,000 tested=0 found=0 n=546942360708241407421875 elapsed=2745s
progress: nodes=35,660,000,000 tested=0 found=0 n=447662029091019303515625 elapsed=2746s
progress: nodes=35,670,000,000 tested=0 found=0 n=302161393124483797265625 elapsed=2747s
progress: nodes=35,680,000,000 tested=0 found=0 n=804776440217323573828125 elapsed=2748s
progress: nodes=35,690,000,000 tested=0 found=0 n=618694806807166946484375 elapsed=2749s
progress: nodes=35,700,000,000 tested=0 found=0 n=286737541335912730078125 elapsed=2750s
progress: nodes=35,710,000,000 tested=0 found=0 n=933336232409318551171875 elapsed=2751s
progress: nodes=35,720,000,000 tested=0 found=0 n=259062701160702617578125 elapsed=2752s
progress: nodes=35,730,000,000 tested=0 found=0 n=406042316941462020703125 elapsed=2753s
progress: nodes=35,740,000,000 tested=0 found=0 n=373755354007472778515625 elapsed=2754s
progress: nodes=35,750,000,000 tested=0 found=0 n=378367774895901308203125 elapsed=2754s
progress: nodes=35,760,000,000 tested=0 found=0 n=398435726220881030859375 elapsed=2755s
progress: nodes=35,770,000,000 tested=0 found=0 n=822742164290473569140625 elapsed=2756s
progress: nodes=35,780,000,000 tested=0 found=0 n=602907776211904801171875 elapsed=2757s
progress: nodes=35,790,000,000 tested=0 found=0 n=717257323451802800390625 elapsed=2758s
progress: nodes=35,800,000,000 tested=0 found=0 n=849652284924064191796875 elapsed=2759s
progress: nodes=35,810,000,000 tested=0 found=0 n=512526223070294129296875 elapsed=2760s
progress: nodes=35,820,000,000 tested=0 found=0 n=925521230159013842578125 elapsed=2761s
progress: nodes=35,830,000,000 tested=0 found=0 n=826731404632228876171875 elapsed=2762s
progress: nodes=35,840,000,000 tested=0 found=0 n=556422833761049281640625 elapsed=2763s
progress: nodes=35,850,000,000 tested=0 found=0 n=381974606321860754296875 elapsed=2764s
progress: nodes=35,860,000,000 tested=0 found=0 n=273001971275355905859375 elapsed=2765s
progress: nodes=35,870,000,000 tested=0 found=0 n=654823989811138988671875 elapsed=2766s
progress: nodes=35,880,000,000 tested=0 found=0 n=194630326681077671484375 elapsed=2767s
progress: nodes=35,890,000,000 tested=0 found=0 n=517460525251683247265625 elapsed=2768s
progress: nodes=35,900,000,000 tested=0 found=0 n=313028676858485942578125 elapsed=2769s
progress: nodes=35,910,000,000 tested=0 found=0 n=419328378815759518359375 elapsed=2769s
progress: nodes=35,920,000,000 tested=0 found=0 n=343080188972268760546875 elapsed=2770s
progress: nodes=35,930,000,000 tested=0 found=0 n=582683994076863048046875 elapsed=2771s
progress: nodes=35,940,000,000 tested=0 found=0 n=737328314301734963671875 elapsed=2772s
progress: nodes=35,950,000,000 tested=0 found=0 n=681344818825918229296875 elapsed=2773s
progress: nodes=35,960,000,000 tested=0 found=0 n=997181844913066067578125 elapsed=2774s
progress: nodes=35,970,000,000 tested=0 found=0 n=892556434646196851953125 elapsed=2775s
progress: nodes=35,980,000,000 tested=0 found=0 n=799461874970684230078125 elapsed=2776s
progress: nodes=35,990,000,000 tested=0 found=0 n=624952073020425162890625 elapsed=2777s
progress: nodes=36,000,000,000 tested=0 found=0 n=522056975670985102734375 elapsed=2778s
progress: nodes=36,010,000,000 tested=0 found=0 n=553446835889230838671875 elapsed=2779s
progress: nodes=36,020,000,000 tested=0 found=0 n=250713088139660192578125 elapsed=2780s
progress: nodes=36,030,000,000 tested=0 found=0 n=542190807023468741015625 elapsed=2780s
progress: nodes=36,040,000,000 tested=0 found=0 n=319143828525078652734375 elapsed=2781s
progress: nodes=36,050,000,000 tested=0 found=0 n=424640330218112649609375 elapsed=2782s
progress: nodes=36,060,000,000 tested=0 found=0 n=671059589087967788671875 elapsed=2783s
progress: nodes=36,070,000,000 tested=0 found=0 n=250737927983918370703125 elapsed=2784s
progress: nodes=36,080,000,000 tested=0 found=0 n=271874453182662786328125 elapsed=2785s
progress: nodes=36,090,000,000 tested=0 found=0 n=967556296504597580859375 elapsed=2786s
progress: nodes=36,100,000,000 tested=0 found=0 n=987635986471117023046875 elapsed=2787s
progress: nodes=36,110,000,000 tested=0 found=0 n=670295562538358921484375 elapsed=2788s
progress: nodes=36,120,000,000 tested=0 found=0 n=548659991653091729296875 elapsed=2789s
progress: nodes=36,130,000,000 tested=0 found=0 n=412152317236483737890625 elapsed=2789s
progress: nodes=36,140,000,000 tested=0 found=0 n=666214221877018456640625 elapsed=2790s
progress: nodes=36,150,000,000 tested=0 found=0 n=787254118799382854296875 elapsed=2791s
progress: nodes=36,160,000,000 tested=0 found=0 n=726629843848102076953125 elapsed=2792s
progress: nodes=36,170,000,000 tested=0 found=0 n=460851284165068023046875 elapsed=2793s
progress: nodes=36,180,000,000 tested=0 found=0 n=557442697415436537890625 elapsed=2794s
progress: nodes=36,190,000,000 tested=0 found=0 n=415241422446138866015625 elapsed=2795s
progress: nodes=36,200,000,000 tested=0 found=0 n=397861653236631155859375 elapsed=2796s
progress: nodes=36,210,000,000 tested=0 found=0 n=473078835489773429296875 elapsed=2797s
progress: nodes=36,220,000,000 tested=0 found=0 n=423321476388710895703125 elapsed=2798s
progress: nodes=36,230,000,000 tested=0 found=0 n=297669175993531276171875 elapsed=2799s
progress: nodes=36,240,000,000 tested=0 found=0 n=358582298297835266015625 elapsed=2800s
progress: nodes=36,250,000,000 tested=0 found=0 n=124100135490782640234375 elapsed=2801s
progress: nodes=36,260,000,000 tested=0 found=0 n=890833992083020901953125 elapsed=2802s
progress: nodes=36,270,000,000 tested=0 found=0 n=912247292315747991796875 elapsed=2803s
progress: nodes=36,280,000,000 tested=0 found=0 n=310857471824437170703125 elapsed=2804s
progress: nodes=36,290,000,000 tested=0 found=0 n=645835755215107887890625 elapsed=2805s
progress: nodes=36,300,000,000 tested=0 found=0 n=220299909191995398046875 elapsed=2806s
progress: nodes=36,310,000,000 tested=0 found=0 n=516951714209324973046875 elapsed=2807s
progress: nodes=36,320,000,000 tested=0 found=0 n=686306767051405796484375 elapsed=2807s
progress: nodes=36,330,000,000 tested=0 found=0 n=138174221228585269921875 elapsed=2808s
progress: nodes=36,340,000,000 tested=0 found=0 n=418024861604448282421875 elapsed=2809s
progress: nodes=36,350,000,000 tested=0 found=0 n=338303540210564942578125 elapsed=2810s
progress: nodes=36,360,000,000 tested=0 found=0 n=698036828401067628515625 elapsed=2811s
progress: nodes=36,370,000,000 tested=0 found=0 n=246920373503135462109375 elapsed=2812s
progress: nodes=36,380,000,000 tested=0 found=0 n=307336465961624717578125 elapsed=2813s
progress: nodes=36,390,000,000 tested=0 found=0 n=427148299883197908984375 elapsed=2814s
progress: nodes=36,400,000,000 tested=0 found=0 n=305718082670902700390625 elapsed=2815s
progress: nodes=36,410,000,000 tested=0 found=0 n=383362329583971362109375 elapsed=2816s
progress: nodes=36,420,000,000 tested=0 found=0 n=337917976875298114453125 elapsed=2817s
progress: nodes=36,430,000,000 tested=0 found=0 n=801397455760820183203125 elapsed=2818s
progress: nodes=36,440,000,000 tested=0 found=0 n=278677111186099944140625 elapsed=2819s
progress: nodes=36,450,000,000 tested=0 found=0 n=432535408612808157421875 elapsed=2820s
progress: nodes=36,460,000,000 tested=0 found=0 n=887732084037545574609375 elapsed=2821s
progress: nodes=36,470,000,000 tested=0 found=0 n=454606605445185277734375 elapsed=2822s
progress: nodes=36,480,000,000 tested=0 found=0 n=192128499626639593359375 elapsed=2822s
progress: nodes=36,490,000,000 tested=0 found=0 n=579480852550182992578125 elapsed=2823s
progress: nodes=36,500,000,000 tested=0 found=0 n=517116007621056280078125 elapsed=2824s
progress: nodes=36,510,000,000 tested=0 found=0 n=295507003779057069140625 elapsed=2825s
progress: nodes=36,520,000,000 tested=0 found=0 n=227532794456371348828125 elapsed=2826s
progress: nodes=36,530,000,000 tested=0 found=0 n=324606080060452613671875 elapsed=2827s
progress: nodes=36,540,000,000 tested=0 found=0 n=131413449105598932421875 elapsed=2828s
progress: nodes=36,550,000,000 tested=0 found=0 n=263229195857329930078125 elapsed=2829s
progress: nodes=36,560,000,000 tested=0 found=0 n=145087198885304891015625 elapsed=2830s
progress: nodes=36,570,000,000 tested=0 found=0 n=985245744828286901953125 elapsed=2831s
progress: nodes=36,580,000,000 tested=0 found=0 n=535870025878660906640625 elapsed=2832s
progress: nodes=36,590,000,000 tested=0 found=0 n=670401978569502338671875 elapsed=2833s
progress: nodes=36,600,000,000 tested=0 found=0 n=606648911336276621484375 elapsed=2834s
progress: nodes=36,610,000,000 tested=0 found=0 n=776664486598505445703125 elapsed=2835s
progress: nodes=36,620,000,000 tested=0 found=0 n=637930498512112098046875 elapsed=2836s
progress: nodes=36,630,000,000 tested=0 found=0 n=666844961652811360546875 elapsed=2837s
progress: nodes=36,640,000,000 tested=0 found=0 n=640661347166790765234375 elapsed=2838s
progress: nodes=36,650,000,000 tested=0 found=0 n=696620274103283101171875 elapsed=2839s
progress: nodes=36,660,000,000 tested=0 found=0 n=612376577213005030078125 elapsed=2839s
progress: nodes=36,670,000,000 tested=0 found=0 n=313472349229863385546875 elapsed=2840s
progress: nodes=36,680,000,000 tested=0 found=0 n=247391214968986055859375 elapsed=2841s
progress: nodes=36,690,000,000 tested=0 found=0 n=395915532878718741796875 elapsed=2842s
progress: nodes=36,700,000,000 tested=0 found=0 n=137266861680273097265625 elapsed=2843s
progress: nodes=36,710,000,000 tested=0 found=0 n=268410629612332233984375 elapsed=2844s
progress: nodes=36,720,000,000 tested=0 found=0 n=234287449677605555859375 elapsed=2845s
progress: nodes=36,730,000,000 tested=0 found=0 n=648603144568226886328125 elapsed=2846s
progress: nodes=36,740,000,000 tested=0 found=0 n=923806116886468419140625 elapsed=2847s
progress: nodes=36,750,000,000 tested=0 found=0 n=980376553599634782421875 elapsed=2848s
progress: nodes=36,760,000,000 tested=0 found=0 n=803226695045980489453125 elapsed=2849s
progress: nodes=36,770,000,000 tested=0 found=0 n=800464680862021170703125 elapsed=2850s
progress: nodes=36,780,000,000 tested=0 found=0 n=968894744107460530078125 elapsed=2851s
progress: nodes=36,790,000,000 tested=0 found=0 n=127476490058760575390625 elapsed=2852s
progress: nodes=36,800,000,000 tested=0 found=0 n=492346365545684344921875 elapsed=2853s
progress: nodes=36,810,000,000 tested=0 found=0 n=104973279024103991015625 elapsed=2854s
progress: nodes=36,820,000,000 tested=0 found=0 n=185107634864446890234375 elapsed=2855s
progress: nodes=36,830,000,000 tested=0 found=0 n=302090846349018491015625 elapsed=2855s
progress: nodes=36,840,000,000 tested=0 found=0 n=262069770683416123828125 elapsed=2857s
progress: nodes=36,850,000,000 tested=0 found=0 n=348515693727696812109375 elapsed=2858s
progress: nodes=36,860,000,000 tested=0 found=0 n=538024237168181298046875 elapsed=2858s
progress: nodes=36,870,000,000 tested=0 found=0 n=273439891488622327734375 elapsed=2859s
progress: nodes=36,880,000,000 tested=0 found=0 n=790266703212862695703125 elapsed=2860s
progress: nodes=36,890,000,000 tested=0 found=0 n=546027016107884347265625 elapsed=2861s
progress: nodes=36,900,000,000 tested=0 found=0 n=492069493079037959765625 elapsed=2862s
progress: nodes=36,910,000,000 tested=0 found=0 n=738705180853724094140625 elapsed=2863s
progress: nodes=36,920,000,000 tested=0 found=0 n=667348438813652049609375 elapsed=2864s
progress: nodes=36,930,000,000 tested=0 found=0 n=519555571381677716015625 elapsed=2865s
progress: nodes=36,940,000,000 tested=0 found=0 n=901974111042780819140625 elapsed=2866s
progress: nodes=36,950,000,000 tested=0 found=0 n=781461778276961216015625 elapsed=2867s
progress: nodes=36,960,000,000 tested=0 found=0 n=739657629710345401171875 elapsed=2868s
progress: nodes=36,970,000,000 tested=0 found=0 n=272856640301169851953125 elapsed=2869s
progress: nodes=36,980,000,000 tested=0 found=0 n=298956635116505089453125 elapsed=2870s
progress: nodes=36,990,000,000 tested=0 found=0 n=729785181243002684765625 elapsed=2871s
progress: nodes=37,000,000,000 tested=0 found=0 n=367582412074301750390625 elapsed=2872s
progress: nodes=37,010,000,000 tested=0 found=0 n=99786579416853901171875 elapsed=2873s
progress: nodes=37,020,000,000 tested=0 found=0 n=353946088053615505078125 elapsed=2874s
progress: nodes=37,030,000,000 tested=0 found=0 n=303190997807407243359375 elapsed=2874s
progress: nodes=37,040,000,000 tested=0 found=0 n=756586218928797094921875 elapsed=2875s
progress: nodes=37,050,000,000 tested=0 found=0 n=734150653392138352734375 elapsed=2876s
progress: nodes=37,060,000,000 tested=0 found=0 n=405788452966310635546875 elapsed=2877s
progress: nodes=37,070,000,000 tested=0 found=0 n=261518099106598112109375 elapsed=2878s
progress: nodes=37,080,000,000 tested=0 found=0 n=287655943800886533984375 elapsed=2879s
progress: nodes=37,090,000,000 tested=0 found=0 n=936278345943948962109375 elapsed=2880s
progress: nodes=37,100,000,000 tested=0 found=0 n=207431919144511526953125 elapsed=2881s
progress: nodes=37,110,000,000 tested=0 found=0 n=524511954253611727734375 elapsed=2882s
progress: nodes=37,120,000,000 tested=0 found=0 n=538743525491760303515625 elapsed=2883s
progress: nodes=37,130,000,000 tested=0 found=0 n=240515052309910859765625 elapsed=2884s
progress: nodes=37,140,000,000 tested=0 found=0 n=473131472039303073046875 elapsed=2885s
progress: nodes=37,150,000,000 tested=0 found=0 n=402685387453131247265625 elapsed=2886s
progress: nodes=37,160,000,000 tested=0 found=0 n=448449167108347569140625 elapsed=2887s
progress: nodes=37,170,000,000 tested=0 found=0 n=278258389926956729296875 elapsed=2888s
progress: nodes=37,180,000,000 tested=0 found=0 n=248575254184026038671875 elapsed=2889s
progress: nodes=37,190,000,000 tested=0 found=0 n=783490382216901833203125 elapsed=2890s
progress: nodes=37,200,000,000 tested=0 found=0 n=877788155571928308984375 elapsed=2890s
progress: nodes=37,210,000,000 tested=0 found=0 n=992743369554912563671875 elapsed=2891s
progress: nodes=37,220,000,000 tested=0 found=0 n=899419538899915983984375 elapsed=2892s
progress: nodes=37,230,000,000 tested=0 found=0 n=754973372452510522265625 elapsed=2893s
progress: nodes=37,240,000,000 tested=0 found=0 n=216211260031324245703125 elapsed=2894s
progress: nodes=37,250,000,000 tested=0 found=0 n=265782755383996988671875 elapsed=2895s
progress: nodes=37,260,000,000 tested=0 found=0 n=905847110808611283984375 elapsed=2896s
progress: nodes=37,270,000,000 tested=0 found=0 n=921228516596548733203125 elapsed=2897s
progress: nodes=37,280,000,000 tested=0 found=0 n=444686455688994530859375 elapsed=2898s
progress: nodes=37,290,000,000 tested=0 found=0 n=762292890948352383984375 elapsed=2899s
progress: nodes=37,300,000,000 tested=0 found=0 n=510918063527126745703125 elapsed=2900s
progress: nodes=37,310,000,000 tested=0 found=0 n=252045247763780328515625 elapsed=2901s
progress: nodes=37,320,000,000 tested=0 found=0 n=308491681207517504296875 elapsed=2901s
progress: nodes=37,330,000,000 tested=0 found=0 n=206455858806258200390625 elapsed=2902s
progress: nodes=37,340,000,000 tested=0 found=0 n=518346981374617712109375 elapsed=2903s
progress: nodes=37,350,000,000 tested=0 found=0 n=469892698393610752734375 elapsed=2904s
progress: nodes=37,360,000,000 tested=0 found=0 n=899740417342123023046875 elapsed=2905s
progress: nodes=37,370,000,000 tested=0 found=0 n=355388717849920850390625 elapsed=2906s
progress: nodes=37,380,000,000 tested=0 found=0 n=810319964272351899609375 elapsed=2907s
progress: nodes=37,390,000,000 tested=0 found=0 n=446002279892841645703125 elapsed=2908s
progress: nodes=37,400,000,000 tested=0 found=0 n=276355321415676924609375 elapsed=2909s
progress: nodes=37,410,000,000 tested=0 found=0 n=108600186075116755078125 elapsed=2910s
progress: nodes=37,420,000,000 tested=0 found=0 n=465929694047835045703125 elapsed=2910s
progress: nodes=37,430,000,000 tested=0 found=0 n=373085902294847040234375 elapsed=2911s
progress: nodes=37,440,000,000 tested=0 found=0 n=308811707116545329296875 elapsed=2912s
progress: nodes=37,450,000,000 tested=0 found=0 n=805665658944406489453125 elapsed=2913s
progress: nodes=37,460,000,000 tested=0 found=0 n=174768416787140356640625 elapsed=2914s
progress: nodes=37,470,000,000 tested=0 found=0 n=364807371717445890234375 elapsed=2915s
progress: nodes=37,480,000,000 tested=0 found=0 n=303569007873079742578125 elapsed=2916s
progress: nodes=37,490,000,000 tested=0 found=0 n=830114435634688269140625 elapsed=2917s
progress: nodes=37,500,000,000 tested=0 found=0 n=557689162501056596484375 elapsed=2918s
progress: nodes=37,510,000,000 tested=0 found=0 n=991293939967083830859375 elapsed=2919s
progress: nodes=37,520,000,000 tested=0 found=0 n=900400440839590233984375 elapsed=2920s
progress: nodes=37,530,000,000 tested=0 found=0 n=532290517871725219921875 elapsed=2921s
progress: nodes=37,540,000,000 tested=0 found=0 n=377492167024601874609375 elapsed=2921s
progress: nodes=37,550,000,000 tested=0 found=0 n=345457262019199545703125 elapsed=2922s
progress: nodes=37,560,000,000 tested=0 found=0 n=257991138408214290234375 elapsed=2923s
progress: nodes=37,570,000,000 tested=0 found=0 n=225756768244135721484375 elapsed=2924s
progress: nodes=37,580,000,000 tested=0 found=0 n=285622445769157754296875 elapsed=2925s
progress: nodes=37,590,000,000 tested=0 found=0 n=407433600096091864453125 elapsed=2926s
progress: nodes=37,600,000,000 tested=0 found=0 n=221613398850139273828125 elapsed=2927s
progress: nodes=37,610,000,000 tested=0 found=0 n=397081975786739757421875 elapsed=2928s
progress: nodes=37,620,000,000 tested=0 found=0 n=250215253300538483203125 elapsed=2929s
progress: nodes=37,630,000,000 tested=0 found=0 n=194510971859705363671875 elapsed=2930s
progress: nodes=37,640,000,000 tested=0 found=0 n=979219076345415172265625 elapsed=2931s
progress: nodes=37,650,000,000 tested=0 found=0 n=463351606589424983203125 elapsed=2932s
progress: nodes=37,660,000,000 tested=0 found=0 n=861458921182041226171875 elapsed=2932s
progress: nodes=37,670,000,000 tested=0 found=0 n=832401673293535421484375 elapsed=2933s
progress: nodes=37,680,000,000 tested=0 found=0 n=700566011165002601953125 elapsed=2934s
progress: nodes=37,690,000,000 tested=0 found=0 n=474736824978268243359375 elapsed=2935s
progress: nodes=37,700,000,000 tested=0 found=0 n=344954324157678868359375 elapsed=2936s
progress: nodes=37,710,000,000 tested=0 found=0 n=200013611261660251171875 elapsed=2937s
progress: nodes=37,720,000,000 tested=0 found=0 n=392027271427156805859375 elapsed=2938s
progress: nodes=37,730,000,000 tested=0 found=0 n=690220093812930411328125 elapsed=2939s
progress: nodes=37,740,000,000 tested=0 found=0 n=258439959449026948828125 elapsed=2940s
progress: nodes=37,750,000,000 tested=0 found=0 n=255922281556669444921875 elapsed=2941s
progress: nodes=37,760,000,000 tested=0 found=0 n=248904756757760670703125 elapsed=2942s
progress: nodes=37,770,000,000 tested=0 found=0 n=214411797505279339453125 elapsed=2943s
progress: nodes=37,780,000,000 tested=0 found=0 n=217882071593376880078125 elapsed=2944s
progress: nodes=37,790,000,000 tested=0 found=0 n=501316559904189652734375 elapsed=2944s
progress: nodes=37,800,000,000 tested=0 found=0 n=918274226031213549609375 elapsed=2945s
progress: nodes=37,810,000,000 tested=0 found=0 n=677941283073221230078125 elapsed=2946s
progress: nodes=37,820,000,000 tested=0 found=0 n=914881778317613274609375 elapsed=2947s
progress: nodes=37,830,000,000 tested=0 found=0 n=721294091136623928515625 elapsed=2948s
progress: nodes=37,840,000,000 tested=0 found=0 n=511382534046755726953125 elapsed=2949s
progress: nodes=37,850,000,000 tested=0 found=0 n=415898742054575471484375 elapsed=2950s
progress: nodes=37,860,000,000 tested=0 found=0 n=875645851190905691015625 elapsed=2951s
progress: nodes=37,870,000,000 tested=0 found=0 n=384640275374958526171875 elapsed=2952s
progress: nodes=37,880,000,000 tested=0 found=0 n=61444755099453012890625 elapsed=2953s
progress: nodes=37,890,000,000 tested=0 found=0 n=108288370429182551953125 elapsed=2954s
progress: nodes=37,900,000,000 tested=0 found=0 n=383755847244958585546875 elapsed=2954s
progress: nodes=37,910,000,000 tested=0 found=0 n=389916106332636455859375 elapsed=2955s
progress: nodes=37,920,000,000 tested=0 found=0 n=192550493307585561328125 elapsed=2956s
progress: nodes=37,930,000,000 tested=0 found=0 n=665887157517795198046875 elapsed=2957s
progress: nodes=37,940,000,000 tested=0 found=0 n=797756313674989156640625 elapsed=2958s
progress: nodes=37,950,000,000 tested=0 found=0 n=449908524718741571484375 elapsed=2959s
progress: nodes=37,960,000,000 tested=0 found=0 n=305715571939623153515625 elapsed=2960s
progress: nodes=37,970,000,000 tested=0 found=0 n=701160232894997094140625 elapsed=2961s
progress: nodes=37,980,000,000 tested=0 found=0 n=977807136981429214453125 elapsed=2962s
progress: nodes=37,990,000,000 tested=0 found=0 n=415013455389700290234375 elapsed=2963s
progress: nodes=38,000,000,000 tested=0 found=0 n=423511294994881203515625 elapsed=2964s
progress: nodes=38,010,000,000 tested=0 found=0 n=472422574032185351953125 elapsed=2965s
progress: nodes=38,020,000,000 tested=0 found=0 n=479381583598998106640625 elapsed=2965s
progress: nodes=38,030,000,000 tested=0 found=0 n=303402404933695508203125 elapsed=2966s
progress: nodes=38,040,000,000 tested=0 found=0 n=675393372419356683984375 elapsed=2967s
progress: nodes=38,050,000,000 tested=0 found=0 n=496486842147405798046875 elapsed=2968s
progress: nodes=38,060,000,000 tested=0 found=0 n=321127877727923487890625 elapsed=2969s
progress: nodes=38,070,000,000 tested=0 found=0 n=241301572799568148828125 elapsed=2970s
progress: nodes=38,080,000,000 tested=0 found=0 n=600815193885156589453125 elapsed=2971s
progress: nodes=38,090,000,000 tested=0 found=0 n=387064935327777493359375 elapsed=2972s
progress: nodes=38,100,000,000 tested=0 found=0 n=760077535922299585546875 elapsed=2973s
progress: nodes=38,110,000,000 tested=0 found=0 n=447886215656923531640625 elapsed=2974s
progress: nodes=38,120,000,000 tested=0 found=0 n=778116102651795483984375 elapsed=2975s
progress: nodes=38,130,000,000 tested=0 found=0 n=247380711215799420703125 elapsed=2975s
progress: nodes=38,140,000,000 tested=0 found=0 n=257841902258168881640625 elapsed=2976s
progress: nodes=38,150,000,000 tested=0 found=0 n=535195029226390899609375 elapsed=2977s
progress: nodes=38,160,000,000 tested=0 found=0 n=309772039168025968359375 elapsed=2978s
progress: nodes=38,170,000,000 tested=0 found=0 n=495841524977730202734375 elapsed=2979s
progress: nodes=38,180,000,000 tested=0 found=0 n=346176560639915426953125 elapsed=2980s
progress: nodes=38,190,000,000 tested=0 found=0 n=217463862561121339453125 elapsed=2981s
progress: nodes=38,200,000,000 tested=0 found=0 n=298898724940203364453125 elapsed=2982s
progress: nodes=38,210,000,000 tested=0 found=0 n=268433065966859848828125 elapsed=2983s
progress: nodes=38,220,000,000 tested=0 found=0 n=918303337155449295703125 elapsed=2984s
progress: nodes=38,230,000,000 tested=0 found=0 n=637039894170612526171875 elapsed=2985s
progress: nodes=38,240,000,000 tested=0 found=0 n=838326630277748351953125 elapsed=2986s
progress: nodes=38,250,000,000 tested=0 found=0 n=483068232015265655859375 elapsed=2987s
progress: nodes=38,260,000,000 tested=0 found=0 n=487264622075654143359375 elapsed=2987s
progress: nodes=38,270,000,000 tested=0 found=0 n=834583430896993374609375 elapsed=2988s
progress: nodes=38,280,000,000 tested=0 found=0 n=556839264487946846484375 elapsed=2989s
progress: nodes=38,290,000,000 tested=0 found=0 n=633236016530093586328125 elapsed=2990s
progress: nodes=38,300,000,000 tested=0 found=0 n=449165945411066773828125 elapsed=2991s
progress: nodes=38,310,000,000 tested=0 found=0 n=274235649444801889453125 elapsed=2992s
progress: nodes=38,320,000,000 tested=0 found=0 n=332703794881256016796875 elapsed=2993s
progress: nodes=38,330,000,000 tested=0 found=0 n=137150465160712510546875 elapsed=2994s
progress: nodes=38,340,000,000 tested=0 found=0 n=250142324279972966015625 elapsed=2995s
progress: nodes=38,350,000,000 tested=0 found=0 n=314615408413000573828125 elapsed=2996s
progress: nodes=38,360,000,000 tested=0 found=0 n=845377310313224377734375 elapsed=2997s
progress: nodes=38,370,000,000 tested=0 found=0 n=681362325136387859765625 elapsed=2998s
progress: nodes=38,380,000,000 tested=0 found=0 n=689850239639451141796875 elapsed=2998s
progress: nodes=38,390,000,000 tested=0 found=0 n=852912486920995758984375 elapsed=2999s
progress: nodes=38,400,000,000 tested=0 found=0 n=754390406178607855078125 elapsed=3000s
progress: nodes=38,410,000,000 tested=0 found=0 n=628882562597197180078125 elapsed=3001s
progress: nodes=38,420,000,000 tested=0 found=0 n=261934627500043175390625 elapsed=3002s
progress: nodes=38,430,000,000 tested=0 found=0 n=316600610474428590234375 elapsed=3003s
progress: nodes=38,440,000,000 tested=0 found=0 n=418928941867537908984375 elapsed=3004s
progress: nodes=38,450,000,000 tested=0 found=0 n=259134059677511119921875 elapsed=3005s
progress: nodes=38,460,000,000 tested=0 found=0 n=576391378452072394921875 elapsed=3006s
progress: nodes=38,470,000,000 tested=0 found=0 n=248209332206804061328125 elapsed=3007s
progress: nodes=38,480,000,000 tested=0 found=0 n=439778963829164656640625 elapsed=3008s
progress: nodes=38,490,000,000 tested=0 found=0 n=315052910489414380078125 elapsed=3009s
progress: nodes=38,500,000,000 tested=0 found=0 n=255310914629560594921875 elapsed=3010s
progress: nodes=38,510,000,000 tested=0 found=0 n=928302586044941520703125 elapsed=3010s
progress: nodes=38,520,000,000 tested=0 found=0 n=708776177368454391796875 elapsed=3011s
progress: nodes=38,530,000,000 tested=0 found=0 n=959553364029673475390625 elapsed=3012s
progress: nodes=38,540,000,000 tested=0 found=0 n=515185513692657598828125 elapsed=3013s
progress: nodes=38,550,000,000 tested=0 found=0 n=325102534824303108984375 elapsed=3014s
progress: nodes=38,560,000,000 tested=0 found=0 n=580628776851675762890625 elapsed=3015s
progress: nodes=38,570,000,000 tested=0 found=0 n=698826235818887898046875 elapsed=3016s
progress: nodes=38,580,000,000 tested=0 found=0 n=582209226349211858203125 elapsed=3017s
progress: nodes=38,590,000,000 tested=0 found=0 n=420495862113519985546875 elapsed=3018s
progress: nodes=38,600,000,000 tested=0 found=0 n=257312903715724531640625 elapsed=3019s
progress: nodes=38,610,000,000 tested=0 found=0 n=349427112632466141796875 elapsed=3020s
progress: nodes=38,620,000,000 tested=0 found=0 n=353112585021647588671875 elapsed=3021s
progress: nodes=38,630,000,000 tested=0 found=0 n=159620279622385144921875 elapsed=3022s
progress: nodes=38,640,000,000 tested=0 found=0 n=280149974523073269140625 elapsed=3023s
progress: nodes=38,650,000,000 tested=0 found=0 n=456065143124046366796875 elapsed=3024s
progress: nodes=38,660,000,000 tested=0 found=0 n=787111373090198591015625 elapsed=3025s
progress: nodes=38,670,000,000 tested=0 found=0 n=840917217058558625390625 elapsed=3025s
progress: nodes=38,680,000,000 tested=0 found=0 n=514269737556584276953125 elapsed=3026s
progress: nodes=38,690,000,000 tested=0 found=0 n=296168016671676587109375 elapsed=3027s
progress: nodes=38,700,000,000 tested=0 found=0 n=895963228496071196484375 elapsed=3028s
progress: nodes=38,710,000,000 tested=0 found=0 n=189312750130892656640625 elapsed=3029s
progress: nodes=38,720,000,000 tested=0 found=0 n=500653099877094488671875 elapsed=3030s
progress: nodes=38,730,000,000 tested=0 found=0 n=476633576203411855078125 elapsed=3031s
progress: nodes=38,740,000,000 tested=0 found=0 n=834670981768495819921875 elapsed=3032s
progress: nodes=38,750,000,000 tested=0 found=0 n=178647671512070075390625 elapsed=3033s
progress: nodes=38,760,000,000 tested=0 found=0 n=157745214405772730859375 elapsed=3034s
progress: nodes=38,770,000,000 tested=0 found=0 n=264436346014087925390625 elapsed=3035s
progress: nodes=38,780,000,000 tested=0 found=0 n=278932303446203176171875 elapsed=3036s
progress: nodes=38,790,000,000 tested=0 found=0 n=705651576170991823828125 elapsed=3037s
progress: nodes=38,800,000,000 tested=0 found=0 n=924184022768877659765625 elapsed=3038s
progress: nodes=38,810,000,000 tested=0 found=0 n=459361821538115834765625 elapsed=3039s
progress: nodes=38,820,000,000 tested=0 found=0 n=800472326926284207421875 elapsed=3040s
progress: nodes=38,830,000,000 tested=0 found=0 n=181563429095563362890625 elapsed=3041s
progress: nodes=38,840,000,000 tested=0 found=0 n=756866921749116015234375 elapsed=3042s
progress: nodes=38,850,000,000 tested=0 found=0 n=365856215515055757421875 elapsed=3043s
progress: nodes=38,860,000,000 tested=0 found=0 n=270811869022304581640625 elapsed=3044s
progress: nodes=38,870,000,000 tested=0 found=0 n=376202027923652042578125 elapsed=3045s
progress: nodes=38,880,000,000 tested=0 found=0 n=441738977761903580859375 elapsed=3046s
progress: nodes=38,890,000,000 tested=0 found=0 n=175299677075785981640625 elapsed=3047s
progress: nodes=38,900,000,000 tested=0 found=0 n=156765634589564201953125 elapsed=3048s
progress: nodes=38,910,000,000 tested=0 found=0 n=248949755099764344140625 elapsed=3049s
progress: nodes=38,920,000,000 tested=0 found=0 n=942442148161272012890625 elapsed=3050s
progress: nodes=38,930,000,000 tested=0 found=0 n=882618443811193405078125 elapsed=3051s
progress: nodes=38,940,000,000 tested=0 found=0 n=363970365551405855859375 elapsed=3052s
progress: nodes=38,950,000,000 tested=0 found=0 n=794326979995959519140625 elapsed=3053s
progress: nodes=38,960,000,000 tested=0 found=0 n=659304794806203652734375 elapsed=3054s
progress: nodes=38,970,000,000 tested=0 found=0 n=590788128423522343359375 elapsed=3054s
progress: nodes=38,980,000,000 tested=0 found=0 n=499363322990126860546875 elapsed=3055s
progress: nodes=38,990,000,000 tested=0 found=0 n=419164177174518097265625 elapsed=3056s
progress: nodes=39,000,000,000 tested=0 found=0 n=304316568783382327734375 elapsed=3057s
progress: nodes=39,010,000,000 tested=0 found=0 n=764878784503421169140625 elapsed=3058s
progress: nodes=39,020,000,000 tested=0 found=0 n=351822053620381433203125 elapsed=3059s
progress: nodes=39,030,000,000 tested=0 found=0 n=120206065178225773828125 elapsed=3060s
progress: nodes=39,040,000,000 tested=0 found=0 n=308630662359596426953125 elapsed=3061s
progress: nodes=39,050,000,000 tested=0 found=0 n=245104322848151726953125 elapsed=3062s
progress: nodes=39,060,000,000 tested=0 found=0 n=740314179932830632421875 elapsed=3063s
progress: nodes=39,070,000,000 tested=0 found=0 n=437453376339203026171875 elapsed=3064s
progress: nodes=39,080,000,000 tested=0 found=0 n=897606002169393992578125 elapsed=3065s
progress: nodes=39,090,000,000 tested=0 found=0 n=318717590140041739453125 elapsed=3066s
progress: nodes=39,100,000,000 tested=0 found=0 n=595502742867623623828125 elapsed=3067s
progress: nodes=39,110,000,000 tested=0 found=0 n=550743113735633710546875 elapsed=3068s
progress: nodes=39,120,000,000 tested=0 found=0 n=301807002954596635546875 elapsed=3069s
progress: nodes=39,130,000,000 tested=0 found=0 n=274534618778780108203125 elapsed=3070s
progress: nodes=39,140,000,000 tested=0 found=0 n=297530075937676531640625 elapsed=3071s
progress: nodes=39,150,000,000 tested=0 found=0 n=387107201287049628515625 elapsed=3072s
progress: nodes=39,160,000,000 tested=0 found=0 n=335065366292075602734375 elapsed=3073s
progress: nodes=39,170,000,000 tested=0 found=0 n=351349458758789944921875 elapsed=3074s
progress: nodes=39,180,000,000 tested=0 found=0 n=103802690463898967578125 elapsed=3075s
progress: nodes=39,190,000,000 tested=0 found=0 n=957384016014875122265625 elapsed=3075s
progress: nodes=39,200,000,000 tested=0 found=0 n=926856689651778483984375 elapsed=3076s
progress: nodes=39,210,000,000 tested=0 found=0 n=908907011886363071484375 elapsed=3077s
progress: nodes=39,220,000,000 tested=0 found=0 n=281862029841161305078125 elapsed=3078s
progress: nodes=39,230,000,000 tested=0 found=0 n=288414201240592027734375 elapsed=3079s
progress: nodes=39,240,000,000 tested=0 found=0 n=404838479341419788671875 elapsed=3080s
progress: nodes=39,250,000,000 tested=0 found=0 n=928758507499530558984375 elapsed=3081s
progress: nodes=39,260,000,000 tested=0 found=0 n=498424915228425036328125 elapsed=3082s
progress: nodes=39,270,000,000 tested=0 found=0 n=842353091315074620703125 elapsed=3083s
progress: nodes=39,280,000,000 tested=0 found=0 n=339795356474470088671875 elapsed=3084s
progress: nodes=39,290,000,000 tested=0 found=0 n=501670363245352421484375 elapsed=3085s
progress: nodes=39,300,000,000 tested=0 found=0 n=436175469905531902734375 elapsed=3086s
progress: nodes=39,310,000,000 tested=0 found=0 n=332946583109387504296875 elapsed=3087s
progress: nodes=39,320,000,000 tested=0 found=0 n=988145363165570891015625 elapsed=3088s
progress: nodes=39,330,000,000 tested=0 found=0 n=931296120734638093359375 elapsed=3089s
progress: nodes=39,340,000,000 tested=0 found=0 n=926122490439935726953125 elapsed=3090s
progress: nodes=39,350,000,000 tested=0 found=0 n=867108787605801558984375 elapsed=3091s
progress: nodes=39,360,000,000 tested=0 found=0 n=700396391145876008203125 elapsed=3091s
progress: nodes=39,370,000,000 tested=0 found=0 n=635074159643673788671875 elapsed=3092s
progress: nodes=39,380,000,000 tested=0 found=0 n=172205051598583794140625 elapsed=3093s
progress: nodes=39,390,000,000 tested=0 found=0 n=298318080317263062890625 elapsed=3094s
progress: nodes=39,400,000,000 tested=0 found=0 n=351466133053165723828125 elapsed=3095s
progress: nodes=39,410,000,000 tested=0 found=0 n=273310869926972148046875 elapsed=3096s
progress: nodes=39,420,000,000 tested=0 found=0 n=376072733596203432421875 elapsed=3097s
progress: nodes=39,430,000,000 tested=0 found=0 n=80867619475082356640625 elapsed=3098s
progress: nodes=39,440,000,000 tested=0 found=0 n=71518834200642507421875 elapsed=3099s
progress: nodes=39,450,000,000 tested=0 found=0 n=317378332216703316796875 elapsed=3100s
progress: nodes=39,460,000,000 tested=0 found=0 n=952031352407847176953125 elapsed=3101s
progress: nodes=39,470,000,000 tested=0 found=0 n=938361674533081257421875 elapsed=3102s
progress: nodes=39,480,000,000 tested=0 found=0 n=423928564320234870703125 elapsed=3103s
progress: nodes=39,490,000,000 tested=0 found=0 n=136148096252798785546875 elapsed=3103s
progress: nodes=39,500,000,000 tested=0 found=0 n=679349040733935425390625 elapsed=3104s
progress: nodes=39,510,000,000 tested=0 found=0 n=348403204014965743359375 elapsed=3105s
progress: nodes=39,520,000,000 tested=0 found=0 n=239482715832906317578125 elapsed=3106s
progress: nodes=39,530,000,000 tested=0 found=0 n=422299226459894269921875 elapsed=3107s
progress: nodes=39,540,000,000 tested=0 found=0 n=824176296034478307421875 elapsed=3108s
progress: nodes=39,550,000,000 tested=0 found=0 n=292493779861474395703125 elapsed=3109s
progress: nodes=39,560,000,000 tested=0 found=0 n=516426955348415473828125 elapsed=3110s
progress: nodes=39,570,000,000 tested=0 found=0 n=134878830689409198046875 elapsed=3111s
progress: nodes=39,580,000,000 tested=0 found=0 n=295923833463224394140625 elapsed=3112s
progress: nodes=39,590,000,000 tested=0 found=0 n=557193715779096812109375 elapsed=3113s
progress: nodes=39,600,000,000 tested=0 found=0 n=316804895159230796484375 elapsed=3114s
progress: nodes=39,610,000,000 tested=0 found=0 n=795113100898463183203125 elapsed=3115s
progress: nodes=39,620,000,000 tested=0 found=0 n=452761586275430837109375 elapsed=3116s
progress: nodes=39,630,000,000 tested=0 found=0 n=665979879967746957421875 elapsed=3117s
progress: nodes=39,640,000,000 tested=0 found=0 n=733511036052407520703125 elapsed=3118s
progress: nodes=39,650,000,000 tested=0 found=0 n=528544999992210725390625 elapsed=3119s
progress: nodes=39,660,000,000 tested=0 found=0 n=74885266159309662890625 elapsed=3120s
progress: nodes=39,670,000,000 tested=0 found=0 n=319925732211510085546875 elapsed=3121s
progress: nodes=39,680,000,000 tested=0 found=0 n=689263745548939519921875 elapsed=3122s
progress: nodes=39,690,000,000 tested=0 found=0 n=221019764362756076953125 elapsed=3123s
progress: nodes=39,700,000,000 tested=0 found=0 n=232066650233420230078125 elapsed=3123s
progress: nodes=39,710,000,000 tested=0 found=0 n=998228983913088507421875 elapsed=3124s
progress: nodes=39,720,000,000 tested=0 found=0 n=592549289105715833203125 elapsed=3125s
progress: nodes=39,730,000,000 tested=0 found=0 n=958432444211377768359375 elapsed=3126s
progress: nodes=39,740,000,000 tested=0 found=0 n=374280278690553507421875 elapsed=3127s
progress: nodes=39,750,000,000 tested=0 found=0 n=756011744730053869921875 elapsed=3128s
progress: nodes=39,760,000,000 tested=0 found=0 n=504894867255501641015625 elapsed=3129s
progress: nodes=39,770,000,000 tested=0 found=0 n=212331210324453038671875 elapsed=3130s
progress: nodes=39,780,000,000 tested=0 found=0 n=418960535148387284765625 elapsed=3131s
progress: nodes=39,790,000,000 tested=0 found=0 n=703048415004128028515625 elapsed=3132s
progress: nodes=39,800,000,000 tested=0 found=0 n=348923239754733587109375 elapsed=3133s
progress: nodes=39,810,000,000 tested=0 found=0 n=309377604613624709765625 elapsed=3134s
progress: nodes=39,820,000,000 tested=0 found=0 n=164914351431390657421875 elapsed=3135s
progress: nodes=39,830,000,000 tested=0 found=0 n=276711072305184657421875 elapsed=3136s
progress: nodes=39,840,000,000 tested=0 found=0 n=756651205912879058203125 elapsed=3137s
progress: nodes=39,850,000,000 tested=0 found=0 n=275570239474620376171875 elapsed=3138s
progress: nodes=39,860,000,000 tested=0 found=0 n=626588640096355058203125 elapsed=3139s
progress: nodes=39,870,000,000 tested=0 found=0 n=850248514385652666796875 elapsed=3140s
progress: nodes=39,880,000,000 tested=0 found=0 n=570861120275821894921875 elapsed=3141s
progress: nodes=39,890,000,000 tested=0 found=0 n=949118331475690393359375 elapsed=3142s
progress: nodes=39,900,000,000 tested=0 found=0 n=453661930774635683203125 elapsed=3143s
progress: nodes=39,910,000,000 tested=0 found=0 n=259969424619183894140625 elapsed=3144s
progress: nodes=39,920,000,000 tested=0 found=0 n=378765728276060541796875 elapsed=3145s
progress: nodes=39,930,000,000 tested=0 found=0 n=373551668017886183203125 elapsed=3145s
progress: nodes=39,940,000,000 tested=0 found=0 n=338873539748400847265625 elapsed=3146s
progress: nodes=39,950,000,000 tested=0 found=0 n=173069675038311936328125 elapsed=3147s
progress: nodes=39,960,000,000 tested=0 found=0 n=282399062191674437109375 elapsed=3148s
progress: nodes=39,970,000,000 tested=0 found=0 n=870022567437470609765625 elapsed=3149s
progress: nodes=39,980,000,000 tested=0 found=0 n=925004912679867512109375 elapsed=3150s
progress: nodes=39,990,000,000 tested=0 found=0 n=618341360884606515234375 elapsed=3151s
progress: nodes=40,000,000,000 tested=0 found=0 n=684967248722748195703125 elapsed=3152s
progress: nodes=40,010,000,000 tested=0 found=0 n=304602442162725751171875 elapsed=3153s
progress: nodes=40,020,000,000 tested=0 found=0 n=484819445366913202734375 elapsed=3154s
progress: nodes=40,030,000,000 tested=0 found=0 n=282614124471031276171875 elapsed=3155s
progress: nodes=40,040,000,000 tested=0 found=0 n=348067658435203923046875 elapsed=3156s
progress: nodes=40,050,000,000 tested=0 found=0 n=705130368681048247265625 elapsed=3157s
progress: nodes=40,060,000,000 tested=0 found=0 n=758256990960943894921875 elapsed=3158s
progress: nodes=40,070,000,000 tested=0 found=0 n=470576832494545437890625 elapsed=3159s
progress: nodes=40,080,000,000 tested=0 found=0 n=275640898436997366796875 elapsed=3160s
progress: nodes=40,090,000,000 tested=0 found=0 n=577281721302486376171875 elapsed=3161s
progress: nodes=40,100,000,000 tested=0 found=0 n=394313004083591187890625 elapsed=3162s
progress: nodes=40,110,000,000 tested=0 found=0 n=510974865632020981640625 elapsed=3163s
progress: nodes=40,120,000,000 tested=0 found=0 n=544378850055628203515625 elapsed=3164s
progress: nodes=40,130,000,000 tested=0 found=0 n=410463846176285717578125 elapsed=3165s
progress: nodes=40,140,000,000 tested=0 found=0 n=157251757208256446484375 elapsed=3166s
progress: nodes=40,150,000,000 tested=0 found=0 n=863466772690597440234375 elapsed=3167s
progress: nodes=40,160,000,000 tested=0 found=0 n=773882274733011636328125 elapsed=3167s
progress: nodes=40,170,000,000 tested=0 found=0 n=463114867906756325390625 elapsed=3168s
progress: nodes=40,180,000,000 tested=0 found=0 n=190903196663175343359375 elapsed=3169s
progress: nodes=40,190,000,000 tested=0 found=0 n=212197726817531026171875 elapsed=3170s
progress: nodes=40,200,000,000 tested=0 found=0 n=220906169967713523046875 elapsed=3171s
progress: nodes=40,210,000,000 tested=0 found=0 n=664219654417448159765625 elapsed=3172s
progress: nodes=40,220,000,000 tested=0 found=0 n=995359833200109132421875 elapsed=3173s
progress: nodes=40,230,000,000 tested=0 found=0 n=488839453859202999609375 elapsed=3174s
progress: nodes=40,240,000,000 tested=0 found=0 n=595372886679679801171875 elapsed=3175s
progress: nodes=40,250,000,000 tested=0 found=0 n=487824608266625295703125 elapsed=3176s
progress: nodes=40,260,000,000 tested=0 found=0 n=548918553378831887109375 elapsed=3177s
progress: nodes=40,270,000,000 tested=0 found=0 n=390348278693553765234375 elapsed=3178s
progress: nodes=40,280,000,000 tested=0 found=0 n=560098431990123816796875 elapsed=3179s
progress: nodes=40,290,000,000 tested=0 found=0 n=310325895643333594921875 elapsed=3180s
progress: nodes=40,300,000,000 tested=0 found=0 n=303757186152199531640625 elapsed=3181s
progress: nodes=40,310,000,000 tested=0 found=0 n=231627479407689350390625 elapsed=3182s
progress: nodes=40,320,000,000 tested=0 found=0 n=235639115654114506640625 elapsed=3183s
progress: nodes=40,330,000,000 tested=0 found=0 n=270345550856725613671875 elapsed=3184s
progress: nodes=40,340,000,000 tested=0 found=0 n=308444049058424283984375 elapsed=3185s
progress: nodes=40,350,000,000 tested=0 found=0 n=128699460129438116015625 elapsed=3186s
progress: nodes=40,360,000,000 tested=0 found=0 n=879413031295289609765625 elapsed=3186s
progress: nodes=40,370,000,000 tested=0 found=0 n=323575652372206355859375 elapsed=3187s
progress: nodes=40,380,000,000 tested=0 found=0 n=249602488071562789453125 elapsed=3188s
progress: nodes=40,390,000,000 tested=0 found=0 n=375538367019703580859375 elapsed=3189s
progress: nodes=40,400,000,000 tested=0 found=0 n=670348344827926269140625 elapsed=3190s
progress: nodes=40,410,000,000 tested=0 found=0 n=186781249537751485546875 elapsed=3191s
progress: nodes=40,420,000,000 tested=0 found=0 n=106381613649218312109375 elapsed=3192s
progress: nodes=40,430,000,000 tested=0 found=0 n=256417111770693598828125 elapsed=3193s
progress: nodes=40,440,000,000 tested=0 found=0 n=387395706093846050390625 elapsed=3194s
progress: nodes=40,450,000,000 tested=0 found=0 n=833301164253878834765625 elapsed=3195s
progress: nodes=40,460,000,000 tested=0 found=0 n=407658315985086258984375 elapsed=3196s
progress: nodes=40,470,000,000 tested=0 found=0 n=580124220835958377734375 elapsed=3197s
progress: nodes=40,480,000,000 tested=0 found=0 n=332180687614041608203125 elapsed=3198s
progress: nodes=40,490,000,000 tested=0 found=0 n=360301833883687897265625 elapsed=3199s
progress: nodes=40,500,000,000 tested=0 found=0 n=710590695124195578515625 elapsed=3200s
progress: nodes=40,510,000,000 tested=0 found=0 n=236231507546672691796875 elapsed=3201s
progress: nodes=40,520,000,000 tested=0 found=0 n=229131439155483008203125 elapsed=3202s
progress: nodes=40,530,000,000 tested=0 found=0 n=141254934150894106640625 elapsed=3203s
progress: nodes=40,540,000,000 tested=0 found=0 n=463612163044894913671875 elapsed=3204s
progress: nodes=40,550,000,000 tested=0 found=0 n=819308624778980750390625 elapsed=3205s
progress: nodes=40,560,000,000 tested=0 found=0 n=488364343468287141796875 elapsed=3205s
progress: nodes=40,570,000,000 tested=0 found=0 n=437975111706074546484375 elapsed=3206s
progress: nodes=40,580,000,000 tested=0 found=0 n=695228257098532768359375 elapsed=3207s
progress: nodes=40,590,000,000 tested=0 found=0 n=378945821056383629296875 elapsed=3208s
progress: nodes=40,600,000,000 tested=0 found=0 n=441479421258815787890625 elapsed=3209s
progress: nodes=40,610,000,000 tested=0 found=0 n=70125582341607619921875 elapsed=3210s
progress: nodes=40,620,000,000 tested=0 found=0 n=135179897938376916796875 elapsed=3211s
progress: nodes=40,630,000,000 tested=0 found=0 n=172400319550808546484375 elapsed=3212s
progress: nodes=40,640,000,000 tested=0 found=0 n=337443288625788971484375 elapsed=3213s
progress: nodes=40,650,000,000 tested=0 found=0 n=675663467556520768359375 elapsed=3214s
progress: nodes=40,660,000,000 tested=0 found=0 n=268270561443084247265625 elapsed=3215s
progress: nodes=40,670,000,000 tested=0 found=0 n=170018417879625033984375 elapsed=3216s
progress: nodes=40,680,000,000 tested=0 found=0 n=73799604328376605078125 elapsed=3217s
progress: nodes=40,690,000,000 tested=0 found=0 n=332181742623697170703125 elapsed=3217s
progress: nodes=40,700,000,000 tested=0 found=0 n=114310802596641479296875 elapsed=3218s
progress: nodes=40,710,000,000 tested=0 found=0 n=342747317085415133203125 elapsed=3219s
progress: nodes=40,720,000,000 tested=0 found=0 n=104728548910958813671875 elapsed=3220s
progress: nodes=40,730,000,000 tested=0 found=0 n=224322794343394969921875 elapsed=3221s
progress: nodes=40,740,000,000 tested=0 found=0 n=774269259907710793359375 elapsed=3222s
progress: nodes=40,750,000,000 tested=0 found=0 n=456642731564646141796875 elapsed=3223s
progress: nodes=40,760,000,000 tested=0 found=0 n=175497762158688505078125 elapsed=3224s
progress: nodes=40,770,000,000 tested=0 found=0 n=328756017105676114453125 elapsed=3225s
progress: nodes=40,780,000,000 tested=0 found=0 n=556912032470129569921875 elapsed=3226s
progress: nodes=40,790,000,000 tested=0 found=0 n=348858650175917487890625 elapsed=3227s
progress: nodes=40,800,000,000 tested=0 found=0 n=254153501272872776953125 elapsed=3227s
progress: nodes=40,810,000,000 tested=0 found=0 n=106319910659426926171875 elapsed=3228s
progress: nodes=40,820,000,000 tested=0 found=0 n=285348179431952497265625 elapsed=3229s
progress: nodes=40,830,000,000 tested=0 found=0 n=902109693800366145703125 elapsed=3230s
progress: nodes=40,840,000,000 tested=0 found=0 n=772509875382756805078125 elapsed=3231s
progress: nodes=40,850,000,000 tested=0 found=0 n=174621992780041730859375 elapsed=3232s
progress: nodes=40,860,000,000 tested=0 found=0 n=370217147567361148828125 elapsed=3233s
progress: nodes=40,870,000,000 tested=0 found=0 n=253362639619130340234375 elapsed=3234s
progress: nodes=40,880,000,000 tested=0 found=0 n=245792729208311187890625 elapsed=3235s
progress: nodes=40,890,000,000 tested=0 found=0 n=286313189279512686328125 elapsed=3236s
progress: nodes=40,900,000,000 tested=0 found=0 n=301869956321263571484375 elapsed=3237s
progress: nodes=40,910,000,000 tested=0 found=0 n=195887348336775730078125 elapsed=3238s
progress: nodes=40,920,000,000 tested=0 found=0 n=453860641477563387890625 elapsed=3238s
progress: nodes=40,930,000,000 tested=0 found=0 n=425817946685957473828125 elapsed=3239s
progress: nodes=40,940,000,000 tested=0 found=0 n=344072269044639776953125 elapsed=3240s
progress: nodes=40,950,000,000 tested=0 found=0 n=303051081332973948046875 elapsed=3241s
progress: nodes=40,960,000,000 tested=0 found=0 n=355864147231707172265625 elapsed=3242s
progress: nodes=40,970,000,000 tested=0 found=0 n=273401328651298147265625 elapsed=3243s
progress: nodes=40,980,000,000 tested=0 found=0 n=700824832640025366796875 elapsed=3244s
progress: nodes=40,990,000,000 tested=0 found=0 n=331177781889282371484375 elapsed=3245s
progress: nodes=41,000,000,000 tested=0 found=0 n=219180844705660161328125 elapsed=3246s
progress: nodes=41,010,000,000 tested=0 found=0 n=575671340954174347265625 elapsed=3247s
progress: nodes=41,020,000,000 tested=0 found=0 n=445019679855099305859375 elapsed=3248s
progress: nodes=41,030,000,000 tested=0 found=0 n=160658264972626948828125 elapsed=3248s
progress: nodes=41,040,000,000 tested=0 found=0 n=422324170143737980078125 elapsed=3249s
progress: nodes=41,050,000,000 tested=0 found=0 n=249178214342111445703125 elapsed=3250s
progress: nodes=41,060,000,000 tested=0 found=0 n=715958559369656019140625 elapsed=3251s
progress: nodes=41,070,000,000 tested=0 found=0 n=204261021056493959765625 elapsed=3252s
progress: nodes=41,080,000,000 tested=0 found=0 n=124281600542459082421875 elapsed=3253s
progress: nodes=41,090,000,000 tested=0 found=0 n=788864455065439641796875 elapsed=3254s
progress: nodes=41,100,000,000 tested=0 found=0 n=456507597329592148828125 elapsed=3255s
progress: nodes=41,110,000,000 tested=0 found=0 n=399939492090580625390625 elapsed=3256s
progress: nodes=41,120,000,000 tested=0 found=0 n=208769613182003633203125 elapsed=3257s
progress: nodes=41,130,000,000 tested=0 found=0 n=327071982985013745703125 elapsed=3258s
progress: nodes=41,140,000,000 tested=0 found=0 n=196123409459484001171875 elapsed=3259s
progress: nodes=41,150,000,000 tested=0 found=0 n=343145823050452215234375 elapsed=3259s
progress: nodes=41,160,000,000 tested=0 found=0 n=115884100041160004296875 elapsed=3260s
progress: nodes=41,170,000,000 tested=0 found=0 n=300162967881399601171875 elapsed=3261s
progress: nodes=41,180,000,000 tested=0 found=0 n=211012384256228014453125 elapsed=3262s
progress: nodes=41,190,000,000 tested=0 found=0 n=233470080660989506640625 elapsed=3263s
progress: nodes=41,200,000,000 tested=0 found=0 n=853220183822306708203125 elapsed=3264s
progress: nodes=41,210,000,000 tested=0 found=0 n=119506268481153584765625 elapsed=3265s
progress: nodes=41,220,000,000 tested=0 found=0 n=216778526276989707421875 elapsed=3266s
progress: nodes=41,230,000,000 tested=0 found=0 n=710871915485206367578125 elapsed=3267s
progress: nodes=41,240,000,000 tested=0 found=0 n=155009059718245076953125 elapsed=3268s
progress: nodes=41,250,000,000 tested=0 found=0 n=636103502317262344921875 elapsed=3268s
progress: nodes=41,260,000,000 tested=0 found=0 n=248320736382608110546875 elapsed=3269s
progress: nodes=41,270,000,000 tested=0 found=0 n=488720580498588912890625 elapsed=3270s
progress: nodes=41,280,000,000 tested=0 found=0 n=176206061676125366015625 elapsed=3271s
progress: nodes=41,290,000,000 tested=0 found=0 n=741002339344186824609375 elapsed=3272s
progress: nodes=41,300,000,000 tested=0 found=0 n=294475905638125006640625 elapsed=3273s
progress: nodes=41,310,000,000 tested=0 found=0 n=43554075177729483984375 elapsed=3274s
progress: nodes=41,320,000,000 tested=0 found=0 n=237294942399114922265625 elapsed=3275s
progress: nodes=41,330,000,000 tested=0 found=0 n=230227325011267301953125 elapsed=3276s
progress: nodes=41,340,000,000 tested=0 found=0 n=810597338431313902734375 elapsed=3277s
progress: nodes=41,350,000,000 tested=0 found=0 n=594772687358718760546875 elapsed=3278s
progress: nodes=41,360,000,000 tested=0 found=0 n=317178602478522558984375 elapsed=3279s
progress: nodes=41,370,000,000 tested=0 found=0 n=386922346036929952734375 elapsed=3279s
progress: nodes=41,380,000,000 tested=0 found=0 n=279710086056998966015625 elapsed=3280s
progress: nodes=41,390,000,000 tested=0 found=0 n=88290008731305137109375 elapsed=3281s
progress: nodes=41,400,000,000 tested=0 found=0 n=253378205234161773046875 elapsed=3282s
progress: nodes=41,410,000,000 tested=0 found=0 n=460020514546486536328125 elapsed=3283s
progress: nodes=41,420,000,000 tested=0 found=0 n=450625137800976819140625 elapsed=3284s
progress: nodes=41,430,000,000 tested=0 found=0 n=160174987016309370703125 elapsed=3285s
progress: nodes=41,440,000,000 tested=0 found=0 n=209711005347002066015625 elapsed=3286s
progress: nodes=41,450,000,000 tested=0 found=0 n=902432562041642684765625 elapsed=3287s
progress: nodes=41,460,000,000 tested=0 found=0 n=194183182674507610546875 elapsed=3288s
progress: nodes=41,470,000,000 tested=0 found=0 n=170143332216292346484375 elapsed=3288s
progress: nodes=41,480,000,000 tested=0 found=0 n=311273761289620503515625 elapsed=3289s
progress: nodes=41,490,000,000 tested=0 found=0 n=324723165418717737890625 elapsed=3290s
progress: nodes=41,500,000,000 tested=0 found=0 n=326847819482775769921875 elapsed=3291s
progress: nodes=41,510,000,000 tested=0 found=0 n=833385488542802159765625 elapsed=3292s
progress: nodes=41,520,000,000 tested=0 found=0 n=286233833532210106640625 elapsed=3293s
progress: nodes=41,530,000,000 tested=0 found=0 n=253106468630147640234375 elapsed=3294s
progress: nodes=41,540,000,000 tested=0 found=0 n=143654842013313687890625 elapsed=3295s
progress: nodes=41,550,000,000 tested=0 found=0 n=485146190630508373828125 elapsed=3296s
progress: nodes=41,560,000,000 tested=0 found=0 n=467530918939130874609375 elapsed=3297s
progress: nodes=41,570,000,000 tested=0 found=0 n=160929473312029756640625 elapsed=3298s
progress: nodes=41,580,000,000 tested=0 found=0 n=515457021634284455859375 elapsed=3298s
progress: nodes=41,590,000,000 tested=0 found=0 n=239179440465510148828125 elapsed=3299s
progress: nodes=41,600,000,000 tested=0 found=0 n=684963237810057718359375 elapsed=3300s
progress: nodes=41,610,000,000 tested=0 found=0 n=145634079500409547265625 elapsed=3301s
progress: nodes=41,620,000,000 tested=0 found=0 n=492970993417415816015625 elapsed=3302s
progress: nodes=41,630,000,000 tested=0 found=0 n=373293835851534507421875 elapsed=3303s
progress: nodes=41,640,000,000 tested=0 found=0 n=288090208511664577734375 elapsed=3304s
progress: nodes=41,650,000,000 tested=0 found=0 n=847738338207001583203125 elapsed=3305s
progress: nodes=41,660,000,000 tested=0 found=0 n=165334649765434991015625 elapsed=3306s
progress: nodes=41,670,000,000 tested=0 found=0 n=167890736975800665234375 elapsed=3306s
progress: nodes=41,680,000,000 tested=0 found=0 n=239101872600125351953125 elapsed=3307s
progress: nodes=41,690,000,000 tested=0 found=0 n=381339684816434476171875 elapsed=3308s
progress: nodes=41,700,000,000 tested=0 found=0 n=319567723278458544140625 elapsed=3309s
progress: nodes=41,710,000,000 tested=0 found=0 n=239160997162803104296875 elapsed=3310s
progress: nodes=41,720,000,000 tested=0 found=0 n=538515792652014207421875 elapsed=3311s
progress: nodes=41,730,000,000 tested=0 found=0 n=88607452443006350390625 elapsed=3312s
progress: nodes=41,740,000,000 tested=0 found=0 n=122522034060328018359375 elapsed=3313s
progress: nodes=41,750,000,000 tested=0 found=0 n=306896186315317461328125 elapsed=3314s
progress: nodes=41,760,000,000 tested=0 found=0 n=37384902730712109375 elapsed=3315s
progress: nodes=41,770,000,000 tested=0 found=0 n=164896945836590640234375 elapsed=3316s
progress: nodes=41,780,000,000 tested=0 found=0 n=497918105584601122265625 elapsed=3316s
progress: nodes=41,790,000,000 tested=0 found=0 n=586691932608310637109375 elapsed=3317s
progress: nodes=41,800,000,000 tested=0 found=0 n=180140202845194826953125 elapsed=3318s
progress: nodes=41,810,000,000 tested=0 found=0 n=146213739064583862890625 elapsed=3319s
progress: nodes=41,820,000,000 tested=0 found=0 n=276585443597871980859375 elapsed=3320s
progress: nodes=41,830,000,000 tested=0 found=0 n=265241279923117794140625 elapsed=3321s
progress: nodes=41,840,000,000 tested=0 found=0 n=684186369044327363671875 elapsed=3322s
progress: nodes=41,850,000,000 tested=0 found=0 n=839003789546261096484375 elapsed=3323s
progress: nodes=41,860,000,000 tested=0 found=0 n=294546662620031984765625 elapsed=3324s
progress: nodes=41,870,000,000 tested=0 found=0 n=223333717271119266796875 elapsed=3324s
progress: nodes=41,880,000,000 tested=0 found=0 n=152596287053861023828125 elapsed=3325s
progress: nodes=41,890,000,000 tested=0 found=0 n=434427406879796201953125 elapsed=3326s
progress: nodes=41,900,000,000 tested=0 found=0 n=252363912556109101171875 elapsed=3327s
progress: nodes=41,910,000,000 tested=0 found=0 n=239235369221985894140625 elapsed=3328s
progress: nodes=41,920,000,000 tested=0 found=0 n=55182095623184797265625 elapsed=3329s
progress: nodes=41,930,000,000 tested=0 found=0 n=229814618560847680078125 elapsed=3330s
progress: nodes=41,940,000,000 tested=0 found=0 n=827859985339030217578125 elapsed=3331s
progress: nodes=41,950,000,000 tested=0 found=0 n=945826448122161207421875 elapsed=3332s
progress: nodes=41,960,000,000 tested=0 found=0 n=374386851337833249609375 elapsed=3333s
progress: nodes=41,970,000,000 tested=0 found=0 n=112629424983849172265625 elapsed=3333s
progress: nodes=41,980,000,000 tested=0 found=0 n=298404258498776886328125 elapsed=3334s
progress: nodes=41,990,000,000 tested=0 found=0 n=214433270029743690234375 elapsed=3335s
progress: nodes=42,000,000,000 tested=0 found=0 n=274178567548940136328125 elapsed=3336s
progress: nodes=42,010,000,000 tested=0 found=0 n=372712472239653059765625 elapsed=3337s
progress: nodes=42,020,000,000 tested=0 found=0 n=114107279994641780859375 elapsed=3338s
progress: nodes=42,030,000,000 tested=0 found=0 n=244241986955235057421875 elapsed=3339s
progress: nodes=42,040,000,000 tested=0 found=0 n=171085040559249106640625 elapsed=3340s
progress: nodes=42,050,000,000 tested=0 found=0 n=219348461149135583203125 elapsed=3341s
progress: nodes=42,060,000,000 tested=0 found=0 n=288603018810668963671875 elapsed=3342s
progress: nodes=42,070,000,000 tested=0 found=0 n=555750943447205562890625 elapsed=3343s
progress: nodes=42,080,000,000 tested=0 found=0 n=326968312162437812109375 elapsed=3344s
progress: nodes=42,090,000,000 tested=0 found=0 n=754272921668373073828125 elapsed=3345s
progress: nodes=42,100,000,000 tested=0 found=0 n=225061815964829417578125 elapsed=3346s
progress: nodes=42,110,000,000 tested=0 found=0 n=449506786924504044140625 elapsed=3347s
progress: nodes=42,120,000,000 tested=0 found=0 n=593038055676850562109375 elapsed=3348s
progress: nodes=42,130,000,000 tested=0 found=0 n=89496102379352741015625 elapsed=3349s
progress: nodes=42,140,000,000 tested=0 found=0 n=841336864024256054296875 elapsed=3349s
progress: nodes=42,150,000,000 tested=0 found=0 n=141886497014764618359375 elapsed=3350s
progress: nodes=42,160,000,000 tested=0 found=0 n=236200348859802718359375 elapsed=3351s
progress: nodes=42,170,000,000 tested=0 found=0 n=225200717704537639453125 elapsed=3352s
progress: nodes=42,180,000,000 tested=0 found=0 n=292256067665302112109375 elapsed=3353s
progress: nodes=42,190,000,000 tested=0 found=0 n=233767862161639871484375 elapsed=3354s
progress: nodes=42,200,000,000 tested=0 found=0 n=88351354211061343359375 elapsed=3355s
progress: nodes=42,210,000,000 tested=0 found=0 n=157203705726467954296875 elapsed=3356s
progress: nodes=42,220,000,000 tested=0 found=0 n=416554317426556430859375 elapsed=3357s
progress: nodes=42,230,000,000 tested=0 found=0 n=132474745553479273828125 elapsed=3358s
progress: nodes=42,240,000,000 tested=0 found=0 n=140791156251604688671875 elapsed=3359s
progress: nodes=42,250,000,000 tested=0 found=0 n=222954929624924307421875 elapsed=3360s
progress: nodes=42,260,000,000 tested=0 found=0 n=577655465862842258203125 elapsed=3360s
progress: nodes=42,270,000,000 tested=0 found=0 n=328642329791762082421875 elapsed=3361s
progress: nodes=42,280,000,000 tested=0 found=0 n=120431484587891387109375 elapsed=3362s
progress: nodes=42,290,000,000 tested=0 found=0 n=24302997412147265625 elapsed=3363s
progress: nodes=42,300,000,000 tested=0 found=0 n=197941169765042124609375 elapsed=3364s
progress: nodes=42,310,000,000 tested=0 found=0 n=404214129028845312890625 elapsed=3365s
progress: nodes=42,320,000,000 tested=0 found=0 n=308932896533650266796875 elapsed=3366s
progress: nodes=42,330,000,000 tested=0 found=0 n=222509168895570394921875 elapsed=3367s
progress: nodes=42,340,000,000 tested=0 found=0 n=245174915031258905859375 elapsed=3368s
progress: nodes=42,350,000,000 tested=0 found=0 n=227228220798783458203125 elapsed=3369s
progress: nodes=42,360,000,000 tested=0 found=0 n=172968043473547871484375 elapsed=3370s
progress: nodes=42,370,000,000 tested=0 found=0 n=999076470605905918359375 elapsed=3371s
progress: nodes=42,380,000,000 tested=0 found=0 n=208460609000033916796875 elapsed=3371s
progress: nodes=42,390,000,000 tested=0 found=0 n=236503320546790030078125 elapsed=3372s
progress: nodes=42,400,000,000 tested=0 found=0 n=239973732779794316015625 elapsed=3373s
progress: nodes=42,410,000,000 tested=0 found=0 n=248452345552801151953125 elapsed=3374s
progress: nodes=42,420,000,000 tested=0 found=0 n=489530457703566945703125 elapsed=3375s
progress: nodes=42,430,000,000 tested=0 found=0 n=147188967630604414453125 elapsed=3376s
progress: nodes=42,440,000,000 tested=0 found=0 n=194354352307137941015625 elapsed=3377s
progress: nodes=42,450,000,000 tested=0 found=0 n=188665139601238278515625 elapsed=3378s
progress: nodes=42,460,000,000 tested=0 found=0 n=82562668834306250390625 elapsed=3379s
progress: nodes=42,470,000,000 tested=0 found=0 n=204711195428691690234375 elapsed=3379s
progress: nodes=42,480,000,000 tested=0 found=0 n=203225181418812905859375 elapsed=3380s
progress: nodes=42,490,000,000 tested=0 found=0 n=79277494218909641015625 elapsed=3381s
progress: nodes=42,500,000,000 tested=0 found=0 n=67221900553940356640625 elapsed=3382s
progress: nodes=42,510,000,000 tested=0 found=0 n=769102789100728848046875 elapsed=3383s
progress: nodes=42,520,000,000 tested=0 found=0 n=155560691328601285546875 elapsed=3384s
progress: nodes=42,530,000,000 tested=0 found=0 n=825679064848823405859375 elapsed=3385s
progress: nodes=42,540,000,000 tested=0 found=0 n=261224023182184901953125 elapsed=3386s
progress: nodes=42,550,000,000 tested=0 found=0 n=224435399104133623828125 elapsed=3387s
progress: nodes=42,560,000,000 tested=0 found=0 n=108060487071521776171875 elapsed=3388s
progress: nodes=42,570,000,000 tested=0 found=0 n=130220916212981640234375 elapsed=3389s
progress: nodes=42,580,000,000 tested=0 found=0 n=214314953620080933984375 elapsed=3389s
progress: nodes=42,590,000,000 tested=0 found=0 n=436218032837213124609375 elapsed=3390s
progress: nodes=42,600,000,000 tested=0 found=0 n=160520112716112973828125 elapsed=3391s
progress: nodes=42,610,000,000 tested=0 found=0 n=621498095319618812109375 elapsed=3392s
progress: nodes=42,620,000,000 tested=0 found=0 n=142182355914290084765625 elapsed=3393s
progress: nodes=42,630,000,000 tested=0 found=0 n=148703128622065346484375 elapsed=3394s
progress: nodes=42,640,000,000 tested=0 found=0 n=184036708143629047265625 elapsed=3395s
progress: nodes=42,650,000,000 tested=0 found=0 n=163242583991848620703125 elapsed=3396s
progress: nodes=42,660,000,000 tested=0 found=0 n=149248811335343839453125 elapsed=3396s
progress: nodes=42,670,000,000 tested=0 found=0 n=211277310011741879296875 elapsed=3397s
progress: nodes=42,680,000,000 tested=0 found=0 n=443765556883166164453125 elapsed=3398s
progress: nodes=42,690,000,000 tested=0 found=0 n=77157567402937737890625 elapsed=3399s
progress: nodes=42,700,000,000 tested=0 found=0 n=907461527394094548046875 elapsed=3400s
progress: nodes=42,710,000,000 tested=0 found=0 n=111910101403734601171875 elapsed=3401s
progress: nodes=42,720,000,000 tested=0 found=0 n=274016408595083433984375 elapsed=3402s
progress: nodes=42,730,000,000 tested=0 found=0 n=191728396541312644921875 elapsed=3403s
progress: nodes=42,740,000,000 tested=0 found=0 n=126575827151429893359375 elapsed=3404s
progress: nodes=42,750,000,000 tested=0 found=0 n=205449582459886449609375 elapsed=3405s
progress: nodes=42,760,000,000 tested=0 found=0 n=254960489650116048046875 elapsed=3405s
progress: nodes=42,770,000,000 tested=0 found=0 n=393198471055432930078125 elapsed=3406s
progress: nodes=42,780,000,000 tested=0 found=0 n=160922585062884575390625 elapsed=3407s
progress: nodes=42,790,000,000 tested=0 found=0 n=149274719887793298046875 elapsed=3408s
progress: nodes=42,800,000,000 tested=0 found=0 n=374929887893118718359375 elapsed=3409s
progress: nodes=42,810,000,000 tested=0 found=0 n=201411466960822864453125 elapsed=3410s
progress: nodes=42,820,000,000 tested=0 found=0 n=195031062843587166796875 elapsed=3411s
progress: nodes=42,830,000,000 tested=0 found=0 n=38015255546718669140625 elapsed=3411s
progress: nodes=42,840,000,000 tested=0 found=0 n=123033415778469783984375 elapsed=3412s
progress: nodes=42,850,000,000 tested=0 found=0 n=55089530551936430859375 elapsed=3413s
progress: nodes=42,860,000,000 tested=0 found=0 n=645112130226488370703125 elapsed=3414s
progress: nodes=42,870,000,000 tested=0 found=0 n=65307496775787066796875 elapsed=3415s
progress: nodes=42,880,000,000 tested=0 found=0 n=226764804061337966015625 elapsed=3416s
progress: nodes=42,890,000,000 tested=0 found=0 n=67900052821885337109375 elapsed=3417s
progress: nodes=42,900,000,000 tested=0 found=0 n=192564421970072973046875 elapsed=3417s
progress: nodes=42,910,000,000 tested=0 found=0 n=270727477823150300390625 elapsed=3418s
progress: nodes=42,920,000,000 tested=0 found=0 n=214838226275936909765625 elapsed=3419s
progress: nodes=42,930,000,000 tested=0 found=0 n=59544183346754016796875 elapsed=3420s
progress: nodes=42,940,000,000 tested=0 found=0 n=926070019263453139453125 elapsed=3421s
progress: nodes=42,950,000,000 tested=0 found=0 n=150716940080831166796875 elapsed=3422s
progress: nodes=42,960,000,000 tested=0 found=0 n=156252834712475363671875 elapsed=3423s
progress: nodes=42,970,000,000 tested=0 found=0 n=723100174769722573828125 elapsed=3423s
progress: nodes=42,980,000,000 tested=0 found=0 n=194960477904994170703125 elapsed=3424s
progress: nodes=42,990,000,000 tested=0 found=0 n=201991258851914851171875 elapsed=3425s
progress: nodes=43,000,000,000 tested=0 found=0 n=319648270733048928515625 elapsed=3426s
progress: nodes=43,010,000,000 tested=0 found=0 n=228308867309029018359375 elapsed=3427s
progress: nodes=43,020,000,000 tested=0 found=0 n=135090529885004860546875 elapsed=3428s
progress: nodes=43,030,000,000 tested=0 found=0 n=125459533138791160546875 elapsed=3429s
progress: nodes=43,040,000,000 tested=0 found=0 n=96890572687755863671875 elapsed=3430s
progress: nodes=43,050,000,000 tested=0 found=0 n=178288929105582835546875 elapsed=3430s
progress: nodes=43,060,000,000 tested=0 found=0 n=148546784016037958203125 elapsed=3431s
progress: nodes=43,070,000,000 tested=0 found=0 n=99298445598465880078125 elapsed=3432s
progress: nodes=43,080,000,000 tested=0 found=0 n=159662092781459000390625 elapsed=3433s
progress: nodes=43,090,000,000 tested=0 found=0 n=242496133134445149609375 elapsed=3434s
progress: nodes=43,100,000,000 tested=0 found=0 n=183483134150301910546875 elapsed=3435s
progress: nodes=43,110,000,000 tested=0 found=0 n=167466824400271777734375 elapsed=3436s
progress: nodes=43,120,000,000 tested=0 found=0 n=117475026676078229296875 elapsed=3436s
progress: nodes=43,130,000,000 tested=0 found=0 n=228864158103606648046875 elapsed=3437s
progress: nodes=43,140,000,000 tested=0 found=0 n=140794501872664135546875 elapsed=3438s
progress: nodes=43,150,000,000 tested=0 found=0 n=273431050821986101171875 elapsed=3439s
progress: nodes=43,160,000,000 tested=0 found=0 n=252012779944152162890625 elapsed=3440s
progress: nodes=43,170,000,000 tested=0 found=0 n=272688597124054301953125 elapsed=3441s
progress: nodes=43,180,000,000 tested=0 found=0 n=149561858212746542578125 elapsed=3442s
progress: nodes=43,190,000,000 tested=0 found=0 n=740719911822213455859375 elapsed=3443s
progress: nodes=43,200,000,000 tested=0 found=0 n=225592845956464580859375 elapsed=3444s
progress: nodes=43,210,000,000 tested=0 found=0 n=102606794684236051171875 elapsed=3445s
progress: nodes=43,220,000,000 tested=0 found=0 n=56857251809655348046875 elapsed=3446s
progress: nodes=43,230,000,000 tested=0 found=0 n=119178645299903049609375 elapsed=3447s
progress: nodes=43,240,000,000 tested=0 found=0 n=302207676363049475390625 elapsed=3447s
progress: nodes=43,250,000,000 tested=0 found=0 n=871173613469855141015625 elapsed=3448s
progress: nodes=43,260,000,000 tested=0 found=0 n=190848229219531008984375 elapsed=3449s
progress: nodes=43,270,000,000 tested=0 found=0 n=129551109043059734765625 elapsed=3450s
progress: nodes=43,280,000,000 tested=0 found=0 n=281585335961149055859375 elapsed=3451s
progress: nodes=43,290,000,000 tested=0 found=0 n=210047430505663768359375 elapsed=3452s
progress: nodes=43,300,000,000 tested=0 found=0 n=132599163732911223046875 elapsed=3453s
progress: nodes=43,310,000,000 tested=0 found=0 n=120740824405088469140625 elapsed=3454s
progress: nodes=43,320,000,000 tested=0 found=0 n=139574287789669747265625 elapsed=3455s
progress: nodes=43,330,000,000 tested=0 found=0 n=226870953067727061328125 elapsed=3456s
progress: nodes=43,340,000,000 tested=0 found=0 n=241142611090831737890625 elapsed=3457s
progress: nodes=43,350,000,000 tested=0 found=0 n=172034046466086195703125 elapsed=3458s
progress: nodes=43,360,000,000 tested=0 found=0 n=166821553635027676171875 elapsed=3459s
progress: nodes=43,370,000,000 tested=0 found=0 n=251447490130451832421875 elapsed=3460s
progress: nodes=43,380,000,000 tested=0 found=0 n=209051474875768451953125 elapsed=3461s
progress: nodes=43,390,000,000 tested=0 found=0 n=178973213505538791796875 elapsed=3462s
progress: nodes=43,400,000,000 tested=0 found=0 n=161642827529704473046875 elapsed=3463s
progress: nodes=43,410,000,000 tested=0 found=0 n=269759630005987700390625 elapsed=3464s
progress: nodes=43,420,000,000 tested=0 found=0 n=125456947066375379296875 elapsed=3465s
progress: nodes=43,430,000,000 tested=0 found=0 n=171722716069659317578125 elapsed=3466s
progress: nodes=43,440,000,000 tested=0 found=0 n=198435038059048299609375 elapsed=3467s
progress: nodes=43,450,000,000 tested=0 found=0 n=201302297797344472265625 elapsed=3468s
progress: nodes=43,460,000,000 tested=0 found=0 n=140476319405967870703125 elapsed=3469s
progress: nodes=43,470,000,000 tested=0 found=0 n=164567411912169530859375 elapsed=3470s
progress: nodes=43,480,000,000 tested=0 found=0 n=214689384365934624609375 elapsed=3471s
progress: nodes=43,490,000,000 tested=0 found=0 n=197816802552847641796875 elapsed=3472s
progress: nodes=43,500,000,000 tested=0 found=0 n=97719179024623419140625 elapsed=3472s
progress: nodes=43,510,000,000 tested=0 found=0 n=179751152811104054296875 elapsed=3473s
progress: nodes=43,520,000,000 tested=0 found=0 n=127554976693694253515625 elapsed=3474s
progress: nodes=43,530,000,000 tested=0 found=0 n=187331566976250352734375 elapsed=3475s
progress: nodes=43,540,000,000 tested=0 found=0 n=173007841771468030078125 elapsed=3476s
progress: nodes=43,550,000,000 tested=0 found=0 n=128880200634418444921875 elapsed=3477s
progress: nodes=43,560,000,000 tested=0 found=0 n=108327121149264844921875 elapsed=3478s
progress: nodes=43,570,000,000 tested=0 found=0 n=175938497217031841015625 elapsed=3479s
progress: nodes=43,580,000,000 tested=0 found=0 n=186733898141505605859375 elapsed=3480s
progress: nodes=43,590,000,000 tested=0 found=0 n=176697433366936878515625 elapsed=3481s
progress: nodes=43,600,000,000 tested=0 found=0 n=970972247468035093359375 elapsed=3482s
progress: nodes=43,610,000,000 tested=0 found=0 n=344628975831419541796875 elapsed=3482s
progress: nodes=43,620,000,000 tested=0 found=0 n=771520774778262467578125 elapsed=3483s
progress: nodes=43,630,000,000 tested=0 found=0 n=821828462417790106640625 elapsed=3483s
progress: nodes=43,640,000,000 tested=0 found=0 n=750198878160131387109375 elapsed=3484s
progress: nodes=43,650,000,000 tested=0 found=0 n=234675622744295480859375 elapsed=3484s
progress: nodes=43,660,000,000 tested=0 found=0 n=55229951698467781640625 elapsed=3485s
progress: nodes=43,670,000,000 tested=0 found=0 n=238630492283390096484375 elapsed=3485s
progress: nodes=43,680,000,000 tested=0 found=0 n=74716720121588776171875 elapsed=3486s
progress: nodes=43,690,000,000 tested=0 found=0 n=121356015410919828515625 elapsed=3486s
progress: nodes=43,700,000,000 tested=0 found=0 n=40911042289042058203125 elapsed=3487s
progress: nodes=43,710,000,000 tested=0 found=0 n=371054073917820343359375 elapsed=3487s
progress: nodes=43,720,000,000 tested=0 found=0 n=301120065861130402734375 elapsed=3488s
progress: nodes=43,730,000,000 tested=0 found=0 n=94882519616233039453125 elapsed=3488s
progress: nodes=43,740,000,000 tested=0 found=0 n=23996238229621543359375 elapsed=3489s
progress: nodes=43,750,000,000 tested=0 found=0 n=17007813333653368359375 elapsed=3489s
progress: nodes=43,760,000,000 tested=0 found=0 n=163865551640090424609375 elapsed=3490s
progress: nodes=43,770,000,000 tested=0 found=0 n=20545944044482402734375 elapsed=3490s
progress: nodes=43,780,000,000 tested=0 found=0 n=4569810612266612109375 elapsed=3491s
progress: nodes=43,790,000,000 tested=0 found=0 n=11456101357124389453125 elapsed=3491s
progress: nodes=43,800,000,000 tested=0 found=0 n=1801958774385399609375 elapsed=3492s
progress: nodes=43,810,000,000 tested=0 found=0 n=2770691891267682421875 elapsed=3492s
progress: nodes=43,820,000,000 tested=0 found=0 n=3707003917518992578125 elapsed=3493s
progress: nodes=43,830,000,000 tested=0 found=0 n=435852185704767987890625 elapsed=3494s
progress: nodes=43,840,000,000 tested=0 found=0 n=424457725195310438671875 elapsed=3495s
progress: nodes=43,850,000,000 tested=0 found=0 n=232005734939325870703125 elapsed=3496s
progress: nodes=43,860,000,000 tested=0 found=0 n=899235766276577180859375 elapsed=3496s
progress: nodes=43,870,000,000 tested=0 found=0 n=621821281892364636328125 elapsed=3497s
progress: nodes=43,880,000,000 tested=0 found=0 n=381735454330299828515625 elapsed=3497s
progress: nodes=43,890,000,000 tested=0 found=0 n=180352726021491929296875 elapsed=3498s
progress: nodes=43,900,000,000 tested=0 found=0 n=18135725809706574609375 elapsed=3498s
progress: nodes=43,910,000,000 tested=0 found=0 n=853496833112386766015625 elapsed=3499s
progress: nodes=43,920,000,000 tested=0 found=0 n=725614522758064255078125 elapsed=3499s
progress: nodes=43,930,000,000 tested=0 found=0 n=626212756566362998828125 elapsed=3500s
progress: nodes=43,940,000,000 tested=0 found=0 n=569046579365579016796875 elapsed=3500s
progress: nodes=43,950,000,000 tested=0 found=0 n=585510225015224527734375 elapsed=3501s
progress: nodes=43,960,000,000 tested=0 found=0 n=273502016413976225390625 elapsed=3501s
progress: nodes=43,970,000,000 tested=0 found=0 n=481508494418450155078125 elapsed=3502s
progress: nodes=43,980,000,000 tested=0 found=0 n=275132090195386604296875 elapsed=3502s
progress: nodes=43,990,000,000 tested=0 found=0 n=13466067798907233984375 elapsed=3503s
progress: nodes=44,000,000,000 tested=0 found=0 n=167440028757731722265625 elapsed=3503s
progress: nodes=44,010,000,000 tested=0 found=0 n=183932438762342183203125 elapsed=3504s
progress: nodes=44,020,000,000 tested=0 found=0 n=162902943890101606640625 elapsed=3504s
progress: nodes=44,030,000,000 tested=0 found=0 n=362324762206655389453125 elapsed=3505s
progress: nodes=44,040,000,000 tested=0 found=0 n=264863389479010639453125 elapsed=3505s
progress: nodes=44,050,000,000 tested=0 found=0 n=209573153829927692578125 elapsed=3506s
progress: nodes=44,060,000,000 tested=0 found=0 n=276630245064151597265625 elapsed=3506s
progress: nodes=44,070,000,000 tested=0 found=0 n=28976555987312368359375 elapsed=3507s
progress: nodes=44,080,000,000 tested=0 found=0 n=29038336664619652734375 elapsed=3507s
progress: nodes=44,090,000,000 tested=0 found=0 n=91344638126239175390625 elapsed=3508s
progress: nodes=44,100,000,000 tested=0 found=0 n=194019110217846594140625 elapsed=3508s
progress: nodes=44,110,000,000 tested=0 found=0 n=80083167261068077734375 elapsed=3509s
progress: nodes=44,120,000,000 tested=0 found=0 n=136907867682385323046875 elapsed=3509s
progress: nodes=44,130,000,000 tested=0 found=0 n=47808444241694541796875 elapsed=3510s
progress: nodes=44,140,000,000 tested=0 found=0 n=123322344476194269140625 elapsed=3510s
progress: nodes=44,150,000,000 tested=0 found=0 n=124470648974075649609375 elapsed=3511s
progress: nodes=44,160,000,000 tested=0 found=0 n=102200643925400766796875 elapsed=3511s
progress: nodes=44,170,000,000 tested=0 found=0 n=73346337642071239453125 elapsed=3512s
progress: nodes=44,180,000,000 tested=0 found=0 n=62466761746651053515625 elapsed=3512s
progress: nodes=44,190,000,000 tested=0 found=0 n=74057857792642233984375 elapsed=3513s
progress: nodes=44,200,000,000 tested=0 found=0 n=61516777671979871484375 elapsed=3513s
progress: nodes=44,210,000,000 tested=0 found=0 n=88651735621668256640625 elapsed=3514s
progress: nodes=44,220,000,000 tested=0 found=0 n=75567766712796355078125 elapsed=3514s
progress: nodes=44,230,000,000 tested=0 found=0 n=82431186970783109765625 elapsed=3515s
progress: nodes=44,240,000,000 tested=0 found=0 n=77203648310827461328125 elapsed=3515s
progress: nodes=44,250,000,000 tested=0 found=0 n=69679881821228649609375 elapsed=3515s
progress: nodes=44,260,000,000 tested=0 found=0 n=37307976875343551953125 elapsed=3516s
progress: nodes=44,270,000,000 tested=0 found=0 n=58992701478423809765625 elapsed=3516s
progress: nodes=44,280,000,000 tested=0 found=0 n=37390524229020019921875 elapsed=3517s
progress: nodes=44,290,000,000 tested=0 found=0 n=32204534134717016015625 elapsed=3518s
progress: nodes=44,300,000,000 tested=0 found=0 n=32819312924773920703125 elapsed=3518s
progress: nodes=44,310,000,000 tested=0 found=0 n=31617156166688155078125 elapsed=3519s
progress: nodes=44,320,000,000 tested=0 found=0 n=34402114424547594140625 elapsed=3519s
progress: nodes=44,330,000,000 tested=0 found=0 n=46563800371169206640625 elapsed=3520s
progress: nodes=44,340,000,000 tested=0 found=0 n=58443868347089143359375 elapsed=3520s
progress: nodes=44,350,000,000 tested=0 found=0 n=55526254215155869921875 elapsed=3521s
progress: nodes=44,360,000,000 tested=0 found=0 n=61272430921905444140625 elapsed=3521s
progress: nodes=44,370,000,000 tested=0 found=0 n=59914882715847753515625 elapsed=3522s
progress: nodes=44,380,000,000 tested=0 found=0 n=70603378149568081640625 elapsed=3522s
progress: nodes=44,390,000,000 tested=0 found=0 n=61156788997050488671875 elapsed=3523s
progress: nodes=44,400,000,000 tested=0 found=0 n=748794514461198046875 elapsed=3523s
progress: nodes=44,410,000,000 tested=0 found=0 n=2593983255754777734375 elapsed=3524s
progress: nodes=44,420,000,000 tested=0 found=0 n=3090211029770480859375 elapsed=3524s
progress: nodes=44,430,000,000 tested=0 found=0 n=228175863614462942578125 elapsed=3525s
progress: nodes=44,440,000,000 tested=0 found=0 n=131241705559154398828125 elapsed=3526s
progress: nodes=44,450,000,000 tested=0 found=0 n=936767417965126171875 elapsed=3526s
progress: nodes=44,460,000,000 tested=0 found=0 n=291336540868429533984375 elapsed=3527s
progress: nodes=44,470,000,000 tested=0 found=0 n=87391617547820037890625 elapsed=3527s
progress: nodes=44,480,000,000 tested=0 found=0 n=662232516085993359375 elapsed=3528s
progress: nodes=44,490,000,000 tested=0 found=0 n=15718756099896003515625 elapsed=3528s
progress: nodes=44,500,000,000 tested=0 found=0 n=27120263495595922265625 elapsed=3529s
progress: nodes=44,510,000,000 tested=0 found=0 n=73977665247902148046875 elapsed=3529s
progress: nodes=44,520,000,000 tested=0 found=0 n=819142098130688487890625 elapsed=3530s
progress: nodes=44,530,000,000 tested=0 found=0 n=923788747406220648046875 elapsed=3531s
progress: nodes=44,540,000,000 tested=0 found=0 n=963411657136229077734375 elapsed=3532s
progress: nodes=44,550,000,000 tested=0 found=0 n=846477677141949483984375 elapsed=3533s
progress: nodes=44,560,000,000 tested=0 found=0 n=862165647017397847265625 elapsed=3534s
progress: nodes=44,570,000,000 tested=0 found=0 n=865728745638847161328125 elapsed=3534s
progress: nodes=44,580,000,000 tested=0 found=0 n=779185194804739838671875 elapsed=3535s
progress: nodes=44,590,000,000 tested=0 found=0 n=741681383339232587109375 elapsed=3536s
progress: nodes=44,600,000,000 tested=0 found=0 n=859195170188521766015625 elapsed=3537s
progress: nodes=44,610,000,000 tested=0 found=0 n=739637779188158335546875 elapsed=3538s
progress: nodes=44,620,000,000 tested=0 found=0 n=777300828345126383203125 elapsed=3539s
progress: nodes=44,630,000,000 tested=0 found=0 n=626179745061200640234375 elapsed=3540s
progress: nodes=44,640,000,000 tested=0 found=0 n=653647518944100024609375 elapsed=3540s
progress: nodes=44,650,000,000 tested=0 found=0 n=938479053863256739453125 elapsed=3541s
progress: nodes=44,660,000,000 tested=0 found=0 n=615802263795703887890625 elapsed=3542s
progress: nodes=44,670,000,000 tested=0 found=0 n=568474771839212893359375 elapsed=3543s
progress: nodes=44,680,000,000 tested=0 found=0 n=806123439772225562109375 elapsed=3544s
progress: nodes=44,690,000,000 tested=0 found=0 n=966523922308537660546875 elapsed=3544s
progress: nodes=44,700,000,000 tested=0 found=0 n=610996054920350305078125 elapsed=3545s
progress: nodes=44,710,000,000 tested=0 found=0 n=723560394258494216015625 elapsed=3546s
progress: nodes=44,720,000,000 tested=0 found=0 n=574969131631223574609375 elapsed=3547s
progress: nodes=44,730,000,000 tested=0 found=0 n=615687450330406897265625 elapsed=3548s
progress: nodes=44,740,000,000 tested=0 found=0 n=475729955977552301953125 elapsed=3549s
progress: nodes=44,750,000,000 tested=0 found=0 n=773681920524570505078125 elapsed=3550s
progress: nodes=44,760,000,000 tested=0 found=0 n=867800987268597769921875 elapsed=3550s
progress: nodes=44,770,000,000 tested=0 found=0 n=674686509965040491015625 elapsed=3551s
progress: nodes=44,780,000,000 tested=0 found=0 n=609475760350487546484375 elapsed=3552s
progress: nodes=44,790,000,000 tested=0 found=0 n=792126772362744985546875 elapsed=3553s
progress: nodes=44,800,000,000 tested=0 found=0 n=989808157874037266015625 elapsed=3554s
progress: nodes=44,810,000,000 tested=0 found=0 n=867296849669047114453125 elapsed=3555s
progress: nodes=44,820,000,000 tested=0 found=0 n=678583689477156980859375 elapsed=3556s
progress: nodes=44,830,000,000 tested=0 found=0 n=387663196405907077734375 elapsed=3557s
progress: nodes=44,840,000,000 tested=0 found=0 n=718680938670859067578125 elapsed=3557s
progress: nodes=44,850,000,000 tested=0 found=0 n=837351226168016058984375 elapsed=3558s
progress: nodes=44,860,000,000 tested=0 found=0 n=787523926851496170703125 elapsed=3559s
progress: nodes=44,870,000,000 tested=0 found=0 n=946698680514148920703125 elapsed=3560s
progress: nodes=44,880,000,000 tested=0 found=0 n=34283368718483684765625 elapsed=3561s
progress: nodes=44,890,000,000 tested=0 found=0 n=963681547104756910546875 elapsed=3562s
progress: nodes=44,900,000,000 tested=0 found=0 n=758914891101387397265625 elapsed=3562s
progress: nodes=44,910,000,000 tested=0 found=0 n=764939440731464869921875 elapsed=3563s
progress: nodes=44,920,000,000 tested=0 found=0 n=902763831284703467578125 elapsed=3564s
progress: nodes=44,930,000,000 tested=0 found=0 n=679338720047732417578125 elapsed=3565s
progress: nodes=44,940,000,000 tested=0 found=0 n=636047610500346219140625 elapsed=3566s
progress: nodes=44,950,000,000 tested=0 found=0 n=966375109606519374609375 elapsed=3567s
progress: nodes=44,960,000,000 tested=0 found=0 n=843494594347430012109375 elapsed=3568s
progress: nodes=44,970,000,000 tested=0 found=0 n=764996534450346631640625 elapsed=3569s
progress: nodes=44,980,000,000 tested=0 found=0 n=469936540226045281640625 elapsed=3569s
progress: nodes=44,990,000,000 tested=0 found=0 n=657720511620388850390625 elapsed=3570s
progress: nodes=45,000,000,000 tested=0 found=0 n=489718907383664591015625 elapsed=3571s
progress: nodes=45,010,000,000 tested=0 found=0 n=895076389138008244921875 elapsed=3572s
progress: nodes=45,020,000,000 tested=0 found=0 n=822574021011124812890625 elapsed=3573s
progress: nodes=45,030,000,000 tested=0 found=0 n=680932603879931042578125 elapsed=3574s
progress: nodes=45,040,000,000 tested=0 found=0 n=610955857892029173046875 elapsed=3575s
progress: nodes=45,050,000,000 tested=0 found=0 n=617831486544980000390625 elapsed=3575s
progress: nodes=45,060,000,000 tested=0 found=0 n=706825426377926844140625 elapsed=3576s
progress: nodes=45,070,000,000 tested=0 found=0 n=951985689537647569921875 elapsed=3577s
progress: nodes=45,080,000,000 tested=0 found=0 n=627914859094007989453125 elapsed=3578s
progress: nodes=45,090,000,000 tested=0 found=0 n=759034377130761045703125 elapsed=3579s
progress: nodes=45,100,000,000 tested=0 found=0 n=11194967402472962109375 elapsed=3580s
progress: nodes=45,110,000,000 tested=0 found=0 n=754721812403170076953125 elapsed=3581s
progress: nodes=45,120,000,000 tested=0 found=0 n=986854635341242323046875 elapsed=3582s
progress: nodes=45,130,000,000 tested=0 found=0 n=962977576298789816015625 elapsed=3582s
progress: nodes=45,140,000,000 tested=0 found=0 n=884589648960974846484375 elapsed=3583s
progress: nodes=45,150,000,000 tested=0 found=0 n=992953680105801575390625 elapsed=3584s
progress: nodes=45,160,000,000 tested=0 found=0 n=762183478147482819140625 elapsed=3585s
progress: nodes=45,170,000,000 tested=0 found=0 n=968686224469790023828125 elapsed=3586s
progress: nodes=45,180,000,000 tested=0 found=0 n=522589066199330122265625 elapsed=3587s
progress: nodes=45,190,000,000 tested=0 found=0 n=774880354630996491796875 elapsed=3588s
progress: nodes=45,200,000,000 tested=0 found=0 n=531169498550224346484375 elapsed=3589s
progress: nodes=45,210,000,000 tested=0 found=0 n=933914489088214824609375 elapsed=3589s
progress: nodes=45,220,000,000 tested=0 found=0 n=558709494606790583203125 elapsed=3590s
progress: nodes=45,230,000,000 tested=0 found=0 n=542674718124706676953125 elapsed=3591s
progress: nodes=45,240,000,000 tested=0 found=0 n=451898255758421084765625 elapsed=3592s
progress: nodes=45,250,000,000 tested=0 found=0 n=642948431469723573046875 elapsed=3593s
progress: nodes=45,260,000,000 tested=0 found=0 n=701967473180896454296875 elapsed=3594s
progress: nodes=45,270,000,000 tested=0 found=0 n=961271681194190914453125 elapsed=3595s
progress: nodes=45,280,000,000 tested=0 found=0 n=658883910561286046484375 elapsed=3596s
progress: nodes=45,290,000,000 tested=0 found=0 n=881319716522574823828125 elapsed=3597s
progress: nodes=45,300,000,000 tested=0 found=0 n=984264033966312476953125 elapsed=3597s
progress: nodes=45,310,000,000 tested=0 found=0 n=489931543522666304296875 elapsed=3598s
progress: nodes=45,320,000,000 tested=0 found=0 n=377848313222152046484375 elapsed=3599s

done in 3600.0s | nodes=45,328,924,672 | tested=0 | weird=0
