search v2: odd=True, N_CAP=1.00e+24, DELTA_MAX=1.0e+07
SPF shard: smallest prime factor = 3
P2 sub-shard: second prime factor = 11
progress: nodes=10,000,000 tested=0 found=0 n=416136912402829283191383 elapsed=1s
progress: nodes=20,000,000 tested=0 found=0 n=927697224283782777700161 elapsed=2s
progress: nodes=30,000,000 tested=0 found=0 n=442447290421994225526873 elapsed=2s
progress: nodes=40,000,000 tested=0 found=0 n=149226442364140948584921 elapsed=3s
progress: nodes=50,000,000 tested=0 found=0 n=635929151599634887069647 elapsed=4s
progress: nodes=60,000,000 tested=0 found=0 n=303421949438316676462209 elapsed=5s
progress: nodes=70,000,000 tested=0 found=0 n=704266355972627180614167 elapsed=5s
progress: nodes=80,000,000 tested=0 found=0 n=759636122284445725704099 elapsed=6s
progress: nodes=90,000,000 tested=0 found=0 n=131754415480706660158803 elapsed=7s
progress: nodes=100,000,000 tested=0 found=0 n=892132913542143451558809 elapsed=8s
progress: nodes=110,000,000 tested=0 found=0 n=391151516123652519503697 elapsed=9s
progress: nodes=120,000,000 tested=0 found=0 n=638632827995287448563383 elapsed=9s
progress: nodes=130,000,000 tested=0 found=0 n=744978511041658977672303 elapsed=10s
progress: nodes=140,000,000 tested=0 found=0 n=151911710312588181057531 elapsed=11s
progress: nodes=150,000,000 tested=0 found=0 n=382488252246873658126527 elapsed=12s
progress: nodes=160,000,000 tested=0 found=0 n=541978987866094576391451 elapsed=13s
progress: nodes=170,000,000 tested=0 found=0 n=482906502212447036551971 elapsed=13s
progress: nodes=180,000,000 tested=0 found=0 n=207981252419430099950769 elapsed=14s
progress: nodes=190,000,000 tested=0 found=0 n=272535453911190779955789 elapsed=15s
progress: nodes=200,000,000 tested=0 found=0 n=784780416693826761813033 elapsed=16s
progress: nodes=210,000,000 tested=0 found=0 n=177925244036123539867197 elapsed=16s
progress: nodes=220,000,000 tested=0 found=0 n=380464451141117348797077 elapsed=17s
progress: nodes=230,000,000 tested=0 found=0 n=330808201222869390804927 elapsed=18s
progress: nodes=240,000,000 tested=0 found=0 n=164839582543660865528259 elapsed=19s
progress: nodes=250,000,000 tested=0 found=0 n=70760098330909262937519 elapsed=20s
progress: nodes=260,000,000 tested=0 found=0 n=171007356896346606776283 elapsed=21s
progress: nodes=270,000,000 tested=0 found=0 n=751548783637122824659449 elapsed=21s
progress: nodes=280,000,000 tested=0 found=0 n=122787262804555135376733 elapsed=22s
progress: nodes=290,000,000 tested=0 found=0 n=355506587308102698113217 elapsed=23s
progress: nodes=300,000,000 tested=0 found=0 n=261193412743553137709433 elapsed=24s
progress: nodes=310,000,000 tested=0 found=0 n=98874555682903779790869 elapsed=25s
progress: nodes=320,000,000 tested=0 found=0 n=60773924872366122584739 elapsed=25s
progress: nodes=330,000,000 tested=0 found=0 n=859956514469292939507237 elapsed=26s
progress: nodes=340,000,000 tested=0 found=0 n=857275507450800957485109 elapsed=27s
progress: nodes=350,000,000 tested=0 found=0 n=739457118106685159092197 elapsed=28s
progress: nodes=360,000,000 tested=0 found=0 n=72302969655733911493971 elapsed=29s
progress: nodes=370,000,000 tested=0 found=0 n=196530834797806386130539 elapsed=29s
progress: nodes=380,000,000 tested=0 found=0 n=130700462347634424518559 elapsed=30s
progress: nodes=390,000,000 tested=0 found=0 n=95458789045923847778949 elapsed=31s
progress: nodes=400,000,000 tested=0 found=0 n=22350764806720772476197 elapsed=32s
progress: nodes=410,000,000 tested=0 found=0 n=57600902699325347444511 elapsed=33s
progress: nodes=420,000,000 tested=0 found=0 n=15545173584983824858791 elapsed=33s
progress: nodes=430,000,000 tested=0 found=0 n=27790412500913720439639 elapsed=34s
progress: nodes=440,000,000 tested=0 found=0 n=145010685208156242140523 elapsed=35s
progress: nodes=450,000,000 tested=0 found=0 n=11480305054404437771091 elapsed=36s
progress: nodes=460,000,000 tested=0 found=0 n=10618708448140076775777 elapsed=37s
progress: nodes=470,000,000 tested=0 found=0 n=8398639613559797109651 elapsed=37s
progress: nodes=480,000,000 tested=0 found=0 n=18991055122524516607719 elapsed=38s
progress: nodes=490,000,000 tested=0 found=0 n=19546342760199943072671 elapsed=39s
progress: nodes=500,000,000 tested=0 found=0 n=236561428393358616135159 elapsed=40s
progress: nodes=510,000,000 tested=0 found=0 n=195753849643026552245511 elapsed=41s
progress: nodes=520,000,000 tested=0 found=0 n=155541532460572365247569 elapsed=41s
progress: nodes=530,000,000 tested=0 found=0 n=2853726430261933802433 elapsed=42s
progress: nodes=540,000,000 tested=0 found=0 n=486788785299724308797253 elapsed=43s
progress: nodes=550,000,000 tested=0 found=0 n=10578243382956827725719 elapsed=44s
progress: nodes=560,000,000 tested=0 found=0 n=24364332725190233293947 elapsed=45s
progress: nodes=570,000,000 tested=0 found=0 n=5318406277221431398719 elapsed=45s
progress: nodes=580,000,000 tested=0 found=0 n=721453438321471474956051 elapsed=46s
progress: nodes=590,000,000 tested=0 found=0 n=40871797807231623516999 elapsed=47s
progress: nodes=600,000,000 tested=0 found=0 n=7155677362571737251681 elapsed=48s
progress: nodes=610,000,000 tested=0 found=0 n=4549320800952218658939 elapsed=49s
progress: nodes=620,000,000 tested=0 found=0 n=79678373842001644348353 elapsed=50s
progress: nodes=630,000,000 tested=0 found=0 n=610532373142169069037303 elapsed=50s
progress: nodes=640,000,000 tested=0 found=0 n=498152249394965365097469 elapsed=51s
progress: nodes=650,000,000 tested=0 found=0 n=173494398968259043144899 elapsed=52s
progress: nodes=660,000,000 tested=0 found=0 n=208470052204320462015603 elapsed=53s
progress: nodes=670,000,000 tested=0 found=0 n=150866712212952784945611 elapsed=53s
progress: nodes=680,000,000 tested=0 found=0 n=325119731512328936798901 elapsed=54s
progress: nodes=690,000,000 tested=0 found=0 n=59623362665777022136167 elapsed=55s
progress: nodes=700,000,000 tested=0 found=0 n=31538829908929307246139 elapsed=56s
progress: nodes=710,000,000 tested=0 found=0 n=17780662296110623341003 elapsed=57s
progress: nodes=720,000,000 tested=0 found=0 n=3923002610233013547669 elapsed=58s
progress: nodes=730,000,000 tested=0 found=0 n=161693268554380084663713 elapsed=58s
progress: nodes=740,000,000 tested=0 found=0 n=724511887261908873321909 elapsed=59s
progress: nodes=750,000,000 tested=0 found=0 n=944596739330825197002243 elapsed=60s
progress: nodes=760,000,000 tested=0 found=0 n=710410632518406944646093 elapsed=61s
progress: nodes=770,000,000 tested=0 found=0 n=523105122208915393138563 elapsed=62s
progress: nodes=780,000,000 tested=0 found=0 n=963489328876702743342513 elapsed=63s
progress: nodes=790,000,000 tested=0 found=0 n=896559114438278003057631 elapsed=64s
progress: nodes=800,000,000 tested=0 found=0 n=451728136478958131813163 elapsed=65s
progress: nodes=810,000,000 tested=0 found=0 n=811613109291086960242671 elapsed=66s
progress: nodes=820,000,000 tested=0 found=0 n=894440967857373827423247 elapsed=67s
progress: nodes=830,000,000 tested=0 found=0 n=946023352772295407261223 elapsed=68s
progress: nodes=840,000,000 tested=0 found=0 n=695315403181345294911849 elapsed=69s
progress: nodes=850,000,000 tested=0 found=0 n=937258960632954418993677 elapsed=70s
progress: nodes=860,000,000 tested=0 found=0 n=833940738357136028318271 elapsed=71s
progress: nodes=870,000,000 tested=0 found=0 n=849205549445852039180883 elapsed=72s
progress: nodes=880,000,000 tested=0 found=0 n=848501465018844424643427 elapsed=73s
progress: nodes=890,000,000 tested=0 found=0 n=321055431367978143039489 elapsed=74s
progress: nodes=900,000,000 tested=0 found=0 n=688964349667239697536771 elapsed=75s
progress: nodes=910,000,000 tested=0 found=0 n=325467892898364790881021 elapsed=76s
progress: nodes=920,000,000 tested=0 found=0 n=599862487857157897486257 elapsed=77s
progress: nodes=930,000,000 tested=0 found=0 n=722691063040102326513057 elapsed=78s
progress: nodes=940,000,000 tested=0 found=0 n=129175034203365570168177 elapsed=79s
progress: nodes=950,000,000 tested=0 found=0 n=614717212285056711087543 elapsed=80s
progress: nodes=960,000,000 tested=0 found=0 n=587890688403617569387131 elapsed=81s
progress: nodes=970,000,000 tested=0 found=0 n=278159980065926518001013 elapsed=82s
progress: nodes=980,000,000 tested=0 found=0 n=267429512635015890897309 elapsed=83s
progress: nodes=990,000,000 tested=0 found=0 n=319457039148459298403031 elapsed=84s
progress: nodes=1,000,000,000 tested=0 found=0 n=860813147562338175539763 elapsed=85s
progress: nodes=1,010,000,000 tested=0 found=0 n=431761630465777830344841 elapsed=86s
progress: nodes=1,020,000,000 tested=0 found=0 n=536930728368317396819277 elapsed=87s
progress: nodes=1,030,000,000 tested=0 found=0 n=671944077209091973581867 elapsed=88s
progress: nodes=1,040,000,000 tested=0 found=0 n=360482782181217184260057 elapsed=89s
progress: nodes=1,050,000,000 tested=0 found=0 n=573501394105306601126907 elapsed=90s
progress: nodes=1,060,000,000 tested=0 found=0 n=350328850307212267402197 elapsed=91s
progress: nodes=1,070,000,000 tested=0 found=0 n=728292386263196063915463 elapsed=92s
progress: nodes=1,080,000,000 tested=0 found=0 n=818747829863443051197483 elapsed=93s
progress: nodes=1,090,000,000 tested=0 found=0 n=741334832794581680716347 elapsed=94s
progress: nodes=1,100,000,000 tested=0 found=0 n=464465152122816717783339 elapsed=95s
progress: nodes=1,110,000,000 tested=0 found=0 n=497653188710875348681959 elapsed=96s
progress: nodes=1,120,000,000 tested=0 found=0 n=390359824523769425253357 elapsed=97s
progress: nodes=1,130,000,000 tested=0 found=0 n=302999370189483005811201 elapsed=98s
progress: nodes=1,140,000,000 tested=0 found=0 n=300671807588331559282617 elapsed=99s
progress: nodes=1,150,000,000 tested=0 found=0 n=269792270649625301527521 elapsed=100s
progress: nodes=1,160,000,000 tested=0 found=0 n=509974904846813005368483 elapsed=101s
progress: nodes=1,170,000,000 tested=0 found=0 n=905849210557841384971851 elapsed=102s
progress: nodes=1,180,000,000 tested=0 found=0 n=646628349661061260559781 elapsed=103s
progress: nodes=1,190,000,000 tested=0 found=0 n=273688297588403590576827 elapsed=104s
progress: nodes=1,200,000,000 tested=0 found=0 n=551096084626475972371359 elapsed=105s
progress: nodes=1,210,000,000 tested=0 found=0 n=297595250849533480238967 elapsed=106s
progress: nodes=1,220,000,000 tested=0 found=0 n=645181757509975045567779 elapsed=107s
progress: nodes=1,230,000,000 tested=0 found=0 n=934178553805597636837587 elapsed=108s
progress: nodes=1,240,000,000 tested=0 found=0 n=338962339958344776896079 elapsed=109s
progress: nodes=1,250,000,000 tested=0 found=0 n=466214642675978336196771 elapsed=110s
progress: nodes=1,260,000,000 tested=0 found=0 n=371633872505384702152797 elapsed=111s
progress: nodes=1,270,000,000 tested=0 found=0 n=277756434824540633346957 elapsed=113s
progress: nodes=1,280,000,000 tested=0 found=0 n=367251160074266477492769 elapsed=114s
progress: nodes=1,290,000,000 tested=0 found=0 n=361701065171844292190439 elapsed=115s
progress: nodes=1,300,000,000 tested=0 found=0 n=383262196694653478944599 elapsed=116s
progress: nodes=1,310,000,000 tested=0 found=0 n=364106241909497500192923 elapsed=117s
progress: nodes=1,320,000,000 tested=0 found=0 n=533057342875906623074157 elapsed=118s
progress: nodes=1,330,000,000 tested=0 found=0 n=280012473521691838058703 elapsed=119s
progress: nodes=1,340,000,000 tested=0 found=0 n=97822175666768103185349 elapsed=119s
progress: nodes=1,350,000,000 tested=0 found=0 n=359408903685991913346879 elapsed=120s
progress: nodes=1,360,000,000 tested=0 found=0 n=170267866559360623309971 elapsed=121s
progress: nodes=1,370,000,000 tested=0 found=0 n=926121152221482158076993 elapsed=122s
progress: nodes=1,380,000,000 tested=0 found=0 n=688653331339930882870659 elapsed=123s
progress: nodes=1,390,000,000 tested=0 found=0 n=840163995852808617686553 elapsed=124s
progress: nodes=1,400,000,000 tested=0 found=0 n=338693954278141693803 elapsed=125s
progress: nodes=1,410,000,000 tested=0 found=0 n=683033611165283495822133 elapsed=126s
progress: nodes=1,420,000,000 tested=0 found=0 n=814629181192789460264481 elapsed=127s
progress: nodes=1,430,000,000 tested=0 found=0 n=547319389172018233005807 elapsed=128s
progress: nodes=1,440,000,000 tested=0 found=0 n=938523020816818065773859 elapsed=129s
progress: nodes=1,450,000,000 tested=0 found=0 n=631765685913802188022131 elapsed=130s
progress: nodes=1,460,000,000 tested=0 found=0 n=184476022011193398881109 elapsed=131s
progress: nodes=1,470,000,000 tested=0 found=0 n=464235339081389194640607 elapsed=132s
progress: nodes=1,480,000,000 tested=0 found=0 n=241670205409769532202521 elapsed=133s
progress: nodes=1,490,000,000 tested=0 found=0 n=377592402037203046928091 elapsed=134s
progress: nodes=1,500,000,000 tested=0 found=0 n=463732185662195863155171 elapsed=135s
progress: nodes=1,510,000,000 tested=0 found=0 n=371332451992440435924999 elapsed=136s
progress: nodes=1,520,000,000 tested=0 found=0 n=568983658016332147069767 elapsed=137s
progress: nodes=1,530,000,000 tested=0 found=0 n=569057678407284788257107 elapsed=138s
progress: nodes=1,540,000,000 tested=0 found=0 n=354289752051726759411 elapsed=139s
progress: nodes=1,550,000,000 tested=0 found=0 n=127482099129562256965743 elapsed=140s
progress: nodes=1,560,000,000 tested=0 found=0 n=326166187192569451529373 elapsed=141s
progress: nodes=1,570,000,000 tested=0 found=0 n=371628329178607668024429 elapsed=142s
progress: nodes=1,580,000,000 tested=0 found=0 n=366226184919095198724741 elapsed=143s
progress: nodes=1,590,000,000 tested=0 found=0 n=396730472994436070549631 elapsed=144s
progress: nodes=1,600,000,000 tested=0 found=0 n=254966414624887809899913 elapsed=145s
progress: nodes=1,610,000,000 tested=0 found=0 n=841914207839691096241989 elapsed=146s
progress: nodes=1,620,000,000 tested=0 found=0 n=299398227967320671557797 elapsed=147s
progress: nodes=1,630,000,000 tested=0 found=0 n=294896504215113247413681 elapsed=148s
progress: nodes=1,640,000,000 tested=0 found=0 n=850000537403008796415039 elapsed=150s
progress: nodes=1,650,000,000 tested=0 found=0 n=527894666111265149728317 elapsed=151s
progress: nodes=1,660,000,000 tested=0 found=0 n=613122241145025438894639 elapsed=152s
progress: nodes=1,670,000,000 tested=0 found=0 n=634315132412812644085149 elapsed=153s
progress: nodes=1,680,000,000 tested=0 found=0 n=431377181596983682568937 elapsed=154s
progress: nodes=1,690,000,000 tested=0 found=0 n=653215001684927634214977 elapsed=155s
progress: nodes=1,700,000,000 tested=0 found=0 n=801656331976052560160439 elapsed=156s
progress: nodes=1,710,000,000 tested=0 found=0 n=861332878845606107059977 elapsed=157s
progress: nodes=1,720,000,000 tested=0 found=0 n=289908603005415378204363 elapsed=158s
progress: nodes=1,730,000,000 tested=0 found=0 n=779945826781023382143807 elapsed=159s
progress: nodes=1,740,000,000 tested=0 found=0 n=120931074051167068221819 elapsed=160s
progress: nodes=1,750,000,000 tested=0 found=0 n=539398876679730243446127 elapsed=161s
progress: nodes=1,760,000,000 tested=0 found=0 n=581996458653576908949579 elapsed=162s
progress: nodes=1,770,000,000 tested=0 found=0 n=253009729155526773129843 elapsed=163s
progress: nodes=1,780,000,000 tested=0 found=0 n=96116692583701339788381 elapsed=164s
progress: nodes=1,790,000,000 tested=0 found=0 n=452911139486541802087593 elapsed=165s
progress: nodes=1,800,000,000 tested=0 found=0 n=110781243341215454827677 elapsed=166s
progress: nodes=1,810,000,000 tested=0 found=0 n=371543427121390878228303 elapsed=168s
progress: nodes=1,820,000,000 tested=0 found=0 n=609717748427484923194683 elapsed=169s
progress: nodes=1,830,000,000 tested=0 found=0 n=144778080504823398102327 elapsed=170s
progress: nodes=1,840,000,000 tested=0 found=0 n=538736086123994439982587 elapsed=171s
progress: nodes=1,850,000,000 tested=0 found=0 n=191179864817505900623859 elapsed=172s
progress: nodes=1,860,000,000 tested=0 found=0 n=147159689860821436307223 elapsed=173s
progress: nodes=1,870,000,000 tested=0 found=0 n=948369628770396205698039 elapsed=174s
progress: nodes=1,880,000,000 tested=0 found=0 n=211073381736936182418669 elapsed=175s
progress: nodes=1,890,000,000 tested=0 found=0 n=237761595260175728500473 elapsed=176s
progress: nodes=1,900,000,000 tested=0 found=0 n=188674735301841872484687 elapsed=177s
progress: nodes=1,910,000,000 tested=0 found=0 n=137316364481341093165689 elapsed=178s
progress: nodes=1,920,000,000 tested=0 found=0 n=618107676234869661605193 elapsed=179s
progress: nodes=1,930,000,000 tested=0 found=0 n=105007509672293817036591 elapsed=181s
progress: nodes=1,940,000,000 tested=0 found=0 n=75419536405208471619 elapsed=182s
progress: nodes=1,950,000,000 tested=0 found=0 n=55521484095293221498779 elapsed=183s
progress: nodes=1,960,000,000 tested=0 found=0 n=462949606913928411571437 elapsed=183s
progress: nodes=1,970,000,000 tested=0 found=0 n=119685096266907113745231 elapsed=184s
progress: nodes=1,980,000,000 tested=0 found=0 n=131463296261919128961597 elapsed=185s
progress: nodes=1,990,000,000 tested=0 found=0 n=162085125866658752184999 elapsed=186s
progress: nodes=2,000,000,000 tested=0 found=0 n=271670970653819626181721 elapsed=187s
progress: nodes=2,010,000,000 tested=0 found=0 n=244695516660771918676077 elapsed=187s
progress: nodes=2,020,000,000 tested=0 found=0 n=78665469599109581512467 elapsed=188s
progress: nodes=2,030,000,000 tested=0 found=0 n=82799969730732233292027 elapsed=189s
progress: nodes=2,040,000,000 tested=0 found=0 n=225356205731389909681791 elapsed=190s
progress: nodes=2,050,000,000 tested=0 found=0 n=922839233206838830822797 elapsed=191s
progress: nodes=2,060,000,000 tested=0 found=0 n=951046386535971523918263 elapsed=192s
progress: nodes=2,070,000,000 tested=0 found=0 n=602041577956849591659813 elapsed=193s
progress: nodes=2,080,000,000 tested=0 found=0 n=522616503766367763738843 elapsed=194s
progress: nodes=2,090,000,000 tested=0 found=0 n=970027337553817312839927 elapsed=195s
progress: nodes=2,100,000,000 tested=0 found=0 n=911115817908826185610383 elapsed=196s
progress: nodes=2,110,000,000 tested=0 found=0 n=437138439704477386856409 elapsed=197s
progress: nodes=2,120,000,000 tested=0 found=0 n=445205832549169622446659 elapsed=198s
progress: nodes=2,130,000,000 tested=0 found=0 n=387099149353780924898409 elapsed=199s
progress: nodes=2,140,000,000 tested=0 found=0 n=464356102801875385595637 elapsed=200s
progress: nodes=2,150,000,000 tested=0 found=0 n=741538471591760929406463 elapsed=201s
progress: nodes=2,160,000,000 tested=0 found=0 n=849379367827197388026417 elapsed=202s
progress: nodes=2,170,000,000 tested=0 found=0 n=359956125351343175331963 elapsed=203s
progress: nodes=2,180,000,000 tested=0 found=0 n=222714993035634536544393 elapsed=204s
progress: nodes=2,190,000,000 tested=0 found=0 n=606323094422533393629009 elapsed=205s
progress: nodes=2,200,000,000 tested=0 found=0 n=227778910576606100055201 elapsed=206s
progress: nodes=2,210,000,000 tested=0 found=0 n=496937755178254474900959 elapsed=207s
progress: nodes=2,220,000,000 tested=0 found=0 n=549105337878823937142789 elapsed=208s
progress: nodes=2,230,000,000 tested=0 found=0 n=796264734783028249222341 elapsed=209s
progress: nodes=2,240,000,000 tested=0 found=0 n=92271027579518584504851 elapsed=211s
progress: nodes=2,250,000,000 tested=0 found=0 n=469197429143246289465837 elapsed=212s
progress: nodes=2,260,000,000 tested=0 found=0 n=108033127750641692596569 elapsed=213s
progress: nodes=2,270,000,000 tested=0 found=0 n=295356175712461636557213 elapsed=214s
progress: nodes=2,280,000,000 tested=0 found=0 n=412948573381354868906763 elapsed=215s
progress: nodes=2,290,000,000 tested=0 found=0 n=99594210323168865061329 elapsed=216s
progress: nodes=2,300,000,000 tested=0 found=0 n=272980817454202867872291 elapsed=217s
progress: nodes=2,310,000,000 tested=0 found=0 n=698251922215090526878023 elapsed=218s
progress: nodes=2,320,000,000 tested=0 found=0 n=143272311394616355785691 elapsed=219s
progress: nodes=2,330,000,000 tested=0 found=0 n=473676157923671690128713 elapsed=220s
progress: nodes=2,340,000,000 tested=0 found=0 n=476918886057929789741553 elapsed=221s
progress: nodes=2,350,000,000 tested=0 found=0 n=445173319459664789289153 elapsed=223s
progress: nodes=2,360,000,000 tested=0 found=0 n=98077498038915436762149 elapsed=224s
progress: nodes=2,370,000,000 tested=0 found=0 n=88459293293945134894047 elapsed=225s
progress: nodes=2,380,000,000 tested=0 found=0 n=58089734775102144307479 elapsed=226s
progress: nodes=2,390,000,000 tested=0 found=0 n=150590894071284078932091 elapsed=227s
progress: nodes=2,400,000,000 tested=0 found=0 n=157109348306924684476377 elapsed=228s
progress: nodes=2,410,000,000 tested=0 found=0 n=428653415118320354459211 elapsed=229s
progress: nodes=2,420,000,000 tested=0 found=0 n=846991107868253154962727 elapsed=230s
progress: nodes=2,430,000,000 tested=0 found=0 n=222996272753899679483163 elapsed=231s
progress: nodes=2,440,000,000 tested=0 found=0 n=118153522347201118121487 elapsed=232s
progress: nodes=2,450,000,000 tested=0 found=0 n=51288341833031051991957 elapsed=233s
progress: nodes=2,460,000,000 tested=0 found=0 n=131112391356105423209517 elapsed=234s
progress: nodes=2,470,000,000 tested=0 found=0 n=115225598252130823897869 elapsed=235s
progress: nodes=2,480,000,000 tested=0 found=0 n=23494736363847959329977 elapsed=236s
progress: nodes=2,490,000,000 tested=0 found=0 n=16405328198702896214619 elapsed=237s
progress: nodes=2,500,000,000 tested=0 found=0 n=373599288871921439664051 elapsed=238s
progress: nodes=2,510,000,000 tested=0 found=0 n=964738423566818041181469 elapsed=239s
progress: nodes=2,520,000,000 tested=0 found=0 n=601749413606397390271509 elapsed=240s
progress: nodes=2,530,000,000 tested=0 found=0 n=967254962009885861709111 elapsed=241s
progress: nodes=2,540,000,000 tested=0 found=0 n=671373360156534014502237 elapsed=242s
progress: nodes=2,550,000,000 tested=0 found=0 n=419843235174734818431699 elapsed=243s
progress: nodes=2,560,000,000 tested=0 found=0 n=602528653105811274655527 elapsed=244s
progress: nodes=2,570,000,000 tested=0 found=0 n=504882741850880056403883 elapsed=245s
progress: nodes=2,580,000,000 tested=0 found=0 n=265540760656813909848009 elapsed=246s
progress: nodes=2,590,000,000 tested=0 found=0 n=977555889666633111129867 elapsed=247s
progress: nodes=2,600,000,000 tested=0 found=0 n=130821560530243345894989 elapsed=248s
progress: nodes=2,610,000,000 tested=0 found=0 n=235090216303320750385299 elapsed=249s
progress: nodes=2,620,000,000 tested=0 found=0 n=773204536096735933575957 elapsed=250s
progress: nodes=2,630,000,000 tested=0 found=0 n=973036486537224576809199 elapsed=251s
progress: nodes=2,640,000,000 tested=0 found=0 n=907435813860654019985901 elapsed=252s
progress: nodes=2,650,000,000 tested=0 found=0 n=440212256259592155553929 elapsed=253s
progress: nodes=2,660,000,000 tested=0 found=0 n=985465860957434815798983 elapsed=254s
progress: nodes=2,670,000,000 tested=0 found=0 n=252791985042181964365701 elapsed=255s
progress: nodes=2,680,000,000 tested=0 found=0 n=492498750245718201737037 elapsed=256s
progress: nodes=2,690,000,000 tested=0 found=0 n=178023170047660243609017 elapsed=257s
progress: nodes=2,700,000,000 tested=0 found=0 n=519185662083282398585667 elapsed=259s
progress: nodes=2,710,000,000 tested=0 found=0 n=790711805372986157751519 elapsed=259s
progress: nodes=2,720,000,000 tested=0 found=0 n=795821450112386398160889 elapsed=260s
progress: nodes=2,730,000,000 tested=0 found=0 n=37615169791353506767701 elapsed=261s
progress: nodes=2,740,000,000 tested=0 found=0 n=23271307843563689686491 elapsed=262s
progress: nodes=2,750,000,000 tested=0 found=0 n=43835803523813630295681 elapsed=263s
progress: nodes=2,760,000,000 tested=0 found=0 n=11227801227152994921723 elapsed=264s
progress: nodes=2,770,000,000 tested=0 found=0 n=683249088572872487103867 elapsed=265s
progress: nodes=2,780,000,000 tested=0 found=0 n=770025030101047762070601 elapsed=266s
progress: nodes=2,790,000,000 tested=0 found=0 n=56082433490279601078531 elapsed=267s
progress: nodes=2,800,000,000 tested=0 found=0 n=44645119270618826319789 elapsed=268s
progress: nodes=2,810,000,000 tested=0 found=0 n=349894607187510703462287 elapsed=269s
progress: nodes=2,820,000,000 tested=0 found=0 n=32286276174618045868431 elapsed=270s
progress: nodes=2,830,000,000 tested=0 found=0 n=80823042044312319939759 elapsed=271s
progress: nodes=2,840,000,000 tested=0 found=0 n=4359343004107983551517 elapsed=271s
progress: nodes=2,850,000,000 tested=0 found=0 n=321822247735484621253843 elapsed=272s
progress: nodes=2,860,000,000 tested=0 found=0 n=688255710782979910139283 elapsed=273s
progress: nodes=2,870,000,000 tested=0 found=0 n=734945901782872301194101 elapsed=274s
progress: nodes=2,880,000,000 tested=0 found=0 n=960005969111474081241159 elapsed=275s
progress: nodes=2,890,000,000 tested=0 found=0 n=230946858089557466501931 elapsed=276s
progress: nodes=2,900,000,000 tested=0 found=0 n=579941742633824340812757 elapsed=277s
progress: nodes=2,910,000,000 tested=0 found=0 n=666903813573215617969713 elapsed=278s
progress: nodes=2,920,000,000 tested=0 found=0 n=603443065551966924819249 elapsed=279s
progress: nodes=2,930,000,000 tested=0 found=0 n=555967761359085756991167 elapsed=280s
progress: nodes=2,940,000,000 tested=0 found=0 n=321379607712283815347367 elapsed=282s
progress: nodes=2,950,000,000 tested=0 found=0 n=173584102189889064527139 elapsed=283s
progress: nodes=2,960,000,000 tested=0 found=0 n=823741367271292335441147 elapsed=284s
progress: nodes=2,970,000,000 tested=0 found=0 n=189982217956940092695297 elapsed=285s
progress: nodes=2,980,000,000 tested=0 found=0 n=342353673382315184977101 elapsed=286s
progress: nodes=2,990,000,000 tested=0 found=0 n=412466316384635210090679 elapsed=287s
progress: nodes=3,000,000,000 tested=0 found=0 n=921290465574218304070077 elapsed=288s
progress: nodes=3,010,000,000 tested=0 found=0 n=83713970452836079655013 elapsed=289s
progress: nodes=3,020,000,000 tested=0 found=0 n=111097163199710091821703 elapsed=290s
progress: nodes=3,030,000,000 tested=0 found=0 n=188947537736885656810653 elapsed=291s
progress: nodes=3,040,000,000 tested=0 found=0 n=291723974617919944088703 elapsed=292s
progress: nodes=3,050,000,000 tested=0 found=0 n=351207189087941860675287 elapsed=293s
progress: nodes=3,060,000,000 tested=0 found=0 n=269336778997814977767747 elapsed=294s
progress: nodes=3,070,000,000 tested=0 found=0 n=145666584654685374359937 elapsed=295s
progress: nodes=3,080,000,000 tested=0 found=0 n=845300865601894621989927 elapsed=295s
progress: nodes=3,090,000,000 tested=0 found=0 n=73442890519207612230399 elapsed=296s
progress: nodes=3,100,000,000 tested=0 found=0 n=103309619431166403152469 elapsed=297s
progress: nodes=3,110,000,000 tested=0 found=0 n=170789804236527146684871 elapsed=298s
progress: nodes=3,120,000,000 tested=0 found=0 n=44250118825309857430113 elapsed=299s
progress: nodes=3,130,000,000 tested=0 found=0 n=975728385989930165026863 elapsed=300s
progress: nodes=3,140,000,000 tested=0 found=0 n=663017278548273118644603 elapsed=301s
progress: nodes=3,150,000,000 tested=0 found=0 n=671715209211610665555597 elapsed=302s
progress: nodes=3,160,000,000 tested=0 found=0 n=856897627523517559097547 elapsed=303s
progress: nodes=3,170,000,000 tested=0 found=0 n=245407633914543059955567 elapsed=304s
progress: nodes=3,180,000,000 tested=0 found=0 n=393553067389780309521081 elapsed=305s
progress: nodes=3,190,000,000 tested=0 found=0 n=492841596847712577026133 elapsed=306s
progress: nodes=3,200,000,000 tested=0 found=0 n=461741164503635640459693 elapsed=307s
progress: nodes=3,210,000,000 tested=0 found=0 n=94988160510647665223391 elapsed=308s
progress: nodes=3,220,000,000 tested=0 found=0 n=266801076028096515665331 elapsed=309s
progress: nodes=3,230,000,000 tested=0 found=0 n=192201748559458324683711 elapsed=310s
progress: nodes=3,240,000,000 tested=0 found=0 n=490089423781876172914803 elapsed=311s
progress: nodes=3,250,000,000 tested=0 found=0 n=153099414735091838398671 elapsed=312s
progress: nodes=3,260,000,000 tested=0 found=0 n=110119295438929166730483 elapsed=313s
progress: nodes=3,270,000,000 tested=0 found=0 n=500124226116210297271527 elapsed=314s
progress: nodes=3,280,000,000 tested=0 found=0 n=216361995013421320168677 elapsed=315s
progress: nodes=3,290,000,000 tested=0 found=0 n=134301808906038675959343 elapsed=316s
progress: nodes=3,300,000,000 tested=0 found=0 n=438672069024191599259091 elapsed=317s
progress: nodes=3,310,000,000 tested=0 found=0 n=24246035391486510301557 elapsed=318s
progress: nodes=3,320,000,000 tested=0 found=0 n=27499540627459266962739 elapsed=319s
progress: nodes=3,330,000,000 tested=0 found=0 n=39077872259189173573449 elapsed=320s
progress: nodes=3,340,000,000 tested=0 found=0 n=13149888754715927363721 elapsed=321s
progress: nodes=3,350,000,000 tested=0 found=0 n=415877937634185786063447 elapsed=322s
progress: nodes=3,360,000,000 tested=0 found=0 n=21823292959303358561181 elapsed=323s
progress: nodes=3,370,000,000 tested=0 found=0 n=36268767243852473431959 elapsed=324s
progress: nodes=3,380,000,000 tested=0 found=0 n=162025894721474243169567 elapsed=325s
progress: nodes=3,390,000,000 tested=0 found=0 n=768209725759253478154311 elapsed=325s
progress: nodes=3,400,000,000 tested=0 found=0 n=2711327405036320115331 elapsed=326s
progress: nodes=3,410,000,000 tested=0 found=0 n=395680157433924176277321 elapsed=327s
progress: nodes=3,420,000,000 tested=0 found=0 n=715958068753733613951 elapsed=328s
progress: nodes=3,430,000,000 tested=0 found=0 n=787923903625203896993013 elapsed=329s
progress: nodes=3,440,000,000 tested=0 found=0 n=686672828341728630267723 elapsed=330s
progress: nodes=3,450,000,000 tested=0 found=0 n=762375149867668381430529 elapsed=331s
progress: nodes=3,460,000,000 tested=0 found=0 n=870067676227794633048603 elapsed=332s
progress: nodes=3,470,000,000 tested=0 found=0 n=243549425199709767116121 elapsed=333s
progress: nodes=3,480,000,000 tested=0 found=0 n=98522312575893474410571 elapsed=334s
progress: nodes=3,490,000,000 tested=0 found=0 n=238619781549355044511959 elapsed=335s
progress: nodes=3,500,000,000 tested=0 found=0 n=30809411832025684454883 elapsed=336s
progress: nodes=3,510,000,000 tested=0 found=0 n=81751310817048251374281 elapsed=337s
progress: nodes=3,520,000,000 tested=0 found=0 n=387937155223545082636767 elapsed=338s
progress: nodes=3,530,000,000 tested=0 found=0 n=529077846853624062203781 elapsed=339s
progress: nodes=3,540,000,000 tested=0 found=0 n=406683787444070054860227 elapsed=340s
progress: nodes=3,550,000,000 tested=0 found=0 n=435463414203171874839891 elapsed=341s
progress: nodes=3,560,000,000 tested=0 found=0 n=93349865412419642468013 elapsed=342s
progress: nodes=3,570,000,000 tested=0 found=0 n=8361780471935707840881 elapsed=343s
progress: nodes=3,580,000,000 tested=0 found=0 n=111689412495985482681237 elapsed=344s
progress: nodes=3,590,000,000 tested=0 found=0 n=76295231218837718477247 elapsed=345s
progress: nodes=3,600,000,000 tested=0 found=0 n=594338310189775488895701 elapsed=345s
progress: nodes=3,610,000,000 tested=0 found=0 n=3791420158682571111411 elapsed=346s
progress: nodes=3,620,000,000 tested=0 found=0 n=397689049895674069571181 elapsed=347s
progress: nodes=3,630,000,000 tested=0 found=0 n=193557163527880916589969 elapsed=348s
progress: nodes=3,640,000,000 tested=0 found=0 n=11771671943954497973541 elapsed=349s
progress: nodes=3,650,000,000 tested=0 found=0 n=276994099995529050176757 elapsed=350s
progress: nodes=3,660,000,000 tested=0 found=0 n=454450979453728627275477 elapsed=351s
progress: nodes=3,670,000,000 tested=0 found=0 n=712218074312531441531019 elapsed=352s
progress: nodes=3,680,000,000 tested=0 found=0 n=542045223309566096280303 elapsed=353s
progress: nodes=3,690,000,000 tested=0 found=0 n=660853881045506029148553 elapsed=354s
progress: nodes=3,700,000,000 tested=0 found=0 n=88328536970794420456299 elapsed=355s
progress: nodes=3,710,000,000 tested=0 found=0 n=151157960832847090744479 elapsed=356s
progress: nodes=3,720,000,000 tested=0 found=0 n=722533158097467346660173 elapsed=357s
progress: nodes=3,730,000,000 tested=0 found=0 n=62179979963568482636049 elapsed=358s
progress: nodes=3,740,000,000 tested=0 found=0 n=218608195869567856153659 elapsed=359s
progress: nodes=3,750,000,000 tested=0 found=0 n=997231396556664562144137 elapsed=360s
progress: nodes=3,760,000,000 tested=0 found=0 n=192779377831876328108187 elapsed=361s
progress: nodes=3,770,000,000 tested=0 found=0 n=263747020290071185646493 elapsed=362s
progress: nodes=3,780,000,000 tested=0 found=0 n=38077100705063778419919 elapsed=363s
progress: nodes=3,790,000,000 tested=0 found=0 n=862151269038051166888857 elapsed=364s
progress: nodes=3,800,000,000 tested=0 found=0 n=259583219312563187201589 elapsed=365s
progress: nodes=3,810,000,000 tested=0 found=0 n=5148823745724851348013 elapsed=366s
progress: nodes=3,820,000,000 tested=0 found=0 n=6021757689469310321247 elapsed=367s
progress: nodes=3,830,000,000 tested=0 found=0 n=946984191621140583223599 elapsed=368s
progress: nodes=3,840,000,000 tested=0 found=0 n=634159725122375050658631 elapsed=368s
progress: nodes=3,850,000,000 tested=0 found=0 n=381274726939890460561599 elapsed=370s
progress: nodes=3,860,000,000 tested=0 found=0 n=220675732925836701144489 elapsed=371s
progress: nodes=3,870,000,000 tested=0 found=0 n=247113099884086906444689 elapsed=372s
progress: nodes=3,880,000,000 tested=0 found=0 n=201547073496299414916747 elapsed=373s
progress: nodes=3,890,000,000 tested=0 found=0 n=163122876066112686780771 elapsed=374s
progress: nodes=3,900,000,000 tested=0 found=0 n=519484436455723915606287 elapsed=375s
progress: nodes=3,910,000,000 tested=0 found=0 n=77860260253960506898719 elapsed=376s
progress: nodes=3,920,000,000 tested=0 found=0 n=33496475157708014269389 elapsed=377s
progress: nodes=3,930,000,000 tested=0 found=0 n=34538337198585862273203 elapsed=378s
progress: nodes=3,940,000,000 tested=0 found=0 n=79250313426923078419551 elapsed=379s
progress: nodes=3,950,000,000 tested=0 found=0 n=589650839838147987694509 elapsed=380s
progress: nodes=3,960,000,000 tested=0 found=0 n=36171623461462388062449 elapsed=381s
progress: nodes=3,970,000,000 tested=0 found=0 n=749821971884553829570881 elapsed=381s
progress: nodes=3,980,000,000 tested=0 found=0 n=342101910810200763016509 elapsed=382s
progress: nodes=3,990,000,000 tested=0 found=0 n=351527382959737570361061 elapsed=383s
progress: nodes=4,000,000,000 tested=0 found=0 n=910970059861075701227169 elapsed=384s
progress: nodes=4,010,000,000 tested=0 found=0 n=799196612247866004174717 elapsed=385s
progress: nodes=4,020,000,000 tested=0 found=0 n=13995536816978294721 elapsed=386s
progress: nodes=4,030,000,000 tested=0 found=0 n=381874693695334289260239 elapsed=387s
progress: nodes=4,040,000,000 tested=0 found=0 n=19444931833344563081679 elapsed=388s
progress: nodes=4,050,000,000 tested=0 found=0 n=735064386148011889579467 elapsed=389s
progress: nodes=4,060,000,000 tested=0 found=0 n=32564828203866280372479 elapsed=390s
progress: nodes=4,070,000,000 tested=0 found=0 n=888497757343039361948859 elapsed=391s
progress: nodes=4,080,000,000 tested=0 found=0 n=482139316828101995625849 elapsed=392s
progress: nodes=4,090,000,000 tested=0 found=0 n=50130782669992578662823 elapsed=392s
progress: nodes=4,100,000,000 tested=0 found=0 n=520180689499233726158481 elapsed=393s
progress: nodes=4,110,000,000 tested=0 found=0 n=833477265307641137984229 elapsed=394s
progress: nodes=4,120,000,000 tested=0 found=0 n=294857409762698875150773 elapsed=395s
progress: nodes=4,130,000,000 tested=0 found=0 n=421797143409503661508137 elapsed=396s
progress: nodes=4,140,000,000 tested=0 found=0 n=357274522180283407421007 elapsed=397s
progress: nodes=4,150,000,000 tested=0 found=0 n=31647222986979015015171 elapsed=398s
progress: nodes=4,160,000,000 tested=0 found=0 n=717502432409841138022677 elapsed=399s
progress: nodes=4,170,000,000 tested=0 found=0 n=2142064516592833286883 elapsed=400s
progress: nodes=4,180,000,000 tested=0 found=0 n=317959889706098660154849 elapsed=400s
progress: nodes=4,190,000,000 tested=0 found=0 n=295758611541577343702829 elapsed=401s
progress: nodes=4,200,000,000 tested=0 found=0 n=790061125261056549991233 elapsed=402s
progress: nodes=4,210,000,000 tested=0 found=0 n=321791382160772857857381 elapsed=403s
progress: nodes=4,220,000,000 tested=0 found=0 n=2308038613346738436879 elapsed=404s
progress: nodes=4,230,000,000 tested=0 found=0 n=262696204103786775712533 elapsed=405s
progress: nodes=4,240,000,000 tested=0 found=0 n=262014760058428337376273 elapsed=406s
progress: nodes=4,250,000,000 tested=0 found=0 n=782458650329204428896459 elapsed=407s
progress: nodes=4,260,000,000 tested=0 found=0 n=947388433364200330477689 elapsed=408s
progress: nodes=4,270,000,000 tested=0 found=0 n=743683833729069693850533 elapsed=408s
progress: nodes=4,280,000,000 tested=0 found=0 n=517948680021329167153257 elapsed=409s
progress: nodes=4,290,000,000 tested=0 found=0 n=875550235642531494349161 elapsed=410s
progress: nodes=4,300,000,000 tested=0 found=0 n=683673386966219853467979 elapsed=411s
progress: nodes=4,310,000,000 tested=0 found=0 n=2380757541750440810529 elapsed=412s
progress: nodes=4,320,000,000 tested=0 found=0 n=404016598900984463644107 elapsed=413s
progress: nodes=4,330,000,000 tested=0 found=0 n=161403794235879073892871 elapsed=414s
progress: nodes=4,340,000,000 tested=0 found=0 n=853904031195242354433249 elapsed=415s
progress: nodes=4,350,000,000 tested=0 found=0 n=560288762201840447917713 elapsed=416s
progress: nodes=4,360,000,000 tested=0 found=0 n=334087500024719463595287 elapsed=417s
progress: nodes=4,370,000,000 tested=0 found=0 n=960264732680930631221553 elapsed=417s
progress: nodes=4,380,000,000 tested=0 found=0 n=996241611942122118679821 elapsed=418s
progress: nodes=4,390,000,000 tested=0 found=0 n=817472294055234510524403 elapsed=419s
progress: nodes=4,400,000,000 tested=0 found=0 n=699853627167841883803209 elapsed=420s
progress: nodes=4,410,000,000 tested=0 found=0 n=859282711652358490784001 elapsed=421s
progress: nodes=4,420,000,000 tested=0 found=0 n=722017496108829828064443 elapsed=422s
progress: nodes=4,430,000,000 tested=0 found=0 n=788147338161408943780491 elapsed=423s
progress: nodes=4,440,000,000 tested=0 found=0 n=527097932826594619301097 elapsed=424s
progress: nodes=4,450,000,000 tested=0 found=0 n=756259373619947904192057 elapsed=425s
progress: nodes=4,460,000,000 tested=0 found=0 n=156150045628960208441187 elapsed=426s
progress: nodes=4,470,000,000 tested=0 found=0 n=842598399990001199502243 elapsed=426s
progress: nodes=4,480,000,000 tested=0 found=0 n=866260828228322805808101 elapsed=427s
progress: nodes=4,490,000,000 tested=0 found=0 n=246138919951924279115979 elapsed=428s
progress: nodes=4,500,000,000 tested=0 found=0 n=917328810189409282021929 elapsed=429s
progress: nodes=4,510,000,000 tested=0 found=0 n=964032092198379793817943 elapsed=429s
progress: nodes=4,520,000,000 tested=0 found=0 n=364968304335149511244677 elapsed=430s
progress: nodes=4,530,000,000 tested=0 found=0 n=131968498902591184984293 elapsed=431s
progress: nodes=4,540,000,000 tested=0 found=0 n=221661845008858977344193 elapsed=432s
progress: nodes=4,550,000,000 tested=0 found=0 n=648971682087939522475449 elapsed=432s
progress: nodes=4,560,000,000 tested=0 found=0 n=478504192180606913595417 elapsed=433s
progress: nodes=4,570,000,000 tested=0 found=0 n=681533629787823594706353 elapsed=434s
progress: nodes=4,580,000,000 tested=0 found=0 n=270054498367272892450749 elapsed=435s
progress: nodes=4,590,000,000 tested=0 found=0 n=200024272879241968872429 elapsed=435s
progress: nodes=4,600,000,000 tested=0 found=0 n=461178114075015309726897 elapsed=436s
progress: nodes=4,610,000,000 tested=0 found=0 n=146061159529297873571139 elapsed=437s
progress: nodes=4,620,000,000 tested=0 found=0 n=187585463035464711154509 elapsed=438s
progress: nodes=4,630,000,000 tested=0 found=0 n=593638368341336105527311 elapsed=439s
progress: nodes=4,640,000,000 tested=0 found=0 n=420568401171798747839829 elapsed=439s
progress: nodes=4,650,000,000 tested=0 found=0 n=366405174958058221813113 elapsed=440s
progress: nodes=4,660,000,000 tested=0 found=0 n=566787491630208184765143 elapsed=441s
progress: nodes=4,670,000,000 tested=0 found=0 n=404949306314675874200163 elapsed=442s
progress: nodes=4,680,000,000 tested=0 found=0 n=545702955754375271155017 elapsed=443s
progress: nodes=4,690,000,000 tested=0 found=0 n=213492085127130667538967 elapsed=443s
progress: nodes=4,700,000,000 tested=0 found=0 n=521761390124191452960153 elapsed=444s
progress: nodes=4,710,000,000 tested=0 found=0 n=117364456701785641275213 elapsed=445s
progress: nodes=4,720,000,000 tested=0 found=0 n=626931928044649408049583 elapsed=446s
progress: nodes=4,730,000,000 tested=0 found=0 n=580461787135395194507049 elapsed=447s
progress: nodes=4,740,000,000 tested=0 found=0 n=150847578483557305173681 elapsed=447s
progress: nodes=4,750,000,000 tested=0 found=0 n=349216232184366975257973 elapsed=448s
progress: nodes=4,760,000,000 tested=0 found=0 n=119111446780193332066173 elapsed=449s
progress: nodes=4,770,000,000 tested=0 found=0 n=559283820854675603976003 elapsed=450s
progress: nodes=4,780,000,000 tested=0 found=0 n=110141562761437371350043 elapsed=451s
progress: nodes=4,790,000,000 tested=0 found=0 n=543965641687096567876509 elapsed=451s
progress: nodes=4,800,000,000 tested=0 found=0 n=250627192374265738656339 elapsed=452s
progress: nodes=4,810,000,000 tested=0 found=0 n=419562506450321776736337 elapsed=453s
progress: nodes=4,820,000,000 tested=0 found=0 n=272584760824237472332293 elapsed=454s
progress: nodes=4,830,000,000 tested=0 found=0 n=427305361907008804932141 elapsed=454s
progress: nodes=4,840,000,000 tested=0 found=0 n=211912556243652359595357 elapsed=455s
progress: nodes=4,850,000,000 tested=0 found=0 n=198275641043938049762313 elapsed=456s
progress: nodes=4,860,000,000 tested=0 found=0 n=419940991988479608949731 elapsed=457s
progress: nodes=4,870,000,000 tested=0 found=0 n=299288324790870050680473 elapsed=458s
progress: nodes=4,880,000,000 tested=0 found=0 n=437338243028525338778421 elapsed=458s
progress: nodes=4,890,000,000 tested=0 found=0 n=227972971169600922549141 elapsed=459s
progress: nodes=4,900,000,000 tested=0 found=0 n=222906340049988430702581 elapsed=460s
progress: nodes=4,910,000,000 tested=0 found=0 n=136787870139183442349313 elapsed=461s
progress: nodes=4,920,000,000 tested=0 found=0 n=219563174179531923756873 elapsed=462s
progress: nodes=4,930,000,000 tested=0 found=0 n=265176080558409930752271 elapsed=462s
progress: nodes=4,940,000,000 tested=0 found=0 n=170960573308621039698183 elapsed=463s
progress: nodes=4,950,000,000 tested=0 found=0 n=216748204716476117118291 elapsed=464s
progress: nodes=4,960,000,000 tested=0 found=0 n=258794848303511599651143 elapsed=465s
progress: nodes=4,970,000,000 tested=0 found=0 n=349956815603867693554047 elapsed=466s
progress: nodes=4,980,000,000 tested=0 found=0 n=180460226505099890413779 elapsed=466s
progress: nodes=4,990,000,000 tested=0 found=0 n=197308085019444205622673 elapsed=467s
progress: nodes=5,000,000,000 tested=0 found=0 n=297662848358046235966473 elapsed=468s
progress: nodes=5,010,000,000 tested=0 found=0 n=352619932472156929478613 elapsed=469s
progress: nodes=5,020,000,000 tested=0 found=0 n=182301657895408359783189 elapsed=470s
progress: nodes=5,030,000,000 tested=0 found=0 n=323174571792278683667619 elapsed=470s
progress: nodes=5,040,000,000 tested=0 found=0 n=269264767166730213360339 elapsed=471s
progress: nodes=5,050,000,000 tested=0 found=0 n=365349514915281060759309 elapsed=472s
progress: nodes=5,060,000,000 tested=0 found=0 n=322191766073954149465521 elapsed=473s
progress: nodes=5,070,000,000 tested=0 found=0 n=225083317114913295623871 elapsed=474s
progress: nodes=5,080,000,000 tested=0 found=0 n=354314860494274061638113 elapsed=474s
progress: nodes=5,090,000,000 tested=0 found=0 n=322676080585638235879137 elapsed=475s
progress: nodes=5,100,000,000 tested=0 found=0 n=378554880473470168873977 elapsed=476s
progress: nodes=5,110,000,000 tested=0 found=0 n=344131881426788451351069 elapsed=477s
progress: nodes=5,120,000,000 tested=0 found=0 n=318351573883640296197627 elapsed=478s
progress: nodes=5,130,000,000 tested=0 found=0 n=311029002789666313384947 elapsed=479s
progress: nodes=5,140,000,000 tested=0 found=0 n=369089284613030940823293 elapsed=479s
progress: nodes=5,150,000,000 tested=0 found=0 n=279778296110193365369313 elapsed=480s
progress: nodes=5,160,000,000 tested=0 found=0 n=217290212721771756388107 elapsed=481s
progress: nodes=5,170,000,000 tested=0 found=0 n=17127803171001096763761 elapsed=482s
progress: nodes=5,180,000,000 tested=0 found=0 n=679593686623366602694893 elapsed=483s
progress: nodes=5,190,000,000 tested=0 found=0 n=175640902715962328060559 elapsed=484s
progress: nodes=5,200,000,000 tested=0 found=0 n=9406911558011806112703 elapsed=485s
progress: nodes=5,210,000,000 tested=0 found=0 n=144783230698726742719311 elapsed=485s
progress: nodes=5,220,000,000 tested=0 found=0 n=280839466831634241333231 elapsed=486s
progress: nodes=5,230,000,000 tested=0 found=0 n=998124575919215562134889 elapsed=487s
progress: nodes=5,240,000,000 tested=0 found=0 n=168533719260506998752783 elapsed=488s
progress: nodes=5,250,000,000 tested=0 found=0 n=954492521501254738159443 elapsed=489s
progress: nodes=5,260,000,000 tested=0 found=0 n=856840684079248049848953 elapsed=490s
progress: nodes=5,270,000,000 tested=0 found=0 n=873452253412634543847771 elapsed=491s
progress: nodes=5,280,000,000 tested=0 found=0 n=527989150833825032477697 elapsed=492s
progress: nodes=5,290,000,000 tested=0 found=0 n=726140179126534381265199 elapsed=493s
progress: nodes=5,300,000,000 tested=0 found=0 n=465085863803924089325313 elapsed=494s
progress: nodes=5,310,000,000 tested=0 found=0 n=217376234876130295967859 elapsed=495s
progress: nodes=5,320,000,000 tested=0 found=0 n=262456211961514825151469 elapsed=496s
progress: nodes=5,330,000,000 tested=0 found=0 n=299337633034016722699983 elapsed=497s
progress: nodes=5,340,000,000 tested=0 found=0 n=348838126449494570832801 elapsed=498s
progress: nodes=5,350,000,000 tested=0 found=0 n=320364899934708267414633 elapsed=499s
progress: nodes=5,360,000,000 tested=0 found=0 n=526370845261841368146501 elapsed=500s
progress: nodes=5,370,000,000 tested=0 found=0 n=272766689270007601993467 elapsed=501s
progress: nodes=5,380,000,000 tested=0 found=0 n=749078255460608346157599 elapsed=502s
progress: nodes=5,390,000,000 tested=0 found=0 n=224881861371084703125483 elapsed=503s
progress: nodes=5,400,000,000 tested=0 found=0 n=556107485917962964445031 elapsed=504s
progress: nodes=5,410,000,000 tested=0 found=0 n=211773225845234838583227 elapsed=505s
progress: nodes=5,420,000,000 tested=0 found=0 n=594433692336614194324689 elapsed=506s
progress: nodes=5,430,000,000 tested=0 found=0 n=522056689444489537944177 elapsed=507s
progress: nodes=5,440,000,000 tested=0 found=0 n=135526773125118597403467 elapsed=508s
progress: nodes=5,450,000,000 tested=0 found=0 n=440310160878854176254201 elapsed=509s
progress: nodes=5,460,000,000 tested=0 found=0 n=38402499225239483504313 elapsed=510s
progress: nodes=5,470,000,000 tested=0 found=0 n=363566604580532952696669 elapsed=511s
progress: nodes=5,480,000,000 tested=0 found=0 n=281038052288499012339261 elapsed=512s
progress: nodes=5,490,000,000 tested=0 found=0 n=265159285976520206853153 elapsed=513s
progress: nodes=5,500,000,000 tested=0 found=0 n=628672329619951774883583 elapsed=514s
progress: nodes=5,510,000,000 tested=0 found=0 n=807508592348330204952477 elapsed=515s
progress: nodes=5,520,000,000 tested=0 found=0 n=559305064079514225513183 elapsed=516s
progress: nodes=5,530,000,000 tested=0 found=0 n=720929632109591062897167 elapsed=517s
progress: nodes=5,540,000,000 tested=0 found=0 n=812816146258984365183543 elapsed=518s
progress: nodes=5,550,000,000 tested=0 found=0 n=900053062708823782626153 elapsed=519s
progress: nodes=5,560,000,000 tested=0 found=0 n=597442353895551136084827 elapsed=520s
progress: nodes=5,570,000,000 tested=0 found=0 n=901709441346282532882347 elapsed=521s
progress: nodes=5,580,000,000 tested=0 found=0 n=772319836637757932093427 elapsed=522s
progress: nodes=5,590,000,000 tested=0 found=0 n=204582284146774502435181 elapsed=523s
progress: nodes=5,600,000,000 tested=0 found=0 n=774503966452603100957529 elapsed=524s
progress: nodes=5,610,000,000 tested=0 found=0 n=555150178834473956585709 elapsed=525s
progress: nodes=5,620,000,000 tested=0 found=0 n=194636719344779592385791 elapsed=527s
progress: nodes=5,630,000,000 tested=0 found=0 n=150993873882361579819893 elapsed=528s
progress: nodes=5,640,000,000 tested=0 found=0 n=792200074871962088297823 elapsed=529s
progress: nodes=5,650,000,000 tested=0 found=0 n=149142311169464338345191 elapsed=530s
progress: nodes=5,660,000,000 tested=0 found=0 n=451447107594411825949767 elapsed=531s
progress: nodes=5,670,000,000 tested=0 found=0 n=72735675829522311379917 elapsed=532s
progress: nodes=5,680,000,000 tested=0 found=0 n=337947375277000279365861 elapsed=533s
progress: nodes=5,690,000,000 tested=0 found=0 n=80553528506111201882913 elapsed=534s
progress: nodes=5,700,000,000 tested=0 found=0 n=122702353899136267704591 elapsed=535s
progress: nodes=5,710,000,000 tested=0 found=0 n=476850175875664884174453 elapsed=536s
progress: nodes=5,720,000,000 tested=0 found=0 n=58533918478061188549101 elapsed=537s
progress: nodes=5,730,000,000 tested=0 found=0 n=588728646151318809938373 elapsed=538s
progress: nodes=5,740,000,000 tested=0 found=0 n=80685515213384619606783 elapsed=539s
progress: nodes=5,750,000,000 tested=0 found=0 n=758483117759246863273719 elapsed=540s
progress: nodes=5,760,000,000 tested=0 found=0 n=665969332665919433335899 elapsed=541s
progress: nodes=5,770,000,000 tested=0 found=0 n=564714329199017214009507 elapsed=542s
progress: nodes=5,780,000,000 tested=0 found=0 n=319786063813689868513833 elapsed=543s
progress: nodes=5,790,000,000 tested=0 found=0 n=96837227094905191120083 elapsed=544s
progress: nodes=5,800,000,000 tested=0 found=0 n=46447570184272099238253 elapsed=545s
progress: nodes=5,810,000,000 tested=0 found=0 n=674626933161417443943021 elapsed=545s
progress: nodes=5,820,000,000 tested=0 found=0 n=107635718802213494039433 elapsed=546s
progress: nodes=5,830,000,000 tested=0 found=0 n=72884585675907439640349 elapsed=547s
progress: nodes=5,840,000,000 tested=0 found=0 n=34474824502999352411511 elapsed=548s
progress: nodes=5,850,000,000 tested=0 found=0 n=30363816603436379081733 elapsed=549s
progress: nodes=5,860,000,000 tested=0 found=0 n=941856432139365309340059 elapsed=550s
progress: nodes=5,870,000,000 tested=0 found=0 n=770925538041059983377081 elapsed=551s
progress: nodes=5,880,000,000 tested=0 found=0 n=21885290928233269993599 elapsed=552s
progress: nodes=5,890,000,000 tested=0 found=0 n=930698192126147581856577 elapsed=552s
progress: nodes=5,900,000,000 tested=0 found=0 n=148869850073630786529 elapsed=553s
progress: nodes=5,910,000,000 tested=0 found=0 n=986317252944398639282733 elapsed=554s
progress: nodes=5,920,000,000 tested=0 found=0 n=977150406613267109618967 elapsed=555s
progress: nodes=5,930,000,000 tested=0 found=0 n=662219344456893612448917 elapsed=556s
progress: nodes=5,940,000,000 tested=0 found=0 n=332620156740877626998091 elapsed=558s
progress: nodes=5,950,000,000 tested=0 found=0 n=64957311358406645375769 elapsed=559s
progress: nodes=5,960,000,000 tested=0 found=0 n=91317773718291864779607 elapsed=560s
progress: nodes=5,970,000,000 tested=0 found=0 n=137507696788960061031039 elapsed=561s
progress: nodes=5,980,000,000 tested=0 found=0 n=723833939057165944536243 elapsed=562s
progress: nodes=5,990,000,000 tested=0 found=0 n=158025863829118987033761 elapsed=563s
progress: nodes=6,000,000,000 tested=0 found=0 n=502227576603276983993391 elapsed=564s
progress: nodes=6,010,000,000 tested=0 found=0 n=871302717465875818900491 elapsed=565s
progress: nodes=6,020,000,000 tested=0 found=0 n=752507020792537601958939 elapsed=566s
progress: nodes=6,030,000,000 tested=0 found=0 n=132694370657745150719751 elapsed=567s
progress: nodes=6,040,000,000 tested=0 found=0 n=477628228437406436633529 elapsed=568s
progress: nodes=6,050,000,000 tested=0 found=0 n=301595455158257429303277 elapsed=569s
progress: nodes=6,060,000,000 tested=0 found=0 n=561717356555371331456427 elapsed=569s
progress: nodes=6,070,000,000 tested=0 found=0 n=177844373343448357540137 elapsed=570s
progress: nodes=6,080,000,000 tested=0 found=0 n=210599294171699097383433 elapsed=571s
progress: nodes=6,090,000,000 tested=0 found=0 n=184623058085649262711203 elapsed=572s
progress: nodes=6,100,000,000 tested=0 found=0 n=903611538490313147895543 elapsed=573s
progress: nodes=6,110,000,000 tested=0 found=0 n=963872112497910926044449 elapsed=574s
progress: nodes=6,120,000,000 tested=0 found=0 n=23954560459095953954553 elapsed=575s
progress: nodes=6,130,000,000 tested=0 found=0 n=24592998741531420381753 elapsed=576s
progress: nodes=6,140,000,000 tested=0 found=0 n=769629462358814852016651 elapsed=577s
progress: nodes=6,150,000,000 tested=0 found=0 n=531175376620419552879 elapsed=577s
progress: nodes=6,160,000,000 tested=0 found=0 n=627031301243049198943161 elapsed=578s
progress: nodes=6,170,000,000 tested=0 found=0 n=5886708399398506284033 elapsed=579s
progress: nodes=6,180,000,000 tested=0 found=0 n=934909122210310719933747 elapsed=580s
progress: nodes=6,190,000,000 tested=0 found=0 n=977290381220930765440881 elapsed=581s
progress: nodes=6,200,000,000 tested=0 found=0 n=372035399496356996331789 elapsed=582s
progress: nodes=6,210,000,000 tested=0 found=0 n=509302034116381582805157 elapsed=583s
progress: nodes=6,220,000,000 tested=0 found=0 n=717496428135596313464403 elapsed=584s
progress: nodes=6,230,000,000 tested=0 found=0 n=338629589313469113095007 elapsed=586s
progress: nodes=6,240,000,000 tested=0 found=0 n=737359785214721909152341 elapsed=587s
progress: nodes=6,250,000,000 tested=0 found=0 n=128823618274494698123283 elapsed=588s
progress: nodes=6,260,000,000 tested=0 found=0 n=99682337959311317949453 elapsed=589s
progress: nodes=6,270,000,000 tested=0 found=0 n=485578328699725339381017 elapsed=590s
progress: nodes=6,280,000,000 tested=0 found=0 n=150159451643554952573403 elapsed=591s
progress: nodes=6,290,000,000 tested=0 found=0 n=651684340801145094798927 elapsed=592s
progress: nodes=6,300,000,000 tested=0 found=0 n=444002540681416436852847 elapsed=593s
progress: nodes=6,310,000,000 tested=0 found=0 n=343693764887141149401063 elapsed=594s
progress: nodes=6,320,000,000 tested=0 found=0 n=33389205397008897926919 elapsed=595s
progress: nodes=6,330,000,000 tested=0 found=0 n=16800789935506332432963 elapsed=596s
progress: nodes=6,340,000,000 tested=0 found=0 n=15503182305958353716853 elapsed=596s
progress: nodes=6,350,000,000 tested=0 found=0 n=989798701457469183585591 elapsed=597s
progress: nodes=6,360,000,000 tested=0 found=0 n=300856120008202351741863 elapsed=598s
progress: nodes=6,370,000,000 tested=0 found=0 n=837428425380844176543807 elapsed=599s
progress: nodes=6,380,000,000 tested=0 found=0 n=2066639818354988828523 elapsed=600s
progress: nodes=6,390,000,000 tested=0 found=0 n=4539218617324585087179 elapsed=601s
progress: nodes=6,400,000,000 tested=0 found=0 n=9979668408727170054759 elapsed=602s
progress: nodes=6,410,000,000 tested=0 found=0 n=720069121879692194926173 elapsed=602s
progress: nodes=6,420,000,000 tested=0 found=0 n=225099310546540013940213 elapsed=603s
progress: nodes=6,430,000,000 tested=0 found=0 n=593175887623819641715431 elapsed=604s
progress: nodes=6,440,000,000 tested=0 found=0 n=18328342464620976526167 elapsed=605s
progress: nodes=6,450,000,000 tested=0 found=0 n=14392609824176858738607 elapsed=606s
progress: nodes=6,460,000,000 tested=0 found=0 n=939694381242486415827567 elapsed=607s
progress: nodes=6,470,000,000 tested=0 found=0 n=588136894306705875541839 elapsed=608s
progress: nodes=6,480,000,000 tested=0 found=0 n=92017131164695730668389 elapsed=609s
progress: nodes=6,490,000,000 tested=0 found=0 n=163823514772039096774371 elapsed=610s
progress: nodes=6,500,000,000 tested=0 found=0 n=411182069308040146828569 elapsed=611s
progress: nodes=6,510,000,000 tested=0 found=0 n=94220304700297922430141 elapsed=612s
progress: nodes=6,520,000,000 tested=0 found=0 n=489525562336526182167987 elapsed=613s
progress: nodes=6,530,000,000 tested=0 found=0 n=102377930548187975382273 elapsed=614s
progress: nodes=6,540,000,000 tested=0 found=0 n=117110543318816834983053 elapsed=615s
progress: nodes=6,550,000,000 tested=0 found=0 n=58637257889886176717931 elapsed=616s
progress: nodes=6,560,000,000 tested=0 found=0 n=38166752732101107123867 elapsed=617s
progress: nodes=6,570,000,000 tested=0 found=0 n=10768450143806256478863 elapsed=618s
progress: nodes=6,580,000,000 tested=0 found=0 n=411951046627803377611059 elapsed=619s
progress: nodes=6,590,000,000 tested=0 found=0 n=239433114536126924598471 elapsed=619s
progress: nodes=6,600,000,000 tested=0 found=0 n=253331222546926793200503 elapsed=620s
progress: nodes=6,610,000,000 tested=0 found=0 n=200615376723039690414717 elapsed=621s
progress: nodes=6,620,000,000 tested=0 found=0 n=462172602708387486626997 elapsed=622s
progress: nodes=6,630,000,000 tested=0 found=0 n=361355978250848477303979 elapsed=623s
progress: nodes=6,640,000,000 tested=0 found=0 n=867005425211706633064641 elapsed=624s
progress: nodes=6,650,000,000 tested=0 found=0 n=918381180455277321877809 elapsed=625s
progress: nodes=6,660,000,000 tested=0 found=0 n=257471281128632937336399 elapsed=626s
progress: nodes=6,670,000,000 tested=0 found=0 n=163157410113145772884131 elapsed=627s
progress: nodes=6,680,000,000 tested=0 found=0 n=691499301283670148543417 elapsed=628s
progress: nodes=6,690,000,000 tested=0 found=0 n=362454820310468190269679 elapsed=629s
progress: nodes=6,700,000,000 tested=0 found=0 n=670440519633456288004431 elapsed=630s
progress: nodes=6,710,000,000 tested=0 found=0 n=140854194594701729327901 elapsed=631s
progress: nodes=6,720,000,000 tested=0 found=0 n=135316546091709794735781 elapsed=632s
progress: nodes=6,730,000,000 tested=0 found=0 n=404235369762157296338547 elapsed=633s
progress: nodes=6,740,000,000 tested=0 found=0 n=26205315093028994947167 elapsed=634s
progress: nodes=6,750,000,000 tested=0 found=0 n=837099966856371573475263 elapsed=635s
progress: nodes=6,760,000,000 tested=0 found=0 n=18902941369586966040063 elapsed=636s
progress: nodes=6,770,000,000 tested=0 found=0 n=105016425967505630360211 elapsed=637s
progress: nodes=6,780,000,000 tested=0 found=0 n=990096137395104014800239 elapsed=638s
progress: nodes=6,790,000,000 tested=0 found=0 n=177876222255022562085243 elapsed=639s
progress: nodes=6,800,000,000 tested=0 found=0 n=7086240564150042919767 elapsed=639s
progress: nodes=6,810,000,000 tested=0 found=0 n=28719946954161064799769 elapsed=640s
progress: nodes=6,820,000,000 tested=0 found=0 n=2892169318963507229361 elapsed=641s
progress: nodes=6,830,000,000 tested=0 found=0 n=967559218783858159971369 elapsed=642s
progress: nodes=6,840,000,000 tested=0 found=0 n=505262840601812655777987 elapsed=643s
progress: nodes=6,850,000,000 tested=0 found=0 n=144039284587996356178191 elapsed=644s
progress: nodes=6,860,000,000 tested=0 found=0 n=859324758539217261180747 elapsed=645s
progress: nodes=6,870,000,000 tested=0 found=0 n=197242308088321514046171 elapsed=646s
progress: nodes=6,880,000,000 tested=0 found=0 n=226965386181103363585077 elapsed=647s
progress: nodes=6,890,000,000 tested=0 found=0 n=948206547999330853379289 elapsed=648s
progress: nodes=6,900,000,000 tested=0 found=0 n=26333415546431759761281 elapsed=649s
progress: nodes=6,910,000,000 tested=0 found=0 n=783518887466260971798201 elapsed=650s
progress: nodes=6,920,000,000 tested=0 found=0 n=217091060322498757477797 elapsed=651s
progress: nodes=6,930,000,000 tested=0 found=0 n=579673402337828580205281 elapsed=652s
progress: nodes=6,940,000,000 tested=0 found=0 n=683553205746150364039701 elapsed=653s
progress: nodes=6,950,000,000 tested=0 found=0 n=772019020821917870305161 elapsed=654s
progress: nodes=6,960,000,000 tested=0 found=0 n=943689448329578191569471 elapsed=655s
progress: nodes=6,970,000,000 tested=0 found=0 n=6386565075798027932097 elapsed=656s
progress: nodes=6,980,000,000 tested=0 found=0 n=6914093130711667204161 elapsed=657s
progress: nodes=6,990,000,000 tested=0 found=0 n=583563947045748628752507 elapsed=657s
progress: nodes=7,000,000,000 tested=0 found=0 n=814957131833413733988681 elapsed=658s
progress: nodes=7,010,000,000 tested=0 found=0 n=865736694225402058736391 elapsed=659s
progress: nodes=7,020,000,000 tested=0 found=0 n=5732157201845393118657 elapsed=660s
progress: nodes=7,030,000,000 tested=0 found=0 n=488647069365036513230871 elapsed=661s
progress: nodes=7,040,000,000 tested=0 found=0 n=1073358064683577306491 elapsed=662s
progress: nodes=7,050,000,000 tested=0 found=0 n=5482282204396941997911 elapsed=663s
progress: nodes=7,060,000,000 tested=0 found=0 n=942658761544507257391713 elapsed=664s
progress: nodes=7,070,000,000 tested=0 found=0 n=732429751656417266257377 elapsed=665s
progress: nodes=7,080,000,000 tested=0 found=0 n=190847631256563305789193 elapsed=666s
progress: nodes=7,090,000,000 tested=0 found=0 n=699894625659573361307433 elapsed=667s
progress: nodes=7,100,000,000 tested=0 found=0 n=590569188796719382088553 elapsed=668s
progress: nodes=7,110,000,000 tested=0 found=0 n=451433822389113154025721 elapsed=669s
progress: nodes=7,120,000,000 tested=0 found=0 n=665618810315011761813891 elapsed=670s
progress: nodes=7,130,000,000 tested=0 found=0 n=964334933843270913862653 elapsed=671s
progress: nodes=7,140,000,000 tested=0 found=0 n=673830468791300229573021 elapsed=672s
progress: nodes=7,150,000,000 tested=0 found=0 n=631309738082246566415787 elapsed=672s
progress: nodes=7,160,000,000 tested=0 found=0 n=30938995088842442814069 elapsed=673s
progress: nodes=7,170,000,000 tested=0 found=0 n=740659540922249067453477 elapsed=674s
progress: nodes=7,180,000,000 tested=0 found=0 n=525906078252128487251481 elapsed=675s
progress: nodes=7,190,000,000 tested=0 found=0 n=439296179160991150850709 elapsed=676s
progress: nodes=7,200,000,000 tested=0 found=0 n=451483270567078966357713 elapsed=677s
progress: nodes=7,210,000,000 tested=0 found=0 n=666836625649267226979969 elapsed=678s
progress: nodes=7,220,000,000 tested=0 found=0 n=856788418843642938621111 elapsed=679s
progress: nodes=7,230,000,000 tested=0 found=0 n=10695944526780565184847 elapsed=680s
progress: nodes=7,240,000,000 tested=0 found=0 n=719585283535920919202943 elapsed=681s
progress: nodes=7,250,000,000 tested=0 found=0 n=879104280416241807662163 elapsed=682s
progress: nodes=7,260,000,000 tested=0 found=0 n=591962715683254913929503 elapsed=683s
progress: nodes=7,270,000,000 tested=0 found=0 n=735375833441089993277697 elapsed=684s
progress: nodes=7,280,000,000 tested=0 found=0 n=400954052662765614860133 elapsed=685s
progress: nodes=7,290,000,000 tested=0 found=0 n=23740395405850075365699 elapsed=686s
progress: nodes=7,300,000,000 tested=0 found=0 n=37191411345806987236539 elapsed=686s
progress: nodes=7,310,000,000 tested=0 found=0 n=917544606898271655076917 elapsed=687s
progress: nodes=7,320,000,000 tested=0 found=0 n=586538877372471621762879 elapsed=688s
progress: nodes=7,330,000,000 tested=0 found=0 n=726428435731793016076569 elapsed=689s
progress: nodes=7,340,000,000 tested=0 found=0 n=593261658030523860383577 elapsed=690s
progress: nodes=7,350,000,000 tested=0 found=0 n=503919394540386802841721 elapsed=691s
progress: nodes=7,360,000,000 tested=0 found=0 n=559848131736882111394557 elapsed=692s
progress: nodes=7,370,000,000 tested=0 found=0 n=332307818791484533967541 elapsed=693s
progress: nodes=7,380,000,000 tested=0 found=0 n=806591910778368489564933 elapsed=694s
progress: nodes=7,390,000,000 tested=0 found=0 n=323906105376144615791181 elapsed=695s
progress: nodes=7,400,000,000 tested=0 found=0 n=563641312937392961698713 elapsed=696s
progress: nodes=7,410,000,000 tested=0 found=0 n=844610454790111035272103 elapsed=697s
progress: nodes=7,420,000,000 tested=0 found=0 n=1150776714314963938917 elapsed=698s
progress: nodes=7,430,000,000 tested=0 found=0 n=989096865356782164998301 elapsed=699s
progress: nodes=7,440,000,000 tested=0 found=0 n=997951576509342050956503 elapsed=700s
progress: nodes=7,450,000,000 tested=0 found=0 n=740729670427192815078567 elapsed=701s
progress: nodes=7,460,000,000 tested=0 found=0 n=762801965502764916871857 elapsed=702s
progress: nodes=7,470,000,000 tested=0 found=0 n=949063237446035254524267 elapsed=703s
progress: nodes=7,480,000,000 tested=0 found=0 n=484619283990430412547009 elapsed=704s
progress: nodes=7,490,000,000 tested=0 found=0 n=80458783972344931949367 elapsed=705s
progress: nodes=7,500,000,000 tested=0 found=0 n=727442304004749983059839 elapsed=705s
progress: nodes=7,510,000,000 tested=0 found=0 n=505359116108774814921177 elapsed=706s
progress: nodes=7,520,000,000 tested=0 found=0 n=600641994268742843249547 elapsed=707s
progress: nodes=7,530,000,000 tested=0 found=0 n=703898084375186143279551 elapsed=708s
progress: nodes=7,540,000,000 tested=0 found=0 n=281468460775455996770013 elapsed=709s
progress: nodes=7,550,000,000 tested=0 found=0 n=16207959354153876934053 elapsed=710s
progress: nodes=7,560,000,000 tested=0 found=0 n=678027479844347716526157 elapsed=711s
progress: nodes=7,570,000,000 tested=0 found=0 n=528414409486508770473963 elapsed=712s
progress: nodes=7,580,000,000 tested=0 found=0 n=5445083932072351203351 elapsed=713s
progress: nodes=7,590,000,000 tested=0 found=0 n=204773752319101057211691 elapsed=714s
progress: nodes=7,600,000,000 tested=0 found=0 n=946751264150918036410743 elapsed=715s
progress: nodes=7,610,000,000 tested=0 found=0 n=215070559299894142299741 elapsed=716s
progress: nodes=7,620,000,000 tested=0 found=0 n=217748721099138212859447 elapsed=717s
progress: nodes=7,630,000,000 tested=0 found=0 n=490487656797361681903731 elapsed=718s
progress: nodes=7,640,000,000 tested=0 found=0 n=95028329911331648449761 elapsed=719s
progress: nodes=7,650,000,000 tested=0 found=0 n=961381760994859692909993 elapsed=720s
progress: nodes=7,660,000,000 tested=0 found=0 n=500163818269327430528739 elapsed=721s
progress: nodes=7,670,000,000 tested=0 found=0 n=213699316440923616577989 elapsed=722s
progress: nodes=7,680,000,000 tested=0 found=0 n=852472715361721264345821 elapsed=723s
progress: nodes=7,690,000,000 tested=0 found=0 n=121310582419982331044097 elapsed=724s
progress: nodes=7,700,000,000 tested=0 found=0 n=92817509078218969147389 elapsed=725s
progress: nodes=7,710,000,000 tested=0 found=0 n=137777609855188914412659 elapsed=726s
progress: nodes=7,720,000,000 tested=0 found=0 n=446667258089791001535987 elapsed=727s
progress: nodes=7,730,000,000 tested=0 found=0 n=852958521222704786317857 elapsed=728s
progress: nodes=7,740,000,000 tested=0 found=0 n=592938621434686939347507 elapsed=729s
progress: nodes=7,750,000,000 tested=0 found=0 n=776341996486397121594099 elapsed=730s
progress: nodes=7,760,000,000 tested=0 found=0 n=761931663884368756359009 elapsed=731s
progress: nodes=7,770,000,000 tested=0 found=0 n=737932447165088534699769 elapsed=732s
progress: nodes=7,780,000,000 tested=0 found=0 n=367808159197776750883287 elapsed=733s
progress: nodes=7,790,000,000 tested=0 found=0 n=864807097737495078524787 elapsed=734s
progress: nodes=7,800,000,000 tested=0 found=0 n=152847990112615270354167 elapsed=735s
progress: nodes=7,810,000,000 tested=0 found=0 n=913606004268631901252883 elapsed=736s
progress: nodes=7,820,000,000 tested=0 found=0 n=103635043109167166180727 elapsed=737s
progress: nodes=7,830,000,000 tested=0 found=0 n=431036940732811271180751 elapsed=738s
progress: nodes=7,840,000,000 tested=0 found=0 n=43455154420017113711223 elapsed=739s
progress: nodes=7,850,000,000 tested=0 found=0 n=618097554214703606330859 elapsed=740s
progress: nodes=7,860,000,000 tested=0 found=0 n=39613861482550904512821 elapsed=741s
progress: nodes=7,870,000,000 tested=0 found=0 n=299490863505236283672363 elapsed=742s
progress: nodes=7,880,000,000 tested=0 found=0 n=208113830503605136783959 elapsed=742s
progress: nodes=7,890,000,000 tested=0 found=0 n=356704502017744865252697 elapsed=743s
progress: nodes=7,900,000,000 tested=0 found=0 n=4269362714024238124437 elapsed=744s
progress: nodes=7,910,000,000 tested=0 found=0 n=568379369242778645563869 elapsed=745s
progress: nodes=7,920,000,000 tested=0 found=0 n=49375731825401756699067 elapsed=746s
progress: nodes=7,930,000,000 tested=0 found=0 n=126235776556489256388303 elapsed=747s
progress: nodes=7,940,000,000 tested=0 found=0 n=994236044519294542760223 elapsed=748s
progress: nodes=7,950,000,000 tested=0 found=0 n=7863892092621336194709 elapsed=748s
progress: nodes=7,960,000,000 tested=0 found=0 n=616670044391432879896191 elapsed=749s
progress: nodes=7,970,000,000 tested=0 found=0 n=42577653754593825668229 elapsed=750s
progress: nodes=7,980,000,000 tested=0 found=0 n=410418543983927939559957 elapsed=751s
progress: nodes=7,990,000,000 tested=0 found=0 n=891908971965898705859469 elapsed=752s
progress: nodes=8,000,000,000 tested=0 found=0 n=449444777150922162700233 elapsed=753s
progress: nodes=8,010,000,000 tested=0 found=0 n=747131676309352365215613 elapsed=754s
progress: nodes=8,020,000,000 tested=0 found=0 n=754149586351960005186837 elapsed=755s
progress: nodes=8,030,000,000 tested=0 found=0 n=389471711978627582436561 elapsed=756s
progress: nodes=8,040,000,000 tested=0 found=0 n=262036099712113441058487 elapsed=757s
progress: nodes=8,050,000,000 tested=0 found=0 n=62091737283360238119237 elapsed=758s
progress: nodes=8,060,000,000 tested=0 found=0 n=127776405903670002885549 elapsed=759s
progress: nodes=8,070,000,000 tested=0 found=0 n=226986677611610160043371 elapsed=760s
progress: nodes=8,080,000,000 tested=0 found=0 n=431426548579233437805003 elapsed=761s
progress: nodes=8,090,000,000 tested=0 found=0 n=637041696276722024203773 elapsed=762s
progress: nodes=8,100,000,000 tested=0 found=0 n=98546677088723424472197 elapsed=763s
progress: nodes=8,110,000,000 tested=0 found=0 n=6556220194414671435369 elapsed=764s
progress: nodes=8,120,000,000 tested=0 found=0 n=767648443667250623620857 elapsed=765s
progress: nodes=8,130,000,000 tested=0 found=0 n=58722004038732132170787 elapsed=766s
progress: nodes=8,140,000,000 tested=0 found=0 n=917479137175937398766847 elapsed=766s
progress: nodes=8,150,000,000 tested=0 found=0 n=393057950678948506540017 elapsed=767s
progress: nodes=8,160,000,000 tested=0 found=0 n=532219786930425300258981 elapsed=768s
progress: nodes=8,170,000,000 tested=0 found=0 n=204752382926911855491027 elapsed=769s
progress: nodes=8,180,000,000 tested=0 found=0 n=322929987671719688041353 elapsed=770s
progress: nodes=8,190,000,000 tested=0 found=0 n=224859954603219722343843 elapsed=771s
progress: nodes=8,200,000,000 tested=0 found=0 n=75906794246601169005297 elapsed=772s
progress: nodes=8,210,000,000 tested=0 found=0 n=128087448211117668358371 elapsed=773s
progress: nodes=8,220,000,000 tested=0 found=0 n=275778936975503650447473 elapsed=774s
progress: nodes=8,230,000,000 tested=0 found=0 n=584989282309854637559487 elapsed=775s
progress: nodes=8,240,000,000 tested=0 found=0 n=88949068706095579361523 elapsed=776s
progress: nodes=8,250,000,000 tested=0 found=0 n=954482392991812430871411 elapsed=777s
progress: nodes=8,260,000,000 tested=0 found=0 n=36386863504243244671107 elapsed=778s
progress: nodes=8,270,000,000 tested=0 found=0 n=6339523096153177517301 elapsed=779s
progress: nodes=8,280,000,000 tested=0 found=0 n=666330292457224009519047 elapsed=780s
progress: nodes=8,290,000,000 tested=0 found=0 n=125326525283041844122647 elapsed=781s
progress: nodes=8,300,000,000 tested=0 found=0 n=788422320526383556404963 elapsed=782s
progress: nodes=8,310,000,000 tested=0 found=0 n=465731868794836529453997 elapsed=782s
progress: nodes=8,320,000,000 tested=0 found=0 n=2431526015186721055317 elapsed=783s
progress: nodes=8,330,000,000 tested=0 found=0 n=999697055977112161092567 elapsed=784s
progress: nodes=8,340,000,000 tested=0 found=0 n=900508301344021918973997 elapsed=785s
progress: nodes=8,350,000,000 tested=0 found=0 n=415914176355471398836803 elapsed=786s
progress: nodes=8,360,000,000 tested=0 found=0 n=939220194943460584010571 elapsed=787s
progress: nodes=8,370,000,000 tested=0 found=0 n=925665583710969718768437 elapsed=788s
progress: nodes=8,380,000,000 tested=0 found=0 n=57160490173939522508853 elapsed=789s
progress: nodes=8,390,000,000 tested=0 found=0 n=7922289112385418542343 elapsed=790s
progress: nodes=8,400,000,000 tested=0 found=0 n=89934368145872566030143 elapsed=791s
progress: nodes=8,410,000,000 tested=0 found=0 n=288274465964172230489661 elapsed=792s
progress: nodes=8,420,000,000 tested=0 found=0 n=250947067943236598523447 elapsed=793s
progress: nodes=8,430,000,000 tested=0 found=0 n=54641970189226325955621 elapsed=794s
progress: nodes=8,440,000,000 tested=0 found=0 n=580849690895275834138821 elapsed=795s
progress: nodes=8,450,000,000 tested=0 found=0 n=5611123656624118282221 elapsed=795s
progress: nodes=8,460,000,000 tested=0 found=0 n=405723539134171646009193 elapsed=796s
progress: nodes=8,470,000,000 tested=0 found=0 n=2032481980129323392241 elapsed=797s
progress: nodes=8,480,000,000 tested=0 found=0 n=631935679425770798657007 elapsed=798s
progress: nodes=8,490,000,000 tested=0 found=0 n=617782917176917289812443 elapsed=799s
progress: nodes=8,500,000,000 tested=0 found=0 n=380241848143224036233121 elapsed=800s
progress: nodes=8,510,000,000 tested=0 found=0 n=19015366422706410190863 elapsed=801s
progress: nodes=8,520,000,000 tested=0 found=0 n=571217599365616584068259 elapsed=802s
progress: nodes=8,530,000,000 tested=0 found=0 n=131801998076244489408987 elapsed=803s
progress: nodes=8,540,000,000 tested=0 found=0 n=251803819584145303903857 elapsed=804s
progress: nodes=8,550,000,000 tested=0 found=0 n=584747329383985193951811 elapsed=805s
progress: nodes=8,560,000,000 tested=0 found=0 n=666487135053235485148731 elapsed=805s
progress: nodes=8,570,000,000 tested=0 found=0 n=889260645816816038289381 elapsed=806s
progress: nodes=8,580,000,000 tested=0 found=0 n=575489057359877603545317 elapsed=807s
progress: nodes=8,590,000,000 tested=0 found=0 n=554220650366517088893081 elapsed=808s
progress: nodes=8,600,000,000 tested=0 found=0 n=102447321770624095961553 elapsed=809s
progress: nodes=8,610,000,000 tested=0 found=0 n=101447837348167323345189 elapsed=810s
progress: nodes=8,620,000,000 tested=0 found=0 n=463374459070506684446889 elapsed=811s
progress: nodes=8,630,000,000 tested=0 found=0 n=65756306933591587865409 elapsed=812s
progress: nodes=8,640,000,000 tested=0 found=0 n=2728855824175476930363 elapsed=813s
progress: nodes=8,650,000,000 tested=0 found=0 n=561615743539970789580339 elapsed=814s
progress: nodes=8,660,000,000 tested=0 found=0 n=508767872309158108448373 elapsed=815s
progress: nodes=8,670,000,000 tested=0 found=0 n=462299377607117987157507 elapsed=816s
progress: nodes=8,680,000,000 tested=0 found=0 n=612371908628563803360069 elapsed=817s
progress: nodes=8,690,000,000 tested=0 found=0 n=433204415162031925791093 elapsed=818s
progress: nodes=8,700,000,000 tested=0 found=0 n=776750864411028043282317 elapsed=819s
progress: nodes=8,710,000,000 tested=0 found=0 n=288101104615929707433903 elapsed=820s
progress: nodes=8,720,000,000 tested=0 found=0 n=900019899480498226997853 elapsed=820s
progress: nodes=8,730,000,000 tested=0 found=0 n=377269332216109403918133 elapsed=821s
progress: nodes=8,740,000,000 tested=0 found=0 n=602546140171349698857819 elapsed=822s
progress: nodes=8,750,000,000 tested=0 found=0 n=496148134296945648851619 elapsed=823s
progress: nodes=8,760,000,000 tested=0 found=0 n=248869193101568123770257 elapsed=824s
progress: nodes=8,770,000,000 tested=0 found=0 n=882158784422003136203727 elapsed=825s
progress: nodes=8,780,000,000 tested=0 found=0 n=574539953870467028415543 elapsed=826s
progress: nodes=8,790,000,000 tested=0 found=0 n=743948403709794391258293 elapsed=827s
progress: nodes=8,800,000,000 tested=0 found=0 n=356346461101336882703241 elapsed=828s
progress: nodes=8,810,000,000 tested=0 found=0 n=241202967564996860657091 elapsed=829s
progress: nodes=8,820,000,000 tested=0 found=0 n=929350151641320230545581 elapsed=830s
progress: nodes=8,830,000,000 tested=0 found=0 n=1346113258296350562447 elapsed=831s
progress: nodes=8,840,000,000 tested=0 found=0 n=986783896009419376860849 elapsed=832s
progress: nodes=8,850,000,000 tested=0 found=0 n=868705386299276810934507 elapsed=833s
progress: nodes=8,860,000,000 tested=0 found=0 n=688688620974109805487009 elapsed=834s
progress: nodes=8,870,000,000 tested=0 found=0 n=398388843656064164858097 elapsed=835s
progress: nodes=8,880,000,000 tested=0 found=0 n=174377721885810612982527 elapsed=836s
progress: nodes=8,890,000,000 tested=0 found=0 n=410962717256302300924263 elapsed=837s
progress: nodes=8,900,000,000 tested=0 found=0 n=447327978776586294166923 elapsed=838s
progress: nodes=8,910,000,000 tested=0 found=0 n=215227392065777566735689 elapsed=839s
progress: nodes=8,920,000,000 tested=0 found=0 n=302793392312456574260589 elapsed=840s
progress: nodes=8,930,000,000 tested=0 found=0 n=911434409630253582182967 elapsed=841s
progress: nodes=8,940,000,000 tested=0 found=0 n=450810147673716738683919 elapsed=842s
progress: nodes=8,950,000,000 tested=0 found=0 n=221528081074153349879097 elapsed=843s
progress: nodes=8,960,000,000 tested=0 found=0 n=906521304965433911485017 elapsed=844s
progress: nodes=8,970,000,000 tested=0 found=0 n=299720512466362083997329 elapsed=845s
progress: nodes=8,980,000,000 tested=0 found=0 n=244482861056752019349219 elapsed=846s
progress: nodes=8,990,000,000 tested=0 found=0 n=804041027911997692319217 elapsed=846s
progress: nodes=9,000,000,000 tested=0 found=0 n=193806380551584816509637 elapsed=847s
progress: nodes=9,010,000,000 tested=0 found=0 n=394342182464440626747903 elapsed=848s
progress: nodes=9,020,000,000 tested=0 found=0 n=148796391172239541838679 elapsed=849s
progress: nodes=9,030,000,000 tested=0 found=0 n=126112663516734889176039 elapsed=850s
progress: nodes=9,040,000,000 tested=0 found=0 n=135516876343307992354107 elapsed=851s
progress: nodes=9,050,000,000 tested=0 found=0 n=574424210987338066566783 elapsed=852s
progress: nodes=9,060,000,000 tested=0 found=0 n=24169291555134041061603 elapsed=853s
progress: nodes=9,070,000,000 tested=0 found=0 n=672637767650946292160823 elapsed=854s
progress: nodes=9,080,000,000 tested=0 found=0 n=37066382541460189350147 elapsed=855s
progress: nodes=9,090,000,000 tested=0 found=0 n=214266333894495484587843 elapsed=856s
progress: nodes=9,100,000,000 tested=0 found=0 n=296301886967697030849 elapsed=857s
progress: nodes=9,110,000,000 tested=0 found=0 n=775327947093056330009751 elapsed=858s
progress: nodes=9,120,000,000 tested=0 found=0 n=300655238280916288972917 elapsed=859s
progress: nodes=9,130,000,000 tested=0 found=0 n=365470222543960971605883 elapsed=860s
progress: nodes=9,140,000,000 tested=0 found=0 n=523653900819551361908763 elapsed=862s
progress: nodes=9,150,000,000 tested=0 found=0 n=610259338455715167052119 elapsed=863s
progress: nodes=9,160,000,000 tested=0 found=0 n=361592930217424192535391 elapsed=864s
progress: nodes=9,170,000,000 tested=0 found=0 n=143280192700299715215441 elapsed=865s
progress: nodes=9,180,000,000 tested=0 found=0 n=744559563896849533626651 elapsed=866s
progress: nodes=9,190,000,000 tested=0 found=0 n=195065554821387289504179 elapsed=867s
progress: nodes=9,200,000,000 tested=0 found=0 n=523515370512503634312333 elapsed=868s
progress: nodes=9,210,000,000 tested=0 found=0 n=522412248655019410505961 elapsed=869s
progress: nodes=9,220,000,000 tested=0 found=0 n=7320811247227991610669 elapsed=870s
progress: nodes=9,230,000,000 tested=0 found=0 n=93781217721179675727183 elapsed=871s
progress: nodes=9,240,000,000 tested=0 found=0 n=9593331813465681609471 elapsed=871s
progress: nodes=9,250,000,000 tested=0 found=0 n=786100747046686605370551 elapsed=872s
progress: nodes=9,260,000,000 tested=0 found=0 n=998821521123716607981807 elapsed=873s
progress: nodes=9,270,000,000 tested=0 found=0 n=213566699045424633295101 elapsed=874s
progress: nodes=9,280,000,000 tested=0 found=0 n=830448112759474821226329 elapsed=875s
progress: nodes=9,290,000,000 tested=0 found=0 n=980042252397692865375423 elapsed=876s
progress: nodes=9,300,000,000 tested=0 found=0 n=575818635824565480439521 elapsed=877s
progress: nodes=9,310,000,000 tested=0 found=0 n=69922844601487194684939 elapsed=878s
progress: nodes=9,320,000,000 tested=0 found=0 n=943278599143450331920587 elapsed=879s
progress: nodes=9,330,000,000 tested=0 found=0 n=978168230384964985501707 elapsed=880s
progress: nodes=9,340,000,000 tested=0 found=0 n=884867059366336932735993 elapsed=881s
progress: nodes=9,350,000,000 tested=0 found=0 n=417233834503549453567749 elapsed=882s
progress: nodes=9,360,000,000 tested=0 found=0 n=723304669192270629124089 elapsed=883s
progress: nodes=9,370,000,000 tested=0 found=0 n=44231802794087831637 elapsed=884s
progress: nodes=9,380,000,000 tested=0 found=0 n=381390283917054718578987 elapsed=885s
progress: nodes=9,390,000,000 tested=0 found=0 n=100175125758996529921251 elapsed=886s
progress: nodes=9,400,000,000 tested=0 found=0 n=175804918326465215251893 elapsed=887s
progress: nodes=9,410,000,000 tested=0 found=0 n=239034662468511989541033 elapsed=888s
progress: nodes=9,420,000,000 tested=0 found=0 n=740967690449038613534259 elapsed=889s
progress: nodes=9,430,000,000 tested=0 found=0 n=354028186303158466313643 elapsed=890s
progress: nodes=9,440,000,000 tested=0 found=0 n=11552134165979471622129 elapsed=891s
progress: nodes=9,450,000,000 tested=0 found=0 n=696040542129905509251 elapsed=892s
progress: nodes=9,460,000,000 tested=0 found=0 n=495302245435183127641557 elapsed=893s
progress: nodes=9,470,000,000 tested=0 found=0 n=455247974006112424189767 elapsed=893s
progress: nodes=9,480,000,000 tested=0 found=0 n=63077234437399869698583 elapsed=894s
progress: nodes=9,490,000,000 tested=0 found=0 n=3776024742383813461971 elapsed=895s
progress: nodes=9,500,000,000 tested=0 found=0 n=753845809539606073212351 elapsed=896s
progress: nodes=9,510,000,000 tested=0 found=0 n=449977964204298022520313 elapsed=897s
progress: nodes=9,520,000,000 tested=0 found=0 n=623338405647926819891469 elapsed=898s
progress: nodes=9,530,000,000 tested=0 found=0 n=83456660311287460810899 elapsed=899s
progress: nodes=9,540,000,000 tested=0 found=0 n=346912041303076824797079 elapsed=900s
progress: nodes=9,550,000,000 tested=0 found=0 n=505579273983544689635421 elapsed=901s
progress: nodes=9,560,000,000 tested=0 found=0 n=728173944640908853594221 elapsed=902s
progress: nodes=9,570,000,000 tested=0 found=0 n=11541773495102179514757 elapsed=902s
progress: nodes=9,580,000,000 tested=0 found=0 n=366169873215903437360823 elapsed=903s
progress: nodes=9,590,000,000 tested=0 found=0 n=557800997524461046896969 elapsed=904s
progress: nodes=9,600,000,000 tested=0 found=0 n=181165410178605828309477 elapsed=905s
progress: nodes=9,610,000,000 tested=0 found=0 n=792138171045563565424773 elapsed=906s
progress: nodes=9,620,000,000 tested=0 found=0 n=844657089007154734460721 elapsed=907s
progress: nodes=9,630,000,000 tested=0 found=0 n=942769260993942921825429 elapsed=908s
progress: nodes=9,640,000,000 tested=0 found=0 n=750749033319193484837547 elapsed=909s
progress: nodes=9,650,000,000 tested=0 found=0 n=106435961924294576329899 elapsed=910s
progress: nodes=9,660,000,000 tested=0 found=0 n=5763629037300075301503 elapsed=911s
progress: nodes=9,670,000,000 tested=0 found=0 n=165711203195732132404323 elapsed=912s
progress: nodes=9,680,000,000 tested=0 found=0 n=400709376309227923859493 elapsed=912s
progress: nodes=9,690,000,000 tested=0 found=0 n=626226892234189767082419 elapsed=913s
progress: nodes=9,700,000,000 tested=0 found=0 n=818678337891732582187209 elapsed=914s
progress: nodes=9,710,000,000 tested=0 found=0 n=944092172897542573854807 elapsed=915s
progress: nodes=9,720,000,000 tested=0 found=0 n=882793143787228821572997 elapsed=916s
progress: nodes=9,730,000,000 tested=0 found=0 n=579761635819466178164229 elapsed=917s
progress: nodes=9,740,000,000 tested=0 found=0 n=181372654255220469711813 elapsed=918s
progress: nodes=9,750,000,000 tested=0 found=0 n=162247079257876049214063 elapsed=919s
progress: nodes=9,760,000,000 tested=0 found=0 n=335545181174679366929181 elapsed=920s
progress: nodes=9,770,000,000 tested=0 found=0 n=2973886578461458014927 elapsed=921s
progress: nodes=9,780,000,000 tested=0 found=0 n=844028013499517810459067 elapsed=921s
progress: nodes=9,790,000,000 tested=0 found=0 n=952557518965454393085237 elapsed=922s
progress: nodes=9,800,000,000 tested=0 found=0 n=962014548986180296563099 elapsed=923s
progress: nodes=9,810,000,000 tested=0 found=0 n=594805874218554960736203 elapsed=924s
progress: nodes=9,820,000,000 tested=0 found=0 n=909967437076089206098713 elapsed=925s
progress: nodes=9,830,000,000 tested=0 found=0 n=141044287032459476978169 elapsed=926s
progress: nodes=9,840,000,000 tested=0 found=0 n=808595509795770541743327 elapsed=927s
progress: nodes=9,850,000,000 tested=0 found=0 n=532048157209883605705557 elapsed=928s
progress: nodes=9,860,000,000 tested=0 found=0 n=382742270227994063828727 elapsed=929s
progress: nodes=9,870,000,000 tested=0 found=0 n=585066340239926992650489 elapsed=930s
progress: nodes=9,880,000,000 tested=0 found=0 n=853666690804005170612091 elapsed=931s
progress: nodes=9,890,000,000 tested=0 found=0 n=324743430481053505436229 elapsed=932s
progress: nodes=9,900,000,000 tested=0 found=0 n=2345141843611169720403 elapsed=933s
progress: nodes=9,910,000,000 tested=0 found=0 n=24545115701809185093897 elapsed=934s
progress: nodes=9,920,000,000 tested=0 found=0 n=267104758107212036892309 elapsed=934s
progress: nodes=9,930,000,000 tested=0 found=0 n=394448822228237129438943 elapsed=935s
progress: nodes=9,940,000,000 tested=0 found=0 n=416053466054410772768037 elapsed=936s
progress: nodes=9,950,000,000 tested=0 found=0 n=180280914822214739680719 elapsed=937s
progress: nodes=9,960,000,000 tested=0 found=0 n=599695507705892906983389 elapsed=938s
progress: nodes=9,970,000,000 tested=0 found=0 n=453448988445499129104879 elapsed=939s
progress: nodes=9,980,000,000 tested=0 found=0 n=234275051635911027223053 elapsed=940s
progress: nodes=9,990,000,000 tested=0 found=0 n=972935519147415966199629 elapsed=941s
progress: nodes=10,000,000,000 tested=0 found=0 n=999396933187305313363989 elapsed=942s
progress: nodes=10,010,000,000 tested=0 found=0 n=545058501581697209752503 elapsed=943s
progress: nodes=10,020,000,000 tested=0 found=0 n=402996414458359644351 elapsed=944s
progress: nodes=10,030,000,000 tested=0 found=0 n=193715171747633035212141 elapsed=945s
progress: nodes=10,040,000,000 tested=0 found=0 n=620749022226738527598333 elapsed=946s
progress: nodes=10,050,000,000 tested=0 found=0 n=961409907788648907789057 elapsed=947s
progress: nodes=10,060,000,000 tested=0 found=0 n=585141438260055549694107 elapsed=948s
progress: nodes=10,070,000,000 tested=0 found=0 n=984339277123853276109627 elapsed=949s
progress: nodes=10,080,000,000 tested=0 found=0 n=192032464145145744238833 elapsed=950s
progress: nodes=10,090,000,000 tested=0 found=0 n=741165304414372332761409 elapsed=951s
progress: nodes=10,100,000,000 tested=0 found=0 n=434219190025899889564239 elapsed=952s
progress: nodes=10,110,000,000 tested=0 found=0 n=613125273048346580173509 elapsed=953s
progress: nodes=10,120,000,000 tested=0 found=0 n=184644304220987889761769 elapsed=954s
progress: nodes=10,130,000,000 tested=0 found=0 n=67326637159234239858357 elapsed=955s
progress: nodes=10,140,000,000 tested=0 found=0 n=867598830265116451960029 elapsed=956s
progress: nodes=10,150,000,000 tested=0 found=0 n=28110729239246554652037 elapsed=957s
progress: nodes=10,160,000,000 tested=0 found=0 n=103155119361334678894971 elapsed=958s
progress: nodes=10,170,000,000 tested=0 found=0 n=383564158663361714292111 elapsed=959s
progress: nodes=10,180,000,000 tested=0 found=0 n=18604352621909927515071 elapsed=959s
progress: nodes=10,190,000,000 tested=0 found=0 n=54478865037977884372011 elapsed=960s
progress: nodes=10,200,000,000 tested=0 found=0 n=299422592025720478234491 elapsed=961s
progress: nodes=10,210,000,000 tested=0 found=0 n=461412094241512960196079 elapsed=962s
progress: nodes=10,220,000,000 tested=0 found=0 n=115107697638690601635219 elapsed=963s
progress: nodes=10,230,000,000 tested=0 found=0 n=5210928182099263495443 elapsed=964s
progress: nodes=10,240,000,000 tested=0 found=0 n=213631973655175055989437 elapsed=965s
progress: nodes=10,250,000,000 tested=0 found=0 n=468982693650986770793109 elapsed=966s
progress: nodes=10,260,000,000 tested=0 found=0 n=753009114776351449456011 elapsed=967s
progress: nodes=10,270,000,000 tested=0 found=0 n=556480047281435602204737 elapsed=968s
progress: nodes=10,280,000,000 tested=0 found=0 n=466943204419015824082869 elapsed=969s
progress: nodes=10,290,000,000 tested=0 found=0 n=576000115498368172737411 elapsed=970s
progress: nodes=10,300,000,000 tested=0 found=0 n=113071176003429709979199 elapsed=971s
progress: nodes=10,310,000,000 tested=0 found=0 n=338390734421285182194987 elapsed=972s
progress: nodes=10,320,000,000 tested=0 found=0 n=28803683727878008872351 elapsed=972s
progress: nodes=10,330,000,000 tested=0 found=0 n=641564020174871799877443 elapsed=973s
progress: nodes=10,340,000,000 tested=0 found=0 n=911667134275207589930937 elapsed=974s
progress: nodes=10,350,000,000 tested=0 found=0 n=670356904880328402899019 elapsed=975s
progress: nodes=10,360,000,000 tested=0 found=0 n=961155710213582470911753 elapsed=976s
progress: nodes=10,370,000,000 tested=0 found=0 n=809322763114635896682699 elapsed=977s
progress: nodes=10,380,000,000 tested=0 found=0 n=245248145536431724919661 elapsed=978s
progress: nodes=10,390,000,000 tested=0 found=0 n=522323834532686183397543 elapsed=979s
progress: nodes=10,400,000,000 tested=0 found=0 n=377964579565787796390237 elapsed=980s
progress: nodes=10,410,000,000 tested=0 found=0 n=18637838790130513187949 elapsed=981s
progress: nodes=10,420,000,000 tested=0 found=0 n=4772241084669171932247 elapsed=982s
progress: nodes=10,430,000,000 tested=0 found=0 n=6382317689220758051481 elapsed=983s
progress: nodes=10,440,000,000 tested=0 found=0 n=782387309970177825338997 elapsed=984s
progress: nodes=10,450,000,000 tested=0 found=0 n=463665352173998835955809 elapsed=985s
progress: nodes=10,460,000,000 tested=0 found=0 n=994269411737087937234927 elapsed=986s
progress: nodes=10,470,000,000 tested=0 found=0 n=602775883120236668113557 elapsed=987s
progress: nodes=10,480,000,000 tested=0 found=0 n=259864182249379940309649 elapsed=988s
progress: nodes=10,490,000,000 tested=0 found=0 n=343189735962845661589557 elapsed=989s
progress: nodes=10,500,000,000 tested=0 found=0 n=956498421639846481226259 elapsed=990s
progress: nodes=10,510,000,000 tested=0 found=0 n=701172131663464706045229 elapsed=990s
progress: nodes=10,520,000,000 tested=0 found=0 n=684379735997415272991033 elapsed=991s
progress: nodes=10,530,000,000 tested=0 found=0 n=54100313283670690922457 elapsed=992s
progress: nodes=10,540,000,000 tested=0 found=0 n=435569095960010785767423 elapsed=993s
progress: nodes=10,550,000,000 tested=0 found=0 n=624726412491458737599711 elapsed=994s
progress: nodes=10,560,000,000 tested=0 found=0 n=243715800810511808090169 elapsed=995s
progress: nodes=10,570,000,000 tested=0 found=0 n=857973100748014032763839 elapsed=996s
progress: nodes=10,580,000,000 tested=0 found=0 n=3173629561556679915261 elapsed=997s
progress: nodes=10,590,000,000 tested=0 found=0 n=336730043148563677959489 elapsed=998s
progress: nodes=10,600,000,000 tested=0 found=0 n=477620900790122956432137 elapsed=999s
progress: nodes=10,610,000,000 tested=0 found=0 n=532471688413338405964947 elapsed=1000s
progress: nodes=10,620,000,000 tested=0 found=0 n=179539607917322010812883 elapsed=1001s
progress: nodes=10,630,000,000 tested=0 found=0 n=364597112259745746295629 elapsed=1002s
progress: nodes=10,640,000,000 tested=0 found=0 n=640488366782842744769889 elapsed=1003s
progress: nodes=10,650,000,000 tested=0 found=0 n=118907322536188496810643 elapsed=1004s
progress: nodes=10,660,000,000 tested=0 found=0 n=364161727908829694220663 elapsed=1005s
progress: nodes=10,670,000,000 tested=0 found=0 n=680330146913534317216731 elapsed=1006s
progress: nodes=10,680,000,000 tested=0 found=0 n=283266444649243115168823 elapsed=1007s
progress: nodes=10,690,000,000 tested=0 found=0 n=769989203595738741476433 elapsed=1008s
progress: nodes=10,700,000,000 tested=0 found=0 n=698193042766482061956729 elapsed=1009s
progress: nodes=10,710,000,000 tested=0 found=0 n=307917692160668161233519 elapsed=1010s
progress: nodes=10,720,000,000 tested=0 found=0 n=532821232121469651789 elapsed=1011s
progress: nodes=10,730,000,000 tested=0 found=0 n=220869484609901795352399 elapsed=1012s
progress: nodes=10,740,000,000 tested=0 found=0 n=474157137858511320887817 elapsed=1013s
progress: nodes=10,750,000,000 tested=0 found=0 n=312463918005936062240589 elapsed=1014s
progress: nodes=10,760,000,000 tested=0 found=0 n=373766818368478993423251 elapsed=1015s
progress: nodes=10,770,000,000 tested=0 found=0 n=34334726293393348666701 elapsed=1016s
progress: nodes=10,780,000,000 tested=0 found=0 n=31876164665566323830871 elapsed=1017s
progress: nodes=10,790,000,000 tested=0 found=0 n=79327986611947841224743 elapsed=1018s
progress: nodes=10,800,000,000 tested=0 found=0 n=946711155536651225712849 elapsed=1019s
progress: nodes=10,810,000,000 tested=0 found=0 n=470815425976785514843647 elapsed=1019s
progress: nodes=10,820,000,000 tested=0 found=0 n=312225008060155269294501 elapsed=1020s
progress: nodes=10,830,000,000 tested=0 found=0 n=606684797075872477012479 elapsed=1021s
progress: nodes=10,840,000,000 tested=0 found=0 n=670539142148013105083259 elapsed=1022s
progress: nodes=10,850,000,000 tested=0 found=0 n=273612125650360817899293 elapsed=1023s
progress: nodes=10,860,000,000 tested=0 found=0 n=354215582670506238018051 elapsed=1024s
progress: nodes=10,870,000,000 tested=0 found=0 n=727234734151197387881337 elapsed=1025s
progress: nodes=10,880,000,000 tested=0 found=0 n=856548722632988914631817 elapsed=1026s
progress: nodes=10,890,000,000 tested=0 found=0 n=3537268764425970499497 elapsed=1027s
progress: nodes=10,900,000,000 tested=0 found=0 n=314508419145411560413773 elapsed=1028s
progress: nodes=10,910,000,000 tested=0 found=0 n=719260836003982535662113 elapsed=1029s
progress: nodes=10,920,000,000 tested=0 found=0 n=504856819107695963581959 elapsed=1030s
progress: nodes=10,930,000,000 tested=0 found=0 n=652420076840667922908693 elapsed=1031s
progress: nodes=10,940,000,000 tested=0 found=0 n=24297975019396221440583 elapsed=1032s
progress: nodes=10,950,000,000 tested=0 found=0 n=1264942844858265248247 elapsed=1033s
progress: nodes=10,960,000,000 tested=0 found=0 n=584539452227699596597827 elapsed=1034s
progress: nodes=10,970,000,000 tested=0 found=0 n=955885107482137117358931 elapsed=1034s
progress: nodes=10,980,000,000 tested=0 found=0 n=449495148011736809542989 elapsed=1035s
progress: nodes=10,990,000,000 tested=0 found=0 n=238609775755732073112849 elapsed=1036s
progress: nodes=11,000,000,000 tested=0 found=0 n=191222364010167277831329 elapsed=1037s
progress: nodes=11,010,000,000 tested=0 found=0 n=560828799325427900880327 elapsed=1038s
progress: nodes=11,020,000,000 tested=0 found=0 n=369579643219599122025573 elapsed=1039s
progress: nodes=11,030,000,000 tested=0 found=0 n=809840258509226312580069 elapsed=1040s
progress: nodes=11,040,000,000 tested=0 found=0 n=692407109477586911604339 elapsed=1041s
progress: nodes=11,050,000,000 tested=0 found=0 n=225169756001780089405191 elapsed=1042s
progress: nodes=11,060,000,000 tested=0 found=0 n=545246679069571770951231 elapsed=1043s
progress: nodes=11,070,000,000 tested=0 found=0 n=306114107714529977332041 elapsed=1044s
progress: nodes=11,080,000,000 tested=0 found=0 n=80747993819695127926143 elapsed=1045s
progress: nodes=11,090,000,000 tested=0 found=0 n=57517157556880907440269 elapsed=1046s
progress: nodes=11,100,000,000 tested=0 found=0 n=846604663814113814641317 elapsed=1047s
progress: nodes=11,110,000,000 tested=0 found=0 n=208975666253820164655099 elapsed=1048s
progress: nodes=11,120,000,000 tested=0 found=0 n=498952678084951862189847 elapsed=1049s
progress: nodes=11,130,000,000 tested=0 found=0 n=57965238835202948272881 elapsed=1050s
progress: nodes=11,140,000,000 tested=0 found=0 n=986800535836456657220619 elapsed=1051s
progress: nodes=11,150,000,000 tested=0 found=0 n=991190672232292290445401 elapsed=1052s
progress: nodes=11,160,000,000 tested=0 found=0 n=303619428522417697872897 elapsed=1053s
progress: nodes=11,170,000,000 tested=0 found=0 n=692931967118803844500497 elapsed=1054s
progress: nodes=11,180,000,000 tested=0 found=0 n=685059650161202875970697 elapsed=1055s
progress: nodes=11,190,000,000 tested=0 found=0 n=320914990761846467948247 elapsed=1056s
progress: nodes=11,200,000,000 tested=0 found=0 n=629483096314704126452529 elapsed=1056s
progress: nodes=11,210,000,000 tested=0 found=0 n=586824639725620441148289 elapsed=1057s
progress: nodes=11,220,000,000 tested=0 found=0 n=870218943658603593365883 elapsed=1058s
progress: nodes=11,230,000,000 tested=0 found=0 n=591820445315563325865861 elapsed=1059s
progress: nodes=11,240,000,000 tested=0 found=0 n=182227359520294554163269 elapsed=1060s
progress: nodes=11,250,000,000 tested=0 found=0 n=569531466147709112267649 elapsed=1061s
progress: nodes=11,260,000,000 tested=0 found=0 n=686916839009484403637889 elapsed=1062s
progress: nodes=11,270,000,000 tested=0 found=0 n=290095692902496296843313 elapsed=1063s
progress: nodes=11,280,000,000 tested=0 found=0 n=65766602956516778933331 elapsed=1064s
progress: nodes=11,290,000,000 tested=0 found=0 n=45135527249871941202177 elapsed=1065s
progress: nodes=11,300,000,000 tested=0 found=0 n=832841778423413538366873 elapsed=1066s
progress: nodes=11,310,000,000 tested=0 found=0 n=846812097775521963010497 elapsed=1067s
progress: nodes=11,320,000,000 tested=0 found=0 n=304380270462081111441429 elapsed=1068s
progress: nodes=11,330,000,000 tested=0 found=0 n=639381779980103492265219 elapsed=1069s
progress: nodes=11,340,000,000 tested=0 found=0 n=623331773364413693369361 elapsed=1070s
progress: nodes=11,350,000,000 tested=0 found=0 n=170555248333042667020641 elapsed=1071s
progress: nodes=11,360,000,000 tested=0 found=0 n=324623873528259020361789 elapsed=1072s
progress: nodes=11,370,000,000 tested=0 found=0 n=119473729382294528280897 elapsed=1073s
progress: nodes=11,380,000,000 tested=0 found=0 n=651343070712387491128119 elapsed=1074s
progress: nodes=11,390,000,000 tested=0 found=0 n=630288265915344289860321 elapsed=1075s
progress: nodes=11,400,000,000 tested=0 found=0 n=357179480802987077425047 elapsed=1076s
progress: nodes=11,410,000,000 tested=0 found=0 n=224435873121538713246183 elapsed=1077s
progress: nodes=11,420,000,000 tested=0 found=0 n=270237959778616432388643 elapsed=1078s
progress: nodes=11,430,000,000 tested=0 found=0 n=488708520036344153543283 elapsed=1079s
progress: nodes=11,440,000,000 tested=0 found=0 n=498953920536121417595943 elapsed=1080s
progress: nodes=11,450,000,000 tested=0 found=0 n=73976282963840297586117 elapsed=1081s
progress: nodes=11,460,000,000 tested=0 found=0 n=804475997378853039910527 elapsed=1082s
progress: nodes=11,470,000,000 tested=0 found=0 n=309829215539372700398799 elapsed=1083s
progress: nodes=11,480,000,000 tested=0 found=0 n=722338544818250895107859 elapsed=1084s
progress: nodes=11,490,000,000 tested=0 found=0 n=21197997636762292673613 elapsed=1085s
progress: nodes=11,500,000,000 tested=0 found=0 n=782050937646253427133267 elapsed=1085s
progress: nodes=11,510,000,000 tested=0 found=0 n=63183040835917209365301 elapsed=1086s
progress: nodes=11,520,000,000 tested=0 found=0 n=485743436326026781029699 elapsed=1087s
progress: nodes=11,530,000,000 tested=0 found=0 n=1468888031405474372121 elapsed=1088s
progress: nodes=11,540,000,000 tested=0 found=0 n=18504359869896868221111 elapsed=1089s
progress: nodes=11,550,000,000 tested=0 found=0 n=236602113110952350331999 elapsed=1090s
progress: nodes=11,560,000,000 tested=0 found=0 n=916400010006699295880517 elapsed=1091s
progress: nodes=11,570,000,000 tested=0 found=0 n=647726993787472449112119 elapsed=1092s
progress: nodes=11,580,000,000 tested=0 found=0 n=949114613712830249470929 elapsed=1093s
progress: nodes=11,590,000,000 tested=0 found=0 n=481510718754395920211193 elapsed=1094s
progress: nodes=11,600,000,000 tested=0 found=0 n=270468283806348458219961 elapsed=1094s
progress: nodes=11,610,000,000 tested=0 found=0 n=844709602067063907153837 elapsed=1095s
progress: nodes=11,620,000,000 tested=0 found=0 n=522847088768181777300987 elapsed=1096s
progress: nodes=11,630,000,000 tested=0 found=0 n=727882402477441171157769 elapsed=1097s
progress: nodes=11,640,000,000 tested=0 found=0 n=627310873337732744264247 elapsed=1098s
progress: nodes=11,650,000,000 tested=0 found=0 n=934765529326864738264047 elapsed=1099s
progress: nodes=11,660,000,000 tested=0 found=0 n=458117846925278754132633 elapsed=1100s
progress: nodes=11,670,000,000 tested=0 found=0 n=506691996383655333339231 elapsed=1101s
progress: nodes=11,680,000,000 tested=0 found=0 n=187375059628505046119679 elapsed=1102s
progress: nodes=11,690,000,000 tested=0 found=0 n=853665563839436002550181 elapsed=1103s
progress: nodes=11,700,000,000 tested=0 found=0 n=182924822887287160685577 elapsed=1104s
progress: nodes=11,710,000,000 tested=0 found=0 n=143516543015707235052393 elapsed=1105s
progress: nodes=11,720,000,000 tested=0 found=0 n=87607531094998166804409 elapsed=1106s
progress: nodes=11,730,000,000 tested=0 found=0 n=430617000579385543247181 elapsed=1107s
progress: nodes=11,740,000,000 tested=0 found=0 n=136953967421771948067477 elapsed=1108s
progress: nodes=11,750,000,000 tested=0 found=0 n=690721473949117910339469 elapsed=1109s
progress: nodes=11,760,000,000 tested=0 found=0 n=408631413203537737348707 elapsed=1110s
progress: nodes=11,770,000,000 tested=0 found=0 n=96101075585165418556503 elapsed=1111s
progress: nodes=11,780,000,000 tested=0 found=0 n=42510453282450269769081 elapsed=1113s
progress: nodes=11,790,000,000 tested=0 found=0 n=496172481003365727971553 elapsed=1114s
progress: nodes=11,800,000,000 tested=0 found=0 n=271423480600360740867501 elapsed=1115s
progress: nodes=11,810,000,000 tested=0 found=0 n=5724639480619530436251 elapsed=1115s
progress: nodes=11,820,000,000 tested=0 found=0 n=892779963366592476630741 elapsed=1116s
progress: nodes=11,830,000,000 tested=0 found=0 n=983331926033942337227661 elapsed=1117s
progress: nodes=11,840,000,000 tested=0 found=0 n=401080369126770851300211 elapsed=1118s
progress: nodes=11,850,000,000 tested=0 found=0 n=597636219309393233139027 elapsed=1119s
progress: nodes=11,860,000,000 tested=0 found=0 n=644406097532838339356229 elapsed=1120s
progress: nodes=11,870,000,000 tested=0 found=0 n=210321846189642529459689 elapsed=1121s
progress: nodes=11,880,000,000 tested=0 found=0 n=524220852912128122859823 elapsed=1122s
progress: nodes=11,890,000,000 tested=0 found=0 n=918839089604208594655977 elapsed=1123s
progress: nodes=11,900,000,000 tested=0 found=0 n=361179672403912596260169 elapsed=1124s
progress: nodes=11,910,000,000 tested=0 found=0 n=668719708893334424113359 elapsed=1125s
progress: nodes=11,920,000,000 tested=0 found=0 n=291444402048122091581241 elapsed=1126s
progress: nodes=11,930,000,000 tested=0 found=0 n=260696129374962458917311 elapsed=1127s
progress: nodes=11,940,000,000 tested=0 found=0 n=311528418399400258901559 elapsed=1128s
progress: nodes=11,950,000,000 tested=0 found=0 n=341009198108721699247119 elapsed=1129s
progress: nodes=11,960,000,000 tested=0 found=0 n=860247648984563425800357 elapsed=1130s
progress: nodes=11,970,000,000 tested=0 found=0 n=171190148240393889016839 elapsed=1131s
progress: nodes=11,980,000,000 tested=0 found=0 n=177198645590701894872141 elapsed=1132s
progress: nodes=11,990,000,000 tested=0 found=0 n=805906020331771409322987 elapsed=1133s
progress: nodes=12,000,000,000 tested=0 found=0 n=329021916505618778500773 elapsed=1134s
progress: nodes=12,010,000,000 tested=0 found=0 n=225396241508806128552363 elapsed=1135s
progress: nodes=12,020,000,000 tested=0 found=0 n=93779015420969678190963 elapsed=1136s
progress: nodes=12,030,000,000 tested=0 found=0 n=51252835802770598326473 elapsed=1138s
progress: nodes=12,040,000,000 tested=0 found=0 n=9294505209787534761453 elapsed=1138s
progress: nodes=12,050,000,000 tested=0 found=0 n=752586621919472577757377 elapsed=1139s
progress: nodes=12,060,000,000 tested=0 found=0 n=743791522559639701200339 elapsed=1140s
progress: nodes=12,070,000,000 tested=0 found=0 n=170594698503118040875581 elapsed=1141s
progress: nodes=12,080,000,000 tested=0 found=0 n=509290061038934263584639 elapsed=1142s
progress: nodes=12,090,000,000 tested=0 found=0 n=664230455741682337385163 elapsed=1143s
progress: nodes=12,100,000,000 tested=0 found=0 n=812714184907323558051621 elapsed=1144s
progress: nodes=12,110,000,000 tested=0 found=0 n=709385660600057940342129 elapsed=1145s
progress: nodes=12,120,000,000 tested=0 found=0 n=954726952401943585700979 elapsed=1147s
progress: nodes=12,130,000,000 tested=0 found=0 n=405338875992968518418961 elapsed=1148s
progress: nodes=12,140,000,000 tested=0 found=0 n=432834186212068763649813 elapsed=1149s
progress: nodes=12,150,000,000 tested=0 found=0 n=119390013921519225228201 elapsed=1150s
progress: nodes=12,160,000,000 tested=0 found=0 n=837731541727136961595119 elapsed=1151s
progress: nodes=12,170,000,000 tested=0 found=0 n=547167226713414992034207 elapsed=1152s
progress: nodes=12,180,000,000 tested=0 found=0 n=45529926549412395286911 elapsed=1153s
progress: nodes=12,190,000,000 tested=0 found=0 n=822049417139904732294087 elapsed=1154s
progress: nodes=12,200,000,000 tested=0 found=0 n=299374213448338704368979 elapsed=1155s
progress: nodes=12,210,000,000 tested=0 found=0 n=365775529161168301464003 elapsed=1156s
progress: nodes=12,220,000,000 tested=0 found=0 n=261291855776972267497107 elapsed=1157s
progress: nodes=12,230,000,000 tested=0 found=0 n=88821501504316619871261 elapsed=1158s
progress: nodes=12,240,000,000 tested=0 found=0 n=602268897672134194440081 elapsed=1159s
progress: nodes=12,250,000,000 tested=0 found=0 n=49514212230626641323111 elapsed=1160s
progress: nodes=12,260,000,000 tested=0 found=0 n=358518252556869480393747 elapsed=1161s
progress: nodes=12,270,000,000 tested=0 found=0 n=193321374389147211988209 elapsed=1162s
progress: nodes=12,280,000,000 tested=0 found=0 n=286091851052517742860771 elapsed=1163s
progress: nodes=12,290,000,000 tested=0 found=0 n=756397534752898790280243 elapsed=1164s
progress: nodes=12,300,000,000 tested=0 found=0 n=92452717602148751849859 elapsed=1165s
progress: nodes=12,310,000,000 tested=0 found=0 n=610117802129140624365189 elapsed=1166s
progress: nodes=12,320,000,000 tested=0 found=0 n=719192730365073087042777 elapsed=1167s
progress: nodes=12,330,000,000 tested=0 found=0 n=303259075882414859036973 elapsed=1168s
progress: nodes=12,340,000,000 tested=0 found=0 n=707135820037379314677381 elapsed=1169s
progress: nodes=12,350,000,000 tested=0 found=0 n=46849834561328517413409 elapsed=1170s
progress: nodes=12,360,000,000 tested=0 found=0 n=676861634965940106566169 elapsed=1171s
progress: nodes=12,370,000,000 tested=0 found=0 n=688140589622062317714831 elapsed=1172s
progress: nodes=12,380,000,000 tested=0 found=0 n=36600222117339490558377 elapsed=1173s
progress: nodes=12,390,000,000 tested=0 found=0 n=566777654774121701268501 elapsed=1174s
progress: nodes=12,400,000,000 tested=0 found=0 n=843771150278903789845617 elapsed=1175s
progress: nodes=12,410,000,000 tested=0 found=0 n=13465822135594760093019 elapsed=1176s
progress: nodes=12,420,000,000 tested=0 found=0 n=36410273335867692695577 elapsed=1177s
progress: nodes=12,430,000,000 tested=0 found=0 n=444023399634424237811469 elapsed=1178s
progress: nodes=12,440,000,000 tested=0 found=0 n=456586132755327976280451 elapsed=1179s
progress: nodes=12,450,000,000 tested=0 found=0 n=740046147558732147772353 elapsed=1180s
progress: nodes=12,460,000,000 tested=0 found=0 n=487879363267426864848543 elapsed=1181s
progress: nodes=12,470,000,000 tested=0 found=0 n=276874879098665298492327 elapsed=1182s
progress: nodes=12,480,000,000 tested=0 found=0 n=867599763242629945009053 elapsed=1183s
progress: nodes=12,490,000,000 tested=0 found=0 n=325245051808302033257421 elapsed=1184s
progress: nodes=12,500,000,000 tested=0 found=0 n=709040662554958652034831 elapsed=1185s
progress: nodes=12,510,000,000 tested=0 found=0 n=572688623045331718980483 elapsed=1186s
progress: nodes=12,520,000,000 tested=0 found=0 n=669657229645667280036591 elapsed=1187s
progress: nodes=12,530,000,000 tested=0 found=0 n=907850399013219461965737 elapsed=1188s
progress: nodes=12,540,000,000 tested=0 found=0 n=466884765928467928791321 elapsed=1189s
progress: nodes=12,550,000,000 tested=0 found=0 n=571856612983774782167361 elapsed=1190s
progress: nodes=12,560,000,000 tested=0 found=0 n=554943180870599511966261 elapsed=1191s
progress: nodes=12,570,000,000 tested=0 found=0 n=883575960151462647709497 elapsed=1192s
progress: nodes=12,580,000,000 tested=0 found=0 n=287266473495181338422979 elapsed=1193s
progress: nodes=12,590,000,000 tested=0 found=0 n=295307378430174839405391 elapsed=1194s
progress: nodes=12,600,000,000 tested=0 found=0 n=190896799485209700482457 elapsed=1195s
progress: nodes=12,610,000,000 tested=0 found=0 n=556581762075234568176933 elapsed=1196s
progress: nodes=12,620,000,000 tested=0 found=0 n=68641785638898593739189 elapsed=1197s
progress: nodes=12,630,000,000 tested=0 found=0 n=166731311778031822219827 elapsed=1198s
progress: nodes=12,640,000,000 tested=0 found=0 n=453090074390195259578847 elapsed=1199s
progress: nodes=12,650,000,000 tested=0 found=0 n=287981616195186438449067 elapsed=1200s
progress: nodes=12,660,000,000 tested=0 found=0 n=986639507282624216707257 elapsed=1201s
progress: nodes=12,670,000,000 tested=0 found=0 n=50172087177128858051253 elapsed=1202s
progress: nodes=12,680,000,000 tested=0 found=0 n=91125770029519235556117 elapsed=1203s
progress: nodes=12,690,000,000 tested=0 found=0 n=120436336682339992266381 elapsed=1204s
progress: nodes=12,700,000,000 tested=0 found=0 n=93489113547832087262463 elapsed=1205s
progress: nodes=12,710,000,000 tested=0 found=0 n=321976492932229707796653 elapsed=1206s
progress: nodes=12,720,000,000 tested=0 found=0 n=28793762443211154537291 elapsed=1207s
progress: nodes=12,730,000,000 tested=0 found=0 n=70977334271271556926369 elapsed=1208s
progress: nodes=12,740,000,000 tested=0 found=0 n=848516274802723823978253 elapsed=1209s
progress: nodes=12,750,000,000 tested=0 found=0 n=68713210518912712839801 elapsed=1210s
progress: nodes=12,760,000,000 tested=0 found=0 n=371879037661210252062747 elapsed=1210s
progress: nodes=12,770,000,000 tested=0 found=0 n=9287810611566012217263 elapsed=1211s
progress: nodes=12,780,000,000 tested=0 found=0 n=18728030397695964239037 elapsed=1212s
progress: nodes=12,790,000,000 tested=0 found=0 n=972420378895776856411509 elapsed=1213s
progress: nodes=12,800,000,000 tested=0 found=0 n=500237879693330655448143 elapsed=1214s
progress: nodes=12,810,000,000 tested=0 found=0 n=413018721203846935749 elapsed=1215s
progress: nodes=12,820,000,000 tested=0 found=0 n=626830419063552059322681 elapsed=1216s
progress: nodes=12,830,000,000 tested=0 found=0 n=640690012321673253086433 elapsed=1217s
progress: nodes=12,840,000,000 tested=0 found=0 n=602941219521255472906191 elapsed=1218s
progress: nodes=12,850,000,000 tested=0 found=0 n=265295985422196619378059 elapsed=1219s
progress: nodes=12,860,000,000 tested=0 found=0 n=634994661065937243512727 elapsed=1220s
progress: nodes=12,870,000,000 tested=0 found=0 n=244135883729671487518107 elapsed=1221s
progress: nodes=12,880,000,000 tested=0 found=0 n=77786013878389351344381 elapsed=1222s
progress: nodes=12,890,000,000 tested=0 found=0 n=836714401748728586969457 elapsed=1223s
progress: nodes=12,900,000,000 tested=0 found=0 n=202465779361794925350231 elapsed=1224s
progress: nodes=12,910,000,000 tested=0 found=0 n=606105815980334961988983 elapsed=1225s
progress: nodes=12,920,000,000 tested=0 found=0 n=105566405434057353352281 elapsed=1226s
progress: nodes=12,930,000,000 tested=0 found=0 n=217232638993704771423129 elapsed=1227s
progress: nodes=12,940,000,000 tested=0 found=0 n=477513854520657972517929 elapsed=1228s
progress: nodes=12,950,000,000 tested=0 found=0 n=70087405501359211847739 elapsed=1229s
progress: nodes=12,960,000,000 tested=0 found=0 n=319149406025708789629527 elapsed=1230s
progress: nodes=12,970,000,000 tested=0 found=0 n=132243092409413523060237 elapsed=1231s
progress: nodes=12,980,000,000 tested=0 found=0 n=218014471888120097840793 elapsed=1232s
progress: nodes=12,990,000,000 tested=0 found=0 n=632044957778093736014853 elapsed=1233s
progress: nodes=13,000,000,000 tested=0 found=0 n=570215873730419402676333 elapsed=1233s
progress: nodes=13,010,000,000 tested=0 found=0 n=203271962265079560834267 elapsed=1234s
progress: nodes=13,020,000,000 tested=0 found=0 n=146220559167249198029541 elapsed=1235s
progress: nodes=13,030,000,000 tested=0 found=0 n=225885660267742305625509 elapsed=1236s
progress: nodes=13,040,000,000 tested=0 found=0 n=896293648258984094741193 elapsed=1237s
progress: nodes=13,050,000,000 tested=0 found=0 n=274772945111365442827371 elapsed=1238s
progress: nodes=13,060,000,000 tested=0 found=0 n=596524402194568813019769 elapsed=1239s
progress: nodes=13,070,000,000 tested=0 found=0 n=882127871881485878696619 elapsed=1240s
progress: nodes=13,080,000,000 tested=0 found=0 n=843799984978470894240009 elapsed=1241s
progress: nodes=13,090,000,000 tested=0 found=0 n=622237841708548834907853 elapsed=1242s
progress: nodes=13,100,000,000 tested=0 found=0 n=508936768101091647234489 elapsed=1243s
progress: nodes=13,110,000,000 tested=0 found=0 n=363276830151751883737227 elapsed=1244s
progress: nodes=13,120,000,000 tested=0 found=0 n=802799495761711582291443 elapsed=1245s
progress: nodes=13,130,000,000 tested=0 found=0 n=361203934218112683512529 elapsed=1246s
progress: nodes=13,140,000,000 tested=0 found=0 n=162723007798778802923691 elapsed=1247s
progress: nodes=13,150,000,000 tested=0 found=0 n=577016930450511904186977 elapsed=1248s
progress: nodes=13,160,000,000 tested=0 found=0 n=240456776810324681499321 elapsed=1249s
progress: nodes=13,170,000,000 tested=0 found=0 n=206945037144612115746969 elapsed=1250s
progress: nodes=13,180,000,000 tested=0 found=0 n=188987911881037601353593 elapsed=1251s
progress: nodes=13,190,000,000 tested=0 found=0 n=224387053533001535133243 elapsed=1252s
progress: nodes=13,200,000,000 tested=0 found=0 n=418326172263023497227183 elapsed=1252s
progress: nodes=13,210,000,000 tested=0 found=0 n=276955360497819468273237 elapsed=1253s
progress: nodes=13,220,000,000 tested=0 found=0 n=3846192150178448117619 elapsed=1254s
progress: nodes=13,230,000,000 tested=0 found=0 n=332630288000925366184161 elapsed=1255s
progress: nodes=13,240,000,000 tested=0 found=0 n=201277267729891209322323 elapsed=1256s
progress: nodes=13,250,000,000 tested=0 found=0 n=7944950569172060996409 elapsed=1257s
progress: nodes=13,260,000,000 tested=0 found=0 n=382050180444752633081697 elapsed=1258s
progress: nodes=13,270,000,000 tested=0 found=0 n=232714128041797308810189 elapsed=1259s
progress: nodes=13,280,000,000 tested=0 found=0 n=94952922198604604298879 elapsed=1259s
progress: nodes=13,290,000,000 tested=0 found=0 n=717621910568956022685627 elapsed=1261s
progress: nodes=13,300,000,000 tested=0 found=0 n=270533334707077039682799 elapsed=1262s
progress: nodes=13,310,000,000 tested=0 found=0 n=111533050610732704470231 elapsed=1263s
progress: nodes=13,320,000,000 tested=0 found=0 n=252107814499869802523907 elapsed=1264s
progress: nodes=13,330,000,000 tested=0 found=0 n=958666129784895949333059 elapsed=1265s
progress: nodes=13,340,000,000 tested=0 found=0 n=72969790230287377833549 elapsed=1266s
progress: nodes=13,350,000,000 tested=0 found=0 n=160522981893081523950663 elapsed=1267s
progress: nodes=13,360,000,000 tested=0 found=0 n=150634181230160162476227 elapsed=1268s
progress: nodes=13,370,000,000 tested=0 found=0 n=208710449447699155944273 elapsed=1269s
progress: nodes=13,380,000,000 tested=0 found=0 n=878988671330732953065933 elapsed=1269s
progress: nodes=13,390,000,000 tested=0 found=0 n=271879545164427293485821 elapsed=1270s
progress: nodes=13,400,000,000 tested=0 found=0 n=5752274127101353745751 elapsed=1271s
progress: nodes=13,410,000,000 tested=0 found=0 n=123350289272484219944427 elapsed=1272s
progress: nodes=13,420,000,000 tested=0 found=0 n=313650627591061823917569 elapsed=1273s
progress: nodes=13,430,000,000 tested=0 found=0 n=837198242227001781648951 elapsed=1274s
progress: nodes=13,440,000,000 tested=0 found=0 n=867527761885856494545837 elapsed=1275s
progress: nodes=13,450,000,000 tested=0 found=0 n=200624661307343512921539 elapsed=1275s
progress: nodes=13,460,000,000 tested=0 found=0 n=646025340886922964248853 elapsed=1276s
progress: nodes=13,470,000,000 tested=0 found=0 n=124101086445118963178427 elapsed=1277s
progress: nodes=13,480,000,000 tested=0 found=0 n=744611553748846507728147 elapsed=1278s
progress: nodes=13,490,000,000 tested=0 found=0 n=82480647004392604131879 elapsed=1280s
progress: nodes=13,500,000,000 tested=0 found=0 n=161009781949149524034501 elapsed=1281s
progress: nodes=13,510,000,000 tested=0 found=0 n=667016591056450527450129 elapsed=1282s
progress: nodes=13,520,000,000 tested=0 found=0 n=441216469556221709232597 elapsed=1283s
progress: nodes=13,530,000,000 tested=0 found=0 n=745330752426200664380943 elapsed=1283s
progress: nodes=13,540,000,000 tested=0 found=0 n=711679392322875461957043 elapsed=1284s
progress: nodes=13,550,000,000 tested=0 found=0 n=870372955635049969425609 elapsed=1285s
progress: nodes=13,560,000,000 tested=0 found=0 n=842643447392420303559501 elapsed=1286s
progress: nodes=13,570,000,000 tested=0 found=0 n=930248925554668946602233 elapsed=1287s
progress: nodes=13,580,000,000 tested=0 found=0 n=144692485916792741640141 elapsed=1288s
progress: nodes=13,590,000,000 tested=0 found=0 n=913387108727375654808579 elapsed=1289s
progress: nodes=13,600,000,000 tested=0 found=0 n=918321612304340666954103 elapsed=1290s
progress: nodes=13,610,000,000 tested=0 found=0 n=56529105023424411493401 elapsed=1291s
progress: nodes=13,620,000,000 tested=0 found=0 n=718876847831326003948557 elapsed=1292s
progress: nodes=13,630,000,000 tested=0 found=0 n=604596561030533832125937 elapsed=1293s
progress: nodes=13,640,000,000 tested=0 found=0 n=29447453184424529410299 elapsed=1294s
progress: nodes=13,650,000,000 tested=0 found=0 n=10704111815575152222963 elapsed=1295s
progress: nodes=13,660,000,000 tested=0 found=0 n=638090581039534777071489 elapsed=1295s
progress: nodes=13,670,000,000 tested=0 found=0 n=18212408832106245927027 elapsed=1296s
progress: nodes=13,680,000,000 tested=0 found=0 n=235833364751956840458447 elapsed=1297s
progress: nodes=13,690,000,000 tested=0 found=0 n=344885277647922925867239 elapsed=1298s
progress: nodes=13,700,000,000 tested=0 found=0 n=708523024317568637444553 elapsed=1299s
progress: nodes=13,710,000,000 tested=0 found=0 n=759631646850451173634407 elapsed=1300s
progress: nodes=13,720,000,000 tested=0 found=0 n=618108119133833808492441 elapsed=1301s
progress: nodes=13,730,000,000 tested=0 found=0 n=982649769116862313036713 elapsed=1302s
progress: nodes=13,740,000,000 tested=0 found=0 n=614523228737285846378829 elapsed=1303s
progress: nodes=13,750,000,000 tested=0 found=0 n=799592184273682081540401 elapsed=1304s
progress: nodes=13,760,000,000 tested=0 found=0 n=146834175176225425754151 elapsed=1305s
progress: nodes=13,770,000,000 tested=0 found=0 n=671414307515757505342929 elapsed=1306s
progress: nodes=13,780,000,000 tested=0 found=0 n=617143208488286078634321 elapsed=1306s
progress: nodes=13,790,000,000 tested=0 found=0 n=900772929694537727806407 elapsed=1307s
progress: nodes=13,800,000,000 tested=0 found=0 n=761089107916936003687053 elapsed=1308s
progress: nodes=13,810,000,000 tested=0 found=0 n=630550504881602097627549 elapsed=1309s
progress: nodes=13,820,000,000 tested=0 found=0 n=243958217136767022692517 elapsed=1310s
progress: nodes=13,830,000,000 tested=0 found=0 n=327381378668859452751957 elapsed=1311s
progress: nodes=13,840,000,000 tested=0 found=0 n=8771231046149241071259 elapsed=1312s
progress: nodes=13,850,000,000 tested=0 found=0 n=994367986526675366423103 elapsed=1313s
progress: nodes=13,860,000,000 tested=0 found=0 n=357936201855065904580653 elapsed=1314s
progress: nodes=13,870,000,000 tested=0 found=0 n=444466059164639246492043 elapsed=1315s
progress: nodes=13,880,000,000 tested=0 found=0 n=499748769677427580715691 elapsed=1316s
progress: nodes=13,890,000,000 tested=0 found=0 n=245059788963329912366223 elapsed=1317s
progress: nodes=13,900,000,000 tested=0 found=0 n=313319408261340553334691 elapsed=1318s
progress: nodes=13,910,000,000 tested=0 found=0 n=736663151962138772559903 elapsed=1319s
progress: nodes=13,920,000,000 tested=0 found=0 n=697243349487137062467 elapsed=1320s
progress: nodes=13,930,000,000 tested=0 found=0 n=681392625522234158633529 elapsed=1321s
progress: nodes=13,940,000,000 tested=0 found=0 n=220009618420716817079673 elapsed=1322s
progress: nodes=13,950,000,000 tested=0 found=0 n=362572226414496455978049 elapsed=1323s
progress: nodes=13,960,000,000 tested=0 found=0 n=405458151627688687071687 elapsed=1324s
progress: nodes=13,970,000,000 tested=0 found=0 n=100648262799681355272657 elapsed=1324s
progress: nodes=13,980,000,000 tested=0 found=0 n=118625041891437407798901 elapsed=1325s
progress: nodes=13,990,000,000 tested=0 found=0 n=373427772446118869433669 elapsed=1326s
progress: nodes=14,000,000,000 tested=0 found=0 n=545942074129041162418131 elapsed=1327s
progress: nodes=14,010,000,000 tested=0 found=0 n=938730554054223996203853 elapsed=1328s
progress: nodes=14,020,000,000 tested=0 found=0 n=268882891383392681272449 elapsed=1329s
progress: nodes=14,030,000,000 tested=0 found=0 n=839967004335310966003461 elapsed=1330s
progress: nodes=14,040,000,000 tested=0 found=0 n=502723240098356508551463 elapsed=1331s
progress: nodes=14,050,000,000 tested=0 found=0 n=433655060008878621135651 elapsed=1332s
progress: nodes=14,060,000,000 tested=0 found=0 n=410861276933157494884869 elapsed=1333s
progress: nodes=14,070,000,000 tested=0 found=0 n=737365200707063734982319 elapsed=1334s
progress: nodes=14,080,000,000 tested=0 found=0 n=735820025067757964354163 elapsed=1335s
progress: nodes=14,090,000,000 tested=0 found=0 n=361861115239791773318427 elapsed=1336s
progress: nodes=14,100,000,000 tested=0 found=0 n=984232960649017179434763 elapsed=1337s
progress: nodes=14,110,000,000 tested=0 found=0 n=664134079865935053971739 elapsed=1338s
progress: nodes=14,120,000,000 tested=0 found=0 n=737201860817626235855109 elapsed=1339s
progress: nodes=14,130,000,000 tested=0 found=0 n=222392886635448733807317 elapsed=1340s
progress: nodes=14,140,000,000 tested=0 found=0 n=322613721379655505617961 elapsed=1341s
progress: nodes=14,150,000,000 tested=0 found=0 n=244220296170477411252039 elapsed=1342s
progress: nodes=14,160,000,000 tested=0 found=0 n=934983539719883294388033 elapsed=1343s
progress: nodes=14,170,000,000 tested=0 found=0 n=193477644827608912378179 elapsed=1344s
progress: nodes=14,180,000,000 tested=0 found=0 n=337440564265958792012517 elapsed=1345s
progress: nodes=14,190,000,000 tested=0 found=0 n=1060403867217465726813 elapsed=1345s
progress: nodes=14,200,000,000 tested=0 found=0 n=597723562373440937525949 elapsed=1346s
progress: nodes=14,210,000,000 tested=0 found=0 n=259240013228699415520179 elapsed=1347s
progress: nodes=14,220,000,000 tested=0 found=0 n=638446385999114247654957 elapsed=1348s
progress: nodes=14,230,000,000 tested=0 found=0 n=58992928352784452593281 elapsed=1349s
progress: nodes=14,240,000,000 tested=0 found=0 n=675266973719608206282489 elapsed=1350s
progress: nodes=14,250,000,000 tested=0 found=0 n=156373775089999881100401 elapsed=1351s
progress: nodes=14,260,000,000 tested=0 found=0 n=983367316082198979041253 elapsed=1352s
progress: nodes=14,270,000,000 tested=0 found=0 n=841536323611559500815033 elapsed=1353s
progress: nodes=14,280,000,000 tested=0 found=0 n=985332152357666703116241 elapsed=1354s
progress: nodes=14,290,000,000 tested=0 found=0 n=165972048870320304306123 elapsed=1355s
progress: nodes=14,300,000,000 tested=0 found=0 n=277383867809484652671741 elapsed=1356s
progress: nodes=14,310,000,000 tested=0 found=0 n=15774066974742337857453 elapsed=1357s
progress: nodes=14,320,000,000 tested=1 found=0 n=140459032300642807323 elapsed=1358s
progress: nodes=14,330,000,000 tested=1 found=0 n=517029341460218434152591 elapsed=1359s
progress: nodes=14,340,000,000 tested=1 found=0 n=678091394543714657604813 elapsed=1360s
progress: nodes=14,350,000,000 tested=1 found=0 n=553876788270371836399701 elapsed=1361s
progress: nodes=14,360,000,000 tested=1 found=0 n=869340304172122420902693 elapsed=1362s
progress: nodes=14,370,000,000 tested=1 found=0 n=274570268376886839039111 elapsed=1363s
progress: nodes=14,380,000,000 tested=1 found=0 n=410906670930973906942539 elapsed=1364s
progress: nodes=14,390,000,000 tested=1 found=0 n=97869061192674496879869 elapsed=1365s
progress: nodes=14,400,000,000 tested=1 found=0 n=148678501001193342147111 elapsed=1366s
progress: nodes=14,410,000,000 tested=1 found=0 n=943435722894040041048669 elapsed=1367s
progress: nodes=14,420,000,000 tested=1 found=0 n=588630819299652598120509 elapsed=1368s
progress: nodes=14,430,000,000 tested=1 found=0 n=375065373078256092662001 elapsed=1369s
progress: nodes=14,440,000,000 tested=1 found=0 n=6364212188705426363451 elapsed=1370s
progress: nodes=14,450,000,000 tested=1 found=0 n=21607055970332723684079 elapsed=1371s
progress: nodes=14,460,000,000 tested=1 found=0 n=907715689767830383702977 elapsed=1372s
progress: nodes=14,470,000,000 tested=1 found=0 n=482833813232799777768591 elapsed=1373s
progress: nodes=14,480,000,000 tested=1 found=0 n=78077055341106873579957 elapsed=1374s
progress: nodes=14,490,000,000 tested=1 found=0 n=345146126234488813086567 elapsed=1374s
progress: nodes=14,500,000,000 tested=1 found=0 n=109538930996802760463439 elapsed=1375s
progress: nodes=14,510,000,000 tested=1 found=0 n=4833890879555323192893 elapsed=1376s
progress: nodes=14,520,000,000 tested=1 found=0 n=1484123144454742974897 elapsed=1377s
progress: nodes=14,530,000,000 tested=1 found=0 n=275523860830744188135759 elapsed=1378s
progress: nodes=14,540,000,000 tested=1 found=0 n=882643967066258732255349 elapsed=1379s
progress: nodes=14,550,000,000 tested=1 found=0 n=659246249295113859651129 elapsed=1380s
progress: nodes=14,560,000,000 tested=1 found=0 n=457620794018011553225439 elapsed=1381s
progress: nodes=14,570,000,000 tested=1 found=0 n=190465337598686480153967 elapsed=1382s
progress: nodes=14,580,000,000 tested=1 found=0 n=183242957491599539591343 elapsed=1383s
progress: nodes=14,590,000,000 tested=1 found=0 n=370323093492848418635427 elapsed=1384s
progress: nodes=14,600,000,000 tested=1 found=0 n=79779111862932761694987 elapsed=1385s
progress: nodes=14,610,000,000 tested=1 found=0 n=337977090315566101106421 elapsed=1386s
progress: nodes=14,620,000,000 tested=1 found=0 n=61343502485408359748961 elapsed=1387s
progress: nodes=14,630,000,000 tested=1 found=0 n=166858753687878114941793 elapsed=1388s
progress: nodes=14,640,000,000 tested=1 found=0 n=600687716669952440435049 elapsed=1389s
progress: nodes=14,650,000,000 tested=1 found=0 n=321985156042741113523029 elapsed=1390s
progress: nodes=14,660,000,000 tested=1 found=0 n=505777154450018672826033 elapsed=1390s
progress: nodes=14,670,000,000 tested=1 found=0 n=753435560800828588190079 elapsed=1391s
progress: nodes=14,680,000,000 tested=1 found=0 n=733263445762278071566497 elapsed=1392s
progress: nodes=14,690,000,000 tested=1 found=0 n=658667116554802813599999 elapsed=1393s
progress: nodes=14,700,000,000 tested=1 found=0 n=731281160321841532746057 elapsed=1394s
progress: nodes=14,710,000,000 tested=1 found=0 n=326515806523258538876547 elapsed=1395s
progress: nodes=14,720,000,000 tested=1 found=0 n=43696853550352861633203 elapsed=1396s
progress: nodes=14,730,000,000 tested=1 found=0 n=468395434948092312480963 elapsed=1397s
progress: nodes=14,740,000,000 tested=1 found=0 n=233489523387428271288039 elapsed=1398s
progress: nodes=14,750,000,000 tested=1 found=0 n=761118138487863884081211 elapsed=1399s
progress: nodes=14,760,000,000 tested=1 found=0 n=57929705655898615344663 elapsed=1400s
progress: nodes=14,770,000,000 tested=1 found=0 n=545803057686399736773693 elapsed=1401s
progress: nodes=14,780,000,000 tested=1 found=0 n=94235613056812724625843 elapsed=1402s
progress: nodes=14,790,000,000 tested=1 found=0 n=706630118383603896814761 elapsed=1403s
progress: nodes=14,800,000,000 tested=1 found=0 n=14515788855985953711747 elapsed=1404s
progress: nodes=14,810,000,000 tested=1 found=0 n=490544512556210307891267 elapsed=1404s
progress: nodes=14,820,000,000 tested=1 found=0 n=966881267645683809146871 elapsed=1405s
progress: nodes=14,830,000,000 tested=1 found=0 n=286209050900376719240697 elapsed=1406s
progress: nodes=14,840,000,000 tested=1 found=0 n=8603381911978420957533 elapsed=1407s
progress: nodes=14,850,000,000 tested=1 found=0 n=172188156630948532195407 elapsed=1408s
progress: nodes=14,860,000,000 tested=1 found=0 n=967137448752950875936107 elapsed=1409s
progress: nodes=14,870,000,000 tested=1 found=0 n=910373834276650716345087 elapsed=1410s
progress: nodes=14,880,000,000 tested=1 found=0 n=657735909947181033195513 elapsed=1411s
progress: nodes=14,890,000,000 tested=1 found=0 n=726205589253165403420467 elapsed=1412s
progress: nodes=14,900,000,000 tested=1 found=0 n=996609399920491904169051 elapsed=1413s
progress: nodes=14,910,000,000 tested=1 found=0 n=32107865444219401487079 elapsed=1414s
progress: nodes=14,920,000,000 tested=1 found=0 n=16361117592227258873451 elapsed=1415s
progress: nodes=14,930,000,000 tested=1 found=0 n=581651334913561377616437 elapsed=1416s
progress: nodes=14,940,000,000 tested=1 found=0 n=645872813716336640972967 elapsed=1416s
progress: nodes=14,950,000,000 tested=1 found=0 n=933657996236892101529783 elapsed=1417s
progress: nodes=14,960,000,000 tested=1 found=0 n=585293067328456782477039 elapsed=1418s
progress: nodes=14,970,000,000 tested=1 found=0 n=809307748034938782475989 elapsed=1419s
progress: nodes=14,980,000,000 tested=1 found=0 n=964456152137558542760727 elapsed=1420s
progress: nodes=14,990,000,000 tested=1 found=0 n=409245104375897220447159 elapsed=1421s
progress: nodes=15,000,000,000 tested=1 found=0 n=777552617970177646568829 elapsed=1422s
progress: nodes=15,010,000,000 tested=1 found=0 n=965462191943853070723971 elapsed=1423s
progress: nodes=15,020,000,000 tested=1 found=0 n=156959080640430342005589 elapsed=1424s
progress: nodes=15,030,000,000 tested=1 found=0 n=114165710163639204108753 elapsed=1425s
progress: nodes=15,040,000,000 tested=1 found=0 n=849238631625147713111877 elapsed=1426s
progress: nodes=15,050,000,000 tested=1 found=0 n=799866453001553597121033 elapsed=1427s
progress: nodes=15,060,000,000 tested=1 found=0 n=927807637630614827860059 elapsed=1428s
progress: nodes=15,070,000,000 tested=1 found=0 n=457112659294619201973957 elapsed=1429s
progress: nodes=15,080,000,000 tested=1 found=0 n=647729267142375023689941 elapsed=1430s
progress: nodes=15,090,000,000 tested=1 found=0 n=628822355934816934844811 elapsed=1431s
progress: nodes=15,100,000,000 tested=1 found=0 n=473127334643713989459363 elapsed=1432s
progress: nodes=15,110,000,000 tested=1 found=0 n=33695158682484877979973 elapsed=1433s
progress: nodes=15,120,000,000 tested=1 found=0 n=35456437680321835500609 elapsed=1433s
progress: nodes=15,130,000,000 tested=1 found=0 n=1227501704291855116839 elapsed=1434s
progress: nodes=15,140,000,000 tested=1 found=0 n=797899802003900539857771 elapsed=1435s
progress: nodes=15,150,000,000 tested=1 found=0 n=653415804977779391424591 elapsed=1436s
progress: nodes=15,160,000,000 tested=1 found=0 n=309238527775609769143521 elapsed=1437s
progress: nodes=15,170,000,000 tested=1 found=0 n=184469239061837311527231 elapsed=1438s
progress: nodes=15,180,000,000 tested=1 found=0 n=14107044099037247786571 elapsed=1439s
progress: nodes=15,190,000,000 tested=1 found=0 n=309256907257397055451209 elapsed=1440s
progress: nodes=15,200,000,000 tested=1 found=0 n=981973287275637017068851 elapsed=1441s
progress: nodes=15,210,000,000 tested=1 found=0 n=919813203726790839008829 elapsed=1442s
progress: nodes=15,220,000,000 tested=1 found=0 n=928612945155519589881201 elapsed=1443s
progress: nodes=15,230,000,000 tested=1 found=0 n=634666231278604554817359 elapsed=1444s
progress: nodes=15,240,000,000 tested=1 found=0 n=497276846967134514422571 elapsed=1445s
progress: nodes=15,250,000,000 tested=1 found=0 n=85703742209031895163787 elapsed=1446s
progress: nodes=15,260,000,000 tested=1 found=0 n=1038430205754738076137 elapsed=1447s
progress: nodes=15,270,000,000 tested=1 found=0 n=374240599614402083800809 elapsed=1448s
progress: nodes=15,280,000,000 tested=1 found=0 n=951649289977237790548467 elapsed=1449s
progress: nodes=15,290,000,000 tested=1 found=0 n=736097277887382489963027 elapsed=1450s
progress: nodes=15,300,000,000 tested=1 found=0 n=302340953740795203013923 elapsed=1451s
progress: nodes=15,310,000,000 tested=1 found=0 n=410896746431599808620383 elapsed=1452s
progress: nodes=15,320,000,000 tested=1 found=0 n=683709773699309923159737 elapsed=1453s
progress: nodes=15,330,000,000 tested=1 found=0 n=169320553823505732373011 elapsed=1454s
progress: nodes=15,340,000,000 tested=1 found=0 n=884947479026032802925831 elapsed=1455s
progress: nodes=15,350,000,000 tested=1 found=0 n=935864450988974446295499 elapsed=1456s
progress: nodes=15,360,000,000 tested=1 found=0 n=294674622013534991646561 elapsed=1457s
progress: nodes=15,370,000,000 tested=1 found=0 n=607934179071316320619539 elapsed=1458s
progress: nodes=15,380,000,000 tested=1 found=0 n=87833473407083173272789 elapsed=1459s
progress: nodes=15,390,000,000 tested=1 found=0 n=142999780225034079606831 elapsed=1460s
progress: nodes=15,400,000,000 tested=1 found=0 n=294225391726325229800487 elapsed=1461s
progress: nodes=15,410,000,000 tested=1 found=0 n=702329986338737074069323 elapsed=1462s
progress: nodes=15,420,000,000 tested=1 found=0 n=524152466327836511669361 elapsed=1463s
progress: nodes=15,430,000,000 tested=1 found=0 n=727976552785872547572129 elapsed=1464s
progress: nodes=15,440,000,000 tested=1 found=0 n=791251320931625806426317 elapsed=1465s
progress: nodes=15,450,000,000 tested=1 found=0 n=232926493189855959819039 elapsed=1466s
progress: nodes=15,460,000,000 tested=1 found=0 n=51170328422140621614063 elapsed=1467s
progress: nodes=15,470,000,000 tested=1 found=0 n=664640939463835478245959 elapsed=1468s
progress: nodes=15,480,000,000 tested=1 found=0 n=440076539778710562881439 elapsed=1469s
progress: nodes=15,490,000,000 tested=1 found=0 n=1665428528078519013381 elapsed=1470s
progress: nodes=15,500,000,000 tested=1 found=0 n=784965649851441845301801 elapsed=1471s
progress: nodes=15,510,000,000 tested=1 found=0 n=965921637128975387533101 elapsed=1472s
progress: nodes=15,520,000,000 tested=1 found=0 n=455774047809637851689109 elapsed=1473s
progress: nodes=15,530,000,000 tested=1 found=0 n=676061628892068127228377 elapsed=1474s
progress: nodes=15,540,000,000 tested=1 found=0 n=607472129615535600304317 elapsed=1475s
progress: nodes=15,550,000,000 tested=1 found=0 n=467898589501689601309197 elapsed=1476s
progress: nodes=15,560,000,000 tested=1 found=0 n=320057555979657475336929 elapsed=1477s
progress: nodes=15,570,000,000 tested=1 found=0 n=208309395953372184248349 elapsed=1478s
progress: nodes=15,580,000,000 tested=1 found=0 n=39777944770807168899831 elapsed=1479s
progress: nodes=15,590,000,000 tested=1 found=0 n=54403461184619282001123 elapsed=1480s
progress: nodes=15,600,000,000 tested=1 found=0 n=118168977764467447456353 elapsed=1481s
progress: nodes=15,610,000,000 tested=1 found=0 n=141164641459621759404711 elapsed=1482s
progress: nodes=15,620,000,000 tested=1 found=0 n=272916608913606357320907 elapsed=1483s
progress: nodes=15,630,000,000 tested=1 found=0 n=755901045079442151878703 elapsed=1483s
progress: nodes=15,640,000,000 tested=1 found=0 n=3059554135781890565247 elapsed=1484s
progress: nodes=15,650,000,000 tested=1 found=0 n=207566775412219361943519 elapsed=1485s
progress: nodes=15,660,000,000 tested=1 found=0 n=543683583848205966186879 elapsed=1486s
progress: nodes=15,670,000,000 tested=1 found=0 n=960959026520369808226581 elapsed=1487s
progress: nodes=15,680,000,000 tested=1 found=0 n=596031449004707555548137 elapsed=1488s
progress: nodes=15,690,000,000 tested=1 found=0 n=464204935244736564999549 elapsed=1489s
progress: nodes=15,700,000,000 tested=1 found=0 n=47972056579693555530507 elapsed=1490s
progress: nodes=15,710,000,000 tested=1 found=0 n=71661534762262902110511 elapsed=1491s
progress: nodes=15,720,000,000 tested=1 found=0 n=740921009431393412933883 elapsed=1492s
progress: nodes=15,730,000,000 tested=1 found=0 n=10728871966601185538427 elapsed=1493s
progress: nodes=15,740,000,000 tested=1 found=0 n=964078906922469977779569 elapsed=1493s
progress: nodes=15,750,000,000 tested=1 found=0 n=384876732120529881980319 elapsed=1494s
progress: nodes=15,760,000,000 tested=1 found=0 n=186469455697965359821473 elapsed=1495s
progress: nodes=15,770,000,000 tested=1 found=0 n=224740775233167996253737 elapsed=1496s
progress: nodes=15,780,000,000 tested=1 found=0 n=971974895622086703229311 elapsed=1497s
progress: nodes=15,790,000,000 tested=1 found=0 n=24324674331408369272211 elapsed=1498s
progress: nodes=15,800,000,000 tested=1 found=0 n=775468371387066849094317 elapsed=1499s
progress: nodes=15,810,000,000 tested=1 found=0 n=421195372403378164300137 elapsed=1500s
progress: nodes=15,820,000,000 tested=1 found=0 n=634729377189682078586997 elapsed=1501s
progress: nodes=15,830,000,000 tested=1 found=0 n=148529954423746828646571 elapsed=1502s
progress: nodes=15,840,000,000 tested=1 found=0 n=73800874137452129749653 elapsed=1503s
progress: nodes=15,850,000,000 tested=1 found=0 n=866004189138055292186433 elapsed=1504s
progress: nodes=15,860,000,000 tested=1 found=0 n=2847024308089679577717 elapsed=1504s
progress: nodes=15,870,000,000 tested=1 found=0 n=375029572882072735472703 elapsed=1505s
progress: nodes=15,880,000,000 tested=1 found=0 n=815399662769686746849669 elapsed=1506s
progress: nodes=15,890,000,000 tested=1 found=0 n=553796911105607607383517 elapsed=1507s
progress: nodes=15,900,000,000 tested=1 found=0 n=448985690665691801502309 elapsed=1508s
progress: nodes=15,910,000,000 tested=1 found=0 n=487004782463761768652589 elapsed=1509s
progress: nodes=15,920,000,000 tested=1 found=0 n=708940041950044294435617 elapsed=1510s
progress: nodes=15,930,000,000 tested=1 found=0 n=187552647508989824795877 elapsed=1511s
progress: nodes=15,940,000,000 tested=1 found=0 n=76969150254983820203799 elapsed=1512s
progress: nodes=15,950,000,000 tested=1 found=0 n=276603924145996619239353 elapsed=1513s
progress: nodes=15,960,000,000 tested=1 found=0 n=532387908395682457694433 elapsed=1514s
progress: nodes=15,970,000,000 tested=1 found=0 n=19841521671351685793631 elapsed=1515s
progress: nodes=15,980,000,000 tested=1 found=0 n=360747662110856005882611 elapsed=1516s
progress: nodes=15,990,000,000 tested=1 found=0 n=746761925690298310189683 elapsed=1517s
progress: nodes=16,000,000,000 tested=1 found=0 n=254238729411380576573139 elapsed=1517s
progress: nodes=16,010,000,000 tested=1 found=0 n=347829600871572992423823 elapsed=1518s
progress: nodes=16,020,000,000 tested=1 found=0 n=847348602370009416821001 elapsed=1519s
progress: nodes=16,030,000,000 tested=1 found=0 n=303748413500648616284499 elapsed=1520s
progress: nodes=16,040,000,000 tested=1 found=0 n=2511142137071825305191 elapsed=1521s
progress: nodes=16,050,000,000 tested=1 found=0 n=918631444302439763709957 elapsed=1522s
progress: nodes=16,060,000,000 tested=1 found=0 n=269578486783574422672647 elapsed=1523s
progress: nodes=16,070,000,000 tested=1 found=0 n=633053786497469007745503 elapsed=1524s
progress: nodes=16,080,000,000 tested=1 found=0 n=688142666434951337076753 elapsed=1525s
progress: nodes=16,090,000,000 tested=1 found=0 n=292569937573541846416341 elapsed=1526s
progress: nodes=16,100,000,000 tested=1 found=0 n=631576107582607959301101 elapsed=1527s
progress: nodes=16,110,000,000 tested=1 found=0 n=522041345165266459615797 elapsed=1528s
progress: nodes=16,120,000,000 tested=1 found=0 n=59146297873704824649009 elapsed=1529s
progress: nodes=16,130,000,000 tested=1 found=0 n=145360112418564634037733 elapsed=1530s
progress: nodes=16,140,000,000 tested=1 found=0 n=528763202308358221934301 elapsed=1531s
progress: nodes=16,150,000,000 tested=1 found=0 n=72019821236470665121707 elapsed=1532s
progress: nodes=16,160,000,000 tested=1 found=0 n=731545024360514361395541 elapsed=1533s
progress: nodes=16,170,000,000 tested=1 found=0 n=540716161714599494832351 elapsed=1534s
progress: nodes=16,180,000,000 tested=1 found=0 n=370740901457761623925851 elapsed=1534s
progress: nodes=16,190,000,000 tested=1 found=0 n=287564870174922802964931 elapsed=1535s
progress: nodes=16,200,000,000 tested=1 found=0 n=390424000175755098966699 elapsed=1536s
progress: nodes=16,210,000,000 tested=1 found=0 n=17011875055487902651347 elapsed=1537s
progress: nodes=16,220,000,000 tested=1 found=0 n=243459121775543002742127 elapsed=1538s
progress: nodes=16,230,000,000 tested=1 found=0 n=540929716575671299755021 elapsed=1539s
progress: nodes=16,240,000,000 tested=1 found=0 n=474596716894839059781117 elapsed=1540s
progress: nodes=16,250,000,000 tested=1 found=0 n=695443261430443382421279 elapsed=1541s
progress: nodes=16,260,000,000 tested=1 found=0 n=157994522793042579982767 elapsed=1542s
progress: nodes=16,270,000,000 tested=1 found=0 n=44129371031083216055463 elapsed=1543s
progress: nodes=16,280,000,000 tested=1 found=0 n=379646557379493534361803 elapsed=1544s
progress: nodes=16,290,000,000 tested=1 found=0 n=638249805275538005339361 elapsed=1545s
progress: nodes=16,300,000,000 tested=1 found=0 n=299003643493381021911573 elapsed=1546s
progress: nodes=16,310,000,000 tested=1 found=0 n=254264326167457787678211 elapsed=1547s
progress: nodes=16,320,000,000 tested=1 found=0 n=11434114541786624274873 elapsed=1548s
progress: nodes=16,330,000,000 tested=1 found=0 n=705466121627708929221591 elapsed=1549s
progress: nodes=16,340,000,000 tested=1 found=0 n=5061388485198472076793 elapsed=1550s
progress: nodes=16,350,000,000 tested=1 found=0 n=24584488218619779277113 elapsed=1551s
progress: nodes=16,360,000,000 tested=1 found=0 n=27374003642752416507 elapsed=1552s
progress: nodes=16,370,000,000 tested=1 found=0 n=850204780131886669821903 elapsed=1553s
progress: nodes=16,380,000,000 tested=1 found=0 n=780949956186259499299803 elapsed=1553s
progress: nodes=16,390,000,000 tested=1 found=0 n=342912393530602538908551 elapsed=1554s
progress: nodes=16,400,000,000 tested=1 found=0 n=906979127327880110227581 elapsed=1555s
progress: nodes=16,410,000,000 tested=1 found=0 n=326304499433207083905831 elapsed=1556s
progress: nodes=16,420,000,000 tested=1 found=0 n=273440781644239312536147 elapsed=1557s
progress: nodes=16,430,000,000 tested=1 found=0 n=823446271093845924339243 elapsed=1558s
progress: nodes=16,440,000,000 tested=1 found=0 n=240739597978235073169023 elapsed=1559s
progress: nodes=16,450,000,000 tested=1 found=0 n=883405155749131349470851 elapsed=1560s
progress: nodes=16,460,000,000 tested=1 found=0 n=236659105802237661721893 elapsed=1561s
progress: nodes=16,470,000,000 tested=1 found=0 n=316234088364179870044017 elapsed=1562s
progress: nodes=16,480,000,000 tested=1 found=0 n=3851694688788791654667 elapsed=1563s
progress: nodes=16,490,000,000 tested=1 found=0 n=367201263449623093060713 elapsed=1564s
progress: nodes=16,500,000,000 tested=1 found=0 n=459700571432668532948553 elapsed=1565s
progress: nodes=16,510,000,000 tested=1 found=0 n=430365307174802887497753 elapsed=1566s
progress: nodes=16,520,000,000 tested=1 found=0 n=251270162842570245375573 elapsed=1567s
progress: nodes=16,530,000,000 tested=1 found=0 n=90476545406018848133343 elapsed=1567s
progress: nodes=16,540,000,000 tested=1 found=0 n=620074025298412943858457 elapsed=1568s
progress: nodes=16,550,000,000 tested=1 found=0 n=940424618464276330383141 elapsed=1569s
progress: nodes=16,560,000,000 tested=1 found=0 n=701859823569289603668021 elapsed=1570s
progress: nodes=16,570,000,000 tested=1 found=0 n=754770603146150616381213 elapsed=1571s
progress: nodes=16,580,000,000 tested=1 found=0 n=43204078570126113779997 elapsed=1572s
progress: nodes=16,590,000,000 tested=1 found=0 n=729107299089716283590997 elapsed=1573s
progress: nodes=16,600,000,000 tested=1 found=0 n=354876154507266077378121 elapsed=1574s
progress: nodes=16,610,000,000 tested=1 found=0 n=361741241724422011395801 elapsed=1575s
progress: nodes=16,620,000,000 tested=1 found=0 n=441803121496236626470773 elapsed=1576s
progress: nodes=16,630,000,000 tested=1 found=0 n=925784447952150183273591 elapsed=1577s
progress: nodes=16,640,000,000 tested=1 found=0 n=412561689959170204659921 elapsed=1578s
progress: nodes=16,650,000,000 tested=1 found=0 n=836553211596232220203971 elapsed=1579s
progress: nodes=16,660,000,000 tested=1 found=0 n=139160873981240389208073 elapsed=1580s
progress: nodes=16,670,000,000 tested=1 found=0 n=8886925838052265818243 elapsed=1581s
progress: nodes=16,680,000,000 tested=1 found=0 n=611927083059275508687591 elapsed=1582s
progress: nodes=16,690,000,000 tested=1 found=0 n=322332705979455659587671 elapsed=1583s
progress: nodes=16,700,000,000 tested=1 found=0 n=378710407285864797848133 elapsed=1584s
progress: nodes=16,710,000,000 tested=1 found=0 n=307052699717186245912947 elapsed=1584s
progress: nodes=16,720,000,000 tested=1 found=0 n=141842636615122995283017 elapsed=1585s
progress: nodes=16,730,000,000 tested=1 found=0 n=224712285044881869333813 elapsed=1586s
progress: nodes=16,740,000,000 tested=1 found=0 n=938212062815330624358609 elapsed=1587s
progress: nodes=16,750,000,000 tested=1 found=0 n=526343361462276623990439 elapsed=1588s
progress: nodes=16,760,000,000 tested=1 found=0 n=457665119095646807815899 elapsed=1589s
progress: nodes=16,770,000,000 tested=1 found=0 n=713977656775737852259047 elapsed=1590s
progress: nodes=16,780,000,000 tested=1 found=0 n=471359640792172925143923 elapsed=1591s
progress: nodes=16,790,000,000 tested=1 found=0 n=244652168810596143463581 elapsed=1592s
progress: nodes=16,800,000,000 tested=1 found=0 n=65611130488842864496857 elapsed=1593s
progress: nodes=16,810,000,000 tested=1 found=0 n=809527913637829483392867 elapsed=1594s
progress: nodes=16,820,000,000 tested=1 found=0 n=317696972430074277606423 elapsed=1595s
progress: nodes=16,830,000,000 tested=1 found=0 n=877436686272011653230729 elapsed=1596s
progress: nodes=16,840,000,000 tested=1 found=0 n=367325169397839765208239 elapsed=1597s
progress: nodes=16,850,000,000 tested=1 found=0 n=817887254071227157324221 elapsed=1598s
progress: nodes=16,860,000,000 tested=1 found=0 n=916919365342082579318127 elapsed=1599s
progress: nodes=16,870,000,000 tested=1 found=0 n=303814527386259535961601 elapsed=1600s
progress: nodes=16,880,000,000 tested=1 found=0 n=8141730613938214245381 elapsed=1601s
progress: nodes=16,890,000,000 tested=1 found=0 n=752037349098251719512867 elapsed=1602s
progress: nodes=16,900,000,000 tested=1 found=0 n=435154956164936988477783 elapsed=1603s
progress: nodes=16,910,000,000 tested=1 found=0 n=624920048632989389752329 elapsed=1604s
progress: nodes=16,920,000,000 tested=1 found=0 n=604760208519380651386077 elapsed=1605s
progress: nodes=16,930,000,000 tested=1 found=0 n=629095038370017434778849 elapsed=1606s
progress: nodes=16,940,000,000 tested=1 found=0 n=140183690275365637444401 elapsed=1607s
progress: nodes=16,950,000,000 tested=1 found=0 n=725824375343058087101577 elapsed=1608s
progress: nodes=16,960,000,000 tested=1 found=0 n=881401597450390205907861 elapsed=1609s
progress: nodes=16,970,000,000 tested=1 found=0 n=436257965408983159977249 elapsed=1610s
progress: nodes=16,980,000,000 tested=1 found=0 n=137698981168864230299613 elapsed=1611s
progress: nodes=16,990,000,000 tested=1 found=0 n=469566160131958156366671 elapsed=1612s
progress: nodes=17,000,000,000 tested=1 found=0 n=420550891388742724185147 elapsed=1613s
progress: nodes=17,010,000,000 tested=1 found=0 n=650417404971484906449837 elapsed=1614s
progress: nodes=17,020,000,000 tested=1 found=0 n=529033209816127874319033 elapsed=1615s
progress: nodes=17,030,000,000 tested=1 found=0 n=557189458440267852225741 elapsed=1616s
progress: nodes=17,040,000,000 tested=1 found=0 n=178387727373864391401447 elapsed=1617s
progress: nodes=17,050,000,000 tested=1 found=0 n=474787301581100818618737 elapsed=1618s
progress: nodes=17,060,000,000 tested=1 found=0 n=577170169122574564925817 elapsed=1619s
progress: nodes=17,070,000,000 tested=1 found=0 n=692826167919125883791577 elapsed=1620s
progress: nodes=17,080,000,000 tested=1 found=0 n=882903359421975198918039 elapsed=1621s
progress: nodes=17,090,000,000 tested=1 found=0 n=231179844433819626997509 elapsed=1622s
progress: nodes=17,100,000,000 tested=1 found=0 n=66556553347097840217477 elapsed=1623s
progress: nodes=17,110,000,000 tested=1 found=0 n=901172839515424555760967 elapsed=1624s
progress: nodes=17,120,000,000 tested=1 found=0 n=192577659072542005109991 elapsed=1625s
progress: nodes=17,130,000,000 tested=1 found=0 n=254086658924193549147837 elapsed=1626s
progress: nodes=17,140,000,000 tested=1 found=0 n=196303199688798567439503 elapsed=1627s
progress: nodes=17,150,000,000 tested=1 found=0 n=406338045216893312663283 elapsed=1628s
progress: nodes=17,160,000,000 tested=1 found=0 n=99478242753554327405457 elapsed=1629s
progress: nodes=17,170,000,000 tested=1 found=0 n=62193586522210946511423 elapsed=1630s
progress: nodes=17,180,000,000 tested=1 found=0 n=982479922461504245451387 elapsed=1631s
progress: nodes=17,190,000,000 tested=1 found=0 n=33772019658009451214253 elapsed=1632s
progress: nodes=17,200,000,000 tested=1 found=0 n=670712746501298033604357 elapsed=1633s
progress: nodes=17,210,000,000 tested=1 found=0 n=62632705839671898700341 elapsed=1634s
progress: nodes=17,220,000,000 tested=1 found=0 n=81861701111044589219199 elapsed=1635s
progress: nodes=17,230,000,000 tested=1 found=0 n=119149146402398933756793 elapsed=1636s
progress: nodes=17,240,000,000 tested=1 found=0 n=267795925491213553937217 elapsed=1637s
progress: nodes=17,250,000,000 tested=1 found=0 n=217730354277400257579 elapsed=1638s
progress: nodes=17,260,000,000 tested=1 found=0 n=67703173121763432318351 elapsed=1639s
progress: nodes=17,270,000,000 tested=1 found=0 n=86649039433892272965771 elapsed=1640s
progress: nodes=17,280,000,000 tested=1 found=0 n=666961756357346055198879 elapsed=1641s
progress: nodes=17,290,000,000 tested=1 found=0 n=847364123095796248645989 elapsed=1642s
progress: nodes=17,300,000,000 tested=1 found=0 n=11825257793327829386679 elapsed=1643s
progress: nodes=17,310,000,000 tested=1 found=0 n=507850688277699830358009 elapsed=1644s
progress: nodes=17,320,000,000 tested=1 found=0 n=582428182606008451623339 elapsed=1645s
progress: nodes=17,330,000,000 tested=1 found=0 n=11352613236935775376143 elapsed=1646s
progress: nodes=17,340,000,000 tested=1 found=0 n=454308751624315677637119 elapsed=1647s
progress: nodes=17,350,000,000 tested=1 found=0 n=406303341720845102438619 elapsed=1648s
progress: nodes=17,360,000,000 tested=1 found=0 n=215457283222049106817293 elapsed=1649s
progress: nodes=17,370,000,000 tested=1 found=0 n=240579666004863918388227 elapsed=1650s
progress: nodes=17,380,000,000 tested=1 found=0 n=329099705880814902213609 elapsed=1651s
progress: nodes=17,390,000,000 tested=1 found=0 n=49016302320274803104019 elapsed=1652s
progress: nodes=17,400,000,000 tested=1 found=0 n=314004623781713342285379 elapsed=1653s
progress: nodes=17,410,000,000 tested=1 found=0 n=58757494513425130656519 elapsed=1654s
progress: nodes=17,420,000,000 tested=1 found=0 n=921603249027000762368289 elapsed=1655s
progress: nodes=17,430,000,000 tested=1 found=0 n=453405721944037151390673 elapsed=1656s
progress: nodes=17,440,000,000 tested=1 found=0 n=876065885363618495635947 elapsed=1657s
progress: nodes=17,450,000,000 tested=1 found=0 n=980527132316574303773169 elapsed=1658s
progress: nodes=17,460,000,000 tested=1 found=0 n=372699353390487910815171 elapsed=1659s
progress: nodes=17,470,000,000 tested=1 found=0 n=817748866679941366705821 elapsed=1660s
progress: nodes=17,480,000,000 tested=1 found=0 n=853722892501223330462019 elapsed=1661s
progress: nodes=17,490,000,000 tested=1 found=0 n=114401470220468278419 elapsed=1662s
progress: nodes=17,500,000,000 tested=1 found=0 n=841273277977212281026683 elapsed=1663s
progress: nodes=17,510,000,000 tested=1 found=0 n=384308029873549942640337 elapsed=1664s
progress: nodes=17,520,000,000 tested=1 found=0 n=491368164664015831022259 elapsed=1665s
progress: nodes=17,530,000,000 tested=1 found=0 n=752779142434436214899373 elapsed=1666s
progress: nodes=17,540,000,000 tested=1 found=0 n=676394881321429689058497 elapsed=1667s
progress: nodes=17,550,000,000 tested=1 found=0 n=122175210944156064123 elapsed=1668s
progress: nodes=17,560,000,000 tested=1 found=0 n=373558806748510887615969 elapsed=1669s
progress: nodes=17,570,000,000 tested=1 found=0 n=551759004952599021515223 elapsed=1670s
progress: nodes=17,580,000,000 tested=1 found=0 n=80763677976284346193293 elapsed=1671s
progress: nodes=17,590,000,000 tested=1 found=0 n=1494749143685695764009 elapsed=1672s
progress: nodes=17,600,000,000 tested=1 found=0 n=571378959545806286541381 elapsed=1673s
progress: nodes=17,610,000,000 tested=1 found=0 n=23369369339585231050803 elapsed=1674s
progress: nodes=17,620,000,000 tested=1 found=0 n=852914910827379762642423 elapsed=1675s
progress: nodes=17,630,000,000 tested=1 found=0 n=531659327190837675176919 elapsed=1676s
progress: nodes=17,640,000,000 tested=1 found=0 n=790235313865410755199 elapsed=1677s
progress: nodes=17,650,000,000 tested=1 found=0 n=272886585751556519947347 elapsed=1678s
progress: nodes=17,660,000,000 tested=1 found=0 n=274945329364531980411543 elapsed=1679s
progress: nodes=17,670,000,000 tested=1 found=0 n=155562520267696923339387 elapsed=1680s
progress: nodes=17,680,000,000 tested=1 found=0 n=13607156402046695207577 elapsed=1681s
progress: nodes=17,690,000,000 tested=1 found=0 n=941411225711840789047857 elapsed=1682s
progress: nodes=17,700,000,000 tested=1 found=0 n=301317445662300934698117 elapsed=1683s
progress: nodes=17,710,000,000 tested=1 found=0 n=129623367554276779930461 elapsed=1684s
progress: nodes=17,720,000,000 tested=1 found=0 n=126079303380675588998769 elapsed=1685s
progress: nodes=17,730,000,000 tested=1 found=0 n=631475631009609883056417 elapsed=1685s
progress: nodes=17,740,000,000 tested=1 found=0 n=770101952648578414238517 elapsed=1686s
progress: nodes=17,750,000,000 tested=1 found=0 n=793279362444033728937531 elapsed=1687s
progress: nodes=17,760,000,000 tested=1 found=0 n=871407551582511569906709 elapsed=1688s
progress: nodes=17,770,000,000 tested=1 found=0 n=698903624591098661609589 elapsed=1690s
progress: nodes=17,780,000,000 tested=1 found=0 n=978362986567863054473601 elapsed=1691s
progress: nodes=17,790,000,000 tested=1 found=0 n=938571177889129148484549 elapsed=1692s
progress: nodes=17,800,000,000 tested=1 found=0 n=860266365129831743530161 elapsed=1693s
progress: nodes=17,810,000,000 tested=1 found=0 n=10476162680253485938437 elapsed=1693s
progress: nodes=17,820,000,000 tested=1 found=0 n=48797872106077033827459 elapsed=1694s
progress: nodes=17,830,000,000 tested=1 found=0 n=51642704652043406898711 elapsed=1695s
progress: nodes=17,840,000,000 tested=1 found=0 n=3934288566672477717561 elapsed=1696s
progress: nodes=17,850,000,000 tested=1 found=0 n=183632577356951288970261 elapsed=1697s
progress: nodes=17,860,000,000 tested=1 found=0 n=851419904893843612717533 elapsed=1698s
progress: nodes=17,870,000,000 tested=1 found=0 n=798672936642894719671551 elapsed=1698s
progress: nodes=17,880,000,000 tested=1 found=0 n=498225114936698059609413 elapsed=1699s
progress: nodes=17,890,000,000 tested=1 found=0 n=463312131888545282843643 elapsed=1700s
progress: nodes=17,900,000,000 tested=1 found=0 n=986132554088583754812531 elapsed=1701s
progress: nodes=17,910,000,000 tested=1 found=0 n=778976367361435884100317 elapsed=1702s
progress: nodes=17,920,000,000 tested=1 found=0 n=485961363832310432966757 elapsed=1703s
progress: nodes=17,930,000,000 tested=1 found=0 n=859862251378061822319 elapsed=1704s
progress: nodes=17,940,000,000 tested=1 found=0 n=57288549194350323693987 elapsed=1705s
progress: nodes=17,950,000,000 tested=1 found=0 n=146460539936416518024069 elapsed=1706s
progress: nodes=17,960,000,000 tested=1 found=0 n=872923369761678939681549 elapsed=1707s
progress: nodes=17,970,000,000 tested=1 found=0 n=376903243724539393252677 elapsed=1708s
progress: nodes=17,980,000,000 tested=1 found=0 n=29450819709511115623851 elapsed=1709s
progress: nodes=17,990,000,000 tested=1 found=0 n=624513382151744017090587 elapsed=1709s
progress: nodes=18,000,000,000 tested=1 found=0 n=101748409581920445298383 elapsed=1710s
progress: nodes=18,010,000,000 tested=1 found=0 n=897562467788012560542723 elapsed=1711s
progress: nodes=18,020,000,000 tested=1 found=0 n=675219489517307660162523 elapsed=1712s
progress: nodes=18,030,000,000 tested=1 found=0 n=447170396064660932765673 elapsed=1713s
progress: nodes=18,040,000,000 tested=1 found=0 n=9800268253384567273887 elapsed=1714s
progress: nodes=18,050,000,000 tested=1 found=0 n=684350687611128807705579 elapsed=1715s
progress: nodes=18,060,000,000 tested=1 found=0 n=303980065817178850435479 elapsed=1716s
progress: nodes=18,070,000,000 tested=1 found=0 n=728887436291828291165259 elapsed=1717s
progress: nodes=18,080,000,000 tested=1 found=0 n=323335048690746396849831 elapsed=1718s
progress: nodes=18,090,000,000 tested=1 found=0 n=71388656194828265475897 elapsed=1719s
progress: nodes=18,100,000,000 tested=1 found=0 n=17394343785651346066839 elapsed=1720s
progress: nodes=18,110,000,000 tested=1 found=0 n=114467066639367917943039 elapsed=1721s
progress: nodes=18,120,000,000 tested=1 found=0 n=282427062432450298474683 elapsed=1722s
progress: nodes=18,130,000,000 tested=1 found=0 n=873434873591917121272359 elapsed=1723s
progress: nodes=18,140,000,000 tested=1 found=0 n=725737640726599149970893 elapsed=1724s
progress: nodes=18,150,000,000 tested=1 found=0 n=277455969129054367095873 elapsed=1724s
progress: nodes=18,160,000,000 tested=1 found=0 n=870000963146888828912943 elapsed=1725s
progress: nodes=18,170,000,000 tested=1 found=0 n=549053368978386780663441 elapsed=1726s
progress: nodes=18,180,000,000 tested=1 found=0 n=389017192513577656761447 elapsed=1727s
progress: nodes=18,190,000,000 tested=1 found=0 n=6537138702040371020739 elapsed=1728s
progress: nodes=18,200,000,000 tested=1 found=0 n=193811589146353342990683 elapsed=1729s
progress: nodes=18,210,000,000 tested=1 found=0 n=872243015371253597890533 elapsed=1730s
progress: nodes=18,220,000,000 tested=1 found=0 n=331370205241650705273 elapsed=1731s
progress: nodes=18,230,000,000 tested=1 found=0 n=770486840436839838231777 elapsed=1732s
progress: nodes=18,240,000,000 tested=1 found=0 n=689593857206330361805377 elapsed=1733s
progress: nodes=18,250,000,000 tested=1 found=0 n=668420390913343427962317 elapsed=1734s
progress: nodes=18,260,000,000 tested=1 found=0 n=494635349127901109271 elapsed=1735s
progress: nodes=18,270,000,000 tested=1 found=0 n=397234916152426044943107 elapsed=1736s
progress: nodes=18,280,000,000 tested=1 found=0 n=341354542398506838403059 elapsed=1737s
progress: nodes=18,290,000,000 tested=1 found=0 n=460570812954365638344963 elapsed=1738s
progress: nodes=18,300,000,000 tested=1 found=0 n=500488598523286015218147 elapsed=1739s
progress: nodes=18,310,000,000 tested=1 found=0 n=578044468005239207317917 elapsed=1740s
progress: nodes=18,320,000,000 tested=1 found=0 n=540703599002679832863 elapsed=1741s
progress: nodes=18,330,000,000 tested=1 found=0 n=623398963517294256150573 elapsed=1742s
progress: nodes=18,340,000,000 tested=1 found=0 n=44215389389334764644329 elapsed=1743s
progress: nodes=18,350,000,000 tested=1 found=0 n=332832822148140024720867 elapsed=1744s
progress: nodes=18,360,000,000 tested=1 found=0 n=587639969780547841545531 elapsed=1745s
progress: nodes=18,370,000,000 tested=1 found=0 n=438887160758103652376067 elapsed=1746s
progress: nodes=18,380,000,000 tested=1 found=0 n=724001580337876189517883 elapsed=1747s
progress: nodes=18,390,000,000 tested=1 found=0 n=742441964903503674058821 elapsed=1748s
progress: nodes=18,400,000,000 tested=1 found=0 n=170222771496807578838003 elapsed=1749s
progress: nodes=18,410,000,000 tested=1 found=0 n=372514583804327849176149 elapsed=1750s
progress: nodes=18,420,000,000 tested=1 found=0 n=606835510084403482511343 elapsed=1751s
progress: nodes=18,430,000,000 tested=1 found=0 n=205699598081325885902079 elapsed=1752s
progress: nodes=18,440,000,000 tested=1 found=0 n=168295650535365390450699 elapsed=1753s
progress: nodes=18,450,000,000 tested=1 found=0 n=84014388568291379251911 elapsed=1754s
progress: nodes=18,460,000,000 tested=1 found=0 n=143100316779011371274781 elapsed=1755s
progress: nodes=18,470,000,000 tested=1 found=0 n=129791171906349177952299 elapsed=1756s
progress: nodes=18,480,000,000 tested=1 found=0 n=197385158428891796403183 elapsed=1757s
progress: nodes=18,490,000,000 tested=1 found=0 n=313872931055465516257809 elapsed=1758s
progress: nodes=18,500,000,000 tested=1 found=0 n=645614671271763475284717 elapsed=1759s
progress: nodes=18,510,000,000 tested=1 found=0 n=62837329851800358219651 elapsed=1760s
progress: nodes=18,520,000,000 tested=1 found=0 n=253937129644449303770289 elapsed=1761s
progress: nodes=18,530,000,000 tested=1 found=0 n=87772602400559264068023 elapsed=1762s
progress: nodes=18,540,000,000 tested=1 found=0 n=305026945701037963409721 elapsed=1763s
progress: nodes=18,550,000,000 tested=1 found=0 n=78371586386610886025943 elapsed=1764s
progress: nodes=18,560,000,000 tested=1 found=0 n=78420474356128118858787 elapsed=1764s
progress: nodes=18,570,000,000 tested=1 found=0 n=622823624001836705932341 elapsed=1765s
progress: nodes=18,580,000,000 tested=1 found=0 n=216442128617014494910287 elapsed=1766s
progress: nodes=18,590,000,000 tested=1 found=0 n=657127735757549038708869 elapsed=1767s
progress: nodes=18,600,000,000 tested=1 found=0 n=424560477040376521563147 elapsed=1768s
progress: nodes=18,610,000,000 tested=1 found=0 n=755352124162154575235751 elapsed=1769s
progress: nodes=18,620,000,000 tested=1 found=0 n=447195993656835779596383 elapsed=1770s
progress: nodes=18,630,000,000 tested=1 found=0 n=216053609572847775596439 elapsed=1771s
progress: nodes=18,640,000,000 tested=1 found=0 n=461435320620210154372869 elapsed=1772s
progress: nodes=18,650,000,000 tested=1 found=0 n=171737473961912152934211 elapsed=1773s
progress: nodes=18,660,000,000 tested=1 found=0 n=595342939870987192350609 elapsed=1774s
progress: nodes=18,670,000,000 tested=1 found=0 n=701969790713909502534321 elapsed=1775s
progress: nodes=18,680,000,000 tested=1 found=0 n=394050136204521633249699 elapsed=1776s
progress: nodes=18,690,000,000 tested=1 found=0 n=238520403788655789733647 elapsed=1777s
progress: nodes=18,700,000,000 tested=1 found=0 n=458940379665409420244037 elapsed=1778s
progress: nodes=18,710,000,000 tested=1 found=0 n=454227455023415878309791 elapsed=1779s
progress: nodes=18,720,000,000 tested=1 found=0 n=350128051547386275846969 elapsed=1780s
progress: nodes=18,730,000,000 tested=1 found=0 n=61408482832523972439723 elapsed=1781s
progress: nodes=18,740,000,000 tested=1 found=0 n=476350945084558822416567 elapsed=1782s
progress: nodes=18,750,000,000 tested=1 found=0 n=763768383146172925616667 elapsed=1783s
progress: nodes=18,760,000,000 tested=1 found=0 n=967065762604637661219969 elapsed=1784s
progress: nodes=18,770,000,000 tested=1 found=0 n=419280175023525900467097 elapsed=1785s
progress: nodes=18,780,000,000 tested=1 found=0 n=343757541363102705218523 elapsed=1785s
progress: nodes=18,790,000,000 tested=1 found=0 n=341280782893768368234441 elapsed=1786s
progress: nodes=18,800,000,000 tested=1 found=0 n=39934597654931360605653 elapsed=1787s
progress: nodes=18,810,000,000 tested=1 found=0 n=11912832738021612768657 elapsed=1788s
progress: nodes=18,820,000,000 tested=1 found=0 n=584276859930909343344861 elapsed=1789s
progress: nodes=18,830,000,000 tested=1 found=0 n=750218423542541533792641 elapsed=1790s
progress: nodes=18,840,000,000 tested=1 found=0 n=206404362775085537853219 elapsed=1791s
progress: nodes=18,850,000,000 tested=1 found=0 n=303294758926014457288401 elapsed=1792s
progress: nodes=18,860,000,000 tested=1 found=0 n=485573934366475285406361 elapsed=1793s
progress: nodes=18,870,000,000 tested=1 found=0 n=191489335305917565714369 elapsed=1794s
progress: nodes=18,880,000,000 tested=1 found=0 n=989782172719722019194843 elapsed=1795s
progress: nodes=18,890,000,000 tested=1 found=0 n=211843495857892274574627 elapsed=1796s
progress: nodes=18,900,000,000 tested=1 found=0 n=240987079328810108996559 elapsed=1797s
progress: nodes=18,910,000,000 tested=1 found=0 n=131765972794858707782763 elapsed=1798s
progress: nodes=18,920,000,000 tested=1 found=0 n=576574763667326630650587 elapsed=1799s
progress: nodes=18,930,000,000 tested=1 found=0 n=94603319825130600804177 elapsed=1800s
progress: nodes=18,940,000,000 tested=1 found=0 n=136022517905983010902743 elapsed=1801s
progress: nodes=18,950,000,000 tested=1 found=0 n=332099751305898610097349 elapsed=1802s
progress: nodes=18,960,000,000 tested=1 found=0 n=376188886457602775404419 elapsed=1803s
progress: nodes=18,970,000,000 tested=1 found=0 n=23172090991557103455717 elapsed=1804s
progress: nodes=18,980,000,000 tested=1 found=0 n=975209538480235059076647 elapsed=1805s
progress: nodes=18,990,000,000 tested=1 found=0 n=648055575717105599638881 elapsed=1806s
progress: nodes=19,000,000,000 tested=1 found=0 n=973355644908002360442867 elapsed=1807s
progress: nodes=19,010,000,000 tested=1 found=0 n=632383249109694616408017 elapsed=1808s
progress: nodes=19,020,000,000 tested=1 found=0 n=654494746843402462259691 elapsed=1809s
progress: nodes=19,030,000,000 tested=1 found=0 n=295449797530595512914681 elapsed=1810s
progress: nodes=19,040,000,000 tested=1 found=0 n=650692313416706874725841 elapsed=1811s
progress: nodes=19,050,000,000 tested=1 found=0 n=474552089337989000859807 elapsed=1812s
progress: nodes=19,060,000,000 tested=1 found=0 n=63100992032917203376869 elapsed=1813s
progress: nodes=19,070,000,000 tested=1 found=0 n=433530595033001224049577 elapsed=1814s
progress: nodes=19,080,000,000 tested=1 found=0 n=712724287431017430061779 elapsed=1815s
progress: nodes=19,090,000,000 tested=1 found=0 n=810862476662698190982537 elapsed=1816s
progress: nodes=19,100,000,000 tested=1 found=0 n=701863968957666747456081 elapsed=1817s
progress: nodes=19,110,000,000 tested=1 found=0 n=578296027000080482472951 elapsed=1818s
progress: nodes=19,120,000,000 tested=1 found=0 n=836666847443938188742779 elapsed=1819s
progress: nodes=19,130,000,000 tested=1 found=0 n=735754587697759658837523 elapsed=1820s
progress: nodes=19,140,000,000 tested=1 found=0 n=985695110285917998636813 elapsed=1821s
progress: nodes=19,150,000,000 tested=1 found=0 n=331558649971028894068941 elapsed=1822s
progress: nodes=19,160,000,000 tested=1 found=0 n=476643991650588498641619 elapsed=1823s
progress: nodes=19,170,000,000 tested=1 found=0 n=468586928049936450587547 elapsed=1824s
progress: nodes=19,180,000,000 tested=1 found=0 n=105622050434469742310709 elapsed=1825s
progress: nodes=19,190,000,000 tested=1 found=0 n=673957897959515930848659 elapsed=1826s
progress: nodes=19,200,000,000 tested=1 found=0 n=70741541547216169377891 elapsed=1827s
progress: nodes=19,210,000,000 tested=1 found=0 n=110771400903296672318637 elapsed=1828s
progress: nodes=19,220,000,000 tested=1 found=0 n=501508681938436659062433 elapsed=1829s
progress: nodes=19,230,000,000 tested=1 found=0 n=404211902080098642849033 elapsed=1830s
progress: nodes=19,240,000,000 tested=1 found=0 n=633689930829818810457939 elapsed=1831s
progress: nodes=19,250,000,000 tested=1 found=0 n=483857836728113111979 elapsed=1832s
progress: nodes=19,260,000,000 tested=1 found=0 n=175993049684142579790473 elapsed=1832s
progress: nodes=19,270,000,000 tested=1 found=0 n=588101882453903971355631 elapsed=1833s
progress: nodes=19,280,000,000 tested=1 found=0 n=197960911860813255235653 elapsed=1834s
progress: nodes=19,290,000,000 tested=1 found=0 n=622163038011373580378943 elapsed=1835s
progress: nodes=19,300,000,000 tested=1 found=0 n=675464404226015239079673 elapsed=1836s
progress: nodes=19,310,000,000 tested=1 found=0 n=74133247135402191101937 elapsed=1837s
progress: nodes=19,320,000,000 tested=1 found=0 n=178972033763087255541279 elapsed=1838s
progress: nodes=19,330,000,000 tested=1 found=0 n=706697488234213236528339 elapsed=1839s
progress: nodes=19,340,000,000 tested=1 found=0 n=221763363401210240077611 elapsed=1840s
progress: nodes=19,350,000,000 tested=1 found=0 n=577716592919958434188389 elapsed=1841s
progress: nodes=19,360,000,000 tested=1 found=0 n=225391728530320802788767 elapsed=1842s
progress: nodes=19,370,000,000 tested=1 found=0 n=195620473045431614487021 elapsed=1843s
progress: nodes=19,380,000,000 tested=1 found=0 n=51837264997777847397381 elapsed=1844s
progress: nodes=19,390,000,000 tested=1 found=0 n=318650216834224190272071 elapsed=1845s
progress: nodes=19,400,000,000 tested=1 found=0 n=113852252025894804612333 elapsed=1846s
progress: nodes=19,410,000,000 tested=1 found=0 n=389289342036028513589367 elapsed=1847s
progress: nodes=19,420,000,000 tested=1 found=0 n=524745677726025026645517 elapsed=1848s
progress: nodes=19,430,000,000 tested=1 found=0 n=147006987945554185612449 elapsed=1849s
progress: nodes=19,440,000,000 tested=1 found=0 n=581018629198073938795209 elapsed=1850s
progress: nodes=19,450,000,000 tested=1 found=0 n=830532389611131798140121 elapsed=1851s
progress: nodes=19,460,000,000 tested=1 found=0 n=78753604414968396094467 elapsed=1852s
progress: nodes=19,470,000,000 tested=1 found=0 n=1857635213684306313543 elapsed=1853s
progress: nodes=19,480,000,000 tested=1 found=0 n=766470189565985034789087 elapsed=1854s
progress: nodes=19,490,000,000 tested=1 found=0 n=267737900451051349939191 elapsed=1855s
progress: nodes=19,500,000,000 tested=1 found=0 n=1239282982488060719781 elapsed=1856s
progress: nodes=19,510,000,000 tested=1 found=0 n=21685447389108655880871 elapsed=1857s
progress: nodes=19,520,000,000 tested=1 found=0 n=457147671986673039226569 elapsed=1858s
progress: nodes=19,530,000,000 tested=1 found=0 n=885512780920970211870003 elapsed=1859s
progress: nodes=19,540,000,000 tested=1 found=0 n=522883723348691816412873 elapsed=1860s
progress: nodes=19,550,000,000 tested=1 found=0 n=947539404123844976240511 elapsed=1861s
progress: nodes=19,560,000,000 tested=1 found=0 n=328907134816997439417 elapsed=1862s
progress: nodes=19,570,000,000 tested=1 found=0 n=456942580463232682456209 elapsed=1863s
progress: nodes=19,580,000,000 tested=1 found=0 n=978953763146400636875709 elapsed=1864s
progress: nodes=19,590,000,000 tested=1 found=0 n=731716826552831817349509 elapsed=1865s
progress: nodes=19,600,000,000 tested=1 found=0 n=457747706276547940505109 elapsed=1866s
progress: nodes=19,610,000,000 tested=1 found=0 n=31167396607877528136567 elapsed=1867s
progress: nodes=19,620,000,000 tested=1 found=0 n=454647169282566729518907 elapsed=1867s
progress: nodes=19,630,000,000 tested=1 found=0 n=997494060806219902372161 elapsed=1868s
progress: nodes=19,640,000,000 tested=1 found=0 n=316562522190466834434867 elapsed=1869s
progress: nodes=19,650,000,000 tested=1 found=0 n=308525919324979216419273 elapsed=1870s
progress: nodes=19,660,000,000 tested=1 found=0 n=767702586334989034239081 elapsed=1871s
progress: nodes=19,670,000,000 tested=1 found=0 n=844672836149946315567627 elapsed=1872s
progress: nodes=19,680,000,000 tested=1 found=0 n=254390380315017144502161 elapsed=1873s
progress: nodes=19,690,000,000 tested=1 found=0 n=160601033314597421665977 elapsed=1874s
progress: nodes=19,700,000,000 tested=1 found=0 n=139230462842106987977769 elapsed=1875s
progress: nodes=19,710,000,000 tested=1 found=0 n=245668535061574452841299 elapsed=1876s
progress: nodes=19,720,000,000 tested=1 found=0 n=758432967397857189300291 elapsed=1877s
progress: nodes=19,730,000,000 tested=1 found=0 n=535490363394169635227061 elapsed=1878s
progress: nodes=19,740,000,000 tested=1 found=0 n=214950360352505659828089 elapsed=1879s
progress: nodes=19,750,000,000 tested=1 found=0 n=598582072243816951341909 elapsed=1880s
progress: nodes=19,760,000,000 tested=1 found=0 n=27255256557658061841051 elapsed=1881s
progress: nodes=19,770,000,000 tested=1 found=0 n=720793768721316086832321 elapsed=1882s
progress: nodes=19,780,000,000 tested=1 found=0 n=200403158300059901745273 elapsed=1883s
progress: nodes=19,790,000,000 tested=1 found=0 n=24114220530356298791163 elapsed=1884s
progress: nodes=19,800,000,000 tested=1 found=0 n=442670157857296206453759 elapsed=1885s
progress: nodes=19,810,000,000 tested=1 found=0 n=307681716693937997375679 elapsed=1886s
progress: nodes=19,820,000,000 tested=1 found=0 n=376846958903454161165901 elapsed=1887s
progress: nodes=19,830,000,000 tested=1 found=0 n=36479205448284628763877 elapsed=1888s
progress: nodes=19,840,000,000 tested=1 found=0 n=181765894026447691718901 elapsed=1889s
progress: nodes=19,850,000,000 tested=1 found=0 n=338910399174550577470239 elapsed=1890s
progress: nodes=19,860,000,000 tested=1 found=0 n=775692455083789748629839 elapsed=1891s
progress: nodes=19,870,000,000 tested=1 found=0 n=302488740042509055990669 elapsed=1892s
progress: nodes=19,880,000,000 tested=1 found=0 n=264995717596688398415667 elapsed=1893s
progress: nodes=19,890,000,000 tested=1 found=0 n=638494729501388145101859 elapsed=1894s
progress: nodes=19,900,000,000 tested=1 found=0 n=596586471885158197678521 elapsed=1894s
progress: nodes=19,910,000,000 tested=1 found=0 n=593795439388397862948189 elapsed=1895s
progress: nodes=19,920,000,000 tested=1 found=0 n=402132473395791467565093 elapsed=1896s
progress: nodes=19,930,000,000 tested=1 found=0 n=89912858088398614568871 elapsed=1897s
progress: nodes=19,940,000,000 tested=1 found=0 n=210654141439167330722961 elapsed=1898s
progress: nodes=19,950,000,000 tested=1 found=0 n=738424137307719245314503 elapsed=1899s
progress: nodes=19,960,000,000 tested=1 found=0 n=164538523987942389410697 elapsed=1900s
progress: nodes=19,970,000,000 tested=1 found=0 n=288854106370498303273353 elapsed=1901s
progress: nodes=19,980,000,000 tested=1 found=0 n=535925607129658885857861 elapsed=1902s
progress: nodes=19,990,000,000 tested=1 found=0 n=261506113674601253670069 elapsed=1903s
progress: nodes=20,000,000,000 tested=1 found=0 n=411358054543409756574363 elapsed=1904s
progress: nodes=20,010,000,000 tested=1 found=0 n=50349962596082734670943 elapsed=1905s
progress: nodes=20,020,000,000 tested=1 found=0 n=556051412202500332962129 elapsed=1906s
progress: nodes=20,030,000,000 tested=1 found=0 n=414299746623095247538767 elapsed=1907s
progress: nodes=20,040,000,000 tested=1 found=0 n=544096408511381154003861 elapsed=1908s
progress: nodes=20,050,000,000 tested=1 found=0 n=202957244133149509698981 elapsed=1909s
progress: nodes=20,060,000,000 tested=1 found=0 n=174540655741405574665473 elapsed=1910s
progress: nodes=20,070,000,000 tested=1 found=0 n=152375958728322394369161 elapsed=1911s
progress: nodes=20,080,000,000 tested=1 found=0 n=225494824534510546835391 elapsed=1912s
progress: nodes=20,090,000,000 tested=1 found=0 n=274690031383395854500989 elapsed=1913s
progress: nodes=20,100,000,000 tested=1 found=0 n=47090848271203145912217 elapsed=1914s
progress: nodes=20,110,000,000 tested=1 found=0 n=103975309134809118881589 elapsed=1915s
progress: nodes=20,120,000,000 tested=1 found=0 n=337008239680192424955039 elapsed=1916s
progress: nodes=20,130,000,000 tested=1 found=0 n=686527843622715329050959 elapsed=1917s
progress: nodes=20,140,000,000 tested=1 found=0 n=778704008987700025676589 elapsed=1918s
progress: nodes=20,150,000,000 tested=1 found=0 n=620087687686471085280771 elapsed=1919s
progress: nodes=20,160,000,000 tested=1 found=0 n=302390791402244899173963 elapsed=1920s
progress: nodes=20,170,000,000 tested=1 found=0 n=767494529475974823657849 elapsed=1921s
progress: nodes=20,180,000,000 tested=1 found=0 n=184622356611286422452481 elapsed=1922s
progress: nodes=20,190,000,000 tested=1 found=0 n=141015897019438521090153 elapsed=1923s
progress: nodes=20,200,000,000 tested=1 found=0 n=338906896531466862667497 elapsed=1924s
progress: nodes=20,210,000,000 tested=1 found=0 n=255986957716012098575571 elapsed=1925s
progress: nodes=20,220,000,000 tested=1 found=0 n=571566918755360068428459 elapsed=1926s
progress: nodes=20,230,000,000 tested=1 found=0 n=392363385553296544877061 elapsed=1927s
progress: nodes=20,240,000,000 tested=1 found=0 n=230321880573426048767217 elapsed=1928s
progress: nodes=20,250,000,000 tested=1 found=0 n=228107132819340150969021 elapsed=1929s
progress: nodes=20,260,000,000 tested=1 found=0 n=172900777370970387827517 elapsed=1930s
progress: nodes=20,270,000,000 tested=1 found=0 n=12945662383540793020257 elapsed=1931s
progress: nodes=20,280,000,000 tested=1 found=0 n=942716393796553874686617 elapsed=1932s
progress: nodes=20,290,000,000 tested=1 found=0 n=210840393091568782550151 elapsed=1933s
progress: nodes=20,300,000,000 tested=1 found=0 n=640381775440702206153957 elapsed=1934s
progress: nodes=20,310,000,000 tested=1 found=0 n=385517138424662237530251 elapsed=1936s
progress: nodes=20,320,000,000 tested=1 found=0 n=51024684640399179542547 elapsed=1937s
progress: nodes=20,330,000,000 tested=1 found=0 n=22355566358371462462389 elapsed=1938s
progress: nodes=20,340,000,000 tested=1 found=0 n=13169648193770026960287 elapsed=1939s
progress: nodes=20,350,000,000 tested=1 found=0 n=360976005940938083098689 elapsed=1940s
progress: nodes=20,360,000,000 tested=1 found=0 n=487163910141603574058751 elapsed=1941s
progress: nodes=20,370,000,000 tested=1 found=0 n=808727239575551008117977 elapsed=1942s
progress: nodes=20,380,000,000 tested=1 found=0 n=52308999427292395127769 elapsed=1943s
progress: nodes=20,390,000,000 tested=1 found=0 n=51949230966007479136461 elapsed=1944s
progress: nodes=20,400,000,000 tested=1 found=0 n=618584853263483170846353 elapsed=1945s
progress: nodes=20,410,000,000 tested=1 found=0 n=878517988569251944101903 elapsed=1946s
progress: nodes=20,420,000,000 tested=1 found=0 n=614026512430943339803647 elapsed=1947s
progress: nodes=20,430,000,000 tested=1 found=0 n=429725199571954626526329 elapsed=1947s
progress: nodes=20,440,000,000 tested=1 found=0 n=161940139853318769978321 elapsed=1948s
progress: nodes=20,450,000,000 tested=1 found=0 n=138138721919629098952713 elapsed=1949s
progress: nodes=20,460,000,000 tested=1 found=0 n=34984021407319282660791 elapsed=1950s
progress: nodes=20,470,000,000 tested=1 found=0 n=635237343417005733043497 elapsed=1951s
progress: nodes=20,480,000,000 tested=1 found=0 n=491565913990564008238071 elapsed=1952s
progress: nodes=20,490,000,000 tested=1 found=0 n=715412548470631573947099 elapsed=1952s
progress: nodes=20,500,000,000 tested=1 found=0 n=127549652402476230819321 elapsed=1953s
progress: nodes=20,510,000,000 tested=1 found=0 n=404455790997383973319329 elapsed=1954s
progress: nodes=20,520,000,000 tested=1 found=0 n=35925305924505958465791 elapsed=1955s
progress: nodes=20,530,000,000 tested=1 found=0 n=1827556393354466556639 elapsed=1956s
progress: nodes=20,540,000,000 tested=1 found=0 n=728945413985390184278553 elapsed=1957s
progress: nodes=20,550,000,000 tested=1 found=0 n=883200184755133478699037 elapsed=1958s
progress: nodes=20,560,000,000 tested=1 found=0 n=719079079880686476691311 elapsed=1959s
progress: nodes=20,570,000,000 tested=1 found=0 n=745813218537995089346007 elapsed=1960s
progress: nodes=20,580,000,000 tested=1 found=0 n=884154609964815920220633 elapsed=1961s
progress: nodes=20,590,000,000 tested=1 found=0 n=513263039956209160335861 elapsed=1962s
progress: nodes=20,600,000,000 tested=1 found=0 n=15840776463909721689651 elapsed=1963s
progress: nodes=20,610,000,000 tested=1 found=0 n=380682810681580680909207 elapsed=1964s
progress: nodes=20,620,000,000 tested=1 found=0 n=476966900898486321599991 elapsed=1964s
progress: nodes=20,630,000,000 tested=1 found=0 n=303555946126928134157661 elapsed=1965s
progress: nodes=20,640,000,000 tested=1 found=0 n=379678177874049375688653 elapsed=1966s
progress: nodes=20,650,000,000 tested=1 found=0 n=29764039643027381960697 elapsed=1967s
progress: nodes=20,660,000,000 tested=1 found=0 n=115944710591861173808643 elapsed=1968s
progress: nodes=20,670,000,000 tested=1 found=0 n=986621570715949654681767 elapsed=1969s
progress: nodes=20,680,000,000 tested=1 found=0 n=853682387525678442563403 elapsed=1970s
progress: nodes=20,690,000,000 tested=1 found=0 n=135189606816470615332209 elapsed=1971s
progress: nodes=20,700,000,000 tested=1 found=0 n=756256038015112263962619 elapsed=1972s
progress: nodes=20,710,000,000 tested=1 found=0 n=240432060019648882375419 elapsed=1973s
progress: nodes=20,720,000,000 tested=1 found=0 n=518439024041628941823 elapsed=1974s
progress: nodes=20,730,000,000 tested=1 found=0 n=276173784887610315852861 elapsed=1975s
progress: nodes=20,740,000,000 tested=1 found=0 n=200814981311426060555691 elapsed=1976s
progress: nodes=20,750,000,000 tested=1 found=0 n=189505574680933117375197 elapsed=1977s
progress: nodes=20,760,000,000 tested=1 found=0 n=278753789779625311664799 elapsed=1978s
progress: nodes=20,770,000,000 tested=1 found=0 n=700490445818349857188947 elapsed=1979s
progress: nodes=20,780,000,000 tested=1 found=0 n=33504236327940788695857 elapsed=1980s
progress: nodes=20,790,000,000 tested=1 found=0 n=70261104661900858070079 elapsed=1981s
progress: nodes=20,800,000,000 tested=1 found=0 n=91309522913092748914221 elapsed=1982s
progress: nodes=20,810,000,000 tested=1 found=0 n=157429404704257380167187 elapsed=1983s
progress: nodes=20,820,000,000 tested=1 found=0 n=582678619058601873732639 elapsed=1984s
progress: nodes=20,830,000,000 tested=1 found=0 n=614177251004765960611671 elapsed=1985s
progress: nodes=20,840,000,000 tested=1 found=0 n=901829737467398405700177 elapsed=1986s
progress: nodes=20,850,000,000 tested=1 found=0 n=857637318208708989210831 elapsed=1987s
progress: nodes=20,860,000,000 tested=1 found=0 n=9681749561551782609609 elapsed=1988s
progress: nodes=20,870,000,000 tested=1 found=0 n=822554902771229927013 elapsed=1989s
progress: nodes=20,880,000,000 tested=1 found=0 n=860899344938356591802649 elapsed=1990s
progress: nodes=20,890,000,000 tested=1 found=0 n=25999161620945635882617 elapsed=1991s
progress: nodes=20,900,000,000 tested=1 found=0 n=907466706792620727558663 elapsed=1992s
progress: nodes=20,910,000,000 tested=1 found=0 n=690046276683154502370831 elapsed=1993s
progress: nodes=20,920,000,000 tested=1 found=0 n=892514733257305943274633 elapsed=1994s
progress: nodes=20,930,000,000 tested=1 found=0 n=441662876229657657770481 elapsed=1994s
progress: nodes=20,940,000,000 tested=1 found=0 n=798233623701498242762361 elapsed=1995s
progress: nodes=20,950,000,000 tested=1 found=0 n=682228429459276117596321 elapsed=1996s
progress: nodes=20,960,000,000 tested=1 found=0 n=406823703474047070525171 elapsed=1997s
progress: nodes=20,970,000,000 tested=1 found=0 n=767234430169846692209871 elapsed=1998s
progress: nodes=20,980,000,000 tested=1 found=0 n=260832004271482910839287 elapsed=1999s
progress: nodes=20,990,000,000 tested=1 found=0 n=850116888245194928701629 elapsed=2000s
progress: nodes=21,000,000,000 tested=1 found=0 n=973454117934020718300591 elapsed=2001s
progress: nodes=21,010,000,000 tested=1 found=0 n=794676289204105159303023 elapsed=2002s
progress: nodes=21,020,000,000 tested=1 found=0 n=192876226734880872620151 elapsed=2003s
progress: nodes=21,030,000,000 tested=1 found=0 n=496552048055715694009539 elapsed=2004s
progress: nodes=21,040,000,000 tested=1 found=0 n=159672551428611332756931 elapsed=2005s
progress: nodes=21,050,000,000 tested=1 found=0 n=881615656232958551757567 elapsed=2006s
progress: nodes=21,060,000,000 tested=1 found=0 n=118453775385633462679047 elapsed=2007s
progress: nodes=21,070,000,000 tested=1 found=0 n=14315729910661504181571 elapsed=2008s
progress: nodes=21,080,000,000 tested=1 found=0 n=239972298077166067454613 elapsed=2009s
progress: nodes=21,090,000,000 tested=1 found=0 n=9876365818091852564199 elapsed=2010s
progress: nodes=21,100,000,000 tested=1 found=0 n=277465696752674586605163 elapsed=2011s
progress: nodes=21,110,000,000 tested=1 found=0 n=197983183834135951990167 elapsed=2012s
progress: nodes=21,120,000,000 tested=1 found=0 n=703153420356177949682667 elapsed=2013s
progress: nodes=21,130,000,000 tested=1 found=0 n=450693098648412864212397 elapsed=2014s
progress: nodes=21,140,000,000 tested=1 found=0 n=453236739787334292504429 elapsed=2015s
progress: nodes=21,150,000,000 tested=1 found=0 n=29481492255405757532823 elapsed=2016s
progress: nodes=21,160,000,000 tested=1 found=0 n=856733769046489943553087 elapsed=2017s
progress: nodes=21,170,000,000 tested=1 found=0 n=388069658382423716651667 elapsed=2018s
progress: nodes=21,180,000,000 tested=1 found=0 n=306934948830786237172497 elapsed=2019s
progress: nodes=21,190,000,000 tested=1 found=0 n=341313556107002983475829 elapsed=2020s
progress: nodes=21,200,000,000 tested=1 found=0 n=381731758059284836220589 elapsed=2021s
progress: nodes=21,210,000,000 tested=1 found=0 n=230283959026146093159663 elapsed=2022s
progress: nodes=21,220,000,000 tested=1 found=0 n=260221685955127215080619 elapsed=2023s
progress: nodes=21,230,000,000 tested=1 found=0 n=762105307150185479295243 elapsed=2024s
progress: nodes=21,240,000,000 tested=1 found=0 n=160355138910340378514367 elapsed=2025s
progress: nodes=21,250,000,000 tested=1 found=0 n=580483567719623713609893 elapsed=2026s
progress: nodes=21,260,000,000 tested=1 found=0 n=355415370271239287832537 elapsed=2027s
progress: nodes=21,270,000,000 tested=1 found=0 n=270902928619400714947167 elapsed=2028s
progress: nodes=21,280,000,000 tested=1 found=0 n=590965231922014232260263 elapsed=2029s
progress: nodes=21,290,000,000 tested=1 found=0 n=198776932696750283273541 elapsed=2030s
progress: nodes=21,300,000,000 tested=1 found=0 n=200921082760477466392863 elapsed=2031s
progress: nodes=21,310,000,000 tested=1 found=0 n=99064488324958879498347 elapsed=2032s
progress: nodes=21,320,000,000 tested=1 found=0 n=29343449596177320012123 elapsed=2033s
progress: nodes=21,330,000,000 tested=1 found=0 n=137491633857323525113191 elapsed=2034s
progress: nodes=21,340,000,000 tested=1 found=0 n=931116085650543917034339 elapsed=2035s
progress: nodes=21,350,000,000 tested=1 found=0 n=762263924541745418860353 elapsed=2036s
progress: nodes=21,360,000,000 tested=1 found=0 n=249070874146278054594009 elapsed=2037s
progress: nodes=21,370,000,000 tested=1 found=0 n=461394706319231646089271 elapsed=2038s
progress: nodes=21,380,000,000 tested=1 found=0 n=130508829701524950127023 elapsed=2039s
progress: nodes=21,390,000,000 tested=1 found=0 n=69311282819801114587209 elapsed=2040s
progress: nodes=21,400,000,000 tested=1 found=0 n=281905425527214579358983 elapsed=2041s
progress: nodes=21,410,000,000 tested=1 found=0 n=21369229436386868393643 elapsed=2042s
progress: nodes=21,420,000,000 tested=1 found=0 n=561700222820524252230051 elapsed=2043s
progress: nodes=21,430,000,000 tested=1 found=0 n=661331308920857246727627 elapsed=2044s
progress: nodes=21,440,000,000 tested=1 found=0 n=50374596165005130469737 elapsed=2045s
progress: nodes=21,450,000,000 tested=1 found=0 n=79575179848556017721667 elapsed=2047s
progress: nodes=21,460,000,000 tested=1 found=0 n=115000322779722432542919 elapsed=2048s
progress: nodes=21,470,000,000 tested=1 found=0 n=300204309611001174183519 elapsed=2048s
progress: nodes=21,480,000,000 tested=1 found=0 n=57649551861711383912481 elapsed=2050s
progress: nodes=21,490,000,000 tested=1 found=0 n=788531316828815319895707 elapsed=2051s
progress: nodes=21,500,000,000 tested=1 found=0 n=139772236185927922121259 elapsed=2052s
progress: nodes=21,510,000,000 tested=1 found=0 n=269377568732621750961417 elapsed=2053s
progress: nodes=21,520,000,000 tested=1 found=0 n=13827586094319861478329 elapsed=2054s
progress: nodes=21,530,000,000 tested=1 found=0 n=971107855813591570837191 elapsed=2055s
progress: nodes=21,540,000,000 tested=1 found=0 n=455195053496353171005147 elapsed=2056s
progress: nodes=21,550,000,000 tested=1 found=0 n=55472651836011930191529 elapsed=2057s
progress: nodes=21,560,000,000 tested=1 found=0 n=617750657606637180812901 elapsed=2058s
progress: nodes=21,570,000,000 tested=1 found=0 n=46036779953054292001743 elapsed=2059s
progress: nodes=21,580,000,000 tested=1 found=0 n=203367001647078084094851 elapsed=2060s
progress: nodes=21,590,000,000 tested=1 found=0 n=544751986826895717377937 elapsed=2061s
progress: nodes=21,600,000,000 tested=1 found=0 n=521998410614543162209767 elapsed=2062s
progress: nodes=21,610,000,000 tested=1 found=0 n=690950654086230521623497 elapsed=2063s
progress: nodes=21,620,000,000 tested=1 found=0 n=6022207498210448394993 elapsed=2064s
progress: nodes=21,630,000,000 tested=1 found=0 n=86916301840090979440899 elapsed=2065s
progress: nodes=21,640,000,000 tested=1 found=0 n=457857304675140882921981 elapsed=2066s
progress: nodes=21,650,000,000 tested=1 found=0 n=842170368055894158507369 elapsed=2067s
progress: nodes=21,660,000,000 tested=1 found=0 n=2809554094886015772867 elapsed=2067s
progress: nodes=21,670,000,000 tested=1 found=0 n=72621284857264000271271 elapsed=2068s
progress: nodes=21,680,000,000 tested=1 found=0 n=931936608514918246094283 elapsed=2069s
progress: nodes=21,690,000,000 tested=1 found=0 n=307942474958229953108553 elapsed=2070s
progress: nodes=21,700,000,000 tested=1 found=0 n=277073036767522220893239 elapsed=2071s
progress: nodes=21,710,000,000 tested=1 found=0 n=747867385673022273875931 elapsed=2072s
progress: nodes=21,720,000,000 tested=1 found=0 n=274952945282603674541169 elapsed=2073s
progress: nodes=21,730,000,000 tested=1 found=0 n=132661984889994973617633 elapsed=2074s
progress: nodes=21,740,000,000 tested=1 found=0 n=196377333569612411698911 elapsed=2075s
progress: nodes=21,750,000,000 tested=1 found=0 n=254027439224246135378073 elapsed=2076s
progress: nodes=21,760,000,000 tested=1 found=0 n=313739093644472481628071 elapsed=2077s
progress: nodes=21,770,000,000 tested=1 found=0 n=822175809284260117029057 elapsed=2078s
progress: nodes=21,780,000,000 tested=1 found=0 n=228709986386001714275253 elapsed=2079s
progress: nodes=21,790,000,000 tested=1 found=0 n=319228694733485140151691 elapsed=2080s
progress: nodes=21,800,000,000 tested=1 found=0 n=872933267481560636664027 elapsed=2081s
progress: nodes=21,810,000,000 tested=1 found=0 n=172698300275778421447017 elapsed=2082s
progress: nodes=21,820,000,000 tested=1 found=0 n=60592151370362599155597 elapsed=2083s
progress: nodes=21,830,000,000 tested=1 found=0 n=761144805551825378623797 elapsed=2084s
progress: nodes=21,840,000,000 tested=1 found=0 n=271156109274593872089189 elapsed=2085s
progress: nodes=21,850,000,000 tested=1 found=0 n=667647091359374484183969 elapsed=2086s
progress: nodes=21,860,000,000 tested=1 found=0 n=565609461112605933764169 elapsed=2087s
progress: nodes=21,870,000,000 tested=1 found=0 n=455050907420488533022011 elapsed=2088s
progress: nodes=21,880,000,000 tested=1 found=0 n=219283045344081966288327 elapsed=2089s
progress: nodes=21,890,000,000 tested=1 found=0 n=508227978110033635083201 elapsed=2090s
progress: nodes=21,900,000,000 tested=1 found=0 n=532109403133261108597299 elapsed=2091s
progress: nodes=21,910,000,000 tested=1 found=0 n=964467408117727392201609 elapsed=2092s
progress: nodes=21,920,000,000 tested=1 found=0 n=848616502173843639011919 elapsed=2093s
progress: nodes=21,930,000,000 tested=1 found=0 n=86235704065372670630679 elapsed=2094s
progress: nodes=21,940,000,000 tested=1 found=0 n=66342920230975556244219 elapsed=2095s
progress: nodes=21,950,000,000 tested=1 found=0 n=39865983141284469724269 elapsed=2096s
progress: nodes=21,960,000,000 tested=1 found=0 n=352842968644324547322219 elapsed=2097s
progress: nodes=21,970,000,000 tested=1 found=0 n=993227994357683218897191 elapsed=2098s
progress: nodes=21,980,000,000 tested=1 found=0 n=570497092509132462439623 elapsed=2099s
progress: nodes=21,990,000,000 tested=1 found=0 n=577747527091109005400913 elapsed=2100s
progress: nodes=22,000,000,000 tested=1 found=0 n=14366372786335292870433 elapsed=2101s
progress: nodes=22,010,000,000 tested=1 found=0 n=290175194215174346435643 elapsed=2102s
progress: nodes=22,020,000,000 tested=1 found=0 n=657143888783050798329057 elapsed=2103s
progress: nodes=22,030,000,000 tested=1 found=0 n=3411990621061198614867 elapsed=2104s
progress: nodes=22,040,000,000 tested=1 found=0 n=731677511957970314879571 elapsed=2105s
progress: nodes=22,050,000,000 tested=1 found=0 n=159856873686561856453077 elapsed=2106s
progress: nodes=22,060,000,000 tested=1 found=0 n=93403085531470992122703 elapsed=2107s
progress: nodes=22,070,000,000 tested=1 found=0 n=82144962146698069472997 elapsed=2108s
progress: nodes=22,080,000,000 tested=1 found=0 n=622881363002537546660181 elapsed=2109s
progress: nodes=22,090,000,000 tested=1 found=0 n=38055837842562007266513 elapsed=2110s
progress: nodes=22,100,000,000 tested=1 found=0 n=63055090710136643936961 elapsed=2111s
progress: nodes=22,110,000,000 tested=1 found=0 n=792986648634566551553817 elapsed=2112s
progress: nodes=22,120,000,000 tested=1 found=0 n=904887082474445085289131 elapsed=2113s
progress: nodes=22,130,000,000 tested=1 found=0 n=67530879546173846967021 elapsed=2114s
progress: nodes=22,140,000,000 tested=1 found=0 n=677733757248375493578627 elapsed=2115s
progress: nodes=22,150,000,000 tested=1 found=0 n=78235080006275384430381 elapsed=2116s
progress: nodes=22,160,000,000 tested=1 found=0 n=710342382075954256831917 elapsed=2117s
progress: nodes=22,170,000,000 tested=1 found=0 n=988180213650517108199121 elapsed=2118s
progress: nodes=22,180,000,000 tested=1 found=0 n=797183749820640315330483 elapsed=2119s
progress: nodes=22,190,000,000 tested=1 found=0 n=41003444430640316380899 elapsed=2120s
progress: nodes=22,200,000,000 tested=1 found=0 n=929900024446084095671553 elapsed=2121s
progress: nodes=22,210,000,000 tested=1 found=0 n=603033826714836262193019 elapsed=2122s
progress: nodes=22,220,000,000 tested=1 found=0 n=123217023357818157601119 elapsed=2123s
progress: nodes=22,230,000,000 tested=1 found=0 n=829917739255067137959999 elapsed=2124s
progress: nodes=22,240,000,000 tested=1 found=0 n=633205194770919159172641 elapsed=2125s
progress: nodes=22,250,000,000 tested=1 found=0 n=742028468259405177526533 elapsed=2126s
progress: nodes=22,260,000,000 tested=1 found=0 n=209522135700738807685167 elapsed=2127s
progress: nodes=22,270,000,000 tested=1 found=0 n=894414160917432279769359 elapsed=2128s
progress: nodes=22,280,000,000 tested=1 found=0 n=17461531044682611787329 elapsed=2129s
progress: nodes=22,290,000,000 tested=1 found=0 n=14902398758122685764383 elapsed=2130s
progress: nodes=22,300,000,000 tested=1 found=0 n=295792561184568255701751 elapsed=2131s
progress: nodes=22,310,000,000 tested=1 found=0 n=391523895442323715595667 elapsed=2132s
progress: nodes=22,320,000,000 tested=1 found=0 n=252273185060251939816089 elapsed=2133s
progress: nodes=22,330,000,000 tested=1 found=0 n=739922719151668511868123 elapsed=2134s
progress: nodes=22,340,000,000 tested=1 found=0 n=764757470518889312996817 elapsed=2135s
progress: nodes=22,350,000,000 tested=1 found=0 n=405315780043791324136143 elapsed=2136s
progress: nodes=22,360,000,000 tested=1 found=0 n=296249374591268907647553 elapsed=2137s
progress: nodes=22,370,000,000 tested=1 found=0 n=51343377616858082776449 elapsed=2138s
progress: nodes=22,380,000,000 tested=1 found=0 n=429908252877694442971977 elapsed=2139s
progress: nodes=22,390,000,000 tested=1 found=0 n=74426982949970607432333 elapsed=2140s
progress: nodes=22,400,000,000 tested=1 found=0 n=10937464612754053595793 elapsed=2141s
progress: nodes=22,410,000,000 tested=1 found=0 n=216074361239062934089911 elapsed=2142s
progress: nodes=22,420,000,000 tested=1 found=0 n=16303441774443519733323 elapsed=2143s
progress: nodes=22,430,000,000 tested=1 found=0 n=792365965913553372720093 elapsed=2144s
progress: nodes=22,440,000,000 tested=1 found=0 n=64844729666491130888961 elapsed=2145s
progress: nodes=22,450,000,000 tested=1 found=0 n=116747136121257530330871 elapsed=2146s
progress: nodes=22,460,000,000 tested=1 found=0 n=318711034255627858717587 elapsed=2147s
progress: nodes=22,470,000,000 tested=1 found=0 n=173503868744748229511109 elapsed=2148s
progress: nodes=22,480,000,000 tested=1 found=0 n=320700521036106830559369 elapsed=2149s
progress: nodes=22,490,000,000 tested=1 found=0 n=5647676804781325901301 elapsed=2150s
progress: nodes=22,500,000,000 tested=1 found=0 n=7279483182630598180527 elapsed=2151s
progress: nodes=22,510,000,000 tested=1 found=0 n=931256886468413563181409 elapsed=2151s
progress: nodes=22,520,000,000 tested=1 found=0 n=551151878746048564680267 elapsed=2152s
progress: nodes=22,530,000,000 tested=1 found=0 n=34949253834678710619807 elapsed=2153s
progress: nodes=22,540,000,000 tested=1 found=0 n=329520343243724294581491 elapsed=2154s
progress: nodes=22,550,000,000 tested=1 found=0 n=314327658068361610752651 elapsed=2155s
progress: nodes=22,560,000,000 tested=1 found=0 n=633041878110371403928683 elapsed=2156s
progress: nodes=22,570,000,000 tested=1 found=0 n=276452335282608622489209 elapsed=2157s
progress: nodes=22,580,000,000 tested=1 found=0 n=288843959212950381686589 elapsed=2158s
progress: nodes=22,590,000,000 tested=1 found=0 n=924467648389202197154589 elapsed=2159s
progress: nodes=22,600,000,000 tested=1 found=0 n=46777201552494153295269 elapsed=2160s
progress: nodes=22,610,000,000 tested=1 found=0 n=648878263249654285067649 elapsed=2161s
progress: nodes=22,620,000,000 tested=1 found=0 n=447547543223988763744617 elapsed=2162s
progress: nodes=22,630,000,000 tested=1 found=0 n=4933135132203897590829 elapsed=2163s
progress: nodes=22,640,000,000 tested=1 found=0 n=279326270166951886662927 elapsed=2164s
progress: nodes=22,650,000,000 tested=1 found=0 n=368733150153275687427219 elapsed=2165s
progress: nodes=22,660,000,000 tested=1 found=0 n=20206670034803816738031 elapsed=2166s
progress: nodes=22,670,000,000 tested=1 found=0 n=548548478536536001939701 elapsed=2167s
progress: nodes=22,680,000,000 tested=1 found=0 n=555139598575584766349463 elapsed=2168s
progress: nodes=22,690,000,000 tested=1 found=0 n=175938455918316573353157 elapsed=2169s
progress: nodes=22,700,000,000 tested=1 found=0 n=980378682638810149161753 elapsed=2169s
progress: nodes=22,710,000,000 tested=1 found=0 n=47241961609880489646909 elapsed=2170s
progress: nodes=22,720,000,000 tested=1 found=0 n=390769039231918524885279 elapsed=2171s
progress: nodes=22,730,000,000 tested=1 found=0 n=981454493314606558739349 elapsed=2172s
progress: nodes=22,740,000,000 tested=1 found=0 n=163270116158510618452767 elapsed=2173s
progress: nodes=22,750,000,000 tested=1 found=0 n=206054607259148148355569 elapsed=2174s
progress: nodes=22,760,000,000 tested=1 found=0 n=284579764597557550199793 elapsed=2175s
progress: nodes=22,770,000,000 tested=1 found=0 n=610611075010726342932093 elapsed=2176s
progress: nodes=22,780,000,000 tested=1 found=0 n=57551093243773642012071 elapsed=2177s
progress: nodes=22,790,000,000 tested=1 found=0 n=979454086521371676244887 elapsed=2178s
progress: nodes=22,800,000,000 tested=1 found=0 n=299133603851271017780523 elapsed=2179s
progress: nodes=22,810,000,000 tested=1 found=0 n=276605921192063574261579 elapsed=2180s
progress: nodes=22,820,000,000 tested=1 found=0 n=764312256282802930554423 elapsed=2181s
progress: nodes=22,830,000,000 tested=1 found=0 n=957044801551865409428331 elapsed=2182s
progress: nodes=22,840,000,000 tested=1 found=0 n=116618386387371864348639 elapsed=2183s
progress: nodes=22,850,000,000 tested=1 found=0 n=219961341520296103269399 elapsed=2183s
progress: nodes=22,860,000,000 tested=1 found=0 n=445883947792889782541937 elapsed=2184s
progress: nodes=22,870,000,000 tested=1 found=0 n=61258772341943459238813 elapsed=2185s
progress: nodes=22,880,000,000 tested=1 found=0 n=387767560461511622920671 elapsed=2186s
progress: nodes=22,890,000,000 tested=1 found=0 n=587717001701132466405099 elapsed=2187s
progress: nodes=22,900,000,000 tested=1 found=0 n=22708594028828410475487 elapsed=2188s
progress: nodes=22,910,000,000 tested=1 found=0 n=13091728700033807922813 elapsed=2189s
progress: nodes=22,920,000,000 tested=1 found=0 n=891680231375443787925219 elapsed=2190s
progress: nodes=22,930,000,000 tested=1 found=0 n=872616862685835776635269 elapsed=2191s
progress: nodes=22,940,000,000 tested=1 found=0 n=330202533443101004781381 elapsed=2192s
progress: nodes=22,950,000,000 tested=1 found=0 n=855630570999218930322693 elapsed=2193s
progress: nodes=22,960,000,000 tested=1 found=0 n=651539503968733907951853 elapsed=2194s
progress: nodes=22,970,000,000 tested=1 found=0 n=478180031178044884318773 elapsed=2195s
progress: nodes=22,980,000,000 tested=1 found=0 n=447125068055686564814127 elapsed=2196s
progress: nodes=22,990,000,000 tested=1 found=0 n=43430402760124266842241 elapsed=2197s
progress: nodes=23,000,000,000 tested=1 found=0 n=761196713816273355791313 elapsed=2198s
progress: nodes=23,010,000,000 tested=1 found=0 n=9585107468672244798003 elapsed=2199s
progress: nodes=23,020,000,000 tested=1 found=0 n=158425765892629311747957 elapsed=2199s
progress: nodes=23,030,000,000 tested=1 found=0 n=381643389005904455261403 elapsed=2200s
progress: nodes=23,040,000,000 tested=1 found=0 n=574640798683974956350131 elapsed=2201s
progress: nodes=23,050,000,000 tested=1 found=0 n=11834871030880762157007 elapsed=2202s
progress: nodes=23,060,000,000 tested=1 found=0 n=1388637848437277225073 elapsed=2203s
progress: nodes=23,070,000,000 tested=1 found=0 n=740223600321211600654203 elapsed=2204s
progress: nodes=23,080,000,000 tested=1 found=0 n=742714263203185670173491 elapsed=2205s
progress: nodes=23,090,000,000 tested=1 found=0 n=234443985824515232994657 elapsed=2206s
progress: nodes=23,100,000,000 tested=1 found=0 n=1292322886062873628821 elapsed=2207s
progress: nodes=23,110,000,000 tested=1 found=0 n=497305251793421143798011 elapsed=2208s
progress: nodes=23,120,000,000 tested=1 found=0 n=402826020756145997446293 elapsed=2208s
progress: nodes=23,130,000,000 tested=1 found=0 n=522763600202972696063067 elapsed=2210s
progress: nodes=23,140,000,000 tested=1 found=0 n=389285824097954129911851 elapsed=2211s
progress: nodes=23,150,000,000 tested=1 found=0 n=205567870650034903015863 elapsed=2212s
progress: nodes=23,160,000,000 tested=1 found=0 n=95323078996253419984959 elapsed=2212s
progress: nodes=23,170,000,000 tested=1 found=0 n=273016956429577388732847 elapsed=2213s
progress: nodes=23,180,000,000 tested=1 found=0 n=428450698172562494390247 elapsed=2214s
progress: nodes=23,190,000,000 tested=1 found=0 n=980802742735234533216531 elapsed=2215s
progress: nodes=23,200,000,000 tested=1 found=0 n=9696938724657019934241 elapsed=2216s
progress: nodes=23,210,000,000 tested=1 found=0 n=197250088979528059979361 elapsed=2217s
progress: nodes=23,220,000,000 tested=1 found=0 n=4637894767022600331963 elapsed=2218s
progress: nodes=23,230,000,000 tested=1 found=0 n=736708104317352171790929 elapsed=2219s
progress: nodes=23,240,000,000 tested=1 found=0 n=912544670833277542297809 elapsed=2220s
progress: nodes=23,250,000,000 tested=1 found=0 n=679985622461802285688917 elapsed=2221s
progress: nodes=23,260,000,000 tested=1 found=0 n=11003497994825921077779 elapsed=2221s
progress: nodes=23,270,000,000 tested=1 found=0 n=584884047167091030959457 elapsed=2222s
progress: nodes=23,280,000,000 tested=1 found=0 n=417502979066986103696691 elapsed=2223s
progress: nodes=23,290,000,000 tested=1 found=0 n=382109599113207149494167 elapsed=2224s
progress: nodes=23,300,000,000 tested=1 found=0 n=424528785372160548169233 elapsed=2225s
progress: nodes=23,310,000,000 tested=1 found=0 n=395570297608370367238041 elapsed=2226s
progress: nodes=23,320,000,000 tested=1 found=0 n=375240813890153047054647 elapsed=2227s
progress: nodes=23,330,000,000 tested=1 found=0 n=13752361689175168909707 elapsed=2228s
progress: nodes=23,340,000,000 tested=1 found=0 n=52768993539305396235597 elapsed=2229s
progress: nodes=23,350,000,000 tested=1 found=0 n=18307955294188820996307 elapsed=2230s
progress: nodes=23,360,000,000 tested=1 found=0 n=609814819655072236180833 elapsed=2231s
progress: nodes=23,370,000,000 tested=1 found=0 n=890973836747418110124009 elapsed=2232s
progress: nodes=23,380,000,000 tested=1 found=0 n=399873651232588450519173 elapsed=2233s
progress: nodes=23,390,000,000 tested=1 found=0 n=832521513457070741075343 elapsed=2234s
progress: nodes=23,400,000,000 tested=1 found=0 n=492879919671712915858659 elapsed=2235s
progress: nodes=23,410,000,000 tested=1 found=0 n=122942278177501906589037 elapsed=2236s
progress: nodes=23,420,000,000 tested=1 found=0 n=909894754199545290774741 elapsed=2237s
progress: nodes=23,430,000,000 tested=1 found=0 n=268539015651512040743451 elapsed=2238s
progress: nodes=23,440,000,000 tested=1 found=0 n=430619886975847284009723 elapsed=2239s
progress: nodes=23,450,000,000 tested=1 found=0 n=331495249269006068762373 elapsed=2240s
progress: nodes=23,460,000,000 tested=1 found=0 n=597939635078308161760407 elapsed=2241s
progress: nodes=23,470,000,000 tested=1 found=0 n=566587432795718353218771 elapsed=2242s
progress: nodes=23,480,000,000 tested=1 found=0 n=128835480161445804548373 elapsed=2243s
progress: nodes=23,490,000,000 tested=1 found=0 n=636980334377392558890051 elapsed=2244s
progress: nodes=23,500,000,000 tested=1 found=0 n=5042285388124827378393 elapsed=2245s
progress: nodes=23,510,000,000 tested=1 found=0 n=701505421474437289281 elapsed=2245s
progress: nodes=23,520,000,000 tested=1 found=0 n=960260228596002701173521 elapsed=2246s
progress: nodes=23,530,000,000 tested=1 found=0 n=296674145488943674344321 elapsed=2247s
progress: nodes=23,540,000,000 tested=1 found=0 n=804859215129731894327481 elapsed=2248s
progress: nodes=23,550,000,000 tested=1 found=0 n=689158598470125208190337 elapsed=2249s
progress: nodes=23,560,000,000 tested=1 found=0 n=126203995664155057262757 elapsed=2250s
progress: nodes=23,570,000,000 tested=1 found=0 n=62529939358880202244893 elapsed=2251s
progress: nodes=23,580,000,000 tested=1 found=0 n=955501867326294071724369 elapsed=2252s
progress: nodes=23,590,000,000 tested=1 found=0 n=129559315384776149572557 elapsed=2253s
progress: nodes=23,600,000,000 tested=1 found=0 n=313946347858673742966039 elapsed=2254s
progress: nodes=23,610,000,000 tested=1 found=0 n=680024322778379072824473 elapsed=2255s
progress: nodes=23,620,000,000 tested=1 found=0 n=286358097788753502656001 elapsed=2256s
progress: nodes=23,630,000,000 tested=1 found=0 n=160010631980506321384227 elapsed=2257s
progress: nodes=23,640,000,000 tested=1 found=0 n=775556045062834545217851 elapsed=2258s
progress: nodes=23,650,000,000 tested=1 found=0 n=463004153529420211375953 elapsed=2259s
progress: nodes=23,660,000,000 tested=1 found=0 n=237064176864358570100517 elapsed=2260s
progress: nodes=23,670,000,000 tested=1 found=0 n=804099169933214331891 elapsed=2261s
progress: nodes=23,680,000,000 tested=1 found=0 n=392410102340423449446879 elapsed=2262s
progress: nodes=23,690,000,000 tested=1 found=0 n=136516054151068198947483 elapsed=2263s
progress: nodes=23,700,000,000 tested=1 found=0 n=116938148901887222719953 elapsed=2264s
progress: nodes=23,710,000,000 tested=1 found=0 n=751887821639461185758937 elapsed=2265s
progress: nodes=23,720,000,000 tested=1 found=0 n=515232892180491066784059 elapsed=2266s
progress: nodes=23,730,000,000 tested=1 found=0 n=301049169004769548157223 elapsed=2267s
progress: nodes=23,740,000,000 tested=1 found=0 n=131223048611020558069449 elapsed=2268s
progress: nodes=23,750,000,000 tested=1 found=0 n=278759899084233803191527 elapsed=2269s
progress: nodes=23,760,000,000 tested=1 found=0 n=547850252543868229252011 elapsed=2270s
progress: nodes=23,770,000,000 tested=1 found=0 n=131641201867710213924531 elapsed=2271s
progress: nodes=23,780,000,000 tested=1 found=0 n=165211927957278006136761 elapsed=2272s
progress: nodes=23,790,000,000 tested=1 found=0 n=840876079179119475563643 elapsed=2273s
progress: nodes=23,800,000,000 tested=1 found=0 n=47298134055823142360583 elapsed=2274s
progress: nodes=23,810,000,000 tested=1 found=0 n=663168652514219028163701 elapsed=2275s
progress: nodes=23,820,000,000 tested=1 found=0 n=587144237823976816547421 elapsed=2276s
progress: nodes=23,830,000,000 tested=1 found=0 n=42268072728780375596691 elapsed=2277s
progress: nodes=23,840,000,000 tested=1 found=0 n=130235712336581277782499 elapsed=2278s
progress: nodes=23,850,000,000 tested=1 found=0 n=458855204592062362099587 elapsed=2279s
progress: nodes=23,860,000,000 tested=1 found=0 n=35850522531098222264031 elapsed=2280s
progress: nodes=23,870,000,000 tested=1 found=0 n=7737856277340882874467 elapsed=2281s
progress: nodes=23,880,000,000 tested=1 found=0 n=754748130347104656883263 elapsed=2282s
progress: nodes=23,890,000,000 tested=1 found=0 n=499056459740348380586859 elapsed=2283s
progress: nodes=23,900,000,000 tested=1 found=0 n=431195346335597334175113 elapsed=2284s
progress: nodes=23,910,000,000 tested=1 found=0 n=30326612107927243728477 elapsed=2285s
progress: nodes=23,920,000,000 tested=1 found=0 n=409240901445035091826251 elapsed=2285s
progress: nodes=23,930,000,000 tested=1 found=0 n=23913614346980627228817 elapsed=2286s
progress: nodes=23,940,000,000 tested=1 found=0 n=67007638885837546160979 elapsed=2287s
progress: nodes=23,950,000,000 tested=1 found=0 n=1378465677654388929177 elapsed=2288s
progress: nodes=23,960,000,000 tested=1 found=0 n=873752563788544559673411 elapsed=2289s
progress: nodes=23,970,000,000 tested=1 found=0 n=675100593704602462263009 elapsed=2290s
progress: nodes=23,980,000,000 tested=1 found=0 n=300008550683416982486937 elapsed=2291s
progress: nodes=23,990,000,000 tested=1 found=0 n=554079856025570009669391 elapsed=2292s
progress: nodes=24,000,000,000 tested=1 found=0 n=581251208959524861382053 elapsed=2293s
progress: nodes=24,010,000,000 tested=1 found=0 n=980813243098729102738533 elapsed=2294s
progress: nodes=24,020,000,000 tested=1 found=0 n=729732397258173028038033 elapsed=2295s
progress: nodes=24,030,000,000 tested=1 found=0 n=966065675577575823782961 elapsed=2295s
progress: nodes=24,040,000,000 tested=1 found=0 n=451200611050113348104109 elapsed=2296s
progress: nodes=24,050,000,000 tested=1 found=0 n=57612188057368070573733 elapsed=2297s
progress: nodes=24,060,000,000 tested=1 found=0 n=443888413957207685571963 elapsed=2298s
progress: nodes=24,070,000,000 tested=1 found=0 n=405785424122029667010009 elapsed=2299s
progress: nodes=24,080,000,000 tested=1 found=0 n=263384729468457006722169 elapsed=2300s
progress: nodes=24,090,000,000 tested=1 found=0 n=411244435490368392897699 elapsed=2301s
progress: nodes=24,100,000,000 tested=1 found=0 n=655293905307281375230953 elapsed=2302s
progress: nodes=24,110,000,000 tested=1 found=0 n=270601735861303504012641 elapsed=2303s
progress: nodes=24,120,000,000 tested=1 found=0 n=911213095300041518123997 elapsed=2304s
progress: nodes=24,130,000,000 tested=1 found=0 n=936565530545539921549809 elapsed=2305s
progress: nodes=24,140,000,000 tested=1 found=0 n=168268907647124701614483 elapsed=2306s
progress: nodes=24,150,000,000 tested=1 found=0 n=813724257768654663089373 elapsed=2307s
progress: nodes=24,160,000,000 tested=1 found=0 n=916567716415004992083603 elapsed=2308s
progress: nodes=24,170,000,000 tested=1 found=0 n=427426152254943597225327 elapsed=2309s
progress: nodes=24,180,000,000 tested=1 found=0 n=756624874556907394814919 elapsed=2310s
progress: nodes=24,190,000,000 tested=1 found=0 n=281291870812920893359863 elapsed=2311s
progress: nodes=24,200,000,000 tested=1 found=0 n=658774490276959625886603 elapsed=2311s
progress: nodes=24,210,000,000 tested=1 found=0 n=845482409246835204572013 elapsed=2312s
progress: nodes=24,220,000,000 tested=1 found=0 n=456713557932012475775109 elapsed=2313s
progress: nodes=24,230,000,000 tested=1 found=0 n=257698509926098888225293 elapsed=2314s
progress: nodes=24,240,000,000 tested=1 found=0 n=824185120216927922143977 elapsed=2315s
progress: nodes=24,250,000,000 tested=1 found=0 n=656901524347395724082829 elapsed=2316s
progress: nodes=24,260,000,000 tested=1 found=0 n=302871714078410667032271 elapsed=2317s
progress: nodes=24,270,000,000 tested=1 found=0 n=268466634393402399210399 elapsed=2318s
progress: nodes=24,280,000,000 tested=1 found=0 n=734370015156720222525531 elapsed=2319s
progress: nodes=24,290,000,000 tested=1 found=0 n=399262965276766729281 elapsed=2320s
progress: nodes=24,300,000,000 tested=1 found=0 n=259605598764990039069651 elapsed=2321s
progress: nodes=24,310,000,000 tested=1 found=0 n=868464011157610935033681 elapsed=2322s
progress: nodes=24,320,000,000 tested=1 found=0 n=341288797265532658810983 elapsed=2323s
progress: nodes=24,330,000,000 tested=1 found=0 n=923829922413402260361963 elapsed=2324s
progress: nodes=24,340,000,000 tested=1 found=0 n=878946621984108862529631 elapsed=2325s
progress: nodes=24,350,000,000 tested=1 found=0 n=166459427575777311493947 elapsed=2326s
progress: nodes=24,360,000,000 tested=1 found=0 n=374195832893513010694743 elapsed=2327s
progress: nodes=24,370,000,000 tested=1 found=0 n=148874443171558131901731 elapsed=2328s
progress: nodes=24,380,000,000 tested=1 found=0 n=52436561529353282647509 elapsed=2329s
progress: nodes=24,390,000,000 tested=1 found=0 n=154283704015229106726837 elapsed=2330s
progress: nodes=24,400,000,000 tested=1 found=0 n=985303397449128059496051 elapsed=2331s
progress: nodes=24,410,000,000 tested=1 found=0 n=52648448580125231602197 elapsed=2332s
progress: nodes=24,420,000,000 tested=1 found=0 n=647142214717708298300283 elapsed=2333s
progress: nodes=24,430,000,000 tested=1 found=0 n=133310576383645508738319 elapsed=2334s
progress: nodes=24,440,000,000 tested=1 found=0 n=847438349616530632046229 elapsed=2335s
progress: nodes=24,450,000,000 tested=1 found=0 n=297773340795326351550309 elapsed=2336s
progress: nodes=24,460,000,000 tested=1 found=0 n=985180505215633414683567 elapsed=2337s
progress: nodes=24,470,000,000 tested=1 found=0 n=235729296998819354697681 elapsed=2338s
progress: nodes=24,480,000,000 tested=1 found=0 n=276228671671860668534631 elapsed=2339s
progress: nodes=24,490,000,000 tested=1 found=0 n=95208761336281370813607 elapsed=2340s
progress: nodes=24,500,000,000 tested=1 found=0 n=614730036137605707480447 elapsed=2341s
progress: nodes=24,510,000,000 tested=1 found=0 n=664297457347354540475337 elapsed=2342s
progress: nodes=24,520,000,000 tested=1 found=0 n=104754190574309662455927 elapsed=2343s
progress: nodes=24,530,000,000 tested=1 found=0 n=7035115219167470359353 elapsed=2344s
progress: nodes=24,540,000,000 tested=1 found=0 n=54281383632858045562041 elapsed=2345s
progress: nodes=24,550,000,000 tested=1 found=0 n=550264876161247158844647 elapsed=2346s
progress: nodes=24,560,000,000 tested=1 found=0 n=702381751394841577801599 elapsed=2346s
progress: nodes=24,570,000,000 tested=1 found=0 n=359461814579597883484617 elapsed=2347s
progress: nodes=24,580,000,000 tested=1 found=0 n=467007573983805437272833 elapsed=2348s
progress: nodes=24,590,000,000 tested=1 found=0 n=444096155106707575900857 elapsed=2349s
progress: nodes=24,600,000,000 tested=1 found=0 n=67139276387189961664281 elapsed=2350s
progress: nodes=24,610,000,000 tested=1 found=0 n=923856809734701912344847 elapsed=2351s
progress: nodes=24,620,000,000 tested=1 found=0 n=404307239902509930270999 elapsed=2352s
progress: nodes=24,630,000,000 tested=1 found=0 n=494064195863431551834333 elapsed=2353s
progress: nodes=24,640,000,000 tested=1 found=0 n=165121442304397681623807 elapsed=2354s
progress: nodes=24,650,000,000 tested=1 found=0 n=439582459144825544241837 elapsed=2355s
progress: nodes=24,660,000,000 tested=1 found=0 n=616888438026089394817509 elapsed=2356s
progress: nodes=24,670,000,000 tested=1 found=0 n=369976406612880848991639 elapsed=2357s
progress: nodes=24,680,000,000 tested=1 found=0 n=188060667828683650556127 elapsed=2358s
progress: nodes=24,690,000,000 tested=1 found=0 n=66213824182145630776929 elapsed=2359s
progress: nodes=24,700,000,000 tested=1 found=0 n=110778233461407931581591 elapsed=2360s
progress: nodes=24,710,000,000 tested=1 found=0 n=542117557093194208753341 elapsed=2361s
progress: nodes=24,720,000,000 tested=1 found=0 n=134902103336244104116971 elapsed=2362s
progress: nodes=24,730,000,000 tested=1 found=0 n=958953182384692438888659 elapsed=2363s
progress: nodes=24,740,000,000 tested=1 found=0 n=970184592011497123527123 elapsed=2364s
progress: nodes=24,750,000,000 tested=1 found=0 n=279576831956062674620301 elapsed=2365s
progress: nodes=24,760,000,000 tested=1 found=0 n=578219991728802098735631 elapsed=2366s
progress: nodes=24,770,000,000 tested=1 found=0 n=441359676023393210591937 elapsed=2367s
progress: nodes=24,780,000,000 tested=1 found=0 n=146150153033886340048281 elapsed=2368s
progress: nodes=24,790,000,000 tested=1 found=0 n=621029844319836569325279 elapsed=2369s
progress: nodes=24,800,000,000 tested=1 found=0 n=512307316714013858327433 elapsed=2370s
progress: nodes=24,810,000,000 tested=1 found=0 n=613888229873710639654521 elapsed=2371s
progress: nodes=24,820,000,000 tested=1 found=0 n=381707087224333905694803 elapsed=2372s
progress: nodes=24,830,000,000 tested=1 found=0 n=573615294985778048556267 elapsed=2373s
progress: nodes=24,840,000,000 tested=1 found=0 n=59451928039442628474213 elapsed=2374s
progress: nodes=24,850,000,000 tested=1 found=0 n=910435462063955973115113 elapsed=2375s
progress: nodes=24,860,000,000 tested=1 found=0 n=56546030053687685739657 elapsed=2376s
progress: nodes=24,870,000,000 tested=1 found=0 n=153460192724222397516789 elapsed=2377s
progress: nodes=24,880,000,000 tested=1 found=0 n=257644988918752952152779 elapsed=2378s
progress: nodes=24,890,000,000 tested=1 found=0 n=7786828333184846189673 elapsed=2380s
progress: nodes=24,900,000,000 tested=1 found=0 n=238342163718449286337413 elapsed=2381s
progress: nodes=24,910,000,000 tested=1 found=0 n=79480311675033063620397 elapsed=2382s
progress: nodes=24,920,000,000 tested=1 found=0 n=91886131548733995359601 elapsed=2383s
progress: nodes=24,930,000,000 tested=1 found=0 n=101737204934845204270689 elapsed=2384s
progress: nodes=24,940,000,000 tested=1 found=0 n=343622149263662013018417 elapsed=2385s
progress: nodes=24,950,000,000 tested=1 found=0 n=247333413717616503767061 elapsed=2386s
progress: nodes=24,960,000,000 tested=1 found=0 n=17426472289258028892753 elapsed=2387s
progress: nodes=24,970,000,000 tested=1 found=0 n=185222845237914751737327 elapsed=2388s
progress: nodes=24,980,000,000 tested=1 found=0 n=829889395063007317132809 elapsed=2389s
progress: nodes=24,990,000,000 tested=1 found=0 n=260690706433481505821211 elapsed=2390s
progress: nodes=25,000,000,000 tested=1 found=0 n=815006179840554973989861 elapsed=2391s
progress: nodes=25,010,000,000 tested=1 found=0 n=842230137890160841541577 elapsed=2392s
progress: nodes=25,020,000,000 tested=1 found=0 n=635152811727482880324207 elapsed=2393s
progress: nodes=25,030,000,000 tested=1 found=0 n=970363493954113876072599 elapsed=2394s
progress: nodes=25,040,000,000 tested=1 found=0 n=815569960643124671293023 elapsed=2395s
progress: nodes=25,050,000,000 tested=1 found=0 n=615826565975775405823143 elapsed=2396s
progress: nodes=25,060,000,000 tested=1 found=0 n=764072910879630151760103 elapsed=2397s
progress: nodes=25,070,000,000 tested=1 found=0 n=511845073178727169639329 elapsed=2398s
progress: nodes=25,080,000,000 tested=1 found=0 n=405297114148202619034263 elapsed=2399s
progress: nodes=25,090,000,000 tested=1 found=0 n=768651569913551235690207 elapsed=2400s
progress: nodes=25,100,000,000 tested=1 found=0 n=123391212773372152077183 elapsed=2401s
progress: nodes=25,110,000,000 tested=1 found=0 n=815303191542852701588757 elapsed=2402s
progress: nodes=25,120,000,000 tested=1 found=0 n=458619927437861063546529 elapsed=2403s
progress: nodes=25,130,000,000 tested=1 found=0 n=471095622757889457416517 elapsed=2404s
progress: nodes=25,140,000,000 tested=1 found=0 n=929767055890321961327301 elapsed=2405s
progress: nodes=25,150,000,000 tested=1 found=0 n=354465847046312013311871 elapsed=2405s
progress: nodes=25,160,000,000 tested=1 found=0 n=695578463012208729378711 elapsed=2406s
progress: nodes=25,170,000,000 tested=1 found=0 n=852107808215390880885303 elapsed=2407s
progress: nodes=25,180,000,000 tested=1 found=0 n=445737191467188523761573 elapsed=2408s
progress: nodes=25,190,000,000 tested=1 found=0 n=534588286436056470535203 elapsed=2409s
progress: nodes=25,200,000,000 tested=1 found=0 n=412590961612649197103583 elapsed=2410s
progress: nodes=25,210,000,000 tested=1 found=0 n=822196726165487058091563 elapsed=2411s
progress: nodes=25,220,000,000 tested=1 found=0 n=204046574254676478338871 elapsed=2412s
progress: nodes=25,230,000,000 tested=1 found=0 n=168673140636671972193321 elapsed=2413s
progress: nodes=25,240,000,000 tested=1 found=0 n=538162565670981052788129 elapsed=2414s
progress: nodes=25,250,000,000 tested=1 found=0 n=798807175875187786186737 elapsed=2415s
progress: nodes=25,260,000,000 tested=1 found=0 n=460269214040388536587947 elapsed=2416s
progress: nodes=25,270,000,000 tested=1 found=0 n=807992694929693540882901 elapsed=2417s
progress: nodes=25,280,000,000 tested=1 found=0 n=268042846596809227901529 elapsed=2418s
progress: nodes=25,290,000,000 tested=1 found=0 n=898923736312585897175691 elapsed=2419s
progress: nodes=25,300,000,000 tested=1 found=0 n=301287841605883197291369 elapsed=2420s
progress: nodes=25,310,000,000 tested=1 found=0 n=77465604393241733251011 elapsed=2421s
progress: nodes=25,320,000,000 tested=1 found=0 n=171482765712921380982693 elapsed=2422s
progress: nodes=25,330,000,000 tested=1 found=0 n=170269983324728231197539 elapsed=2423s
progress: nodes=25,340,000,000 tested=1 found=0 n=596997132121398310031301 elapsed=2424s
progress: nodes=25,350,000,000 tested=1 found=0 n=479822750887053761318703 elapsed=2425s
progress: nodes=25,360,000,000 tested=1 found=0 n=674417106026091007096803 elapsed=2426s
progress: nodes=25,370,000,000 tested=1 found=0 n=128455966921413998030307 elapsed=2427s
progress: nodes=25,380,000,000 tested=1 found=0 n=329564389027623814625847 elapsed=2428s
progress: nodes=25,390,000,000 tested=1 found=0 n=111944644936637325859761 elapsed=2429s
progress: nodes=25,400,000,000 tested=1 found=0 n=78036913950541096006599 elapsed=2430s
progress: nodes=25,410,000,000 tested=1 found=0 n=200160683550065156463831 elapsed=2431s
progress: nodes=25,420,000,000 tested=1 found=0 n=22310148574170441642801 elapsed=2432s
progress: nodes=25,430,000,000 tested=1 found=0 n=670232739060831796219227 elapsed=2433s
progress: nodes=25,440,000,000 tested=1 found=0 n=787168698336732841988001 elapsed=2434s
progress: nodes=25,450,000,000 tested=1 found=0 n=812529384496183003159653 elapsed=2435s
progress: nodes=25,460,000,000 tested=1 found=0 n=690808639643158381812753 elapsed=2436s
progress: nodes=25,470,000,000 tested=1 found=0 n=189449454910761283514991 elapsed=2437s
progress: nodes=25,480,000,000 tested=1 found=0 n=46981185132040196235627 elapsed=2438s
progress: nodes=25,490,000,000 tested=1 found=0 n=29353640439180520943337 elapsed=2439s
progress: nodes=25,500,000,000 tested=1 found=0 n=689719514583842841651267 elapsed=2440s
progress: nodes=25,510,000,000 tested=1 found=0 n=272168537446849394706069 elapsed=2441s
progress: nodes=25,520,000,000 tested=1 found=0 n=276397703300195233523481 elapsed=2442s
progress: nodes=25,530,000,000 tested=1 found=0 n=34186368847618555137141 elapsed=2443s
progress: nodes=25,540,000,000 tested=1 found=0 n=147912146996388834474987 elapsed=2444s
progress: nodes=25,550,000,000 tested=1 found=0 n=34920290598444762547179 elapsed=2445s
progress: nodes=25,560,000,000 tested=1 found=0 n=12775242990565563972321 elapsed=2446s
progress: nodes=25,570,000,000 tested=1 found=0 n=103402455310127713615161 elapsed=2447s
progress: nodes=25,580,000,000 tested=1 found=0 n=569513955885500628656511 elapsed=2448s
progress: nodes=25,590,000,000 tested=1 found=0 n=264360282160261639175967 elapsed=2449s
progress: nodes=25,600,000,000 tested=1 found=0 n=690284406845608206262917 elapsed=2450s
progress: nodes=25,610,000,000 tested=1 found=0 n=55011515115398260825263 elapsed=2451s
progress: nodes=25,620,000,000 tested=1 found=0 n=50092877543071188651969 elapsed=2452s
progress: nodes=25,630,000,000 tested=1 found=0 n=240512268378637389028323 elapsed=2453s
progress: nodes=25,640,000,000 tested=1 found=0 n=36545630072559638265807 elapsed=2454s
progress: nodes=25,650,000,000 tested=1 found=0 n=662907863918461938519171 elapsed=2455s
progress: nodes=25,660,000,000 tested=1 found=0 n=995652302959354718949843 elapsed=2456s
progress: nodes=25,670,000,000 tested=1 found=0 n=996487297089683964863727 elapsed=2457s
progress: nodes=25,680,000,000 tested=1 found=0 n=462683348727257939676681 elapsed=2458s
progress: nodes=25,690,000,000 tested=1 found=0 n=767103809848269450787659 elapsed=2459s
progress: nodes=25,700,000,000 tested=1 found=0 n=563863725420957925390713 elapsed=2460s
progress: nodes=25,710,000,000 tested=1 found=0 n=356593837186522541633313 elapsed=2461s
progress: nodes=25,720,000,000 tested=1 found=0 n=42346070012662247539851 elapsed=2462s
progress: nodes=25,730,000,000 tested=1 found=0 n=90212479169011906658523 elapsed=2463s
progress: nodes=25,740,000,000 tested=1 found=0 n=42010182605174030756223 elapsed=2464s
progress: nodes=25,750,000,000 tested=1 found=0 n=390266089543257307809 elapsed=2465s
progress: nodes=25,760,000,000 tested=1 found=0 n=467083395431491391809971 elapsed=2466s
progress: nodes=25,770,000,000 tested=1 found=0 n=26701407903101115415803 elapsed=2467s
progress: nodes=25,780,000,000 tested=1 found=0 n=22182659574144665510343 elapsed=2468s
progress: nodes=25,790,000,000 tested=1 found=0 n=395699353794248498225517 elapsed=2469s
progress: nodes=25,800,000,000 tested=1 found=0 n=80126906614745974171617 elapsed=2470s
progress: nodes=25,810,000,000 tested=1 found=0 n=631056795488109503197971 elapsed=2471s
progress: nodes=25,820,000,000 tested=1 found=0 n=56959919579804480613231 elapsed=2472s
progress: nodes=25,830,000,000 tested=1 found=0 n=709642272999921893195421 elapsed=2473s
progress: nodes=25,840,000,000 tested=1 found=0 n=69028450897705147334343 elapsed=2474s
progress: nodes=25,850,000,000 tested=1 found=0 n=122772815375305841830227 elapsed=2475s
progress: nodes=25,860,000,000 tested=1 found=0 n=243113472705965485235469 elapsed=2476s
progress: nodes=25,870,000,000 tested=1 found=0 n=410823858609015441804357 elapsed=2477s
progress: nodes=25,880,000,000 tested=1 found=0 n=411494320226925401184147 elapsed=2478s
progress: nodes=25,890,000,000 tested=1 found=0 n=208600601895292494166851 elapsed=2479s
progress: nodes=25,900,000,000 tested=1 found=0 n=880392887417360394887667 elapsed=2480s
progress: nodes=25,910,000,000 tested=1 found=0 n=64259222180062928476029 elapsed=2481s
progress: nodes=25,920,000,000 tested=1 found=0 n=248643004707503676560433 elapsed=2482s
progress: nodes=25,930,000,000 tested=1 found=0 n=894421911862304858904729 elapsed=2483s
progress: nodes=25,940,000,000 tested=1 found=0 n=36385954150685877720411 elapsed=2484s
progress: nodes=25,950,000,000 tested=1 found=0 n=388427708352407816527149 elapsed=2485s
progress: nodes=25,960,000,000 tested=1 found=0 n=520306019899157757424731 elapsed=2486s
progress: nodes=25,970,000,000 tested=1 found=0 n=40221306377741371874277 elapsed=2487s
progress: nodes=25,980,000,000 tested=1 found=0 n=46418654193059819253297 elapsed=2488s
progress: nodes=25,990,000,000 tested=1 found=0 n=663714955500801841146939 elapsed=2489s
progress: nodes=26,000,000,000 tested=1 found=0 n=402697562505347415936201 elapsed=2490s
progress: nodes=26,010,000,000 tested=1 found=0 n=34418943016688736737517 elapsed=2491s
progress: nodes=26,020,000,000 tested=1 found=0 n=604773587570370146289933 elapsed=2492s
progress: nodes=26,030,000,000 tested=1 found=0 n=528619268673772559282571 elapsed=2493s
progress: nodes=26,040,000,000 tested=1 found=0 n=870365016748969089810891 elapsed=2494s
progress: nodes=26,050,000,000 tested=1 found=0 n=307100439591585480794811 elapsed=2495s
progress: nodes=26,060,000,000 tested=1 found=0 n=234992985449762419804353 elapsed=2496s
progress: nodes=26,070,000,000 tested=1 found=0 n=780018642073455984629859 elapsed=2497s
progress: nodes=26,080,000,000 tested=1 found=0 n=226313652505169765602209 elapsed=2497s
progress: nodes=26,090,000,000 tested=1 found=0 n=881208635598150369491553 elapsed=2498s
progress: nodes=26,100,000,000 tested=1 found=0 n=233885503132170537219429 elapsed=2499s
progress: nodes=26,110,000,000 tested=1 found=0 n=421826415103214762916561 elapsed=2500s
progress: nodes=26,120,000,000 tested=1 found=0 n=71823810428802794870079 elapsed=2501s
progress: nodes=26,130,000,000 tested=1 found=0 n=995895822297805296668229 elapsed=2502s
progress: nodes=26,140,000,000 tested=1 found=0 n=747135947338376852246133 elapsed=2503s
progress: nodes=26,150,000,000 tested=1 found=0 n=270306257137940365001517 elapsed=2504s
progress: nodes=26,160,000,000 tested=1 found=0 n=644831690464873273632699 elapsed=2505s
progress: nodes=26,170,000,000 tested=1 found=0 n=262488354148785622804089 elapsed=2506s
progress: nodes=26,180,000,000 tested=1 found=0 n=33553107790521695495691 elapsed=2507s
progress: nodes=26,190,000,000 tested=1 found=0 n=57577907921773052848749 elapsed=2508s
progress: nodes=26,200,000,000 tested=1 found=0 n=21176562027463689873741 elapsed=2509s
progress: nodes=26,210,000,000 tested=1 found=0 n=587475252650863642232739 elapsed=2510s
progress: nodes=26,220,000,000 tested=1 found=0 n=317177967652879975962177 elapsed=2511s
progress: nodes=26,230,000,000 tested=1 found=0 n=572470101074725356394749 elapsed=2512s
progress: nodes=26,240,000,000 tested=1 found=0 n=240219066783485203890333 elapsed=2513s
progress: nodes=26,250,000,000 tested=1 found=0 n=614942705922563063465277 elapsed=2514s
progress: nodes=26,260,000,000 tested=1 found=0 n=837505978418104786618971 elapsed=2514s
progress: nodes=26,270,000,000 tested=1 found=0 n=415760314908254276142039 elapsed=2515s
progress: nodes=26,280,000,000 tested=1 found=0 n=663729210434837588827929 elapsed=2516s
progress: nodes=26,290,000,000 tested=1 found=0 n=393850348134968176877139 elapsed=2517s
progress: nodes=26,300,000,000 tested=1 found=0 n=366585359649478880398059 elapsed=2518s
progress: nodes=26,310,000,000 tested=1 found=0 n=900271119661340081386017 elapsed=2519s
progress: nodes=26,320,000,000 tested=1 found=0 n=285847855683548095469103 elapsed=2520s
progress: nodes=26,330,000,000 tested=1 found=0 n=311556645746735097910773 elapsed=2521s
progress: nodes=26,340,000,000 tested=1 found=0 n=687911983294563736590453 elapsed=2522s
progress: nodes=26,350,000,000 tested=1 found=0 n=422119179164084687060061 elapsed=2523s
progress: nodes=26,360,000,000 tested=1 found=0 n=652086872531109600238797 elapsed=2524s
progress: nodes=26,370,000,000 tested=1 found=0 n=302558099311270354121427 elapsed=2525s
progress: nodes=26,380,000,000 tested=1 found=0 n=672793076884130868135327 elapsed=2526s
progress: nodes=26,390,000,000 tested=1 found=0 n=536387502082471438998027 elapsed=2527s
progress: nodes=26,400,000,000 tested=1 found=0 n=605221000219627011164373 elapsed=2528s
progress: nodes=26,410,000,000 tested=1 found=0 n=556890939308816979004281 elapsed=2529s
progress: nodes=26,420,000,000 tested=1 found=0 n=498868446153415092227187 elapsed=2530s
progress: nodes=26,430,000,000 tested=1 found=0 n=459682406974919843626197 elapsed=2531s
progress: nodes=26,440,000,000 tested=1 found=0 n=891713767031470733187981 elapsed=2532s
progress: nodes=26,450,000,000 tested=1 found=0 n=19824200567275102806093 elapsed=2533s
progress: nodes=26,460,000,000 tested=1 found=0 n=560587287546559385132163 elapsed=2534s
progress: nodes=26,470,000,000 tested=1 found=0 n=735204135183513307917891 elapsed=2535s
progress: nodes=26,480,000,000 tested=1 found=0 n=50908420699216197661401 elapsed=2536s
progress: nodes=26,490,000,000 tested=1 found=0 n=9548131183769770359339 elapsed=2537s
progress: nodes=26,500,000,000 tested=1 found=0 n=380191214214020699035689 elapsed=2538s
progress: nodes=26,510,000,000 tested=1 found=0 n=716689964472564240072057 elapsed=2539s
progress: nodes=26,520,000,000 tested=1 found=0 n=91552486057322937512151 elapsed=2540s
progress: nodes=26,530,000,000 tested=1 found=0 n=753793791783393389791191 elapsed=2541s
progress: nodes=26,540,000,000 tested=1 found=0 n=766816670751319001830731 elapsed=2542s
progress: nodes=26,550,000,000 tested=1 found=0 n=780297197142755117251569 elapsed=2543s
progress: nodes=26,560,000,000 tested=1 found=0 n=529480622339778296196867 elapsed=2544s
progress: nodes=26,570,000,000 tested=1 found=0 n=21557828198889813942969 elapsed=2545s
progress: nodes=26,580,000,000 tested=1 found=0 n=103863856865956420281477 elapsed=2546s
progress: nodes=26,590,000,000 tested=1 found=0 n=321909053851003685440803 elapsed=2547s
progress: nodes=26,600,000,000 tested=1 found=0 n=69053257272086949793503 elapsed=2548s
progress: nodes=26,610,000,000 tested=1 found=0 n=425902342498835210113677 elapsed=2549s
progress: nodes=26,620,000,000 tested=1 found=0 n=868713006358927314247377 elapsed=2550s
progress: nodes=26,630,000,000 tested=1 found=0 n=133170149998828896005481 elapsed=2551s
progress: nodes=26,640,000,000 tested=1 found=0 n=57093267410659837431789 elapsed=2552s
progress: nodes=26,650,000,000 tested=1 found=0 n=148543153635720024125373 elapsed=2553s
progress: nodes=26,660,000,000 tested=1 found=0 n=209966610370107570356091 elapsed=2554s
progress: nodes=26,670,000,000 tested=1 found=0 n=494291718632836650968871 elapsed=2555s
progress: nodes=26,680,000,000 tested=1 found=0 n=97551966422333590305567 elapsed=2556s
progress: nodes=26,690,000,000 tested=1 found=0 n=39372444307012828617177 elapsed=2557s
progress: nodes=26,700,000,000 tested=1 found=0 n=17222953569947036907567 elapsed=2558s
progress: nodes=26,710,000,000 tested=1 found=0 n=584509425702877029509583 elapsed=2559s
progress: nodes=26,720,000,000 tested=1 found=0 n=2655602836651601282589 elapsed=2560s
progress: nodes=26,730,000,000 tested=1 found=0 n=432947942403244973411421 elapsed=2561s
progress: nodes=26,740,000,000 tested=1 found=0 n=526383466371971717078427 elapsed=2562s
progress: nodes=26,750,000,000 tested=1 found=0 n=408067002507806642512941 elapsed=2563s
progress: nodes=26,760,000,000 tested=1 found=0 n=44007463692916236893523 elapsed=2564s
progress: nodes=26,770,000,000 tested=1 found=0 n=113427590437122544808511 elapsed=2565s
progress: nodes=26,780,000,000 tested=1 found=0 n=804290131373094179097141 elapsed=2566s
progress: nodes=26,790,000,000 tested=1 found=0 n=335011981351634821588497 elapsed=2567s
progress: nodes=26,800,000,000 tested=1 found=0 n=423910703203734356202021 elapsed=2568s
progress: nodes=26,810,000,000 tested=1 found=0 n=826225470946417537015449 elapsed=2569s
progress: nodes=26,820,000,000 tested=1 found=0 n=838210134467778366636771 elapsed=2570s
progress: nodes=26,830,000,000 tested=1 found=0 n=492583798482090016352079 elapsed=2571s
progress: nodes=26,840,000,000 tested=1 found=0 n=396628786004495297498817 elapsed=2572s
progress: nodes=26,850,000,000 tested=1 found=0 n=689539414037619784139787 elapsed=2573s
progress: nodes=26,860,000,000 tested=1 found=0 n=694441706591283619254429 elapsed=2575s
progress: nodes=26,870,000,000 tested=1 found=0 n=172251693885334849810167 elapsed=2576s
progress: nodes=26,880,000,000 tested=1 found=0 n=276092842202552526295287 elapsed=2577s
progress: nodes=26,890,000,000 tested=1 found=0 n=370153306258724239658979 elapsed=2577s
progress: nodes=26,900,000,000 tested=1 found=0 n=547647345974818832666781 elapsed=2578s
progress: nodes=26,910,000,000 tested=1 found=0 n=807980560627490801472207 elapsed=2579s
progress: nodes=26,920,000,000 tested=1 found=0 n=415538757281939275778079 elapsed=2580s
progress: nodes=26,930,000,000 tested=1 found=0 n=841432138043645974690293 elapsed=2581s
progress: nodes=26,940,000,000 tested=1 found=0 n=180852829425256974916359 elapsed=2582s
progress: nodes=26,950,000,000 tested=1 found=0 n=103469147695343537266731 elapsed=2583s
progress: nodes=26,960,000,000 tested=1 found=0 n=124937480240917103428383 elapsed=2583s
progress: nodes=26,970,000,000 tested=1 found=0 n=29583002305192874519553 elapsed=2584s
progress: nodes=26,980,000,000 tested=1 found=0 n=123344244027739437566721 elapsed=2585s
progress: nodes=26,990,000,000 tested=1 found=0 n=561610785706304957405211 elapsed=2586s
progress: nodes=27,000,000,000 tested=1 found=0 n=207373671903444543687333 elapsed=2587s
progress: nodes=27,010,000,000 tested=1 found=0 n=26824595039045508307317 elapsed=2588s
progress: nodes=27,020,000,000 tested=1 found=0 n=277567147190461140090507 elapsed=2589s
progress: nodes=27,030,000,000 tested=1 found=0 n=16072928469582285423837 elapsed=2590s
progress: nodes=27,040,000,000 tested=1 found=0 n=863446830079972831947111 elapsed=2590s
progress: nodes=27,050,000,000 tested=1 found=0 n=96808285397811853648497 elapsed=2591s
progress: nodes=27,060,000,000 tested=1 found=0 n=69229056241024921759089 elapsed=2592s
progress: nodes=27,070,000,000 tested=1 found=0 n=240992954203312085019531 elapsed=2593s
progress: nodes=27,080,000,000 tested=1 found=0 n=696318669016378034299959 elapsed=2594s
progress: nodes=27,090,000,000 tested=1 found=0 n=513222339402055419589167 elapsed=2595s
progress: nodes=27,100,000,000 tested=1 found=0 n=714142164198591783835323 elapsed=2596s
progress: nodes=27,110,000,000 tested=1 found=0 n=390038522043647397595389 elapsed=2597s
progress: nodes=27,120,000,000 tested=1 found=0 n=896194561214371316603277 elapsed=2598s
progress: nodes=27,130,000,000 tested=1 found=0 n=453922190008911516176427 elapsed=2599s
progress: nodes=27,140,000,000 tested=1 found=0 n=376089374037652709439291 elapsed=2600s
progress: nodes=27,150,000,000 tested=1 found=0 n=179020944000403684978227 elapsed=2601s
progress: nodes=27,160,000,000 tested=1 found=0 n=312031690387374687037737 elapsed=2602s
progress: nodes=27,170,000,000 tested=1 found=0 n=983805824611098890905647 elapsed=2602s
progress: nodes=27,180,000,000 tested=1 found=0 n=20147417095793871942201 elapsed=2603s
progress: nodes=27,190,000,000 tested=1 found=0 n=639617522211753092533383 elapsed=2604s
progress: nodes=27,200,000,000 tested=1 found=0 n=767585546669884410704379 elapsed=2605s
progress: nodes=27,210,000,000 tested=1 found=0 n=246924482862966470625921 elapsed=2606s
progress: nodes=27,220,000,000 tested=1 found=0 n=94465652581558645134891 elapsed=2607s
progress: nodes=27,230,000,000 tested=1 found=0 n=270011521269315454272501 elapsed=2608s
progress: nodes=27,240,000,000 tested=1 found=0 n=654253340307262110593607 elapsed=2609s
progress: nodes=27,250,000,000 tested=1 found=0 n=409285903365734282589273 elapsed=2610s
progress: nodes=27,260,000,000 tested=1 found=0 n=481937430925182691753437 elapsed=2611s
progress: nodes=27,270,000,000 tested=1 found=0 n=821644672892694639991431 elapsed=2612s
progress: nodes=27,280,000,000 tested=1 found=0 n=141366725474127341844513 elapsed=2613s
progress: nodes=27,290,000,000 tested=1 found=0 n=645274688627056887982869 elapsed=2614s
progress: nodes=27,300,000,000 tested=1 found=0 n=954027312696505462761489 elapsed=2615s
progress: nodes=27,310,000,000 tested=1 found=0 n=80684328357414161667573 elapsed=2616s
progress: nodes=27,320,000,000 tested=1 found=0 n=432829588331729390772399 elapsed=2617s
progress: nodes=27,330,000,000 tested=1 found=0 n=446669924685725429856453 elapsed=2618s
progress: nodes=27,340,000,000 tested=1 found=0 n=327219646595333652367779 elapsed=2619s
progress: nodes=27,350,000,000 tested=1 found=0 n=391274314903634375636709 elapsed=2620s
progress: nodes=27,360,000,000 tested=1 found=0 n=595954808603652438346263 elapsed=2621s
progress: nodes=27,370,000,000 tested=1 found=0 n=97979955190911915443751 elapsed=2622s
progress: nodes=27,380,000,000 tested=1 found=0 n=165395742144134265585393 elapsed=2623s
progress: nodes=27,390,000,000 tested=1 found=0 n=85073714952769122586149 elapsed=2624s
progress: nodes=27,400,000,000 tested=1 found=0 n=51993048156602538202503 elapsed=2625s
progress: nodes=27,410,000,000 tested=1 found=0 n=272595021327593752463247 elapsed=2626s
progress: nodes=27,420,000,000 tested=1 found=0 n=196877058613030290013233 elapsed=2627s
progress: nodes=27,430,000,000 tested=1 found=0 n=11743538719084873142871 elapsed=2628s
progress: nodes=27,440,000,000 tested=1 found=0 n=975276058974959379388179 elapsed=2629s
progress: nodes=27,450,000,000 tested=1 found=0 n=509548281800898865182801 elapsed=2630s
progress: nodes=27,460,000,000 tested=1 found=0 n=140154536458839623420271 elapsed=2631s
progress: nodes=27,470,000,000 tested=1 found=0 n=656626465813516619186337 elapsed=2632s
progress: nodes=27,480,000,000 tested=1 found=0 n=871325656987751603355003 elapsed=2633s
progress: nodes=27,490,000,000 tested=1 found=0 n=1807377941507958842451 elapsed=2634s
progress: nodes=27,500,000,000 tested=1 found=0 n=441196525478560992456459 elapsed=2634s
progress: nodes=27,510,000,000 tested=1 found=0 n=665110192230059191162833 elapsed=2635s
progress: nodes=27,520,000,000 tested=1 found=0 n=673829033004459546770127 elapsed=2636s
progress: nodes=27,530,000,000 tested=1 found=0 n=215199441997166329097109 elapsed=2637s
progress: nodes=27,540,000,000 tested=1 found=0 n=742392007586333663662389 elapsed=2638s
progress: nodes=27,550,000,000 tested=1 found=0 n=640900449963519663183123 elapsed=2639s
progress: nodes=27,560,000,000 tested=1 found=0 n=371764373697653545235913 elapsed=2640s
progress: nodes=27,570,000,000 tested=1 found=0 n=6893110922136509015517 elapsed=2641s
progress: nodes=27,580,000,000 tested=1 found=0 n=461162282198219867973279 elapsed=2642s
progress: nodes=27,590,000,000 tested=1 found=0 n=884189452130599979238303 elapsed=2643s
progress: nodes=27,600,000,000 tested=1 found=0 n=113764487039778631445961 elapsed=2644s
progress: nodes=27,610,000,000 tested=1 found=0 n=828540807315687839612811 elapsed=2645s
progress: nodes=27,620,000,000 tested=1 found=0 n=944161478351110253498979 elapsed=2646s
progress: nodes=27,630,000,000 tested=1 found=0 n=181519139401422854986383 elapsed=2647s
progress: nodes=27,640,000,000 tested=1 found=0 n=727678622323379995063653 elapsed=2648s
progress: nodes=27,650,000,000 tested=1 found=0 n=280937439553286163263187 elapsed=2649s
progress: nodes=27,660,000,000 tested=1 found=0 n=98486437927140679291161 elapsed=2650s
progress: nodes=27,670,000,000 tested=1 found=0 n=501468950927380026865989 elapsed=2651s
progress: nodes=27,680,000,000 tested=1 found=0 n=190395713920749345362211 elapsed=2652s
progress: nodes=27,690,000,000 tested=1 found=0 n=611738071699773723336489 elapsed=2653s
progress: nodes=27,700,000,000 tested=1 found=0 n=143189072942803816662591 elapsed=2654s
progress: nodes=27,710,000,000 tested=1 found=0 n=86743738333511822932941 elapsed=2655s
progress: nodes=27,720,000,000 tested=1 found=0 n=527236213069131771254907 elapsed=2656s
progress: nodes=27,730,000,000 tested=1 found=0 n=251229381725575330299651 elapsed=2657s
progress: nodes=27,740,000,000 tested=1 found=0 n=325374153410858380012041 elapsed=2658s
progress: nodes=27,750,000,000 tested=1 found=0 n=995759549884829945084727 elapsed=2659s
progress: nodes=27,760,000,000 tested=1 found=0 n=132965662256701215011499 elapsed=2660s
progress: nodes=27,770,000,000 tested=1 found=0 n=162282405960489699592851 elapsed=2661s
progress: nodes=27,780,000,000 tested=1 found=0 n=588453357321961437816939 elapsed=2662s
progress: nodes=27,790,000,000 tested=1 found=0 n=715387567332021963100293 elapsed=2663s
progress: nodes=27,800,000,000 tested=1 found=0 n=14499435796105272416547 elapsed=2664s
progress: nodes=27,810,000,000 tested=1 found=0 n=302330650203995639435781 elapsed=2665s
progress: nodes=27,820,000,000 tested=1 found=0 n=327861562213743097368543 elapsed=2666s
progress: nodes=27,830,000,000 tested=1 found=0 n=633758797124207830920273 elapsed=2667s
progress: nodes=27,840,000,000 tested=1 found=0 n=945234046481110501337079 elapsed=2668s
progress: nodes=27,850,000,000 tested=1 found=0 n=472084618592734533765951 elapsed=2669s
progress: nodes=27,860,000,000 tested=1 found=0 n=393389251304058208579809 elapsed=2670s
progress: nodes=27,870,000,000 tested=1 found=0 n=65397772121565481220337 elapsed=2671s
progress: nodes=27,880,000,000 tested=1 found=0 n=885015431177361978406341 elapsed=2672s
progress: nodes=27,890,000,000 tested=1 found=0 n=992352200092565095022811 elapsed=2673s
progress: nodes=27,900,000,000 tested=1 found=0 n=412242535003935681211881 elapsed=2674s
progress: nodes=27,910,000,000 tested=1 found=0 n=866812286313758085761031 elapsed=2675s
progress: nodes=27,920,000,000 tested=1 found=0 n=188957660513154593214297 elapsed=2676s
progress: nodes=27,930,000,000 tested=1 found=0 n=19754411569225128492411 elapsed=2677s
progress: nodes=27,940,000,000 tested=1 found=0 n=795416410746475888181097 elapsed=2678s
progress: nodes=27,950,000,000 tested=1 found=0 n=442523281570425297557601 elapsed=2679s
progress: nodes=27,960,000,000 tested=1 found=0 n=931936898341893904381779 elapsed=2680s
progress: nodes=27,970,000,000 tested=1 found=0 n=34643166522258686592057 elapsed=2681s
progress: nodes=27,980,000,000 tested=1 found=0 n=110688361889223171012531 elapsed=2682s
progress: nodes=27,990,000,000 tested=1 found=0 n=70918940789985563599467 elapsed=2683s
progress: nodes=28,000,000,000 tested=1 found=0 n=34632035324620326897447 elapsed=2684s
progress: nodes=28,010,000,000 tested=1 found=0 n=16108466228000247648261 elapsed=2685s
progress: nodes=28,020,000,000 tested=1 found=0 n=39568073771372154472893 elapsed=2686s
progress: nodes=28,030,000,000 tested=1 found=0 n=400814829809648477587221 elapsed=2687s
progress: nodes=28,040,000,000 tested=1 found=0 n=175788105985841898913221 elapsed=2688s
progress: nodes=28,050,000,000 tested=1 found=0 n=67924286452042199323287 elapsed=2689s
progress: nodes=28,060,000,000 tested=1 found=0 n=960130791248417248822791 elapsed=2690s
progress: nodes=28,070,000,000 tested=1 found=0 n=595265296281782861365917 elapsed=2691s
progress: nodes=28,080,000,000 tested=1 found=0 n=136408640108639315029899 elapsed=2692s
progress: nodes=28,090,000,000 tested=1 found=0 n=754760292470571423245781 elapsed=2693s
progress: nodes=28,100,000,000 tested=1 found=0 n=74727266061584236197669 elapsed=2694s
progress: nodes=28,110,000,000 tested=1 found=0 n=847324637647400820015537 elapsed=2695s
progress: nodes=28,120,000,000 tested=1 found=0 n=511227153995756066980683 elapsed=2696s
progress: nodes=28,130,000,000 tested=1 found=0 n=997863190309625120014677 elapsed=2697s
progress: nodes=28,140,000,000 tested=1 found=0 n=135767116721764938119853 elapsed=2698s
progress: nodes=28,150,000,000 tested=1 found=0 n=150137196809535886769247 elapsed=2699s
progress: nodes=28,160,000,000 tested=1 found=0 n=18984770821245050889639 elapsed=2701s
progress: nodes=28,170,000,000 tested=1 found=0 n=6668517780323826158589 elapsed=2702s
progress: nodes=28,180,000,000 tested=1 found=0 n=901968363994455354338313 elapsed=2702s
progress: nodes=28,190,000,000 tested=1 found=0 n=171087744368689554944967 elapsed=2703s
progress: nodes=28,200,000,000 tested=1 found=0 n=408872718982825122811929 elapsed=2705s
progress: nodes=28,210,000,000 tested=1 found=0 n=738185323060161649418889 elapsed=2706s
progress: nodes=28,220,000,000 tested=1 found=0 n=427583954126308029467703 elapsed=2707s
progress: nodes=28,230,000,000 tested=1 found=0 n=272549415378345992552523 elapsed=2708s
progress: nodes=28,240,000,000 tested=1 found=0 n=33020832894931777723113 elapsed=2709s
progress: nodes=28,250,000,000 tested=1 found=0 n=960443988643285417539411 elapsed=2710s
progress: nodes=28,260,000,000 tested=1 found=0 n=162351048827701785186993 elapsed=2711s
progress: nodes=28,270,000,000 tested=1 found=0 n=938431564283465783305203 elapsed=2712s
progress: nodes=28,280,000,000 tested=1 found=0 n=813002158709331389781411 elapsed=2713s
progress: nodes=28,290,000,000 tested=1 found=0 n=698229481455688619981973 elapsed=2714s
progress: nodes=28,300,000,000 tested=1 found=0 n=1934112024139655460243 elapsed=2715s
progress: nodes=28,310,000,000 tested=1 found=0 n=45789579393620133189261 elapsed=2716s
progress: nodes=28,320,000,000 tested=1 found=0 n=98676082229099991548361 elapsed=2717s
progress: nodes=28,330,000,000 tested=1 found=0 n=339831903231552519321963 elapsed=2718s
progress: nodes=28,340,000,000 tested=1 found=0 n=810800400607705760603637 elapsed=2719s
progress: nodes=28,350,000,000 tested=1 found=0 n=130407797249027696391279 elapsed=2720s
progress: nodes=28,360,000,000 tested=1 found=0 n=180162388100193765278727 elapsed=2721s
progress: nodes=28,370,000,000 tested=1 found=0 n=6572866105149235216611 elapsed=2722s
progress: nodes=28,380,000,000 tested=1 found=0 n=8363891535414552320469 elapsed=2723s
progress: nodes=28,390,000,000 tested=1 found=0 n=791118775350952606988859 elapsed=2724s
progress: nodes=28,400,000,000 tested=1 found=0 n=474807687369371684028129 elapsed=2725s
progress: nodes=28,410,000,000 tested=1 found=0 n=3378920245654704466287 elapsed=2725s
progress: nodes=28,420,000,000 tested=1 found=0 n=879766159134376834975083 elapsed=2726s
progress: nodes=28,430,000,000 tested=1 found=0 n=300758395284857630091543 elapsed=2727s
progress: nodes=28,440,000,000 tested=1 found=0 n=599066237916058014830013 elapsed=2728s
progress: nodes=28,450,000,000 tested=1 found=0 n=657620601109561394340321 elapsed=2729s
progress: nodes=28,460,000,000 tested=1 found=0 n=144427631347693563607023 elapsed=2730s
progress: nodes=28,470,000,000 tested=1 found=0 n=131298749234722903904499 elapsed=2731s
progress: nodes=28,480,000,000 tested=1 found=0 n=856348023618261097827189 elapsed=2732s
progress: nodes=28,490,000,000 tested=1 found=0 n=528033376571045630748177 elapsed=2733s
progress: nodes=28,500,000,000 tested=1 found=0 n=264826666514701683970149 elapsed=2734s
progress: nodes=28,510,000,000 tested=1 found=0 n=430197607462588994976519 elapsed=2735s
progress: nodes=28,520,000,000 tested=1 found=0 n=2312044706145222776013 elapsed=2736s
progress: nodes=28,530,000,000 tested=1 found=0 n=351365613896465141871183 elapsed=2737s
progress: nodes=28,540,000,000 tested=1 found=0 n=404533378000610493019671 elapsed=2738s
progress: nodes=28,550,000,000 tested=1 found=0 n=227567338325040999980409 elapsed=2739s
progress: nodes=28,560,000,000 tested=1 found=0 n=99978835453292061597903 elapsed=2740s
progress: nodes=28,570,000,000 tested=1 found=0 n=246532133097296441069961 elapsed=2741s
progress: nodes=28,580,000,000 tested=1 found=0 n=867531528999305182695111 elapsed=2742s
progress: nodes=28,590,000,000 tested=1 found=0 n=414520120117474443403617 elapsed=2743s
progress: nodes=28,600,000,000 tested=1 found=0 n=601950617780719477378251 elapsed=2744s
progress: nodes=28,610,000,000 tested=1 found=0 n=520042291265530861959417 elapsed=2745s
progress: nodes=28,620,000,000 tested=1 found=0 n=503191744750700902463853 elapsed=2746s
progress: nodes=28,630,000,000 tested=1 found=0 n=475715603090645031482511 elapsed=2747s
progress: nodes=28,640,000,000 tested=1 found=0 n=58317002036278625502291 elapsed=2748s
progress: nodes=28,650,000,000 tested=1 found=0 n=338605352912552655454239 elapsed=2749s
progress: nodes=28,660,000,000 tested=1 found=0 n=190555916630062074767247 elapsed=2750s
progress: nodes=28,670,000,000 tested=1 found=0 n=934080699628534059816357 elapsed=2751s
progress: nodes=28,680,000,000 tested=1 found=0 n=146054990158839868388997 elapsed=2752s
progress: nodes=28,690,000,000 tested=1 found=0 n=51590173944935271966177 elapsed=2753s
progress: nodes=28,700,000,000 tested=1 found=0 n=352263541221142559360781 elapsed=2754s
progress: nodes=28,710,000,000 tested=1 found=0 n=133978723928415202076097 elapsed=2755s
progress: nodes=28,720,000,000 tested=1 found=0 n=109923830585108129157711 elapsed=2756s
progress: nodes=28,730,000,000 tested=1 found=0 n=93418809070287080223129 elapsed=2757s
progress: nodes=28,740,000,000 tested=1 found=0 n=329039034768389194516839 elapsed=2758s
progress: nodes=28,750,000,000 tested=1 found=0 n=14666410250893438221327 elapsed=2759s
progress: nodes=28,760,000,000 tested=1 found=0 n=950106986630166606960147 elapsed=2760s
progress: nodes=28,770,000,000 tested=1 found=0 n=969081437934642792821919 elapsed=2761s
progress: nodes=28,780,000,000 tested=1 found=0 n=171874904610001665075861 elapsed=2762s
progress: nodes=28,790,000,000 tested=1 found=0 n=718786454671026862173339 elapsed=2763s
progress: nodes=28,800,000,000 tested=1 found=0 n=598421938361163806186583 elapsed=2764s
progress: nodes=28,810,000,000 tested=1 found=0 n=957644510603860505002863 elapsed=2765s
progress: nodes=28,820,000,000 tested=1 found=0 n=361529100469655641603509 elapsed=2766s
progress: nodes=28,830,000,000 tested=1 found=0 n=73532044660426071373797 elapsed=2767s
progress: nodes=28,840,000,000 tested=1 found=0 n=694896462664788003842937 elapsed=2768s
progress: nodes=28,850,000,000 tested=1 found=0 n=55017499117320379324113 elapsed=2769s
progress: nodes=28,860,000,000 tested=1 found=0 n=288476315564326655762139 elapsed=2770s
progress: nodes=28,870,000,000 tested=1 found=0 n=167192675266086211027143 elapsed=2771s
progress: nodes=28,880,000,000 tested=1 found=0 n=701067204733759526010777 elapsed=2772s
progress: nodes=28,890,000,000 tested=1 found=0 n=954912189077844561993 elapsed=2773s
progress: nodes=28,900,000,000 tested=1 found=0 n=87321212163639631486023 elapsed=2774s
progress: nodes=28,910,000,000 tested=1 found=0 n=321457459398421839035829 elapsed=2775s
progress: nodes=28,920,000,000 tested=1 found=0 n=699700942141224373417353 elapsed=2776s
progress: nodes=28,930,000,000 tested=1 found=0 n=287246787639434666888559 elapsed=2777s
progress: nodes=28,940,000,000 tested=1 found=0 n=387088062835241017052517 elapsed=2778s
progress: nodes=28,950,000,000 tested=1 found=0 n=832141335311148656323959 elapsed=2779s
progress: nodes=28,960,000,000 tested=1 found=0 n=480401178990956439701199 elapsed=2780s
progress: nodes=28,970,000,000 tested=1 found=0 n=349183184939044056505047 elapsed=2781s
progress: nodes=28,980,000,000 tested=1 found=0 n=710175788835615326835897 elapsed=2782s
progress: nodes=28,990,000,000 tested=1 found=0 n=322693598315997341695977 elapsed=2783s
progress: nodes=29,000,000,000 tested=1 found=0 n=998996110827593723680407 elapsed=2784s
progress: nodes=29,010,000,000 tested=1 found=0 n=79889931108494498976699 elapsed=2785s
progress: nodes=29,020,000,000 tested=1 found=0 n=605876863506187163897721 elapsed=2786s
progress: nodes=29,030,000,000 tested=1 found=0 n=330947451440818974561657 elapsed=2787s
progress: nodes=29,040,000,000 tested=1 found=0 n=239449381839969503623707 elapsed=2788s
progress: nodes=29,050,000,000 tested=1 found=0 n=3090330085164723066237 elapsed=2789s
progress: nodes=29,060,000,000 tested=1 found=0 n=886555281720402622061877 elapsed=2790s
progress: nodes=29,070,000,000 tested=1 found=0 n=467890487857490328768423 elapsed=2791s
progress: nodes=29,080,000,000 tested=1 found=0 n=222364168857867712448487 elapsed=2792s
progress: nodes=29,090,000,000 tested=1 found=0 n=420137251554246216090243 elapsed=2793s
progress: nodes=29,100,000,000 tested=1 found=0 n=89552930391329268049329 elapsed=2794s
progress: nodes=29,110,000,000 tested=1 found=0 n=708881592224202818803239 elapsed=2795s
progress: nodes=29,120,000,000 tested=1 found=0 n=8956286653223158206243 elapsed=2796s
progress: nodes=29,130,000,000 tested=1 found=0 n=852477619650103223748543 elapsed=2797s
progress: nodes=29,140,000,000 tested=1 found=0 n=30294800107257065704467 elapsed=2798s
progress: nodes=29,150,000,000 tested=1 found=0 n=118335838022280913072467 elapsed=2799s
progress: nodes=29,160,000,000 tested=1 found=0 n=757661735562426466756413 elapsed=2800s
progress: nodes=29,170,000,000 tested=1 found=0 n=564860965399041987157053 elapsed=2801s
progress: nodes=29,180,000,000 tested=1 found=0 n=232644900176112218104167 elapsed=2802s
progress: nodes=29,190,000,000 tested=1 found=0 n=169986223786237395575181 elapsed=2803s
progress: nodes=29,200,000,000 tested=1 found=0 n=844086908241687727358313 elapsed=2804s
progress: nodes=29,210,000,000 tested=1 found=0 n=354991916961271896204327 elapsed=2804s
progress: nodes=29,220,000,000 tested=1 found=0 n=490482549383600752312191 elapsed=2805s
progress: nodes=29,230,000,000 tested=1 found=0 n=609913533446195936340669 elapsed=2806s
progress: nodes=29,240,000,000 tested=1 found=0 n=203689972771982600073027 elapsed=2807s
progress: nodes=29,250,000,000 tested=1 found=0 n=52497349961182050478983 elapsed=2808s
progress: nodes=29,260,000,000 tested=1 found=0 n=809523832330501504174101 elapsed=2809s
progress: nodes=29,270,000,000 tested=1 found=0 n=70652056700091767320563 elapsed=2810s
progress: nodes=29,280,000,000 tested=1 found=0 n=102081440316132844340631 elapsed=2811s
progress: nodes=29,290,000,000 tested=1 found=0 n=570428774431673795917851 elapsed=2812s
progress: nodes=29,300,000,000 tested=1 found=0 n=60518134041560331308601 elapsed=2813s
progress: nodes=29,310,000,000 tested=1 found=0 n=91426416776325376674357 elapsed=2814s
progress: nodes=29,320,000,000 tested=1 found=0 n=704876750517513650538891 elapsed=2815s
progress: nodes=29,330,000,000 tested=1 found=0 n=598844938288121615023791 elapsed=2816s
progress: nodes=29,340,000,000 tested=1 found=0 n=378131572045625323265769 elapsed=2817s
progress: nodes=29,350,000,000 tested=1 found=0 n=812436147064564686872637 elapsed=2818s
progress: nodes=29,360,000,000 tested=1 found=0 n=54603293420925490123311 elapsed=2819s
progress: nodes=29,370,000,000 tested=1 found=0 n=22597642993243100154801 elapsed=2820s
progress: nodes=29,380,000,000 tested=1 found=0 n=791752980577286289115983 elapsed=2821s
progress: nodes=29,390,000,000 tested=1 found=0 n=12390102986218597459677 elapsed=2822s
progress: nodes=29,400,000,000 tested=1 found=0 n=22847561054548582137357 elapsed=2823s
progress: nodes=29,410,000,000 tested=1 found=0 n=183966151483469679544077 elapsed=2824s
progress: nodes=29,420,000,000 tested=1 found=0 n=215897542089440427547617 elapsed=2825s
progress: nodes=29,430,000,000 tested=1 found=0 n=496223219927822729048421 elapsed=2826s
progress: nodes=29,440,000,000 tested=1 found=0 n=732095844032978109287031 elapsed=2827s
progress: nodes=29,450,000,000 tested=1 found=0 n=670481063595513957021807 elapsed=2828s
progress: nodes=29,460,000,000 tested=1 found=0 n=812102515338245998728147 elapsed=2829s
progress: nodes=29,470,000,000 tested=1 found=0 n=808614257722152343273383 elapsed=2830s
progress: nodes=29,480,000,000 tested=1 found=0 n=679710101351955187089147 elapsed=2831s
progress: nodes=29,490,000,000 tested=1 found=0 n=561311622656598102865719 elapsed=2832s
progress: nodes=29,500,000,000 tested=1 found=0 n=25486957346947948404267 elapsed=2833s
progress: nodes=29,510,000,000 tested=1 found=0 n=263392234063773291520329 elapsed=2834s
progress: nodes=29,520,000,000 tested=1 found=0 n=590003253481702489143 elapsed=2834s
progress: nodes=29,530,000,000 tested=1 found=0 n=27634664174340493663107 elapsed=2835s
progress: nodes=29,540,000,000 tested=1 found=0 n=17837587704888074733753 elapsed=2836s
progress: nodes=29,550,000,000 tested=1 found=0 n=73350049396377598537407 elapsed=2837s
progress: nodes=29,560,000,000 tested=1 found=0 n=852971731147687821556029 elapsed=2838s
progress: nodes=29,570,000,000 tested=1 found=0 n=98910909363850858791231 elapsed=2839s
progress: nodes=29,580,000,000 tested=1 found=0 n=2901367528645055665767 elapsed=2840s
progress: nodes=29,590,000,000 tested=1 found=0 n=352128622153843185174381 elapsed=2841s
progress: nodes=29,600,000,000 tested=1 found=0 n=915215941684022988876009 elapsed=2842s
progress: nodes=29,610,000,000 tested=1 found=0 n=4828875614199538071027 elapsed=2843s
progress: nodes=29,620,000,000 tested=1 found=0 n=926895655484743983219753 elapsed=2844s
progress: nodes=29,630,000,000 tested=1 found=0 n=46247445699438931311507 elapsed=2845s
progress: nodes=29,640,000,000 tested=1 found=0 n=40340011804348228289889 elapsed=2846s
progress: nodes=29,650,000,000 tested=1 found=0 n=731925225355928108662443 elapsed=2847s
progress: nodes=29,660,000,000 tested=1 found=0 n=39323752594133532534867 elapsed=2848s
progress: nodes=29,670,000,000 tested=1 found=0 n=548401572898507150625517 elapsed=2849s
progress: nodes=29,680,000,000 tested=1 found=0 n=583557189644078585275197 elapsed=2849s
progress: nodes=29,690,000,000 tested=1 found=0 n=22458416554144524203679 elapsed=2850s
progress: nodes=29,700,000,000 tested=1 found=0 n=92778231873496294377681 elapsed=2851s
progress: nodes=29,710,000,000 tested=1 found=0 n=286310321444176211431821 elapsed=2852s
progress: nodes=29,720,000,000 tested=1 found=0 n=8208054652212323195001 elapsed=2853s
progress: nodes=29,730,000,000 tested=1 found=0 n=51147719462794939542987 elapsed=2854s
progress: nodes=29,740,000,000 tested=1 found=0 n=781970658551864448069117 elapsed=2855s
progress: nodes=29,750,000,000 tested=1 found=0 n=412293227380220763281991 elapsed=2856s
progress: nodes=29,760,000,000 tested=1 found=0 n=278020494836694591297459 elapsed=2857s
progress: nodes=29,770,000,000 tested=1 found=0 n=127024346642398704254613 elapsed=2858s
progress: nodes=29,780,000,000 tested=1 found=0 n=734379007882016077273407 elapsed=2859s
progress: nodes=29,790,000,000 tested=1 found=0 n=683560104825303795161787 elapsed=2860s
progress: nodes=29,800,000,000 tested=1 found=0 n=995338959306420466466157 elapsed=2861s
progress: nodes=29,810,000,000 tested=1 found=0 n=313877703037270942585587 elapsed=2862s
progress: nodes=29,820,000,000 tested=1 found=0 n=408167603198733101729577 elapsed=2863s
progress: nodes=29,830,000,000 tested=1 found=0 n=46739945332078550266143 elapsed=2864s
progress: nodes=29,840,000,000 tested=1 found=0 n=697307138763342300667617 elapsed=2865s
progress: nodes=29,850,000,000 tested=1 found=0 n=782142225483511314530823 elapsed=2866s
progress: nodes=29,860,000,000 tested=1 found=0 n=753799847191166607015327 elapsed=2867s
progress: nodes=29,870,000,000 tested=1 found=0 n=821241767792572318378329 elapsed=2868s
progress: nodes=29,880,000,000 tested=1 found=0 n=832537014769305459212313 elapsed=2869s
progress: nodes=29,890,000,000 tested=1 found=0 n=329683319919084590392791 elapsed=2870s
progress: nodes=29,900,000,000 tested=1 found=0 n=208661484533963956993641 elapsed=2871s
progress: nodes=29,910,000,000 tested=1 found=0 n=294484825683651840577197 elapsed=2872s
progress: nodes=29,920,000,000 tested=1 found=0 n=292443863991214541609289 elapsed=2873s
progress: nodes=29,930,000,000 tested=1 found=0 n=396900530425180796188317 elapsed=2874s
progress: nodes=29,940,000,000 tested=1 found=0 n=479656435717473331274529 elapsed=2875s
progress: nodes=29,950,000,000 tested=1 found=0 n=468622621230249610485933 elapsed=2876s
progress: nodes=29,960,000,000 tested=1 found=0 n=999808160878206079284027 elapsed=2877s
progress: nodes=29,970,000,000 tested=1 found=0 n=796654859336246811065451 elapsed=2878s
progress: nodes=29,980,000,000 tested=1 found=0 n=422735676521356106338287 elapsed=2879s
progress: nodes=29,990,000,000 tested=1 found=0 n=598598807562580764092439 elapsed=2879s
progress: nodes=30,000,000,000 tested=1 found=0 n=646094856222280943153247 elapsed=2880s
progress: nodes=30,010,000,000 tested=1 found=0 n=922939180133151291142461 elapsed=2881s
progress: nodes=30,020,000,000 tested=1 found=0 n=138703637903751875630247 elapsed=2882s
progress: nodes=30,030,000,000 tested=1 found=0 n=20534610829283907814887 elapsed=2883s
progress: nodes=30,040,000,000 tested=1 found=0 n=735705184275185532910359 elapsed=2884s
progress: nodes=30,050,000,000 tested=1 found=0 n=66204960153971455176789 elapsed=2885s
progress: nodes=30,060,000,000 tested=1 found=0 n=863175748478308815730323 elapsed=2886s
progress: nodes=30,070,000,000 tested=1 found=0 n=35922110437413958741269 elapsed=2887s
progress: nodes=30,080,000,000 tested=1 found=0 n=147580118298382933144839 elapsed=2888s
progress: nodes=30,090,000,000 tested=1 found=0 n=327769352519240997951729 elapsed=2889s
progress: nodes=30,100,000,000 tested=1 found=0 n=52472142022449523181379 elapsed=2890s
progress: nodes=30,110,000,000 tested=1 found=0 n=491924852965125405037641 elapsed=2891s
progress: nodes=30,120,000,000 tested=1 found=0 n=768239908559370849777747 elapsed=2892s
progress: nodes=30,130,000,000 tested=1 found=0 n=116668494186221766171669 elapsed=2893s
progress: nodes=30,140,000,000 tested=1 found=0 n=172130041530605941277781 elapsed=2894s
progress: nodes=30,150,000,000 tested=1 found=0 n=920083510553062210849923 elapsed=2895s
progress: nodes=30,160,000,000 tested=1 found=0 n=774148459885720380837519 elapsed=2896s
progress: nodes=30,170,000,000 tested=1 found=0 n=478259420908154666736813 elapsed=2897s
progress: nodes=30,180,000,000 tested=1 found=0 n=7499766321960285525009 elapsed=2898s
progress: nodes=30,190,000,000 tested=1 found=0 n=724517333016011320929 elapsed=2899s
progress: nodes=30,200,000,000 tested=1 found=0 n=32660772110917507605477 elapsed=2900s
progress: nodes=30,210,000,000 tested=1 found=0 n=637194080649105137378649 elapsed=2901s
progress: nodes=30,220,000,000 tested=1 found=0 n=5311956334114562472483 elapsed=2902s
progress: nodes=30,230,000,000 tested=1 found=0 n=885361751044048206421779 elapsed=2903s
progress: nodes=30,240,000,000 tested=1 found=0 n=190037228728247511402363 elapsed=2904s
progress: nodes=30,250,000,000 tested=1 found=0 n=662063720942036980182759 elapsed=2905s
progress: nodes=30,260,000,000 tested=1 found=0 n=503104981159143960403521 elapsed=2906s
progress: nodes=30,270,000,000 tested=1 found=0 n=160484545292598294013389 elapsed=2907s
progress: nodes=30,280,000,000 tested=1 found=0 n=550161774754442503927989 elapsed=2908s
progress: nodes=30,290,000,000 tested=1 found=0 n=775075297634888612634987 elapsed=2909s
progress: nodes=30,300,000,000 tested=1 found=0 n=16943280414422847152811 elapsed=2910s
progress: nodes=30,310,000,000 tested=1 found=0 n=9964042284788468667219 elapsed=2911s
progress: nodes=30,320,000,000 tested=1 found=0 n=509814126227465251025691 elapsed=2912s
progress: nodes=30,330,000,000 tested=1 found=0 n=825593059802280601659399 elapsed=2913s
progress: nodes=30,340,000,000 tested=1 found=0 n=837202957851852279701871 elapsed=2914s
progress: nodes=30,350,000,000 tested=1 found=0 n=803712243487682284778451 elapsed=2914s
progress: nodes=30,360,000,000 tested=1 found=0 n=922532926449031128532587 elapsed=2915s
progress: nodes=30,370,000,000 tested=1 found=0 n=741713604395770815281187 elapsed=2916s
progress: nodes=30,380,000,000 tested=1 found=0 n=901198806441321896581359 elapsed=2917s
progress: nodes=30,390,000,000 tested=1 found=0 n=175338719842826114409549 elapsed=2918s
progress: nodes=30,400,000,000 tested=1 found=0 n=842828871258027169190103 elapsed=2919s
progress: nodes=30,410,000,000 tested=1 found=0 n=697205515640941583985423 elapsed=2920s
progress: nodes=30,420,000,000 tested=1 found=0 n=397468412110331941223559 elapsed=2921s
progress: nodes=30,430,000,000 tested=1 found=0 n=523593988931029037052603 elapsed=2922s
progress: nodes=30,440,000,000 tested=1 found=0 n=835614434294838754413 elapsed=2923s
progress: nodes=30,450,000,000 tested=1 found=0 n=672354299544383545581063 elapsed=2924s
progress: nodes=30,460,000,000 tested=1 found=0 n=762920464479520675596411 elapsed=2925s
progress: nodes=30,470,000,000 tested=1 found=0 n=810851056623539555053287 elapsed=2926s
progress: nodes=30,480,000,000 tested=1 found=0 n=2385085731844721463987 elapsed=2927s
progress: nodes=30,490,000,000 tested=1 found=0 n=220753396992566070117771 elapsed=2928s
progress: nodes=30,500,000,000 tested=1 found=0 n=686169443611590275438673 elapsed=2929s
progress: nodes=30,510,000,000 tested=1 found=0 n=873564357762882322092699 elapsed=2929s
progress: nodes=30,520,000,000 tested=1 found=0 n=254086976398908608162493 elapsed=2930s
progress: nodes=30,530,000,000 tested=1 found=0 n=805591710325592343529233 elapsed=2931s
progress: nodes=30,540,000,000 tested=1 found=0 n=261463218117673057338567 elapsed=2932s
progress: nodes=30,550,000,000 tested=1 found=0 n=816167593455905180843067 elapsed=2933s
progress: nodes=30,560,000,000 tested=1 found=0 n=49869086704805972263803 elapsed=2934s
progress: nodes=30,570,000,000 tested=1 found=0 n=564083811634489458737997 elapsed=2935s
progress: nodes=30,580,000,000 tested=1 found=0 n=957551467190429973510363 elapsed=2936s
progress: nodes=30,590,000,000 tested=1 found=0 n=548592980913713241846483 elapsed=2937s
progress: nodes=30,600,000,000 tested=1 found=0 n=333092312648265210612429 elapsed=2938s
progress: nodes=30,610,000,000 tested=1 found=0 n=35504561515155041337171 elapsed=2939s
progress: nodes=30,620,000,000 tested=1 found=0 n=595545388715576639507739 elapsed=2940s
progress: nodes=30,630,000,000 tested=1 found=0 n=456614338354474923957477 elapsed=2941s
progress: nodes=30,640,000,000 tested=1 found=0 n=768142567966659124789407 elapsed=2942s
progress: nodes=30,650,000,000 tested=1 found=0 n=75084401597898912973611 elapsed=2943s
progress: nodes=30,660,000,000 tested=1 found=0 n=855653589545056690196523 elapsed=2944s
progress: nodes=30,670,000,000 tested=1 found=0 n=736092482946974166965523 elapsed=2945s
progress: nodes=30,680,000,000 tested=1 found=0 n=746189638998541150271001 elapsed=2945s
progress: nodes=30,690,000,000 tested=1 found=0 n=537755559701913365241 elapsed=2946s
progress: nodes=30,700,000,000 tested=1 found=0 n=534733494303962654561289 elapsed=2947s
progress: nodes=30,710,000,000 tested=1 found=0 n=10041268385630824969341 elapsed=2948s
progress: nodes=30,720,000,000 tested=1 found=0 n=632065102466604394433703 elapsed=2949s
progress: nodes=30,730,000,000 tested=1 found=0 n=636914146998424807377723 elapsed=2950s
progress: nodes=30,740,000,000 tested=1 found=0 n=122060438209581085040541 elapsed=2951s
progress: nodes=30,750,000,000 tested=1 found=0 n=283426491833078123806419 elapsed=2952s
progress: nodes=30,760,000,000 tested=1 found=0 n=331694798295205099824927 elapsed=2953s
progress: nodes=30,770,000,000 tested=1 found=0 n=25507336024977511020459 elapsed=2954s
progress: nodes=30,780,000,000 tested=1 found=0 n=66236525215783113355593 elapsed=2955s
progress: nodes=30,790,000,000 tested=1 found=0 n=738247805969205247314027 elapsed=2956s
progress: nodes=30,800,000,000 tested=1 found=0 n=636472790174042738705217 elapsed=2957s
progress: nodes=30,810,000,000 tested=1 found=0 n=998336511153944596075299 elapsed=2958s
progress: nodes=30,820,000,000 tested=1 found=0 n=736087620000298571711277 elapsed=2959s
progress: nodes=30,830,000,000 tested=1 found=0 n=94569452886370015936239 elapsed=2960s
progress: nodes=30,840,000,000 tested=1 found=0 n=458201657674792356553371 elapsed=2961s
progress: nodes=30,850,000,000 tested=1 found=0 n=490309127056841159722083 elapsed=2961s
progress: nodes=30,860,000,000 tested=1 found=0 n=95627325749014938016281 elapsed=2962s
progress: nodes=30,870,000,000 tested=1 found=0 n=544408117046333021988363 elapsed=2963s
progress: nodes=30,880,000,000 tested=1 found=0 n=42659712493489358390409 elapsed=2964s
progress: nodes=30,890,000,000 tested=1 found=0 n=857392983035665222097523 elapsed=2965s
progress: nodes=30,900,000,000 tested=1 found=0 n=701464303436431263055899 elapsed=2966s
progress: nodes=30,910,000,000 tested=1 found=0 n=545525757166385118470919 elapsed=2967s
progress: nodes=30,920,000,000 tested=1 found=0 n=78355265628274021769811 elapsed=2968s
progress: nodes=30,930,000,000 tested=1 found=0 n=273668341766103195611271 elapsed=2969s
progress: nodes=30,940,000,000 tested=1 found=0 n=889764991360420715714031 elapsed=2970s
progress: nodes=30,950,000,000 tested=1 found=0 n=20210550206816797284171 elapsed=2971s
progress: nodes=30,960,000,000 tested=1 found=0 n=974146728715460479263513 elapsed=2972s
progress: nodes=30,970,000,000 tested=1 found=0 n=624550058692385692661223 elapsed=2973s
progress: nodes=30,980,000,000 tested=1 found=0 n=670380831875240251622571 elapsed=2974s
progress: nodes=30,990,000,000 tested=1 found=0 n=124053416540250780700689 elapsed=2975s
progress: nodes=31,000,000,000 tested=1 found=0 n=812043352722319312032867 elapsed=2976s
progress: nodes=31,010,000,000 tested=1 found=0 n=96784217402780301340089 elapsed=2977s
progress: nodes=31,020,000,000 tested=1 found=0 n=273441730821093405934077 elapsed=2978s
progress: nodes=31,030,000,000 tested=1 found=0 n=274404483854664571635513 elapsed=2979s
progress: nodes=31,040,000,000 tested=1 found=0 n=208684818351971915683587 elapsed=2980s
progress: nodes=31,050,000,000 tested=1 found=0 n=2266085600728941983277 elapsed=2981s
progress: nodes=31,060,000,000 tested=1 found=0 n=94321299449690012233677 elapsed=2982s
progress: nodes=31,070,000,000 tested=1 found=0 n=106727926783209493464417 elapsed=2983s
progress: nodes=31,080,000,000 tested=1 found=0 n=142210694875832039537223 elapsed=2984s
progress: nodes=31,090,000,000 tested=1 found=0 n=76378773395595410300847 elapsed=2985s
progress: nodes=31,100,000,000 tested=1 found=0 n=4071180810276991227531 elapsed=2986s
progress: nodes=31,110,000,000 tested=1 found=0 n=26360443599883588106769 elapsed=2987s
progress: nodes=31,120,000,000 tested=1 found=0 n=985542925809029951360283 elapsed=2988s
progress: nodes=31,130,000,000 tested=1 found=0 n=101481188794052929720287 elapsed=2989s
progress: nodes=31,140,000,000 tested=1 found=0 n=263026733577813905014887 elapsed=2990s
progress: nodes=31,150,000,000 tested=1 found=0 n=980500588065592115680587 elapsed=2991s
progress: nodes=31,160,000,000 tested=1 found=0 n=567486305962182765975531 elapsed=2992s
progress: nodes=31,170,000,000 tested=1 found=0 n=629720759748958055192157 elapsed=2993s
progress: nodes=31,180,000,000 tested=1 found=0 n=771727605261623071634859 elapsed=2994s
progress: nodes=31,190,000,000 tested=1 found=0 n=979550769079121810066067 elapsed=2995s
progress: nodes=31,200,000,000 tested=1 found=0 n=269363160502997969588037 elapsed=2996s
progress: nodes=31,210,000,000 tested=1 found=0 n=756637519374881879683377 elapsed=2997s
progress: nodes=31,220,000,000 tested=1 found=0 n=280189822955911996191207 elapsed=2998s
progress: nodes=31,230,000,000 tested=1 found=0 n=240075933699973176694317 elapsed=2999s
progress: nodes=31,240,000,000 tested=1 found=0 n=68063545946160715257021 elapsed=3000s
progress: nodes=31,250,000,000 tested=1 found=0 n=899624426208191153419521 elapsed=3001s
progress: nodes=31,260,000,000 tested=1 found=0 n=4573258243308110460819 elapsed=3001s
progress: nodes=31,270,000,000 tested=1 found=0 n=43047116502626762293053 elapsed=3002s
progress: nodes=31,280,000,000 tested=1 found=0 n=221679660255046029056163 elapsed=3003s
progress: nodes=31,290,000,000 tested=1 found=0 n=240564388189595619696261 elapsed=3004s
progress: nodes=31,300,000,000 tested=1 found=0 n=621720187183652929458801 elapsed=3005s
progress: nodes=31,310,000,000 tested=1 found=0 n=63369945562865335998747 elapsed=3006s
progress: nodes=31,320,000,000 tested=1 found=0 n=178754276860324355807331 elapsed=3007s
progress: nodes=31,330,000,000 tested=1 found=0 n=85518173740478126992773 elapsed=3008s
progress: nodes=31,340,000,000 tested=1 found=0 n=914647139193995316681 elapsed=3009s
progress: nodes=31,350,000,000 tested=1 found=0 n=567355044821477131751961 elapsed=3010s
progress: nodes=31,360,000,000 tested=1 found=0 n=297571748303111686001169 elapsed=3011s
progress: nodes=31,370,000,000 tested=1 found=0 n=292928518347085476119121 elapsed=3012s
progress: nodes=31,380,000,000 tested=1 found=0 n=699449235282242088981909 elapsed=3013s
progress: nodes=31,390,000,000 tested=1 found=0 n=510550709589260465249553 elapsed=3014s
progress: nodes=31,400,000,000 tested=1 found=0 n=250377975077674741131549 elapsed=3015s
progress: nodes=31,410,000,000 tested=1 found=0 n=85225595524717946442573 elapsed=3016s
progress: nodes=31,420,000,000 tested=1 found=0 n=596080474694302760451861 elapsed=3017s
progress: nodes=31,430,000,000 tested=1 found=0 n=89120587797478759669719 elapsed=3018s
progress: nodes=31,440,000,000 tested=1 found=0 n=392985204525094896561561 elapsed=3019s
progress: nodes=31,450,000,000 tested=1 found=0 n=107010878374779589933437 elapsed=3020s
progress: nodes=31,460,000,000 tested=1 found=0 n=579342793377979277521017 elapsed=3021s
progress: nodes=31,470,000,000 tested=1 found=0 n=94530428058124968987363 elapsed=3022s
progress: nodes=31,480,000,000 tested=1 found=0 n=115033148741169936407559 elapsed=3023s
progress: nodes=31,490,000,000 tested=1 found=0 n=42680084465527821852969 elapsed=3024s
progress: nodes=31,500,000,000 tested=1 found=0 n=184603276527620096236233 elapsed=3025s
progress: nodes=31,510,000,000 tested=1 found=0 n=55328635754510175640011 elapsed=3026s
progress: nodes=31,520,000,000 tested=1 found=0 n=219600763606047408572559 elapsed=3027s
progress: nodes=31,530,000,000 tested=1 found=0 n=623428251055339513628559 elapsed=3028s
progress: nodes=31,540,000,000 tested=1 found=0 n=862362670299233672625771 elapsed=3029s
progress: nodes=31,550,000,000 tested=1 found=0 n=461784840805625921928201 elapsed=3030s
progress: nodes=31,560,000,000 tested=1 found=0 n=800391287273267141625459 elapsed=3031s
progress: nodes=31,570,000,000 tested=1 found=0 n=375747850133029605869781 elapsed=3032s
progress: nodes=31,580,000,000 tested=1 found=0 n=639224554066837269160773 elapsed=3033s
progress: nodes=31,590,000,000 tested=1 found=0 n=820831771646364366934617 elapsed=3034s
progress: nodes=31,600,000,000 tested=1 found=0 n=39512172719112246076209 elapsed=3035s
progress: nodes=31,610,000,000 tested=1 found=0 n=785299318955584259658117 elapsed=3036s
progress: nodes=31,620,000,000 tested=1 found=0 n=481227370070619065759151 elapsed=3037s
progress: nodes=31,630,000,000 tested=1 found=0 n=512120171551873730579877 elapsed=3038s
progress: nodes=31,640,000,000 tested=1 found=0 n=69995847293265481679949 elapsed=3039s
progress: nodes=31,650,000,000 tested=1 found=0 n=937856350040025086349393 elapsed=3040s
progress: nodes=31,660,000,000 tested=1 found=0 n=774028731179737823681463 elapsed=3041s
progress: nodes=31,670,000,000 tested=1 found=0 n=990754016215192325553171 elapsed=3042s
progress: nodes=31,680,000,000 tested=1 found=0 n=184619902219650641994393 elapsed=3043s
progress: nodes=31,690,000,000 tested=1 found=0 n=474636968314334762593371 elapsed=3044s
progress: nodes=31,700,000,000 tested=1 found=0 n=951763110718505493751629 elapsed=3045s
progress: nodes=31,710,000,000 tested=1 found=0 n=15633339740425689668529 elapsed=3046s
progress: nodes=31,720,000,000 tested=1 found=0 n=981340754110236188255301 elapsed=3047s
progress: nodes=31,730,000,000 tested=1 found=0 n=807952839880802439745779 elapsed=3048s
progress: nodes=31,740,000,000 tested=1 found=0 n=559122872683424934502761 elapsed=3049s
progress: nodes=31,750,000,000 tested=1 found=0 n=51087329842887889296603 elapsed=3050s
progress: nodes=31,760,000,000 tested=1 found=0 n=539911868344912049117703 elapsed=3051s
progress: nodes=31,770,000,000 tested=1 found=0 n=736670478977957722190421 elapsed=3052s
progress: nodes=31,780,000,000 tested=1 found=0 n=969514048922327860499691 elapsed=3053s
progress: nodes=31,790,000,000 tested=1 found=0 n=257719675089137208762243 elapsed=3054s
progress: nodes=31,800,000,000 tested=1 found=0 n=9452504677995564059589 elapsed=3055s
progress: nodes=31,810,000,000 tested=1 found=0 n=540104402751588767581203 elapsed=3056s
progress: nodes=31,820,000,000 tested=1 found=0 n=360818875119087449266917 elapsed=3057s
progress: nodes=31,830,000,000 tested=1 found=0 n=878448777521978887634553 elapsed=3058s
progress: nodes=31,840,000,000 tested=1 found=0 n=89189492957907451192941 elapsed=3059s
progress: nodes=31,850,000,000 tested=1 found=0 n=838814205730564582216269 elapsed=3060s
progress: nodes=31,860,000,000 tested=1 found=0 n=980718708708434264527101 elapsed=3061s
progress: nodes=31,870,000,000 tested=1 found=0 n=382872791645224164141 elapsed=3062s
progress: nodes=31,880,000,000 tested=1 found=0 n=556569494652284817161601 elapsed=3063s
progress: nodes=31,890,000,000 tested=1 found=0 n=919223575217967878701557 elapsed=3064s
progress: nodes=31,900,000,000 tested=1 found=0 n=394283317378568702751381 elapsed=3065s
progress: nodes=31,910,000,000 tested=1 found=0 n=412777401789266381188893 elapsed=3066s
progress: nodes=31,920,000,000 tested=1 found=0 n=538431020720965642062507 elapsed=3067s
progress: nodes=31,930,000,000 tested=1 found=0 n=114224568806630034226617 elapsed=3068s
progress: nodes=31,940,000,000 tested=1 found=0 n=709293552598223853911079 elapsed=3069s
progress: nodes=31,950,000,000 tested=1 found=0 n=2158316821899949289007 elapsed=3070s
progress: nodes=31,960,000,000 tested=1 found=0 n=82831249749970058427519 elapsed=3071s
progress: nodes=31,970,000,000 tested=1 found=0 n=171832261511188811346099 elapsed=3072s
progress: nodes=31,980,000,000 tested=1 found=0 n=38894755475616116843481 elapsed=3073s
progress: nodes=31,990,000,000 tested=1 found=0 n=293187958201009901389503 elapsed=3074s
progress: nodes=32,000,000,000 tested=1 found=0 n=177166538393956837311729 elapsed=3075s
progress: nodes=32,010,000,000 tested=1 found=0 n=483789871974805647997317 elapsed=3076s
progress: nodes=32,020,000,000 tested=1 found=0 n=62734542903021461626869 elapsed=3077s
progress: nodes=32,030,000,000 tested=1 found=0 n=723408396949678006074651 elapsed=3078s
progress: nodes=32,040,000,000 tested=1 found=0 n=18634859955864386987181 elapsed=3079s
progress: nodes=32,050,000,000 tested=1 found=0 n=136076486874435240354507 elapsed=3080s
progress: nodes=32,060,000,000 tested=1 found=0 n=637576977200890771708521 elapsed=3081s
progress: nodes=32,070,000,000 tested=1 found=0 n=310070100788575570485471 elapsed=3082s
progress: nodes=32,080,000,000 tested=1 found=0 n=24481204193994842738301 elapsed=3083s
progress: nodes=32,090,000,000 tested=1 found=0 n=56345735647685423695899 elapsed=3084s
progress: nodes=32,100,000,000 tested=1 found=0 n=226921152770511894029049 elapsed=3085s
progress: nodes=32,110,000,000 tested=1 found=0 n=844821108895845123518619 elapsed=3086s
progress: nodes=32,120,000,000 tested=1 found=0 n=395747093118412227924303 elapsed=3087s
progress: nodes=32,130,000,000 tested=1 found=0 n=710451737355452470972737 elapsed=3088s
progress: nodes=32,140,000,000 tested=1 found=0 n=9635439690015328885839 elapsed=3089s
progress: nodes=32,150,000,000 tested=1 found=0 n=273950394538153016566311 elapsed=3090s
progress: nodes=32,160,000,000 tested=1 found=0 n=589003522373543561914773 elapsed=3091s
progress: nodes=32,170,000,000 tested=1 found=0 n=27263300433953078346423 elapsed=3092s
progress: nodes=32,180,000,000 tested=1 found=0 n=41361773555162639038317 elapsed=3093s
progress: nodes=32,190,000,000 tested=1 found=0 n=96673649015482371592617 elapsed=3094s
progress: nodes=32,200,000,000 tested=1 found=0 n=413026018104408808001331 elapsed=3095s
progress: nodes=32,210,000,000 tested=1 found=0 n=749381225080682267994063 elapsed=3096s
progress: nodes=32,220,000,000 tested=1 found=0 n=245695089723477136727127 elapsed=3097s
progress: nodes=32,230,000,000 tested=1 found=0 n=160942935446773518114219 elapsed=3098s
progress: nodes=32,240,000,000 tested=1 found=0 n=127748002869425874507 elapsed=3099s
progress: nodes=32,250,000,000 tested=1 found=0 n=43166043259673726414451 elapsed=3100s
progress: nodes=32,260,000,000 tested=1 found=0 n=23776864208152141642413 elapsed=3101s
progress: nodes=32,270,000,000 tested=1 found=0 n=485338241280190574717727 elapsed=3102s
progress: nodes=32,280,000,000 tested=1 found=0 n=239908701315310392907113 elapsed=3102s
progress: nodes=32,290,000,000 tested=1 found=0 n=587808709469244860997543 elapsed=3104s
progress: nodes=32,300,000,000 tested=1 found=0 n=30349871316742625054121 elapsed=3104s
progress: nodes=32,310,000,000 tested=1 found=0 n=866965409567219354107287 elapsed=3105s
progress: nodes=32,320,000,000 tested=1 found=0 n=272410208006432745650973 elapsed=3106s
progress: nodes=32,330,000,000 tested=1 found=0 n=497552156160104063339607 elapsed=3107s
progress: nodes=32,340,000,000 tested=1 found=0 n=834211666496957234652309 elapsed=3108s
progress: nodes=32,350,000,000 tested=1 found=0 n=426945193600514381658723 elapsed=3109s
progress: nodes=32,360,000,000 tested=1 found=0 n=562156208880679951872477 elapsed=3110s
progress: nodes=32,370,000,000 tested=1 found=0 n=420016245591044114877579 elapsed=3111s
progress: nodes=32,380,000,000 tested=1 found=0 n=325419953793262695775551 elapsed=3112s
progress: nodes=32,390,000,000 tested=1 found=0 n=153994509027982394989503 elapsed=3113s
progress: nodes=32,400,000,000 tested=1 found=0 n=855132728381092022165733 elapsed=3114s
progress: nodes=32,410,000,000 tested=1 found=0 n=253148091325484093520639 elapsed=3115s
progress: nodes=32,420,000,000 tested=1 found=0 n=401371388822018123318667 elapsed=3116s
progress: nodes=32,430,000,000 tested=1 found=0 n=610009976013199340928063 elapsed=3117s
progress: nodes=32,440,000,000 tested=1 found=0 n=997648085780055226699611 elapsed=3118s
progress: nodes=32,450,000,000 tested=1 found=0 n=553396063261777640208447 elapsed=3119s
progress: nodes=32,460,000,000 tested=1 found=0 n=643703166347658195780573 elapsed=3120s
progress: nodes=32,470,000,000 tested=1 found=0 n=984948904858206007279131 elapsed=3121s
progress: nodes=32,480,000,000 tested=1 found=0 n=829837367353985070976467 elapsed=3122s
progress: nodes=32,490,000,000 tested=1 found=0 n=107841042273542009228511 elapsed=3123s
progress: nodes=32,500,000,000 tested=1 found=0 n=42857219123520512607039 elapsed=3123s
progress: nodes=32,510,000,000 tested=1 found=0 n=147063612087135932136663 elapsed=3124s
progress: nodes=32,520,000,000 tested=1 found=0 n=578703963141504976540479 elapsed=3125s
progress: nodes=32,530,000,000 tested=1 found=0 n=342266482017540752952423 elapsed=3126s
progress: nodes=32,540,000,000 tested=1 found=0 n=648614143741378741323969 elapsed=3127s
progress: nodes=32,550,000,000 tested=1 found=0 n=161115025765811680731597 elapsed=3128s
progress: nodes=32,560,000,000 tested=1 found=0 n=20264004799195652802021 elapsed=3129s
progress: nodes=32,570,000,000 tested=1 found=0 n=319366398942400063627659 elapsed=3130s
progress: nodes=32,580,000,000 tested=1 found=0 n=805269220712801372204391 elapsed=3131s
progress: nodes=32,590,000,000 tested=1 found=0 n=877253366170107917918499 elapsed=3132s
progress: nodes=32,600,000,000 tested=1 found=0 n=549766896657542095479519 elapsed=3133s
progress: nodes=32,610,000,000 tested=1 found=0 n=701269649532420552260391 elapsed=3134s
progress: nodes=32,620,000,000 tested=1 found=0 n=283573972944776110284831 elapsed=3135s
progress: nodes=32,630,000,000 tested=1 found=0 n=826733967396256111948041 elapsed=3136s
progress: nodes=32,640,000,000 tested=1 found=0 n=816669981748930569687141 elapsed=3137s
progress: nodes=32,650,000,000 tested=1 found=0 n=975516970699656583880253 elapsed=3138s
progress: nodes=32,660,000,000 tested=1 found=0 n=667508395545007277546571 elapsed=3139s
progress: nodes=32,670,000,000 tested=1 found=0 n=518448208561716362284641 elapsed=3140s
progress: nodes=32,680,000,000 tested=1 found=0 n=124884068428933817989557 elapsed=3141s
progress: nodes=32,690,000,000 tested=1 found=0 n=206382490655157370482357 elapsed=3142s
progress: nodes=32,700,000,000 tested=1 found=0 n=143829647698235140026957 elapsed=3142s
progress: nodes=32,710,000,000 tested=1 found=0 n=264698005111998233724663 elapsed=3143s
progress: nodes=32,720,000,000 tested=1 found=0 n=399129345769442032301271 elapsed=3144s
progress: nodes=32,730,000,000 tested=1 found=0 n=300572984856930316595493 elapsed=3145s
progress: nodes=32,740,000,000 tested=1 found=0 n=146616790073907488470707 elapsed=3145s
progress: nodes=32,750,000,000 tested=1 found=0 n=237769221869269977661203 elapsed=3146s
progress: nodes=32,760,000,000 tested=1 found=0 n=148283874017477335405983 elapsed=3147s
progress: nodes=32,770,000,000 tested=1 found=0 n=3135303737878751148567 elapsed=3148s
progress: nodes=32,780,000,000 tested=1 found=0 n=195809338132698203744259 elapsed=3149s
progress: nodes=32,790,000,000 tested=1 found=0 n=8853727484132598586233 elapsed=3150s
progress: nodes=32,800,000,000 tested=1 found=0 n=870641217949692541209 elapsed=3150s
progress: nodes=32,810,000,000 tested=1 found=0 n=915682778223785652146781 elapsed=3151s
progress: nodes=32,820,000,000 tested=1 found=0 n=873415774862555911575303 elapsed=3152s
progress: nodes=32,830,000,000 tested=1 found=0 n=823244745598463495794773 elapsed=3153s
progress: nodes=32,840,000,000 tested=1 found=0 n=975012448352889568175697 elapsed=3154s
progress: nodes=32,850,000,000 tested=1 found=0 n=248898476526052270885539 elapsed=3155s
progress: nodes=32,860,000,000 tested=1 found=0 n=972017966161501736882691 elapsed=3156s
progress: nodes=32,870,000,000 tested=1 found=0 n=68387007109593991059813 elapsed=3157s
progress: nodes=32,880,000,000 tested=1 found=0 n=816258165113539500482559 elapsed=3158s
progress: nodes=32,890,000,000 tested=1 found=0 n=559667541063050165850819 elapsed=3159s
progress: nodes=32,900,000,000 tested=1 found=0 n=30194224096102610849877 elapsed=3160s
progress: nodes=32,910,000,000 tested=1 found=0 n=821220255140011994549139 elapsed=3161s
progress: nodes=32,920,000,000 tested=1 found=0 n=509837362959459392996853 elapsed=3162s
progress: nodes=32,930,000,000 tested=1 found=0 n=582736387407668751595767 elapsed=3163s
progress: nodes=32,940,000,000 tested=1 found=0 n=520675013287854858379089 elapsed=3164s
progress: nodes=32,950,000,000 tested=1 found=0 n=706790341147099664958789 elapsed=3165s
progress: nodes=32,960,000,000 tested=1 found=0 n=529697797754658229219809 elapsed=3166s
progress: nodes=32,970,000,000 tested=1 found=0 n=413068281608367654896913 elapsed=3167s
progress: nodes=32,980,000,000 tested=1 found=0 n=688047997635687816215517 elapsed=3168s
progress: nodes=32,990,000,000 tested=1 found=0 n=309208918159290218839341 elapsed=3169s
progress: nodes=33,000,000,000 tested=1 found=0 n=286112898133962223594413 elapsed=3170s
progress: nodes=33,010,000,000 tested=1 found=0 n=306520180873659259985049 elapsed=3171s
progress: nodes=33,020,000,000 tested=1 found=0 n=457355731957443935435391 elapsed=3172s
progress: nodes=33,030,000,000 tested=1 found=0 n=269237109466032268293447 elapsed=3173s
progress: nodes=33,040,000,000 tested=1 found=0 n=110405490423152156480391 elapsed=3174s
progress: nodes=33,050,000,000 tested=1 found=0 n=720472889183835626012031 elapsed=3175s
progress: nodes=33,060,000,000 tested=1 found=0 n=589592306027502023492103 elapsed=3176s
progress: nodes=33,070,000,000 tested=1 found=0 n=422427262569706762183959 elapsed=3177s
progress: nodes=33,080,000,000 tested=1 found=0 n=997785375455250177089151 elapsed=3178s
progress: nodes=33,090,000,000 tested=1 found=0 n=231524271416948566031547 elapsed=3179s
progress: nodes=33,100,000,000 tested=1 found=0 n=233758988448645469267887 elapsed=3180s
progress: nodes=33,110,000,000 tested=1 found=0 n=545933484388892745669381 elapsed=3181s
progress: nodes=33,120,000,000 tested=1 found=0 n=194351762007012177750039 elapsed=3182s
progress: nodes=33,130,000,000 tested=1 found=0 n=327149555811036774441483 elapsed=3183s
progress: nodes=33,140,000,000 tested=1 found=0 n=420992952997851076251981 elapsed=3184s
progress: nodes=33,150,000,000 tested=1 found=0 n=92841962894213171749539 elapsed=3185s
progress: nodes=33,160,000,000 tested=1 found=0 n=234543769051864027277379 elapsed=3186s
progress: nodes=33,170,000,000 tested=1 found=0 n=31635998075079852539943 elapsed=3187s
progress: nodes=33,180,000,000 tested=1 found=0 n=383800206517197876026049 elapsed=3188s
progress: nodes=33,190,000,000 tested=1 found=0 n=744310072548840205271721 elapsed=3189s
progress: nodes=33,200,000,000 tested=1 found=0 n=126438677035868516614581 elapsed=3190s
progress: nodes=33,210,000,000 tested=1 found=0 n=833220336989561285256063 elapsed=3191s
progress: nodes=33,220,000,000 tested=1 found=0 n=780589448861870483820699 elapsed=3192s
progress: nodes=33,230,000,000 tested=1 found=0 n=684561886275611333738463 elapsed=3193s
progress: nodes=33,240,000,000 tested=1 found=0 n=167387285435576153939277 elapsed=3194s
progress: nodes=33,250,000,000 tested=1 found=0 n=325123652655651989116263 elapsed=3195s
progress: nodes=33,260,000,000 tested=1 found=0 n=250953166449761505217917 elapsed=3196s
progress: nodes=33,270,000,000 tested=1 found=0 n=701666387755685453875917 elapsed=3197s
progress: nodes=33,280,000,000 tested=1 found=0 n=970442435611831286842023 elapsed=3198s
progress: nodes=33,290,000,000 tested=1 found=0 n=733295624199072394395507 elapsed=3199s
progress: nodes=33,300,000,000 tested=1 found=0 n=968924098929346214522439 elapsed=3200s
progress: nodes=33,310,000,000 tested=1 found=0 n=510118940435641109876589 elapsed=3201s
progress: nodes=33,320,000,000 tested=1 found=0 n=238213823350855432019511 elapsed=3202s
progress: nodes=33,330,000,000 tested=1 found=0 n=302628661221734558333337 elapsed=3203s
progress: nodes=33,340,000,000 tested=1 found=0 n=623956710347126906697519 elapsed=3204s
progress: nodes=33,350,000,000 tested=1 found=0 n=514493894072107523309307 elapsed=3205s
progress: nodes=33,360,000,000 tested=1 found=0 n=697313775962712369465147 elapsed=3206s
progress: nodes=33,370,000,000 tested=1 found=0 n=613940518175719622084769 elapsed=3207s
progress: nodes=33,380,000,000 tested=1 found=0 n=994241509069636488034803 elapsed=3208s
progress: nodes=33,390,000,000 tested=1 found=0 n=343766245387522766523 elapsed=3209s
progress: nodes=33,400,000,000 tested=1 found=0 n=108973729586663459513853 elapsed=3210s
progress: nodes=33,410,000,000 tested=1 found=0 n=27385907603300703415101 elapsed=3211s
progress: nodes=33,420,000,000 tested=1 found=0 n=138758324774279084670081 elapsed=3212s
progress: nodes=33,430,000,000 tested=1 found=0 n=946967747256876288604089 elapsed=3213s
progress: nodes=33,440,000,000 tested=1 found=0 n=114788087375592780125691 elapsed=3214s
progress: nodes=33,450,000,000 tested=1 found=0 n=755465027055292373575899 elapsed=3215s
progress: nodes=33,460,000,000 tested=1 found=0 n=117703632785484015892479 elapsed=3216s
progress: nodes=33,470,000,000 tested=1 found=0 n=185478276872366241917439 elapsed=3217s
progress: nodes=33,480,000,000 tested=1 found=0 n=248916273937062199065741 elapsed=3218s
progress: nodes=33,490,000,000 tested=1 found=0 n=856602161972578233657159 elapsed=3219s
progress: nodes=33,500,000,000 tested=1 found=0 n=459000747785371738675443 elapsed=3220s
progress: nodes=33,510,000,000 tested=1 found=0 n=24191919082592635289487 elapsed=3221s
progress: nodes=33,520,000,000 tested=1 found=0 n=148838326593544988471643 elapsed=3222s
progress: nodes=33,530,000,000 tested=1 found=0 n=63971886655940719235637 elapsed=3223s
progress: nodes=33,540,000,000 tested=1 found=0 n=55080874945181203682421 elapsed=3224s
progress: nodes=33,550,000,000 tested=1 found=0 n=92391193069316254430031 elapsed=3225s
progress: nodes=33,560,000,000 tested=1 found=0 n=16040717664419143116993 elapsed=3226s
progress: nodes=33,570,000,000 tested=1 found=0 n=272573804929929993627423 elapsed=3227s
progress: nodes=33,580,000,000 tested=1 found=0 n=851861345425987539418347 elapsed=3228s
progress: nodes=33,590,000,000 tested=1 found=0 n=623104331849006473881987 elapsed=3229s
progress: nodes=33,600,000,000 tested=1 found=0 n=416536130394732806823651 elapsed=3230s
progress: nodes=33,610,000,000 tested=1 found=0 n=958308808080956174624067 elapsed=3231s
progress: nodes=33,620,000,000 tested=1 found=0 n=599477018629023769386009 elapsed=3232s
progress: nodes=33,630,000,000 tested=1 found=0 n=798423914699261519183229 elapsed=3233s
progress: nodes=33,640,000,000 tested=1 found=0 n=153010582111047676716129 elapsed=3234s
progress: nodes=33,650,000,000 tested=1 found=0 n=289111601196671160555219 elapsed=3235s
progress: nodes=33,660,000,000 tested=1 found=0 n=403242136213537775245377 elapsed=3236s
progress: nodes=33,670,000,000 tested=1 found=0 n=600029525820203767834689 elapsed=3237s
progress: nodes=33,680,000,000 tested=1 found=0 n=717282499314146888103267 elapsed=3238s
progress: nodes=33,690,000,000 tested=1 found=0 n=95082067963191047343891 elapsed=3239s
progress: nodes=33,700,000,000 tested=1 found=0 n=262792297871114540929257 elapsed=3240s
progress: nodes=33,710,000,000 tested=1 found=0 n=609070522648214487655509 elapsed=3241s
progress: nodes=33,720,000,000 tested=1 found=0 n=217623592824570242358477 elapsed=3242s
progress: nodes=33,730,000,000 tested=1 found=0 n=541347305321526463659471 elapsed=3243s
progress: nodes=33,740,000,000 tested=1 found=0 n=38435228761370973039651 elapsed=3244s
progress: nodes=33,750,000,000 tested=1 found=0 n=49930200375875472998631 elapsed=3245s
progress: nodes=33,760,000,000 tested=1 found=0 n=73624080494137344920463 elapsed=3246s
progress: nodes=33,770,000,000 tested=1 found=0 n=229704016804352805626769 elapsed=3247s
progress: nodes=33,780,000,000 tested=1 found=0 n=399752729533914223883559 elapsed=3248s
progress: nodes=33,790,000,000 tested=1 found=0 n=947618183011164952265121 elapsed=3249s
progress: nodes=33,800,000,000 tested=1 found=0 n=697101514879251030249129 elapsed=3250s
progress: nodes=33,810,000,000 tested=1 found=0 n=299192285432218868779947 elapsed=3251s
progress: nodes=33,820,000,000 tested=1 found=0 n=258590174571163738372641 elapsed=3252s
progress: nodes=33,830,000,000 tested=1 found=0 n=20607187851226629049683 elapsed=3253s
progress: nodes=33,840,000,000 tested=1 found=0 n=964944633916589265482829 elapsed=3254s
progress: nodes=33,850,000,000 tested=1 found=0 n=319275615649346495879883 elapsed=3255s
progress: nodes=33,860,000,000 tested=1 found=0 n=145239411197826108112521 elapsed=3256s
progress: nodes=33,870,000,000 tested=1 found=0 n=112500446294739551411649 elapsed=3257s
progress: nodes=33,880,000,000 tested=1 found=0 n=118245088780847259428769 elapsed=3258s
progress: nodes=33,890,000,000 tested=1 found=0 n=229845921781642643868963 elapsed=3259s
progress: nodes=33,900,000,000 tested=1 found=0 n=904157660133432677346231 elapsed=3260s
progress: nodes=33,910,000,000 tested=1 found=0 n=734331379273367028929061 elapsed=3260s
progress: nodes=33,920,000,000 tested=1 found=0 n=361400616165292702484343 elapsed=3261s
progress: nodes=33,930,000,000 tested=1 found=0 n=276081115502163292974939 elapsed=3262s
progress: nodes=33,940,000,000 tested=1 found=0 n=627732976666920318294243 elapsed=3263s
progress: nodes=33,950,000,000 tested=1 found=0 n=222246370261107539661171 elapsed=3264s
progress: nodes=33,960,000,000 tested=1 found=0 n=708536941645625042794701 elapsed=3265s
progress: nodes=33,970,000,000 tested=1 found=0 n=178525225380384187261671 elapsed=3266s
progress: nodes=33,980,000,000 tested=1 found=0 n=43057015177040534439627 elapsed=3267s
progress: nodes=33,990,000,000 tested=1 found=0 n=382956114212406627807057 elapsed=3269s
progress: nodes=34,000,000,000 tested=1 found=0 n=22249914925545480408807 elapsed=3270s
progress: nodes=34,010,000,000 tested=1 found=0 n=561624465638579600427027 elapsed=3270s
progress: nodes=34,020,000,000 tested=1 found=0 n=395273456089043527006869 elapsed=3271s
progress: nodes=34,030,000,000 tested=1 found=0 n=285431882959233832314207 elapsed=3272s
progress: nodes=34,040,000,000 tested=1 found=0 n=20795728781821387106427 elapsed=3273s
progress: nodes=34,050,000,000 tested=1 found=0 n=906293281047082573522449 elapsed=3274s
progress: nodes=34,060,000,000 tested=1 found=0 n=60805011670922696120229 elapsed=3275s
progress: nodes=34,070,000,000 tested=1 found=0 n=355310907956570298941637 elapsed=3277s
progress: nodes=34,080,000,000 tested=1 found=0 n=50758940434623803669859 elapsed=3278s
progress: nodes=34,090,000,000 tested=1 found=0 n=20191515041947177285071 elapsed=3279s
progress: nodes=34,100,000,000 tested=1 found=0 n=39205218667730946746487 elapsed=3280s
progress: nodes=34,110,000,000 tested=1 found=0 n=192800393604375945842883 elapsed=3281s
progress: nodes=34,120,000,000 tested=1 found=0 n=631630925326542943591647 elapsed=3282s
progress: nodes=34,130,000,000 tested=1 found=0 n=16818532196206172652363 elapsed=3283s
progress: nodes=34,140,000,000 tested=1 found=0 n=769413260939674587633969 elapsed=3284s
progress: nodes=34,150,000,000 tested=1 found=0 n=824335091127676990809519 elapsed=3285s
progress: nodes=34,160,000,000 tested=1 found=0 n=940488874519890281009853 elapsed=3286s
progress: nodes=34,170,000,000 tested=1 found=0 n=12854222940809733278367 elapsed=3287s
progress: nodes=34,180,000,000 tested=1 found=0 n=1924902829749589987011 elapsed=3288s
progress: nodes=34,190,000,000 tested=1 found=0 n=552948180146113555115169 elapsed=3289s
progress: nodes=34,200,000,000 tested=1 found=0 n=711340513384190829874449 elapsed=3290s
progress: nodes=34,210,000,000 tested=1 found=0 n=361862753641435092391059 elapsed=3291s
progress: nodes=34,220,000,000 tested=1 found=0 n=524431029133808478207669 elapsed=3292s
progress: nodes=34,230,000,000 tested=1 found=0 n=59629006686033955128387 elapsed=3293s
progress: nodes=34,240,000,000 tested=1 found=0 n=532977423532212202253853 elapsed=3294s
progress: nodes=34,250,000,000 tested=1 found=0 n=463365440961635650063197 elapsed=3295s
progress: nodes=34,260,000,000 tested=1 found=0 n=827220149351701511591757 elapsed=3296s
progress: nodes=34,270,000,000 tested=1 found=0 n=504082935357861739159137 elapsed=3297s
progress: nodes=34,280,000,000 tested=1 found=0 n=87425856411735223706181 elapsed=3298s
progress: nodes=34,290,000,000 tested=1 found=0 n=602782722259187110190121 elapsed=3298s
progress: nodes=34,300,000,000 tested=1 found=0 n=997353781451677333255143 elapsed=3299s
progress: nodes=34,310,000,000 tested=1 found=0 n=821754983324080675239513 elapsed=3300s
progress: nodes=34,320,000,000 tested=1 found=0 n=753738598214601760921017 elapsed=3301s
progress: nodes=34,330,000,000 tested=1 found=0 n=528747799450884486429099 elapsed=3302s
progress: nodes=34,340,000,000 tested=1 found=0 n=262349744702873239070373 elapsed=3303s
progress: nodes=34,350,000,000 tested=1 found=0 n=64954299749183090103 elapsed=3304s
progress: nodes=34,360,000,000 tested=1 found=0 n=10124748833161931872761 elapsed=3305s
progress: nodes=34,370,000,000 tested=1 found=0 n=547421489578740358571847 elapsed=3306s
progress: nodes=34,380,000,000 tested=1 found=0 n=880453425030221665742691 elapsed=3307s
progress: nodes=34,390,000,000 tested=1 found=0 n=349635285325215793133373 elapsed=3308s
progress: nodes=34,400,000,000 tested=1 found=0 n=244653219729250979554479 elapsed=3309s
progress: nodes=34,410,000,000 tested=1 found=0 n=33150698644224259345533 elapsed=3310s
progress: nodes=34,420,000,000 tested=1 found=0 n=941680437239593213107231 elapsed=3311s
progress: nodes=34,430,000,000 tested=1 found=0 n=338306783064225674192637 elapsed=3312s
progress: nodes=34,440,000,000 tested=1 found=0 n=209607745471393989968391 elapsed=3313s
progress: nodes=34,450,000,000 tested=1 found=0 n=218082475029934069769643 elapsed=3314s
progress: nodes=34,460,000,000 tested=1 found=0 n=825589813300676230319799 elapsed=3315s
progress: nodes=34,470,000,000 tested=1 found=0 n=855243413846492811634923 elapsed=3316s
progress: nodes=34,480,000,000 tested=1 found=0 n=407050877477585449050657 elapsed=3317s
progress: nodes=34,490,000,000 tested=1 found=0 n=167631020191896462264921 elapsed=3318s
progress: nodes=34,500,000,000 tested=1 found=0 n=339234814537435735204143 elapsed=3319s
progress: nodes=34,510,000,000 tested=1 found=0 n=329616762489859506175371 elapsed=3320s
progress: nodes=34,520,000,000 tested=1 found=0 n=99038716965956774290713 elapsed=3321s
progress: nodes=34,530,000,000 tested=1 found=0 n=175176483434436841650579 elapsed=3322s
progress: nodes=34,540,000,000 tested=1 found=0 n=440880274523152085481717 elapsed=3323s
progress: nodes=34,550,000,000 tested=1 found=0 n=669094635048562105387719 elapsed=3324s
progress: nodes=34,560,000,000 tested=1 found=0 n=674040639872750308808793 elapsed=3325s
progress: nodes=34,570,000,000 tested=1 found=0 n=90561541054217303087589 elapsed=3326s
progress: nodes=34,580,000,000 tested=1 found=0 n=491278762928649147699819 elapsed=3327s
progress: nodes=34,590,000,000 tested=1 found=0 n=136032367450579665662883 elapsed=3328s
progress: nodes=34,600,000,000 tested=1 found=0 n=3985388565176381605671 elapsed=3329s
progress: nodes=34,610,000,000 tested=1 found=0 n=873233577490955063911671 elapsed=3330s
progress: nodes=34,620,000,000 tested=1 found=0 n=86191972836455588802843 elapsed=3331s
progress: nodes=34,630,000,000 tested=1 found=0 n=566685318630203482276281 elapsed=3332s
progress: nodes=34,640,000,000 tested=1 found=0 n=787421902397047051104399 elapsed=3333s
progress: nodes=34,650,000,000 tested=1 found=0 n=18667538806619375553309 elapsed=3334s
progress: nodes=34,660,000,000 tested=1 found=0 n=160411137214825442464233 elapsed=3335s
progress: nodes=34,670,000,000 tested=1 found=0 n=840821838899902037592843 elapsed=3336s
progress: nodes=34,680,000,000 tested=1 found=0 n=510685094767561635197991 elapsed=3337s
progress: nodes=34,690,000,000 tested=1 found=0 n=63059849019653966926017 elapsed=3338s
progress: nodes=34,700,000,000 tested=1 found=0 n=480642589889354181959241 elapsed=3339s
progress: nodes=34,710,000,000 tested=1 found=0 n=538254990524449357327311 elapsed=3340s
progress: nodes=34,720,000,000 tested=1 found=0 n=461363573741879977578267 elapsed=3341s
progress: nodes=34,730,000,000 tested=1 found=0 n=606523491173918569409301 elapsed=3342s
progress: nodes=34,740,000,000 tested=1 found=0 n=799495305856835531489403 elapsed=3343s
progress: nodes=34,750,000,000 tested=1 found=0 n=896671631827537262367099 elapsed=3344s
progress: nodes=34,760,000,000 tested=1 found=0 n=447219241974576404400639 elapsed=3345s
progress: nodes=34,770,000,000 tested=1 found=0 n=227643573453863457370623 elapsed=3346s
progress: nodes=34,780,000,000 tested=1 found=0 n=18360327588046300864293 elapsed=3347s
progress: nodes=34,790,000,000 tested=1 found=0 n=106634385198366872209077 elapsed=3348s
progress: nodes=34,800,000,000 tested=1 found=0 n=87463799996450979399441 elapsed=3349s
progress: nodes=34,810,000,000 tested=1 found=0 n=851399519656711444405701 elapsed=3350s
progress: nodes=34,820,000,000 tested=1 found=0 n=46844873111178032530497 elapsed=3351s
progress: nodes=34,830,000,000 tested=1 found=0 n=15044572208895944651079 elapsed=3352s
progress: nodes=34,840,000,000 tested=1 found=0 n=347237987670000155062191 elapsed=3353s
progress: nodes=34,850,000,000 tested=1 found=0 n=218551007076954170867391 elapsed=3354s
progress: nodes=34,860,000,000 tested=1 found=0 n=18030145344495759080463 elapsed=3355s
progress: nodes=34,870,000,000 tested=1 found=0 n=67900870991025150206271 elapsed=3356s
progress: nodes=34,880,000,000 tested=1 found=0 n=777191488128123207671103 elapsed=3357s
progress: nodes=34,890,000,000 tested=1 found=0 n=92843913013620955278807 elapsed=3358s
progress: nodes=34,900,000,000 tested=1 found=0 n=444767220741888954675051 elapsed=3359s
progress: nodes=34,910,000,000 tested=1 found=0 n=145745464651088519883237 elapsed=3360s
progress: nodes=34,920,000,000 tested=1 found=0 n=127568503582548424680999 elapsed=3361s
progress: nodes=34,930,000,000 tested=1 found=0 n=97310137133952337206183 elapsed=3362s
progress: nodes=34,940,000,000 tested=1 found=0 n=834867083295383166891291 elapsed=3363s
progress: nodes=34,950,000,000 tested=1 found=0 n=181511651202625434468063 elapsed=3364s
progress: nodes=34,960,000,000 tested=1 found=0 n=762372019021886008660353 elapsed=3365s
progress: nodes=34,970,000,000 tested=1 found=0 n=333348623793113716701771 elapsed=3366s
progress: nodes=34,980,000,000 tested=1 found=0 n=263737229032103325909267 elapsed=3367s
progress: nodes=34,990,000,000 tested=1 found=0 n=134924746009684899523827 elapsed=3368s
progress: nodes=35,000,000,000 tested=1 found=0 n=757764147888578309175411 elapsed=3369s
progress: nodes=35,010,000,000 tested=1 found=0 n=389096254356753940760049 elapsed=3371s
progress: nodes=35,020,000,000 tested=1 found=0 n=672101547180753593080749 elapsed=3372s
progress: nodes=35,030,000,000 tested=1 found=0 n=860426519894872543783599 elapsed=3372s
progress: nodes=35,040,000,000 tested=1 found=0 n=907593623719241582988579 elapsed=3373s
progress: nodes=35,050,000,000 tested=1 found=0 n=459111093193540055766927 elapsed=3375s
progress: nodes=35,060,000,000 tested=1 found=0 n=412022151585031607004099 elapsed=3376s
progress: nodes=35,070,000,000 tested=1 found=0 n=51645531505155905755581 elapsed=3377s
progress: nodes=35,080,000,000 tested=1 found=0 n=393758731925750460177051 elapsed=3378s
progress: nodes=35,090,000,000 tested=1 found=0 n=961503779329044860545923 elapsed=3379s
progress: nodes=35,100,000,000 tested=1 found=0 n=14487543711072709520529 elapsed=3380s
progress: nodes=35,110,000,000 tested=1 found=0 n=58408319896734094547403 elapsed=3381s
progress: nodes=35,120,000,000 tested=1 found=0 n=221511380884110513686919 elapsed=3382s
progress: nodes=35,130,000,000 tested=1 found=0 n=426712722312496132755957 elapsed=3383s
progress: nodes=35,140,000,000 tested=1 found=0 n=154516736148846264217167 elapsed=3384s
progress: nodes=35,150,000,000 tested=1 found=0 n=527646057010883219481501 elapsed=3384s
progress: nodes=35,160,000,000 tested=1 found=0 n=484339922459493312609111 elapsed=3385s
progress: nodes=35,170,000,000 tested=1 found=0 n=289510294806342322803519 elapsed=3386s
progress: nodes=35,180,000,000 tested=1 found=0 n=53362163003705078348397 elapsed=3387s
progress: nodes=35,190,000,000 tested=1 found=0 n=77633739987466899582489 elapsed=3388s
progress: nodes=35,200,000,000 tested=1 found=0 n=894544741205081698191603 elapsed=3389s
progress: nodes=35,210,000,000 tested=1 found=0 n=806428660396282088587851 elapsed=3390s
progress: nodes=35,220,000,000 tested=1 found=0 n=982148574865677653393817 elapsed=3391s
progress: nodes=35,230,000,000 tested=1 found=0 n=262230353087632226987547 elapsed=3392s
progress: nodes=35,240,000,000 tested=1 found=0 n=229597627908340656370263 elapsed=3393s
progress: nodes=35,250,000,000 tested=1 found=0 n=600046846260766622152149 elapsed=3394s
progress: nodes=35,260,000,000 tested=1 found=0 n=245658089154604266695841 elapsed=3395s
progress: nodes=35,270,000,000 tested=1 found=0 n=647401945613477157723477 elapsed=3396s
progress: nodes=35,280,000,000 tested=1 found=0 n=138946277482281981095241 elapsed=3397s
progress: nodes=35,290,000,000 tested=1 found=0 n=182168743290630125031717 elapsed=3398s
progress: nodes=35,300,000,000 tested=1 found=0 n=344596406353247018303619 elapsed=3399s
progress: nodes=35,310,000,000 tested=1 found=0 n=122361415802433124012839 elapsed=3400s
progress: nodes=35,320,000,000 tested=1 found=0 n=134365799968601130813741 elapsed=3401s
progress: nodes=35,330,000,000 tested=1 found=0 n=71690210558645378707293 elapsed=3402s
progress: nodes=35,340,000,000 tested=1 found=0 n=58842769962735653181573 elapsed=3403s
progress: nodes=35,350,000,000 tested=1 found=0 n=105974906139536495149803 elapsed=3404s
progress: nodes=35,360,000,000 tested=1 found=0 n=690205133936299289606727 elapsed=3405s
progress: nodes=35,370,000,000 tested=1 found=0 n=956133086304752058999153 elapsed=3406s
progress: nodes=35,380,000,000 tested=1 found=0 n=390682770570236583062481 elapsed=3407s
progress: nodes=35,390,000,000 tested=1 found=0 n=993623150907693875415561 elapsed=3408s
progress: nodes=35,400,000,000 tested=1 found=0 n=898921998549173436516393 elapsed=3409s
progress: nodes=35,410,000,000 tested=1 found=0 n=684696386430578204747493 elapsed=3410s
progress: nodes=35,420,000,000 tested=1 found=0 n=63210598975353300063879 elapsed=3411s
progress: nodes=35,430,000,000 tested=1 found=0 n=752692007914055515104513 elapsed=3412s
progress: nodes=35,440,000,000 tested=1 found=0 n=444930621686205025696611 elapsed=3413s
progress: nodes=35,450,000,000 tested=1 found=0 n=850766442804636853006083 elapsed=3414s
progress: nodes=35,460,000,000 tested=1 found=0 n=858332349384859575281913 elapsed=3414s
progress: nodes=35,470,000,000 tested=1 found=0 n=38788571435583563631609 elapsed=3415s
progress: nodes=35,480,000,000 tested=1 found=0 n=2841997181308827659403 elapsed=3416s
progress: nodes=35,490,000,000 tested=1 found=0 n=823688845856809060934091 elapsed=3417s
progress: nodes=35,500,000,000 tested=1 found=0 n=5341286131100762671257 elapsed=3418s
progress: nodes=35,510,000,000 tested=1 found=0 n=4500535153764900631953 elapsed=3419s
progress: nodes=35,520,000,000 tested=1 found=0 n=413354658569114545321467 elapsed=3420s
progress: nodes=35,530,000,000 tested=1 found=0 n=602980586046086813619483 elapsed=3421s
progress: nodes=35,540,000,000 tested=1 found=0 n=186456305682022044285903 elapsed=3422s
progress: nodes=35,550,000,000 tested=1 found=0 n=84475116989973207090879 elapsed=3423s
progress: nodes=35,560,000,000 tested=1 found=0 n=3822715766395473520287 elapsed=3424s
progress: nodes=35,570,000,000 tested=1 found=0 n=528121814724004632249261 elapsed=3425s
progress: nodes=35,580,000,000 tested=1 found=0 n=839336672413560373000377 elapsed=3426s
progress: nodes=35,590,000,000 tested=1 found=0 n=133824512243125006035447 elapsed=3427s
progress: nodes=35,600,000,000 tested=1 found=0 n=494632007336790182792361 elapsed=3428s
progress: nodes=35,610,000,000 tested=1 found=0 n=694833588894703264683963 elapsed=3429s
progress: nodes=35,620,000,000 tested=1 found=0 n=306745898881024885646793 elapsed=3429s
progress: nodes=35,630,000,000 tested=1 found=0 n=301361580170466737857221 elapsed=3430s
progress: nodes=35,640,000,000 tested=1 found=0 n=2899816555526463228513 elapsed=3431s
progress: nodes=35,650,000,000 tested=1 found=0 n=943670047100636042187429 elapsed=3432s
progress: nodes=35,660,000,000 tested=1 found=0 n=475302018584889187519971 elapsed=3433s
progress: nodes=35,670,000,000 tested=1 found=0 n=4371337800066924928527 elapsed=3434s
progress: nodes=35,680,000,000 tested=1 found=0 n=919660759947804569992869 elapsed=3435s
progress: nodes=35,690,000,000 tested=1 found=0 n=321921044634860913888789 elapsed=3436s
progress: nodes=35,700,000,000 tested=1 found=0 n=97596067466846271065457 elapsed=3437s
progress: nodes=35,710,000,000 tested=1 found=0 n=630577911464182287461427 elapsed=3438s
progress: nodes=35,720,000,000 tested=1 found=0 n=3179547926202263067309 elapsed=3439s
progress: nodes=35,730,000,000 tested=1 found=0 n=497454790619186307731967 elapsed=3440s
progress: nodes=35,740,000,000 tested=1 found=0 n=50785815209752396556211 elapsed=3441s
progress: nodes=35,750,000,000 tested=1 found=0 n=684215150773567095724899 elapsed=3442s
progress: nodes=35,760,000,000 tested=1 found=0 n=223966330851073321530591 elapsed=3443s
progress: nodes=35,770,000,000 tested=1 found=0 n=485946729000556848559821 elapsed=3444s
progress: nodes=35,780,000,000 tested=1 found=0 n=619721955708948855994803 elapsed=3444s
progress: nodes=35,790,000,000 tested=1 found=0 n=581154781739028642745743 elapsed=3445s
progress: nodes=35,800,000,000 tested=1 found=0 n=575488743530090701495899 elapsed=3446s
progress: nodes=35,810,000,000 tested=1 found=0 n=187192590238662127321917 elapsed=3447s
progress: nodes=35,820,000,000 tested=1 found=0 n=611077812870257183113377 elapsed=3448s
progress: nodes=35,830,000,000 tested=1 found=0 n=514789084014479771751111 elapsed=3449s
progress: nodes=35,840,000,000 tested=1 found=0 n=130854693064908131354607 elapsed=3450s
progress: nodes=35,850,000,000 tested=1 found=0 n=311028705370447422453381 elapsed=3451s
progress: nodes=35,860,000,000 tested=1 found=0 n=114435231238277523535533 elapsed=3452s
progress: nodes=35,870,000,000 tested=1 found=0 n=124081137586400084306931 elapsed=3453s
progress: nodes=35,880,000,000 tested=1 found=0 n=12092340354221219886651 elapsed=3454s
progress: nodes=35,890,000,000 tested=1 found=0 n=186876053028714516299547 elapsed=3455s
progress: nodes=35,900,000,000 tested=1 found=0 n=191498198410356980761047 elapsed=3456s
progress: nodes=35,910,000,000 tested=1 found=0 n=682414179599991245473209 elapsed=3457s
progress: nodes=35,920,000,000 tested=1 found=0 n=786500981025297141033573 elapsed=3457s
progress: nodes=35,930,000,000 tested=1 found=0 n=383676604977137607114837 elapsed=3458s
progress: nodes=35,940,000,000 tested=1 found=0 n=382930779293297777024769 elapsed=3459s
progress: nodes=35,950,000,000 tested=1 found=0 n=576882268071003869853021 elapsed=3460s
progress: nodes=35,960,000,000 tested=1 found=0 n=892680847275100358770581 elapsed=3461s
progress: nodes=35,970,000,000 tested=1 found=0 n=671628464350217370816963 elapsed=3462s
progress: nodes=35,980,000,000 tested=1 found=0 n=694292998501095279 elapsed=3463s
progress: nodes=35,990,000,000 tested=1 found=0 n=791971149381438707302479 elapsed=3464s
progress: nodes=36,000,000,000 tested=1 found=0 n=95596022103216154301067 elapsed=3465s
progress: nodes=36,010,000,000 tested=1 found=0 n=777367889026796067188331 elapsed=3466s
progress: nodes=36,020,000,000 tested=1 found=0 n=359439195031057738324299 elapsed=3467s
progress: nodes=36,030,000,000 tested=1 found=0 n=327115529655010245624189 elapsed=3468s
progress: nodes=36,040,000,000 tested=1 found=0 n=318201679690291598487 elapsed=3469s
progress: nodes=36,050,000,000 tested=1 found=0 n=223147089753472836993327 elapsed=3470s
progress: nodes=36,060,000,000 tested=1 found=0 n=380844471865617374275947 elapsed=3471s
progress: nodes=36,070,000,000 tested=1 found=0 n=275750652251802393928977 elapsed=3472s
progress: nodes=36,080,000,000 tested=1 found=0 n=216714155229263980768623 elapsed=3473s
progress: nodes=36,090,000,000 tested=1 found=0 n=736954121346630049829109 elapsed=3474s
progress: nodes=36,100,000,000 tested=1 found=0 n=521217279215181041002653 elapsed=3475s
progress: nodes=36,110,000,000 tested=1 found=0 n=131615738726106409658169 elapsed=3476s
progress: nodes=36,120,000,000 tested=1 found=0 n=368942813697681748484817 elapsed=3477s
progress: nodes=36,130,000,000 tested=1 found=0 n=643920508616986992987453 elapsed=3478s
progress: nodes=36,140,000,000 tested=1 found=0 n=144135315189926969581959 elapsed=3479s
progress: nodes=36,150,000,000 tested=1 found=0 n=9931469667748260470553 elapsed=3480s
progress: nodes=36,160,000,000 tested=1 found=0 n=910589793590533523063883 elapsed=3481s
progress: nodes=36,170,000,000 tested=1 found=0 n=495291880264214885615907 elapsed=3482s
progress: nodes=36,180,000,000 tested=1 found=0 n=970520531829622729811427 elapsed=3483s
progress: nodes=36,190,000,000 tested=1 found=0 n=408377451972863538022143 elapsed=3484s
progress: nodes=36,200,000,000 tested=1 found=0 n=13922081952248577576183 elapsed=3485s
progress: nodes=36,210,000,000 tested=1 found=0 n=15202464667780623279189 elapsed=3486s
progress: nodes=36,220,000,000 tested=1 found=0 n=3699647158015707746133 elapsed=3487s
progress: nodes=36,230,000,000 tested=1 found=0 n=267831815493521471712663 elapsed=3488s
progress: nodes=36,240,000,000 tested=1 found=0 n=170352072543021218454891 elapsed=3489s
progress: nodes=36,250,000,000 tested=1 found=0 n=78119148256912804769013 elapsed=3490s
progress: nodes=36,260,000,000 tested=1 found=0 n=333394089600021223638579 elapsed=3491s
progress: nodes=36,270,000,000 tested=1 found=0 n=724501193652457930210359 elapsed=3492s
progress: nodes=36,280,000,000 tested=1 found=0 n=576636775105957651715487 elapsed=3493s
progress: nodes=36,290,000,000 tested=1 found=0 n=739637225884318406042541 elapsed=3494s
progress: nodes=36,300,000,000 tested=1 found=0 n=726949408787567872762713 elapsed=3495s
progress: nodes=36,310,000,000 tested=1 found=0 n=888820339432415343879783 elapsed=3496s
progress: nodes=36,320,000,000 tested=1 found=0 n=221087172418953263828691 elapsed=3497s
progress: nodes=36,330,000,000 tested=1 found=0 n=6098614403121020227161 elapsed=3498s
progress: nodes=36,340,000,000 tested=1 found=0 n=384824952951477584652249 elapsed=3499s
progress: nodes=36,350,000,000 tested=1 found=0 n=640520123691294612051 elapsed=3500s
progress: nodes=36,360,000,000 tested=1 found=0 n=719561275362166037622393 elapsed=3501s
progress: nodes=36,370,000,000 tested=1 found=0 n=131822504322897360657399 elapsed=3502s
progress: nodes=36,380,000,000 tested=1 found=0 n=988756116462879590671989 elapsed=3503s
progress: nodes=36,390,000,000 tested=1 found=0 n=937718305599952320820233 elapsed=3504s
progress: nodes=36,400,000,000 tested=1 found=0 n=167501662343321899149843 elapsed=3505s
progress: nodes=36,410,000,000 tested=1 found=0 n=1115696978552925075021 elapsed=3506s
progress: nodes=36,420,000,000 tested=1 found=0 n=711084151842279376636761 elapsed=3507s
progress: nodes=36,430,000,000 tested=1 found=0 n=84900222097764131659029 elapsed=3508s
progress: nodes=36,440,000,000 tested=1 found=0 n=974771072076422083800909 elapsed=3509s
progress: nodes=36,450,000,000 tested=1 found=0 n=510114204191524585015077 elapsed=3510s
progress: nodes=36,460,000,000 tested=1 found=0 n=4388501353679880941361 elapsed=3511s
progress: nodes=36,470,000,000 tested=1 found=0 n=878468226191373263823663 elapsed=3512s
progress: nodes=36,480,000,000 tested=1 found=0 n=876077768291132259477339 elapsed=3512s
progress: nodes=36,490,000,000 tested=1 found=0 n=970691852014916328467313 elapsed=3513s
progress: nodes=36,500,000,000 tested=1 found=0 n=597963746088706814584053 elapsed=3514s
progress: nodes=36,510,000,000 tested=1 found=0 n=981345050165076089384463 elapsed=3515s
progress: nodes=36,520,000,000 tested=1 found=0 n=897238203474333779988501 elapsed=3516s
progress: nodes=36,530,000,000 tested=1 found=0 n=3581631317309086443831 elapsed=3517s
progress: nodes=36,540,000,000 tested=1 found=0 n=871294421219486464409781 elapsed=3518s
progress: nodes=36,550,000,000 tested=1 found=0 n=376517943254130160240329 elapsed=3519s
progress: nodes=36,560,000,000 tested=1 found=0 n=236330436587637944620497 elapsed=3520s
progress: nodes=36,570,000,000 tested=1 found=0 n=476834760201609229328337 elapsed=3521s
progress: nodes=36,580,000,000 tested=1 found=0 n=347219860473258850073139 elapsed=3522s
progress: nodes=36,590,000,000 tested=1 found=0 n=998631627600888263654529 elapsed=3523s
progress: nodes=36,600,000,000 tested=1 found=0 n=242661153476912105007501 elapsed=3524s
progress: nodes=36,610,000,000 tested=1 found=0 n=677844478910474246861061 elapsed=3525s
progress: nodes=36,620,000,000 tested=1 found=0 n=73644999717362115866109 elapsed=3526s
progress: nodes=36,630,000,000 tested=1 found=0 n=457646577289674105717813 elapsed=3527s
progress: nodes=36,640,000,000 tested=1 found=0 n=127759542766604652470853 elapsed=3528s
progress: nodes=36,650,000,000 tested=1 found=0 n=782709329692714419538257 elapsed=3529s
progress: nodes=36,660,000,000 tested=1 found=0 n=611236892917440400118937 elapsed=3530s
progress: nodes=36,670,000,000 tested=1 found=0 n=152211777762278695426251 elapsed=3531s
progress: nodes=36,680,000,000 tested=1 found=0 n=5347716212112542340501 elapsed=3532s
progress: nodes=36,690,000,000 tested=1 found=0 n=128895031376486859416361 elapsed=3532s
progress: nodes=36,700,000,000 tested=1 found=0 n=154042710387270609277659 elapsed=3533s
progress: nodes=36,710,000,000 tested=1 found=0 n=928017632395987068606099 elapsed=3534s
progress: nodes=36,720,000,000 tested=1 found=0 n=507891778690836093531549 elapsed=3535s
progress: nodes=36,730,000,000 tested=1 found=0 n=938281570642116219596649 elapsed=3536s
progress: nodes=36,740,000,000 tested=1 found=0 n=276126272080477449468981 elapsed=3537s
progress: nodes=36,750,000,000 tested=1 found=0 n=672120443544350370363651 elapsed=3538s
progress: nodes=36,760,000,000 tested=1 found=0 n=365535572462003703851949 elapsed=3539s
progress: nodes=36,770,000,000 tested=1 found=0 n=458828296185472781202921 elapsed=3540s
progress: nodes=36,780,000,000 tested=1 found=0 n=89096237642055714538611 elapsed=3541s
progress: nodes=36,790,000,000 tested=1 found=0 n=722296080941385089049339 elapsed=3542s
progress: nodes=36,800,000,000 tested=1 found=0 n=971779340537286933018081 elapsed=3543s
progress: nodes=36,810,000,000 tested=1 found=0 n=238854331225104502801179 elapsed=3544s
progress: nodes=36,820,000,000 tested=1 found=0 n=400409925046171435669989 elapsed=3545s
progress: nodes=36,830,000,000 tested=1 found=0 n=610712403989533321912293 elapsed=3546s
progress: nodes=36,840,000,000 tested=1 found=0 n=61282586325206655463197 elapsed=3547s
progress: nodes=36,850,000,000 tested=1 found=0 n=836768833236567727746393 elapsed=3548s
progress: nodes=36,860,000,000 tested=1 found=0 n=861111692630092283719053 elapsed=3549s
progress: nodes=36,870,000,000 tested=1 found=0 n=439953348768644360598663 elapsed=3549s
progress: nodes=36,880,000,000 tested=1 found=0 n=501997338401066099683377 elapsed=3550s
progress: nodes=36,890,000,000 tested=1 found=0 n=928885469487143467006851 elapsed=3551s
progress: nodes=36,900,000,000 tested=1 found=0 n=632154757159287685336299 elapsed=3552s
progress: nodes=36,910,000,000 tested=1 found=0 n=446520644793278539869957 elapsed=3553s
progress: nodes=36,920,000,000 tested=1 found=0 n=206726248938851584765251 elapsed=3554s
progress: nodes=36,930,000,000 tested=1 found=0 n=404129874084978455507379 elapsed=3555s
progress: nodes=36,940,000,000 tested=1 found=0 n=990457656353351873969997 elapsed=3556s
progress: nodes=36,950,000,000 tested=1 found=0 n=248383336182680814957699 elapsed=3557s
progress: nodes=36,960,000,000 tested=1 found=0 n=166433881828963082916153 elapsed=3558s
progress: nodes=36,970,000,000 tested=1 found=0 n=627558510156119149134813 elapsed=3559s
progress: nodes=36,980,000,000 tested=1 found=0 n=424560196023668247556299 elapsed=3560s
progress: nodes=36,990,000,000 tested=1 found=0 n=149620164712585890702951 elapsed=3561s
progress: nodes=37,000,000,000 tested=1 found=0 n=503546041252876232496171 elapsed=3562s
progress: nodes=37,010,000,000 tested=1 found=0 n=390627507742060870532823 elapsed=3563s
progress: nodes=37,020,000,000 tested=1 found=0 n=632884927175098217706801 elapsed=3564s
progress: nodes=37,030,000,000 tested=1 found=0 n=752795281454475495950571 elapsed=3564s
progress: nodes=37,040,000,000 tested=1 found=0 n=390659677375300087123941 elapsed=3565s
progress: nodes=37,050,000,000 tested=1 found=0 n=409476847024795490699187 elapsed=3566s
progress: nodes=37,060,000,000 tested=1 found=0 n=463264347555478168642371 elapsed=3567s
progress: nodes=37,070,000,000 tested=1 found=0 n=77514423595974510383667 elapsed=3568s
progress: nodes=37,080,000,000 tested=1 found=0 n=361246851291895479929733 elapsed=3569s
progress: nodes=37,090,000,000 tested=1 found=0 n=741822273486333580933821 elapsed=3570s
progress: nodes=37,100,000,000 tested=1 found=0 n=465016310226330175174719 elapsed=3571s
progress: nodes=37,110,000,000 tested=1 found=0 n=476468398431492551843187 elapsed=3572s
progress: nodes=37,120,000,000 tested=1 found=0 n=197397009477981988419459 elapsed=3573s
progress: nodes=37,130,000,000 tested=1 found=0 n=702592505859223171552503 elapsed=3574s
progress: nodes=37,140,000,000 tested=1 found=0 n=1917426626443009763367 elapsed=3575s
progress: nodes=37,150,000,000 tested=1 found=0 n=544845930600779289618279 elapsed=3576s
progress: nodes=37,160,000,000 tested=1 found=0 n=933436269497798987267919 elapsed=3577s
progress: nodes=37,170,000,000 tested=1 found=0 n=319554824415474197683419 elapsed=3578s
progress: nodes=37,180,000,000 tested=1 found=0 n=151776003309909314999091 elapsed=3579s
progress: nodes=37,190,000,000 tested=1 found=0 n=116982841703856453835653 elapsed=3580s
progress: nodes=37,200,000,000 tested=1 found=0 n=418215247540841898308733 elapsed=3580s
progress: nodes=37,210,000,000 tested=1 found=0 n=48005990031768577825731 elapsed=3581s
progress: nodes=37,220,000,000 tested=1 found=0 n=97181584999462698309861 elapsed=3582s
progress: nodes=37,230,000,000 tested=1 found=0 n=91130457101150270572197 elapsed=3583s
progress: nodes=37,240,000,000 tested=1 found=0 n=913677271864798097486973 elapsed=3584s
progress: nodes=37,250,000,000 tested=1 found=0 n=2341828794811236809793 elapsed=3585s
progress: nodes=37,260,000,000 tested=1 found=0 n=177963016422695151668163 elapsed=3586s
progress: nodes=37,270,000,000 tested=1 found=0 n=406427621325997913266053 elapsed=3587s
progress: nodes=37,280,000,000 tested=1 found=0 n=26171646808768091857083 elapsed=3588s
progress: nodes=37,290,000,000 tested=1 found=0 n=773893977745573797087261 elapsed=3589s
progress: nodes=37,300,000,000 tested=1 found=0 n=558785950534142889935091 elapsed=3590s
progress: nodes=37,310,000,000 tested=1 found=0 n=505212984819920239104099 elapsed=3591s
progress: nodes=37,320,000,000 tested=1 found=0 n=892187089330376010628743 elapsed=3592s
progress: nodes=37,330,000,000 tested=1 found=0 n=770615924242095317588631 elapsed=3593s
progress: nodes=37,340,000,000 tested=1 found=0 n=21973608418626812720487 elapsed=3594s
progress: nodes=37,350,000,000 tested=1 found=0 n=361484260159036447468893 elapsed=3595s
progress: nodes=37,360,000,000 tested=1 found=0 n=161172325079056801960593 elapsed=3596s
progress: nodes=37,370,000,000 tested=1 found=0 n=533997304506326744104593 elapsed=3597s
progress: nodes=37,380,000,000 tested=1 found=0 n=58725957608205844079409 elapsed=3598s
progress: nodes=37,390,000,000 tested=1 found=0 n=718931392987594145483553 elapsed=3599s

done in 3600.0s | nodes=37,398,056,960 | tested=1 | weird=0
