search v2: odd=True, N_CAP=1.00e+24, DELTA_MAX=1.0e+07, MIN_DEPTH=6
SPF shard: smallest prime factor = 3
P2 sub-shard: second prime factor = 7
P3 sub-sub-shard: third prime factor = 11
progress: nodes=10,000,000 tested=51 found=0 n=183927110197954248658071 elapsed=8s
progress: nodes=20,000,000 tested=51 found=0 n=711376781909650130172591 elapsed=46s
progress: nodes=30,000,000 tested=56 found=0 n=8794774744088399529309 elapsed=68s
progress: nodes=40,000,000 tested=57 found=0 n=769562989762273874176779 elapsed=68s
progress: nodes=50,000,000 tested=57 found=0 n=825164425317981525526827 elapsed=69s
progress: nodes=60,000,000 tested=57 found=0 n=802432451959678076055057 elapsed=69s
progress: nodes=70,000,000 tested=57 found=0 n=918680062138961796708111 elapsed=70s
progress: nodes=80,000,000 tested=57 found=0 n=979165480139821968756147 elapsed=70s
progress: nodes=90,000,000 tested=57 found=0 n=927463661937024570916173 elapsed=71s
progress: nodes=100,000,000 tested=57 found=0 n=909534741141395639749941 elapsed=71s
progress: nodes=110,000,000 tested=57 found=0 n=896597656387729589120751 elapsed=71s
progress: nodes=120,000,000 tested=57 found=0 n=913270086362160437282757 elapsed=72s
progress: nodes=130,000,000 tested=57 found=0 n=995337025696035955479393 elapsed=72s
progress: nodes=140,000,000 tested=57 found=0 n=945401572176235581656403 elapsed=73s
progress: nodes=150,000,000 tested=57 found=0 n=846385904298440303372421 elapsed=73s
progress: nodes=160,000,000 tested=57 found=0 n=906865622693372240807139 elapsed=74s
progress: nodes=170,000,000 tested=57 found=0 n=883317994692632222703903 elapsed=74s
progress: nodes=180,000,000 tested=57 found=0 n=911609430672752083556361 elapsed=75s
progress: nodes=190,000,000 tested=57 found=0 n=968547763701979873647543 elapsed=75s
progress: nodes=200,000,000 tested=57 found=0 n=984068079505786256603391 elapsed=75s
progress: nodes=210,000,000 tested=57 found=0 n=954100169163200255067333 elapsed=76s
progress: nodes=220,000,000 tested=58 found=0 n=747289220975120631944367 elapsed=76s
progress: nodes=230,000,000 tested=58 found=0 n=782589376275409892267001 elapsed=77s
progress: nodes=240,000,000 tested=58 found=0 n=583186786015919087528757 elapsed=77s
progress: nodes=250,000,000 tested=58 found=0 n=576833382853719395986197 elapsed=78s
progress: nodes=260,000,000 tested=58 found=0 n=796496870524658328687123 elapsed=78s
progress: nodes=270,000,000 tested=58 found=0 n=827979329797236515202381 elapsed=79s
progress: nodes=280,000,000 tested=58 found=0 n=667992196725814964736117 elapsed=79s
progress: nodes=290,000,000 tested=58 found=0 n=758977797284679450084453 elapsed=80s
progress: nodes=300,000,000 tested=58 found=0 n=703315461969857393596863 elapsed=80s
progress: nodes=310,000,000 tested=58 found=0 n=883679024969377982129169 elapsed=80s
progress: nodes=320,000,000 tested=58 found=0 n=951611349435688245925467 elapsed=81s
progress: nodes=330,000,000 tested=58 found=0 n=907087423745564314709841 elapsed=81s
progress: nodes=340,000,000 tested=58 found=0 n=795166925160732963893901 elapsed=82s
progress: nodes=350,000,000 tested=58 found=0 n=990070385005874153867193 elapsed=82s
progress: nodes=360,000,000 tested=58 found=0 n=728906540244525743504481 elapsed=83s
progress: nodes=370,000,000 tested=58 found=0 n=827690712848057041631109 elapsed=83s
progress: nodes=380,000,000 tested=58 found=0 n=915572371682003588761131 elapsed=84s
progress: nodes=390,000,000 tested=58 found=0 n=636935260823333462908071 elapsed=84s
progress: nodes=400,000,000 tested=58 found=0 n=809337341374753758694281 elapsed=84s
progress: nodes=410,000,000 tested=58 found=0 n=643912757349103438499457 elapsed=85s
progress: nodes=420,000,000 tested=58 found=0 n=900053295219778639059351 elapsed=85s
progress: nodes=430,000,000 tested=58 found=0 n=884901841022150749524573 elapsed=86s
progress: nodes=440,000,000 tested=58 found=0 n=647335569368397695620527 elapsed=86s
progress: nodes=450,000,000 tested=58 found=0 n=935092937546638248401793 elapsed=87s
progress: nodes=460,000,000 tested=58 found=0 n=645911747720775117411291 elapsed=87s
progress: nodes=470,000,000 tested=58 found=0 n=901893220740264790712367 elapsed=88s
progress: nodes=480,000,000 tested=58 found=0 n=963218236844607481583307 elapsed=88s
progress: nodes=490,000,000 tested=58 found=0 n=932474706688776628076931 elapsed=89s
progress: nodes=500,000,000 tested=58 found=0 n=891666470686274665778781 elapsed=89s
progress: nodes=510,000,000 tested=58 found=0 n=846107137228872855694743 elapsed=89s
progress: nodes=520,000,000 tested=58 found=0 n=850363739357058654465969 elapsed=90s
progress: nodes=530,000,000 tested=58 found=0 n=897099771111140694629763 elapsed=90s
progress: nodes=540,000,000 tested=58 found=0 n=684561274980810295011867 elapsed=91s
progress: nodes=550,000,000 tested=58 found=0 n=922643457211031726499021 elapsed=91s
progress: nodes=560,000,000 tested=58 found=0 n=679089772776947219684073 elapsed=92s
progress: nodes=570,000,000 tested=58 found=0 n=679863979547634268843533 elapsed=92s
progress: nodes=580,000,000 tested=58 found=0 n=989318400966551464696503 elapsed=93s
progress: nodes=590,000,000 tested=58 found=0 n=998925655604128024338027 elapsed=93s
progress: nodes=600,000,000 tested=58 found=0 n=773287149515243518952181 elapsed=93s
progress: nodes=610,000,000 tested=58 found=0 n=687854717449315973775603 elapsed=94s
progress: nodes=620,000,000 tested=58 found=0 n=765008650155252064977261 elapsed=94s
progress: nodes=630,000,000 tested=58 found=0 n=744233523240945540277629 elapsed=95s
progress: nodes=640,000,000 tested=58 found=0 n=769886929734885986268861 elapsed=95s
progress: nodes=650,000,000 tested=58 found=0 n=935035389562672579628601 elapsed=96s
progress: nodes=660,000,000 tested=58 found=0 n=754350424697005038919863 elapsed=96s
progress: nodes=670,000,000 tested=58 found=0 n=815695820732599421884731 elapsed=97s
progress: nodes=680,000,000 tested=58 found=0 n=974582127680741278067061 elapsed=97s
progress: nodes=690,000,000 tested=58 found=0 n=777194096570113696523973 elapsed=98s
progress: nodes=700,000,000 tested=58 found=0 n=881099619864466654676871 elapsed=98s
progress: nodes=710,000,000 tested=58 found=0 n=907744833485442919645371 elapsed=98s
progress: nodes=720,000,000 tested=58 found=0 n=817680141935230470651909 elapsed=99s
progress: nodes=730,000,000 tested=58 found=0 n=797991575219359350664527 elapsed=99s
progress: nodes=740,000,000 tested=58 found=0 n=989756496627266751082623 elapsed=100s
progress: nodes=750,000,000 tested=58 found=0 n=977346661124336972604597 elapsed=100s
progress: nodes=760,000,000 tested=58 found=0 n=911405112243675034540401 elapsed=101s
progress: nodes=770,000,000 tested=58 found=0 n=998266661460381747220479 elapsed=101s
progress: nodes=780,000,000 tested=58 found=0 n=827563887706117364990649 elapsed=102s
progress: nodes=790,000,000 tested=58 found=0 n=798589349635832562665781 elapsed=102s
progress: nodes=800,000,000 tested=58 found=0 n=832941295923279400884873 elapsed=103s
progress: nodes=810,000,000 tested=58 found=0 n=903032034718883313561471 elapsed=103s
progress: nodes=820,000,000 tested=58 found=0 n=848649120750566291686761 elapsed=103s
progress: nodes=830,000,000 tested=58 found=0 n=911352603383773722277029 elapsed=104s
progress: nodes=840,000,000 tested=58 found=0 n=908702179233706377764937 elapsed=104s
progress: nodes=850,000,000 tested=58 found=0 n=911013281934222342480759 elapsed=105s
progress: nodes=860,000,000 tested=58 found=0 n=858591020833893134928063 elapsed=105s
progress: nodes=870,000,000 tested=58 found=0 n=903448608295495121298747 elapsed=106s
progress: nodes=880,000,000 tested=58 found=0 n=922926214220849868559761 elapsed=106s
progress: nodes=890,000,000 tested=58 found=0 n=976835273957646949630323 elapsed=107s
progress: nodes=900,000,000 tested=58 found=0 n=926413175145595782570849 elapsed=107s
progress: nodes=910,000,000 tested=58 found=0 n=965519155447671450172239 elapsed=108s
progress: nodes=920,000,000 tested=58 found=0 n=670836238623242810215713 elapsed=108s
progress: nodes=930,000,000 tested=58 found=0 n=536712416136174789506457 elapsed=108s
progress: nodes=940,000,000 tested=58 found=0 n=470493086084238486161277 elapsed=109s
progress: nodes=950,000,000 tested=58 found=0 n=475826307140945037359313 elapsed=109s
progress: nodes=960,000,000 tested=58 found=0 n=540248347190200845999033 elapsed=110s
progress: nodes=970,000,000 tested=58 found=0 n=669028996224740413995579 elapsed=110s
progress: nodes=980,000,000 tested=58 found=0 n=866948093785288699307739 elapsed=111s
progress: nodes=990,000,000 tested=58 found=0 n=282324172710030784697133 elapsed=111s
progress: nodes=1,000,000,000 tested=58 found=0 n=598634452085973696524439 elapsed=112s
progress: nodes=1,010,000,000 tested=58 found=0 n=989069302351825655560677 elapsed=112s
progress: nodes=1,020,000,000 tested=58 found=0 n=575998713838005709588029 elapsed=112s
progress: nodes=1,030,000,000 tested=58 found=0 n=246748594859985838247397 elapsed=113s
progress: nodes=1,040,000,000 tested=58 found=0 n=826404837179763883235733 elapsed=113s
progress: nodes=1,050,000,000 tested=58 found=0 n=624193308071691567521697 elapsed=114s
progress: nodes=1,060,000,000 tested=58 found=0 n=486999839683400244404049 elapsed=114s
progress: nodes=1,070,000,000 tested=58 found=0 n=425220970778564067206253 elapsed=115s
progress: nodes=1,080,000,000 tested=58 found=0 n=428530544393992201964187 elapsed=115s
progress: nodes=1,090,000,000 tested=58 found=0 n=498200693892393807044037 elapsed=116s
progress: nodes=1,100,000,000 tested=58 found=0 n=638149219743351062531169 elapsed=116s
progress: nodes=1,110,000,000 tested=58 found=0 n=853478535837955865496813 elapsed=116s
progress: nodes=1,120,000,000 tested=58 found=0 n=299913879941002816046019 elapsed=117s
progress: nodes=1,130,000,000 tested=58 found=0 n=646496746087475605936383 elapsed=117s
progress: nodes=1,140,000,000 tested=58 found=0 n=238262492395732575014937 elapsed=118s
progress: nodes=1,150,000,000 tested=58 found=0 n=718591956827677939557243 elapsed=118s
progress: nodes=1,160,000,000 tested=58 found=0 n=432848015050261340215917 elapsed=119s
progress: nodes=1,170,000,000 tested=58 found=0 n=219397888493528247284859 elapsed=119s
progress: nodes=1,180,000,000 tested=58 found=0 n=899765748572574577386231 elapsed=120s
progress: nodes=1,190,000,000 tested=58 found=0 n=814832738002731452724027 elapsed=120s
progress: nodes=1,200,000,000 tested=58 found=0 n=796877488582666348659417 elapsed=121s
progress: nodes=1,210,000,000 tested=58 found=0 n=847956489259845843808623 elapsed=121s
progress: nodes=1,220,000,000 tested=58 found=0 n=971892278286312699520281 elapsed=121s
progress: nodes=1,230,000,000 tested=58 found=0 n=327583050020786309085567 elapsed=122s
progress: nodes=1,240,000,000 tested=58 found=0 n=587658223149658292460213 elapsed=122s
progress: nodes=1,250,000,000 tested=58 found=0 n=927572661567306776178927 elapsed=123s
progress: nodes=1,260,000,000 tested=58 found=0 n=485353325554797923784099 elapsed=123s
progress: nodes=1,270,000,000 tested=58 found=0 n=962852044170298271457699 elapsed=124s
progress: nodes=1,280,000,000 tested=58 found=0 n=668870737398209607625287 elapsed=124s
progress: nodes=1,290,000,000 tested=58 found=0 n=447114079561267440532287 elapsed=125s
progress: nodes=1,300,000,000 tested=58 found=0 n=298152768800983580766513 elapsed=125s
progress: nodes=1,310,000,000 tested=58 found=0 n=216995460672775609586223 elapsed=126s
progress: nodes=1,320,000,000 tested=58 found=0 n=204791956491929180102883 elapsed=126s
progress: nodes=1,330,000,000 tested=58 found=0 n=252822097376199883135989 elapsed=126s
progress: nodes=1,340,000,000 tested=58 found=0 n=372723526901395943255367 elapsed=127s
progress: nodes=1,350,000,000 tested=58 found=0 n=568822687731351142059663 elapsed=127s
progress: nodes=1,360,000,000 tested=58 found=0 n=836958338235918260097813 elapsed=128s
progress: nodes=1,370,000,000 tested=58 found=0 n=347808061664905893040143 elapsed=128s
progress: nodes=1,380,000,000 tested=58 found=0 n=758525471581980601774737 elapsed=129s
progress: nodes=1,390,000,000 tested=58 found=0 n=412294519443815607882591 elapsed=129s
progress: nodes=1,400,000,000 tested=58 found=0 n=967368812403856197713301 elapsed=130s
progress: nodes=1,410,000,000 tested=58 found=0 n=751523629416169770677979 elapsed=130s
progress: nodes=1,420,000,000 tested=58 found=0 n=606516207011766360249633 elapsed=131s
progress: nodes=1,430,000,000 tested=58 found=0 n=531359191695634780968567 elapsed=131s
progress: nodes=1,440,000,000 tested=58 found=0 n=530986796283062700797139 elapsed=131s
progress: nodes=1,450,000,000 tested=58 found=0 n=605996423864740283674761 elapsed=132s
progress: nodes=1,460,000,000 tested=58 found=0 n=758514667155906130865703 elapsed=132s
progress: nodes=1,470,000,000 tested=58 found=0 n=997071206072361083766333 elapsed=133s
progress: nodes=1,480,000,000 tested=58 found=0 n=477018086110954395582267 elapsed=133s
progress: nodes=1,490,000,000 tested=58 found=0 n=861909341721934644549873 elapsed=134s
progress: nodes=1,500,000,000 tested=58 found=0 n=485778988904577893845551 elapsed=134s
progress: nodes=1,510,000,000 tested=58 found=0 n=203049480083322343042341 elapsed=135s
progress: nodes=1,520,000,000 tested=58 found=0 n=794074177875965649068637 elapsed=135s
progress: nodes=1,530,000,000 tested=58 found=0 n=637083472966497922433607 elapsed=135s
progress: nodes=1,540,000,000 tested=58 found=0 n=561903019967983057293699 elapsed=136s
progress: nodes=1,550,000,000 tested=58 found=0 n=564046130303293815440109 elapsed=136s
progress: nodes=1,560,000,000 tested=58 found=0 n=640283838682945992406641 elapsed=137s
progress: nodes=1,570,000,000 tested=58 found=0 n=796356657615991638236301 elapsed=137s
progress: nodes=1,580,000,000 tested=58 found=0 n=217262217440287588315131 elapsed=138s
progress: nodes=1,590,000,000 tested=58 found=0 n=514783738811410710450039 elapsed=138s
progress: nodes=1,600,000,000 tested=58 found=0 n=902737063516359762391239 elapsed=139s
progress: nodes=1,610,000,000 tested=58 found=0 n=539781548624925562218879 elapsed=139s
progress: nodes=1,620,000,000 tested=58 found=0 n=268692860301562018259091 elapsed=140s
progress: nodes=1,630,000,000 tested=58 found=0 n=877052798887794575038839 elapsed=140s
progress: nodes=1,640,000,000 tested=58 found=0 n=748155814233893937649701 elapsed=140s
progress: nodes=1,650,000,000 tested=58 found=0 n=694997902776089702300049 elapsed=141s
progress: nodes=1,660,000,000 tested=58 found=0 n=723365602089331992103467 elapsed=141s
progress: nodes=1,670,000,000 tested=58 found=0 n=830660140234926930964959 elapsed=142s
progress: nodes=1,680,000,000 tested=58 found=0 n=210741135868009611689517 elapsed=142s
progress: nodes=1,690,000,000 tested=58 found=0 n=464332356821234712927501 elapsed=143s
progress: nodes=1,700,000,000 tested=58 found=0 n=814107639877254300634749 elapsed=143s
progress: nodes=1,710,000,000 tested=58 found=0 n=426603400712541753940701 elapsed=144s
progress: nodes=1,720,000,000 tested=58 found=0 n=933322667526808391572047 elapsed=144s
progress: nodes=1,730,000,000 tested=58 found=0 n=696005467776969886747827 elapsed=144s
progress: nodes=1,740,000,000 tested=58 found=0 n=548203260964967672921703 elapsed=145s
progress: nodes=1,750,000,000 tested=58 found=0 n=482630886242573786259003 elapsed=145s
progress: nodes=1,760,000,000 tested=58 found=0 n=491254268239410253819857 elapsed=146s
progress: nodes=1,770,000,000 tested=58 found=0 n=582428834322154286210667 elapsed=146s
progress: nodes=1,780,000,000 tested=58 found=0 n=752234769717885309975273 elapsed=147s
progress: nodes=1,790,000,000 tested=58 found=0 n=208991673668279376975177 elapsed=147s
progress: nodes=1,800,000,000 tested=58 found=0 n=534219413606788924945161 elapsed=148s
progress: nodes=1,810,000,000 tested=58 found=0 n=953256946937503356523683 elapsed=148s
progress: nodes=1,820,000,000 tested=58 found=0 n=627009189416824897722501 elapsed=149s
progress: nodes=1,830,000,000 tested=58 found=0 n=387291103658665611853833 elapsed=149s
progress: nodes=1,840,000,000 tested=58 found=0 n=232288716654516014524647 elapsed=149s
progress: nodes=1,850,000,000 tested=58 found=0 n=959986254063161435888547 elapsed=150s
progress: nodes=1,860,000,000 tested=58 found=0 n=969594319002584200956723 elapsed=150s
progress: nodes=1,870,000,000 tested=58 found=0 n=255053249876415271865661 elapsed=151s
progress: nodes=1,880,000,000 tested=58 found=0 n=420303673260563009091867 elapsed=151s
progress: nodes=1,890,000,000 tested=58 found=0 n=677155022818899026288733 elapsed=152s
progress: nodes=1,900,000,000 tested=58 found=0 n=224234782563976249455621 elapsed=152s
progress: nodes=1,910,000,000 tested=58 found=0 n=645416712486852457683609 elapsed=153s
progress: nodes=1,920,000,000 tested=58 found=0 n=357543741606581381342337 elapsed=153s
progress: nodes=1,930,000,000 tested=58 found=0 n=953105570219657700473859 elapsed=153s
progress: nodes=1,940,000,000 tested=58 found=0 n=831849713544051253097739 elapsed=154s
progress: nodes=1,950,000,000 tested=58 found=0 n=807002876711837731150071 elapsed=154s
progress: nodes=1,960,000,000 tested=58 found=0 n=864276026362303889701521 elapsed=155s
progress: nodes=1,970,000,000 tested=58 found=0 n=215890712717769842742297 elapsed=155s
progress: nodes=1,980,000,000 tested=58 found=0 n=444330904902746966762427 elapsed=156s
progress: nodes=1,990,000,000 tested=58 found=0 n=771737247229104254188629 elapsed=156s
progress: nodes=2,000,000,000 tested=58 found=0 n=390898743924089206549359 elapsed=157s
progress: nodes=2,010,000,000 tested=58 found=0 n=896047630239920899055931 elapsed=157s
progress: nodes=2,020,000,000 tested=58 found=0 n=677141979855188400489321 elapsed=158s
progress: nodes=2,030,000,000 tested=58 found=0 n=553835202176054633330727 elapsed=158s
progress: nodes=2,040,000,000 tested=58 found=0 n=524674774493978551302321 elapsed=158s
progress: nodes=2,050,000,000 tested=58 found=0 n=571848212929698144080487 elapsed=159s
progress: nodes=2,060,000,000 tested=58 found=0 n=705426932788909128169911 elapsed=159s
progress: nodes=2,070,000,000 tested=58 found=0 n=926485514645698249135047 elapsed=160s
progress: nodes=2,080,000,000 tested=58 found=0 n=433181933518560952683573 elapsed=160s
progress: nodes=2,090,000,000 tested=58 found=0 n=824252921475661237405923 elapsed=161s
progress: nodes=2,100,000,000 tested=58 found=0 n=519852790592888466734559 elapsed=161s
progress: nodes=2,110,000,000 tested=58 found=0 n=320908405449345747709599 elapsed=162s
progress: nodes=2,120,000,000 tested=58 found=0 n=998464334173988236410933 elapsed=162s
progress: nodes=2,130,000,000 tested=58 found=0 n=970617511864953960661269 elapsed=162s
progress: nodes=2,140,000,000 tested=58 found=0 n=244944323263476662851179 elapsed=163s
progress: nodes=2,150,000,000 tested=58 found=0 n=399582342863260763329431 elapsed=163s
progress: nodes=2,160,000,000 tested=58 found=0 n=651308082714143416475991 elapsed=164s
progress: nodes=2,170,000,000 tested=58 found=0 n=993578004911600657278191 elapsed=164s
progress: nodes=2,180,000,000 tested=58 found=0 n=614959839269789631462999 elapsed=165s
progress: nodes=2,190,000,000 tested=58 found=0 n=339923976905173236952761 elapsed=165s
progress: nodes=2,200,000,000 tested=58 found=0 n=943171387738267728916953 elapsed=166s
progress: nodes=2,210,000,000 tested=58 found=0 n=842516239816309676718177 elapsed=166s
progress: nodes=2,220,000,000 tested=58 found=0 n=833142141539639780422959 elapsed=167s
progress: nodes=2,230,000,000 tested=58 found=0 n=923326537113023337609777 elapsed=167s
progress: nodes=2,240,000,000 tested=58 found=0 n=312710030210629436817663 elapsed=167s
progress: nodes=2,250,000,000 tested=58 found=0 n=581290707619581570383157 elapsed=168s
progress: nodes=2,260,000,000 tested=58 found=0 n=960027407644907382435963 elapsed=168s
progress: nodes=2,270,000,000 tested=58 found=0 n=632593443416845888414899 elapsed=169s
progress: nodes=2,280,000,000 tested=58 found=0 n=407596647866530736212137 elapsed=169s
progress: nodes=2,290,000,000 tested=58 found=0 n=274191029816659292238363 elapsed=170s
progress: nodes=2,300,000,000 tested=58 found=0 n=229214146728886716785157 elapsed=170s
progress: nodes=2,310,000,000 tested=58 found=0 n=276908493511701123056523 elapsed=171s
progress: nodes=2,320,000,000 tested=58 found=0 n=424950589998896048049501 elapsed=171s
progress: nodes=2,330,000,000 tested=58 found=0 n=671292717787624383204831 elapsed=171s
progress: nodes=2,340,000,000 tested=58 found=0 n=241793060739128550294489 elapsed=172s
progress: nodes=2,350,000,000 tested=58 found=0 n=671515773338947063437603 elapsed=172s
progress: nodes=2,360,000,000 tested=58 found=0 n=423918845874837061978383 elapsed=173s
progress: nodes=2,370,000,000 tested=58 found=0 n=266703850488669776878311 elapsed=173s
progress: nodes=2,380,000,000 tested=58 found=0 n=979467606680599791173727 elapsed=174s
progress: nodes=2,390,000,000 tested=58 found=0 n=243034251123608663624829 elapsed=174s
progress: nodes=2,400,000,000 tested=58 found=0 n=371912335788387026487393 elapsed=175s
progress: nodes=2,410,000,000 tested=58 found=0 n=593896592828425385304729 elapsed=175s
progress: nodes=2,420,000,000 tested=58 found=0 n=914645099220991721200233 elapsed=176s
progress: nodes=2,430,000,000 tested=58 found=0 n=549798982150859385806169 elapsed=176s
progress: nodes=2,440,000,000 tested=58 found=0 n=300796210844770987492839 elapsed=176s
progress: nodes=2,450,000,000 tested=58 found=0 n=915644443104159634758123 elapsed=177s
progress: nodes=2,460,000,000 tested=58 found=0 n=864749084398455523489299 elapsed=177s
progress: nodes=2,470,000,000 tested=58 found=0 n=920317913485368972780591 elapsed=178s
progress: nodes=2,480,000,000 tested=58 found=0 n=301777922760068097751023 elapsed=178s
progress: nodes=2,490,000,000 tested=58 found=0 n=546145088691426107573151 elapsed=179s
progress: nodes=2,500,000,000 tested=58 found=0 n=897627678351846194573667 elapsed=179s
progress: nodes=2,510,000,000 tested=58 found=0 n=570136233691068980503491 elapsed=180s
progress: nodes=2,520,000,000 tested=58 found=0 n=347480286754251027861099 elapsed=180s
progress: nodes=2,530,000,000 tested=58 found=0 n=234456957283770857837817 elapsed=180s
progress: nodes=2,540,000,000 tested=58 found=0 n=977784009013897405001451 elapsed=181s
progress: nodes=2,550,000,000 tested=58 found=0 n=289038853943546883357951 elapsed=181s
progress: nodes=2,560,000,000 tested=58 found=0 n=466094901002027713210179 elapsed=182s
progress: nodes=2,570,000,000 tested=58 found=0 n=760704964724239669429911 elapsed=182s
progress: nodes=2,580,000,000 tested=58 found=0 n=387475216028572666200129 elapsed=183s
progress: nodes=2,590,000,000 tested=58 found=0 n=875603659768722183617703 elapsed=183s
progress: nodes=2,600,000,000 tested=58 found=0 n=687392186144996575520739 elapsed=184s
progress: nodes=2,610,000,000 tested=58 found=0 n=605797157973940362626427 elapsed=184s
progress: nodes=2,620,000,000 tested=58 found=0 n=629402797337710187663487 elapsed=185s
progress: nodes=2,630,000,000 tested=58 found=0 n=769387227658330324643523 elapsed=185s
progress: nodes=2,640,000,000 tested=58 found=0 n=254428444782142870694301 elapsed=185s
progress: nodes=2,650,000,000 tested=58 found=0 n=589133734344661767025149 elapsed=186s
progress: nodes=2,660,000,000 tested=58 found=0 n=289235362383518793447051 elapsed=186s
progress: nodes=2,670,000,000 tested=58 found=0 n=852491569773822029828469 elapsed=187s
progress: nodes=2,680,000,000 tested=58 found=0 n=751916229074731237678623 elapsed=187s
progress: nodes=2,690,000,000 tested=58 found=0 n=760167315251129020772691 elapsed=188s
progress: nodes=2,700,000,000 tested=58 found=0 n=881798861697171016917087 elapsed=188s
progress: nodes=2,710,000,000 tested=58 found=0 n=358230330978876102860883 elapsed=189s
progress: nodes=2,720,000,000 tested=58 found=0 n=708404165855491560047901 elapsed=189s
progress: nodes=2,730,000,000 tested=58 found=0 n=413571408367157803001547 elapsed=190s
progress: nodes=2,740,000,000 tested=58 found=0 n=988205957863387225988949 elapsed=190s
progress: nodes=2,750,000,000 tested=58 found=0 n=911463288858734709703221 elapsed=190s
progress: nodes=2,760,000,000 tested=58 found=0 n=949140003047597104658607 elapsed=191s
progress: nodes=2,770,000,000 tested=58 found=0 n=339395228758418696431029 elapsed=191s
progress: nodes=2,780,000,000 tested=58 found=0 n=589106106087348060087723 elapsed=192s
progress: nodes=2,790,000,000 tested=58 found=0 n=952413397880606378991351 elapsed=192s
progress: nodes=2,800,000,000 tested=58 found=0 n=675131660578652883961509 elapsed=193s
progress: nodes=2,810,000,000 tested=58 found=0 n=519403085938307476272213 elapsed=193s
progress: nodes=2,820,000,000 tested=58 found=0 n=478410361511584823082531 elapsed=194s
progress: nodes=2,830,000,000 tested=58 found=0 n=550941634088546293744767 elapsed=194s
progress: nodes=2,840,000,000 tested=58 found=0 n=734031838603201377849687 elapsed=195s
progress: nodes=2,850,000,000 tested=58 found=0 n=289448092678310133243291 elapsed=195s
progress: nodes=2,860,000,000 tested=58 found=0 n=692020902333250722342033 elapsed=195s
progress: nodes=2,870,000,000 tested=58 found=0 n=461577970941154725221487 elapsed=196s
progress: nodes=2,880,000,000 tested=58 found=0 n=350034694224976675004013 elapsed=196s
progress: nodes=2,890,000,000 tested=58 found=0 n=347263817091653843102799 elapsed=197s
progress: nodes=2,900,000,000 tested=58 found=0 n=451707396227786889681183 elapsed=197s
progress: nodes=2,910,000,000 tested=58 found=0 n=673026837416398454122287 elapsed=198s
progress: nodes=2,920,000,000 tested=58 found=0 n=280704433105910494616859 elapsed=198s
progress: nodes=2,930,000,000 tested=58 found=0 n=722245468224244611408993 elapsed=199s
progress: nodes=2,940,000,000 tested=58 found=0 n=541453630573267514491851 elapsed=199s
progress: nodes=2,950,000,000 tested=58 found=0 n=480693507415777326951819 elapsed=200s
progress: nodes=2,960,000,000 tested=58 found=0 n=530438603741601116360337 elapsed=200s
progress: nodes=2,970,000,000 tested=58 found=0 n=707991022946351153387763 elapsed=201s
progress: nodes=2,980,000,000 tested=58 found=0 n=274181432502711707450631 elapsed=201s
progress: nodes=2,990,000,000 tested=58 found=0 n=684089209213982847955449 elapsed=201s
progress: nodes=3,000,000,000 tested=58 found=0 n=491105510022391251855021 elapsed=202s
progress: nodes=3,010,000,000 tested=58 found=0 n=434396815034459175253971 elapsed=202s
progress: nodes=3,020,000,000 tested=58 found=0 n=498635446589844477197823 elapsed=203s
progress: nodes=3,030,000,000 tested=58 found=0 n=683788790292009387890751 elapsed=203s
progress: nodes=3,040,000,000 tested=58 found=0 n=988978638181147532487261 elapsed=204s
progress: nodes=3,050,000,000 tested=58 found=0 n=673823309352390305682651 elapsed=204s
progress: nodes=3,060,000,000 tested=58 found=0 n=486158800206503267060679 elapsed=205s
progress: nodes=3,070,000,000 tested=58 found=0 n=420704897391715303604853 elapsed=205s
progress: nodes=3,080,000,000 tested=58 found=0 n=476159855766883911780003 elapsed=206s
progress: nodes=3,090,000,000 tested=58 found=0 n=659290380190024267520451 elapsed=206s
progress: nodes=3,100,000,000 tested=58 found=0 n=972283725367744888470141 elapsed=207s
progress: nodes=3,110,000,000 tested=58 found=0 n=669128132148206589434961 elapsed=207s
progress: nodes=3,120,000,000 tested=58 found=0 n=490266207445715578715607 elapsed=208s
progress: nodes=3,130,000,000 tested=58 found=0 n=443855063896626942362187 elapsed=208s
progress: nodes=3,140,000,000 tested=58 found=0 n=521670108212606917010601 elapsed=209s
progress: nodes=3,150,000,000 tested=58 found=0 n=730406931469736187215241 elapsed=209s
progress: nodes=3,160,000,000 tested=58 found=0 n=350780332914969897637467 elapsed=209s
progress: nodes=3,170,000,000 tested=58 found=0 n=817907785898382890745111 elapsed=210s
progress: nodes=3,180,000,000 tested=58 found=0 n=688636259533940418377523 elapsed=210s
progress: nodes=3,190,000,000 tested=58 found=0 n=692922207157166863057797 elapsed=211s
progress: nodes=3,200,000,000 tested=58 found=0 n=829739120766076403991801 elapsed=211s
progress: nodes=3,210,000,000 tested=58 found=0 n=375460129312869568103829 elapsed=212s
progress: nodes=3,220,000,000 tested=58 found=0 n=771406726667369025983211 elapsed=212s
progress: nodes=3,230,000,000 tested=58 found=0 n=578341775177834052126357 elapsed=213s
progress: nodes=3,240,000,000 tested=58 found=0 n=525717325762066087257069 elapsed=213s
progress: nodes=3,250,000,000 tested=58 found=0 n=602999234334524087095959 elapsed=214s
progress: nodes=3,260,000,000 tested=58 found=0 n=826130401331944883777757 elapsed=214s
progress: nodes=3,270,000,000 tested=58 found=0 n=482414431729330033362891 elapsed=215s
progress: nodes=3,280,000,000 tested=58 found=0 n=289041219155126096710821 elapsed=215s
progress: nodes=3,290,000,000 tested=58 found=0 n=935402847053952440121651 elapsed=216s
progress: nodes=3,300,000,000 tested=58 found=0 n=295803916041106013561559 elapsed=216s
progress: nodes=3,310,000,000 tested=58 found=0 n=494083182308089598876421 elapsed=217s
progress: nodes=3,320,000,000 tested=58 found=0 n=841188459496948294746861 elapsed=217s
progress: nodes=3,330,000,000 tested=58 found=0 n=611148807090559444639779 elapsed=218s
progress: nodes=3,340,000,000 tested=58 found=0 n=512840683680516382713291 elapsed=218s
progress: nodes=3,350,000,000 tested=58 found=0 n=560785211313638988071241 elapsed=218s
progress: nodes=3,360,000,000 tested=58 found=0 n=746694592757559327498309 elapsed=219s
progress: nodes=3,370,000,000 tested=58 found=0 n=369853623084345688403577 elapsed=219s
progress: nodes=3,380,000,000 tested=58 found=0 n=844962893236300334200551 elapsed=220s
progress: nodes=3,390,000,000 tested=58 found=0 n=769677267665268732978747 elapsed=220s
progress: nodes=3,400,000,000 tested=58 found=0 n=835007353872124272865641 elapsed=221s
progress: nodes=3,410,000,000 tested=58 found=0 n=340477010949963434075991 elapsed=221s
progress: nodes=3,420,000,000 tested=58 found=0 n=676944487176352828900929 elapsed=222s
progress: nodes=3,430,000,000 tested=58 found=0 n=455901085759723941983877 elapsed=222s
progress: nodes=3,440,000,000 tested=58 found=0 n=386240960216904167817981 elapsed=223s
progress: nodes=3,450,000,000 tested=58 found=0 n=451021552471978678082277 elapsed=223s
progress: nodes=3,460,000,000 tested=58 found=0 n=660198486674476816765083 elapsed=224s
progress: nodes=3,470,000,000 tested=58 found=0 n=314192456978484691137069 elapsed=224s
progress: nodes=3,480,000,000 tested=58 found=0 n=795278539010508130267767 elapsed=225s
progress: nodes=3,490,000,000 tested=58 found=0 n=731129012028361480317399 elapsed=225s
progress: nodes=3,500,000,000 tested=58 found=0 n=820557895265614542964851 elapsed=226s
progress: nodes=3,510,000,000 tested=58 found=0 n=369589377627189031905747 elapsed=226s
progress: nodes=3,520,000,000 tested=58 found=0 n=758007031833652370593131 elapsed=227s
progress: nodes=3,530,000,000 tested=58 found=0 n=603400975349147042440527 elapsed=227s
progress: nodes=3,540,000,000 tested=58 found=0 n=602714865370662669114567 elapsed=227s
progress: nodes=3,550,000,000 tested=58 found=0 n=755710707618425849443461 elapsed=228s
progress: nodes=3,560,000,000 tested=58 found=0 n=381001520970286639684569 elapsed=228s
progress: nodes=3,570,000,000 tested=58 found=0 n=852673385588780954321739 elapsed=229s
progress: nodes=3,580,000,000 tested=58 found=0 n=787227704181812396604717 elapsed=229s
progress: nodes=3,590,000,000 tested=58 found=0 n=877474651644352099908801 elapsed=230s
progress: nodes=3,600,000,000 tested=58 found=0 n=436735308362773417338033 elapsed=230s
progress: nodes=3,610,000,000 tested=58 found=0 n=832376577495373636461813 elapsed=231s
progress: nodes=3,620,000,000 tested=58 found=0 n=700356339073607168024919 elapsed=231s
progress: nodes=3,630,000,000 tested=58 found=0 n=730954623316116734872029 elapsed=232s
progress: nodes=3,640,000,000 tested=58 found=0 n=918338175143645696892837 elapsed=232s
progress: nodes=3,650,000,000 tested=58 found=0 n=570855863274421759013133 elapsed=233s
progress: nodes=3,660,000,000 tested=58 found=0 n=398590893699502200592203 elapsed=233s
progress: nodes=3,670,000,000 tested=58 found=0 n=375827492850107652391653 elapsed=234s
progress: nodes=3,680,000,000 tested=58 found=0 n=511911050159270662570593 elapsed=234s
progress: nodes=3,690,000,000 tested=58 found=0 n=818891374141242061265529 elapsed=235s
progress: nodes=3,700,000,000 tested=58 found=0 n=607188186175193110892943 elapsed=235s
progress: nodes=3,710,000,000 tested=58 found=0 n=561275262257937044727987 elapsed=236s
progress: nodes=3,720,000,000 tested=58 found=0 n=679603007784344948564337 elapsed=236s
progress: nodes=3,730,000,000 tested=58 found=0 n=970592158340770850189613 elapsed=236s
progress: nodes=3,740,000,000 tested=58 found=0 n=742873987201306427038341 elapsed=237s
progress: nodes=3,750,000,000 tested=58 found=0 n=680443212441955193472087 elapsed=237s
progress: nodes=3,760,000,000 tested=58 found=0 n=788350642986825514838781 elapsed=238s
progress: nodes=3,770,000,000 tested=58 found=0 n=400119804638083913443137 elapsed=238s
progress: nodes=3,780,000,000 tested=58 found=0 n=834116516849188805212827 elapsed=239s
progress: nodes=3,790,000,000 tested=58 found=0 n=777537885323491382375901 elapsed=239s
progress: nodes=3,800,000,000 tested=58 found=0 n=908114275233876294892539 elapsed=240s
progress: nodes=3,810,000,000 tested=58 found=0 n=539497949887277178468363 elapsed=240s
progress: nodes=3,820,000,000 tested=58 found=0 n=345287424026739945322341 elapsed=241s
progress: nodes=3,830,000,000 tested=58 found=0 n=992606578032875511381291 elapsed=241s
progress: nodes=3,840,000,000 tested=58 found=0 n=489448242326992944938481 elapsed=242s
progress: nodes=3,850,000,000 tested=58 found=0 n=830359139151262474242027 elapsed=242s
progress: nodes=3,860,000,000 tested=58 found=0 n=679281942650507143808553 elapsed=243s
progress: nodes=3,870,000,000 tested=58 found=0 n=710204210800910722586151 elapsed=243s
progress: nodes=3,880,000,000 tested=58 found=0 n=922646606462804937925827 elapsed=244s
progress: nodes=3,890,000,000 tested=58 found=0 n=658158647785104448381707 elapsed=244s
progress: nodes=3,900,000,000 tested=58 found=0 n=583383318257000120380983 elapsed=245s
progress: nodes=3,910,000,000 tested=58 found=0 n=697726051765019702931429 elapsed=245s
progress: nodes=3,920,000,000 tested=58 found=0 n=345938135895961593130377 elapsed=246s
progress: nodes=3,930,000,000 tested=58 found=0 n=823376279354712727712607 elapsed=246s
progress: nodes=3,940,000,000 tested=58 found=0 n=827078965196572172248857 elapsed=247s
progress: nodes=3,950,000,000 tested=58 found=0 n=370804143586831452440019 elapsed=247s
progress: nodes=3,960,000,000 tested=58 found=0 n=741477304068210159584211 elapsed=247s
progress: nodes=3,970,000,000 tested=58 found=0 n=650997871354426719393963 elapsed=248s
progress: nodes=3,980,000,000 tested=58 found=0 n=744771228650500367345337 elapsed=248s
progress: nodes=3,990,000,000 tested=58 found=0 n=379257126432971606489439 elapsed=249s
progress: nodes=4,000,000,000 tested=58 found=0 n=851069815006032844176339 elapsed=249s
progress: nodes=4,010,000,000 tested=58 found=0 n=872657030664463008188763 elapsed=250s
progress: nodes=4,020,000,000 tested=58 found=0 n=448199715021617158608393 elapsed=250s
progress: nodes=4,030,000,000 tested=58 found=0 n=852622694239119973784307 elapsed=251s
progress: nodes=4,040,000,000 tested=58 found=0 n=802892633326636460299461 elapsed=251s
progress: nodes=4,050,000,000 tested=58 found=0 n=962041254431826653921529 elapsed=252s
progress: nodes=4,060,000,000 tested=58 found=0 n=682358696105550584004423 elapsed=252s
progress: nodes=4,070,000,000 tested=58 found=0 n=606763332584381416105431 elapsed=253s
progress: nodes=4,080,000,000 tested=58 found=0 n=737675057823680071682433 elapsed=253s
progress: nodes=4,090,000,000 tested=58 found=0 n=434593126967997173408001 elapsed=254s
progress: nodes=4,100,000,000 tested=58 found=0 n=965039475565525645258281 elapsed=254s
progress: nodes=4,110,000,000 tested=58 found=0 n=430214121718217692737651 elapsed=255s
progress: nodes=4,120,000,000 tested=58 found=0 n=728907053673418635382983 elapsed=255s
progress: nodes=4,130,000,000 tested=58 found=0 n=606140440717858379791227 elapsed=256s
progress: nodes=4,140,000,000 tested=58 found=0 n=709812938756955718046439 elapsed=256s
progress: nodes=4,150,000,000 tested=58 found=0 n=393117175324172597300541 elapsed=257s
progress: nodes=4,160,000,000 tested=58 found=0 n=911759635438837681494537 elapsed=257s
progress: nodes=4,170,000,000 tested=58 found=0 n=392499156604259595012507 elapsed=257s
progress: nodes=4,180,000,000 tested=58 found=0 n=701187146929651197887379 elapsed=258s
progress: nodes=4,190,000,000 tested=58 found=0 n=604033457995005888505887 elapsed=258s
progress: nodes=4,200,000,000 tested=58 found=0 n=729369589214135938740903 elapsed=259s
progress: nodes=4,210,000,000 tested=58 found=0 n=462577444295433426512091 elapsed=259s
progress: nodes=4,220,000,000 tested=58 found=0 n=415231392671031778193583 elapsed=260s
progress: nodes=4,230,000,000 tested=58 found=0 n=593627622976577714209839 elapsed=260s
progress: nodes=4,240,000,000 tested=58 found=0 n=384716173418718995643867 elapsed=261s
progress: nodes=4,250,000,000 tested=58 found=0 n=400679060827661192051937 elapsed=261s
progress: nodes=4,260,000,000 tested=58 found=0 n=636648780980652085998891 elapsed=262s
progress: nodes=4,270,000,000 tested=58 found=0 n=485770124407425429650463 elapsed=262s
progress: nodes=4,280,000,000 tested=58 found=0 n=553420358763822110249073 elapsed=263s
progress: nodes=4,290,000,000 tested=58 found=0 n=853125549043297110656229 elapsed=263s
progress: nodes=4,300,000,000 tested=58 found=0 n=759546705115285273272933 elapsed=264s
progress: nodes=4,310,000,000 tested=58 found=0 n=895769965883414298179349 elapsed=264s
progress: nodes=4,320,000,000 tested=58 found=0 n=662185115427916042142103 elapsed=265s
progress: nodes=4,330,000,000 tested=58 found=0 n=676070113888661091706953 elapsed=265s
progress: nodes=4,340,000,000 tested=58 found=0 n=951893355720375066296529 elapsed=266s
progress: nodes=4,350,000,000 tested=58 found=0 n=841486264551579268668123 elapsed=266s
progress: nodes=4,360,000,000 tested=58 found=0 n=968973992776693102621653 elapsed=267s
progress: nodes=4,370,000,000 tested=58 found=0 n=723001026416848637474709 elapsed=267s
progress: nodes=4,380,000,000 tested=58 found=0 n=723478132428957678342339 elapsed=268s
progress: nodes=4,390,000,000 tested=58 found=0 n=973057668897356469675171 elapsed=268s
progress: nodes=4,400,000,000 tested=58 found=0 n=875192377047105402309717 elapsed=269s
progress: nodes=4,410,000,000 tested=58 found=0 n=428248176702309329370543 elapsed=269s
progress: nodes=4,420,000,000 tested=58 found=0 n=822473968888816115101461 elapsed=270s
progress: nodes=4,430,000,000 tested=58 found=0 n=875661443227598991705819 elapsed=270s
progress: nodes=4,440,000,000 tested=58 found=0 n=589718061189563196540573 elapsed=271s
progress: nodes=4,450,000,000 tested=58 found=0 n=575560101374173237351491 elapsed=271s
progress: nodes=4,460,000,000 tested=58 found=0 n=810060153963264164563911 elapsed=272s
progress: nodes=4,470,000,000 tested=58 found=0 n=717471870314864707659771 elapsed=272s
progress: nodes=4,480,000,000 tested=58 found=0 n=889826918717880396209187 elapsed=272s
progress: nodes=4,490,000,000 tested=58 found=0 n=740664074914515227091231 elapsed=273s
progress: nodes=4,500,000,000 tested=58 found=0 n=854558285256007957723329 elapsed=273s
progress: nodes=4,510,000,000 tested=58 found=0 n=662897879386224172757451 elapsed=274s
progress: nodes=4,520,000,000 tested=58 found=0 n=759847974456490830485883 elapsed=274s
progress: nodes=4,530,000,000 tested=58 found=0 n=567085558275001720908261 elapsed=275s
progress: nodes=4,540,000,000 tested=58 found=0 n=657788538605015990708613 elapsed=275s
progress: nodes=4,550,000,000 tested=58 found=0 n=442859562158404260578247 elapsed=276s
progress: nodes=4,560,000,000 tested=58 found=0 n=499412323712637363090447 elapsed=276s
progress: nodes=4,570,000,000 tested=58 found=0 n=823505076362480188175037 elapsed=277s
progress: nodes=4,580,000,000 tested=58 found=0 n=853186142023117640263449 elapsed=277s
progress: nodes=4,590,000,000 tested=58 found=0 n=595386089780804063273763 elapsed=278s
progress: nodes=4,600,000,000 tested=58 found=0 n=660737611215832081428189 elapsed=278s
progress: nodes=4,610,000,000 tested=58 found=0 n=462645289552413184015491 elapsed=279s
progress: nodes=4,620,000,000 tested=58 found=0 n=549679243461644181063717 elapsed=279s
progress: nodes=4,630,000,000 tested=58 found=0 n=929712860708381786607417 elapsed=280s
progress: nodes=4,640,000,000 tested=58 found=0 n=485113244212405209651327 elapsed=280s
progress: nodes=4,650,000,000 tested=58 found=0 n=900653593347192568203243 elapsed=281s
progress: nodes=4,660,000,000 tested=58 found=0 n=501204321943083488078811 elapsed=281s
progress: nodes=4,670,000,000 tested=58 found=0 n=956741769324812449723437 elapsed=282s
progress: nodes=4,680,000,000 tested=58 found=0 n=600397911556834642547373 elapsed=282s
progress: nodes=4,690,000,000 tested=58 found=0 n=566560138186889480599119 elapsed=282s
progress: nodes=4,700,000,000 tested=58 found=0 n=843027788334037989120669 elapsed=283s
progress: nodes=4,710,000,000 tested=58 found=0 n=903187341771385025353383 elapsed=283s
progress: nodes=4,720,000,000 tested=58 found=0 n=728091581401069564020111 elapsed=284s
progress: nodes=4,730,000,000 tested=58 found=0 n=874177360721622776339829 elapsed=284s
progress: nodes=4,740,000,000 tested=58 found=0 n=798673163100105216957957 elapsed=285s
progress: nodes=4,750,000,000 tested=58 found=0 n=507753096507716191155639 elapsed=285s
progress: nodes=4,760,000,000 tested=58 found=0 n=557065231665953103557541 elapsed=286s
progress: nodes=4,770,000,000 tested=58 found=0 n=935452776797285786779509 elapsed=286s
progress: nodes=4,780,000,000 tested=58 found=0 n=565786524943222176179817 elapsed=287s
progress: nodes=4,790,000,000 tested=58 found=0 n=561521243518389919611693 elapsed=287s
progress: nodes=4,800,000,000 tested=58 found=0 n=910070593746121313886303 elapsed=288s
progress: nodes=4,810,000,000 tested=58 found=0 n=539191515500246493962847 elapsed=288s
progress: nodes=4,820,000,000 tested=58 found=0 n=508642064431078000845807 elapsed=289s
progress: nodes=4,830,000,000 tested=58 found=0 n=835480199034450095972769 elapsed=289s
progress: nodes=4,840,000,000 tested=58 found=0 n=993303036301574733183603 elapsed=290s
progress: nodes=4,850,000,000 tested=58 found=0 n=477149141354838216917499 elapsed=290s
progress: nodes=4,860,000,000 tested=58 found=0 n=871342171072891107519699 elapsed=291s
progress: nodes=4,870,000,000 tested=58 found=0 n=585390336411649432029597 elapsed=291s
progress: nodes=4,880,000,000 tested=58 found=0 n=662448403738306186949871 elapsed=292s
progress: nodes=4,890,000,000 tested=58 found=0 n=590915869277153845090743 elapsed=292s
progress: nodes=4,900,000,000 tested=58 found=0 n=910844887101730077268233 elapsed=292s
progress: nodes=4,910,000,000 tested=58 found=0 n=590448533652588295312551 elapsed=293s
progress: nodes=4,920,000,000 tested=58 found=0 n=673997226595275978613449 elapsed=293s
progress: nodes=4,930,000,000 tested=58 found=0 n=622847542200443180204661 elapsed=294s
progress: nodes=4,940,000,000 tested=58 found=0 n=979445255702508695969253 elapsed=294s
progress: nodes=4,950,000,000 tested=58 found=0 n=718284673547049487623129 elapsed=295s
progress: nodes=4,960,000,000 tested=58 found=0 n=888611713177002516322929 elapsed=295s
progress: nodes=4,970,000,000 tested=58 found=0 n=971673252990750980365311 elapsed=296s
progress: nodes=4,980,000,000 tested=58 found=0 n=989805233659989833281503 elapsed=296s
progress: nodes=4,990,000,000 tested=58 found=0 n=942227285589694582516269 elapsed=297s
progress: nodes=5,000,000,000 tested=58 found=0 n=814179759944137204621311 elapsed=297s
progress: nodes=5,010,000,000 tested=58 found=0 n=605838452891355913263111 elapsed=298s
progress: nodes=5,020,000,000 tested=58 found=0 n=839674069029485003583423 elapsed=298s
progress: nodes=5,030,000,000 tested=58 found=0 n=525957194602011273264009 elapsed=299s
progress: nodes=5,040,000,000 tested=58 found=0 n=659626589836002528084807 elapsed=299s
progress: nodes=5,050,000,000 tested=58 found=0 n=763916125089534516680427 elapsed=300s
progress: nodes=5,060,000,000 tested=58 found=0 n=818466186522927049105383 elapsed=300s
progress: nodes=5,070,000,000 tested=58 found=0 n=858177479812724685467469 elapsed=301s
progress: nodes=5,080,000,000 tested=58 found=0 n=883595589547322829898413 elapsed=301s
progress: nodes=5,090,000,000 tested=58 found=0 n=894668174435938494266829 elapsed=302s
progress: nodes=5,100,000,000 tested=58 found=0 n=904040057290955640122529 elapsed=302s
progress: nodes=5,110,000,000 tested=58 found=0 n=910286792730531694964871 elapsed=303s
progress: nodes=5,120,000,000 tested=58 found=0 n=942313969411268928166539 elapsed=303s
progress: nodes=5,130,000,000 tested=58 found=0 n=997898744999152138633029 elapsed=304s
progress: nodes=5,140,000,000 tested=58 found=0 n=612818230229642978110647 elapsed=304s
progress: nodes=5,150,000,000 tested=58 found=0 n=753633586677430779848451 elapsed=305s
progress: nodes=5,160,000,000 tested=58 found=0 n=972995038384023035975979 elapsed=305s
progress: nodes=5,170,000,000 tested=58 found=0 n=771971284559691925006221 elapsed=306s
progress: nodes=5,180,000,000 tested=58 found=0 n=633265927392405993800499 elapsed=306s
progress: nodes=5,190,000,000 tested=58 found=0 n=576752876361190182198699 elapsed=306s
progress: nodes=5,200,000,000 tested=58 found=0 n=609417171140979224651859 elapsed=307s
progress: nodes=5,210,000,000 tested=58 found=0 n=758235828447775158987429 elapsed=307s
progress: nodes=5,220,000,000 tested=58 found=0 n=592714119100318736139927 elapsed=308s
progress: nodes=5,230,000,000 tested=58 found=0 n=996289991926087108169997 elapsed=308s
progress: nodes=5,240,000,000 tested=58 found=0 n=646350955227170411288301 elapsed=309s
progress: nodes=5,250,000,000 tested=58 found=0 n=902482026660452454287841 elapsed=309s
progress: nodes=5,260,000,000 tested=58 found=0 n=884843622458352914659533 elapsed=310s
progress: nodes=5,270,000,000 tested=58 found=0 n=615437578883082423299139 elapsed=310s
progress: nodes=5,280,000,000 tested=58 found=0 n=970275450116126605455081 elapsed=311s
progress: nodes=5,290,000,000 tested=58 found=0 n=673066559185696589601303 elapsed=311s
progress: nodes=5,300,000,000 tested=58 found=0 n=612872196282923415583437 elapsed=312s
progress: nodes=5,310,000,000 tested=58 found=0 n=798845492768730382580913 elapsed=312s
progress: nodes=5,320,000,000 tested=58 found=0 n=815451751382732499559293 elapsed=313s
progress: nodes=5,330,000,000 tested=58 found=0 n=638251891821776362202919 elapsed=313s
progress: nodes=5,340,000,000 tested=58 found=0 n=746819720717638682706669 elapsed=314s
progress: nodes=5,350,000,000 tested=58 found=0 n=740824236891173082786831 elapsed=314s
progress: nodes=5,360,000,000 tested=58 found=0 n=650978631697171977223101 elapsed=315s
progress: nodes=5,370,000,000 tested=58 found=0 n=854663360953316628370041 elapsed=315s
progress: nodes=5,380,000,000 tested=58 found=0 n=975372541659543867402717 elapsed=316s
progress: nodes=5,390,000,000 tested=58 found=0 n=636681567262581007662033 elapsed=316s
progress: nodes=5,400,000,000 tested=58 found=0 n=677770224967853430746949 elapsed=317s
progress: nodes=5,410,000,000 tested=58 found=0 n=693235836420265274874507 elapsed=317s
progress: nodes=5,420,000,000 tested=58 found=0 n=711726051029278423461939 elapsed=318s
progress: nodes=5,430,000,000 tested=58 found=0 n=782234458606536636723561 elapsed=318s
progress: nodes=5,440,000,000 tested=58 found=0 n=910822071170374207893279 elapsed=319s
progress: nodes=5,450,000,000 tested=58 found=0 n=738782641875294859875417 elapsed=319s
progress: nodes=5,460,000,000 tested=58 found=0 n=649698588957441917230029 elapsed=320s
progress: nodes=5,470,000,000 tested=58 found=0 n=687091172781158825565501 elapsed=320s
progress: nodes=5,480,000,000 tested=58 found=0 n=896286066114190975534773 elapsed=321s
progress: nodes=5,490,000,000 tested=58 found=0 n=899070657587031888166131 elapsed=321s
progress: nodes=5,500,000,000 tested=58 found=0 n=679904212924430064230121 elapsed=322s
progress: nodes=5,510,000,000 tested=58 found=0 n=674378690075851793097681 elapsed=322s
progress: nodes=5,520,000,000 tested=58 found=0 n=936508057947933016475853 elapsed=323s
progress: nodes=5,530,000,000 tested=58 found=0 n=787361685710646721327191 elapsed=323s
progress: nodes=5,540,000,000 tested=58 found=0 n=981946512401245230094101 elapsed=324s
progress: nodes=5,550,000,000 tested=58 found=0 n=845226249576813601079121 elapsed=324s
progress: nodes=5,560,000,000 tested=58 found=0 n=782315649734053258269369 elapsed=325s
progress: nodes=5,570,000,000 tested=58 found=0 n=812707701814117437702759 elapsed=325s
progress: nodes=5,580,000,000 tested=58 found=0 n=954688541161995347525433 elapsed=326s
progress: nodes=5,590,000,000 tested=58 found=0 n=915996749580098440903341 elapsed=326s
progress: nodes=5,600,000,000 tested=58 found=0 n=779340374523367768840113 elapsed=327s
progress: nodes=5,610,000,000 tested=58 found=0 n=936346874559605787824469 elapsed=327s
progress: nodes=5,620,000,000 tested=58 found=0 n=827021189535610549106781 elapsed=328s
progress: nodes=5,630,000,000 tested=58 found=0 n=811596273161934258571419 elapsed=328s
progress: nodes=5,640,000,000 tested=58 found=0 n=900824570199954241599681 elapsed=329s
progress: nodes=5,650,000,000 tested=58 found=0 n=846890951510327105880729 elapsed=329s
progress: nodes=5,660,000,000 tested=58 found=0 n=755008707283961046553791 elapsed=330s
progress: nodes=5,670,000,000 tested=58 found=0 n=945710582277862787638329 elapsed=330s
progress: nodes=5,680,000,000 tested=58 found=0 n=978452738269634738650617 elapsed=331s
progress: nodes=5,690,000,000 tested=58 found=0 n=902211446646108957170043 elapsed=331s
progress: nodes=5,700,000,000 tested=58 found=0 n=859792424148569417878449 elapsed=332s
progress: nodes=5,710,000,000 tested=58 found=0 n=884622629017349704265553 elapsed=332s
progress: nodes=5,720,000,000 tested=58 found=0 n=813923495521492506137757 elapsed=333s
progress: nodes=5,730,000,000 tested=58 found=0 n=729494203823467686561573 elapsed=333s
progress: nodes=5,740,000,000 tested=58 found=0 n=849670167313390498675677 elapsed=334s
progress: nodes=5,750,000,000 tested=58 found=0 n=822745155770250762766563 elapsed=334s
progress: nodes=5,760,000,000 tested=58 found=0 n=806578661881384543598139 elapsed=335s
progress: nodes=5,770,000,000 tested=58 found=0 n=990257761024072945132113 elapsed=335s
progress: nodes=5,780,000,000 tested=58 found=0 n=819497379953689179984549 elapsed=336s
progress: nodes=5,790,000,000 tested=58 found=0 n=977939249800351948021143 elapsed=336s
progress: nodes=5,800,000,000 tested=58 found=0 n=785599138134982994089113 elapsed=337s
progress: nodes=5,810,000,000 tested=58 found=0 n=971730884664957586277493 elapsed=337s
progress: nodes=5,820,000,000 tested=58 found=0 n=802814204770030155184713 elapsed=338s
progress: nodes=5,830,000,000 tested=58 found=0 n=922775629668751438016283 elapsed=338s
progress: nodes=5,840,000,000 tested=58 found=0 n=864873959400544521019977 elapsed=339s
progress: nodes=5,850,000,000 tested=58 found=0 n=824288280264090955139211 elapsed=339s
progress: nodes=5,860,000,000 tested=58 found=0 n=843403324101821127435483 elapsed=340s
progress: nodes=5,870,000,000 tested=58 found=0 n=928783922887706654383461 elapsed=340s
progress: nodes=5,880,000,000 tested=58 found=0 n=977953134510943086655467 elapsed=341s
progress: nodes=5,890,000,000 tested=58 found=0 n=929210538576910437025101 elapsed=341s
progress: nodes=5,900,000,000 tested=58 found=0 n=924125158007329095464031 elapsed=342s
progress: nodes=5,910,000,000 tested=58 found=0 n=910314088849124707163031 elapsed=342s
progress: nodes=5,920,000,000 tested=58 found=0 n=999127177609637664520317 elapsed=343s
progress: nodes=5,930,000,000 tested=58 found=0 n=982764380948240666451753 elapsed=343s
progress: nodes=5,940,000,000 tested=58 found=0 n=965258142330847388063733 elapsed=344s
progress: nodes=5,950,000,000 tested=58 found=0 n=502935375964474971265671 elapsed=344s
progress: nodes=5,960,000,000 tested=58 found=0 n=356352674747276732168259 elapsed=345s
progress: nodes=5,970,000,000 tested=58 found=0 n=259777918007332281211347 elapsed=345s
progress: nodes=5,980,000,000 tested=58 found=0 n=218649785498722958460003 elapsed=346s
progress: nodes=5,990,000,000 tested=58 found=0 n=233228523926563354340613 elapsed=346s
progress: nodes=6,000,000,000 tested=58 found=0 n=304332867715867678899981 elapsed=346s
progress: nodes=6,010,000,000 tested=58 found=0 n=428980607180930491158087 elapsed=347s
progress: nodes=6,020,000,000 tested=58 found=0 n=607528637288243772089373 elapsed=347s
progress: nodes=6,030,000,000 tested=58 found=0 n=844985877973725346393689 elapsed=348s
progress: nodes=6,040,000,000 tested=58 found=0 n=252954164065340218598271 elapsed=348s
progress: nodes=6,050,000,000 tested=58 found=0 n=582724104731453573532567 elapsed=349s
progress: nodes=6,060,000,000 tested=58 found=0 n=982278421373457140363739 elapsed=349s
progress: nodes=6,070,000,000 tested=58 found=0 n=542748904263540529530129 elapsed=350s
progress: nodes=6,080,000,000 tested=58 found=0 n=181291296676862375304147 elapsed=350s
progress: nodes=6,090,000,000 tested=58 found=0 n=727810262478726441869547 elapsed=350s
progress: nodes=6,100,000,000 tested=58 found=0 n=468846285258475229762349 elapsed=351s
progress: nodes=6,110,000,000 tested=58 found=0 n=274535474902119074973483 elapsed=351s
progress: nodes=6,120,000,000 tested=58 found=0 n=135674524017785736321723 elapsed=352s
progress: nodes=6,130,000,000 tested=58 found=0 n=905484821248897683922359 elapsed=352s
progress: nodes=6,140,000,000 tested=58 found=0 n=868332603844352284497783 elapsed=353s
progress: nodes=6,150,000,000 tested=58 found=0 n=885659685567444638950869 elapsed=353s
progress: nodes=6,160,000,000 tested=58 found=0 n=968919234933936804260589 elapsed=353s
progress: nodes=6,170,000,000 tested=58 found=0 n=228542017860612520669143 elapsed=354s
progress: nodes=6,180,000,000 tested=58 found=0 n=405568662264032181188967 elapsed=354s
progress: nodes=6,190,000,000 tested=58 found=0 n=644320669936013363560113 elapsed=355s
progress: nodes=6,200,000,000 tested=58 found=0 n=946409488729890698121147 elapsed=355s
progress: nodes=6,210,000,000 tested=58 found=0 n=427885256477860535122461 elapsed=356s
progress: nodes=6,220,000,000 tested=58 found=0 n=845694966410817425493129 elapsed=356s
progress: nodes=6,230,000,000 tested=58 found=0 n=433417930444551882637269 elapsed=357s
progress: nodes=6,240,000,000 tested=58 found=0 n=951758187284574551095137 elapsed=357s
progress: nodes=6,250,000,000 tested=58 found=0 n=636160850896329406597257 elapsed=357s
progress: nodes=6,260,000,000 tested=58 found=0 n=387861791052923932483431 elapsed=358s
progress: nodes=6,270,000,000 tested=58 found=0 n=202801638238808480437797 elapsed=358s
progress: nodes=6,280,000,000 tested=58 found=0 n=927305125326637834829283 elapsed=359s
progress: nodes=6,290,000,000 tested=58 found=0 n=841086653650275076452639 elapsed=359s
progress: nodes=6,300,000,000 tested=58 found=0 n=814690815716629391180949 elapsed=360s
progress: nodes=6,310,000,000 tested=58 found=0 n=850537107563088578976189 elapsed=360s
progress: nodes=6,320,000,000 tested=58 found=0 n=943037423762281852492719 elapsed=360s
progress: nodes=6,330,000,000 tested=58 found=0 n=223549560251928561532959 elapsed=361s
progress: nodes=6,340,000,000 tested=58 found=0 n=417185891101083432024081 elapsed=361s
progress: nodes=6,350,000,000 tested=58 found=0 n=682338946524756326448489 elapsed=362s
progress: nodes=6,360,000,000 tested=58 found=0 n=152541144724533059410839 elapsed=362s
progress: nodes=6,370,000,000 tested=58 found=0 n=519433823180262530698389 elapsed=363s
progress: nodes=6,380,000,000 tested=58 found=0 n=965251172568358030271301 elapsed=363s
progress: nodes=6,390,000,000 tested=58 found=0 n=587236350604823962152957 elapsed=364s
progress: nodes=6,400,000,000 tested=58 found=0 n=279735773919006597436629 elapsed=364s
progress: nodes=6,410,000,000 tested=58 found=0 n=881936415119764089980433 elapsed=364s
progress: nodes=6,420,000,000 tested=58 found=0 n=674315130007170703476117 elapsed=365s
progress: nodes=6,430,000,000 tested=58 found=0 n=534963859021305722140209 elapsed=365s
progress: nodes=6,440,000,000 tested=58 found=0 n=462639216408134832233937 elapsed=366s
progress: nodes=6,450,000,000 tested=58 found=0 n=448052476274000660241333 elapsed=366s
progress: nodes=6,460,000,000 tested=58 found=0 n=493064188452226329510033 elapsed=367s
progress: nodes=6,470,000,000 tested=58 found=0 n=593114152194863911099719 elapsed=367s
progress: nodes=6,480,000,000 tested=58 found=0 n=756432413204337273372507 elapsed=368s
progress: nodes=6,490,000,000 tested=58 found=0 n=988187132619652342079241 elapsed=368s
progress: nodes=6,500,000,000 tested=58 found=0 n=399729024760114904558319 elapsed=368s
progress: nodes=6,510,000,000 tested=58 found=0 n=734185323206834174025273 elapsed=369s
progress: nodes=6,520,000,000 tested=58 found=0 n=277186793589300071918133 elapsed=369s
progress: nodes=6,530,000,000 tested=58 found=0 n=726653158732742830384257 elapsed=370s
progress: nodes=6,540,000,000 tested=58 found=0 n=386883086173095620235897 elapsed=370s
progress: nodes=6,550,000,000 tested=58 found=0 n=978994485579104052144471 elapsed=371s
progress: nodes=6,560,000,000 tested=58 found=0 n=760102231086897457863951 elapsed=371s
progress: nodes=6,570,000,000 tested=58 found=0 n=599459116115324739373407 elapsed=371s
progress: nodes=6,580,000,000 tested=58 found=0 n=500918467920769343361609 elapsed=372s
progress: nodes=6,590,000,000 tested=58 found=0 n=472803588620765304401961 elapsed=372s
progress: nodes=6,600,000,000 tested=58 found=0 n=506839212107774354766573 elapsed=373s
progress: nodes=6,610,000,000 tested=58 found=0 n=602116863120404757990711 elapsed=373s
progress: nodes=6,620,000,000 tested=58 found=0 n=768809482226855562741633 elapsed=374s
progress: nodes=6,630,000,000 tested=58 found=0 n=152548162543258549068771 elapsed=374s
progress: nodes=6,640,000,000 tested=58 found=0 n=429594029989844637864177 elapsed=375s
progress: nodes=6,650,000,000 tested=58 found=0 n=781608444391267337234313 elapsed=375s
progress: nodes=6,660,000,000 tested=58 found=0 n=337922972653346358850341 elapsed=375s
progress: nodes=6,670,000,000 tested=58 found=0 n=808121067532424229939201 elapsed=376s
progress: nodes=6,680,000,000 tested=58 found=0 n=479255902600621641060951 elapsed=376s
progress: nodes=6,690,000,000 tested=58 found=0 n=227035402385717206447551 elapsed=377s
progress: nodes=6,700,000,000 tested=58 found=0 n=884725202181572565041151 elapsed=377s
progress: nodes=6,710,000,000 tested=58 found=0 n=757099008927243095812083 elapsed=378s
progress: nodes=6,720,000,000 tested=58 found=0 n=695120998567710424481541 elapsed=378s
progress: nodes=6,730,000,000 tested=58 found=0 n=701331693829229219396409 elapsed=378s
progress: nodes=6,740,000,000 tested=58 found=0 n=769595585585618869466697 elapsed=379s
progress: nodes=6,750,000,000 tested=58 found=0 n=905758713362264095166679 elapsed=379s
progress: nodes=6,760,000,000 tested=58 found=0 n=246650188129341701298363 elapsed=380s
progress: nodes=6,770,000,000 tested=58 found=0 n=489363866350644769546293 elapsed=380s
progress: nodes=6,780,000,000 tested=58 found=0 n=807163097318864592264189 elapsed=381s
progress: nodes=6,790,000,000 tested=58 found=0 n=333805510408005178896969 elapsed=381s
progress: nodes=6,800,000,000 tested=58 found=0 n=767421244405415609144289 elapsed=382s
progress: nodes=6,810,000,000 tested=58 found=0 n=415019599235517293152443 elapsed=382s
progress: nodes=6,820,000,000 tested=58 found=0 n=986234788661464307411523 elapsed=382s
progress: nodes=6,830,000,000 tested=58 found=0 n=760686559665622556909481 elapsed=383s
progress: nodes=6,840,000,000 tested=58 found=0 n=599779799203474948876587 elapsed=383s
progress: nodes=6,850,000,000 tested=58 found=0 n=509168766062916724529457 elapsed=384s
progress: nodes=6,860,000,000 tested=58 found=0 n=480936342869262109479573 elapsed=384s
progress: nodes=6,870,000,000 tested=58 found=0 n=528028901196202564727877 elapsed=385s
progress: nodes=6,880,000,000 tested=58 found=0 n=636179257266618334945599 elapsed=385s
progress: nodes=6,890,000,000 tested=58 found=0 n=806254893254485196836083 elapsed=385s
progress: nodes=6,900,000,000 tested=58 found=0 n=202516569009176080420377 elapsed=386s
progress: nodes=6,910,000,000 tested=58 found=0 n=490445480404033748762553 elapsed=386s
progress: nodes=6,920,000,000 tested=58 found=0 n=859541228284878033734763 elapsed=387s
progress: nodes=6,930,000,000 tested=58 found=0 n=436514751966637674446193 elapsed=387s
progress: nodes=6,940,000,000 tested=58 found=0 n=924361124992468128761103 elapsed=388s
progress: nodes=6,950,000,000 tested=58 found=0 n=619580929718673130124763 elapsed=388s
progress: nodes=6,960,000,000 tested=58 found=0 n=404020778768378427359781 elapsed=389s
progress: nodes=6,970,000,000 tested=58 found=0 n=253380780546444837991089 elapsed=389s
progress: nodes=6,980,000,000 tested=58 found=0 n=165787872611395037595669 elapsed=389s
progress: nodes=6,990,000,000 tested=58 found=0 n=983023127428054075987239 elapsed=390s
progress: nodes=7,000,000,000 tested=58 found=0 n=192516974668297562587227 elapsed=390s
progress: nodes=7,010,000,000 tested=58 found=0 n=304223684918568359731479 elapsed=391s
progress: nodes=7,020,000,000 tested=58 found=0 n=482886971756139500312301 elapsed=391s
progress: nodes=7,030,000,000 tested=58 found=0 n=738956965069908137732949 elapsed=392s
progress: nodes=7,040,000,000 tested=58 found=0 n=235174617970437338703279 elapsed=392s
progress: nodes=7,050,000,000 tested=58 found=0 n=622193072142953525807439 elapsed=393s
progress: nodes=7,060,000,000 tested=58 found=0 n=255806703944992216694601 elapsed=393s
progress: nodes=7,070,000,000 tested=58 found=0 n=784802059822605349013643 elapsed=393s
progress: nodes=7,080,000,000 tested=58 found=0 n=542768033964893395076649 elapsed=394s
progress: nodes=7,090,000,000 tested=58 found=0 n=369251383526893223979777 elapsed=394s
progress: nodes=7,100,000,000 tested=58 found=0 n=266417372722724725430313 elapsed=395s
progress: nodes=7,110,000,000 tested=58 found=0 n=232979046381544624142751 elapsed=395s
progress: nodes=7,120,000,000 tested=58 found=0 n=259183242065992659302349 elapsed=396s
progress: nodes=7,130,000,000 tested=58 found=0 n=350234436904999417512819 elapsed=396s
progress: nodes=7,140,000,000 tested=58 found=0 n=515240148474595908601083 elapsed=397s
progress: nodes=7,150,000,000 tested=58 found=0 n=755179564919253947243001 elapsed=397s
progress: nodes=7,160,000,000 tested=58 found=0 n=239748625964932566237063 elapsed=397s
progress: nodes=7,170,000,000 tested=58 found=0 n=608949051583608490030353 elapsed=398s
progress: nodes=7,180,000,000 tested=58 found=0 n=230707415914238614773807 elapsed=398s
progress: nodes=7,190,000,000 tested=58 found=0 n=744002031372747450013557 elapsed=399s
progress: nodes=7,200,000,000 tested=58 found=0 n=499473854014473764393121 elapsed=399s
progress: nodes=7,210,000,000 tested=58 found=0 n=324794725278183661836951 elapsed=400s
progress: nodes=7,220,000,000 tested=58 found=0 n=221557964543171004819609 elapsed=400s
progress: nodes=7,230,000,000 tested=58 found=0 n=184977772971898550316057 elapsed=400s
progress: nodes=7,240,000,000 tested=58 found=0 n=215340049236632605840863 elapsed=401s
progress: nodes=7,250,000,000 tested=58 found=0 n=311572179475074310831731 elapsed=401s
progress: nodes=7,260,000,000 tested=58 found=0 n=479607876741021631023267 elapsed=402s
progress: nodes=7,270,000,000 tested=58 found=0 n=724775219993207200646367 elapsed=402s
progress: nodes=7,280,000,000 tested=58 found=0 n=215963599470344082931959 elapsed=403s
progress: nodes=7,290,000,000 tested=58 found=0 n=594085269170050898790627 elapsed=403s
progress: nodes=7,300,000,000 tested=58 found=0 n=235494116046674774834391 elapsed=404s
progress: nodes=7,310,000,000 tested=58 found=0 n=758095449997343384866401 elapsed=404s
progress: nodes=7,320,000,000 tested=58 found=0 n=526744595720910714230853 elapsed=404s
progress: nodes=7,330,000,000 tested=58 found=0 n=370014824529471237161661 elapsed=405s
progress: nodes=7,340,000,000 tested=58 found=0 n=281598738488533797450273 elapsed=405s
progress: nodes=7,350,000,000 tested=58 found=0 n=256845403106695459322343 elapsed=406s
progress: nodes=7,360,000,000 tested=58 found=0 n=300378302532594537935607 elapsed=406s
progress: nodes=7,370,000,000 tested=58 found=0 n=418921269248627718056253 elapsed=407s
progress: nodes=7,380,000,000 tested=58 found=0 n=617967315061621451117037 elapsed=407s
progress: nodes=7,390,000,000 tested=58 found=0 n=904997750800936941033039 elapsed=407s
progress: nodes=7,400,000,000 tested=58 found=0 n=436726102437653042878479 elapsed=408s
progress: nodes=7,410,000,000 tested=58 found=0 n=872408292230801910351537 elapsed=408s
progress: nodes=7,420,000,000 tested=58 found=0 n=548445141248863201848351 elapsed=409s
progress: nodes=7,430,000,000 tested=58 found=0 n=308415301507766425278537 elapsed=409s
progress: nodes=7,440,000,000 tested=58 found=0 n=961930178928934148089233 elapsed=410s
progress: nodes=7,450,000,000 tested=58 found=0 n=854476531951271019390369 elapsed=410s
progress: nodes=7,460,000,000 tested=58 found=0 n=830977678393912530698679 elapsed=411s
progress: nodes=7,470,000,000 tested=58 found=0 n=885194202616494926964039 elapsed=411s
progress: nodes=7,480,000,000 tested=58 found=0 n=198589303420928660257479 elapsed=411s
progress: nodes=7,490,000,000 tested=58 found=0 n=393638639473246103082531 elapsed=412s
progress: nodes=7,500,000,000 tested=58 found=0 n=674504103675254060693331 elapsed=412s
progress: nodes=7,510,000,000 tested=58 found=0 n=223371693513128938361661 elapsed=413s
progress: nodes=7,520,000,000 tested=58 found=0 n=651831006878598884941989 elapsed=413s
progress: nodes=7,530,000,000 tested=58 found=0 n=350044103896572218331429 elapsed=414s
progress: nodes=7,540,000,000 tested=58 found=0 n=946071285438744796772133 elapsed=414s
progress: nodes=7,550,000,000 tested=58 found=0 n=787632221256699489312411 elapsed=415s
progress: nodes=7,560,000,000 tested=58 found=0 n=711707386379187115793799 elapsed=415s
progress: nodes=7,570,000,000 tested=58 found=0 n=714644386616453004925983 elapsed=415s
progress: nodes=7,580,000,000 tested=58 found=0 n=796553315773300006781013 elapsed=416s
progress: nodes=7,590,000,000 tested=58 found=0 n=961986058995366657190323 elapsed=416s
progress: nodes=7,600,000,000 tested=58 found=0 n=382448322140110534110033 elapsed=417s
progress: nodes=7,610,000,000 tested=58 found=0 n=702966770450632169131419 elapsed=417s
progress: nodes=7,620,000,000 tested=58 found=0 n=296250470734256944013493 elapsed=418s
progress: nodes=7,630,000,000 tested=58 found=0 n=774449786964826356277509 elapsed=418s
progress: nodes=7,640,000,000 tested=58 found=0 n=518072396892119407774359 elapsed=419s
progress: nodes=7,650,000,000 tested=58 found=0 n=344967065844541318062423 elapsed=419s
progress: nodes=7,660,000,000 tested=58 found=0 n=258303956333865418371087 elapsed=419s
progress: nodes=7,670,000,000 tested=58 found=0 n=245905462201546670689089 elapsed=420s
progress: nodes=7,680,000,000 tested=58 found=0 n=306595028716021179493821 elapsed=420s
progress: nodes=7,690,000,000 tested=58 found=0 n=449826259248646002896481 elapsed=421s
progress: nodes=7,700,000,000 tested=58 found=0 n=675555132012722765717067 elapsed=421s
progress: nodes=7,710,000,000 tested=58 found=0 n=993589894363730512942863 elapsed=422s
progress: nodes=7,720,000,000 tested=58 found=0 n=566493554127081156451029 elapsed=422s
progress: nodes=7,730,000,000 tested=58 found=0 n=238383932491920871810539 elapsed=423s
progress: nodes=7,740,000,000 tested=58 found=0 n=778423433752955631067119 elapsed=423s
progress: nodes=7,750,000,000 tested=58 found=0 n=590905387193769803580579 elapsed=424s
progress: nodes=7,760,000,000 tested=58 found=0 n=484706141261499672662301 elapsed=424s
progress: nodes=7,770,000,000 tested=58 found=0 n=464914738732896327789837 elapsed=424s
progress: nodes=7,780,000,000 tested=58 found=0 n=529288015001060413428561 elapsed=425s
progress: nodes=7,790,000,000 tested=58 found=0 n=677612825693073173325807 elapsed=425s
progress: nodes=7,800,000,000 tested=58 found=0 n=912171760212659519801151 elapsed=426s
progress: nodes=7,810,000,000 tested=58 found=0 n=418338189700969311572337 elapsed=426s
progress: nodes=7,820,000,000 tested=58 found=0 n=819030014655287653086561 elapsed=427s
progress: nodes=7,830,000,000 tested=58 found=0 n=504647451340815267966789 elapsed=427s
progress: nodes=7,840,000,000 tested=58 found=0 n=277247747016369643520853 elapsed=428s
progress: nodes=7,850,000,000 tested=58 found=0 n=927783494564069445306543 elapsed=428s
progress: nodes=7,860,000,000 tested=58 found=0 n=868987561541508021231927 elapsed=428s
progress: nodes=7,870,000,000 tested=58 found=0 n=899801133495591504946923 elapsed=429s
progress: nodes=7,880,000,000 tested=58 found=0 n=218520088729918863929811 elapsed=429s
progress: nodes=7,890,000,000 tested=58 found=0 n=414497792585573358999183 elapsed=430s
progress: nodes=7,900,000,000 tested=58 found=0 n=714306569941759259058363 elapsed=430s
progress: nodes=7,910,000,000 tested=58 found=0 n=305682029365418569483389 elapsed=431s
progress: nodes=7,920,000,000 tested=58 found=0 n=780332175835224088146147 elapsed=431s
progress: nodes=7,930,000,000 tested=58 found=0 n=545808140770943315540583 elapsed=432s
progress: nodes=7,940,000,000 tested=58 found=0 n=397380021813200174885829 elapsed=432s
progress: nodes=7,950,000,000 tested=58 found=0 n=340271483836187421928179 elapsed=433s
progress: nodes=7,960,000,000 tested=58 found=0 n=366950556829027180699767 elapsed=433s
progress: nodes=7,970,000,000 tested=58 found=0 n=472972487783094204167493 elapsed=434s
progress: nodes=7,980,000,000 tested=58 found=0 n=666098736471966324346281 elapsed=434s
progress: nodes=7,990,000,000 tested=58 found=0 n=949311315403425964955889 elapsed=435s
progress: nodes=8,000,000,000 tested=58 found=0 n=514306639058745473753967 elapsed=435s
progress: nodes=8,010,000,000 tested=58 found=0 n=971198609421250569278997 elapsed=435s
progress: nodes=8,020,000,000 tested=58 found=0 n=726963888394971749313099 elapsed=436s
progress: nodes=8,030,000,000 tested=58 found=0 n=583712388448479711930663 elapsed=436s
progress: nodes=8,040,000,000 tested=58 found=0 n=527160542173101990317241 elapsed=437s
progress: nodes=8,050,000,000 tested=58 found=0 n=562099617436959601786017 elapsed=437s
progress: nodes=8,060,000,000 tested=58 found=0 n=690920006587992113146137 elapsed=438s
progress: nodes=8,070,000,000 tested=58 found=0 n=919200641356906836985827 elapsed=438s
progress: nodes=8,080,000,000 tested=58 found=0 n=439957386137513206367559 elapsed=439s
progress: nodes=8,090,000,000 tested=58 found=0 n=838491798580854927624423 elapsed=439s
progress: nodes=8,100,000,000 tested=58 found=0 n=530806663925516113020963 elapsed=440s
progress: nodes=8,110,000,000 tested=58 found=0 n=320222156483454625729791 elapsed=440s
progress: nodes=8,120,000,000 tested=58 found=0 n=990965668507720319859291 elapsed=441s
progress: nodes=8,130,000,000 tested=58 found=0 n=956692064136753310273677 elapsed=441s
progress: nodes=8,140,000,000 tested=58 found=0 n=231846819553136322625167 elapsed=442s
progress: nodes=8,150,000,000 tested=58 found=0 n=379049223937238401884183 elapsed=442s
progress: nodes=8,160,000,000 tested=58 found=0 n=614055720955047016116933 elapsed=443s
progress: nodes=8,170,000,000 tested=58 found=0 n=962194346186478496381521 elapsed=443s
progress: nodes=8,180,000,000 tested=58 found=0 n=612908051846368809068307 elapsed=444s
progress: nodes=8,190,000,000 tested=58 found=0 n=361060048346815109904381 elapsed=444s
progress: nodes=8,200,000,000 tested=58 found=0 n=986025816797123266550001 elapsed=445s
progress: nodes=8,210,000,000 tested=58 found=0 n=911531461933683380427561 elapsed=445s
progress: nodes=8,220,000,000 tested=58 found=0 n=932398726824713884922109 elapsed=445s
progress: nodes=8,230,000,000 tested=58 found=0 n=273742526416614657389757 elapsed=446s
progress: nodes=8,240,000,000 tested=58 found=0 n=485879415951429436346487 elapsed=446s
progress: nodes=8,250,000,000 tested=58 found=0 n=800776135888021786831569 elapsed=447s
progress: nodes=8,260,000,000 tested=58 found=0 n=431834848803451937810043 elapsed=447s
progress: nodes=8,270,000,000 tested=58 found=0 n=942375529563074118456021 elapsed=448s
progress: nodes=8,280,000,000 tested=58 found=0 n=754016909201924692900653 elapsed=448s
progress: nodes=8,290,000,000 tested=58 found=0 n=656339184327168241999407 elapsed=449s
progress: nodes=8,300,000,000 tested=58 found=0 n=664966411209590363672337 elapsed=449s
progress: nodes=8,310,000,000 tested=58 found=0 n=772575867209628424631997 elapsed=450s
progress: nodes=8,320,000,000 tested=58 found=0 n=980501605200073379958381 elapsed=450s
progress: nodes=8,330,000,000 tested=58 found=0 n=493571752375428776485359 elapsed=451s
progress: nodes=8,340,000,000 tested=58 found=0 n=884784104348977897677459 elapsed=451s
progress: nodes=8,350,000,000 tested=58 found=0 n=593595991020594035455443 elapsed=452s
progress: nodes=8,360,000,000 tested=58 found=0 n=409815770268208297630329 elapsed=452s
progress: nodes=8,370,000,000 tested=58 found=0 n=326591192688171366926817 elapsed=453s
progress: nodes=8,380,000,000 tested=58 found=0 n=350073170425601377982073 elapsed=453s
progress: nodes=8,390,000,000 tested=58 found=0 n=473754922845264814850019 elapsed=453s
progress: nodes=8,400,000,000 tested=58 found=0 n=696784118213940350024277 elapsed=454s
progress: nodes=8,410,000,000 tested=58 found=0 n=256078053869836748445819 elapsed=454s
progress: nodes=8,420,000,000 tested=58 found=0 n=665886064184566578576531 elapsed=455s
progress: nodes=8,430,000,000 tested=58 found=0 n=418564707525091262479113 elapsed=455s
progress: nodes=8,440,000,000 tested=58 found=0 n=271465126068968958621033 elapsed=456s
progress: nodes=8,450,000,000 tested=58 found=0 n=992757937213624959293301 elapsed=456s
progress: nodes=8,460,000,000 tested=58 found=0 n=274875945773879966891067 elapsed=457s
progress: nodes=8,470,000,000 tested=58 found=0 n=422320558561490900104101 elapsed=457s
progress: nodes=8,480,000,000 tested=58 found=0 n=675334597918228539951429 elapsed=458s
progress: nodes=8,490,000,000 tested=58 found=0 n=287432267333661235220589 elapsed=458s
progress: nodes=8,500,000,000 tested=58 found=0 n=746287179882495672428469 elapsed=459s
progress: nodes=8,510,000,000 tested=58 found=0 n=539337019022772994739331 elapsed=459s
progress: nodes=8,520,000,000 tested=58 found=0 n=431770464290409808650471 elapsed=460s
progress: nodes=8,530,000,000 tested=58 found=0 n=426776105293390105697367 elapsed=460s
progress: nodes=8,540,000,000 tested=58 found=0 n=526138292308850662806981 elapsed=461s
progress: nodes=8,550,000,000 tested=58 found=0 n=742272070191241688126721 elapsed=461s
progress: nodes=8,560,000,000 tested=58 found=0 n=302368725525961332684369 elapsed=462s
progress: nodes=8,570,000,000 tested=58 found=0 n=721697080046635715776677 elapsed=462s
progress: nodes=8,580,000,000 tested=58 found=0 n=497615060821708727799363 elapsed=463s
progress: nodes=8,590,000,000 tested=58 found=0 n=381610878953351861585079 elapsed=463s
progress: nodes=8,600,000,000 tested=58 found=0 n=360134926104387443775381 elapsed=463s
progress: nodes=8,610,000,000 tested=58 found=0 n=448153639151941565798571 elapsed=464s
progress: nodes=8,620,000,000 tested=58 found=0 n=645999830999734676081463 elapsed=464s
progress: nodes=8,630,000,000 tested=58 found=0 n=968377074898474463151699 elapsed=465s
progress: nodes=8,640,000,000 tested=58 found=0 n=644216564083262044891401 elapsed=465s
progress: nodes=8,650,000,000 tested=58 found=0 n=428831624226717411539301 elapsed=466s
progress: nodes=8,660,000,000 tested=58 found=0 n=330797205664292386322919 elapsed=466s
progress: nodes=8,670,000,000 tested=58 found=0 n=340660430637862422640707 elapsed=467s
progress: nodes=8,680,000,000 tested=58 found=0 n=453429575930498152031739 elapsed=467s
progress: nodes=8,690,000,000 tested=58 found=0 n=677734059745173167247357 elapsed=468s
progress: nodes=8,700,000,000 tested=58 found=0 n=265659019711997193181053 elapsed=468s
progress: nodes=8,710,000,000 tested=58 found=0 n=700260785207202550332771 elapsed=469s
progress: nodes=8,720,000,000 tested=58 found=0 n=511109858230758826944597 elapsed=469s
progress: nodes=8,730,000,000 tested=58 found=0 n=438164386156208717172783 elapsed=470s
progress: nodes=8,740,000,000 tested=58 found=0 n=480493902196863324394317 elapsed=470s
progress: nodes=8,750,000,000 tested=58 found=0 n=635878791494834586401241 elapsed=471s
progress: nodes=8,760,000,000 tested=58 found=0 n=906082886656499306687163 elapsed=471s
progress: nodes=8,770,000,000 tested=58 found=0 n=538481327048641562501223 elapsed=472s
progress: nodes=8,780,000,000 tested=58 found=0 n=292279971816627929870967 elapsed=472s
progress: nodes=8,790,000,000 tested=58 found=0 n=887620506267992827272327 elapsed=473s
progress: nodes=8,800,000,000 tested=58 found=0 n=855275876211115366479549 elapsed=473s
progress: nodes=8,810,000,000 tested=58 found=0 n=938740154317967065116591 elapsed=474s
progress: nodes=8,820,000,000 tested=58 found=0 n=384024456967175659170459 elapsed=474s
progress: nodes=8,830,000,000 tested=58 found=0 n=694256004510515179956531 elapsed=475s
progress: nodes=8,840,000,000 tested=58 found=0 n=379613035500194147199471 elapsed=475s
progress: nodes=8,850,000,000 tested=58 found=0 n=913115704926704751049347 elapsed=476s
progress: nodes=8,860,000,000 tested=58 found=0 n=818007353082058306783077 elapsed=476s
progress: nodes=8,870,000,000 tested=58 found=0 n=839694861233876653734267 elapsed=476s
progress: nodes=8,880,000,000 tested=58 found=0 n=979112045561219189558631 elapsed=477s
progress: nodes=8,890,000,000 tested=58 found=0 n=505778261342124394457757 elapsed=477s
progress: nodes=8,900,000,000 tested=58 found=0 n=895409104531560841351899 elapsed=478s
progress: nodes=8,910,000,000 tested=58 found=0 n=661683454646810920904349 elapsed=478s
progress: nodes=8,920,000,000 tested=58 found=0 n=562896785751024429915903 elapsed=479s
progress: nodes=8,930,000,000 tested=58 found=0 n=594323438533738834371759 elapsed=479s
progress: nodes=8,940,000,000 tested=58 found=0 n=752414950062786111638229 elapsed=480s
progress: nodes=8,950,000,000 tested=58 found=0 n=301553933235111827828019 elapsed=480s
progress: nodes=8,960,000,000 tested=58 found=0 n=686901699303593041332603 elapsed=481s
progress: nodes=8,970,000,000 tested=58 found=0 n=474169990817033900760987 elapsed=481s
progress: nodes=8,980,000,000 tested=58 found=0 n=380221638216660147265281 elapsed=482s
progress: nodes=8,990,000,000 tested=58 found=0 n=405437583299213139236793 elapsed=482s
progress: nodes=9,000,000,000 tested=58 found=0 n=553562339001314403653739 elapsed=483s
progress: nodes=9,010,000,000 tested=58 found=0 n=834362326840484516851161 elapsed=483s
progress: nodes=9,020,000,000 tested=58 found=0 n=498432184625818947358701 elapsed=484s
progress: nodes=9,030,000,000 tested=58 found=0 n=299138492226113139463479 elapsed=484s
progress: nodes=9,040,000,000 tested=58 found=0 n=942288307366451946167421 elapsed=485s
progress: nodes=9,050,000,000 tested=58 found=0 n=990439045219476884481219 elapsed=485s
progress: nodes=9,060,000,000 tested=58 found=0 n=439710315904441670068827 elapsed=486s
progress: nodes=9,070,000,000 tested=58 found=0 n=744257884553204272776063 elapsed=486s
progress: nodes=9,080,000,000 tested=58 found=0 n=458831597786461767824649 elapsed=487s
progress: nodes=9,090,000,000 tested=58 found=0 n=310980649682309924186793 elapsed=487s
progress: nodes=9,100,000,000 tested=58 found=0 n=284612597695852138041021 elapsed=488s
progress: nodes=9,110,000,000 tested=58 found=0 n=381383060887371464410797 elapsed=488s
progress: nodes=9,120,000,000 tested=58 found=0 n=608828716279564956342783 elapsed=489s
progress: nodes=9,130,000,000 tested=58 found=0 n=987032895269159190083247 elapsed=489s
progress: nodes=9,140,000,000 tested=58 found=0 n=755337968755969417533099 elapsed=490s
progress: nodes=9,150,000,000 tested=58 found=0 n=664511930231856735097377 elapsed=490s
progress: nodes=9,160,000,000 tested=58 found=0 n=708466025223310860905553 elapsed=491s
progress: nodes=9,170,000,000 tested=58 found=0 n=893474101562284128253059 elapsed=491s
progress: nodes=9,180,000,000 tested=58 found=0 n=501799338934108439882427 elapsed=492s
progress: nodes=9,190,000,000 tested=58 found=0 n=982338887142502732095561 elapsed=492s
progress: nodes=9,200,000,000 tested=58 found=0 n=878155664140191225214503 elapsed=492s
progress: nodes=9,210,000,000 tested=58 found=0 n=915002782625744103050991 elapsed=493s
progress: nodes=9,220,000,000 tested=58 found=0 n=378447160390684510918023 elapsed=493s
progress: nodes=9,230,000,000 tested=58 found=0 n=683448526711604909972871 elapsed=494s
progress: nodes=9,240,000,000 tested=58 found=0 n=424274851108533675810483 elapsed=494s
progress: nodes=9,250,000,000 tested=58 found=0 n=303978793710556142568621 elapsed=495s
progress: nodes=9,260,000,000 tested=58 found=0 n=314019037918616598407763 elapsed=495s
progress: nodes=9,270,000,000 tested=58 found=0 n=467518054396480219981233 elapsed=496s
progress: nodes=9,280,000,000 tested=58 found=0 n=763827530306230969327287 elapsed=496s
progress: nodes=9,290,000,000 tested=58 found=0 n=492041155255238918350791 elapsed=497s
progress: nodes=9,300,000,000 tested=58 found=0 n=377908649687982678409683 elapsed=497s
progress: nodes=9,310,000,000 tested=58 found=0 n=409550356293691474501101 elapsed=498s
progress: nodes=9,320,000,000 tested=58 found=0 n=582669920365705032172389 elapsed=498s
progress: nodes=9,330,000,000 tested=58 found=0 n=897231022287963514509897 elapsed=499s
progress: nodes=9,340,000,000 tested=58 found=0 n=644632721322969167446581 elapsed=499s
progress: nodes=9,350,000,000 tested=58 found=0 n=531896665597227149810283 elapsed=500s
progress: nodes=9,360,000,000 tested=58 found=0 n=568657078566651416759571 elapsed=500s
progress: nodes=9,370,000,000 tested=58 found=0 n=745879746910841242871787 elapsed=501s
progress: nodes=9,380,000,000 tested=58 found=0 n=368796475693008566244657 elapsed=501s
progress: nodes=9,390,000,000 tested=58 found=0 n=821162780213217906529989 elapsed=502s
progress: nodes=9,400,000,000 tested=58 found=0 n=721021171040944399805949 elapsed=502s
progress: nodes=9,410,000,000 tested=58 found=0 n=775883975877700945054569 elapsed=503s
progress: nodes=9,420,000,000 tested=58 found=0 n=988218342379945257341607 elapsed=503s
progress: nodes=9,430,000,000 tested=58 found=0 n=646600077064722869915211 elapsed=504s
progress: nodes=9,440,000,000 tested=58 found=0 n=457084559439263256420843 elapsed=504s
progress: nodes=9,450,000,000 tested=58 found=0 n=420710799457288849147947 elapsed=505s
progress: nodes=9,460,000,000 tested=58 found=0 n=535707118885450418310789 elapsed=505s
progress: nodes=9,470,000,000 tested=58 found=0 n=806766884878231755575559 elapsed=506s
progress: nodes=9,480,000,000 tested=58 found=0 n=550398055653417884144463 elapsed=506s
progress: nodes=9,490,000,000 tested=58 found=0 n=454097888611417158080049 elapsed=507s
progress: nodes=9,500,000,000 tested=58 found=0 n=508965342506711209726299 elapsed=507s
progress: nodes=9,510,000,000 tested=58 found=0 n=714626567261939655657873 elapsed=508s
progress: nodes=9,520,000,000 tested=58 found=0 n=398909302172585769083211 elapsed=508s
progress: nodes=9,530,000,000 tested=58 found=0 n=919119918631174119212661 elapsed=509s
progress: nodes=9,540,000,000 tested=58 found=0 n=910774762507536997116123 elapsed=509s
progress: nodes=9,550,000,000 tested=58 found=0 n=378012541476205333164159 elapsed=510s
progress: nodes=9,560,000,000 tested=58 found=0 n=677654216819112614240313 elapsed=510s
progress: nodes=9,570,000,000 tested=58 found=0 n=461008698727416909146847 elapsed=511s
progress: nodes=9,580,000,000 tested=58 found=0 n=406908472219099254834507 elapsed=511s
progress: nodes=9,590,000,000 tested=58 found=0 n=506262120818035740773769 elapsed=512s
progress: nodes=9,600,000,000 tested=58 found=0 n=775778838782383422968751 elapsed=512s
progress: nodes=9,610,000,000 tested=58 found=0 n=527627531464475851159443 elapsed=513s
progress: nodes=9,620,000,000 tested=58 found=0 n=450627899477181491680461 elapsed=513s
progress: nodes=9,630,000,000 tested=58 found=0 n=533912848234702018658037 elapsed=514s
progress: nodes=9,640,000,000 tested=58 found=0 n=779231712280526026942959 elapsed=514s
progress: nodes=9,650,000,000 tested=58 found=0 n=521248043801009589691473 elapsed=515s
progress: nodes=9,660,000,000 tested=58 found=0 n=427671269127894783104883 elapsed=515s
progress: nodes=9,670,000,000 tested=58 found=0 n=493402029080421370463631 elapsed=516s
progress: nodes=9,680,000,000 tested=58 found=0 n=732135607826131623326751 elapsed=516s
progress: nodes=9,690,000,000 tested=58 found=0 n=470757715654995187489917 elapsed=517s
progress: nodes=9,700,000,000 tested=58 found=0 n=371563478347646454027543 elapsed=517s
progress: nodes=9,710,000,000 tested=58 found=0 n=452592504204779748901707 elapsed=518s
progress: nodes=9,720,000,000 tested=58 found=0 n=717117499585561633575093 elapsed=518s
progress: nodes=9,730,000,000 tested=58 found=0 n=488280951367451221481271 elapsed=519s
progress: nodes=9,740,000,000 tested=58 found=0 n=424819099711349232874677 elapsed=519s
progress: nodes=9,750,000,000 tested=58 found=0 n=541865861246723945847993 elapsed=520s
progress: nodes=9,760,000,000 tested=58 found=0 n=846808784660918105826723 elapsed=520s
progress: nodes=9,770,000,000 tested=58 found=0 n=661720690397014705202823 elapsed=521s
progress: nodes=9,780,000,000 tested=58 found=0 n=652446648200473815055059 elapsed=521s
progress: nodes=9,790,000,000 tested=58 found=0 n=819845506460671108892397 elapsed=522s
progress: nodes=9,800,000,000 tested=58 found=0 n=518170275192925097888607 elapsed=522s
progress: nodes=9,810,000,000 tested=58 found=0 n=403405079857792077155013 elapsed=523s
progress: nodes=9,820,000,000 tested=58 found=0 n=475932469391992404066429 elapsed=523s
progress: nodes=9,830,000,000 tested=58 found=0 n=729370450595206435482621 elapsed=524s
progress: nodes=9,840,000,000 tested=58 found=0 n=515475976565044980223893 elapsed=524s
progress: nodes=9,850,000,000 tested=58 found=0 n=484300468906690724000559 elapsed=525s
progress: nodes=9,860,000,000 tested=58 found=0 n=633804350655928515825069 elapsed=525s
progress: nodes=9,870,000,000 tested=58 found=0 n=981526361057405832110211 elapsed=526s
progress: nodes=9,880,000,000 tested=58 found=0 n=849290124640735374879051 elapsed=526s
progress: nodes=9,890,000,000 tested=58 found=0 n=910165556758921019192097 elapsed=527s
progress: nodes=9,900,000,000 tested=58 found=0 n=498935795446853387511273 elapsed=527s
progress: nodes=9,910,000,000 tested=58 found=0 n=929528341284848224544163 elapsed=528s
progress: nodes=9,920,000,000 tested=58 found=0 n=901840198542413119889823 elapsed=528s
progress: nodes=9,930,000,000 tested=58 found=0 n=435287026807631941968333 elapsed=529s
progress: nodes=9,940,000,000 tested=58 found=0 n=802328900399520054874929 elapsed=529s
progress: nodes=9,950,000,000 tested=58 found=0 n=717416872181090676020349 elapsed=530s
progress: nodes=9,960,000,000 tested=58 found=0 n=823047447966959412775809 elapsed=531s
progress: nodes=9,970,000,000 tested=58 found=0 n=501104075591028186821313 elapsed=531s
progress: nodes=9,980,000,000 tested=58 found=0 n=382260153206272801501503 elapsed=532s
progress: nodes=9,990,000,000 tested=58 found=0 n=464173944127801339409901 elapsed=532s
progress: nodes=10,000,000,000 tested=58 found=0 n=747958218331332446252199 elapsed=533s
progress: nodes=10,010,000,000 tested=58 found=0 n=596836528012896000139233 elapsed=533s
progress: nodes=10,020,000,000 tested=58 found=0 n=656872951544548087043079 elapsed=534s
progress: nodes=10,030,000,000 tested=58 found=0 n=916612626413230237257921 elapsed=534s
progress: nodes=10,040,000,000 tested=58 found=0 n=746505585618956535274749 elapsed=535s
progress: nodes=10,050,000,000 tested=58 found=0 n=798607308658812442637463 elapsed=535s
progress: nodes=10,060,000,000 tested=58 found=0 n=435142932235848129293847 elapsed=536s
progress: nodes=10,070,000,000 tested=58 found=0 n=912198050155092860229609 elapsed=536s
progress: nodes=10,080,000,000 tested=58 found=0 n=973835877135343294456461 elapsed=537s
progress: nodes=10,090,000,000 tested=58 found=0 n=608970830576807870108091 elapsed=537s
progress: nodes=10,100,000,000 tested=58 found=0 n=462467860735412379360051 elapsed=538s
progress: nodes=10,110,000,000 tested=58 found=0 n=536088426061911905614509 elapsed=538s
progress: nodes=10,120,000,000 tested=58 found=0 n=847324137359760935900949 elapsed=539s
progress: nodes=10,130,000,000 tested=58 found=0 n=754793864926678004155497 elapsed=539s
progress: nodes=10,140,000,000 tested=58 found=0 n=887256075583958048212167 elapsed=540s
progress: nodes=10,150,000,000 tested=58 found=0 n=624249772844136290454141 elapsed=540s
progress: nodes=10,160,000,000 tested=58 found=0 n=596084298605249002523667 elapsed=541s
progress: nodes=10,170,000,000 tested=58 found=0 n=793317190757647843126917 elapsed=541s
progress: nodes=10,180,000,000 tested=58 found=0 n=594369311516512210490427 elapsed=542s
progress: nodes=10,190,000,000 tested=58 found=0 n=621494826648178953776229 elapsed=542s
progress: nodes=10,200,000,000 tested=58 found=0 n=873915102167880832781337 elapsed=543s
progress: nodes=10,210,000,000 tested=58 found=0 n=735828869287431141344199 elapsed=543s
progress: nodes=10,220,000,000 tested=58 found=0 n=827628009803774546437917 elapsed=544s
progress: nodes=10,230,000,000 tested=58 found=0 n=539026711301175878802483 elapsed=544s
progress: nodes=10,240,000,000 tested=58 found=0 n=504430795864933106558697 elapsed=545s
progress: nodes=10,250,000,000 tested=58 found=0 n=718306833344774013343773 elapsed=545s
progress: nodes=10,260,000,000 tested=58 found=0 n=571436164436748614305533 elapsed=546s
progress: nodes=10,270,000,000 tested=58 found=0 n=643963490856011632246479 elapsed=546s
progress: nodes=10,280,000,000 tested=58 found=0 n=958722508561608643445901 elapsed=547s
progress: nodes=10,290,000,000 tested=58 found=0 n=912612746153981522669481 elapsed=547s
progress: nodes=10,300,000,000 tested=58 found=0 n=510658519130773232519223 elapsed=548s
progress: nodes=10,310,000,000 tested=58 found=0 n=960545988831090121255719 elapsed=548s
progress: nodes=10,320,000,000 tested=58 found=0 n=456415275312508159882773 elapsed=549s
progress: nodes=10,330,000,000 tested=58 found=0 n=801688695528797385740739 elapsed=549s
progress: nodes=10,340,000,000 tested=58 found=0 n=802573505520811786869723 elapsed=550s
progress: nodes=10,350,000,000 tested=58 found=0 n=470894490505781222224113 elapsed=550s
progress: nodes=10,360,000,000 tested=58 found=0 n=986868362414362118494419 elapsed=551s
progress: nodes=10,370,000,000 tested=58 found=0 n=580443134210165279465181 elapsed=551s
progress: nodes=10,380,000,000 tested=58 found=0 n=437211307345656157116957 elapsed=552s
progress: nodes=10,390,000,000 tested=58 found=0 n=553591451732928738997329 elapsed=552s
progress: nodes=10,400,000,000 tested=58 found=0 n=939859161630326115790689 elapsed=553s
progress: nodes=10,410,000,000 tested=58 found=0 n=416843912785918904298243 elapsed=553s
progress: nodes=10,420,000,000 tested=58 found=0 n=740069272050677269998759 elapsed=554s
progress: nodes=10,430,000,000 tested=58 found=0 n=783284517029006565025761 elapsed=554s
progress: nodes=10,440,000,000 tested=58 found=0 n=527780876290616043449739 elapsed=555s
progress: nodes=10,450,000,000 tested=58 found=0 n=559644596122356150394527 elapsed=555s
progress: nodes=10,460,000,000 tested=58 found=0 n=866695081552856509633911 elapsed=556s
progress: nodes=10,470,000,000 tested=58 found=0 n=877687813096402463249787 elapsed=556s
progress: nodes=10,480,000,000 tested=58 found=0 n=581688012753732902352489 elapsed=557s
progress: nodes=10,490,000,000 tested=58 found=0 n=554601478319803665167571 elapsed=557s
progress: nodes=10,500,000,000 tested=58 found=0 n=814060877987618223253137 elapsed=558s
progress: nodes=10,510,000,000 tested=58 found=0 n=796934006233868805542163 elapsed=558s
progress: nodes=10,520,000,000 tested=58 found=0 n=537904693671496002459531 elapsed=559s
progress: nodes=10,530,000,000 tested=58 found=0 n=569085048828918486359649 elapsed=559s
progress: nodes=10,540,000,000 tested=58 found=0 n=895349175541746128829549 elapsed=560s
progress: nodes=10,550,000,000 tested=58 found=0 n=952661163194260146449361 elapsed=560s
progress: nodes=10,560,000,000 tested=58 found=0 n=744912558454046974373151 elapsed=561s
progress: nodes=10,570,000,000 tested=58 found=0 n=849491892729776638830411 elapsed=562s
progress: nodes=10,580,000,000 tested=58 found=0 n=693741799746584666412489 elapsed=562s
progress: nodes=10,590,000,000 tested=58 found=0 n=837098271942909110474571 elapsed=562s
progress: nodes=10,600,000,000 tested=58 found=0 n=732474595089556336053729 elapsed=563s
progress: nodes=10,610,000,000 tested=58 found=0 n=950187952269038650376979 elapsed=564s
progress: nodes=10,620,000,000 tested=58 found=0 n=939126810108694388365107 elapsed=564s
progress: nodes=10,630,000,000 tested=58 found=0 n=698777967579612931290357 elapsed=565s
progress: nodes=10,640,000,000 tested=58 found=0 n=785544355130673775156443 elapsed=565s
progress: nodes=10,650,000,000 tested=58 found=0 n=639720559442776150226349 elapsed=566s
progress: nodes=10,660,000,000 tested=58 found=0 n=826749941249160747412209 elapsed=566s
progress: nodes=10,670,000,000 tested=58 found=0 n=809484640788161247284529 elapsed=567s
progress: nodes=10,680,000,000 tested=58 found=0 n=585667894618990916027757 elapsed=567s
progress: nodes=10,690,000,000 tested=58 found=0 n=693652070251019567935863 elapsed=568s
progress: nodes=10,700,000,000 tested=58 found=0 n=613688605287326246030661 elapsed=568s
progress: nodes=10,710,000,000 tested=58 found=0 n=890423411411621888115777 elapsed=569s
progress: nodes=10,720,000,000 tested=58 found=0 n=982654528938809757926049 elapsed=569s
progress: nodes=10,730,000,000 tested=58 found=0 n=885458532062486971112139 elapsed=570s
progress: nodes=10,740,000,000 tested=58 found=0 n=608262824037979496527911 elapsed=570s
progress: nodes=10,750,000,000 tested=58 found=0 n=690526377061673697081999 elapsed=571s
progress: nodes=10,760,000,000 tested=58 found=0 n=621056005199569360247211 elapsed=571s
progress: nodes=10,770,000,000 tested=58 found=0 n=946238213730179572013889 elapsed=572s
progress: nodes=10,780,000,000 tested=58 found=0 n=583666290613399776630309 elapsed=572s
progress: nodes=10,790,000,000 tested=58 found=0 n=598419341454904506375993 elapsed=573s
progress: nodes=10,800,000,000 tested=58 found=0 n=979592537824071853485573 elapsed=573s
progress: nodes=10,810,000,000 tested=58 found=0 n=700604411503482878247009 elapsed=574s
progress: nodes=10,820,000,000 tested=58 found=0 n=821872279998837191692953 elapsed=574s
progress: nodes=10,830,000,000 tested=58 found=0 n=828582116288430263886819 elapsed=575s
progress: nodes=10,840,000,000 tested=58 found=0 n=710653393555203493950093 elapsed=575s
progress: nodes=10,850,000,000 tested=58 found=0 n=984323062881682474484457 elapsed=576s
progress: nodes=10,860,000,000 tested=58 found=0 n=651543252336755324581959 elapsed=576s
progress: nodes=10,870,000,000 tested=58 found=0 n=728952576825907666734579 elapsed=577s
progress: nodes=10,880,000,000 tested=58 found=0 n=727055837785569033148869 elapsed=577s
progress: nodes=10,890,000,000 tested=58 found=0 n=661048128149313378943161 elapsed=578s
progress: nodes=10,900,000,000 tested=58 found=0 n=530996674448899757589183 elapsed=578s
progress: nodes=10,910,000,000 tested=58 found=0 n=820415593105646508765333 elapsed=579s
progress: nodes=10,920,000,000 tested=58 found=0 n=527557443593836311063639 elapsed=579s
progress: nodes=10,930,000,000 tested=58 found=0 n=671253050960971963357797 elapsed=580s
progress: nodes=10,940,000,000 tested=58 found=0 n=768550165413777511860249 elapsed=580s
progress: nodes=10,950,000,000 tested=58 found=0 n=810991838442612093218721 elapsed=581s
progress: nodes=10,960,000,000 tested=58 found=0 n=829725302751502185585711 elapsed=581s
progress: nodes=10,970,000,000 tested=58 found=0 n=802487388821682959246313 elapsed=582s
progress: nodes=10,980,000,000 tested=58 found=0 n=749244712369212120712959 elapsed=582s
progress: nodes=10,990,000,000 tested=58 found=0 n=693403303284315020559393 elapsed=583s
progress: nodes=11,000,000,000 tested=58 found=0 n=618928333454255283588591 elapsed=583s
progress: nodes=11,010,000,000 tested=58 found=0 n=540699640663647778518051 elapsed=584s
progress: nodes=11,020,000,000 tested=58 found=0 n=942371736807965084172783 elapsed=584s
progress: nodes=11,030,000,000 tested=58 found=0 n=880088797160681940245799 elapsed=585s
progress: nodes=11,040,000,000 tested=58 found=0 n=845459994246868261815939 elapsed=585s
progress: nodes=11,050,000,000 tested=58 found=0 n=832473623969656794196533 elapsed=586s
progress: nodes=11,060,000,000 tested=58 found=0 n=877255563964761717443631 elapsed=586s
progress: nodes=11,070,000,000 tested=58 found=0 n=992253973373243688462201 elapsed=587s
progress: nodes=11,080,000,000 tested=58 found=0 n=703337897054338918788339 elapsed=587s
progress: nodes=11,090,000,000 tested=58 found=0 n=924004982018028994320699 elapsed=588s
progress: nodes=11,100,000,000 tested=58 found=0 n=762963730501877477098911 elapsed=588s
progress: nodes=11,110,000,000 tested=58 found=0 n=690873552611031449463111 elapsed=589s
progress: nodes=11,120,000,000 tested=58 found=0 n=734692679623653029837019 elapsed=589s
progress: nodes=11,130,000,000 tested=58 found=0 n=901833431686021204088103 elapsed=590s
progress: nodes=11,140,000,000 tested=58 found=0 n=752652632246304859081551 elapsed=591s
progress: nodes=11,150,000,000 tested=58 found=0 n=738429459176655355086747 elapsed=591s
progress: nodes=11,160,000,000 tested=58 found=0 n=872886229002437986129563 elapsed=591s
progress: nodes=11,170,000,000 tested=58 found=0 n=747769186382472108502263 elapsed=592s
progress: nodes=11,180,000,000 tested=58 found=0 n=804207523083144385104207 elapsed=592s
progress: nodes=11,190,000,000 tested=58 found=0 n=601248254682849385531689 elapsed=593s
progress: nodes=11,200,000,000 tested=58 found=0 n=625134699767424200562747 elapsed=593s
progress: nodes=11,210,000,000 tested=58 found=0 n=864835157160395461817469 elapsed=594s
progress: nodes=11,220,000,000 tested=58 found=0 n=921715853799693488306463 elapsed=594s
progress: nodes=11,230,000,000 tested=58 found=0 n=808138816020248077618407 elapsed=595s
progress: nodes=11,240,000,000 tested=58 found=0 n=928080604510980474790467 elapsed=596s
progress: nodes=11,250,000,000 tested=58 found=0 n=889947312492171726022923 elapsed=596s
progress: nodes=11,260,000,000 tested=58 found=0 n=757186321234508731595799 elapsed=597s
progress: nodes=11,270,000,000 tested=58 found=0 n=943214735976342156038943 elapsed=597s
progress: nodes=11,280,000,000 tested=58 found=0 n=609657275360992398476013 elapsed=598s
progress: nodes=11,290,000,000 tested=58 found=0 n=993625297582002379446537 elapsed=598s
progress: nodes=11,300,000,000 tested=58 found=0 n=927364794603403099883247 elapsed=599s
progress: nodes=11,310,000,000 tested=58 found=0 n=816035027178794945255811 elapsed=599s
progress: nodes=11,320,000,000 tested=58 found=0 n=702106470360026259264891 elapsed=599s
progress: nodes=11,330,000,000 tested=58 found=0 n=966835858536890775325431 elapsed=600s
progress: nodes=11,340,000,000 tested=58 found=0 n=878374263844503153096831 elapsed=601s
progress: nodes=11,350,000,000 tested=58 found=0 n=842400318194415979094943 elapsed=601s
progress: nodes=11,360,000,000 tested=58 found=0 n=904834120641647658800877 elapsed=601s
progress: nodes=11,370,000,000 tested=58 found=0 n=669422756317382857322379 elapsed=602s
progress: nodes=11,380,000,000 tested=58 found=0 n=920547489446737065200133 elapsed=602s
progress: nodes=11,390,000,000 tested=58 found=0 n=954538415193638628378333 elapsed=603s
progress: nodes=11,400,000,000 tested=58 found=0 n=787852776915421051498587 elapsed=603s
progress: nodes=11,410,000,000 tested=58 found=0 n=774705452941549079743023 elapsed=604s
progress: nodes=11,420,000,000 tested=58 found=0 n=963093994014675498747849 elapsed=604s
progress: nodes=11,430,000,000 tested=58 found=0 n=691525608582337922407707 elapsed=605s
progress: nodes=11,440,000,000 tested=58 found=0 n=715842711946831781784087 elapsed=605s
progress: nodes=11,450,000,000 tested=58 found=0 n=711128405144911132419579 elapsed=606s
progress: nodes=11,460,000,000 tested=58 found=0 n=725206064565434717815011 elapsed=606s
progress: nodes=11,470,000,000 tested=58 found=0 n=799226682153283522355679 elapsed=607s
progress: nodes=11,480,000,000 tested=58 found=0 n=974443793801657988224493 elapsed=607s
progress: nodes=11,490,000,000 tested=58 found=0 n=902431125477073778251743 elapsed=608s
progress: nodes=11,500,000,000 tested=58 found=0 n=991371186942823216684539 elapsed=608s
progress: nodes=11,510,000,000 tested=58 found=0 n=948717619439278241116179 elapsed=609s
progress: nodes=11,520,000,000 tested=58 found=0 n=864113319881865675386919 elapsed=609s
progress: nodes=11,530,000,000 tested=58 found=0 n=824662817366538184649307 elapsed=610s
progress: nodes=11,540,000,000 tested=58 found=0 n=878708411269984197850563 elapsed=610s
progress: nodes=11,550,000,000 tested=58 found=0 n=718095068432563465627137 elapsed=611s
progress: nodes=11,560,000,000 tested=58 found=0 n=719689461559813228069971 elapsed=611s
progress: nodes=11,570,000,000 tested=58 found=0 n=970930889415285772506687 elapsed=612s
progress: nodes=11,580,000,000 tested=58 found=0 n=899329525422518547536949 elapsed=612s
progress: nodes=11,590,000,000 tested=58 found=0 n=930773461278967403083371 elapsed=613s
progress: nodes=11,600,000,000 tested=58 found=0 n=838666663107327714220407 elapsed=613s
progress: nodes=11,610,000,000 tested=58 found=0 n=762582388913691828223203 elapsed=614s
progress: nodes=11,620,000,000 tested=58 found=0 n=765260851249429067126979 elapsed=614s
progress: nodes=11,630,000,000 tested=58 found=0 n=912451545371378470718799 elapsed=615s
progress: nodes=11,640,000,000 tested=58 found=0 n=742679415824634333812151 elapsed=615s
progress: nodes=11,650,000,000 tested=58 found=0 n=754803311689548748819269 elapsed=616s
progress: nodes=11,660,000,000 tested=58 found=0 n=842782014997608837905523 elapsed=616s
progress: nodes=11,670,000,000 tested=58 found=0 n=902391682264301269373949 elapsed=617s
progress: nodes=11,680,000,000 tested=58 found=0 n=863833479940802346344523 elapsed=618s
progress: nodes=11,690,000,000 tested=58 found=0 n=966008659799920153474827 elapsed=618s
progress: nodes=11,700,000,000 tested=58 found=0 n=862370939089545256152243 elapsed=619s
progress: nodes=11,710,000,000 tested=58 found=0 n=817698941300840365119969 elapsed=619s
progress: nodes=11,720,000,000 tested=58 found=0 n=879982538225031224330193 elapsed=620s
progress: nodes=11,730,000,000 tested=58 found=0 n=924419927086369534053387 elapsed=620s
progress: nodes=11,740,000,000 tested=58 found=0 n=997855013582148718952109 elapsed=621s
progress: nodes=11,750,000,000 tested=58 found=0 n=826581027093107897556099 elapsed=621s
progress: nodes=11,760,000,000 tested=58 found=0 n=937586493786610929810087 elapsed=622s
progress: nodes=11,770,000,000 tested=58 found=0 n=991211974432649668382607 elapsed=622s
progress: nodes=11,780,000,000 tested=58 found=0 n=975693421993226636789397 elapsed=623s
progress: nodes=11,790,000,000 tested=58 found=0 n=879081349516983337883697 elapsed=623s
progress: nodes=11,800,000,000 tested=58 found=0 n=916557342102990586199817 elapsed=624s
progress: nodes=11,810,000,000 tested=58 found=0 n=898805283050924219594547 elapsed=624s
progress: nodes=11,820,000,000 tested=58 found=0 n=897137535206990109519333 elapsed=625s
progress: nodes=11,830,000,000 tested=58 found=0 n=992548487370909049550739 elapsed=625s
progress: nodes=11,840,000,000 tested=58 found=0 n=938583500622366598331409 elapsed=626s
progress: nodes=11,850,000,000 tested=58 found=0 n=964456845454271851824681 elapsed=626s
progress: nodes=11,860,000,000 tested=58 found=0 n=998793436383356510605401 elapsed=627s
progress: nodes=11,870,000,000 tested=58 found=0 n=762466678565514647715837 elapsed=627s
progress: nodes=11,880,000,000 tested=58 found=0 n=151469346597662446068177 elapsed=627s
progress: nodes=11,890,000,000 tested=58 found=0 n=459523293645324564629127 elapsed=628s
progress: nodes=11,900,000,000 tested=58 found=0 n=831651291953898408050751 elapsed=628s
progress: nodes=11,910,000,000 tested=58 found=0 n=348769859223995542318293 elapsed=629s
progress: nodes=11,920,000,000 tested=58 found=0 n=811377484910939455876521 elapsed=629s
progress: nodes=11,930,000,000 tested=58 found=0 n=415904748615698264087319 elapsed=630s
progress: nodes=11,940,000,000 tested=58 found=0 n=983954149560089235107811 elapsed=630s
progress: nodes=11,950,000,000 tested=58 found=0 n=684549644477548986606393 elapsed=630s
progress: nodes=11,960,000,000 tested=58 found=0 n=437879247485865626937573 elapsed=631s
progress: nodes=11,970,000,000 tested=58 found=0 n=246926492479633022594307 elapsed=631s
progress: nodes=11,980,000,000 tested=58 found=0 n=114724241105331666397743 elapsed=632s
progress: nodes=11,990,000,000 tested=58 found=0 n=902059504143906058833267 elapsed=632s
progress: nodes=12,000,000,000 tested=58 found=0 n=854292134619603977716881 elapsed=633s
progress: nodes=12,010,000,000 tested=58 found=0 n=852921264786449599339137 elapsed=633s
progress: nodes=12,020,000,000 tested=58 found=0 n=896037004598249289136977 elapsed=634s
progress: nodes=12,030,000,000 tested=58 found=0 n=985282008849550904787603 elapsed=634s
progress: nodes=12,040,000,000 tested=58 found=0 n=211458688035108826081077 elapsed=634s
progress: nodes=12,050,000,000 tested=58 found=0 n=376434637943057236188261 elapsed=635s
progress: nodes=12,060,000,000 tested=58 found=0 n=598276289090935514436993 elapsed=635s
progress: nodes=12,070,000,000 tested=58 found=0 n=881223323706061631619093 elapsed=636s
progress: nodes=12,080,000,000 tested=58 found=0 n=312180985139860324811169 elapsed=636s
progress: nodes=12,090,000,000 tested=58 found=0 n=678413562164880400631619 elapsed=637s
progress: nodes=12,100,000,000 tested=58 found=0 n=204649572429174138531111 elapsed=637s
progress: nodes=12,110,000,000 tested=58 found=0 n=651622688322925990255893 elapsed=637s
progress: nodes=12,120,000,000 tested=58 found=0 n=265861481908337588839797 elapsed=638s
progress: nodes=12,130,000,000 tested=58 found=0 n=813250333825890921758259 elapsed=638s
progress: nodes=12,140,000,000 tested=58 found=0 n=509908488122462557102821 elapsed=639s
progress: nodes=12,150,000,000 tested=58 found=0 n=257338942813571176411623 elapsed=639s
progress: nodes=12,160,000,000 tested=58 found=0 n=938432549799332872162263 elapsed=640s
progress: nodes=12,170,000,000 tested=58 found=0 n=763594193709316294181703 elapsed=640s
progress: nodes=12,180,000,000 tested=58 found=0 n=639020310371980757820369 elapsed=641s
progress: nodes=12,190,000,000 tested=58 found=0 n=568257812202668756678433 elapsed=641s
progress: nodes=12,200,000,000 tested=58 found=0 n=546078114273823185518541 elapsed=641s
progress: nodes=12,210,000,000 tested=58 found=0 n=571963161511733606501733 elapsed=642s
progress: nodes=12,220,000,000 tested=58 found=0 n=643841872536427485627861 elapsed=642s
progress: nodes=12,230,000,000 tested=58 found=0 n=766024627517113047246009 elapsed=643s
progress: nodes=12,240,000,000 tested=58 found=0 n=936106583765216315536161 elapsed=643s
progress: nodes=12,250,000,000 tested=58 found=0 n=251958984985829867795973 elapsed=644s
progress: nodes=12,260,000,000 tested=58 found=0 n=498310644897992897302563 elapsed=644s
progress: nodes=12,270,000,000 tested=58 found=0 n=804907950247733469288921 elapsed=645s
progress: nodes=12,280,000,000 tested=58 found=0 n=276042293322261115857669 elapsed=645s
progress: nodes=12,290,000,000 tested=58 found=0 n=680772934773583062009291 elapsed=645s
progress: nodes=12,300,000,000 tested=58 found=0 n=252241532777380106558367 elapsed=646s
progress: nodes=12,310,000,000 tested=58 found=0 n=745982829675372701195091 elapsed=646s
progress: nodes=12,320,000,000 tested=58 found=0 n=405025255774570489346673 elapsed=647s
progress: nodes=12,330,000,000 tested=58 found=0 n=131314863503132347043313 elapsed=647s
progress: nodes=12,340,000,000 tested=58 found=0 n=767687114979684410576373 elapsed=648s
progress: nodes=12,350,000,000 tested=58 found=0 n=576502598980376748158787 elapsed=648s
progress: nodes=12,360,000,000 tested=58 found=0 n=438773580242067238917903 elapsed=648s
progress: nodes=12,370,000,000 tested=58 found=0 n=353966320913237753253687 elapsed=649s
progress: nodes=12,380,000,000 tested=58 found=0 n=314293748632616726669619 elapsed=649s
progress: nodes=12,390,000,000 tested=58 found=0 n=324215751294969338790909 elapsed=650s
progress: nodes=12,400,000,000 tested=58 found=0 n=381261371113931115765573 elapsed=650s
progress: nodes=12,410,000,000 tested=58 found=0 n=489700792694676683768571 elapsed=651s
progress: nodes=12,420,000,000 tested=58 found=0 n=658513111799775599196291 elapsed=651s
progress: nodes=12,430,000,000 tested=58 found=0 n=892267662928157586553329 elapsed=652s
progress: nodes=12,440,000,000 tested=58 found=0 n=289067141275573961338731 elapsed=652s
progress: nodes=12,450,000,000 tested=58 found=0 n=612385485299784655404561 elapsed=652s
progress: nodes=12,460,000,000 tested=58 found=0 n=997145220026209460170041 elapsed=653s
progress: nodes=12,470,000,000 tested=58 found=0 n=526236967260455617874169 elapsed=653s
progress: nodes=12,480,000,000 tested=58 found=0 n=130959270809275969893987 elapsed=654s
progress: nodes=12,490,000,000 tested=58 found=0 n=635283027380848475944161 elapsed=654s
progress: nodes=12,500,000,000 tested=58 found=0 n=324430977811300459287111 elapsed=655s
progress: nodes=12,510,000,000 tested=58 found=0 n=947002835281996982019069 elapsed=655s
progress: nodes=12,520,000,000 tested=58 found=0 n=723490699930379693596053 elapsed=655s
progress: nodes=12,530,000,000 tested=58 found=0 n=554398788667626441801801 elapsed=656s
progress: nodes=12,540,000,000 tested=58 found=0 n=439919671257887676223599 elapsed=656s
progress: nodes=12,550,000,000 tested=58 found=0 n=377100995802060278764323 elapsed=657s
progress: nodes=12,560,000,000 tested=58 found=0 n=372022678482850099190871 elapsed=657s
progress: nodes=12,570,000,000 tested=58 found=0 n=416133588709295261683263 elapsed=658s
progress: nodes=12,580,000,000 tested=58 found=0 n=511255629475865623688031 elapsed=658s
progress: nodes=12,590,000,000 tested=58 found=0 n=660975701058551918751327 elapsed=659s
progress: nodes=12,600,000,000 tested=58 found=0 n=862796646781416795088179 elapsed=659s
progress: nodes=12,610,000,000 tested=58 found=0 n=232965581324419590957387 elapsed=659s
progress: nodes=12,620,000,000 tested=58 found=0 n=516479399904437353872873 elapsed=660s
progress: nodes=12,630,000,000 tested=58 found=0 n=867176419792462618156857 elapsed=660s
progress: nodes=12,640,000,000 tested=58 found=0 n=387555352918844647313007 elapsed=661s
progress: nodes=12,650,000,000 tested=58 found=0 n=842786878979313996525567 elapsed=661s
progress: nodes=12,660,000,000 tested=58 found=0 n=463659038936252328675429 elapsed=662s
progress: nodes=12,670,000,000 tested=58 found=0 n=159876532878412431429117 elapsed=662s
progress: nodes=12,680,000,000 tested=58 found=0 n=761700886817125758579153 elapsed=663s
progress: nodes=12,690,000,000 tested=58 found=0 n=542741202990891126641727 elapsed=663s
progress: nodes=12,700,000,000 tested=58 found=0 n=380510694858169573251939 elapsed=664s
progress: nodes=12,710,000,000 tested=58 found=0 n=272161317078662192769357 elapsed=664s
progress: nodes=12,720,000,000 tested=58 found=0 n=210668860736611065454743 elapsed=664s
progress: nodes=12,730,000,000 tested=58 found=0 n=203583318656791533684147 elapsed=665s
progress: nodes=12,740,000,000 tested=58 found=0 n=251822665490153166162369 elapsed=665s
progress: nodes=12,750,000,000 tested=58 found=0 n=358766740226925112572567 elapsed=666s
progress: nodes=12,760,000,000 tested=58 found=0 n=520809269607973062562923 elapsed=666s
progress: nodes=12,770,000,000 tested=58 found=0 n=739536805995346503309627 elapsed=667s
progress: nodes=12,780,000,000 tested=58 found=0 n=149232268289415468709629 elapsed=667s
progress: nodes=12,790,000,000 tested=58 found=0 n=455439647266615075055607 elapsed=667s
progress: nodes=12,800,000,000 tested=58 found=0 n=831692585333173214081277 elapsed=668s
progress: nodes=12,810,000,000 tested=58 found=0 n=383306538790283370846507 elapsed=668s
progress: nodes=12,820,000,000 tested=58 found=0 n=867810918121931643536061 elapsed=669s
progress: nodes=12,830,000,000 tested=58 found=0 n=528291563322406470634971 elapsed=669s
progress: nodes=12,840,000,000 tested=58 found=0 n=258210669734118607013739 elapsed=670s
progress: nodes=12,850,000,000 tested=58 found=0 n=912139197352799137480143 elapsed=670s
progress: nodes=12,860,000,000 tested=58 found=0 n=746930287788058047013263 elapsed=671s
progress: nodes=12,870,000,000 tested=58 found=0 n=635439444845147587343853 elapsed=671s
progress: nodes=12,880,000,000 tested=58 found=0 n=580687515869347987829883 elapsed=671s
progress: nodes=12,890,000,000 tested=58 found=0 n=584977166904807361787949 elapsed=672s
progress: nodes=12,900,000,000 tested=58 found=0 n=639884727910550052208971 elapsed=672s
progress: nodes=12,910,000,000 tested=58 found=0 n=759944176168073234077971 elapsed=673s
progress: nodes=12,920,000,000 tested=58 found=0 n=935853881955461981323119 elapsed=673s
progress: nodes=12,930,000,000 tested=58 found=0 n=287004390200999469402327 elapsed=674s
progress: nodes=12,940,000,000 tested=58 found=0 n=561685456006665805368477 elapsed=674s
progress: nodes=12,950,000,000 tested=58 found=0 n=900121048172671445253441 elapsed=675s
progress: nodes=12,960,000,000 tested=58 found=0 n=421728890364376653968217 elapsed=675s
progress: nodes=12,970,000,000 tested=58 found=0 n=876038789062885682993913 elapsed=675s
progress: nodes=12,980,000,000 tested=58 found=0 n=501864032719786414907691 elapsed=676s
progress: nodes=12,990,000,000 tested=58 found=0 n=196671202404509825615007 elapsed=676s
progress: nodes=13,000,000,000 tested=58 found=0 n=792193022395955409882807 elapsed=677s
progress: nodes=13,010,000,000 tested=58 found=0 n=578845467325948878364617 elapsed=677s
progress: nodes=13,020,000,000 tested=58 found=0 n=424853035626989477331747 elapsed=678s
progress: nodes=13,030,000,000 tested=58 found=0 n=328655692017003001348467 elapsed=678s
progress: nodes=13,040,000,000 tested=58 found=0 n=286817960034647469328131 elapsed=678s
progress: nodes=13,050,000,000 tested=58 found=0 n=304248775659539153902767 elapsed=679s
progress: nodes=13,060,000,000 tested=58 found=0 n=379539964300978248887889 elapsed=679s
progress: nodes=13,070,000,000 tested=58 found=0 n=509357899301806046273859 elapsed=680s
progress: nodes=13,080,000,000 tested=58 found=0 n=697047530087824537131279 elapsed=680s
progress: nodes=13,090,000,000 tested=58 found=0 n=946906715767030321371453 elapsed=681s
progress: nodes=13,100,000,000 tested=58 found=0 n=381228718792006584063873 elapsed=681s
progress: nodes=13,110,000,000 tested=58 found=0 n=743619944291309833559427 elapsed=682s
progress: nodes=13,120,000,000 tested=58 found=0 n=305745092543397239006967 elapsed=682s
progress: nodes=13,130,000,000 tested=58 found=0 n=785282859535330170756819 elapsed=682s
progress: nodes=13,140,000,000 tested=58 found=0 n=456264793664726670669969 elapsed=683s
progress: nodes=13,150,000,000 tested=58 found=0 n=195768665258396630474151 elapsed=683s
progress: nodes=13,160,000,000 tested=58 found=0 n=832544544972921703095789 elapsed=684s
progress: nodes=13,170,000,000 tested=58 found=0 n=669072484797312388596111 elapsed=684s
progress: nodes=13,180,000,000 tested=58 found=0 n=573977289345862611839553 elapsed=685s
progress: nodes=13,190,000,000 tested=58 found=0 n=544680672467714879024313 elapsed=685s
progress: nodes=13,200,000,000 tested=58 found=0 n=572565769542362257139709 elapsed=686s
progress: nodes=13,210,000,000 tested=58 found=0 n=661288452087824221945977 elapsed=686s
progress: nodes=13,220,000,000 tested=58 found=0 n=808109153047740284046999 elapsed=686s
progress: nodes=13,230,000,000 tested=58 found=0 n=161162203776541967232387 elapsed=687s
progress: nodes=13,240,000,000 tested=58 found=0 n=413223348221039536128333 elapsed=687s
progress: nodes=13,250,000,000 tested=58 found=0 n=735226209603845953656201 elapsed=688s
progress: nodes=13,260,000,000 tested=58 found=0 n=258945122255809712191623 elapsed=688s
progress: nodes=13,270,000,000 tested=58 found=0 n=692273592337188217053159 elapsed=689s
progress: nodes=13,280,000,000 tested=58 found=0 n=333624921730314475746177 elapsed=689s
progress: nodes=13,290,000,000 tested=58 found=0 n=897633717863644668947733 elapsed=690s
progress: nodes=13,300,000,000 tested=58 found=0 n=666028825369753547197881 elapsed=690s
progress: nodes=13,310,000,000 tested=58 found=0 n=498132660275797750725753 elapsed=690s
progress: nodes=13,320,000,000 tested=58 found=0 n=387108669819892848594921 elapsed=691s
progress: nodes=13,330,000,000 tested=58 found=0 n=335703751270099887183201 elapsed=691s
progress: nodes=13,340,000,000 tested=58 found=0 n=354335893557155864814537 elapsed=692s
progress: nodes=13,350,000,000 tested=58 found=0 n=431775824751090014426847 elapsed=692s
progress: nodes=13,360,000,000 tested=58 found=0 n=572321296083298499408979 elapsed=693s
progress: nodes=13,370,000,000 tested=58 found=0 n=784480516045924127392809 elapsed=693s
progress: nodes=13,380,000,000 tested=58 found=0 n=207033909181836129895887 elapsed=694s
progress: nodes=13,390,000,000 tested=58 found=0 n=533793578196518553147003 elapsed=694s
progress: nodes=13,400,000,000 tested=58 found=0 n=936639396451890954143937 elapsed=695s
progress: nodes=13,410,000,000 tested=58 found=0 n=529537056034536516582693 elapsed=695s
progress: nodes=13,420,000,000 tested=58 found=0 n=201737058457750445793933 elapsed=695s
progress: nodes=13,430,000,000 tested=58 found=0 n=766938922325008459828263 elapsed=696s
progress: nodes=13,440,000,000 tested=58 found=0 n=550122371955695099655171 elapsed=696s
progress: nodes=13,450,000,000 tested=58 found=0 n=405950306143251606707817 elapsed=697s
progress: nodes=13,460,000,000 tested=58 found=0 n=331642333853816982638103 elapsed=697s
progress: nodes=13,470,000,000 tested=58 found=0 n=317044272228129503054613 elapsed=698s
progress: nodes=13,480,000,000 tested=58 found=0 n=367930013645705983868781 elapsed=698s
progress: nodes=13,490,000,000 tested=58 found=0 n=479685224903827663600803 elapsed=699s
progress: nodes=13,500,000,000 tested=58 found=0 n=656849888022393603171711 elapsed=699s
progress: nodes=13,510,000,000 tested=58 found=0 n=898471618370694282158937 elapsed=700s
progress: nodes=13,520,000,000 tested=58 found=0 n=344730272873366803431393 elapsed=700s
progress: nodes=13,530,000,000 tested=58 found=0 n=703163695200127979854113 elapsed=700s
progress: nodes=13,540,000,000 tested=58 found=0 n=279095481113756099679117 elapsed=701s
progress: nodes=13,550,000,000 tested=58 found=0 n=757034213800531157352477 elapsed=701s
progress: nodes=13,560,000,000 tested=58 found=0 n=450063870808734422726409 elapsed=702s
progress: nodes=13,570,000,000 tested=58 found=0 n=224478602588671246778193 elapsed=702s
progress: nodes=13,580,000,000 tested=58 found=0 n=895861012815724320959517 elapsed=703s
progress: nodes=13,590,000,000 tested=58 found=0 n=783405853028815312130373 elapsed=703s
progress: nodes=13,600,000,000 tested=58 found=0 n=738311707963007608577301 elapsed=704s
progress: nodes=13,610,000,000 tested=58 found=0 n=757707113559440839151511 elapsed=704s
progress: nodes=13,620,000,000 tested=58 found=0 n=855568174361942083021749 elapsed=705s
progress: nodes=13,630,000,000 tested=58 found=0 n=173970949446587549704833 elapsed=705s
progress: nodes=13,640,000,000 tested=58 found=0 n=376915717978964673362469 elapsed=705s
progress: nodes=13,650,000,000 tested=58 found=0 n=655124158659548473515081 elapsed=706s
progress: nodes=13,660,000,000 tested=58 found=0 n=170519549661465039120393 elapsed=706s
progress: nodes=13,670,000,000 tested=58 found=0 n=570318184972239620832531 elapsed=707s
progress: nodes=13,680,000,000 tested=58 found=0 n=211350282819123148260021 elapsed=707s
progress: nodes=13,690,000,000 tested=58 found=0 n=732736437702677333310231 elapsed=708s
progress: nodes=13,700,000,000 tested=58 found=0 n=480983263171282569831903 elapsed=708s
progress: nodes=13,710,000,000 tested=58 found=0 n=316444730152427594207721 elapsed=709s
progress: nodes=13,720,000,000 tested=58 found=0 n=217014453853282167180021 elapsed=709s
progress: nodes=13,730,000,000 tested=58 found=0 n=175725935711337687642351 elapsed=710s
progress: nodes=13,740,000,000 tested=58 found=0 n=206200729295685166815927 elapsed=710s
progress: nodes=13,750,000,000 tested=58 found=0 n=301181517312195204092331 elapsed=711s
progress: nodes=13,760,000,000 tested=58 found=0 n=467259473742959867596011 elapsed=711s
progress: nodes=13,770,000,000 tested=58 found=0 n=701377863673319959609791 elapsed=711s
progress: nodes=13,780,000,000 tested=58 found=0 n=180738947104171844228379 elapsed=712s
progress: nodes=13,790,000,000 tested=58 found=0 n=547416707855154823467243 elapsed=712s
progress: nodes=13,800,000,000 tested=58 found=0 n=168518076243515258890707 elapsed=713s
progress: nodes=13,810,000,000 tested=58 found=0 n=673216730662494692407041 elapsed=713s
progress: nodes=13,820,000,000 tested=58 found=0 n=423045437363976404905389 elapsed=714s
progress: nodes=13,830,000,000 tested=58 found=0 n=242654927750702486815257 elapsed=714s
progress: nodes=13,840,000,000 tested=58 found=0 n=957025996637642708736267 elapsed=715s
progress: nodes=13,850,000,000 tested=58 found=0 n=900921520239770678554521 elapsed=715s
progress: nodes=13,860,000,000 tested=58 found=0 n=917389514784225952433349 elapsed=716s
progress: nodes=13,870,000,000 tested=58 found=0 n=169471380127485001611969 elapsed=716s
progress: nodes=13,880,000,000 tested=58 found=0 n=310344167735257695650919 elapsed=717s
progress: nodes=13,890,000,000 tested=58 found=0 n=525361557856539285575001 elapsed=717s
progress: nodes=13,900,000,000 tested=58 found=0 n=821889037581455969514081 elapsed=717s
progress: nodes=13,910,000,000 tested=58 found=0 n=351322296240897933042861 elapsed=718s
progress: nodes=13,920,000,000 tested=58 found=0 n=783720443634755153208759 elapsed=718s
progress: nodes=13,930,000,000 tested=58 found=0 n=452695945213434638448117 elapsed=719s
progress: nodes=13,940,000,000 tested=58 found=0 n=202731527855943840647817 elapsed=719s
progress: nodes=13,950,000,000 tested=58 found=0 n=835254945047569216332393 elapsed=720s
progress: nodes=13,960,000,000 tested=58 found=0 n=705379163483767947321609 elapsed=720s
progress: nodes=13,970,000,000 tested=58 found=0 n=650202661427377334947209 elapsed=721s
progress: nodes=13,980,000,000 tested=58 found=0 n=664182533183830266338271 elapsed=721s
progress: nodes=13,990,000,000 tested=58 found=0 n=755335134267449388180759 elapsed=722s
progress: nodes=14,000,000,000 tested=58 found=0 n=916855867613755880817237 elapsed=722s
progress: nodes=14,010,000,000 tested=58 found=0 n=310681203799123556619759 elapsed=723s
progress: nodes=14,020,000,000 tested=58 found=0 n=604343641160144124597897 elapsed=723s
progress: nodes=14,030,000,000 tested=58 found=0 n=980342277684162506211483 elapsed=723s
progress: nodes=14,040,000,000 tested=58 found=0 n=588074503025951875566171 elapsed=724s
progress: nodes=14,050,000,000 tested=58 found=0 n=280612057233692059992963 elapsed=724s
progress: nodes=14,060,000,000 tested=58 found=0 n=864457455581153298890487 elapsed=725s
progress: nodes=14,070,000,000 tested=58 found=0 n=688833347900423222801997 elapsed=725s
progress: nodes=14,080,000,000 tested=58 found=0 n=586870294297864977538677 elapsed=726s
progress: nodes=14,090,000,000 tested=58 found=0 n=551149981176269618705331 elapsed=726s
progress: nodes=14,100,000,000 tested=58 found=0 n=577389840300674765005257 elapsed=727s
progress: nodes=14,110,000,000 tested=58 found=0 n=679621837707602402518521 elapsed=727s
progress: nodes=14,120,000,000 tested=58 found=0 n=862873746456625812301239 elapsed=728s
progress: nodes=14,130,000,000 tested=58 found=0 n=298306119242098259515377 elapsed=728s
progress: nodes=14,140,000,000 tested=58 found=0 n=631454518060475371761807 elapsed=729s
progress: nodes=14,150,000,000 tested=58 found=0 n=234865157004256468769541 elapsed=729s
progress: nodes=14,160,000,000 tested=58 found=0 n=719655302505143629360197 elapsed=730s
progress: nodes=14,170,000,000 tested=58 found=0 n=455812912713914038020969 elapsed=730s
progress: nodes=14,180,000,000 tested=58 found=0 n=276067510537450544020647 elapsed=730s
progress: nodes=14,190,000,000 tested=58 found=0 n=986764930002213542071353 elapsed=731s
progress: nodes=14,200,000,000 tested=58 found=0 n=942300789459456628110987 elapsed=731s
progress: nodes=14,210,000,000 tested=58 found=0 n=979599233023627320677727 elapsed=732s
progress: nodes=14,220,000,000 tested=58 found=0 n=268855447623602036496453 elapsed=732s
progress: nodes=14,230,000,000 tested=58 found=0 n=448730514592228452323817 elapsed=733s
progress: nodes=14,240,000,000 tested=58 found=0 n=712173037474363814171361 elapsed=733s
progress: nodes=14,250,000,000 tested=58 found=0 n=241381922574371660684757 elapsed=734s
progress: nodes=14,260,000,000 tested=58 found=0 n=655036144296392472652269 elapsed=734s
progress: nodes=14,270,000,000 tested=58 found=0 n=338939329693814884223343 elapsed=735s
progress: nodes=14,280,000,000 tested=58 found=0 n=914618145354289735533867 elapsed=735s
progress: nodes=14,290,000,000 tested=58 found=0 n=745850933781165811044369 elapsed=736s
progress: nodes=14,300,000,000 tested=58 found=0 n=650739966923522002012101 elapsed=736s
progress: nodes=14,310,000,000 tested=58 found=0 n=639475654536321982512903 elapsed=737s
progress: nodes=14,320,000,000 tested=58 found=0 n=703369431459244404988749 elapsed=737s
progress: nodes=14,330,000,000 tested=58 found=0 n=850929253991588610379233 elapsed=738s
progress: nodes=14,340,000,000 tested=58 found=0 n=261600662826383076682101 elapsed=738s
progress: nodes=14,350,000,000 tested=58 found=0 n=560291712608292491998017 elapsed=738s
progress: nodes=14,360,000,000 tested=58 found=0 n=952278191347043805307371 elapsed=739s
progress: nodes=14,370,000,000 tested=58 found=0 n=597018279268271745278163 elapsed=739s
progress: nodes=14,380,000,000 tested=58 found=0 n=334611919991425352638131 elapsed=740s
progress: nodes=14,390,000,000 tested=58 found=0 n=958584494298763651020471 elapsed=740s
progress: nodes=14,400,000,000 tested=58 found=0 n=843491176147726095823911 elapsed=741s
progress: nodes=14,410,000,000 tested=58 found=0 n=812254227970721728028067 elapsed=741s
progress: nodes=14,420,000,000 tested=58 found=0 n=864004846926193350625863 elapsed=742s
progress: nodes=14,430,000,000 tested=58 found=0 n=996939390693163085416017 elapsed=742s
progress: nodes=14,440,000,000 tested=58 found=0 n=394515810477299331815841 elapsed=743s
progress: nodes=14,450,000,000 tested=58 found=0 n=682915038433523703534573 elapsed=743s
progress: nodes=14,460,000,000 tested=58 found=0 n=253555522112024290202121 elapsed=744s
progress: nodes=14,470,000,000 tested=58 found=0 n=703057598003781827981559 elapsed=744s
progress: nodes=14,480,000,000 tested=58 found=0 n=433323972479443386672639 elapsed=745s
progress: nodes=14,490,000,000 tested=58 found=0 n=245045173425699021674607 elapsed=745s
progress: nodes=14,500,000,000 tested=58 found=0 n=928245778575415478412003 elapsed=746s
progress: nodes=14,510,000,000 tested=58 found=0 n=884548555226290684637523 elapsed=746s
progress: nodes=14,520,000,000 tested=58 found=0 n=929862986703071658681213 elapsed=747s
progress: nodes=14,530,000,000 tested=58 found=0 n=257600856359810109955347 elapsed=747s
progress: nodes=14,540,000,000 tested=58 found=0 n=465651676343475245781927 elapsed=748s
progress: nodes=14,550,000,000 tested=58 found=0 n=761465590916852679624459 elapsed=748s
progress: nodes=14,560,000,000 tested=58 found=0 n=341303001667951394291913 elapsed=748s
progress: nodes=14,570,000,000 tested=58 found=0 n=809989212222037627938081 elapsed=749s
progress: nodes=14,580,000,000 tested=58 found=0 n=561188282514209410662063 elapsed=749s
progress: nodes=14,590,000,000 tested=58 found=0 n=397675373971436980394283 elapsed=750s
progress: nodes=14,600,000,000 tested=58 found=0 n=320072881056450824242017 elapsed=750s
progress: nodes=14,610,000,000 tested=58 found=0 n=328139132665615892983593 elapsed=751s
progress: nodes=14,620,000,000 tested=58 found=0 n=421602516462162168565047 elapsed=751s
progress: nodes=14,630,000,000 tested=58 found=0 n=603024160306925439248859 elapsed=752s
progress: nodes=14,640,000,000 tested=58 found=0 n=884887954630627361200479 elapsed=752s
progress: nodes=14,650,000,000 tested=58 found=0 n=452268920998041381298449 elapsed=753s
progress: nodes=14,660,000,000 tested=58 found=0 n=911924591097022390470429 elapsed=753s
progress: nodes=14,670,000,000 tested=58 found=0 n=658741695076627672114143 elapsed=754s
progress: nodes=14,680,000,000 tested=58 found=0 n=498473765755436592588159 elapsed=754s
progress: nodes=14,690,000,000 tested=58 found=0 n=422182303022497340625687 elapsed=755s
progress: nodes=14,700,000,000 tested=58 found=0 n=430455504991213631909133 elapsed=755s
progress: nodes=14,710,000,000 tested=58 found=0 n=526480531285219573787109 elapsed=756s
progress: nodes=14,720,000,000 tested=58 found=0 n=705459207109918280108859 elapsed=756s
progress: nodes=14,730,000,000 tested=58 found=0 n=975500954342260567312707 elapsed=757s
progress: nodes=14,740,000,000 tested=58 found=0 n=520204073384329519677723 elapsed=757s
progress: nodes=14,750,000,000 tested=58 found=0 n=962188014248815754704689 elapsed=758s
progress: nodes=14,760,000,000 tested=58 found=0 n=686129818580440757368461 elapsed=758s
progress: nodes=14,770,000,000 tested=58 found=0 n=520550067008249800873659 elapsed=759s
progress: nodes=14,780,000,000 tested=58 found=0 n=449399082209098900307121 elapsed=759s
progress: nodes=14,790,000,000 tested=58 found=0 n=464253772920448809266199 elapsed=760s
progress: nodes=14,800,000,000 tested=58 found=0 n=573347517712799771019771 elapsed=760s
progress: nodes=14,810,000,000 tested=58 found=0 n=774922905832024861901451 elapsed=761s
progress: nodes=14,820,000,000 tested=58 found=0 n=284786227365332343991263 elapsed=761s
progress: nodes=14,830,000,000 tested=58 found=0 n=664658993727739368941121 elapsed=762s
progress: nodes=14,840,000,000 tested=58 found=0 n=350983867616682341358933 elapsed=762s
progress: nodes=14,850,000,000 tested=58 found=0 n=909066798588945574338453 elapsed=763s
progress: nodes=14,860,000,000 tested=58 found=0 n=766119577703588860530933 elapsed=763s
progress: nodes=14,870,000,000 tested=58 found=0 n=720702542382342906658041 elapsed=764s
progress: nodes=14,880,000,000 tested=58 found=0 n=764944838102627734748427 elapsed=764s
progress: nodes=14,890,000,000 tested=58 found=0 n=902519396111731040384049 elapsed=765s
progress: nodes=14,900,000,000 tested=58 found=0 n=341025923687897575207773 elapsed=765s
progress: nodes=14,910,000,000 tested=58 found=0 n=652449957985657986211827 elapsed=766s
progress: nodes=14,920,000,000 tested=58 found=0 n=295929920925089663635269 elapsed=766s
progress: nodes=14,930,000,000 tested=58 found=0 n=809442724279272446576367 elapsed=767s
progress: nodes=14,940,000,000 tested=58 found=0 n=625564152740474287198551 elapsed=767s
progress: nodes=14,950,000,000 tested=58 found=0 n=541942007155647285065571 elapsed=768s
progress: nodes=14,960,000,000 tested=58 found=0 n=548274386997078463393749 elapsed=768s
progress: nodes=14,970,000,000 tested=58 found=0 n=649076593894642509958593 elapsed=769s
progress: nodes=14,980,000,000 tested=58 found=0 n=850639604216278407106653 elapsed=769s
progress: nodes=14,990,000,000 tested=58 found=0 n=364094345907293782804947 elapsed=770s
progress: nodes=15,000,000,000 tested=58 found=0 n=755932520651424417750141 elapsed=770s
progress: nodes=15,010,000,000 tested=58 found=0 n=464812997281733921808141 elapsed=771s
progress: nodes=15,020,000,000 tested=58 found=0 n=274145896119503249064531 elapsed=771s
progress: nodes=15,030,000,000 tested=58 found=0 n=944226443877534451507797 elapsed=772s
progress: nodes=15,040,000,000 tested=58 found=0 n=930363884860012730342523 elapsed=772s
progress: nodes=15,050,000,000 tested=58 found=0 n=244968352102140983634087 elapsed=772s
progress: nodes=15,060,000,000 tested=58 found=0 n=422088867445719374161569 elapsed=773s
progress: nodes=15,070,000,000 tested=58 found=0 n=746000752778283991857561 elapsed=773s
progress: nodes=15,080,000,000 tested=58 found=0 n=475000277950309141771587 elapsed=774s
progress: nodes=15,090,000,000 tested=58 found=0 n=386793799085940331106637 elapsed=774s
progress: nodes=15,100,000,000 tested=58 found=0 n=490487950109171853948879 elapsed=775s
progress: nodes=15,110,000,000 tested=58 found=0 n=796175790670228151731779 elapsed=775s
progress: nodes=15,120,000,000 tested=58 found=0 n=527492174554487680766613 elapsed=776s
progress: nodes=15,130,000,000 tested=58 found=0 n=475035666551749707786459 elapsed=776s
progress: nodes=15,140,000,000 tested=58 found=0 n=615824514912373754476797 elapsed=777s
progress: nodes=15,150,000,000 tested=58 found=0 n=948936851279954615149533 elapsed=777s
progress: nodes=15,160,000,000 tested=58 found=0 n=707714242548248815871607 elapsed=778s
progress: nodes=15,170,000,000 tested=58 found=0 n=660285013422909504874167 elapsed=778s
progress: nodes=15,180,000,000 tested=58 found=0 n=813554737323283697608251 elapsed=779s
progress: nodes=15,190,000,000 tested=58 found=0 n=407535264026339935990581 elapsed=779s
progress: nodes=15,200,000,000 tested=58 found=0 n=960302696383042674171741 elapsed=780s
progress: nodes=15,210,000,000 tested=58 found=0 n=959573795428786811029911 elapsed=780s
progress: nodes=15,220,000,000 tested=58 found=0 n=420357692856924774344547 elapsed=781s
progress: nodes=15,230,000,000 tested=58 found=0 n=847823395174661444461461 elapsed=781s
progress: nodes=15,240,000,000 tested=58 found=0 n=723495380239311585933951 elapsed=782s
progress: nodes=15,250,000,000 tested=58 found=0 n=789756612757918467758019 elapsed=782s
progress: nodes=15,260,000,000 tested=58 found=0 n=298770581158647425468487 elapsed=783s
progress: nodes=15,270,000,000 tested=58 found=0 n=732305761140205814013837 elapsed=783s
progress: nodes=15,280,000,000 tested=58 found=0 n=636555052609670978754201 elapsed=784s
progress: nodes=15,290,000,000 tested=58 found=0 n=760418449400398664443491 elapsed=784s
progress: nodes=15,300,000,000 tested=58 found=0 n=354388208647334744927583 elapsed=785s
progress: nodes=15,310,000,000 tested=58 found=0 n=869076049068317599614567 elapsed=785s
progress: nodes=15,320,000,000 tested=58 found=0 n=852191058355836949327347 elapsed=786s
progress: nodes=15,330,000,000 tested=58 found=0 n=319156900068916643508621 elapsed=786s
progress: nodes=15,340,000,000 tested=58 found=0 n=690037772113658735440443 elapsed=787s
progress: nodes=15,350,000,000 tested=58 found=0 n=553795922125337817003309 elapsed=787s
progress: nodes=15,360,000,000 tested=58 found=0 n=621308499744126044098017 elapsed=788s
progress: nodes=15,370,000,000 tested=58 found=0 n=916158438940122096678729 elapsed=788s
progress: nodes=15,380,000,000 tested=58 found=0 n=705083682257349768867879 elapsed=789s
progress: nodes=15,390,000,000 tested=58 found=0 n=688239455398248060795411 elapsed=789s
progress: nodes=15,400,000,000 tested=58 found=0 n=878248291475457832447287 elapsed=790s
progress: nodes=15,410,000,000 tested=58 found=0 n=553862623047215241555873 elapsed=790s
progress: nodes=15,420,000,000 tested=58 found=0 n=439429572103724669463381 elapsed=791s
progress: nodes=15,430,000,000 tested=58 found=0 n=538310327697264559035753 elapsed=791s
progress: nodes=15,440,000,000 tested=58 found=0 n=842753999773834045421139 elapsed=792s
progress: nodes=15,450,000,000 tested=58 found=0 n=656635791390663501480987 elapsed=792s
progress: nodes=15,460,000,000 tested=58 found=0 n=699280441020600688905579 elapsed=793s
progress: nodes=15,470,000,000 tested=58 found=0 n=269255765382161368762413 elapsed=793s
progress: nodes=15,480,000,000 tested=58 found=0 n=737368793226819874558053 elapsed=794s
progress: nodes=15,490,000,000 tested=58 found=0 n=718141139522571310097013 elapsed=794s
progress: nodes=15,500,000,000 tested=58 found=0 n=911468274438056597146269 elapsed=795s
progress: nodes=15,510,000,000 tested=58 found=0 n=606149195542213131899937 elapsed=795s
progress: nodes=15,520,000,000 tested=58 found=0 n=510031826350376771729673 elapsed=796s
progress: nodes=15,530,000,000 tested=58 found=0 n=632968147661323186659177 elapsed=796s
progress: nodes=15,540,000,000 tested=58 found=0 n=300152414868369180352389 elapsed=797s
progress: nodes=15,550,000,000 tested=58 found=0 n=835855408012681094149881 elapsed=797s
progress: nodes=15,560,000,000 tested=58 found=0 n=919964544462014022506997 elapsed=798s
progress: nodes=15,570,000,000 tested=58 found=0 n=529528250183812608178989 elapsed=798s
progress: nodes=15,580,000,000 tested=58 found=0 n=352815844521230527372551 elapsed=799s
progress: nodes=15,590,000,000 tested=58 found=0 n=386014528649336859962613 elapsed=799s
progress: nodes=15,600,000,000 tested=58 found=0 n=630287396415004529569599 elapsed=800s
progress: nodes=15,610,000,000 tested=58 found=0 n=455988743747561563802109 elapsed=800s
progress: nodes=15,620,000,000 tested=58 found=0 n=490542886022573239520049 elapsed=801s
progress: nodes=15,630,000,000 tested=58 found=0 n=745986025985143689645669 elapsed=801s
progress: nodes=15,640,000,000 tested=58 found=0 n=575676706086623550483459 elapsed=802s
progress: nodes=15,650,000,000 tested=58 found=0 n=645157934847026446952799 elapsed=802s
progress: nodes=15,660,000,000 tested=58 found=0 n=278982877073583860621829 elapsed=803s
progress: nodes=15,670,000,000 tested=58 found=0 n=766399401291377307430053 elapsed=803s
progress: nodes=15,680,000,000 tested=58 found=0 n=824902615401035981114151 elapsed=804s
progress: nodes=15,690,000,000 tested=58 found=0 n=434722400151860076754113 elapsed=804s
progress: nodes=15,700,000,000 tested=58 found=0 n=916863553205016788644119 elapsed=805s
progress: nodes=15,710,000,000 tested=58 found=0 n=321480933212219650265781 elapsed=805s
progress: nodes=15,720,000,000 tested=58 found=0 n=600184684855071223496127 elapsed=806s
progress: nodes=15,730,000,000 tested=58 found=0 n=465677840818231051468689 elapsed=806s
progress: nodes=15,740,000,000 tested=58 found=0 n=561353845466908419663969 elapsed=807s
progress: nodes=15,750,000,000 tested=58 found=0 n=882569679358087389502449 elapsed=807s
progress: nodes=15,760,000,000 tested=58 found=0 n=784234806473149333478253 elapsed=808s
progress: nodes=15,770,000,000 tested=58 found=0 n=912944872242066658212603 elapsed=808s
progress: nodes=15,780,000,000 tested=58 found=0 n=636210126334790793945621 elapsed=808s
progress: nodes=15,790,000,000 tested=58 found=0 n=592082562031838831765889 elapsed=809s
progress: nodes=15,800,000,000 tested=58 found=0 n=763176356790227488534041 elapsed=810s
progress: nodes=15,810,000,000 tested=58 found=0 n=542744362461003074243487 elapsed=810s
progress: nodes=15,820,000,000 tested=58 found=0 n=551521550587854464947791 elapsed=811s
progress: nodes=15,830,000,000 tested=58 found=0 n=797467088422393591647753 elapsed=811s
progress: nodes=15,840,000,000 tested=58 found=0 n=646867038500510510808279 elapsed=812s
progress: nodes=15,850,000,000 tested=58 found=0 n=739125744166164621058947 elapsed=812s
progress: nodes=15,860,000,000 tested=58 found=0 n=445575621205572322221603 elapsed=813s
progress: nodes=15,870,000,000 tested=58 found=0 n=421980986118284371245159 elapsed=813s
progress: nodes=15,880,000,000 tested=58 found=0 n=656911281998233921845879 elapsed=814s
progress: nodes=15,890,000,000 tested=58 found=0 n=515453117382741698089083 elapsed=814s
progress: nodes=15,900,000,000 tested=58 found=0 n=618284756426165848170459 elapsed=815s
progress: nodes=15,910,000,000 tested=58 found=0 n=343741508620057209676707 elapsed=815s
progress: nodes=15,920,000,000 tested=58 found=0 n=317320381059057132807897 elapsed=816s
progress: nodes=15,930,000,000 tested=58 found=0 n=516822538022289960004467 elapsed=816s
progress: nodes=15,940,000,000 tested=58 found=0 n=347251585084758752870241 elapsed=817s
progress: nodes=15,950,000,000 tested=58 found=0 n=409232101316713488233343 elapsed=817s
progress: nodes=15,960,000,000 tested=58 found=0 n=707255833006324175245749 elapsed=818s
progress: nodes=15,970,000,000 tested=58 found=0 n=660912475664111450608521 elapsed=818s
progress: nodes=15,980,000,000 tested=58 found=0 n=885471767724559986069561 elapsed=819s
progress: nodes=15,990,000,000 tested=58 found=0 n=745543158783293696105511 elapsed=819s
progress: nodes=16,000,000,000 tested=58 found=0 n=843969218636060363858319 elapsed=820s
progress: nodes=16,010,000,000 tested=58 found=0 n=568209061105419877979913 elapsed=820s
progress: nodes=16,020,000,000 tested=58 found=0 n=557942306855781962012283 elapsed=821s
progress: nodes=16,030,000,000 tested=58 found=0 n=804738500946582347091177 elapsed=821s
progress: nodes=16,040,000,000 tested=58 found=0 n=705344478578271073262259 elapsed=822s
progress: nodes=16,050,000,000 tested=58 found=0 n=858298353407559916240851 elapsed=822s
progress: nodes=16,060,000,000 tested=58 found=0 n=675242666472845793465297 elapsed=823s
progress: nodes=16,070,000,000 tested=58 found=0 n=747034465020926297106969 elapsed=823s
progress: nodes=16,080,000,000 tested=58 found=0 n=485462645399541629990709 elapsed=824s
progress: nodes=16,090,000,000 tested=58 found=0 n=479788537641357238330113 elapsed=824s
progress: nodes=16,100,000,000 tested=58 found=0 n=742975050078730321212591 elapsed=825s
progress: nodes=16,110,000,000 tested=58 found=0 n=688505989919020512095241 elapsed=825s
progress: nodes=16,120,000,000 tested=58 found=0 n=327767957106307274432799 elapsed=826s
progress: nodes=16,130,000,000 tested=58 found=0 n=800026644467055702383379 elapsed=826s
progress: nodes=16,140,000,000 tested=58 found=0 n=391183403541425086528629 elapsed=827s
progress: nodes=16,150,000,000 tested=58 found=0 n=819399629899386406985499 elapsed=827s
progress: nodes=16,160,000,000 tested=58 found=0 n=365675333812718278170591 elapsed=828s
progress: nodes=16,170,000,000 tested=58 found=0 n=736191862767737503411977 elapsed=828s
progress: nodes=16,180,000,000 tested=58 found=0 n=818464624031681154034353 elapsed=829s
progress: nodes=16,190,000,000 tested=58 found=0 n=588293955003647254061007 elapsed=829s
progress: nodes=16,200,000,000 tested=58 found=0 n=639948147128423742824523 elapsed=830s
progress: nodes=16,210,000,000 tested=58 found=0 n=409567105656836174282697 elapsed=830s
progress: nodes=16,220,000,000 tested=58 found=0 n=438240631402371809679129 elapsed=831s
progress: nodes=16,230,000,000 tested=58 found=0 n=747234837820341776686473 elapsed=831s
progress: nodes=16,240,000,000 tested=58 found=0 n=782927736801366689363061 elapsed=832s
progress: nodes=16,250,000,000 tested=58 found=0 n=532008406339101747305019 elapsed=832s
progress: nodes=16,260,000,000 tested=58 found=0 n=558686797233491666164887 elapsed=833s
progress: nodes=16,270,000,000 tested=58 found=0 n=873329462416909681471827 elapsed=833s
progress: nodes=16,280,000,000 tested=58 found=0 n=355451335431353303020263 elapsed=834s
progress: nodes=16,290,000,000 tested=58 found=0 n=679144426949366258269851 elapsed=834s
progress: nodes=16,300,000,000 tested=58 found=0 n=739239798603085228857177 elapsed=835s
progress: nodes=16,310,000,000 tested=58 found=0 n=536652292849727071990203 elapsed=835s
progress: nodes=16,320,000,000 tested=58 found=0 n=642807139915748523418857 elapsed=836s
progress: nodes=16,330,000,000 tested=58 found=0 n=489102367816456208002881 elapsed=836s
progress: nodes=16,340,000,000 tested=58 found=0 n=624765226940044621768953 elapsed=837s
progress: nodes=16,350,000,000 tested=58 found=0 n=536481379297649700914769 elapsed=837s
progress: nodes=16,360,000,000 tested=58 found=0 n=743011865469763049734497 elapsed=838s
progress: nodes=16,370,000,000 tested=58 found=0 n=701754592422810953946843 elapsed=838s
progress: nodes=16,380,000,000 tested=58 found=0 n=428972856463162375333893 elapsed=839s
progress: nodes=16,390,000,000 tested=58 found=0 n=459887815758903077563479 elapsed=840s
progress: nodes=16,400,000,000 tested=58 found=0 n=789006526676938200193101 elapsed=840s
progress: nodes=16,410,000,000 tested=58 found=0 n=369228941171373393638451 elapsed=841s
progress: nodes=16,420,000,000 tested=58 found=0 n=790733725804338340669029 elapsed=841s
progress: nodes=16,430,000,000 tested=58 found=0 n=466564390479162750269187 elapsed=842s
progress: nodes=16,440,000,000 tested=58 found=0 n=450411300595828149820011 elapsed=842s
progress: nodes=16,450,000,000 tested=58 found=0 n=722022651000548231419701 elapsed=843s
progress: nodes=16,460,000,000 tested=58 found=0 n=776524079805570382253121 elapsed=843s
progress: nodes=16,470,000,000 tested=58 found=0 n=609554994371980117885809 elapsed=844s
progress: nodes=16,480,000,000 tested=58 found=0 n=767464233597067020133581 elapsed=844s
progress: nodes=16,490,000,000 tested=58 found=0 n=746757925820757079158699 elapsed=845s
progress: nodes=16,500,000,000 tested=58 found=0 n=530336011717638146275101 elapsed=845s
progress: nodes=16,510,000,000 tested=58 found=0 n=623653577176403963401443 elapsed=846s
progress: nodes=16,520,000,000 tested=58 found=0 n=542686617915626251909611 elapsed=846s
progress: nodes=16,530,000,000 tested=58 found=0 n=805189783052154114677601 elapsed=847s
progress: nodes=16,540,000,000 tested=58 found=0 n=405130330536094385891361 elapsed=847s
progress: nodes=16,550,000,000 tested=58 found=0 n=843879845636629877547549 elapsed=848s
progress: nodes=16,560,000,000 tested=58 found=0 n=626766627973574922581979 elapsed=848s
progress: nodes=16,570,000,000 tested=58 found=0 n=747099421158693498046767 elapsed=849s
progress: nodes=16,580,000,000 tested=58 found=0 n=701354514328744917259773 elapsed=849s
progress: nodes=16,590,000,000 tested=58 found=0 n=519551815210208173064133 elapsed=850s
progress: nodes=16,600,000,000 tested=58 found=0 n=684994246817751781035741 elapsed=850s
progress: nodes=16,610,000,000 tested=58 found=0 n=689652409658666139438291 elapsed=851s
progress: nodes=16,620,000,000 tested=58 found=0 n=542855511004217242741371 elapsed=851s
progress: nodes=16,630,000,000 tested=58 found=0 n=749646687673313176902309 elapsed=852s
progress: nodes=16,640,000,000 tested=58 found=0 n=830290145279287346279703 elapsed=852s
progress: nodes=16,650,000,000 tested=58 found=0 n=775358766666417414774447 elapsed=853s
progress: nodes=16,660,000,000 tested=58 found=0 n=585922356494322491676879 elapsed=853s
progress: nodes=16,670,000,000 tested=58 found=0 n=771819095683867484828421 elapsed=854s
progress: nodes=16,680,000,000 tested=58 found=0 n=836414896296157920319347 elapsed=854s
progress: nodes=16,690,000,000 tested=58 found=0 n=785898548953301773935099 elapsed=855s
progress: nodes=16,700,000,000 tested=58 found=0 n=613273828338577150995789 elapsed=855s
progress: nodes=16,710,000,000 tested=58 found=0 n=828389439098329255263963 elapsed=856s
progress: nodes=16,720,000,000 tested=58 found=0 n=459909282149769346066557 elapsed=856s
progress: nodes=16,730,000,000 tested=58 found=0 n=462175539836115281930523 elapsed=857s
progress: nodes=16,740,000,000 tested=58 found=0 n=399746414871394609967487 elapsed=857s
progress: nodes=16,750,000,000 tested=58 found=0 n=741281570770754521189143 elapsed=858s
progress: nodes=16,760,000,000 tested=58 found=0 n=522476973842770824362793 elapsed=858s
progress: nodes=16,770,000,000 tested=58 found=0 n=691101812910515863447899 elapsed=859s
progress: nodes=16,780,000,000 tested=58 found=0 n=777449341771611396708051 elapsed=860s
progress: nodes=16,790,000,000 tested=58 found=0 n=801844365140079386102901 elapsed=860s
progress: nodes=16,800,000,000 tested=58 found=0 n=779303591544515129007993 elapsed=861s
progress: nodes=16,810,000,000 tested=58 found=0 n=708494672071684921751559 elapsed=861s
progress: nodes=16,820,000,000 tested=58 found=0 n=589728701149758047339847 elapsed=862s
progress: nodes=16,830,000,000 tested=58 found=0 n=441226336357365695738217 elapsed=862s
progress: nodes=16,840,000,000 tested=58 found=0 n=699526530641991371387607 elapsed=863s
progress: nodes=16,850,000,000 tested=58 found=0 n=493048575956583195967341 elapsed=863s
progress: nodes=16,860,000,000 tested=58 found=0 n=709347968525161149015447 elapsed=864s
progress: nodes=16,870,000,000 tested=58 found=0 n=474808743324596056832379 elapsed=864s
progress: nodes=16,880,000,000 tested=58 found=0 n=698026958443874395169757 elapsed=865s
progress: nodes=16,890,000,000 tested=58 found=0 n=485018201153467949236731 elapsed=865s
progress: nodes=16,900,000,000 tested=58 found=0 n=734544469852602400764927 elapsed=866s
progress: nodes=16,910,000,000 tested=58 found=0 n=541378786346537818252959 elapsed=866s
progress: nodes=16,920,000,000 tested=58 found=0 n=755640156772767714450849 elapsed=867s
progress: nodes=16,930,000,000 tested=58 found=0 n=542674025586535901455089 elapsed=867s
progress: nodes=16,940,000,000 tested=58 found=0 n=802199604324555400096287 elapsed=868s
progress: nodes=16,950,000,000 tested=58 found=0 n=716647376072566989928647 elapsed=868s
progress: nodes=16,960,000,000 tested=58 found=0 n=665706938934970144416897 elapsed=869s
progress: nodes=16,970,000,000 tested=58 found=0 n=651309284734864112732067 elapsed=869s
progress: nodes=16,980,000,000 tested=58 found=0 n=697942102279644054796887 elapsed=870s
progress: nodes=16,990,000,000 tested=58 found=0 n=814128469662526671821553 elapsed=870s
progress: nodes=17,000,000,000 tested=58 found=0 n=552957105546602095059567 elapsed=871s
progress: nodes=17,010,000,000 tested=58 found=0 n=799522068698080040949867 elapsed=871s
progress: nodes=17,020,000,000 tested=58 found=0 n=722482666385818817314143 elapsed=872s
progress: nodes=17,030,000,000 tested=58 found=0 n=749572129539716382179973 elapsed=872s
progress: nodes=17,040,000,000 tested=58 found=0 n=464014852583523392488491 elapsed=873s
progress: nodes=17,050,000,000 tested=58 found=0 n=703821406972707991790361 elapsed=873s
progress: nodes=17,060,000,000 tested=58 found=0 n=669725981143992310211289 elapsed=874s
progress: nodes=17,070,000,000 tested=58 found=0 n=764587262907670592952639 elapsed=875s
progress: nodes=17,080,000,000 tested=58 found=0 n=584062710949049029832673 elapsed=875s
progress: nodes=17,090,000,000 tested=58 found=0 n=564007531277715746436369 elapsed=876s
progress: nodes=17,100,000,000 tested=58 found=0 n=683914172405981420652903 elapsed=876s
progress: nodes=17,110,000,000 tested=58 found=0 n=554666096163479747538861 elapsed=877s
progress: nodes=17,120,000,000 tested=58 found=0 n=613303181244429487624197 elapsed=877s
progress: nodes=17,130,000,000 tested=58 found=0 n=496533768294017462385069 elapsed=878s
progress: nodes=17,140,000,000 tested=58 found=0 n=584180963131761343782819 elapsed=878s
progress: nodes=17,150,000,000 tested=58 found=0 n=496418728496994851349879 elapsed=879s
progress: nodes=17,160,000,000 tested=58 found=0 n=595278760733312059783071 elapsed=879s
progress: nodes=17,170,000,000 tested=58 found=0 n=528831972988451200150929 elapsed=880s
progress: nodes=17,180,000,000 tested=58 found=0 n=706605133573612115930241 elapsed=880s
progress: nodes=17,190,000,000 tested=58 found=0 n=727523671671926693048331 elapsed=881s
progress: nodes=17,200,000,000 tested=58 found=0 n=621028245812870264622561 elapsed=881s
progress: nodes=17,210,000,000 tested=58 found=0 n=782238163592988714674601 elapsed=882s
progress: nodes=17,220,000,000 tested=58 found=0 n=500034066764931375181659 elapsed=882s
progress: nodes=17,230,000,000 tested=58 found=0 n=526421336489492154626223 elapsed=883s
progress: nodes=17,240,000,000 tested=58 found=0 n=502828101274194768263499 elapsed=883s
progress: nodes=17,250,000,000 tested=58 found=0 n=812427144860839076091369 elapsed=884s
progress: nodes=17,260,000,000 tested=58 found=0 n=750465833554602551913219 elapsed=884s
progress: nodes=17,270,000,000 tested=58 found=0 n=673047976427035510816053 elapsed=885s
progress: nodes=17,280,000,000 tested=58 found=0 n=603032549551860259816677 elapsed=885s
progress: nodes=17,290,000,000 tested=58 found=0 n=531357317802762315477921 elapsed=886s
progress: nodes=17,300,000,000 tested=58 found=0 n=857789939010650934429603 elapsed=886s
progress: nodes=17,310,000,000 tested=58 found=0 n=541597839991360372310013 elapsed=887s
progress: nodes=17,320,000,000 tested=58 found=0 n=641537887495779058122261 elapsed=887s
progress: nodes=17,330,000,000 tested=58 found=0 n=842302694487927744645651 elapsed=888s
progress: nodes=17,340,000,000 tested=58 found=0 n=806600641593414257742537 elapsed=888s
progress: nodes=17,350,000,000 tested=58 found=0 n=556348342121952767396163 elapsed=889s
progress: nodes=17,360,000,000 tested=58 found=0 n=819977164947560071425897 elapsed=889s
progress: nodes=17,370,000,000 tested=58 found=0 n=580762193406823301959701 elapsed=890s
progress: nodes=17,380,000,000 tested=58 found=0 n=551884423150104354506889 elapsed=890s
progress: nodes=17,390,000,000 tested=58 found=0 n=738215860090137704455257 elapsed=891s
progress: nodes=17,400,000,000 tested=58 found=0 n=825204592571863030737903 elapsed=892s
progress: nodes=17,410,000,000 tested=58 found=0 n=566047101558975299296803 elapsed=892s
progress: nodes=17,420,000,000 tested=58 found=0 n=623835162853877720786733 elapsed=893s
progress: nodes=17,430,000,000 tested=58 found=0 n=729000663766375327323381 elapsed=893s
progress: nodes=17,440,000,000 tested=58 found=0 n=869234756776267621892229 elapsed=894s
progress: nodes=17,450,000,000 tested=58 found=0 n=785328968183725109725119 elapsed=894s
progress: nodes=17,460,000,000 tested=58 found=0 n=814455384140127131069283 elapsed=895s
progress: nodes=17,470,000,000 tested=58 found=0 n=694096619756240783050353 elapsed=895s
progress: nodes=17,480,000,000 tested=58 found=0 n=780396256980167535316917 elapsed=896s
progress: nodes=17,490,000,000 tested=58 found=0 n=837919009599545103220683 elapsed=896s
progress: nodes=17,500,000,000 tested=58 found=0 n=860665860844551156716937 elapsed=897s
progress: nodes=17,510,000,000 tested=58 found=0 n=868195996137394083240543 elapsed=897s
progress: nodes=17,520,000,000 tested=58 found=0 n=651902874686455180328001 elapsed=898s
progress: nodes=17,530,000,000 tested=58 found=0 n=804888220984992535434813 elapsed=898s
progress: nodes=17,540,000,000 tested=58 found=0 n=799422565041908115602679 elapsed=899s
progress: nodes=17,550,000,000 tested=58 found=0 n=733442416917568569753003 elapsed=899s
progress: nodes=17,560,000,000 tested=58 found=0 n=692380332647605714356783 elapsed=900s
progress: nodes=17,570,000,000 tested=58 found=0 n=666196723439082499147407 elapsed=900s
progress: nodes=17,580,000,000 tested=58 found=0 n=748264939993932796173123 elapsed=901s
progress: nodes=17,590,000,000 tested=58 found=0 n=769690356080624076252231 elapsed=901s
progress: nodes=17,600,000,000 tested=58 found=0 n=787584490977145436293257 elapsed=902s
progress: nodes=17,610,000,000 tested=58 found=0 n=864739357467795793834389 elapsed=902s
progress: nodes=17,620,000,000 tested=58 found=0 n=865394171559378176796927 elapsed=903s
progress: nodes=17,630,000,000 tested=58 found=0 n=875533098165585829544421 elapsed=903s
progress: nodes=17,640,000,000 tested=58 found=0 n=817080198158678171406381 elapsed=904s
progress: nodes=17,650,000,000 tested=58 found=0 n=716162270451554706712317 elapsed=904s
progress: nodes=17,660,000,000 tested=58 found=0 n=681542096220315337378833 elapsed=905s
progress: nodes=17,670,000,000 tested=58 found=0 n=681011278789905083975031 elapsed=905s
progress: nodes=17,680,000,000 tested=58 found=0 n=841410428484744633779649 elapsed=906s
progress: nodes=17,690,000,000 tested=58 found=0 n=886223776348505657727819 elapsed=906s
progress: nodes=17,700,000,000 tested=58 found=0 n=799613879534858812775967 elapsed=907s
progress: nodes=17,710,000,000 tested=58 found=0 n=794583426086727321336831 elapsed=907s
progress: nodes=17,720,000,000 tested=58 found=0 n=829517378733811238647869 elapsed=908s
progress: nodes=17,730,000,000 tested=58 found=0 n=810187637903250456153843 elapsed=908s
progress: nodes=17,740,000,000 tested=58 found=0 n=846133422544887941548161 elapsed=909s
progress: nodes=17,750,000,000 tested=58 found=0 n=816501683980555571869101 elapsed=909s
progress: nodes=17,760,000,000 tested=58 found=0 n=829703712996220022174907 elapsed=910s
progress: nodes=17,770,000,000 tested=58 found=0 n=808231340016978780434301 elapsed=910s
progress: nodes=17,780,000,000 tested=58 found=0 n=807729837997064759871633 elapsed=911s
progress: nodes=17,790,000,000 tested=58 found=0 n=824353275372962330395323 elapsed=911s
progress: nodes=17,800,000,000 tested=58 found=0 n=890869015670423698046061 elapsed=912s
progress: nodes=17,810,000,000 tested=58 found=0 n=808199843312672077198239 elapsed=912s
progress: nodes=17,820,000,000 tested=58 found=0 n=836246904853917653574093 elapsed=913s
progress: nodes=17,830,000,000 tested=58 found=0 n=917167394561770640838627 elapsed=913s
progress: nodes=17,840,000,000 tested=58 found=0 n=848085893591339846635731 elapsed=914s
progress: nodes=17,850,000,000 tested=58 found=0 n=912041342316989722562571 elapsed=914s
progress: nodes=17,860,000,000 tested=58 found=0 n=878052154794545824065819 elapsed=915s
progress: nodes=17,870,000,000 tested=58 found=0 n=908339422362329343674673 elapsed=915s
progress: nodes=17,880,000,000 tested=58 found=0 n=405659316156715065660831 elapsed=916s
progress: nodes=17,890,000,000 tested=58 found=0 n=225135249177845482561701 elapsed=916s
progress: nodes=17,900,000,000 tested=58 found=0 n=994671732520726921279773 elapsed=917s
progress: nodes=17,910,000,000 tested=58 found=0 n=881816053772810832521769 elapsed=917s
progress: nodes=17,920,000,000 tested=58 found=0 n=809629520517773539586541 elapsed=918s
progress: nodes=17,930,000,000 tested=58 found=0 n=780432941254656739498911 elapsed=918s
progress: nodes=17,940,000,000 tested=58 found=0 n=790187503989011479552971 elapsed=918s
progress: nodes=17,950,000,000 tested=58 found=0 n=842188781361917164398993 elapsed=919s
progress: nodes=17,960,000,000 tested=58 found=0 n=937110418227475414481097 elapsed=919s
progress: nodes=17,970,000,000 tested=58 found=0 n=162438512181747607471743 elapsed=920s
progress: nodes=17,980,000,000 tested=58 found=0 n=323582120985607335883647 elapsed=920s
progress: nodes=17,990,000,000 tested=58 found=0 n=528994981633265472178161 elapsed=921s
progress: nodes=18,000,000,000 tested=58 found=0 n=781534654385456518955793 elapsed=921s
progress: nodes=18,010,000,000 tested=58 found=0 n=174742519321942359436341 elapsed=921s
progress: nodes=18,020,000,000 tested=58 found=0 n=504051604459140512927691 elapsed=922s
progress: nodes=18,030,000,000 tested=58 found=0 n=894621076801465584906027 elapsed=922s
progress: nodes=18,040,000,000 tested=58 found=0 n=413328978521353143203031 elapsed=923s
progress: nodes=18,050,000,000 tested=58 found=0 n=899075113950538174057947 elapsed=923s
progress: nodes=18,060,000,000 tested=58 found=0 n=508648360914529258050243 elapsed=924s
progress: nodes=18,070,000,000 tested=58 found=0 n=181190856457173942073233 elapsed=924s
progress: nodes=18,080,000,000 tested=58 found=0 n=782355665115143728140609 elapsed=925s
progress: nodes=18,090,000,000 tested=58 found=0 n=520488627255958789485981 elapsed=925s
progress: nodes=18,100,000,000 tested=58 found=0 n=306019152776949351444243 elapsed=925s
progress: nodes=18,110,000,000 tested=58 found=0 n=140626631950882574126553 elapsed=926s
progress: nodes=18,120,000,000 tested=58 found=0 n=908978138655117970505913 elapsed=926s
progress: nodes=18,130,000,000 tested=58 found=0 n=815542207052683185626859 elapsed=927s
progress: nodes=18,140,000,000 tested=58 found=0 n=764328921711516452961747 elapsed=927s
progress: nodes=18,150,000,000 tested=58 found=0 n=750015186225035374598031 elapsed=928s
progress: nodes=18,160,000,000 tested=58 found=0 n=778653077254565672299833 elapsed=928s
progress: nodes=18,170,000,000 tested=58 found=0 n=847913964107594537113191 elapsed=928s
progress: nodes=18,180,000,000 tested=58 found=0 n=960157522753374403649961 elapsed=929s
progress: nodes=18,190,000,000 tested=58 found=0 n=202736845854268702086033 elapsed=929s
progress: nodes=18,200,000,000 tested=58 found=0 n=392129793485725031097669 elapsed=930s
progress: nodes=18,210,000,000 tested=58 found=0 n=635039953301670183315279 elapsed=930s
progress: nodes=18,220,000,000 tested=58 found=0 n=933078635222526306551961 elapsed=931s
progress: nodes=18,230,000,000 tested=58 found=0 n=361326985490949886553607 elapsed=931s
progress: nodes=18,240,000,000 tested=58 found=0 n=746101801008574502709987 elapsed=932s
progress: nodes=18,250,000,000 tested=58 found=0 n=275082273177195137181759 elapsed=932s
progress: nodes=18,260,000,000 tested=58 found=0 n=752823490574734648042743 elapsed=932s
progress: nodes=18,270,000,000 tested=58 found=0 n=369811910436792025362237 elapsed=933s
progress: nodes=18,280,000,000 tested=58 found=0 n=940496476436120335978323 elapsed=933s
progress: nodes=18,290,000,000 tested=58 found=0 n=633909841467386563262799 elapsed=934s
progress: nodes=18,300,000,000 tested=58 found=0 n=375613757968554322220619 elapsed=934s
progress: nodes=18,310,000,000 tested=58 found=0 n=166886943234460795998729 elapsed=935s
progress: nodes=18,320,000,000 tested=58 found=0 n=891010922117290891313859 elapsed=935s
progress: nodes=18,330,000,000 tested=58 found=0 n=755068519138526947855809 elapsed=936s
progress: nodes=18,340,000,000 tested=58 found=0 n=671971051192956792112143 elapsed=936s
progress: nodes=18,350,000,000 tested=58 found=0 n=641628305657247421545417 elapsed=936s
progress: nodes=18,360,000,000 tested=58 found=0 n=659373993472164065222589 elapsed=937s
progress: nodes=18,370,000,000 tested=58 found=0 n=722465841506020104790143 elapsed=937s
progress: nodes=18,380,000,000 tested=58 found=0 n=834490417514551804738809 elapsed=938s
progress: nodes=18,390,000,000 tested=58 found=0 n=993287646445893611930271 elapsed=938s
progress: nodes=18,400,000,000 tested=58 found=0 n=280742446199591475650397 elapsed=939s
progress: nodes=18,410,000,000 tested=58 found=0 n=518871561930000209916909 elapsed=939s
progress: nodes=18,420,000,000 tested=58 found=0 n=808915056574363723660599 elapsed=939s
progress: nodes=18,430,000,000 tested=58 found=0 n=243152665021968764439069 elapsed=940s
progress: nodes=18,440,000,000 tested=58 found=0 n=610503456777918061950207 elapsed=940s
progress: nodes=18,450,000,000 tested=58 found=0 n=149859429291572585191299 elapsed=941s
progress: nodes=18,460,000,000 tested=58 found=0 n=607356888451602380359191 elapsed=941s
progress: nodes=18,470,000,000 tested=58 found=0 n=230348587747065717294981 elapsed=942s
progress: nodes=18,480,000,000 tested=58 found=0 n=790945697440560851156583 elapsed=942s
progress: nodes=18,490,000,000 tested=58 found=0 n=503664080764476277195011 elapsed=943s
progress: nodes=18,500,000,000 tested=58 found=0 n=273349664979669181720971 elapsed=943s
progress: nodes=18,510,000,000 tested=58 found=0 n=985424946712547740786233 elapsed=943s
progress: nodes=18,520,000,000 tested=58 found=0 n=843324085996463208626181 elapsed=944s
progress: nodes=18,530,000,000 tested=58 found=0 n=751352887749159950113629 elapsed=944s
progress: nodes=18,540,000,000 tested=58 found=0 n=711905426406502244159859 elapsed=945s
progress: nodes=18,550,000,000 tested=58 found=0 n=720910264632316554018069 elapsed=945s
progress: nodes=18,560,000,000 tested=58 found=0 n=773925252843569449952637 elapsed=946s
progress: nodes=18,570,000,000 tested=58 found=0 n=872857993413692210940477 elapsed=946s
progress: nodes=18,580,000,000 tested=58 found=0 n=122499756100555903363833 elapsed=946s
progress: nodes=18,590,000,000 tested=58 found=0 n=288929873335491729953073 elapsed=947s
progress: nodes=18,600,000,000 tested=58 found=0 n=516433041055367761122567 elapsed=947s
progress: nodes=18,610,000,000 tested=58 found=0 n=803931218656798599521847 elapsed=948s
progress: nodes=18,620,000,000 tested=58 found=0 n=249980832192011506184907 elapsed=948s
progress: nodes=18,630,000,000 tested=58 found=0 n=623989403874073069572663 elapsed=949s
progress: nodes=18,640,000,000 tested=58 found=0 n=163952138113441259605947 elapsed=949s
progress: nodes=18,650,000,000 tested=58 found=0 n=619427100458667010642209 elapsed=950s
progress: nodes=18,660,000,000 tested=58 found=0 n=242317490914745268662871 elapsed=950s
progress: nodes=18,670,000,000 tested=58 found=0 n=796439131898074346681307 elapsed=950s
progress: nodes=18,680,000,000 tested=58 found=0 n=504806217304948012323639 elapsed=951s
progress: nodes=18,690,000,000 tested=58 found=0 n=262631945332875989512719 elapsed=951s
progress: nodes=18,700,000,000 tested=58 found=0 n=953343936907916901564987 elapsed=952s
progress: nodes=18,710,000,000 tested=58 found=0 n=789262422223893462348273 elapsed=952s
progress: nodes=18,720,000,000 tested=58 found=0 n=675116129565966206952603 elapsed=953s
progress: nodes=18,730,000,000 tested=58 found=0 n=611196616161939983978187 elapsed=953s
progress: nodes=18,740,000,000 tested=58 found=0 n=599520141621456293688219 elapsed=954s
progress: nodes=18,750,000,000 tested=58 found=0 n=635442159048901775233047 elapsed=954s
progress: nodes=18,760,000,000 tested=58 found=0 n=718375674316808339566119 elapsed=954s
progress: nodes=18,770,000,000 tested=58 found=0 n=851346394553480614593651 elapsed=955s
progress: nodes=18,780,000,000 tested=58 found=0 n=145979749152670409789967 elapsed=955s
progress: nodes=18,790,000,000 tested=58 found=0 n=354850069053334373869581 elapsed=956s
progress: nodes=18,800,000,000 tested=58 found=0 n=615977761868920011743721 elapsed=956s
progress: nodes=18,810,000,000 tested=58 found=0 n=936210881966718745307151 elapsed=957s
progress: nodes=18,820,000,000 tested=58 found=0 n=405157870924929374430717 elapsed=957s
progress: nodes=18,830,000,000 tested=58 found=0 n=826971666101187024255453 elapsed=957s
progress: nodes=18,840,000,000 tested=58 found=0 n=400316954013128371893597 elapsed=958s
progress: nodes=18,850,000,000 tested=58 found=0 n=915173114713026547170177 elapsed=958s
progress: nodes=18,860,000,000 tested=58 found=0 n=578163437725409483720157 elapsed=959s
progress: nodes=18,870,000,000 tested=58 found=0 n=304915614643751610676023 elapsed=959s
progress: nodes=18,880,000,000 tested=58 found=0 n=969861767065270460855397 elapsed=960s
progress: nodes=18,890,000,000 tested=58 found=0 n=787937276090100983625009 elapsed=960s
progress: nodes=18,900,000,000 tested=58 found=0 n=656459989840126163774313 elapsed=961s
progress: nodes=18,910,000,000 tested=58 found=0 n=578850307914301691117157 elapsed=961s
progress: nodes=18,920,000,000 tested=58 found=0 n=550220188986623080140831 elapsed=961s
progress: nodes=18,930,000,000 tested=58 found=0 n=569055625024105373303457 elapsed=962s
progress: nodes=18,940,000,000 tested=58 found=0 n=640112914177550119687689 elapsed=962s
progress: nodes=18,950,000,000 tested=58 found=0 n=761657293676325691068039 elapsed=963s
progress: nodes=18,960,000,000 tested=58 found=0 n=941279684830660650919059 elapsed=963s
progress: nodes=18,970,000,000 tested=58 found=0 n=287584268007513776639571 elapsed=964s
progress: nodes=18,980,000,000 tested=58 found=0 n=575837622355854800506257 elapsed=964s
progress: nodes=18,990,000,000 tested=58 found=0 n=922174453052936916151473 elapsed=964s
progress: nodes=19,000,000,000 tested=58 found=0 n=416381315931823575360951 elapsed=965s
progress: nodes=19,010,000,000 tested=58 found=0 n=856517004688642410230271 elapsed=965s
progress: nodes=19,020,000,000 tested=58 found=0 n=453428747700073258839957 elapsed=966s
progress: nodes=19,030,000,000 tested=58 found=0 n=993563440797873881128347 elapsed=966s
progress: nodes=19,040,000,000 tested=58 found=0 n=680769411674773289577093 elapsed=967s
progress: nodes=19,050,000,000 tested=58 found=0 n=426624403749397997295537 elapsed=967s
progress: nodes=19,060,000,000 tested=58 found=0 n=227733248874407060259783 elapsed=968s
progress: nodes=19,070,000,000 tested=58 found=0 n=953798307761406155533947 elapsed=968s
progress: nodes=19,080,000,000 tested=58 found=0 n=846631491734413714659561 elapsed=968s
progress: nodes=19,090,000,000 tested=58 found=0 n=791605754772661114445313 elapsed=969s
progress: nodes=19,100,000,000 tested=58 found=0 n=796630080001997468400327 elapsed=969s
progress: nodes=19,110,000,000 tested=58 found=0 n=854797297315740467207211 elapsed=970s
progress: nodes=19,120,000,000 tested=58 found=0 n=965869315034831804802051 elapsed=970s
progress: nodes=19,130,000,000 tested=58 found=0 n=244358608594729310103807 elapsed=971s
progress: nodes=19,140,000,000 tested=58 found=0 n=448163887204414061298387 elapsed=971s
progress: nodes=19,150,000,000 tested=58 found=0 n=709127469026324392539033 elapsed=972s
progress: nodes=19,160,000,000 tested=58 found=0 n=146865195043868980811979 elapsed=972s
progress: nodes=19,170,000,000 tested=58 found=0 n=488811601749213538253073 elapsed=973s
progress: nodes=19,180,000,000 tested=58 found=0 n=908460016107208399773477 elapsed=973s
progress: nodes=19,190,000,000 tested=58 found=0 n=486929816638940491373403 elapsed=973s
progress: nodes=19,200,000,000 tested=58 found=0 n=138453402028005959133393 elapsed=974s
progress: nodes=19,210,000,000 tested=58 found=0 n=697699042497413049235527 elapsed=974s
progress: nodes=19,220,000,000 tested=58 found=0 n=444174350962861121763699 elapsed=975s
progress: nodes=19,230,000,000 tested=58 found=0 n=247859348252193366511977 elapsed=975s
progress: nodes=19,240,000,000 tested=58 found=0 n=975011601688895124496989 elapsed=976s
progress: nodes=19,250,000,000 tested=58 found=0 n=870522092077170101220729 elapsed=976s
progress: nodes=19,260,000,000 tested=58 found=0 n=815952958449584879037807 elapsed=977s
progress: nodes=19,270,000,000 tested=58 found=0 n=818106695885040966287037 elapsed=977s
progress: nodes=19,280,000,000 tested=58 found=0 n=880716586844441903177853 elapsed=978s
progress: nodes=19,290,000,000 tested=58 found=0 n=136359676611036056649933 elapsed=978s
progress: nodes=19,300,000,000 tested=58 found=0 n=301880395883272867790283 elapsed=978s
progress: nodes=19,310,000,000 tested=58 found=0 n=526070586258928739058723 elapsed=979s
progress: nodes=19,320,000,000 tested=58 found=0 n=815533502988988849438989 elapsed=979s
progress: nodes=19,330,000,000 tested=58 found=0 n=277131608511563855330127 elapsed=980s
progress: nodes=19,340,000,000 tested=58 found=0 n=654754221128877837541497 elapsed=980s
progress: nodes=19,350,000,000 tested=58 found=0 n=230346877354317761907177 elapsed=981s
progress: nodes=19,360,000,000 tested=58 found=0 n=716300327095305618821463 elapsed=981s
progress: nodes=19,370,000,000 tested=58 found=0 n=394066837275534671061429 elapsed=982s
progress: nodes=19,380,000,000 tested=58 found=0 n=144033313520556242537139 elapsed=982s
progress: nodes=19,390,000,000 tested=58 found=0 n=799300347361363436103207 elapsed=983s
progress: nodes=19,400,000,000 tested=58 found=0 n=647593447870456798630689 elapsed=983s
progress: nodes=19,410,000,000 tested=58 found=0 n=551159858023106992115841 elapsed=983s
progress: nodes=19,420,000,000 tested=58 found=0 n=508867770001154514202791 elapsed=984s
progress: nodes=19,430,000,000 tested=58 found=0 n=525651918166948080481281 elapsed=984s
progress: nodes=19,440,000,000 tested=58 found=0 n=592867075066851600359883 elapsed=985s
progress: nodes=19,450,000,000 tested=58 found=0 n=722722299767609601282669 elapsed=985s
progress: nodes=19,460,000,000 tested=58 found=0 n=912729295897522759983789 elapsed=986s
progress: nodes=19,470,000,000 tested=58 found=0 n=278354369504702167130223 elapsed=986s
progress: nodes=19,480,000,000 tested=58 found=0 n=565812882970561497338991 elapsed=987s
progress: nodes=19,490,000,000 tested=58 found=0 n=918501193500226329389319 elapsed=987s
progress: nodes=19,500,000,000 tested=58 found=0 n=446879804857985891327859 elapsed=988s
progress: nodes=19,510,000,000 tested=58 found=0 n=915448146073652604077973 elapsed=988s
progress: nodes=19,520,000,000 tested=58 found=0 n=556020689645818456630263 elapsed=988s
progress: nodes=19,530,000,000 tested=58 found=0 n=261716261630246498496267 elapsed=989s
progress: nodes=19,540,000,000 tested=58 found=0 n=880119327582089082462051 elapsed=989s
progress: nodes=19,550,000,000 tested=58 found=0 n=678380457788468923162059 elapsed=990s
progress: nodes=19,560,000,000 tested=58 found=0 n=534497585365222567719939 elapsed=990s
progress: nodes=19,570,000,000 tested=58 found=0 n=449468954017848902001249 elapsed=991s
progress: nodes=19,580,000,000 tested=58 found=0 n=420667256971430596818999 elapsed=991s
progress: nodes=19,590,000,000 tested=58 found=0 n=452345727530399378678541 elapsed=992s
progress: nodes=19,600,000,000 tested=58 found=0 n=543014132699962932323931 elapsed=992s
progress: nodes=19,610,000,000 tested=58 found=0 n=691857193200679010689569 elapsed=993s
progress: nodes=19,620,000,000 tested=58 found=0 n=897777661942273507364277 elapsed=993s
progress: nodes=19,630,000,000 tested=58 found=0 n=289432533788396476312527 elapsed=994s
progress: nodes=19,640,000,000 tested=58 found=0 n=600568514209708575661053 elapsed=994s
progress: nodes=19,650,000,000 tested=58 found=0 n=986083077030819776524593 elapsed=994s
progress: nodes=19,660,000,000 tested=58 found=0 n=548735713033660416454113 elapsed=995s
progress: nodes=19,670,000,000 tested=58 found=0 n=193567550239964479125393 elapsed=995s
progress: nodes=19,680,000,000 tested=58 found=0 n=735826450719478771045701 elapsed=996s
progress: nodes=19,690,000,000 tested=58 found=0 n=478114293193092974611809 elapsed=996s
progress: nodes=19,700,000,000 tested=58 found=0 n=279146775894449419516329 elapsed=997s
progress: nodes=19,710,000,000 tested=58 found=0 n=144644971477155783568011 elapsed=997s
progress: nodes=19,720,000,000 tested=58 found=0 n=917064758140199030988549 elapsed=998s
progress: nodes=19,730,000,000 tested=58 found=0 n=899989497197266545082629 elapsed=998s
progress: nodes=19,740,000,000 tested=58 found=0 n=944292076427895720274827 elapsed=999s
progress: nodes=19,750,000,000 tested=58 found=0 n=189350277765036827965911 elapsed=999s
progress: nodes=19,760,000,000 tested=58 found=0 n=341897986207114178281209 elapsed=1000s
progress: nodes=19,770,000,000 tested=58 found=0 n=553656132169223993905149 elapsed=1000s
progress: nodes=19,780,000,000 tested=58 found=0 n=835098757567849558435113 elapsed=1001s
progress: nodes=19,790,000,000 tested=58 found=0 n=312425709743058120165033 elapsed=1001s
progress: nodes=19,800,000,000 tested=58 found=0 n=702067569643202677708563 elapsed=1001s
progress: nodes=19,810,000,000 tested=58 found=0 n=298644531259890700545507 elapsed=1002s
progress: nodes=19,820,000,000 tested=58 found=0 n=809722347873705738361197 elapsed=1002s
progress: nodes=19,830,000,000 tested=58 found=0 n=523844367301477617284043 elapsed=1003s
progress: nodes=19,840,000,000 tested=58 found=0 n=315554264422703254124253 elapsed=1003s
progress: nodes=19,850,000,000 tested=58 found=0 n=173598521913712511440209 elapsed=1004s
progress: nodes=19,860,000,000 tested=58 found=0 n=930260547373526407276623 elapsed=1004s
progress: nodes=19,870,000,000 tested=58 found=0 n=889659144373520897178957 elapsed=1005s
progress: nodes=19,880,000,000 tested=58 found=0 n=924775056920474933952933 elapsed=1005s
progress: nodes=19,890,000,000 tested=58 found=0 n=171011699757801403423461 elapsed=1006s
progress: nodes=19,900,000,000 tested=58 found=0 n=319287821269139200244151 elapsed=1006s
progress: nodes=19,910,000,000 tested=58 found=0 n=537147973409609842268373 elapsed=1007s
progress: nodes=19,920,000,000 tested=58 found=0 n=827544297075811374920553 elapsed=1007s
progress: nodes=19,930,000,000 tested=58 found=0 n=324275493962638533761523 elapsed=1008s
progress: nodes=19,940,000,000 tested=58 found=0 n=733968088894909932435603 elapsed=1008s
progress: nodes=19,950,000,000 tested=58 found=0 n=350800614884282231756241 elapsed=1008s
progress: nodes=19,960,000,000 tested=58 found=0 n=884083700204944436535723 elapsed=1009s
progress: nodes=19,970,000,000 tested=58 found=0 n=616033938248961815779119 elapsed=1009s
progress: nodes=19,980,000,000 tested=58 found=0 n=416526935746357806832539 elapsed=1010s
progress: nodes=19,990,000,000 tested=58 found=0 n=290585900280423830248089 elapsed=1010s
progress: nodes=20,000,000,000 tested=58 found=0 n=232236750168818616138687 elapsed=1011s
progress: nodes=20,010,000,000 tested=58 found=0 n=231701840584412315525793 elapsed=1011s
progress: nodes=20,020,000,000 tested=58 found=0 n=295766549233372632803157 elapsed=1012s
progress: nodes=20,030,000,000 tested=58 found=0 n=422546108266768030220907 elapsed=1012s
progress: nodes=20,040,000,000 tested=58 found=0 n=613009316206943152747173 elapsed=1013s
progress: nodes=20,050,000,000 tested=58 found=0 n=872193844050650314568991 elapsed=1013s
progress: nodes=20,060,000,000 tested=58 found=0 n=336776873525040598079661 elapsed=1014s
progress: nodes=20,070,000,000 tested=58 found=0 n=708859057789267084082691 elapsed=1014s
progress: nodes=20,080,000,000 tested=58 found=0 n=300900753843848980807293 elapsed=1015s
progress: nodes=20,090,000,000 tested=58 found=0 n=795924921897485620095933 elapsed=1015s
progress: nodes=20,100,000,000 tested=58 found=0 n=504989134381672349667489 elapsed=1015s
progress: nodes=20,110,000,000 tested=58 found=0 n=290834954564867668745559 elapsed=1016s
progress: nodes=20,120,000,000 tested=58 found=0 n=986836907311657069748157 elapsed=1016s
progress: nodes=20,130,000,000 tested=58 found=0 n=890879900079001220525907 elapsed=1017s
progress: nodes=20,140,000,000 tested=58 found=0 n=861996350138455972895301 elapsed=1017s
progress: nodes=20,150,000,000 tested=58 found=0 n=897511673377640791881873 elapsed=1018s
progress: nodes=20,160,000,000 tested=58 found=0 n=169806133129841928218961 elapsed=1018s
progress: nodes=20,170,000,000 tested=58 found=0 n=333416422826571974661387 elapsed=1019s
progress: nodes=20,180,000,000 tested=58 found=0 n=558337698635893871689071 elapsed=1019s
progress: nodes=20,190,000,000 tested=58 found=0 n=858807271805687614844973 elapsed=1020s
progress: nodes=20,200,000,000 tested=58 found=0 n=374814786276219738783411 elapsed=1020s
progress: nodes=20,210,000,000 tested=58 found=0 n=806491516545011806900083 elapsed=1021s
progress: nodes=20,220,000,000 tested=58 found=0 n=452666215864662127906347 elapsed=1021s
progress: nodes=20,230,000,000 tested=58 found=0 n=170019722743757761465899 elapsed=1022s
progress: nodes=20,240,000,000 tested=58 found=0 n=768165035234959591875261 elapsed=1022s
progress: nodes=20,250,000,000 tested=58 found=0 n=610362947910811966933293 elapsed=1023s
progress: nodes=20,260,000,000 tested=58 found=0 n=524511641598709543467381 elapsed=1023s
progress: nodes=20,270,000,000 tested=58 found=0 n=499051767841438695872373 elapsed=1023s
progress: nodes=20,280,000,000 tested=58 found=0 n=548002046467118580118551 elapsed=1024s
progress: nodes=20,290,000,000 tested=58 found=0 n=667233747517647227295609 elapsed=1024s
progress: nodes=20,300,000,000 tested=58 found=0 n=860933604556902997573299 elapsed=1025s
progress: nodes=20,310,000,000 tested=58 found=0 n=273880515936832195968423 elapsed=1025s
progress: nodes=20,320,000,000 tested=58 found=0 n=591612240097806005514051 elapsed=1026s
progress: nodes=20,330,000,000 tested=58 found=0 n=996072644598739570299591 elapsed=1026s
progress: nodes=20,340,000,000 tested=58 found=0 n=613327248045582354412821 elapsed=1027s
progress: nodes=20,350,000,000 tested=58 found=0 n=315159880962828450682287 elapsed=1027s
progress: nodes=20,360,000,000 tested=58 found=0 n=921637903874868172915461 elapsed=1028s
progress: nodes=20,370,000,000 tested=58 found=0 n=751975914893900271576309 elapsed=1028s
progress: nodes=20,380,000,000 tested=58 found=0 n=647329371623964654317847 elapsed=1029s
progress: nodes=20,390,000,000 tested=58 found=0 n=610782432433667586014769 elapsed=1029s
progress: nodes=20,400,000,000 tested=58 found=0 n=645571030532457228076647 elapsed=1030s
progress: nodes=20,410,000,000 tested=58 found=0 n=748977991417822162695237 elapsed=1030s
progress: nodes=20,420,000,000 tested=58 found=0 n=921682556584594558740063 elapsed=1031s
progress: nodes=20,430,000,000 tested=58 found=0 n=322902617882980168031229 elapsed=1031s
progress: nodes=20,440,000,000 tested=58 found=0 n=629660347105342638813651 elapsed=1031s
progress: nodes=20,450,000,000 tested=58 found=0 n=190561268594626935853617 elapsed=1032s
progress: nodes=20,460,000,000 tested=58 found=0 n=633272920288672017344067 elapsed=1032s
progress: nodes=20,470,000,000 tested=58 found=0 n=327570139238146596810711 elapsed=1033s
progress: nodes=20,480,000,000 tested=58 found=0 n=919969767598706934869529 elapsed=1033s
progress: nodes=20,490,000,000 tested=58 found=0 n=739644020973737723100411 elapsed=1034s
progress: nodes=20,500,000,000 tested=58 found=0 n=630229176959468545250253 elapsed=1034s
progress: nodes=20,510,000,000 tested=58 found=0 n=595222360034994980259741 elapsed=1035s
progress: nodes=20,520,000,000 tested=58 found=0 n=627433123182197522062257 elapsed=1035s
progress: nodes=20,530,000,000 tested=58 found=0 n=739170137869377172949529 elapsed=1036s
progress: nodes=20,540,000,000 tested=58 found=0 n=947793306008676186909927 elapsed=1036s
progress: nodes=20,550,000,000 tested=58 found=0 n=487675915491058257201777 elapsed=1037s
progress: nodes=20,560,000,000 tested=58 found=0 n=238216395614364560687679 elapsed=1037s
progress: nodes=20,570,000,000 tested=58 found=0 n=979200649312882552659411 elapsed=1038s
progress: nodes=20,580,000,000 tested=58 found=0 n=263068940902455990737127 elapsed=1038s
progress: nodes=20,590,000,000 tested=58 found=0 n=553029264294546832835427 elapsed=1039s
progress: nodes=20,600,000,000 tested=58 found=0 n=222694085586491962237179 elapsed=1039s
progress: nodes=20,610,000,000 tested=58 found=0 n=863842122610838862372189 elapsed=1040s
progress: nodes=20,620,000,000 tested=58 found=0 n=873253091708791133354091 elapsed=1040s
progress: nodes=20,630,000,000 tested=58 found=0 n=242053701126864507722457 elapsed=1041s
progress: nodes=20,640,000,000 tested=58 found=0 n=573214300831881838177587 elapsed=1041s
progress: nodes=20,650,000,000 tested=58 found=0 n=306788294256843333198033 elapsed=1041s
progress: nodes=20,660,000,000 tested=58 found=0 n=243376401038403241228851 elapsed=1042s
progress: nodes=20,670,000,000 tested=58 found=0 n=374485816350174482630523 elapsed=1042s
progress: nodes=20,680,000,000 tested=58 found=0 n=716058314333583588714501 elapsed=1043s
progress: nodes=20,690,000,000 tested=58 found=0 n=468405194308726950872289 elapsed=1043s
progress: nodes=20,700,000,000 tested=58 found=0 n=403282384676915594294367 elapsed=1044s
progress: nodes=20,710,000,000 tested=58 found=0 n=508230346644463491889533 elapsed=1044s
progress: nodes=20,720,000,000 tested=58 found=0 n=812474226748155957775713 elapsed=1045s
progress: nodes=20,730,000,000 tested=58 found=0 n=502634572437441162924513 elapsed=1045s
progress: nodes=20,740,000,000 tested=58 found=0 n=376330087815502330401507 elapsed=1046s
progress: nodes=20,750,000,000 tested=58 found=0 n=444316448652112862285229 elapsed=1046s
progress: nodes=20,760,000,000 tested=58 found=0 n=701003233065689546070771 elapsed=1047s
progress: nodes=20,770,000,000 tested=58 found=0 n=372159795972475518564249 elapsed=1047s
progress: nodes=20,780,000,000 tested=58 found=0 n=255416777233933131161037 elapsed=1048s
progress: nodes=20,790,000,000 tested=58 found=0 n=329889288429597197875959 elapsed=1048s
progress: nodes=20,800,000,000 tested=58 found=0 n=590019136394925820580613 elapsed=1049s
progress: nodes=20,810,000,000 tested=58 found=0 n=280113899750125311929751 elapsed=1049s
progress: nodes=20,820,000,000 tested=58 found=0 n=919556652331733777902233 elapsed=1050s
progress: nodes=20,830,000,000 tested=58 found=0 n=217722113657767763482977 elapsed=1050s
progress: nodes=20,840,000,000 tested=58 found=0 n=455893720718601516542037 elapsed=1051s
progress: nodes=20,850,000,000 tested=58 found=0 n=891896839390932320693979 elapsed=1051s
progress: nodes=20,860,000,000 tested=58 found=0 n=759406498344766675890333 elapsed=1051s
progress: nodes=20,870,000,000 tested=58 found=0 n=824202963961717745993049 elapsed=1052s
progress: nodes=20,880,000,000 tested=58 found=0 n=344277696449138590947501 elapsed=1052s
progress: nodes=20,890,000,000 tested=58 found=0 n=790356207115802904324363 elapsed=1053s
progress: nodes=20,900,000,000 tested=58 found=0 n=694630248279385045208427 elapsed=1053s
progress: nodes=20,910,000,000 tested=58 found=0 n=787135600447981716339639 elapsed=1054s
progress: nodes=20,920,000,000 tested=58 found=0 n=317367773160750898782273 elapsed=1054s
progress: nodes=20,930,000,000 tested=58 found=0 n=789933511912246667852733 elapsed=1055s
progress: nodes=20,940,000,000 tested=58 found=0 n=718279358372382680894097 elapsed=1055s
progress: nodes=20,950,000,000 tested=58 found=0 n=841728323155122242346969 elapsed=1056s
progress: nodes=20,960,000,000 tested=58 found=0 n=429159381251499711644139 elapsed=1056s
progress: nodes=20,970,000,000 tested=58 found=0 n=215463695200291526506749 elapsed=1057s
progress: nodes=20,980,000,000 tested=58 found=0 n=201895399607125590501597 elapsed=1057s
progress: nodes=20,990,000,000 tested=58 found=0 n=373157003564933432049513 elapsed=1058s
progress: nodes=21,000,000,000 tested=58 found=0 n=729135199398288444055371 elapsed=1058s
progress: nodes=21,010,000,000 tested=58 found=0 n=541677097519626394794699 elapsed=1059s
progress: nodes=21,020,000,000 tested=58 found=0 n=543267886636225038781647 elapsed=1059s
progress: nodes=21,030,000,000 tested=58 found=0 n=755605677349884317094369 elapsed=1060s
progress: nodes=21,040,000,000 tested=58 found=0 n=469633122414593899387857 elapsed=1060s
progress: nodes=21,050,000,000 tested=58 found=0 n=381688195617724919936859 elapsed=1061s
progress: nodes=21,060,000,000 tested=58 found=0 n=497360746764482070496257 elapsed=1061s
progress: nodes=21,070,000,000 tested=58 found=0 n=826736705185484379746691 elapsed=1062s
progress: nodes=21,080,000,000 tested=58 found=0 n=662419318702797597381363 elapsed=1062s
progress: nodes=21,090,000,000 tested=58 found=0 n=691576740192938091752799 elapsed=1063s
progress: nodes=21,100,000,000 tested=58 found=0 n=224385550102006289198433 elapsed=1063s
progress: nodes=21,110,000,000 tested=58 found=0 n=655871378101656183530217 elapsed=1063s
progress: nodes=21,120,000,000 tested=58 found=0 n=616112319835750047303609 elapsed=1064s
progress: nodes=21,130,000,000 tested=58 found=0 n=786198364918948497262131 elapsed=1064s
progress: nodes=21,140,000,000 tested=58 found=0 n=479019324359648401955703 elapsed=1065s
progress: nodes=21,150,000,000 tested=58 found=0 n=384094668651746330521089 elapsed=1065s
progress: nodes=21,160,000,000 tested=58 found=0 n=493298778623125138906473 elapsed=1066s
progress: nodes=21,170,000,000 tested=58 found=0 n=811115657516759881443003 elapsed=1066s
progress: nodes=21,180,000,000 tested=58 found=0 n=627955347906892057304637 elapsed=1067s
progress: nodes=21,190,000,000 tested=58 found=0 n=662676257423820966051033 elapsed=1067s
progress: nodes=21,200,000,000 tested=58 found=0 n=234793408037132358241443 elapsed=1068s
progress: nodes=21,210,000,000 tested=58 found=0 n=663700377974804526280617 elapsed=1068s
progress: nodes=21,220,000,000 tested=58 found=0 n=624620829166863662603547 elapsed=1069s
progress: nodes=21,230,000,000 tested=58 found=0 n=792310559581245274735473 elapsed=1069s
progress: nodes=21,240,000,000 tested=58 found=0 n=494483936906825952216669 elapsed=1070s
progress: nodes=21,250,000,000 tested=58 found=0 n=454699321019115929052219 elapsed=1070s
progress: nodes=21,260,000,000 tested=58 found=0 n=622638481101764113712187 elapsed=1071s
progress: nodes=21,270,000,000 tested=58 found=0 n=349226016406253017657857 elapsed=1071s
progress: nodes=21,280,000,000 tested=58 found=0 n=291506631505032541426983 elapsed=1072s
progress: nodes=21,290,000,000 tested=58 found=0 n=454493190202295460469407 elapsed=1072s
progress: nodes=21,300,000,000 tested=58 found=0 n=832865544094480966940409 elapsed=1073s
progress: nodes=21,310,000,000 tested=58 found=0 n=738070343994972632533659 elapsed=1073s
progress: nodes=21,320,000,000 tested=58 found=0 n=855256135426142346403353 elapsed=1074s
progress: nodes=21,330,000,000 tested=58 found=0 n=531164993794810720992801 elapsed=1074s
progress: nodes=21,340,000,000 tested=58 found=0 n=420078418827135768933849 elapsed=1075s
progress: nodes=21,350,000,000 tested=58 found=0 n=524499428594995862113413 elapsed=1075s
progress: nodes=21,360,000,000 tested=58 found=0 n=838531486074965903285373 elapsed=1076s
progress: nodes=21,370,000,000 tested=58 found=0 n=734714202519061948759653 elapsed=1076s
progress: nodes=21,380,000,000 tested=58 found=0 n=220911073387133874817149 elapsed=1077s
progress: nodes=21,390,000,000 tested=58 found=0 n=529370425218875322991293 elapsed=1077s
progress: nodes=21,400,000,000 tested=58 found=0 n=426914621651599924854627 elapsed=1078s
progress: nodes=21,410,000,000 tested=58 found=0 n=535675919425115795254467 elapsed=1078s
progress: nodes=21,420,000,000 tested=58 found=0 n=238210183646909925439527 elapsed=1079s
progress: nodes=21,430,000,000 tested=58 found=0 n=786938048859920520285261 elapsed=1079s
progress: nodes=21,440,000,000 tested=58 found=0 n=309481031525882921218899 elapsed=1080s
progress: nodes=21,450,000,000 tested=58 found=0 n=672307898111788652237601 elapsed=1080s
progress: nodes=21,460,000,000 tested=58 found=0 n=626010060362479660661409 elapsed=1081s
progress: nodes=21,470,000,000 tested=58 found=0 n=785334612230506872604917 elapsed=1081s
progress: nodes=21,480,000,000 tested=58 found=0 n=546844521885774890576337 elapsed=1082s
progress: nodes=21,490,000,000 tested=58 found=0 n=535013107492424206559067 elapsed=1082s
progress: nodes=21,500,000,000 tested=58 found=0 n=739890091037986460606727 elapsed=1083s
progress: nodes=21,510,000,000 tested=58 found=0 n=535421099064151431351297 elapsed=1083s
progress: nodes=21,520,000,000 tested=58 found=0 n=562483502119023565059441 elapsed=1084s
progress: nodes=21,530,000,000 tested=58 found=0 n=820169001157303874723031 elapsed=1084s
progress: nodes=21,540,000,000 tested=58 found=0 n=696693757198004314521003 elapsed=1085s
progress: nodes=21,550,000,000 tested=58 found=0 n=811027645188857029894653 elapsed=1085s
progress: nodes=21,560,000,000 tested=58 found=0 n=535331419004739362925843 elapsed=1086s
progress: nodes=21,570,000,000 tested=58 found=0 n=484302827244036872811663 elapsed=1086s
progress: nodes=21,580,000,000 tested=58 found=0 n=659625711139526633559981 elapsed=1087s
progress: nodes=21,590,000,000 tested=58 found=0 n=455226259549668254712603 elapsed=1087s
progress: nodes=21,600,000,000 tested=58 found=0 n=486034474364843342032017 elapsed=1088s
progress: nodes=21,610,000,000 tested=58 found=0 n=749511994681492618397283 elapsed=1088s
progress: nodes=21,620,000,000 tested=58 found=0 n=650491543354577181052257 elapsed=1089s
progress: nodes=21,630,000,000 tested=58 found=0 n=797132887804860567186303 elapsed=1089s
progress: nodes=21,640,000,000 tested=58 found=0 n=563727266369716096430937 elapsed=1090s
progress: nodes=21,650,000,000 tested=58 found=0 n=548138834006234188256847 elapsed=1090s
progress: nodes=21,660,000,000 tested=58 found=0 n=760256133163400660073903 elapsed=1091s
progress: nodes=21,670,000,000 tested=58 found=0 n=630562431399631437574791 elapsed=1091s
progress: nodes=21,680,000,000 tested=58 found=0 n=736034050705792824703179 elapsed=1092s
progress: nodes=21,690,000,000 tested=58 found=0 n=486388466410459388319621 elapsed=1092s
progress: nodes=21,700,000,000 tested=58 found=0 n=472032898909327827656739 elapsed=1093s
progress: nodes=21,710,000,000 tested=58 found=0 n=678353517324535180439619 elapsed=1093s
progress: nodes=21,720,000,000 tested=58 found=0 n=542059095339630851465637 elapsed=1094s
progress: nodes=21,730,000,000 tested=58 found=0 n=652965682963037715975627 elapsed=1094s
progress: nodes=21,740,000,000 tested=58 found=0 n=450083682742793369807691 elapsed=1095s
progress: nodes=21,750,000,000 tested=58 found=0 n=468613264502365339957677 elapsed=1095s
progress: nodes=21,760,000,000 tested=58 found=0 n=724548181534927324251831 elapsed=1096s
progress: nodes=21,770,000,000 tested=58 found=0 n=651705858886442795422911 elapsed=1096s
progress: nodes=21,780,000,000 tested=58 found=0 n=268065393108655439095029 elapsed=1097s
progress: nodes=21,790,000,000 tested=58 found=0 n=684041913616259190850011 elapsed=1097s
progress: nodes=21,800,000,000 tested=58 found=0 n=799669005205975977959271 elapsed=1098s
progress: nodes=21,810,000,000 tested=58 found=0 n=604345171445650934858097 elapsed=1098s
progress: nodes=21,820,000,000 tested=58 found=0 n=665365930346914929526779 elapsed=1099s
progress: nodes=21,830,000,000 tested=58 found=0 n=416121481516544403352137 elapsed=1099s
progress: nodes=21,840,000,000 tested=58 found=0 n=420250913096751155705517 elapsed=1100s
progress: nodes=21,850,000,000 tested=58 found=0 n=653091202856014427187837 elapsed=1100s
progress: nodes=21,860,000,000 tested=58 found=0 n=574211892395090902153509 elapsed=1101s
progress: nodes=21,870,000,000 tested=58 found=0 n=753023522453169646976913 elapsed=1101s
progress: nodes=21,880,000,000 tested=58 found=0 n=619400565058810319470917 elapsed=1102s
progress: nodes=21,890,000,000 tested=58 found=0 n=739353521972661661178883 elapsed=1102s
progress: nodes=21,900,000,000 tested=58 found=0 n=555459474125370920006979 elapsed=1102s
progress: nodes=21,910,000,000 tested=58 found=0 n=627502051024037349377679 elapsed=1103s
progress: nodes=21,920,000,000 tested=58 found=0 n=412206767518564284125013 elapsed=1103s
progress: nodes=21,930,000,000 tested=58 found=0 n=477214537453417307624157 elapsed=1104s
progress: nodes=21,940,000,000 tested=58 found=0 n=792832307440986125587197 elapsed=1104s
progress: nodes=21,950,000,000 tested=58 found=0 n=307637537983858699582581 elapsed=1105s
progress: nodes=21,960,000,000 tested=58 found=0 n=643397952725010833301567 elapsed=1105s
progress: nodes=21,970,000,000 tested=58 found=0 n=711063155548049783736411 elapsed=1106s
progress: nodes=21,980,000,000 tested=58 found=0 n=498453199003893601363203 elapsed=1106s
progress: nodes=21,990,000,000 tested=58 found=0 n=551601272984411951470323 elapsed=1107s
progress: nodes=22,000,000,000 tested=58 found=0 n=336703535454098817149607 elapsed=1107s
progress: nodes=22,010,000,000 tested=58 found=0 n=389647484615271670249077 elapsed=1108s
progress: nodes=22,020,000,000 tested=58 found=0 n=708353180063030147441103 elapsed=1108s
progress: nodes=22,030,000,000 tested=58 found=0 n=780632324012682648468423 elapsed=1109s
progress: nodes=22,040,000,000 tested=58 found=0 n=596914461583395469485741 elapsed=1110s
progress: nodes=22,050,000,000 tested=58 found=0 n=703925372770617758833611 elapsed=1110s
progress: nodes=22,060,000,000 tested=58 found=0 n=557323026037834670251407 elapsed=1111s
progress: nodes=22,070,000,000 tested=58 found=0 n=693259387577515619869239 elapsed=1111s
progress: nodes=22,080,000,000 tested=58 found=0 n=582265050526734449090139 elapsed=1112s
progress: nodes=22,090,000,000 tested=58 found=0 n=753673339341286399637217 elapsed=1112s
progress: nodes=22,100,000,000 tested=58 found=0 n=686177670346536669570423 elapsed=1113s
progress: nodes=22,110,000,000 tested=58 found=0 n=387305098062707745243477 elapsed=1113s
progress: nodes=22,120,000,000 tested=58 found=0 n=383582037477057974049033 elapsed=1114s
progress: nodes=22,130,000,000 tested=58 found=0 n=672624367381819527570819 elapsed=1114s
progress: nodes=22,140,000,000 tested=58 found=0 n=761053547777265378091071 elapsed=1115s
progress: nodes=22,150,000,000 tested=58 found=0 n=652389218622827725594401 elapsed=1115s
progress: nodes=22,160,000,000 tested=58 found=0 n=344074085921085266316339 elapsed=1116s
progress: nodes=22,170,000,000 tested=58 found=0 n=332612783071338293656209 elapsed=1116s
progress: nodes=22,180,000,000 tested=58 found=0 n=614137698824916525171759 elapsed=1117s
progress: nodes=22,190,000,000 tested=58 found=0 n=689836181508711589446171 elapsed=1117s
progress: nodes=22,200,000,000 tested=58 found=0 n=568183559603976630646101 elapsed=1118s
progress: nodes=22,210,000,000 tested=58 found=0 n=740442874428927369426573 elapsed=1118s
progress: nodes=22,220,000,000 tested=58 found=0 n=733618538493987607299531 elapsed=1119s
progress: nodes=22,230,000,000 tested=58 found=0 n=563210815001293006520049 elapsed=1119s
progress: nodes=22,240,000,000 tested=58 found=0 n=700541014689199016468289 elapsed=1120s
progress: nodes=22,250,000,000 tested=58 found=0 n=645844712053316301448461 elapsed=1120s
progress: nodes=22,260,000,000 tested=58 found=0 n=411155000112975197744511 elapsed=1121s
progress: nodes=22,270,000,000 tested=58 found=0 n=491434077805844718877101 elapsed=1121s
progress: nodes=22,280,000,000 tested=58 found=0 n=390052021388063595360723 elapsed=1122s
progress: nodes=22,290,000,000 tested=58 found=0 n=574279825513029163928631 elapsed=1122s
progress: nodes=22,300,000,000 tested=58 found=0 n=592746746278004871094773 elapsed=1123s
progress: nodes=22,310,000,000 tested=58 found=0 n=451026068597589916911249 elapsed=1123s
progress: nodes=22,320,000,000 tested=58 found=0 n=622933739959106456823789 elapsed=1124s
progress: nodes=22,330,000,000 tested=58 found=0 n=645228477218475515015343 elapsed=1124s
progress: nodes=22,340,000,000 tested=58 found=0 n=529039107152220412407429 elapsed=1125s
progress: nodes=22,350,000,000 tested=58 found=0 n=759426654188140963827957 elapsed=1125s
progress: nodes=22,360,000,000 tested=58 found=0 n=372496853278791412446429 elapsed=1126s
progress: nodes=22,370,000,000 tested=58 found=0 n=331218988709948379665163 elapsed=1126s
progress: nodes=22,380,000,000 tested=58 found=0 n=607758245854050961026819 elapsed=1127s
progress: nodes=22,390,000,000 tested=58 found=0 n=763219495541209220480043 elapsed=1127s
progress: nodes=22,400,000,000 tested=58 found=0 n=338360491727947780675353 elapsed=1128s
progress: nodes=22,410,000,000 tested=58 found=0 n=719764317053511114847077 elapsed=1128s
progress: nodes=22,420,000,000 tested=58 found=0 n=521466869757078056347767 elapsed=1129s
progress: nodes=22,430,000,000 tested=58 found=0 n=665497091218390866008343 elapsed=1129s
progress: nodes=22,440,000,000 tested=58 found=0 n=701407159956094913334783 elapsed=1130s
progress: nodes=22,450,000,000 tested=58 found=0 n=633960328461061630277403 elapsed=1130s
progress: nodes=22,460,000,000 tested=58 found=0 n=468411455054433250402119 elapsed=1131s
progress: nodes=22,470,000,000 tested=58 found=0 n=650582575216070043912057 elapsed=1131s
progress: nodes=22,480,000,000 tested=58 found=0 n=747133318791378959812911 elapsed=1132s
progress: nodes=22,490,000,000 tested=58 found=0 n=753646137034327611199587 elapsed=1132s
progress: nodes=22,500,000,000 tested=58 found=0 n=697666471054320488828877 elapsed=1133s
progress: nodes=22,510,000,000 tested=58 found=0 n=581765664275928334422297 elapsed=1133s
progress: nodes=22,520,000,000 tested=58 found=0 n=396371705243322415580127 elapsed=1134s
progress: nodes=22,530,000,000 tested=58 found=0 n=598886364773093525682939 elapsed=1134s
progress: nodes=22,540,000,000 tested=58 found=0 n=752966413456148879115051 elapsed=1135s
progress: nodes=22,550,000,000 tested=58 found=0 n=406798637263835626802223 elapsed=1135s
progress: nodes=22,560,000,000 tested=58 found=0 n=432032209360869395767797 elapsed=1136s
progress: nodes=22,570,000,000 tested=58 found=0 n=427506298907007209648913 elapsed=1136s
progress: nodes=22,580,000,000 tested=58 found=0 n=400498391768325528347901 elapsed=1137s
progress: nodes=22,590,000,000 tested=58 found=0 n=348345489289851510117507 elapsed=1137s
progress: nodes=22,600,000,000 tested=58 found=0 n=668771110623749683666347 elapsed=1138s
progress: nodes=22,610,000,000 tested=58 found=0 n=533457879992084143467063 elapsed=1138s
progress: nodes=22,620,000,000 tested=58 found=0 n=382598200587432685150449 elapsed=1139s
progress: nodes=22,630,000,000 tested=58 found=0 n=617980312005256585125279 elapsed=1139s
progress: nodes=22,640,000,000 tested=58 found=0 n=451091408396085210207069 elapsed=1140s
progress: nodes=22,650,000,000 tested=58 found=0 n=707606114074955770553109 elapsed=1141s
progress: nodes=22,660,000,000 tested=58 found=0 n=532756951653959975854989 elapsed=1141s
progress: nodes=22,670,000,000 tested=58 found=0 n=385313901781227063980643 elapsed=1142s
progress: nodes=22,680,000,000 tested=58 found=0 n=674458638449236290633753 elapsed=1142s
progress: nodes=22,690,000,000 tested=58 found=0 n=600227977963457980830771 elapsed=1143s
progress: nodes=22,700,000,000 tested=58 found=0 n=560739256268812310083779 elapsed=1143s
progress: nodes=22,710,000,000 tested=58 found=0 n=551205450908125159138839 elapsed=1144s
progress: nodes=22,720,000,000 tested=58 found=0 n=563449210746138036015003 elapsed=1144s
progress: nodes=22,730,000,000 tested=58 found=0 n=624184028018012417815629 elapsed=1145s
progress: nodes=22,740,000,000 tested=58 found=0 n=748554612946295052287313 elapsed=1145s
progress: nodes=22,750,000,000 tested=58 found=0 n=558163586458143903110643 elapsed=1146s
progress: nodes=22,760,000,000 tested=58 found=0 n=448388018556925104381339 elapsed=1146s
progress: nodes=22,770,000,000 tested=58 found=0 n=421143948453272629719519 elapsed=1147s
progress: nodes=22,780,000,000 tested=58 found=0 n=463648242144112313354451 elapsed=1147s
progress: nodes=22,790,000,000 tested=58 found=0 n=596817936085108047932853 elapsed=1148s
progress: nodes=22,800,000,000 tested=58 found=0 n=431291309820140479234833 elapsed=1148s
progress: nodes=22,810,000,000 tested=58 found=0 n=742622270586617034130671 elapsed=1149s
progress: nodes=22,820,000,000 tested=58 found=0 n=397563823620943860117699 elapsed=1149s
progress: nodes=22,830,000,000 tested=58 found=0 n=531246031103033791857081 elapsed=1150s
progress: nodes=22,840,000,000 tested=58 found=0 n=422272035249859732387527 elapsed=1150s
progress: nodes=22,850,000,000 tested=58 found=0 n=467470006068295590738147 elapsed=1151s
progress: nodes=22,860,000,000 tested=58 found=0 n=657197859986173899402471 elapsed=1151s
progress: nodes=22,870,000,000 tested=58 found=0 n=635291525879552611465011 elapsed=1152s
progress: nodes=22,880,000,000 tested=58 found=0 n=753657070499043538573053 elapsed=1152s
progress: nodes=22,890,000,000 tested=58 found=0 n=674370815919998119378533 elapsed=1153s
progress: nodes=22,900,000,000 tested=58 found=0 n=420056568895138212057867 elapsed=1153s
progress: nodes=22,910,000,000 tested=58 found=0 n=720204256277451973785681 elapsed=1154s
progress: nodes=22,920,000,000 tested=58 found=0 n=506472658679497925180997 elapsed=1154s
progress: nodes=22,930,000,000 tested=58 found=0 n=519642818039287192121487 elapsed=1155s
progress: nodes=22,940,000,000 tested=58 found=0 n=745060925658959432968599 elapsed=1156s
progress: nodes=22,950,000,000 tested=58 found=0 n=483948324491291734621239 elapsed=1156s
progress: nodes=22,960,000,000 tested=58 found=0 n=497727674656142902589079 elapsed=1157s
progress: nodes=22,970,000,000 tested=58 found=0 n=432426052559229499002771 elapsed=1157s
progress: nodes=22,980,000,000 tested=58 found=0 n=624594798904961535874839 elapsed=1158s
progress: nodes=22,990,000,000 tested=58 found=0 n=710989230083951965443759 elapsed=1158s
progress: nodes=23,000,000,000 tested=58 found=0 n=702117848640899186078121 elapsed=1159s
progress: nodes=23,010,000,000 tested=58 found=0 n=694884850486146990263979 elapsed=1159s
progress: nodes=23,020,000,000 tested=58 found=0 n=686580789976943766696099 elapsed=1160s
progress: nodes=23,030,000,000 tested=58 found=0 n=665646213676413849631983 elapsed=1160s
progress: nodes=23,040,000,000 tested=58 found=0 n=653986966255861292678547 elapsed=1161s
progress: nodes=23,050,000,000 tested=58 found=0 n=640925288866294927569459 elapsed=1161s
progress: nodes=23,060,000,000 tested=58 found=0 n=648582486965419538070693 elapsed=1162s
progress: nodes=23,070,000,000 tested=58 found=0 n=712502239777920955033209 elapsed=1162s
progress: nodes=23,080,000,000 tested=58 found=0 n=561742053390418701267621 elapsed=1163s
progress: nodes=23,090,000,000 tested=58 found=0 n=497241981312462502607799 elapsed=1163s
progress: nodes=23,100,000,000 tested=58 found=0 n=551982548223108118704357 elapsed=1164s
progress: nodes=23,110,000,000 tested=58 found=0 n=713646304581622613294709 elapsed=1164s
progress: nodes=23,120,000,000 tested=58 found=0 n=700871761992843167224113 elapsed=1165s
progress: nodes=23,130,000,000 tested=58 found=0 n=557744942068685585005869 elapsed=1165s
progress: nodes=23,140,000,000 tested=58 found=0 n=591360977297260909172511 elapsed=1166s
progress: nodes=23,150,000,000 tested=58 found=0 n=544033252150791626424663 elapsed=1166s
progress: nodes=23,160,000,000 tested=58 found=0 n=744482348420567049227781 elapsed=1167s
progress: nodes=23,170,000,000 tested=58 found=0 n=599206007825722424836863 elapsed=1167s
progress: nodes=23,180,000,000 tested=58 found=0 n=709350041831209488856377 elapsed=1168s
progress: nodes=23,190,000,000 tested=58 found=0 n=558382881381849899984763 elapsed=1169s
progress: nodes=23,200,000,000 tested=58 found=0 n=725816984015353714726473 elapsed=1169s
progress: nodes=23,210,000,000 tested=58 found=0 n=676196217150503665324401 elapsed=1170s
progress: nodes=23,220,000,000 tested=58 found=0 n=721517920375615595183259 elapsed=1170s
progress: nodes=23,230,000,000 tested=58 found=0 n=646142567977274989055589 elapsed=1171s
progress: nodes=23,240,000,000 tested=58 found=0 n=743987075186730552649857 elapsed=1171s
progress: nodes=23,250,000,000 tested=58 found=0 n=746230275608629135860459 elapsed=1172s
progress: nodes=23,260,000,000 tested=58 found=0 n=711344720104425214199469 elapsed=1172s
progress: nodes=23,270,000,000 tested=58 found=0 n=669975691029104019094227 elapsed=1173s
progress: nodes=23,280,000,000 tested=58 found=0 n=657720200005574366139633 elapsed=1173s
progress: nodes=23,290,000,000 tested=58 found=0 n=719963095719111089923539 elapsed=1174s
progress: nodes=23,300,000,000 tested=58 found=0 n=658931393810838614254173 elapsed=1174s
progress: nodes=23,310,000,000 tested=58 found=0 n=543644413667700791730669 elapsed=1175s
progress: nodes=23,320,000,000 tested=58 found=0 n=654370225506276747868323 elapsed=1176s
progress: nodes=23,330,000,000 tested=58 found=0 n=556144754887534993368111 elapsed=1176s
progress: nodes=23,340,000,000 tested=58 found=0 n=568166535408134100972303 elapsed=1177s
progress: nodes=23,350,000,000 tested=58 found=0 n=740421065610602454138291 elapsed=1177s
progress: nodes=23,360,000,000 tested=58 found=0 n=682786648238130719779419 elapsed=1178s
progress: nodes=23,370,000,000 tested=58 found=0 n=720934070915868693179373 elapsed=1178s
progress: nodes=23,380,000,000 tested=58 found=0 n=683761303019862622244151 elapsed=1179s
progress: nodes=23,390,000,000 tested=58 found=0 n=625309643891127446913123 elapsed=1179s
progress: nodes=23,400,000,000 tested=58 found=0 n=689536166304982872965859 elapsed=1180s
progress: nodes=23,410,000,000 tested=58 found=0 n=759594018470106668335641 elapsed=1180s
progress: nodes=23,420,000,000 tested=58 found=0 n=742669646654670380680419 elapsed=1181s
progress: nodes=23,430,000,000 tested=58 found=0 n=755706607213029895655001 elapsed=1181s
progress: nodes=23,440,000,000 tested=58 found=0 n=697483041867340465038687 elapsed=1182s
progress: nodes=23,450,000,000 tested=58 found=0 n=710741205245634353782299 elapsed=1182s
progress: nodes=23,460,000,000 tested=58 found=0 n=783170903086951716137493 elapsed=1183s
progress: nodes=23,470,000,000 tested=58 found=0 n=732939209879437867515363 elapsed=1183s
progress: nodes=23,480,000,000 tested=58 found=0 n=785127355556255760345759 elapsed=1184s
progress: nodes=23,490,000,000 tested=58 found=0 n=709042271607663663486663 elapsed=1184s
progress: nodes=23,500,000,000 tested=58 found=0 n=732314654676187130132739 elapsed=1185s
progress: nodes=23,510,000,000 tested=58 found=0 n=664914024948830873333733 elapsed=1186s
progress: nodes=23,520,000,000 tested=58 found=0 n=671396745096679256396973 elapsed=1186s
progress: nodes=23,530,000,000 tested=58 found=0 n=765703478633664008700801 elapsed=1187s
progress: nodes=23,540,000,000 tested=58 found=0 n=685365201531726714637947 elapsed=1187s
progress: nodes=23,550,000,000 tested=58 found=0 n=787691265380170616772153 elapsed=1188s
progress: nodes=23,560,000,000 tested=58 found=0 n=690380515910960810583417 elapsed=1188s
progress: nodes=23,570,000,000 tested=58 found=0 n=697314788582935250919807 elapsed=1189s
progress: nodes=23,580,000,000 tested=58 found=0 n=778531157227306764867663 elapsed=1189s
progress: nodes=23,590,000,000 tested=58 found=0 n=811840668382079621165727 elapsed=1190s
progress: nodes=23,600,000,000 tested=58 found=0 n=760252548414308491037727 elapsed=1190s
progress: nodes=23,610,000,000 tested=58 found=0 n=756516392028245577539349 elapsed=1191s
progress: nodes=23,620,000,000 tested=58 found=0 n=827002681799811694789689 elapsed=1191s
progress: nodes=23,630,000,000 tested=58 found=0 n=834817120436814446671047 elapsed=1192s
progress: nodes=23,640,000,000 tested=59 found=0 n=644272829253661554313983 elapsed=1192s
progress: nodes=23,650,000,000 tested=59 found=0 n=435392990598518499633471 elapsed=1193s
progress: nodes=23,660,000,000 tested=59 found=0 n=269167472163200322241299 elapsed=1193s
progress: nodes=23,670,000,000 tested=59 found=0 n=142630028015748214706919 elapsed=1194s
progress: nodes=23,680,000,000 tested=59 found=0 n=970268775569998391106081 elapsed=1194s
progress: nodes=23,690,000,000 tested=59 found=0 n=900739631706626540572821 elapsed=1195s
progress: nodes=23,700,000,000 tested=59 found=0 n=866392931089800850220793 elapsed=1195s
progress: nodes=23,710,000,000 tested=59 found=0 n=863996546267464507522317 elapsed=1196s
progress: nodes=23,720,000,000 tested=59 found=0 n=898990532132813323628733 elapsed=1196s
progress: nodes=23,730,000,000 tested=59 found=0 n=969722712856434915689157 elapsed=1196s
progress: nodes=23,740,000,000 tested=59 found=0 n=147632718745657625947929 elapsed=1197s
progress: nodes=23,750,000,000 tested=59 found=0 n=276899748275651223822561 elapsed=1197s
progress: nodes=23,760,000,000 tested=59 found=0 n=441300684970993526605773 elapsed=1198s
progress: nodes=23,770,000,000 tested=59 found=0 n=645153749013791339554617 elapsed=1198s
progress: nodes=23,780,000,000 tested=59 found=0 n=885858005281323915329643 elapsed=1199s
progress: nodes=23,790,000,000 tested=59 found=0 n=223996496927577628127643 elapsed=1199s
progress: nodes=23,800,000,000 tested=59 found=0 n=517803672857597369935461 elapsed=1200s
progress: nodes=23,810,000,000 tested=59 found=0 n=864093823830444579131529 elapsed=1200s
progress: nodes=23,820,000,000 tested=59 found=0 n=306334756656666833016537 elapsed=1200s
progress: nodes=23,830,000,000 tested=59 found=0 n=713926274237828437489011 elapsed=1201s
progress: nodes=23,840,000,000 tested=59 found=0 n=240233052827943134266923 elapsed=1201s
progress: nodes=23,850,000,000 tested=59 found=0 n=727412926363259139326169 elapsed=1202s
progress: nodes=23,860,000,000 tested=59 found=0 n=327846257874672206602779 elapsed=1202s
progress: nodes=23,870,000,000 tested=59 found=0 n=899556070623375772080243 elapsed=1203s
progress: nodes=23,880,000,000 tested=59 found=0 n=567395177978033982185301 elapsed=1203s
progress: nodes=23,890,000,000 tested=59 found=0 n=285001144258111753176243 elapsed=1204s
progress: nodes=23,900,000,000 tested=59 found=0 n=965001274502195768664519 elapsed=1204s
progress: nodes=23,910,000,000 tested=59 found=0 n=739217682613590194060739 elapsed=1205s
progress: nodes=23,920,000,000 tested=59 found=0 n=555282034828391166837849 elapsed=1205s
progress: nodes=23,930,000,000 tested=59 found=0 n=410179068901786881576033 elapsed=1205s
progress: nodes=23,940,000,000 tested=59 found=0 n=302201459331596538664797 elapsed=1206s
progress: nodes=23,950,000,000 tested=59 found=0 n=234725981937011141809617 elapsed=1206s
progress: nodes=23,960,000,000 tested=59 found=0 n=207423136726231611669561 elapsed=1207s
progress: nodes=23,970,000,000 tested=59 found=0 n=216599072370278915128581 elapsed=1207s
progress: nodes=23,980,000,000 tested=59 found=0 n=266060868674293106486919 elapsed=1208s
progress: nodes=23,990,000,000 tested=59 found=0 n=351307668594757182235389 elapsed=1208s
progress: nodes=24,000,000,000 tested=59 found=0 n=473381561317283163490869 elapsed=1209s
progress: nodes=24,010,000,000 tested=59 found=0 n=638123863015172411343081 elapsed=1209s
progress: nodes=24,020,000,000 tested=59 found=0 n=847675985356776730820589 elapsed=1209s
progress: nodes=24,030,000,000 tested=59 found=0 n=169407144258586904492361 elapsed=1210s
progress: nodes=24,040,000,000 tested=59 found=0 n=434952205128222612864957 elapsed=1210s
progress: nodes=24,050,000,000 tested=59 found=0 n=759931319153933184713301 elapsed=1211s
progress: nodes=24,060,000,000 tested=59 found=0 n=200914349214283058881989 elapsed=1211s
progress: nodes=24,070,000,000 tested=59 found=0 n=583776015517223596283139 elapsed=1212s
progress: nodes=24,080,000,000 tested=59 found=0 n=109791788123672747853453 elapsed=1212s
progress: nodes=24,090,000,000 tested=59 found=0 n=564843353986238995690407 elapsed=1213s
progress: nodes=24,100,000,000 tested=59 found=0 n=168271081076539495531323 elapsed=1213s
progress: nodes=24,110,000,000 tested=59 found=0 n=707905554109678165542147 elapsed=1214s
progress: nodes=24,120,000,000 tested=59 found=0 n=368590835620046471312727 elapsed=1214s
progress: nodes=24,130,000,000 tested=59 found=0 n=997540360355718150081957 elapsed=1214s
progress: nodes=24,140,000,000 tested=59 found=0 n=722716091416426595035779 elapsed=1215s
progress: nodes=24,150,000,000 tested=59 found=0 n=495623494967057540342721 elapsed=1215s
progress: nodes=24,160,000,000 tested=59 found=0 n=310231038546453500844291 elapsed=1216s
progress: nodes=24,170,000,000 tested=59 found=0 n=165774277479395913501789 elapsed=1216s
progress: nodes=24,180,000,000 tested=59 found=0 n=970281768524439102050781 elapsed=1217s
progress: nodes=24,190,000,000 tested=59 found=0 n=890686385214349495041963 elapsed=1217s
progress: nodes=24,200,000,000 tested=59 found=0 n=850660110788622251333139 elapsed=1218s
progress: nodes=24,210,000,000 tested=59 found=0 n=845936949716298362057751 elapsed=1218s
progress: nodes=24,220,000,000 tested=59 found=0 n=878898845162037620331873 elapsed=1219s
progress: nodes=24,230,000,000 tested=59 found=0 n=956872114941432959958843 elapsed=1219s
progress: nodes=24,240,000,000 tested=59 found=0 n=156602068059972074142141 elapsed=1219s
progress: nodes=24,250,000,000 tested=59 found=0 n=311419631046197089558989 elapsed=1220s
progress: nodes=24,260,000,000 tested=59 found=0 n=510910158101812812738549 elapsed=1220s
progress: nodes=24,270,000,000 tested=59 found=0 n=751340249443141757580951 elapsed=1221s
progress: nodes=24,280,000,000 tested=59 found=0 n=116366195062910679923421 elapsed=1221s
progress: nodes=24,290,000,000 tested=59 found=0 n=412557857617366878306813 elapsed=1222s
progress: nodes=24,300,000,000 tested=59 found=0 n=762026530453900585436871 elapsed=1222s
progress: nodes=24,310,000,000 tested=59 found=0 n=232112236593241165206969 elapsed=1223s
progress: nodes=24,320,000,000 tested=59 found=0 n=654382691135511309519471 elapsed=1223s
progress: nodes=24,330,000,000 tested=59 found=0 n=212340524342677954238169 elapsed=1223s
progress: nodes=24,340,000,000 tested=59 found=0 n=712513121093492092805277 elapsed=1224s
progress: nodes=24,350,000,000 tested=59 found=0 n=337105666237953815142633 elapsed=1224s
progress: nodes=24,360,000,000 tested=59 found=0 n=923894476204460163534747 elapsed=1225s
progress: nodes=24,370,000,000 tested=59 found=0 n=614473925618752989557229 elapsed=1225s
progress: nodes=24,380,000,000 tested=59 found=0 n=354043392548633249867559 elapsed=1226s
progress: nodes=24,390,000,000 tested=59 found=0 n=142543553821803782294031 elapsed=1226s
progress: nodes=24,400,000,000 tested=59 found=0 n=871620572051980444482327 elapsed=1226s
progress: nodes=24,410,000,000 tested=59 found=0 n=725916166518482656967943 elapsed=1227s
progress: nodes=24,420,000,000 tested=59 found=0 n=622479800081917903690719 elapsed=1227s
progress: nodes=24,430,000,000 tested=59 found=0 n=562976438524625347772319 elapsed=1228s
progress: nodes=24,440,000,000 tested=59 found=0 n=543648539348487365616747 elapsed=1228s
progress: nodes=24,450,000,000 tested=59 found=0 n=567238883614071509951649 elapsed=1229s
progress: nodes=24,460,000,000 tested=59 found=0 n=629486390511003642581349 elapsed=1229s
progress: nodes=24,470,000,000 tested=59 found=0 n=727773323094557593734573 elapsed=1230s
progress: nodes=24,480,000,000 tested=59 found=0 n=867845023421863152800673 elapsed=1230s
progress: nodes=24,490,000,000 tested=59 found=0 n=137016437675114396787003 elapsed=1230s
progress: nodes=24,500,000,000 tested=59 found=0 n=340151888841046654227471 elapsed=1231s
progress: nodes=24,510,000,000 tested=59 found=0 n=594851991247173765934521 elapsed=1231s
progress: nodes=24,520,000,000 tested=59 found=0 n=900875342464074073638927 elapsed=1232s
progress: nodes=24,530,000,000 tested=59 found=0 n=327173150168201615761791 elapsed=1232s
progress: nodes=24,540,000,000 tested=59 found=0 n=713121214840599755461887 elapsed=1233s
progress: nodes=24,550,000,000 tested=59 found=0 n=229940062833004492812921 elapsed=1233s
progress: nodes=24,560,000,000 tested=59 found=0 n=690468246082128918928293 elapsed=1234s
progress: nodes=24,570,000,000 tested=59 found=0 n=283978734475060449357687 elapsed=1234s
progress: nodes=24,580,000,000 tested=59 found=0 n=831489253280935857426357 elapsed=1234s
progress: nodes=24,590,000,000 tested=59 found=0 n=505312745421719735555517 elapsed=1235s
progress: nodes=24,600,000,000 tested=59 found=0 n=226450769789948856449913 elapsed=1235s
progress: nodes=24,610,000,000 tested=59 found=0 n=887760979131715942614669 elapsed=1236s
progress: nodes=24,620,000,000 tested=59 found=0 n=678071924396044291600641 elapsed=1236s
progress: nodes=24,630,000,000 tested=59 found=0 n=508359516604168389862779 elapsed=1237s
progress: nodes=24,640,000,000 tested=59 found=0 n=380127111806918199001509 elapsed=1237s
progress: nodes=24,650,000,000 tested=59 found=0 n=296645353651243583935641 elapsed=1238s
progress: nodes=24,660,000,000 tested=59 found=0 n=248810993422020245529621 elapsed=1238s
progress: nodes=24,670,000,000 tested=59 found=0 n=237670050925806454551519 elapsed=1238s
progress: nodes=24,680,000,000 tested=59 found=0 n=265071963975992578370889 elapsed=1239s
progress: nodes=24,690,000,000 tested=59 found=0 n=329719061135453009187321 elapsed=1239s
progress: nodes=24,700,000,000 tested=59 found=0 n=437132080343115753237873 elapsed=1240s
progress: nodes=24,710,000,000 tested=59 found=0 n=586864242709425319011219 elapsed=1240s
progress: nodes=24,720,000,000 tested=59 found=0 n=780326743381176092903109 elapsed=1241s
progress: nodes=24,730,000,000 tested=59 found=0 n=113119076357160826146579 elapsed=1241s
progress: nodes=24,740,000,000 tested=59 found=0 n=364628097690420117972033 elapsed=1242s
progress: nodes=24,750,000,000 tested=59 found=0 n=675677408202230404057857 elapsed=1242s
progress: nodes=24,760,000,000 tested=59 found=0 n=135367499225983554383931 elapsed=1243s
progress: nodes=24,770,000,000 tested=59 found=0 n=520666445191183090984107 elapsed=1243s
progress: nodes=24,780,000,000 tested=59 found=0 n=976844031845542961126103 elapsed=1243s
progress: nodes=24,790,000,000 tested=59 found=0 n=554856276576159750536883 elapsed=1244s
progress: nodes=24,800,000,000 tested=59 found=0 n=196731373538085736828401 elapsed=1244s
progress: nodes=24,810,000,000 tested=59 found=0 n=776645859463038275067819 elapsed=1245s
progress: nodes=24,820,000,000 tested=59 found=0 n=493266217889414712940659 elapsed=1245s
progress: nodes=24,830,000,000 tested=59 found=0 n=259919580988732226144121 elapsed=1246s
progress: nodes=24,840,000,000 tested=59 found=0 n=970723270467749261566719 elapsed=1246s
progress: nodes=24,850,000,000 tested=59 found=0 n=805478996095414580249541 elapsed=1247s
progress: nodes=24,860,000,000 tested=59 found=0 n=687778242766079708896191 elapsed=1247s
progress: nodes=24,870,000,000 tested=59 found=0 n=616079643734447667897507 elapsed=1248s
progress: nodes=24,880,000,000 tested=59 found=0 n=586513214921603380389363 elapsed=1248s
progress: nodes=24,890,000,000 tested=59 found=0 n=598089868905153562273413 elapsed=1248s
progress: nodes=24,900,000,000 tested=59 found=0 n=645874119163265902116669 elapsed=1249s
progress: nodes=24,910,000,000 tested=59 found=0 n=735556652250747138345303 elapsed=1249s
progress: nodes=24,920,000,000 tested=59 found=0 n=866915433622060298069517 elapsed=1250s
progress: nodes=24,930,000,000 tested=59 found=0 n=137717895727043145270603 elapsed=1250s
progress: nodes=24,940,000,000 tested=59 found=0 n=336285244742486099140773 elapsed=1251s
progress: nodes=24,950,000,000 tested=59 found=0 n=591942270774745047862089 elapsed=1251s
progress: nodes=24,960,000,000 tested=59 found=0 n=904762876343124706268823 elapsed=1252s
progress: nodes=24,970,000,000 tested=59 found=0 n=350193609139210943526189 elapsed=1252s
progress: nodes=24,980,000,000 tested=59 found=0 n=752088331748965482996417 elapsed=1253s
progress: nodes=24,990,000,000 tested=59 found=0 n=296870492300493034329021 elapsed=1253s
progress: nodes=25,000,000,000 tested=59 found=0 n=789606718745514925353021 elapsed=1253s
progress: nodes=25,010,000,000 tested=59 found=0 n=426736795054362065665623 elapsed=1254s
progress: nodes=25,020,000,000 tested=59 found=0 n=122261790832382743660503 elapsed=1254s
progress: nodes=25,030,000,000 tested=59 found=0 n=734699496756220259429781 elapsed=1255s
progress: nodes=25,040,000,000 tested=59 found=0 n=496798120740506473655613 elapsed=1255s
progress: nodes=25,050,000,000 tested=59 found=0 n=303277115534572067296023 elapsed=1256s
progress: nodes=25,060,000,000 tested=59 found=0 n=156672896572439824504851 elapsed=1256s
progress: nodes=25,070,000,000 tested=59 found=0 n=943129624050874725437511 elapsed=1257s
progress: nodes=25,080,000,000 tested=59 found=0 n=871942364397204931930869 elapsed=1257s
progress: nodes=25,090,000,000 tested=59 found=0 n=855609988827335758848909 elapsed=1258s
progress: nodes=25,100,000,000 tested=59 found=0 n=891493836973261379222211 elapsed=1258s
progress: nodes=25,110,000,000 tested=59 found=0 n=974946872036825842564179 elapsed=1259s
progress: nodes=25,120,000,000 tested=59 found=0 n=200326391016658903604223 elapsed=1259s
progress: nodes=25,130,000,000 tested=59 found=0 n=366676668805709035569411 elapsed=1259s
progress: nodes=25,140,000,000 tested=59 found=0 n=582379250799377881830519 elapsed=1260s
progress: nodes=25,150,000,000 tested=59 found=0 n=847504246774428999867573 elapsed=1260s
progress: nodes=25,160,000,000 tested=59 found=0 n=257458911813980682236739 elapsed=1261s
progress: nodes=25,170,000,000 tested=59 found=0 n=602578313341132233712761 elapsed=1261s
progress: nodes=25,180,000,000 tested=59 found=0 n=114000738186597158760633 elapsed=1262s
progress: nodes=25,190,000,000 tested=59 found=0 n=535799558521160483923989 elapsed=1262s
progress: nodes=25,200,000,000 tested=59 found=0 n=143111829740461403991939 elapsed=1263s
progress: nodes=25,210,000,000 tested=59 found=0 n=666669215893440972557961 elapsed=1263s
progress: nodes=25,220,000,000 tested=59 found=0 n=349714118767749048574569 elapsed=1264s
progress: nodes=25,230,000,000 tested=59 found=0 n=989847466964711181403731 elapsed=1264s
progress: nodes=25,240,000,000 tested=59 found=0 n=768123210262574770114203 elapsed=1265s
progress: nodes=25,250,000,000 tested=59 found=0 n=596641996319315674135023 elapsed=1265s
progress: nodes=25,260,000,000 tested=59 found=0 n=473486136275325512860983 elapsed=1266s
progress: nodes=25,270,000,000 tested=59 found=0 n=407151476622120952858059 elapsed=1266s
progress: nodes=25,280,000,000 tested=59 found=0 n=387093668944714337605923 elapsed=1266s
progress: nodes=25,290,000,000 tested=59 found=0 n=418560683131068409017009 elapsed=1267s
progress: nodes=25,300,000,000 tested=59 found=0 n=493172793517925185605171 elapsed=1267s
progress: nodes=25,310,000,000 tested=59 found=0 n=610825138110044668549431 elapsed=1268s
progress: nodes=25,320,000,000 tested=59 found=0 n=774718760408739793598259 elapsed=1268s
progress: nodes=25,330,000,000 tested=59 found=0 n=982752050332334575436913 elapsed=1269s
progress: nodes=25,340,000,000 tested=59 found=0 n=332561733132796253930151 elapsed=1269s
progress: nodes=25,350,000,000 tested=59 found=0 n=632232096681013113948201 elapsed=1270s
progress: nodes=25,360,000,000 tested=59 found=0 n=997643979967848123804201 elapsed=1270s
progress: nodes=25,370,000,000 tested=59 found=0 n=499336790869611675258201 elapsed=1271s
progress: nodes=25,380,000,000 tested=59 found=0 n=955657508680024905059613 elapsed=1271s
progress: nodes=25,390,000,000 tested=59 found=0 n=542483671361261127462657 elapsed=1272s
progress: nodes=25,400,000,000 tested=59 found=0 n=190099440664623138114081 elapsed=1272s
progress: nodes=25,410,000,000 tested=59 found=0 n=761372177406184612267461 elapsed=1273s
progress: nodes=25,420,000,000 tested=59 found=0 n=492533802752356376905509 elapsed=1273s
progress: nodes=25,430,000,000 tested=59 found=0 n=275305954163886630335043 elapsed=1274s
progress: nodes=25,440,000,000 tested=59 found=0 n=989955421416493123625649 elapsed=1274s
progress: nodes=25,450,000,000 tested=59 found=0 n=850626710776372301199351 elapsed=1274s
progress: nodes=25,460,000,000 tested=59 found=0 n=760823426573601962898789 elapsed=1275s
progress: nodes=25,470,000,000 tested=59 found=0 n=717056000864832243836529 elapsed=1275s
progress: nodes=25,480,000,000 tested=59 found=0 n=725979622552810875620217 elapsed=1276s
progress: nodes=25,490,000,000 tested=59 found=0 n=786579912214369728318171 elapsed=1276s
progress: nodes=25,500,000,000 tested=59 found=0 n=897950768149354738166271 elapsed=1277s
progress: nodes=25,510,000,000 tested=59 found=0 n=165152286360022626949977 elapsed=1277s
progress: nodes=25,520,000,000 tested=59 found=0 n=355468047653569986960363 elapsed=1278s
progress: nodes=25,530,000,000 tested=59 found=0 n=602308445959458175333473 elapsed=1278s
progress: nodes=25,540,000,000 tested=59 found=0 n=899450169554430818651943 elapsed=1279s
progress: nodes=25,550,000,000 tested=59 found=0 n=339960814283908070523963 elapsed=1279s
progress: nodes=25,560,000,000 tested=59 found=0 n=722920286232726670262097 elapsed=1280s
progress: nodes=25,570,000,000 tested=59 found=0 n=277191051190358562414927 elapsed=1280s
progress: nodes=25,580,000,000 tested=59 found=0 n=763800188075936444485899 elapsed=1281s
progress: nodes=25,590,000,000 tested=59 found=0 n=411190477784005710134421 elapsed=1281s
progress: nodes=25,600,000,000 tested=59 found=0 n=121875122530183429647009 elapsed=1282s
progress: nodes=25,610,000,000 tested=59 found=0 n=742181460610022466820479 elapsed=1282s
progress: nodes=25,620,000,000 tested=59 found=0 n=538124694365383177444623 elapsed=1282s
progress: nodes=25,630,000,000 tested=59 found=0 n=410963517367678561505373 elapsed=1283s
progress: nodes=25,640,000,000 tested=59 found=0 n=457778894617440162914301 elapsed=1283s
progress: nodes=25,650,000,000 tested=59 found=0 n=690809244815102915271231 elapsed=1284s
progress: nodes=25,660,000,000 tested=59 found=0 n=243562229793798629355873 elapsed=1284s
progress: nodes=25,670,000,000 tested=59 found=0 n=829431010686063417537213 elapsed=1285s
progress: nodes=25,680,000,000 tested=59 found=0 n=740192957751190768793199 elapsed=1285s
progress: nodes=25,690,000,000 tested=59 found=0 n=841058827021939219870869 elapsed=1286s
progress: nodes=25,700,000,000 tested=59 found=0 n=269000561355252599337003 elapsed=1286s
progress: nodes=25,710,000,000 tested=59 found=0 n=785854126774275264760131 elapsed=1287s
progress: nodes=25,720,000,000 tested=59 found=0 n=676524010459310184903039 elapsed=1287s
progress: nodes=25,730,000,000 tested=59 found=0 n=774265186670652861600339 elapsed=1288s
progress: nodes=25,740,000,000 tested=59 found=0 n=202329082745242635353787 elapsed=1288s
progress: nodes=25,750,000,000 tested=59 found=0 n=656091668346574645419003 elapsed=1289s
progress: nodes=25,760,000,000 tested=59 found=0 n=455707346088517853645007 elapsed=1289s
progress: nodes=25,770,000,000 tested=59 found=0 n=425461234129270365824721 elapsed=1290s
progress: nodes=25,780,000,000 tested=59 found=0 n=572579982894181190899509 elapsed=1290s
progress: nodes=25,790,000,000 tested=59 found=0 n=919457603054999952625143 elapsed=1291s
progress: nodes=25,800,000,000 tested=59 found=0 n=606683424572401929099039 elapsed=1291s
progress: nodes=25,810,000,000 tested=59 found=0 n=493855022510777978834553 elapsed=1291s
progress: nodes=25,820,000,000 tested=59 found=0 n=575838067038523278474177 elapsed=1292s
progress: nodes=25,830,000,000 tested=59 found=0 n=845502765219202662980793 elapsed=1292s
progress: nodes=25,840,000,000 tested=59 found=0 n=508953904823086712019261 elapsed=1293s
progress: nodes=25,850,000,000 tested=59 found=0 n=365729222164947613183827 elapsed=1293s
progress: nodes=25,860,000,000 tested=59 found=0 n=410014165159723439819889 elapsed=1294s
progress: nodes=25,870,000,000 tested=59 found=0 n=647927439381602645671791 elapsed=1294s
progress: nodes=25,880,000,000 tested=59 found=0 n=269102292901423831371753 elapsed=1295s
progress: nodes=25,890,000,000 tested=59 found=0 n=861327314302301678456163 elapsed=1295s
progress: nodes=25,900,000,000 tested=59 found=0 n=826672002347987984960541 elapsed=1296s
progress: nodes=25,910,000,000 tested=59 found=0 n=218593110318313271998149 elapsed=1296s
progress: nodes=25,920,000,000 tested=59 found=0 n=582234998166378804866157 elapsed=1297s
progress: nodes=25,930,000,000 tested=59 found=0 n=350726794827613383238983 elapsed=1297s
progress: nodes=25,940,000,000 tested=59 found=0 n=323062885918936748409363 elapsed=1298s
progress: nodes=25,950,000,000 tested=59 found=0 n=470685438962389303179219 elapsed=1298s
progress: nodes=25,960,000,000 tested=59 found=0 n=798240420814785489107721 elapsed=1299s
progress: nodes=25,970,000,000 tested=59 found=0 n=526191593726481336989181 elapsed=1299s
progress: nodes=25,980,000,000 tested=59 found=0 n=445923586395536683231413 elapsed=1300s
progress: nodes=25,990,000,000 tested=59 found=0 n=563854296565667584143513 elapsed=1300s
progress: nodes=26,000,000,000 tested=59 found=0 n=151114608121614543786303 elapsed=1300s
progress: nodes=26,010,000,000 tested=59 found=0 n=694908690856632311015187 elapsed=1301s
progress: nodes=26,020,000,000 tested=59 found=0 n=689883720662008996326819 elapsed=1301s
progress: nodes=26,030,000,000 tested=59 found=0 n=138878910448389033557481 elapsed=1302s
progress: nodes=26,040,000,000 tested=59 found=0 n=493300720047592843516053 elapsed=1302s
progress: nodes=26,050,000,000 tested=59 found=0 n=291167889134243141902959 elapsed=1303s
progress: nodes=26,060,000,000 tested=59 found=0 n=293625586316410983619677 elapsed=1303s
progress: nodes=26,070,000,000 tested=59 found=0 n=481098764913443946892161 elapsed=1304s
progress: nodes=26,080,000,000 tested=59 found=0 n=149924570495544935387451 elapsed=1304s
progress: nodes=26,090,000,000 tested=59 found=0 n=730317159992406892910697 elapsed=1305s
progress: nodes=26,100,000,000 tested=59 found=0 n=794104976219711204770029 elapsed=1305s
progress: nodes=26,110,000,000 tested=59 found=0 n=314132568448983891778017 elapsed=1306s
progress: nodes=26,120,000,000 tested=59 found=0 n=754036553218240392500169 elapsed=1306s
progress: nodes=26,130,000,000 tested=59 found=0 n=672234229407927704860881 elapsed=1307s
progress: nodes=26,140,000,000 tested=59 found=0 n=788999483825613264282309 elapsed=1307s
progress: nodes=26,150,000,000 tested=59 found=0 n=409674689545620669211503 elapsed=1308s
progress: nodes=26,160,000,000 tested=59 found=0 n=222151766013418713343641 elapsed=1308s
progress: nodes=26,170,000,000 tested=59 found=0 n=226228572247049102528721 elapsed=1309s
progress: nodes=26,180,000,000 tested=59 found=0 n=417906027976020003249291 elapsed=1309s
progress: nodes=26,190,000,000 tested=59 found=0 n=148157960177277291003147 elapsed=1309s
progress: nodes=26,200,000,000 tested=59 found=0 n=753412384309412179489599 elapsed=1310s
progress: nodes=26,210,000,000 tested=59 found=0 n=152835091950906655642737 elapsed=1310s
progress: nodes=26,220,000,000 tested=59 found=0 n=405201173998848158069523 elapsed=1311s
progress: nodes=26,230,000,000 tested=59 found=0 n=176342551132293438444783 elapsed=1311s
progress: nodes=26,240,000,000 tested=59 found=0 n=146789379189289464434037 elapsed=1312s
progress: nodes=26,250,000,000 tested=59 found=0 n=301315426946102826977643 elapsed=1312s
progress: nodes=26,260,000,000 tested=59 found=0 n=662151082212254127804003 elapsed=1313s
progress: nodes=26,270,000,000 tested=59 found=0 n=534238480460076187410153 elapsed=1313s
progress: nodes=26,280,000,000 tested=59 found=0 n=590551026457214962770939 elapsed=1314s
progress: nodes=26,290,000,000 tested=59 found=0 n=167202098242509681476433 elapsed=1314s
progress: nodes=26,300,000,000 tested=59 found=0 n=619830369636380824099563 elapsed=1315s
progress: nodes=26,310,000,000 tested=59 found=0 n=607524834211313360377959 elapsed=1315s
progress: nodes=26,320,000,000 tested=59 found=0 n=147156941017513715562351 elapsed=1316s
progress: nodes=26,330,000,000 tested=59 found=0 n=521014839983864992173177 elapsed=1316s
progress: nodes=26,340,000,000 tested=59 found=0 n=426132650361374563679919 elapsed=1317s
progress: nodes=26,350,000,000 tested=59 found=0 n=516679123238893642478913 elapsed=1317s
progress: nodes=26,360,000,000 tested=59 found=0 n=167694873695112469511421 elapsed=1318s
progress: nodes=26,370,000,000 tested=59 found=0 n=676004954078188908648783 elapsed=1318s
progress: nodes=26,380,000,000 tested=59 found=0 n=736380754514534333847951 elapsed=1318s
progress: nodes=26,390,000,000 tested=59 found=0 n=336621899453833094910039 elapsed=1319s
progress: nodes=26,400,000,000 tested=59 found=0 n=150952513888268320133367 elapsed=1319s
progress: nodes=26,410,000,000 tested=59 found=0 n=172946401718766978315321 elapsed=1320s
progress: nodes=26,420,000,000 tested=59 found=0 n=378665684747590378406499 elapsed=1320s
progress: nodes=26,430,000,000 tested=59 found=0 n=167076573826822100676081 elapsed=1321s
progress: nodes=26,440,000,000 tested=59 found=0 n=157466536534225502654301 elapsed=1321s
progress: nodes=26,450,000,000 tested=59 found=0 n=364137682782360764708739 elapsed=1322s
progress: nodes=26,460,000,000 tested=59 found=0 n=166874149440368330223879 elapsed=1322s
progress: nodes=26,470,000,000 tested=59 found=0 n=774138009518056958878719 elapsed=1323s
progress: nodes=26,480,000,000 tested=59 found=0 n=335999165157571711037319 elapsed=1323s
progress: nodes=26,490,000,000 tested=59 found=0 n=740080810790185176789939 elapsed=1324s
progress: nodes=26,500,000,000 tested=59 found=0 n=721690689587573022859773 elapsed=1324s
progress: nodes=26,510,000,000 tested=59 found=0 n=304666696909325779737093 elapsed=1325s
progress: nodes=26,520,000,000 tested=60 found=0 n=724903539319289104548543 elapsed=1325s
progress: nodes=26,530,000,000 tested=60 found=0 n=717853348978651393845183 elapsed=1326s
progress: nodes=26,540,000,000 tested=60 found=0 n=298649626107403823110089 elapsed=1326s
progress: nodes=26,550,000,000 tested=60 found=0 n=696020145876524709724869 elapsed=1327s
progress: nodes=26,560,000,000 tested=60 found=0 n=706279964975681862010707 elapsed=1327s
progress: nodes=26,570,000,000 tested=60 found=0 n=335613087047558907847953 elapsed=1328s
progress: nodes=26,580,000,000 tested=60 found=0 n=189239859491078876861997 elapsed=1328s
progress: nodes=26,590,000,000 tested=60 found=0 n=247758011114005753184439 elapsed=1328s
progress: nodes=26,600,000,000 tested=60 found=0 n=520564972877986476089727 elapsed=1329s
progress: nodes=26,610,000,000 tested=60 found=0 n=400164580516951103226219 elapsed=1329s
progress: nodes=26,620,000,000 tested=60 found=0 n=487919015385526412539929 elapsed=1330s
progress: nodes=26,630,000,000 tested=60 found=0 n=196920480688405146412047 elapsed=1330s
progress: nodes=26,640,000,000 tested=60 found=0 n=699875286850077776515539 elapsed=1331s
progress: nodes=26,650,000,000 tested=60 found=0 n=243316471952844180754479 elapsed=1331s
progress: nodes=26,660,000,000 tested=60 found=0 n=579924818981489976389703 elapsed=1332s
progress: nodes=26,670,000,000 tested=60 found=0 n=547289044767376343096049 elapsed=1332s
progress: nodes=26,680,000,000 tested=60 found=0 n=175513383565390591397523 elapsed=1333s
progress: nodes=26,690,000,000 tested=60 found=0 n=591996184371005847059781 elapsed=1333s
progress: nodes=26,700,000,000 tested=60 found=0 n=642339117979870747859577 elapsed=1334s
progress: nodes=26,710,000,000 tested=60 found=0 n=338759734692800107515213 elapsed=1334s
progress: nodes=26,720,000,000 tested=60 found=0 n=257164777227560017403511 elapsed=1335s
progress: nodes=26,730,000,000 tested=60 found=0 n=370333831069137867727257 elapsed=1335s
progress: nodes=26,740,000,000 tested=60 found=0 n=702923679069045652474641 elapsed=1336s
progress: nodes=26,750,000,000 tested=60 found=0 n=711217057603379497435881 elapsed=1336s
progress: nodes=26,760,000,000 tested=60 found=0 n=353603628549554569147269 elapsed=1337s
progress: nodes=26,770,000,000 tested=60 found=0 n=238269014984616649733007 elapsed=1337s
progress: nodes=26,780,000,000 tested=60 found=0 n=332022307664695535240661 elapsed=1338s
progress: nodes=26,790,000,000 tested=60 found=0 n=646728949288262282792427 elapsed=1338s
progress: nodes=26,800,000,000 tested=60 found=0 n=639027448623765927840807 elapsed=1339s
progress: nodes=26,810,000,000 tested=60 found=0 n=302841132938755149644829 elapsed=1339s
progress: nodes=26,820,000,000 tested=60 found=0 n=198520783426691817230601 elapsed=1339s
progress: nodes=26,830,000,000 tested=60 found=0 n=286678901786998564767231 elapsed=1340s
progress: nodes=26,840,000,000 tested=60 found=0 n=590207019286851673894341 elapsed=1340s
progress: nodes=26,850,000,000 tested=60 found=0 n=569792765328108811526961 elapsed=1341s
progress: nodes=26,860,000,000 tested=60 found=0 n=220014231661584683254701 elapsed=1341s
progress: nodes=26,870,000,000 tested=60 found=0 n=636194085756362734742757 elapsed=1342s
progress: nodes=26,880,000,000 tested=60 found=0 n=212366349700794645726447 elapsed=1342s
progress: nodes=26,890,000,000 tested=60 found=0 n=536554580552761618376991 elapsed=1343s
progress: nodes=26,900,000,000 tested=60 found=0 n=550147195932881982821001 elapsed=1343s
progress: nodes=26,910,000,000 tested=60 found=0 n=262256060612932443220779 elapsed=1344s
progress: nodes=26,920,000,000 tested=60 found=0 n=201842837768067742503873 elapsed=1344s
progress: nodes=26,930,000,000 tested=60 found=0 n=361056086291385289969857 elapsed=1345s
progress: nodes=26,940,000,000 tested=60 found=0 n=219701449644148205041077 elapsed=1345s
progress: nodes=26,950,000,000 tested=60 found=0 n=301999625058806706465819 elapsed=1346s
progress: nodes=26,960,000,000 tested=60 found=0 n=606201007494183678736929 elapsed=1346s
progress: nodes=26,970,000,000 tested=60 found=0 n=623571511251848147532621 elapsed=1347s
progress: nodes=26,980,000,000 tested=60 found=0 n=343261434674067276190131 elapsed=1347s
progress: nodes=26,990,000,000 tested=60 found=0 n=286001582346705536950023 elapsed=1348s
progress: nodes=27,000,000,000 tested=60 found=0 n=428616830856759352910487 elapsed=1348s
progress: nodes=27,010,000,000 tested=60 found=0 n=290760904276665435389007 elapsed=1349s
progress: nodes=27,020,000,000 tested=60 found=0 n=408804205840396720899237 elapsed=1349s
progress: nodes=27,030,000,000 tested=60 found=0 n=280061332478447710382577 elapsed=1350s
progress: nodes=27,040,000,000 tested=60 found=0 n=388804457634331981463991 elapsed=1350s
progress: nodes=27,050,000,000 tested=60 found=0 n=218724181882617551740677 elapsed=1350s
progress: nodes=27,060,000,000 tested=60 found=0 n=277255137468551261774139 elapsed=1351s
progress: nodes=27,070,000,000 tested=60 found=0 n=570397157722617871918041 elapsed=1351s
progress: nodes=27,080,000,000 tested=60 found=0 n=599856783561414615316311 elapsed=1352s
progress: nodes=27,090,000,000 tested=60 found=0 n=367499187544036479936543 elapsed=1352s
progress: nodes=27,100,000,000 tested=60 found=0 n=388977934236334188550497 elapsed=1353s
progress: nodes=27,110,000,000 tested=60 found=0 n=650132799232771791448281 elapsed=1353s
progress: nodes=27,120,000,000 tested=60 found=0 n=654832327998742363291437 elapsed=1354s
progress: nodes=27,130,000,000 tested=60 found=0 n=397097916812381048487993 elapsed=1354s
progress: nodes=27,140,000,000 tested=60 found=0 n=392768313979556913588729 elapsed=1355s
progress: nodes=27,150,000,000 tested=60 found=0 n=627899739633827535283101 elapsed=1355s
progress: nodes=27,160,000,000 tested=60 found=0 n=632330593596226037261133 elapsed=1356s
progress: nodes=27,170,000,000 tested=60 found=0 n=392071729366003698367587 elapsed=1356s
progress: nodes=27,180,000,000 tested=60 found=0 n=404538421464900889148367 elapsed=1357s
progress: nodes=27,190,000,000 tested=60 found=0 n=665298039061821852037197 elapsed=1357s
progress: nodes=27,200,000,000 tested=60 found=0 n=219020593266158429243421 elapsed=1358s
progress: nodes=27,210,000,000 tested=60 found=0 n=493955361862069446184923 elapsed=1358s
progress: nodes=27,220,000,000 tested=60 found=0 n=545661644172389991260091 elapsed=1359s
progress: nodes=27,230,000,000 tested=60 found=0 n=386916049950520424117553 elapsed=1359s
progress: nodes=27,240,000,000 tested=60 found=0 n=470641959924972695085303 elapsed=1360s
progress: nodes=27,250,000,000 tested=60 found=0 n=319206078598240511322183 elapsed=1360s
progress: nodes=27,260,000,000 tested=60 found=0 n=431752006905872334988383 elapsed=1361s
progress: nodes=27,270,000,000 tested=60 found=0 n=340969514073315314744403 elapsed=1361s
progress: nodes=27,280,000,000 tested=60 found=0 n=507912321581139983612643 elapsed=1362s
progress: nodes=27,290,000,000 tested=60 found=0 n=481158279319201071545727 elapsed=1362s
progress: nodes=27,300,000,000 tested=60 found=0 n=258908975677591719375357 elapsed=1363s
progress: nodes=27,310,000,000 tested=60 found=0 n=290991848430326410908387 elapsed=1363s
progress: nodes=27,320,000,000 tested=60 found=0 n=603466140712340438235549 elapsed=1363s
progress: nodes=27,330,000,000 tested=60 found=0 n=283771745146821325326471 elapsed=1364s
progress: nodes=27,340,000,000 tested=60 found=0 n=246633203874106529779761 elapsed=1364s
progress: nodes=27,350,000,000 tested=60 found=0 n=484699413567018805687917 elapsed=1365s
progress: nodes=27,360,000,000 tested=60 found=0 n=531570691327553705562273 elapsed=1365s
progress: nodes=27,370,000,000 tested=60 found=0 n=407569960299396148944921 elapsed=1366s
progress: nodes=27,380,000,000 tested=60 found=0 n=554513604598454498590131 elapsed=1366s
progress: nodes=27,390,000,000 tested=60 found=0 n=522281786112798215099211 elapsed=1367s
progress: nodes=27,400,000,000 tested=60 found=0 n=328922535861738213170391 elapsed=1367s
progress: nodes=27,410,000,000 tested=60 found=0 n=443293031851739037765027 elapsed=1368s
progress: nodes=27,420,000,000 tested=60 found=0 n=386520011330699574326691 elapsed=1368s
progress: nodes=27,430,000,000 tested=60 found=0 n=620023913984658315333663 elapsed=1369s
progress: nodes=27,440,000,000 tested=60 found=0 n=267240561956722065540213 elapsed=1369s
progress: nodes=27,450,000,000 tested=60 found=0 n=613060778024722695543183 elapsed=1370s
progress: nodes=27,460,000,000 tested=60 found=0 n=378034828064023959291771 elapsed=1370s
progress: nodes=27,470,000,000 tested=60 found=0 n=418350706055104673140983 elapsed=1371s
progress: nodes=27,480,000,000 tested=60 found=0 n=319419261218748568866219 elapsed=1371s
progress: nodes=27,490,000,000 tested=60 found=0 n=521342806525908593983911 elapsed=1372s
progress: nodes=27,500,000,000 tested=60 found=0 n=587828518824536009719083 elapsed=1372s
progress: nodes=27,510,000,000 tested=60 found=0 n=521662232926096398922401 elapsed=1373s
progress: nodes=27,520,000,000 tested=60 found=0 n=316854392338096649728461 elapsed=1373s
progress: nodes=27,530,000,000 tested=60 found=0 n=413202713955048845385327 elapsed=1374s
progress: nodes=27,540,000,000 tested=60 found=0 n=397461105381718317313143 elapsed=1374s
progress: nodes=27,550,000,000 tested=60 found=0 n=260812908659510673621309 elapsed=1375s
progress: nodes=27,560,000,000 tested=60 found=0 n=412451884438870511179791 elapsed=1375s
progress: nodes=27,570,000,000 tested=60 found=0 n=459118387252140031522953 elapsed=1376s
progress: nodes=27,580,000,000 tested=60 found=0 n=390290216223891220248627 elapsed=1376s
progress: nodes=27,590,000,000 tested=60 found=0 n=629530132249819553612013 elapsed=1377s
progress: nodes=27,600,000,000 tested=60 found=0 n=372456501405875365506489 elapsed=1377s
progress: nodes=27,610,000,000 tested=60 found=0 n=443962354730950424747763 elapsed=1378s
progress: nodes=27,620,000,000 tested=60 found=0 n=419843646329483164248999 elapsed=1378s
progress: nodes=27,630,000,000 tested=60 found=0 n=289357153172036753383503 elapsed=1378s
progress: nodes=27,640,000,000 tested=60 found=0 n=477774424333641649042521 elapsed=1379s
progress: nodes=27,650,000,000 tested=60 found=0 n=596350855428704493392583 elapsed=1379s
progress: nodes=27,660,000,000 tested=60 found=0 n=244852917442618506653709 elapsed=1380s
progress: nodes=27,670,000,000 tested=60 found=0 n=604750493674534783686957 elapsed=1380s
progress: nodes=27,680,000,000 tested=60 found=0 n=482757321346589364169941 elapsed=1381s
progress: nodes=27,690,000,000 tested=60 found=0 n=303311835871850853105597 elapsed=1381s
progress: nodes=27,700,000,000 tested=60 found=0 n=463277284559012670958827 elapsed=1382s
progress: nodes=27,710,000,000 tested=60 found=0 n=561027734614730946123099 elapsed=1382s
progress: nodes=27,720,000,000 tested=60 found=0 n=597310571144973930445971 elapsed=1383s
progress: nodes=27,730,000,000 tested=60 found=0 n=586778880134744171021763 elapsed=1383s
progress: nodes=27,740,000,000 tested=60 found=0 n=547324218667565366356791 elapsed=1384s
progress: nodes=27,750,000,000 tested=60 found=0 n=459370595160374870959371 elapsed=1384s
progress: nodes=27,760,000,000 tested=60 found=0 n=316993644338550929498133 elapsed=1385s
progress: nodes=27,770,000,000 tested=60 found=0 n=514811102874796240182747 elapsed=1385s
progress: nodes=27,780,000,000 tested=60 found=0 n=322085704183017113511711 elapsed=1386s
progress: nodes=27,790,000,000 tested=60 found=0 n=498371196327445383252849 elapsed=1386s
progress: nodes=27,800,000,000 tested=60 found=0 n=287094659352727763517057 elapsed=1387s
progress: nodes=27,810,000,000 tested=60 found=0 n=420742250630350269949251 elapsed=1387s
progress: nodes=27,820,000,000 tested=60 found=0 n=531377274957638012225091 elapsed=1388s
progress: nodes=27,830,000,000 tested=60 found=0 n=261510398163057428962731 elapsed=1388s
progress: nodes=27,840,000,000 tested=60 found=0 n=346981042773762243598521 elapsed=1389s
progress: nodes=27,850,000,000 tested=60 found=0 n=430162249312041828715287 elapsed=1389s
progress: nodes=27,860,000,000 tested=60 found=0 n=515071111598704410377859 elapsed=1390s
progress: nodes=27,870,000,000 tested=60 found=0 n=278945710556989045705443 elapsed=1390s
progress: nodes=27,880,000,000 tested=60 found=0 n=421943835947120067609567 elapsed=1391s
progress: nodes=27,890,000,000 tested=60 found=0 n=614381103701369595039141 elapsed=1391s
progress: nodes=27,900,000,000 tested=60 found=0 n=462829407483752955114777 elapsed=1392s
progress: nodes=27,910,000,000 tested=60 found=0 n=352786953397019963305869 elapsed=1392s
progress: nodes=27,920,000,000 tested=60 found=0 n=275081749030241189133867 elapsed=1393s
progress: nodes=27,930,000,000 tested=60 found=0 n=610707177662188134541167 elapsed=1393s
progress: nodes=27,940,000,000 tested=60 found=0 n=293214661081457385519711 elapsed=1394s
progress: nodes=27,950,000,000 tested=60 found=0 n=385887285597068468359839 elapsed=1394s
progress: nodes=27,960,000,000 tested=60 found=0 n=548584262129242666734561 elapsed=1395s
progress: nodes=27,970,000,000 tested=60 found=0 n=435414771979056709671447 elapsed=1395s
progress: nodes=27,980,000,000 tested=60 found=0 n=387748422091800544884417 elapsed=1396s
progress: nodes=27,990,000,000 tested=60 found=0 n=419909628661239980896479 elapsed=1397s
progress: nodes=28,000,000,000 tested=60 found=0 n=551625885412128050605389 elapsed=1397s
progress: nodes=28,010,000,000 tested=60 found=0 n=464080214288725111559097 elapsed=1398s
progress: nodes=28,020,000,000 tested=60 found=0 n=516869925973616204088561 elapsed=1398s
progress: nodes=28,030,000,000 tested=60 found=0 n=352161450201642873163911 elapsed=1399s
progress: nodes=28,040,000,000 tested=60 found=0 n=302040466203754408888989 elapsed=1399s
progress: nodes=28,050,000,000 tested=60 found=0 n=378643599754359364246437 elapsed=1400s
progress: nodes=28,060,000,000 tested=60 found=0 n=586987345643953574785311 elapsed=1400s
progress: nodes=28,070,000,000 tested=60 found=0 n=616274508970843495480323 elapsed=1401s
progress: nodes=28,080,000,000 tested=60 found=0 n=467460886119005312545473 elapsed=1401s
progress: nodes=28,090,000,000 tested=60 found=0 n=452527309349797058177031 elapsed=1402s
progress: nodes=28,100,000,000 tested=60 found=0 n=594467809624665612662103 elapsed=1402s
progress: nodes=28,110,000,000 tested=60 found=0 n=569837820815688105420201 elapsed=1403s
progress: nodes=28,120,000,000 tested=60 found=0 n=400537681071212953322901 elapsed=1403s
progress: nodes=28,130,000,000 tested=60 found=0 n=417140197909489312097301 elapsed=1404s
progress: nodes=28,140,000,000 tested=60 found=0 n=313181661656302970056911 elapsed=1404s
progress: nodes=28,150,000,000 tested=60 found=0 n=426895185069035788215033 elapsed=1405s
progress: nodes=28,160,000,000 tested=60 found=0 n=455031570960958303495953 elapsed=1405s
progress: nodes=28,170,000,000 tested=60 found=0 n=397870935263979454099053 elapsed=1406s
progress: nodes=28,180,000,000 tested=60 found=0 n=559581443659479149974989 elapsed=1406s
progress: nodes=28,190,000,000 tested=60 found=0 n=358349363755977426863877 elapsed=1407s
progress: nodes=28,200,000,000 tested=60 found=0 n=398658435664632863865453 elapsed=1407s
progress: nodes=28,210,000,000 tested=60 found=0 n=392308296225593637437163 elapsed=1408s
progress: nodes=28,220,000,000 tested=60 found=0 n=350645976220925178442341 elapsed=1408s
progress: nodes=28,230,000,000 tested=60 found=0 n=579069707361336462977937 elapsed=1409s
progress: nodes=28,240,000,000 tested=60 found=0 n=508531721080569827131953 elapsed=1409s
progress: nodes=28,250,000,000 tested=60 found=0 n=466226545048062865875963 elapsed=1410s
progress: nodes=28,260,000,000 tested=60 found=0 n=483842059731705954879369 elapsed=1410s
progress: nodes=28,270,000,000 tested=60 found=0 n=525881363180190307955973 elapsed=1411s
progress: nodes=28,280,000,000 tested=60 found=0 n=375980128991379254151117 elapsed=1411s
progress: nodes=28,290,000,000 tested=60 found=0 n=583501721046339483012933 elapsed=1412s
progress: nodes=28,300,000,000 tested=60 found=0 n=605606590424419087239351 elapsed=1412s
progress: nodes=28,310,000,000 tested=60 found=0 n=477327429213585132148659 elapsed=1413s
progress: nodes=28,320,000,000 tested=60 found=0 n=471309438506294014704693 elapsed=1413s
progress: nodes=28,330,000,000 tested=60 found=0 n=578380859621285903935137 elapsed=1414s
progress: nodes=28,340,000,000 tested=60 found=0 n=556123269203887428114687 elapsed=1415s
progress: nodes=28,350,000,000 tested=60 found=0 n=457595651138161102098147 elapsed=1415s
progress: nodes=28,360,000,000 tested=60 found=0 n=556372369066783285337013 elapsed=1416s
progress: nodes=28,370,000,000 tested=60 found=0 n=615081507984507208968477 elapsed=1416s
progress: nodes=28,380,000,000 tested=60 found=0 n=408688048576631171175597 elapsed=1417s
progress: nodes=28,390,000,000 tested=60 found=0 n=466339575863278082952063 elapsed=1417s
progress: nodes=28,400,000,000 tested=60 found=0 n=553916361936276804630627 elapsed=1418s
progress: nodes=28,410,000,000 tested=60 found=0 n=467270518809511916252523 elapsed=1418s
progress: nodes=28,420,000,000 tested=60 found=0 n=469277552472675324980679 elapsed=1419s
progress: nodes=28,430,000,000 tested=60 found=0 n=602693942847455192180139 elapsed=1419s
progress: nodes=28,440,000,000 tested=60 found=0 n=592315562017974811166073 elapsed=1420s
progress: nodes=28,450,000,000 tested=60 found=0 n=476073672475706207215929 elapsed=1420s
progress: nodes=28,460,000,000 tested=60 found=0 n=553144403491881285983283 elapsed=1421s
progress: nodes=28,470,000,000 tested=60 found=0 n=579671359281901087767027 elapsed=1421s
progress: nodes=28,480,000,000 tested=60 found=0 n=406270080072930517088337 elapsed=1422s
progress: nodes=28,490,000,000 tested=60 found=0 n=568777400571671117816913 elapsed=1422s
progress: nodes=28,500,000,000 tested=60 found=0 n=584058799014868338000147 elapsed=1423s
progress: nodes=28,510,000,000 tested=60 found=0 n=505742768204904917066457 elapsed=1423s
progress: nodes=28,520,000,000 tested=60 found=0 n=620210460656466648458721 elapsed=1424s
progress: nodes=28,530,000,000 tested=60 found=0 n=549891603651142941948837 elapsed=1424s
progress: nodes=28,540,000,000 tested=60 found=0 n=532777904420124356317863 elapsed=1425s
progress: nodes=28,550,000,000 tested=60 found=0 n=431694484401844259599311 elapsed=1425s
progress: nodes=28,560,000,000 tested=60 found=0 n=534658503620946648054573 elapsed=1426s
progress: nodes=28,570,000,000 tested=60 found=0 n=435180920006417657277051 elapsed=1427s
progress: nodes=28,580,000,000 tested=60 found=0 n=614602453698484003975761 elapsed=1427s
progress: nodes=28,590,000,000 tested=60 found=0 n=561087961336971955987947 elapsed=1428s
progress: nodes=28,600,000,000 tested=60 found=0 n=548183372468576917787253 elapsed=1428s
progress: nodes=28,610,000,000 tested=60 found=0 n=460008207911620606233303 elapsed=1429s
progress: nodes=28,620,000,000 tested=60 found=0 n=586734656074125818446341 elapsed=1429s
progress: nodes=28,630,000,000 tested=60 found=0 n=631998055103224288173849 elapsed=1430s
progress: nodes=28,640,000,000 tested=60 found=0 n=566308896409462490386641 elapsed=1430s
progress: nodes=28,650,000,000 tested=60 found=0 n=501140486152875313910781 elapsed=1431s
progress: nodes=28,660,000,000 tested=60 found=0 n=572760578224496899842759 elapsed=1431s
progress: nodes=28,670,000,000 tested=60 found=0 n=586416168087904082682369 elapsed=1432s
progress: nodes=28,680,000,000 tested=60 found=0 n=545754152891127577539681 elapsed=1432s
progress: nodes=28,690,000,000 tested=60 found=0 n=600126650746782242268339 elapsed=1433s
progress: nodes=28,700,000,000 tested=60 found=0 n=613614935458782675890703 elapsed=1433s
progress: nodes=28,710,000,000 tested=60 found=0 n=621010277642917245267261 elapsed=1434s
progress: nodes=28,720,000,000 tested=60 found=0 n=596990098198005283987677 elapsed=1434s
progress: nodes=28,730,000,000 tested=60 found=0 n=520435636149039716381661 elapsed=1435s
progress: nodes=28,740,000,000 tested=60 found=0 n=652129563699429692930361 elapsed=1435s
progress: nodes=28,750,000,000 tested=60 found=0 n=625669452455175247372407 elapsed=1436s
progress: nodes=28,760,000,000 tested=60 found=0 n=629147581213621915055457 elapsed=1436s
progress: nodes=28,770,000,000 tested=60 found=0 n=581360557903996248384237 elapsed=1437s
progress: nodes=28,780,000,000 tested=60 found=0 n=624747888864924329458107 elapsed=1437s
progress: nodes=28,790,000,000 tested=60 found=0 n=571521853822081155162939 elapsed=1438s
progress: nodes=28,800,000,000 tested=60 found=0 n=595400348315917957572837 elapsed=1438s
progress: nodes=28,810,000,000 tested=60 found=0 n=664169345846224844262021 elapsed=1439s
progress: nodes=28,820,000,000 tested=60 found=0 n=618237117243578863323909 elapsed=1439s
progress: nodes=28,830,000,000 tested=60 found=0 n=647871441114359263408299 elapsed=1440s
progress: nodes=28,840,000,000 tested=60 found=0 n=661973277976079177342619 elapsed=1440s
progress: nodes=28,850,000,000 tested=60 found=0 n=231298480435921708075497 elapsed=1441s
progress: nodes=28,860,000,000 tested=60 found=0 n=232776615481043315411961 elapsed=1441s
progress: nodes=28,870,000,000 tested=60 found=0 n=258384490457284522688049 elapsed=1442s
progress: nodes=28,880,000,000 tested=60 found=0 n=313809840877166355404529 elapsed=1442s
progress: nodes=28,890,000,000 tested=60 found=0 n=394600831308171721806111 elapsed=1443s
progress: nodes=28,900,000,000 tested=60 found=0 n=504920522257060281078861 elapsed=1443s
progress: nodes=28,910,000,000 tested=60 found=0 n=648725094958112121634839 elapsed=1444s
progress: nodes=28,920,000,000 tested=60 found=0 n=826878094154156602038789 elapsed=1444s
progress: nodes=28,930,000,000 tested=60 found=0 n=95490880738298451126567 elapsed=1445s
progress: nodes=28,940,000,000 tested=60 found=0 n=313232813662339396115829 elapsed=1445s
progress: nodes=28,950,000,000 tested=60 found=0 n=569838874233373064349183 elapsed=1446s
progress: nodes=28,960,000,000 tested=60 found=0 n=867968708223342661494867 elapsed=1446s
progress: nodes=28,970,000,000 tested=60 found=0 n=242865564948251270708067 elapsed=1446s
progress: nodes=28,980,000,000 tested=60 found=0 n=589248299407761698856921 elapsed=1447s
progress: nodes=28,990,000,000 tested=60 found=0 n=979590173587570172047959 elapsed=1447s
progress: nodes=29,000,000,000 tested=60 found=0 n=435654604036769321823003 elapsed=1448s
progress: nodes=29,010,000,000 tested=60 found=0 n=885824962591791222853083 elapsed=1448s
progress: nodes=29,020,000,000 tested=60 found=0 n=402567547107312332860653 elapsed=1449s
progress: nodes=29,030,000,000 tested=60 found=0 n=909290045212224111804753 elapsed=1449s
progress: nodes=29,040,000,000 tested=60 found=0 n=485482390878949725859983 elapsed=1450s
progress: nodes=29,050,000,000 tested=60 found=0 n=115379074325058713088381 elapsed=1450s
progress: nodes=29,060,000,000 tested=60 found=0 n=688019518225798887464721 elapsed=1450s
progress: nodes=29,070,000,000 tested=60 found=0 n=359419145761091436266169 elapsed=1451s
progress: nodes=29,080,000,000 tested=60 found=0 n=81206066021101159078017 elapsed=1451s
progress: nodes=29,090,000,000 tested=60 found=0 n=744599307556551563194617 elapsed=1452s
progress: nodes=29,100,000,000 tested=60 found=0 n=505017124776444599299827 elapsed=1452s
progress: nodes=29,110,000,000 tested=60 found=0 n=299803419484264245864699 elapsed=1453s
progress: nodes=29,120,000,000 tested=60 found=0 n=131653199445933660479523 elapsed=1453s
progress: nodes=29,130,000,000 tested=60 found=0 n=920452189668417419967261 elapsed=1454s
progress: nodes=29,140,000,000 tested=60 found=0 n=798175675721151676268397 elapsed=1454s
progress: nodes=29,150,000,000 tested=60 found=0 n=706493977860847729181013 elapsed=1455s
progress: nodes=29,160,000,000 tested=60 found=0 n=650442331979066601711891 elapsed=1455s
progress: nodes=29,170,000,000 tested=60 found=0 n=632013624883266617385009 elapsed=1455s
progress: nodes=29,180,000,000 tested=60 found=0 n=650723774813322643567827 elapsed=1456s
progress: nodes=29,190,000,000 tested=60 found=0 n=701664495097374910694439 elapsed=1456s
progress: nodes=29,200,000,000 tested=60 found=0 n=779349941468892021058677 elapsed=1457s
progress: nodes=29,210,000,000 tested=60 found=0 n=892665510533070441655257 elapsed=1457s
progress: nodes=29,220,000,000 tested=60 found=0 n=97976232542558109362931 elapsed=1458s
progress: nodes=29,230,000,000 tested=60 found=0 n=253065684205734191361801 elapsed=1458s
progress: nodes=29,240,000,000 tested=60 found=0 n=444488273531191603526967 elapsed=1459s
progress: nodes=29,250,000,000 tested=60 found=0 n=673724967308208663599367 elapsed=1459s
progress: nodes=29,260,000,000 tested=60 found=0 n=947314117350385832788587 elapsed=1460s
progress: nodes=29,270,000,000 tested=60 found=0 n=298965882802281831966753 elapsed=1460s
progress: nodes=29,280,000,000 tested=60 found=0 n=637670713606485660165141 elapsed=1460s
progress: nodes=29,290,000,000 tested=60 found=0 n=87448526985140537436297 elapsed=1461s
progress: nodes=29,300,000,000 tested=60 found=0 n=471539336422443926565159 elapsed=1461s
progress: nodes=29,310,000,000 tested=60 found=0 n=914403714010320289722813 elapsed=1462s
progress: nodes=29,320,000,000 tested=60 found=0 n=426773776888739359175481 elapsed=1462s
progress: nodes=29,330,000,000 tested=60 found=0 n=935043417566260993937331 elapsed=1463s
progress: nodes=29,340,000,000 tested=60 found=0 n=516112841345950340669331 elapsed=1463s
progress: nodes=29,350,000,000 tested=60 found=0 n=147475466968412379272553 elapsed=1464s
progress: nodes=29,360,000,000 tested=60 found=0 n=728119026301171681446039 elapsed=1464s
progress: nodes=29,370,000,000 tested=60 found=0 n=407591558623990078324371 elapsed=1465s
progress: nodes=29,380,000,000 tested=60 found=0 n=133391853031397754168837 elapsed=1465s
progress: nodes=29,390,000,000 tested=60 found=0 n=811156656772853907992091 elapsed=1465s
progress: nodes=29,400,000,000 tested=60 found=0 n=584399040541182818903259 elapsed=1466s
progress: nodes=29,410,000,000 tested=60 found=0 n=391240993367993594212233 elapsed=1466s
progress: nodes=29,420,000,000 tested=60 found=0 n=236859054011877137357979 elapsed=1467s
progress: nodes=29,430,000,000 tested=60 found=0 n=114507292742036585003151 elapsed=1467s
progress: nodes=29,440,000,000 tested=60 found=0 n=950737694663381679617409 elapsed=1468s
progress: nodes=29,450,000,000 tested=60 found=0 n=878843391615640408827177 elapsed=1468s
progress: nodes=29,460,000,000 tested=60 found=0 n=841577331368458234547613 elapsed=1469s
progress: nodes=29,470,000,000 tested=60 found=0 n=835550486792709899300397 elapsed=1469s
progress: nodes=29,480,000,000 tested=60 found=0 n=865283315656109270539311 elapsed=1470s
progress: nodes=29,490,000,000 tested=60 found=0 n=932778624982664302848621 elapsed=1470s
progress: nodes=29,500,000,000 tested=60 found=0 n=103310505289665918559161 elapsed=1470s
progress: nodes=29,510,000,000 tested=60 found=0 n=236417136069173323664169 elapsed=1471s
progress: nodes=29,520,000,000 tested=60 found=0 n=407622574198081728306513 elapsed=1471s
progress: nodes=29,530,000,000 tested=60 found=0 n=620064456185280052714383 elapsed=1472s
progress: nodes=29,540,000,000 tested=60 found=0 n=875250955401702491337957 elapsed=1472s
progress: nodes=29,550,000,000 tested=60 found=0 n=219699189750910767270219 elapsed=1473s
progress: nodes=29,560,000,000 tested=60 found=0 n=532624473876096745838541 elapsed=1473s
progress: nodes=29,570,000,000 tested=60 found=0 n=894411242760088940428773 elapsed=1474s
progress: nodes=29,580,000,000 tested=60 found=0 n=337858531682530120818633 elapsed=1474s
progress: nodes=29,590,000,000 tested=60 found=0 n=755189727774540450093009 elapsed=1475s
progress: nodes=29,600,000,000 tested=60 found=0 n=266645281712998470066477 elapsed=1475s
progress: nodes=29,610,000,000 tested=60 found=0 n=748753816047346481483727 elapsed=1476s
progress: nodes=29,620,000,000 tested=60 found=0 n=328267008841911541485237 elapsed=1476s
progress: nodes=29,630,000,000 tested=60 found=0 n=885498858717718035911967 elapsed=1476s
progress: nodes=29,640,000,000 tested=60 found=0 n=523772043140310474155877 elapsed=1477s
progress: nodes=29,650,000,000 tested=60 found=0 n=204903723618069612561117 elapsed=1477s
progress: nodes=29,660,000,000 tested=60 found=0 n=840927641951374846905267 elapsed=1478s
progress: nodes=29,670,000,000 tested=60 found=0 n=571092051269942276535153 elapsed=1478s
progress: nodes=29,680,000,000 tested=60 found=0 n=346764272928572950377003 elapsed=1479s
progress: nodes=29,690,000,000 tested=60 found=0 n=161324561715009484689513 elapsed=1479s
progress: nodes=29,700,000,000 tested=60 found=0 n=933355202326397094097161 elapsed=1480s
progress: nodes=29,710,000,000 tested=60 found=0 n=803091322494846791948619 elapsed=1480s
progress: nodes=29,720,000,000 tested=60 found=0 n=710621122295437994743641 elapsed=1481s
progress: nodes=29,730,000,000 tested=60 found=0 n=655199122185576617221881 elapsed=1481s
progress: nodes=29,740,000,000 tested=60 found=0 n=633773539638092957153589 elapsed=1482s
progress: nodes=29,750,000,000 tested=60 found=0 n=645310392316073782354287 elapsed=1482s
progress: nodes=29,760,000,000 tested=60 found=0 n=690492665271750925897467 elapsed=1483s
progress: nodes=29,770,000,000 tested=60 found=0 n=769917051782459726606307 elapsed=1483s
progress: nodes=29,780,000,000 tested=60 found=0 n=884816969404454086945329 elapsed=1483s
progress: nodes=29,790,000,000 tested=60 found=0 n=109547799515654084501301 elapsed=1484s
progress: nodes=29,800,000,000 tested=60 found=0 n=282245861481543586776303 elapsed=1484s
progress: nodes=29,810,000,000 tested=60 found=0 n=494916487772271898098843 elapsed=1485s
progress: nodes=29,820,000,000 tested=60 found=0 n=752417508144391939324629 elapsed=1485s
progress: nodes=29,830,000,000 tested=60 found=0 n=125785392726188791467333 elapsed=1486s
progress: nodes=29,840,000,000 tested=60 found=0 n=437614689698807472952947 elapsed=1486s
progress: nodes=29,850,000,000 tested=60 found=0 n=801724159253867935389381 elapsed=1487s
progress: nodes=29,860,000,000 tested=60 found=0 n=263285297386687340020179 elapsed=1487s
progress: nodes=29,870,000,000 tested=60 found=0 n=685047414093119968450329 elapsed=1488s
progress: nodes=29,880,000,000 tested=60 found=0 n=215929726254617779911969 elapsed=1488s
progress: nodes=29,890,000,000 tested=60 found=0 n=703619231575365397387557 elapsed=1489s
progress: nodes=29,900,000,000 tested=60 found=0 n=300177890776426270960737 elapsed=1489s
progress: nodes=29,910,000,000 tested=60 found=0 n=864495185440842840182067 elapsed=1490s
progress: nodes=29,920,000,000 tested=60 found=0 n=521350546354224119995077 elapsed=1490s
progress: nodes=29,930,000,000 tested=60 found=0 n=223205283795778085839653 elapsed=1491s
progress: nodes=29,940,000,000 tested=60 found=0 n=885174478937558708201919 elapsed=1491s
progress: nodes=29,950,000,000 tested=60 found=0 n=646843527066820615227927 elapsed=1492s
progress: nodes=29,960,000,000 tested=60 found=0 n=456428639862185215689387 elapsed=1492s
progress: nodes=29,970,000,000 tested=60 found=0 n=307624510331382898973781 elapsed=1493s
progress: nodes=29,980,000,000 tested=60 found=0 n=199247062437996911130177 elapsed=1493s
progress: nodes=29,990,000,000 tested=60 found=0 n=125428551017325272129259 elapsed=1494s
progress: nodes=30,000,000,000 tested=60 found=0 n=87289502117891812400277 elapsed=1494s
progress: nodes=30,010,000,000 tested=60 found=0 n=78771137961089942830539 elapsed=1495s
progress: nodes=30,020,000,000 tested=60 found=0 n=99119671689089253495447 elapsed=1495s
progress: nodes=30,030,000,000 tested=60 found=0 n=148507014796185803260041 elapsed=1495s
progress: nodes=30,040,000,000 tested=60 found=0 n=233051960028188090144817 elapsed=1496s
progress: nodes=30,050,000,000 tested=60 found=0 n=353441654910407431636191 elapsed=1496s
progress: nodes=30,060,000,000 tested=60 found=0 n=513357565667979277760823 elapsed=1497s
progress: nodes=30,070,000,000 tested=60 found=0 n=709389441884990316361527 elapsed=1497s
progress: nodes=30,080,000,000 tested=60 found=0 n=942279681881390968697967 elapsed=1498s
progress: nodes=30,090,000,000 tested=60 found=0 n=268905055671128693029059 elapsed=1498s
progress: nodes=30,100,000,000 tested=60 found=0 n=555178459572748209049929 elapsed=1499s
progress: nodes=30,110,000,000 tested=60 found=0 n=884757532620558295791477 elapsed=1499s
progress: nodes=30,120,000,000 tested=60 found=0 n=309708172273956505546959 elapsed=1500s
progress: nodes=30,130,000,000 tested=60 found=0 n=706561080227102956654953 elapsed=1500s
progress: nodes=30,140,000,000 tested=60 found=0 n=217970768742451286929983 elapsed=1501s
progress: nodes=30,150,000,000 tested=60 found=0 n=680687489488381299650187 elapsed=1501s
progress: nodes=30,160,000,000 tested=60 found=0 n=266919870524524029585927 elapsed=1502s
progress: nodes=30,170,000,000 tested=60 found=0 n=816158067619257117736443 elapsed=1502s
progress: nodes=30,180,000,000 tested=60 found=0 n=469273211202340192758957 elapsed=1503s
progress: nodes=30,190,000,000 tested=60 found=0 n=178221450609931206654099 elapsed=1503s
progress: nodes=30,200,000,000 tested=60 found=0 n=835914522101214849462477 elapsed=1504s
progress: nodes=30,210,000,000 tested=60 found=0 n=602620960537153420778223 elapsed=1504s
progress: nodes=30,220,000,000 tested=60 found=0 n=408169482423089148065997 elapsed=1505s
progress: nodes=30,230,000,000 tested=60 found=0 n=254236161672154178733447 elapsed=1505s
progress: nodes=30,240,000,000 tested=60 found=0 n=139267410948119732066019 elapsed=1506s
progress: nodes=30,250,000,000 tested=60 found=0 n=976120883807015626847937 elapsed=1506s
progress: nodes=30,260,000,000 tested=60 found=0 n=925407947733017143009923 elapsed=1507s
progress: nodes=30,270,000,000 tested=60 found=0 n=912950177908140438134607 elapsed=1507s
progress: nodes=30,280,000,000 tested=60 found=0 n=943785497904606759178161 elapsed=1508s
progress: nodes=30,290,000,000 tested=60 found=0 n=98223508761252550872273 elapsed=1508s
progress: nodes=30,300,000,000 tested=60 found=0 n=199842200522842004801289 elapsed=1509s
progress: nodes=30,310,000,000 tested=60 found=0 n=341743237991690487750567 elapsed=1509s
progress: nodes=30,320,000,000 tested=60 found=0 n=525795306756451870977531 elapsed=1510s
progress: nodes=30,330,000,000 tested=60 found=0 n=801751474467427956476697 elapsed=1510s
progress: nodes=30,340,000,000 tested=60 found=0 n=366966152244561608779887 elapsed=1511s
progress: nodes=30,350,000,000 tested=60 found=0 n=150070976491680888209181 elapsed=1511s
progress: nodes=30,360,000,000 tested=60 found=0 n=131320495175034288648987 elapsed=1511s
progress: nodes=30,370,000,000 tested=60 found=0 n=349444162609941674858121 elapsed=1512s
progress: nodes=30,380,000,000 tested=60 found=0 n=777109181485823010303633 elapsed=1512s
progress: nodes=30,390,000,000 tested=60 found=0 n=492085615355696218389687 elapsed=1513s
progress: nodes=30,400,000,000 tested=60 found=0 n=438514781329049436684981 elapsed=1513s
progress: nodes=30,410,000,000 tested=60 found=0 n=615863438571916836064071 elapsed=1514s
progress: nodes=30,420,000,000 tested=60 found=0 n=138954746435797492774497 elapsed=1514s
progress: nodes=30,430,000,000 tested=60 found=0 n=700411081882621432330161 elapsed=1515s
progress: nodes=30,440,000,000 tested=60 found=0 n=597910449479075243550963 elapsed=1515s
progress: nodes=30,450,000,000 tested=60 found=0 n=700674922401787085161563 elapsed=1516s
progress: nodes=30,460,000,000 tested=60 found=0 n=167335405382828103551361 elapsed=1516s
progress: nodes=30,470,000,000 tested=60 found=0 n=671021631463051343812491 elapsed=1517s
progress: nodes=30,480,000,000 tested=60 found=0 n=521036726719411344049839 elapsed=1517s
progress: nodes=30,490,000,000 tested=60 found=0 n=567807680024529859137069 elapsed=1518s
progress: nodes=30,500,000,000 tested=60 found=0 n=829069915059706753289241 elapsed=1518s
progress: nodes=30,510,000,000 tested=60 found=0 n=448560197847747516265119 elapsed=1519s
progress: nodes=30,520,000,000 tested=60 found=0 n=265000563519107533999497 elapsed=1519s
progress: nodes=30,530,000,000 tested=60 found=0 n=270232799561946193314573 elapsed=1520s
progress: nodes=30,540,000,000 tested=60 found=0 n=509343109168859740937547 elapsed=1520s
progress: nodes=30,550,000,000 tested=60 found=0 n=180758379921918370491843 elapsed=1521s
progress: nodes=30,560,000,000 tested=60 found=0 n=872076808131507168195159 elapsed=1521s
progress: nodes=30,570,000,000 tested=60 found=0 n=138149629797433756750479 elapsed=1522s
progress: nodes=30,580,000,000 tested=60 found=0 n=364920750787978338167907 elapsed=1522s
progress: nodes=30,590,000,000 tested=60 found=0 n=818703880134061326273099 elapsed=1523s
progress: nodes=30,600,000,000 tested=60 found=0 n=666932169553679543756319 elapsed=1523s
progress: nodes=30,610,000,000 tested=60 found=0 n=734168551352115805952103 elapsed=1524s
progress: nodes=30,620,000,000 tested=60 found=0 n=254531150564534882619273 elapsed=1524s
progress: nodes=30,630,000,000 tested=60 found=0 n=749163556089568754111439 elapsed=1525s
progress: nodes=30,640,000,000 tested=60 found=0 n=651315471504362340972219 elapsed=1525s
progress: nodes=30,650,000,000 tested=60 found=0 n=762492210201085885261587 elapsed=1526s
progress: nodes=30,660,000,000 tested=60 found=0 n=296274050346482096483133 elapsed=1526s
progress: nodes=30,670,000,000 tested=60 found=0 n=796471505799413960647593 elapsed=1527s
progress: nodes=30,680,000,000 tested=60 found=0 n=747014168677756186078641 elapsed=1527s
progress: nodes=30,690,000,000 tested=60 found=0 n=158156005848592145582727 elapsed=1528s
progress: nodes=30,700,000,000 tested=60 found=0 n=521068643859437114955129 elapsed=1528s
progress: nodes=30,710,000,000 tested=60 found=0 n=362386706657348440844469 elapsed=1528s
progress: nodes=30,720,000,000 tested=60 found=0 n=413300832757432710516657 elapsed=1529s
progress: nodes=30,730,000,000 tested=60 found=0 n=668782550816566323858567 elapsed=1529s
progress: nodes=30,740,000,000 tested=60 found=0 n=372873192005690866135107 elapsed=1530s
progress: nodes=30,750,000,000 tested=60 found=0 n=283274351113275205672527 elapsed=1530s
progress: nodes=30,760,000,000 tested=60 found=0 n=398463897158528659863867 elapsed=1531s
progress: nodes=30,770,000,000 tested=60 found=0 n=723464958436262131779459 elapsed=1531s
progress: nodes=30,780,000,000 tested=60 found=0 n=535618383539343568238313 elapsed=1532s
progress: nodes=30,790,000,000 tested=60 found=0 n=594205304393851620014853 elapsed=1532s
progress: nodes=30,800,000,000 tested=60 found=0 n=162594974831190353977833 elapsed=1533s
progress: nodes=30,810,000,000 tested=60 found=0 n=628435902550956682805469 elapsed=1533s
progress: nodes=30,820,000,000 tested=60 found=0 n=601500957030093539214873 elapsed=1534s
progress: nodes=30,830,000,000 tested=60 found=0 n=114278922606554963969481 elapsed=1534s
progress: nodes=30,840,000,000 tested=60 found=0 n=499247137048678958027781 elapsed=1535s
progress: nodes=30,850,000,000 tested=60 found=0 n=382568107032554970105117 elapsed=1535s
progress: nodes=30,860,000,000 tested=60 found=0 n=484516679185143880713207 elapsed=1536s
progress: nodes=30,870,000,000 tested=60 found=0 n=768574844242012508792553 elapsed=1536s
progress: nodes=30,880,000,000 tested=60 found=0 n=566830634413098742658433 elapsed=1537s
progress: nodes=30,890,000,000 tested=60 found=0 n=553201611050692804093047 elapsed=1537s
progress: nodes=30,900,000,000 tested=60 found=0 n=748445701011720468102423 elapsed=1538s
progress: nodes=30,910,000,000 tested=60 found=0 n=455685322236698513222109 elapsed=1538s
progress: nodes=30,920,000,000 tested=60 found=0 n=385297555740804239369067 elapsed=1539s
progress: nodes=30,930,000,000 tested=60 found=0 n=508586052335872150833039 elapsed=1539s
progress: nodes=30,940,000,000 tested=60 found=0 n=170021712499575141575601 elapsed=1540s
progress: nodes=30,950,000,000 tested=60 found=0 n=670324257056577100826079 elapsed=1540s
progress: nodes=30,960,000,000 tested=60 found=0 n=737404815186383843570841 elapsed=1541s
progress: nodes=30,970,000,000 tested=60 found=0 n=366954448615783175615391 elapsed=1541s
progress: nodes=30,980,000,000 tested=60 found=0 n=242094293023967680164561 elapsed=1542s
progress: nodes=30,990,000,000 tested=60 found=0 n=333893636883807225400791 elapsed=1542s
progress: nodes=31,000,000,000 tested=60 found=0 n=657219130931978531931861 elapsed=1543s
progress: nodes=31,010,000,000 tested=60 found=0 n=541753382772289523675763 elapsed=1543s
progress: nodes=31,020,000,000 tested=60 found=0 n=634952085692254067671857 elapsed=1544s
progress: nodes=31,030,000,000 tested=60 found=0 n=305595783748915672123881 elapsed=1544s
progress: nodes=31,040,000,000 tested=60 found=0 n=202146909258614411091231 elapsed=1544s
progress: nodes=31,050,000,000 tested=60 found=0 n=291746068726918333060071 elapsed=1545s
progress: nodes=31,060,000,000 tested=60 found=0 n=564774914074519497999573 elapsed=1545s
progress: nodes=31,070,000,000 tested=60 found=0 n=412722612946383012397971 elapsed=1546s
progress: nodes=31,080,000,000 tested=60 found=0 n=463480896208841204566257 elapsed=1546s
progress: nodes=31,090,000,000 tested=60 found=0 n=135052520390383259017431 elapsed=1547s
progress: nodes=31,100,000,000 tested=60 found=0 n=631688170562855307591921 elapsed=1547s
progress: nodes=31,110,000,000 tested=60 found=0 n=164662268165769652111449 elapsed=1548s
progress: nodes=31,120,000,000 tested=60 found=0 n=513074489296757425302573 elapsed=1548s
progress: nodes=31,130,000,000 tested=60 found=0 n=501349005005529371007933 elapsed=1549s
progress: nodes=31,140,000,000 tested=60 found=0 n=124686089925121381310577 elapsed=1549s
progress: nodes=31,150,000,000 tested=60 found=0 n=527572888665602961685581 elapsed=1550s
progress: nodes=31,160,000,000 tested=60 found=0 n=531575707944303631471401 elapsed=1550s
progress: nodes=31,170,000,000 tested=60 found=0 n=159585644516511083366727 elapsed=1551s
progress: nodes=31,180,000,000 tested=60 found=0 n=574669891209014301220443 elapsed=1551s
progress: nodes=31,190,000,000 tested=60 found=0 n=662922131351975143507089 elapsed=1552s
progress: nodes=31,200,000,000 tested=60 found=0 n=402768203866818493017699 elapsed=1552s
progress: nodes=31,210,000,000 tested=60 found=0 n=367986746846634223720797 elapsed=1553s
progress: nodes=31,220,000,000 tested=60 found=0 n=545092701880092846969951 elapsed=1553s
progress: nodes=31,230,000,000 tested=60 found=0 n=364856753282679052924221 elapsed=1553s
progress: nodes=31,240,000,000 tested=60 found=0 n=402231022174902285193059 elapsed=1554s
progress: nodes=31,250,000,000 tested=60 found=0 n=662762658777907185792063 elapsed=1554s
progress: nodes=31,260,000,000 tested=60 found=0 n=599480821879063943500143 elapsed=1555s
progress: nodes=31,270,000,000 tested=60 found=0 n=191796241844258220245769 elapsed=1555s
progress: nodes=31,280,000,000 tested=60 found=0 n=581151893507048860740513 elapsed=1556s
progress: nodes=31,290,000,000 tested=60 found=0 n=643068885797882878444803 elapsed=1556s
progress: nodes=31,300,000,000 tested=60 found=0 n=381793007113480972957563 elapsed=1557s
progress: nodes=31,310,000,000 tested=60 found=0 n=358152860684179171622781 elapsed=1557s
progress: nodes=31,320,000,000 tested=60 found=0 n=561015579173775226660467 elapsed=1558s
progress: nodes=31,330,000,000 tested=60 found=0 n=426674896299720998080767 elapsed=1558s
progress: nodes=31,340,000,000 tested=60 found=0 n=488606684208494510189223 elapsed=1559s
progress: nodes=31,350,000,000 tested=60 found=0 n=244529707928879492463267 elapsed=1559s
progress: nodes=31,360,000,000 tested=60 found=0 n=248737536021748774564179 elapsed=1560s
progress: nodes=31,370,000,000 tested=60 found=0 n=460916701220452511456037 elapsed=1560s
progress: nodes=31,380,000,000 tested=60 found=0 n=348253628345031469892139 elapsed=1561s
progress: nodes=31,390,000,000 tested=60 found=0 n=457417418891967656116533 elapsed=1561s
progress: nodes=31,400,000,000 tested=60 found=0 n=260586249907925938368141 elapsed=1562s
progress: nodes=31,410,000,000 tested=60 found=0 n=268619948784614794413123 elapsed=1562s
progress: nodes=31,420,000,000 tested=60 found=0 n=495628405208929477768437 elapsed=1563s
progress: nodes=31,430,000,000 tested=60 found=0 n=436466268050845976925597 elapsed=1563s
progress: nodes=31,440,000,000 tested=60 found=0 n=605672176333767918583131 elapsed=1563s
progress: nodes=31,450,000,000 tested=60 found=0 n=471149902924239921887043 elapsed=1564s
progress: nodes=31,460,000,000 tested=60 found=0 n=561909869542163659115907 elapsed=1564s
progress: nodes=31,470,000,000 tested=60 found=0 n=341650095410977188400719 elapsed=1565s
progress: nodes=31,480,000,000 tested=60 found=0 n=364323120219164321307477 elapsed=1565s
progress: nodes=31,490,000,000 tested=60 found=0 n=134743313507551081738713 elapsed=1566s
progress: nodes=31,500,000,000 tested=60 found=0 n=599995333555929028139499 elapsed=1566s
progress: nodes=31,510,000,000 tested=60 found=0 n=301317157350963275338971 elapsed=1567s
progress: nodes=31,520,000,000 tested=60 found=0 n=235206731105471180874357 elapsed=1567s
progress: nodes=31,530,000,000 tested=60 found=0 n=391714469636502833565129 elapsed=1568s
progress: nodes=31,540,000,000 tested=60 found=0 n=281942351240487505846047 elapsed=1568s
progress: nodes=31,550,000,000 tested=60 found=0 n=400143897492831272810799 elapsed=1569s
progress: nodes=31,560,000,000 tested=60 found=0 n=277519235623542968438691 elapsed=1569s
progress: nodes=31,570,000,000 tested=60 found=0 n=433004341303368584125299 elapsed=1570s
progress: nodes=31,580,000,000 tested=60 found=0 n=332371243157348278121931 elapsed=1570s
progress: nodes=31,590,000,000 tested=60 found=0 n=461585810632024045273383 elapsed=1571s
progress: nodes=31,600,000,000 tested=60 found=0 n=325749928761924273677763 elapsed=1571s
progress: nodes=31,610,000,000 tested=60 found=0 n=420422781732755984297577 elapsed=1572s
progress: nodes=31,620,000,000 tested=60 found=0 n=272318835352893880341483 elapsed=1572s
progress: nodes=31,630,000,000 tested=60 found=0 n=347693040801146804260959 elapsed=1573s
progress: nodes=31,640,000,000 tested=60 found=0 n=209921259593089467131247 elapsed=1573s
progress: nodes=31,650,000,000 tested=60 found=0 n=298578146391649451491857 elapsed=1573s
progress: nodes=31,660,000,000 tested=60 found=0 n=156038435211789730490121 elapsed=1574s
progress: nodes=31,670,000,000 tested=60 found=0 n=221048621373016080846279 elapsed=1574s
progress: nodes=31,680,000,000 tested=60 found=0 n=538473007312489976486067 elapsed=1575s
progress: nodes=31,690,000,000 tested=60 found=0 n=186418641096472039841817 elapsed=1575s
progress: nodes=31,700,000,000 tested=60 found=0 n=523974567256103689721919 elapsed=1576s
progress: nodes=31,710,000,000 tested=60 found=0 n=190211290322136400713627 elapsed=1576s
progress: nodes=31,720,000,000 tested=60 found=0 n=533326558035677420701071 elapsed=1577s
progress: nodes=31,730,000,000 tested=60 found=0 n=228110991089738098433553 elapsed=1577s
progress: nodes=31,740,000,000 tested=60 found=0 n=191302507657016312336703 elapsed=1578s
progress: nodes=31,750,000,000 tested=60 found=0 n=391338898545934236420369 elapsed=1578s
progress: nodes=31,760,000,000 tested=60 found=0 n=378498666200269002571953 elapsed=1579s
progress: nodes=31,770,000,000 tested=60 found=0 n=176162382420593700209463 elapsed=1579s
progress: nodes=31,780,000,000 tested=60 found=0 n=219218021215598232895221 elapsed=1580s
progress: nodes=31,790,000,000 tested=60 found=0 n=517097650891597855633323 elapsed=1580s
progress: nodes=31,800,000,000 tested=60 found=0 n=197421109885562960944701 elapsed=1581s
progress: nodes=31,810,000,000 tested=60 found=0 n=556742217540727499099049 elapsed=1581s
progress: nodes=31,820,000,000 tested=60 found=0 n=307444875255057256539669 elapsed=1582s
progress: nodes=31,830,000,000 tested=60 found=0 n=308829050808664245254703 elapsed=1582s
progress: nodes=31,840,000,000 tested=60 found=0 n=138520660177085385552507 elapsed=1583s
progress: nodes=31,850,000,000 tested=60 found=0 n=229504157954334512814411 elapsed=1583s
progress: nodes=31,860,000,000 tested=60 found=0 n=139919329707082305129981 elapsed=1584s
progress: nodes=31,870,000,000 tested=60 found=0 n=267576709865538925797561 elapsed=1584s
progress: nodes=31,880,000,000 tested=60 found=0 n=240083327048823596804697 elapsed=1585s
progress: nodes=31,890,000,000 tested=60 found=0 n=463555616577563709767799 elapsed=1585s
progress: nodes=31,900,000,000 tested=60 found=0 n=519740271502924037401143 elapsed=1585s
progress: nodes=31,910,000,000 tested=60 found=0 n=408113710982149848007563 elapsed=1586s
progress: nodes=31,920,000,000 tested=60 found=0 n=163935384525733985559549 elapsed=1586s
progress: nodes=31,930,000,000 tested=60 found=0 n=178257660511145519100951 elapsed=1587s
progress: nodes=31,940,000,000 tested=60 found=0 n=437520415757086033451541 elapsed=1587s
progress: nodes=31,950,000,000 tested=60 found=0 n=152265013133469849308619 elapsed=1588s
progress: nodes=31,960,000,000 tested=60 found=0 n=538748622763512026180931 elapsed=1588s
progress: nodes=31,970,000,000 tested=60 found=0 n=387897684131087454152367 elapsed=1589s
progress: nodes=31,980,000,000 tested=60 found=0 n=497879433614612648227167 elapsed=1589s
progress: nodes=31,990,000,000 tested=60 found=0 n=470539593545349301349607 elapsed=1590s
progress: nodes=32,000,000,000 tested=60 found=0 n=315563737437544638562443 elapsed=1590s
progress: nodes=32,010,000,000 tested=60 found=0 n=449117471086617896703063 elapsed=1591s
progress: nodes=32,020,000,000 tested=60 found=0 n=446680917723408019924041 elapsed=1591s
progress: nodes=32,030,000,000 tested=60 found=0 n=333317033182704166829541 elapsed=1592s
progress: nodes=32,040,000,000 tested=60 found=0 n=496381188213735277946031 elapsed=1592s
progress: nodes=32,050,000,000 tested=60 found=0 n=181334558278306442427957 elapsed=1593s
progress: nodes=32,060,000,000 tested=60 found=0 n=513176515257280124180007 elapsed=1593s
progress: nodes=32,070,000,000 tested=60 found=0 n=348631139977708322597247 elapsed=1594s
progress: nodes=32,080,000,000 tested=60 found=0 n=478105293767783435411427 elapsed=1594s
progress: nodes=32,090,000,000 tested=60 found=0 n=519828400189352470507137 elapsed=1595s
progress: nodes=32,100,000,000 tested=60 found=0 n=472803833323859453890551 elapsed=1595s
progress: nodes=32,110,000,000 tested=60 found=0 n=330379805020928754177009 elapsed=1596s
progress: nodes=32,120,000,000 tested=60 found=0 n=474584222371089761774613 elapsed=1596s
progress: nodes=32,130,000,000 tested=60 found=0 n=164164680916030661600349 elapsed=1597s
progress: nodes=32,140,000,000 tested=60 found=0 n=497854068680845527309351 elapsed=1597s
progress: nodes=32,150,000,000 tested=60 found=0 n=388787438255804552420379 elapsed=1597s
progress: nodes=32,160,000,000 tested=60 found=0 n=225881113928744309319207 elapsed=1598s
progress: nodes=32,170,000,000 tested=60 found=0 n=344651539483512615848571 elapsed=1598s
progress: nodes=32,180,000,000 tested=60 found=0 n=405670037651223278165001 elapsed=1599s
progress: nodes=32,190,000,000 tested=60 found=0 n=381497372179339327208451 elapsed=1599s
progress: nodes=32,200,000,000 tested=60 found=0 n=318702372911985072040569 elapsed=1600s
progress: nodes=32,210,000,000 tested=60 found=0 n=199171326079335452783787 elapsed=1600s
progress: nodes=32,220,000,000 tested=60 found=0 n=380862060191767823273451 elapsed=1601s
progress: nodes=32,230,000,000 tested=60 found=0 n=172079503915746978479313 elapsed=1601s
progress: nodes=32,240,000,000 tested=60 found=0 n=253530054758914990030359 elapsed=1602s
progress: nodes=32,250,000,000 tested=60 found=0 n=291355356574875508410033 elapsed=1602s
progress: nodes=32,260,000,000 tested=60 found=0 n=281613720871967107321467 elapsed=1603s
progress: nodes=32,270,000,000 tested=60 found=0 n=227220462011758205396637 elapsed=1603s
progress: nodes=32,280,000,000 tested=60 found=0 n=484163110453062272567643 elapsed=1604s
progress: nodes=32,290,000,000 tested=60 found=0 n=357593132745584973379989 elapsed=1604s
progress: nodes=32,300,000,000 tested=60 found=0 n=206386081759774883668779 elapsed=1605s
progress: nodes=32,310,000,000 tested=60 found=0 n=365141712456134809378029 elapsed=1605s
progress: nodes=32,320,000,000 tested=60 found=0 n=510418798226464866365781 elapsed=1606s
progress: nodes=32,330,000,000 tested=60 found=0 n=301323696880015130346333 elapsed=1606s
progress: nodes=32,340,000,000 tested=60 found=0 n=417724890016141699908147 elapsed=1607s
progress: nodes=32,350,000,000 tested=60 found=0 n=189036871292901744360171 elapsed=1607s
progress: nodes=32,360,000,000 tested=60 found=0 n=264421255973077553470659 elapsed=1608s
progress: nodes=32,370,000,000 tested=60 found=0 n=351532513445364875780541 elapsed=1608s
progress: nodes=32,380,000,000 tested=60 found=0 n=462681446887414985908293 elapsed=1609s
progress: nodes=32,390,000,000 tested=60 found=0 n=263679365247534963644841 elapsed=1609s
progress: nodes=32,400,000,000 tested=60 found=0 n=396907392586695614452521 elapsed=1610s
progress: nodes=32,410,000,000 tested=60 found=0 n=215210930695288256906793 elapsed=1610s
progress: nodes=32,420,000,000 tested=60 found=0 n=381516100577753544855837 elapsed=1611s
progress: nodes=32,430,000,000 tested=60 found=0 n=274557082159414098112761 elapsed=1611s
progress: nodes=32,440,000,000 tested=60 found=0 n=201355567339042216604889 elapsed=1612s
progress: nodes=32,450,000,000 tested=60 found=0 n=469302121898474693272983 elapsed=1612s
progress: nodes=32,460,000,000 tested=60 found=0 n=463087008563472344916711 elapsed=1613s
progress: nodes=32,470,000,000 tested=60 found=0 n=206620494673011108306309 elapsed=1613s
progress: nodes=32,480,000,000 tested=60 found=0 n=301025660342821072383879 elapsed=1613s
progress: nodes=32,490,000,000 tested=60 found=0 n=453789478167942601237707 elapsed=1614s
progress: nodes=32,500,000,000 tested=60 found=0 n=346598057402239987898631 elapsed=1614s
progress: nodes=32,510,000,000 tested=60 found=0 n=312830164642856022493947 elapsed=1615s
progress: nodes=32,520,000,000 tested=60 found=0 n=334770274518090131905569 elapsed=1615s
progress: nodes=32,530,000,000 tested=60 found=0 n=426618141645549764524383 elapsed=1616s
progress: nodes=32,540,000,000 tested=60 found=0 n=313723944698813677433097 elapsed=1616s
progress: nodes=32,550,000,000 tested=60 found=0 n=301602364849868071475871 elapsed=1617s
progress: nodes=32,560,000,000 tested=60 found=0 n=379126751171835475427157 elapsed=1617s
progress: nodes=32,570,000,000 tested=60 found=0 n=281235262239108136269387 elapsed=1618s
progress: nodes=32,580,000,000 tested=60 found=0 n=297502032163216565225079 elapsed=1618s
progress: nodes=32,590,000,000 tested=60 found=0 n=432488680082894790472887 elapsed=1619s
progress: nodes=32,600,000,000 tested=60 found=0 n=379663373277063338636943 elapsed=1619s
progress: nodes=32,610,000,000 tested=60 found=0 n=447352457985242319135087 elapsed=1620s
progress: nodes=32,620,000,000 tested=60 found=0 n=365401853787472564430907 elapsed=1620s
progress: nodes=32,630,000,000 tested=60 found=0 n=460822996943633211696963 elapsed=1621s
progress: nodes=32,640,000,000 tested=60 found=0 n=428798578385241604281357 elapsed=1621s
progress: nodes=32,650,000,000 tested=60 found=0 n=284896917983218967638443 elapsed=1622s
progress: nodes=32,660,000,000 tested=60 found=0 n=293308638024593023841547 elapsed=1622s
progress: nodes=32,670,000,000 tested=60 found=0 n=467510641171980207848739 elapsed=1623s
progress: nodes=32,680,000,000 tested=60 found=0 n=259302103172441396179497 elapsed=1623s
progress: nodes=32,690,000,000 tested=60 found=0 n=238524906479892251430519 elapsed=1624s
progress: nodes=32,700,000,000 tested=60 found=0 n=398822865370502951099799 elapsed=1624s
progress: nodes=32,710,000,000 tested=60 found=0 n=235277819696646988776207 elapsed=1625s
progress: nodes=32,720,000,000 tested=60 found=0 n=272275514321160100136463 elapsed=1625s
progress: nodes=32,730,000,000 tested=60 found=0 n=254405812759825172217849 elapsed=1626s
progress: nodes=32,740,000,000 tested=60 found=0 n=453418880116441152223233 elapsed=1626s
progress: nodes=32,750,000,000 tested=60 found=0 n=369415368051748004142387 elapsed=1627s
progress: nodes=32,760,000,000 tested=60 found=0 n=292439666820369779415243 elapsed=1627s
progress: nodes=32,770,000,000 tested=60 found=0 n=455405212462282105457511 elapsed=1628s
progress: nodes=32,780,000,000 tested=60 found=0 n=336180937096627177914513 elapsed=1628s
progress: nodes=32,790,000,000 tested=60 found=0 n=244569970344344005235259 elapsed=1629s
progress: nodes=32,800,000,000 tested=60 found=0 n=406747590361731566739099 elapsed=1629s
progress: nodes=32,810,000,000 tested=60 found=0 n=362970820059193353176631 elapsed=1630s
progress: nodes=32,820,000,000 tested=60 found=0 n=380896273113083636048217 elapsed=1630s
progress: nodes=32,830,000,000 tested=60 found=0 n=453662149581171939199869 elapsed=1631s
progress: nodes=32,840,000,000 tested=60 found=0 n=353562643460246033806839 elapsed=1631s
progress: nodes=32,850,000,000 tested=60 found=0 n=362327442750476467845273 elapsed=1632s
progress: nodes=32,860,000,000 tested=60 found=0 n=464858914734575983252323 elapsed=1632s
progress: nodes=32,870,000,000 tested=60 found=0 n=446363277638233342323321 elapsed=1633s
progress: nodes=32,880,000,000 tested=60 found=0 n=339724062088506955924911 elapsed=1633s
progress: nodes=32,890,000,000 tested=60 found=0 n=376198744634680056026553 elapsed=1634s
progress: nodes=32,900,000,000 tested=60 found=0 n=327819082630822143736221 elapsed=1634s
progress: nodes=32,910,000,000 tested=60 found=0 n=439919224827850738548963 elapsed=1635s
progress: nodes=32,920,000,000 tested=60 found=0 n=293170591547780808230523 elapsed=1635s
progress: nodes=32,930,000,000 tested=60 found=0 n=372517219277537405051673 elapsed=1636s
progress: nodes=32,940,000,000 tested=60 found=0 n=473154542197946095161213 elapsed=1636s
progress: nodes=32,950,000,000 tested=60 found=0 n=372849995978676579226941 elapsed=1637s
progress: nodes=32,960,000,000 tested=60 found=0 n=321596369825797624128417 elapsed=1637s
progress: nodes=32,970,000,000 tested=60 found=0 n=339883619736900134622573 elapsed=1638s
progress: nodes=32,980,000,000 tested=60 found=0 n=460273037466687545592261 elapsed=1638s
progress: nodes=32,990,000,000 tested=60 found=0 n=483518952689828990628771 elapsed=1639s
progress: nodes=33,000,000,000 tested=60 found=0 n=435680549652436388310087 elapsed=1639s
progress: nodes=33,010,000,000 tested=60 found=0 n=343789871887442150847369 elapsed=1640s
progress: nodes=33,020,000,000 tested=60 found=0 n=298799649837544225315869 elapsed=1640s
progress: nodes=33,030,000,000 tested=60 found=0 n=306753068348042665611339 elapsed=1641s
progress: nodes=33,040,000,000 tested=60 found=0 n=359191004174492049585333 elapsed=1641s
progress: nodes=33,050,000,000 tested=60 found=0 n=300876163393225194200349 elapsed=1642s
progress: nodes=33,060,000,000 tested=60 found=0 n=402429081802415925943917 elapsed=1642s
progress: nodes=33,070,000,000 tested=60 found=0 n=465551989262905943165229 elapsed=1643s
progress: nodes=33,080,000,000 tested=60 found=0 n=351430244260085093920047 elapsed=1643s
progress: nodes=33,090,000,000 tested=60 found=0 n=477521473421806312914261 elapsed=1644s
progress: nodes=33,100,000,000 tested=60 found=0 n=360822100251157725784527 elapsed=1644s
progress: nodes=33,110,000,000 tested=60 found=0 n=414532376330019160098501 elapsed=1645s
progress: nodes=33,120,000,000 tested=60 found=0 n=469756580578587570085587 elapsed=1645s
progress: nodes=33,130,000,000 tested=60 found=0 n=411343294992461146100709 elapsed=1646s
progress: nodes=33,140,000,000 tested=60 found=0 n=497004952255417673222463 elapsed=1646s
progress: nodes=33,150,000,000 tested=60 found=0 n=418395919263786060352371 elapsed=1647s
progress: nodes=33,160,000,000 tested=60 found=0 n=463453424568195934284027 elapsed=1647s
progress: nodes=33,170,000,000 tested=60 found=0 n=383492945052790777999179 elapsed=1648s
progress: nodes=33,180,000,000 tested=60 found=0 n=390262870019062635616791 elapsed=1648s
progress: nodes=33,190,000,000 tested=60 found=0 n=421269383224132013242287 elapsed=1649s
progress: nodes=33,200,000,000 tested=60 found=0 n=440827114119185604230343 elapsed=1649s
progress: nodes=33,210,000,000 tested=60 found=0 n=391564164342121592613561 elapsed=1650s
progress: nodes=33,220,000,000 tested=60 found=0 n=438700173238007376355737 elapsed=1650s
progress: nodes=33,230,000,000 tested=60 found=0 n=456624103324436509022253 elapsed=1651s
progress: nodes=33,240,000,000 tested=60 found=0 n=445591911786901660331397 elapsed=1651s
progress: nodes=33,250,000,000 tested=60 found=0 n=438985706350057863707403 elapsed=1652s
progress: nodes=33,260,000,000 tested=60 found=0 n=441225337717052798671377 elapsed=1652s
progress: nodes=33,270,000,000 tested=60 found=0 n=402521112523366449627861 elapsed=1653s
progress: nodes=33,280,000,000 tested=60 found=0 n=435675820432241011301217 elapsed=1653s
progress: nodes=33,290,000,000 tested=60 found=0 n=466615909053445069258263 elapsed=1654s
progress: nodes=33,300,000,000 tested=60 found=0 n=419364686931396366630393 elapsed=1654s
progress: nodes=33,310,000,000 tested=60 found=0 n=503612783946664657205787 elapsed=1655s
progress: nodes=33,320,000,000 tested=60 found=0 n=514998907481186405272611 elapsed=1655s
progress: nodes=33,330,000,000 tested=60 found=0 n=494852055246675562252509 elapsed=1656s
progress: nodes=33,340,000,000 tested=60 found=0 n=489772709562644201613843 elapsed=1656s
progress: nodes=33,350,000,000 tested=60 found=0 n=509111877279184357437567 elapsed=1657s
progress: nodes=33,360,000,000 tested=60 found=0 n=513789037792047328906287 elapsed=1657s
progress: nodes=33,370,000,000 tested=60 found=0 n=512188956442808119941543 elapsed=1658s
progress: nodes=33,380,000,000 tested=60 found=0 n=522083655062754390567423 elapsed=1658s
progress: nodes=33,390,000,000 tested=60 found=0 n=530423476943711394449637 elapsed=1659s
progress: nodes=33,400,000,000 tested=60 found=0 n=541707625408880508364017 elapsed=1659s
progress: nodes=33,410,000,000 tested=60 found=0 n=107902616189676042658077 elapsed=1660s
progress: nodes=33,420,000,000 tested=60 found=0 n=644581585771766243676999 elapsed=1660s
progress: nodes=33,430,000,000 tested=60 found=0 n=237962810641015509538797 elapsed=1661s
progress: nodes=33,440,000,000 tested=60 found=0 n=828967020267750487229799 elapsed=1661s
progress: nodes=33,450,000,000 tested=60 found=0 n=455009394629474682232851 elapsed=1661s
progress: nodes=33,460,000,000 tested=60 found=0 n=126414228961716537185883 elapsed=1662s
progress: nodes=33,470,000,000 tested=60 found=0 n=778114350505458107930943 elapsed=1662s
progress: nodes=33,480,000,000 tested=60 found=0 n=472975263638357807990817 elapsed=1663s
progress: nodes=33,490,000,000 tested=60 found=0 n=202270709193397380553941 elapsed=1663s
progress: nodes=33,500,000,000 tested=60 found=0 n=926931930417787558646151 elapsed=1664s
progress: nodes=33,510,000,000 tested=60 found=0 n=682784358207940259361783 elapsed=1664s
progress: nodes=33,520,000,000 tested=60 found=0 n=463206190639836058040241 elapsed=1664s
progress: nodes=33,530,000,000 tested=60 found=0 n=267089596297454763977067 elapsed=1665s
progress: nodes=33,540,000,000 tested=60 found=0 n=101415941101576365505857 elapsed=1665s
progress: nodes=33,550,000,000 tested=60 found=0 n=918055050966517057823691 elapsed=1666s
progress: nodes=33,560,000,000 tested=60 found=0 n=780162212034789909513111 elapsed=1666s
progress: nodes=33,570,000,000 tested=60 found=0 n=663149939151761199364149 elapsed=1667s
progress: nodes=33,580,000,000 tested=60 found=0 n=569545814671599882437937 elapsed=1667s
progress: nodes=33,590,000,000 tested=60 found=0 n=500699115634453378805547 elapsed=1668s
progress: nodes=33,600,000,000 tested=60 found=0 n=453694494620940897917439 elapsed=1668s
progress: nodes=33,610,000,000 tested=60 found=0 n=428652706524169484967687 elapsed=1668s
progress: nodes=33,620,000,000 tested=60 found=0 n=424581781441174394534343 elapsed=1669s
progress: nodes=33,630,000,000 tested=60 found=0 n=444388865969536879932387 elapsed=1669s
progress: nodes=33,640,000,000 tested=60 found=0 n=484122704861104994256957 elapsed=1670s
progress: nodes=33,650,000,000 tested=60 found=0 n=548666881956435484435347 elapsed=1670s
progress: nodes=33,660,000,000 tested=60 found=0 n=633548917462440652763013 elapsed=1671s
progress: nodes=33,670,000,000 tested=60 found=0 n=741003087655772828500383 elapsed=1671s
progress: nodes=33,680,000,000 tested=60 found=0 n=870980601330707200995123 elapsed=1672s
progress: nodes=33,690,000,000 tested=60 found=0 n=57892556387904661125549 elapsed=1672s
progress: nodes=33,700,000,000 tested=60 found=0 n=211772643509307513893337 elapsed=1672s
progress: nodes=33,710,000,000 tested=60 found=0 n=394917146931263608851507 elapsed=1673s
progress: nodes=33,720,000,000 tested=60 found=0 n=606518467589488607925849 elapsed=1673s
progress: nodes=33,730,000,000 tested=60 found=0 n=841985491219588951851231 elapsed=1674s
progress: nodes=33,740,000,000 tested=60 found=0 n=124911772670971288501191 elapsed=1674s
progress: nodes=33,750,000,000 tested=60 found=0 n=389586973566994238326599 elapsed=1675s
progress: nodes=33,760,000,000 tested=60 found=0 n=687198874581556215707367 elapsed=1675s
progress: nodes=33,770,000,000 tested=60 found=0 n=49292842114063581491997 elapsed=1675s
progress: nodes=33,780,000,000 tested=60 found=0 n=365749639156517260623363 elapsed=1676s
progress: nodes=33,790,000,000 tested=60 found=0 n=727881783241355137362429 elapsed=1676s
progress: nodes=33,800,000,000 tested=60 found=0 n=141382977445003378100247 elapsed=1677s
progress: nodes=33,810,000,000 tested=60 found=0 n=529255475145213293516193 elapsed=1677s
progress: nodes=33,820,000,000 tested=60 found=0 n=963645630364186318510731 elapsed=1678s
progress: nodes=33,830,000,000 tested=60 found=0 n=421707913268756550598701 elapsed=1678s
progress: nodes=33,840,000,000 tested=60 found=0 n=895676972219212220888697 elapsed=1679s
progress: nodes=33,850,000,000 tested=60 found=0 n=398719053124446319829487 elapsed=1679s
progress: nodes=33,860,000,000 tested=60 found=0 n=911493343813619025000927 elapsed=1680s
progress: nodes=33,870,000,000 tested=60 found=0 n=444907962659125650344121 elapsed=1680s
progress: nodes=33,880,000,000 tested=60 found=0 n=991525986041210123128317 elapsed=1680s
progress: nodes=33,890,000,000 tested=60 found=0 n=563046600075522116980041 elapsed=1681s
progress: nodes=33,900,000,000 tested=60 found=0 n=184604816218930189368363 elapsed=1681s
progress: nodes=33,910,000,000 tested=60 found=0 n=790165463718420564637401 elapsed=1682s
progress: nodes=33,920,000,000 tested=60 found=0 n=437550953959431137516229 elapsed=1682s
progress: nodes=33,930,000,000 tested=60 found=0 n=122832779014636512779727 elapsed=1683s
progress: nodes=33,940,000,000 tested=60 found=0 n=780310817899652265944949 elapsed=1683s
progress: nodes=33,950,000,000 tested=60 found=0 n=490320365284429365478023 elapsed=1684s
progress: nodes=33,960,000,000 tested=60 found=0 n=234313410366582377338431 elapsed=1684s
progress: nodes=33,970,000,000 tested=60 found=0 n=973338436495492834101489 elapsed=1685s
progress: nodes=33,980,000,000 tested=60 found=0 n=743947375569880565083077 elapsed=1685s
progress: nodes=33,990,000,000 tested=60 found=0 n=540782756348974223086233 elapsed=1685s
progress: nodes=34,000,000,000 tested=60 found=0 n=364865835118837318973091 elapsed=1686s
progress: nodes=34,010,000,000 tested=60 found=0 n=216382569944130179588691 elapsed=1686s
progress: nodes=34,020,000,000 tested=60 found=0 n=96499061594318745028359 elapsed=1687s
progress: nodes=34,030,000,000 tested=60 found=0 n=956454549580415819323467 elapsed=1687s
progress: nodes=34,040,000,000 tested=60 found=0 n=864361886154784930504053 elapsed=1688s
progress: nodes=34,050,000,000 tested=60 found=0 n=791212754933207419040613 elapsed=1688s
progress: nodes=34,060,000,000 tested=60 found=0 n=745645339992380493714741 elapsed=1689s
progress: nodes=34,070,000,000 tested=60 found=0 n=721925183367622057206537 elapsed=1689s
progress: nodes=34,080,000,000 tested=60 found=0 n=723746340801932034394269 elapsed=1690s
progress: nodes=34,090,000,000 tested=60 found=0 n=755688418538701835660319 elapsed=1690s
progress: nodes=34,100,000,000 tested=60 found=0 n=811993293184762165858227 elapsed=1691s
progress: nodes=34,110,000,000 tested=60 found=0 n=888796336018625525598723 elapsed=1691s
progress: nodes=34,120,000,000 tested=60 found=0 n=993668788963193461516629 elapsed=1691s
progress: nodes=34,130,000,000 tested=60 found=0 n=141825848987254864344759 elapsed=1692s
progress: nodes=34,140,000,000 tested=60 found=0 n=276280596627844168935729 elapsed=1692s
progress: nodes=34,150,000,000 tested=60 found=0 n=437669411399714400105969 elapsed=1693s
progress: nodes=34,160,000,000 tested=60 found=0 n=687575836014866476217001 elapsed=1693s
progress: nodes=34,170,000,000 tested=60 found=0 n=252364162537336386192579 elapsed=1694s
progress: nodes=34,180,000,000 tested=60 found=0 n=68378684013410080895739 elapsed=1694s
progress: nodes=34,190,000,000 tested=60 found=0 n=126205959797946963985743 elapsed=1695s
progress: nodes=34,200,000,000 tested=60 found=0 n=444817821968187129099099 elapsed=1695s
progress: nodes=34,210,000,000 tested=60 found=0 n=135280063042509262034619 elapsed=1696s
progress: nodes=34,220,000,000 tested=60 found=0 n=110260442626650960157899 elapsed=1696s
progress: nodes=34,230,000,000 tested=60 found=0 n=351737437571507941494849 elapsed=1697s
progress: nodes=34,240,000,000 tested=60 found=0 n=896912554895034902446761 elapsed=1697s
progress: nodes=34,250,000,000 tested=60 found=0 n=832316286613883571748017 elapsed=1698s
progress: nodes=34,260,000,000 tested=60 found=0 n=171817107384834513131607 elapsed=1698s
progress: nodes=34,270,000,000 tested=60 found=0 n=608089202359961964724467 elapsed=1699s
progress: nodes=34,280,000,000 tested=60 found=0 n=504737303318260571746341 elapsed=1699s
progress: nodes=34,290,000,000 tested=60 found=0 n=689130258129851104625751 elapsed=1699s
progress: nodes=34,300,000,000 tested=60 found=0 n=333639449224938750515391 elapsed=1700s
progress: nodes=34,310,000,000 tested=60 found=0 n=260586703950169944231423 elapsed=1700s
progress: nodes=34,320,000,000 tested=60 found=0 n=438090520142069020937403 elapsed=1701s
progress: nodes=34,330,000,000 tested=60 found=0 n=75250103584267202163111 elapsed=1701s
progress: nodes=34,340,000,000 tested=60 found=0 n=729122535955045747558197 elapsed=1702s
progress: nodes=34,350,000,000 tested=60 found=0 n=103087059882917530773969 elapsed=1702s
progress: nodes=34,360,000,000 tested=60 found=0 n=444940100044898445011871 elapsed=1703s
progress: nodes=34,370,000,000 tested=60 found=0 n=296183392843665456560277 elapsed=1703s
progress: nodes=34,380,000,000 tested=60 found=0 n=432084745859733971069373 elapsed=1704s
progress: nodes=34,390,000,000 tested=60 found=0 n=97902731400545192947749 elapsed=1704s
progress: nodes=34,400,000,000 tested=60 found=0 n=69937840943138440482903 elapsed=1705s
progress: nodes=34,410,000,000 tested=60 found=0 n=305730579942329891090049 elapsed=1705s
progress: nodes=34,420,000,000 tested=60 found=0 n=104862763833941529715761 elapsed=1706s
progress: nodes=34,430,000,000 tested=60 found=0 n=134193086897767857216873 elapsed=1706s
progress: nodes=34,440,000,000 tested=60 found=0 n=370990535595169894603353 elapsed=1706s
progress: nodes=34,450,000,000 tested=60 found=0 n=212525299705345490092383 elapsed=1707s
progress: nodes=34,460,000,000 tested=60 found=0 n=306395889819413214924873 elapsed=1707s
progress: nodes=34,470,000,000 tested=60 found=0 n=54763410276197937345339 elapsed=1708s
progress: nodes=34,480,000,000 tested=60 found=0 n=54792564463766473512399 elapsed=1708s
progress: nodes=34,490,000,000 tested=60 found=0 n=330257278183719142541439 elapsed=1709s
progress: nodes=34,500,000,000 tested=60 found=0 n=237920385092534288507979 elapsed=1709s
progress: nodes=34,510,000,000 tested=60 found=0 n=466223198996274706378161 elapsed=1710s
progress: nodes=34,520,000,000 tested=60 found=0 n=338433222493318758490377 elapsed=1710s
progress: nodes=34,530,000,000 tested=60 found=0 n=476583008937055190396919 elapsed=1711s
progress: nodes=34,540,000,000 tested=60 found=0 n=204348106374759882183033 elapsed=1711s
progress: nodes=34,550,000,000 tested=60 found=0 n=207489679511707736685927 elapsed=1712s
progress: nodes=34,560,000,000 tested=60 found=0 n=453846240355796294018859 elapsed=1712s
progress: nodes=34,570,000,000 tested=60 found=0 n=339711220806575254427637 elapsed=1713s
progress: nodes=34,580,000,000 tested=60 found=0 n=489498158594796802058223 elapsed=1713s
progress: nodes=34,590,000,000 tested=60 found=0 n=304955407231070196171879 elapsed=1714s
progress: nodes=34,600,000,000 tested=60 found=0 n=406014169863677223387231 elapsed=1714s
progress: nodes=34,610,000,000 tested=60 found=0 n=201321149464871302981653 elapsed=1715s
progress: nodes=34,620,000,000 tested=60 found=0 n=261464821904093055736257 elapsed=1715s
progress: nodes=34,630,000,000 tested=60 found=0 n=71165314015023379793103 elapsed=1715s
progress: nodes=34,640,000,000 tested=60 found=0 n=138886801110845206624359 elapsed=1716s
progress: nodes=34,650,000,000 tested=60 found=0 n=460488573627433408544949 elapsed=1716s
progress: nodes=34,660,000,000 tested=60 found=0 n=493792690701140504658369 elapsed=1717s
progress: nodes=34,670,000,000 tested=60 found=0 n=276715062582788059945407 elapsed=1717s
progress: nodes=34,680,000,000 tested=60 found=0 n=324000403465974698830059 elapsed=1718s
progress: nodes=34,690,000,000 tested=60 found=0 n=98718146864779478444793 elapsed=1718s
progress: nodes=34,700,000,000 tested=60 found=0 n=143115231634848052706511 elapsed=1719s
progress: nodes=34,710,000,000 tested=60 found=0 n=462556232651444880980493 elapsed=1719s
progress: nodes=34,720,000,000 tested=60 found=0 n=537592252728031432128351 elapsed=1720s
progress: nodes=34,730,000,000 tested=60 found=0 n=379452406187864646029547 elapsed=1720s
progress: nodes=34,740,000,000 tested=60 found=0 n=491390269726523892006051 elapsed=1721s
progress: nodes=34,750,000,000 tested=60 found=0 n=373636639408055518584243 elapsed=1721s
progress: nodes=34,760,000,000 tested=60 found=0 n=501472456847443121933277 elapsed=1722s
progress: nodes=34,770,000,000 tested=60 found=0 n=386297287547406681470409 elapsed=1722s
progress: nodes=34,780,000,000 tested=60 found=0 n=63978789116250089934237 elapsed=1723s
progress: nodes=34,790,000,000 tested=60 found=0 n=500599757798506587361833 elapsed=1723s
progress: nodes=34,800,000,000 tested=60 found=0 n=228333847469379451216263 elapsed=1724s
progress: nodes=34,810,000,000 tested=60 found=0 n=202166210135632897940247 elapsed=1724s
progress: nodes=34,820,000,000 tested=60 found=0 n=431734903606661481955359 elapsed=1725s
progress: nodes=34,830,000,000 tested=60 found=0 n=437580740518875929303559 elapsed=1725s
progress: nodes=34,840,000,000 tested=60 found=0 n=235087187061897116607969 elapsed=1726s
progress: nodes=34,850,000,000 tested=60 found=0 n=304270924111640365844349 elapsed=1726s
progress: nodes=34,860,000,000 tested=60 found=0 n=180675514945317191583861 elapsed=1727s
progress: nodes=34,870,000,000 tested=60 found=0 n=304831789738916040130761 elapsed=1727s
progress: nodes=34,880,000,000 tested=60 found=0 n=290060109662726538056691 elapsed=1728s
progress: nodes=34,890,000,000 tested=60 found=0 n=117751601948864085755091 elapsed=1728s
progress: nodes=34,900,000,000 tested=60 found=0 n=188276484191432811015303 elapsed=1729s
progress: nodes=34,910,000,000 tested=60 found=0 n=121388539402321692470739 elapsed=1729s
progress: nodes=34,920,000,000 tested=60 found=0 n=308552168971914002475417 elapsed=1730s
progress: nodes=34,930,000,000 tested=60 found=0 n=371087633354215299811443 elapsed=1730s
progress: nodes=34,940,000,000 tested=60 found=0 n=281298754316898325224063 elapsed=1731s
progress: nodes=34,950,000,000 tested=60 found=0 n=55500478243422754399011 elapsed=1731s
progress: nodes=34,960,000,000 tested=60 found=0 n=68525205756033706939413 elapsed=1732s
progress: nodes=34,970,000,000 tested=60 found=0 n=318553724967042577755897 elapsed=1732s
progress: nodes=34,980,000,000 tested=60 found=0 n=72730362828737888130087 elapsed=1732s
progress: nodes=34,990,000,000 tested=60 found=0 n=81844317009395171521983 elapsed=1733s
progress: nodes=35,000,000,000 tested=60 found=0 n=340008046538426244124839 elapsed=1733s
progress: nodes=35,010,000,000 tested=60 found=0 n=89477946892746497090313 elapsed=1734s
progress: nodes=35,020,000,000 tested=60 found=0 n=86818644148395463470243 elapsed=1734s
progress: nodes=35,030,000,000 tested=60 found=0 n=331516520085947260679307 elapsed=1735s
progress: nodes=35,040,000,000 tested=60 found=0 n=77103810959375407981851 elapsed=1735s
progress: nodes=35,050,000,000 tested=60 found=0 n=72809457221696980284423 elapsed=1736s
progress: nodes=35,060,000,000 tested=60 found=0 n=335266392263220230108373 elapsed=1736s
progress: nodes=35,070,000,000 tested=60 found=0 n=131444947617243818090841 elapsed=1737s
progress: nodes=35,080,000,000 tested=60 found=0 n=196240315591366002240669 elapsed=1737s
progress: nodes=35,090,000,000 tested=60 found=0 n=189271601534303078111937 elapsed=1738s
progress: nodes=35,100,000,000 tested=60 found=0 n=86400284932122671192067 elapsed=1738s
progress: nodes=35,110,000,000 tested=60 found=0 n=223434057491329662595233 elapsed=1739s
progress: nodes=35,120,000,000 tested=60 found=0 n=281714618539150693992711 elapsed=1739s
progress: nodes=35,130,000,000 tested=60 found=0 n=264517186064549209844283 elapsed=1740s
progress: nodes=35,140,000,000 tested=60 found=0 n=152114583107485307744127 elapsed=1740s
progress: nodes=35,150,000,000 tested=60 found=0 n=320378249494677069387153 elapsed=1741s
progress: nodes=35,160,000,000 tested=60 found=0 n=86311308045483465011991 elapsed=1741s
progress: nodes=35,170,000,000 tested=60 found=0 n=116682928181752033192707 elapsed=1742s
progress: nodes=35,180,000,000 tested=60 found=0 n=84568300507651192772463 elapsed=1742s
progress: nodes=35,190,000,000 tested=60 found=0 n=324846038809890182442627 elapsed=1743s
progress: nodes=35,200,000,000 tested=60 found=0 n=186141667755089774804769 elapsed=1743s
progress: nodes=35,210,000,000 tested=60 found=0 n=327686812640719067672829 elapsed=1744s
progress: nodes=35,220,000,000 tested=60 found=0 n=107320826201096645306631 elapsed=1744s
progress: nodes=35,230,000,000 tested=60 found=0 n=158058078438400447090707 elapsed=1745s
progress: nodes=35,240,000,000 tested=60 found=0 n=164623408667792485197633 elapsed=1745s
progress: nodes=35,250,000,000 tested=60 found=0 n=124691259718187845984917 elapsed=1746s
progress: nodes=35,260,000,000 tested=60 found=0 n=83486302930500986998251 elapsed=1746s
progress: nodes=35,270,000,000 tested=60 found=0 n=315701921754990003955491 elapsed=1747s
progress: nodes=35,280,000,000 tested=60 found=0 n=215085673444295195955567 elapsed=1747s
progress: nodes=35,290,000,000 tested=60 found=0 n=102284480959325986055427 elapsed=1748s
progress: nodes=35,300,000,000 tested=60 found=0 n=265296293617774404903687 elapsed=1748s
progress: nodes=35,310,000,000 tested=60 found=0 n=122620522993859236353777 elapsed=1749s
progress: nodes=35,320,000,000 tested=60 found=0 n=249128981424086651046621 elapsed=1749s
progress: nodes=35,330,000,000 tested=60 found=0 n=76719236733026916950691 elapsed=1750s
progress: nodes=35,340,000,000 tested=60 found=0 n=180582876957739103513127 elapsed=1750s
progress: nodes=35,350,000,000 tested=60 found=0 n=285570840210771874657437 elapsed=1751s
progress: nodes=35,360,000,000 tested=60 found=0 n=114797098718922990289689 elapsed=1751s
progress: nodes=35,370,000,000 tested=60 found=0 n=218896532653749418457451 elapsed=1752s
progress: nodes=35,380,000,000 tested=60 found=0 n=329644372230191390909229 elapsed=1752s
progress: nodes=35,390,000,000 tested=60 found=0 n=167023828356165371317419 elapsed=1753s
progress: nodes=35,400,000,000 tested=60 found=0 n=282928196775392180126037 elapsed=1753s
progress: nodes=35,410,000,000 tested=60 found=0 n=162885084401219820582789 elapsed=1754s
progress: nodes=35,420,000,000 tested=60 found=0 n=84790712799569048679099 elapsed=1754s
progress: nodes=35,430,000,000 tested=60 found=0 n=282390140057453644383783 elapsed=1755s
progress: nodes=35,440,000,000 tested=60 found=0 n=259242751637677946049219 elapsed=1755s
progress: nodes=35,450,000,000 tested=60 found=0 n=295340546858436466507197 elapsed=1756s
progress: nodes=35,460,000,000 tested=60 found=0 n=101620575339523855497729 elapsed=1756s
progress: nodes=35,470,000,000 tested=60 found=0 n=193880975267663653514391 elapsed=1757s
progress: nodes=35,480,000,000 tested=60 found=0 n=76356510076687098208797 elapsed=1757s
progress: nodes=35,490,000,000 tested=60 found=0 n=237900562514712268040331 elapsed=1758s
progress: nodes=35,500,000,000 tested=60 found=0 n=198762546952198602251109 elapsed=1758s
progress: nodes=35,510,000,000 tested=60 found=0 n=246421815180734435143671 elapsed=1759s
progress: nodes=35,520,000,000 tested=60 found=0 n=126850968607329064109781 elapsed=1759s
progress: nodes=35,530,000,000 tested=60 found=0 n=83306597194041069987369 elapsed=1760s
progress: nodes=35,540,000,000 tested=60 found=0 n=102482959511414226399039 elapsed=1760s
progress: nodes=35,550,000,000 tested=60 found=0 n=174898996216159819889439 elapsed=1761s
progress: nodes=35,560,000,000 tested=60 found=0 n=78266747476276792180209 elapsed=1761s
progress: nodes=35,570,000,000 tested=60 found=0 n=293634372667025094310683 elapsed=1762s
progress: nodes=35,580,000,000 tested=60 found=0 n=114902950172989588417269 elapsed=1762s
progress: nodes=35,590,000,000 tested=60 found=0 n=262760905070337554958231 elapsed=1763s
progress: nodes=35,600,000,000 tested=60 found=0 n=277153228819630116425241 elapsed=1763s
progress: nodes=35,610,000,000 tested=60 found=0 n=135342698287807753531173 elapsed=1764s
progress: nodes=35,620,000,000 tested=60 found=0 n=85850784394825595981913 elapsed=1764s
progress: nodes=35,630,000,000 tested=60 found=0 n=149245025778499981300047 elapsed=1765s
progress: nodes=35,640,000,000 tested=60 found=0 n=112553132364065369785347 elapsed=1765s
progress: nodes=35,650,000,000 tested=60 found=0 n=166916791039707393536313 elapsed=1766s
progress: nodes=35,660,000,000 tested=60 found=0 n=101371575652679121991047 elapsed=1766s
progress: nodes=35,670,000,000 tested=60 found=0 n=127966109130902333344977 elapsed=1767s
progress: nodes=35,680,000,000 tested=60 found=0 n=278546619231213709478949 elapsed=1767s
progress: nodes=35,690,000,000 tested=60 found=0 n=142757292434956340142771 elapsed=1768s
progress: nodes=35,700,000,000 tested=60 found=0 n=135039357069200898024249 elapsed=1768s
progress: nodes=35,710,000,000 tested=60 found=0 n=258850133738081613798147 elapsed=1769s
progress: nodes=35,720,000,000 tested=60 found=0 n=123537839982418008976059 elapsed=1769s
progress: nodes=35,730,000,000 tested=60 found=0 n=148012317207533357729073 elapsed=1770s
progress: nodes=35,740,000,000 tested=60 found=0 n=132153557234456250484299 elapsed=1770s
progress: nodes=35,750,000,000 tested=60 found=0 n=273561324897321104442183 elapsed=1771s
progress: nodes=35,760,000,000 tested=60 found=0 n=160150632768500821074243 elapsed=1771s
progress: nodes=35,770,000,000 tested=60 found=0 n=199530741754149845243589 elapsed=1772s
progress: nodes=35,780,000,000 tested=60 found=0 n=227273988518710661624481 elapsed=1772s
progress: nodes=35,790,000,000 tested=60 found=0 n=215071097670457163733213 elapsed=1773s
progress: nodes=35,800,000,000 tested=60 found=0 n=197286304259681453212011 elapsed=1773s
progress: nodes=35,810,000,000 tested=60 found=0 n=159323433104292906940029 elapsed=1773s
progress: nodes=35,820,000,000 tested=60 found=0 n=125077029245376076727397 elapsed=1774s
progress: nodes=35,830,000,000 tested=60 found=0 n=282911280745205702542491 elapsed=1774s
progress: nodes=35,840,000,000 tested=60 found=0 n=263861414283439014818391 elapsed=1775s
progress: nodes=35,850,000,000 tested=60 found=0 n=280620392898876039371439 elapsed=1775s
progress: nodes=35,860,000,000 tested=60 found=0 n=148900933497496845788739 elapsed=1776s
progress: nodes=35,870,000,000 tested=60 found=0 n=225231149382724377691029 elapsed=1777s
progress: nodes=35,880,000,000 tested=60 found=0 n=152678997849504195380619 elapsed=1777s
progress: nodes=35,890,000,000 tested=60 found=0 n=115579832603746196577969 elapsed=1777s
progress: nodes=35,900,000,000 tested=60 found=0 n=156053652978408190441821 elapsed=1778s
progress: nodes=35,910,000,000 tested=60 found=0 n=274248672057537427846827 elapsed=1778s
progress: nodes=35,920,000,000 tested=60 found=0 n=108682734520878426176499 elapsed=1779s
progress: nodes=35,930,000,000 tested=60 found=0 n=181921523842105027492743 elapsed=1779s
progress: nodes=35,940,000,000 tested=60 found=0 n=216584212135653375732873 elapsed=1780s
progress: nodes=35,950,000,000 tested=60 found=0 n=201109337004323431437831 elapsed=1780s
progress: nodes=35,960,000,000 tested=60 found=0 n=147393095391421474219317 elapsed=1781s
progress: nodes=35,970,000,000 tested=60 found=0 n=251917209876427709576193 elapsed=1781s
progress: nodes=35,980,000,000 tested=60 found=0 n=180235701536324959662291 elapsed=1782s
progress: nodes=35,990,000,000 tested=60 found=0 n=124521794467103903698521 elapsed=1782s
progress: nodes=36,000,000,000 tested=60 found=0 n=252407760595724470006809 elapsed=1783s
progress: nodes=36,010,000,000 tested=60 found=0 n=229287565855076339500659 elapsed=1783s
progress: nodes=36,020,000,000 tested=60 found=0 n=244926947166171149628441 elapsed=1784s
progress: nodes=36,030,000,000 tested=60 found=0 n=128248406123971064598513 elapsed=1784s
progress: nodes=36,040,000,000 tested=60 found=0 n=240482763489420037902393 elapsed=1785s
progress: nodes=36,050,000,000 tested=60 found=0 n=119029630526156003768037 elapsed=1785s
progress: nodes=36,060,000,000 tested=60 found=0 n=256170239773116023242503 elapsed=1786s
progress: nodes=36,070,000,000 tested=60 found=0 n=199564467709791037718403 elapsed=1786s
progress: nodes=36,080,000,000 tested=60 found=0 n=151518982788968630094567 elapsed=1787s
progress: nodes=36,090,000,000 tested=60 found=0 n=266403094359813932374161 elapsed=1788s
progress: nodes=36,100,000,000 tested=60 found=0 n=252059884701327843190281 elapsed=1788s
progress: nodes=36,110,000,000 tested=60 found=0 n=134580681520237635347511 elapsed=1789s
progress: nodes=36,120,000,000 tested=60 found=0 n=212915220564419309342637 elapsed=1789s
progress: nodes=36,130,000,000 tested=60 found=0 n=234707563111736986895547 elapsed=1790s
progress: nodes=36,140,000,000 tested=60 found=0 n=249536429358930984188457 elapsed=1790s
progress: nodes=36,150,000,000 tested=60 found=0 n=266446511059879336401369 elapsed=1791s
progress: nodes=36,160,000,000 tested=60 found=0 n=196648178384895879724929 elapsed=1791s
progress: nodes=36,170,000,000 tested=60 found=0 n=209280779059548922891011 elapsed=1792s
progress: nodes=36,180,000,000 tested=60 found=0 n=187333325189289707865129 elapsed=1792s
progress: nodes=36,190,000,000 tested=60 found=0 n=178614585479815186017393 elapsed=1793s
progress: nodes=36,200,000,000 tested=60 found=0 n=222495891218093683295721 elapsed=1793s
progress: nodes=36,210,000,000 tested=60 found=0 n=217887496444511049244473 elapsed=1794s
progress: nodes=36,220,000,000 tested=60 found=0 n=216868473779171018930433 elapsed=1794s
progress: nodes=36,230,000,000 tested=60 found=0 n=264455436292899634474461 elapsed=1795s
progress: nodes=36,240,000,000 tested=60 found=0 n=196191086796398859970959 elapsed=1795s
progress: nodes=36,250,000,000 tested=60 found=0 n=195991634879730641804391 elapsed=1796s
progress: nodes=36,260,000,000 tested=60 found=0 n=176452879705638983647893 elapsed=1796s
progress: nodes=36,270,000,000 tested=60 found=0 n=212645715237985167839547 elapsed=1797s
progress: nodes=36,280,000,000 tested=60 found=0 n=272663074803831749945523 elapsed=1797s
progress: nodes=36,290,000,000 tested=60 found=0 n=223456893172257726910467 elapsed=1798s
progress: nodes=36,300,000,000 tested=60 found=0 n=271174473888791497979031 elapsed=1798s
progress: nodes=36,310,000,000 tested=60 found=0 n=200598061242891332420631 elapsed=1799s
progress: nodes=36,320,000,000 tested=60 found=0 n=216190094044292292846537 elapsed=1799s
progress: nodes=36,330,000,000 tested=60 found=0 n=271614674255429085136479 elapsed=1800s
progress: nodes=36,340,000,000 tested=60 found=0 n=199065911712275587095963 elapsed=1800s
progress: nodes=36,350,000,000 tested=60 found=0 n=191235698730040388462577 elapsed=1801s
progress: nodes=36,360,000,000 tested=60 found=0 n=268765534461703857081273 elapsed=1801s
progress: nodes=36,370,000,000 tested=60 found=0 n=226322944300367011437417 elapsed=1802s
progress: nodes=36,380,000,000 tested=60 found=0 n=267950592740538967629447 elapsed=1802s
progress: nodes=36,390,000,000 tested=60 found=0 n=276790390110472737111921 elapsed=1803s
progress: nodes=36,400,000,000 tested=60 found=0 n=281811281808953681143821 elapsed=1804s
progress: nodes=36,410,000,000 tested=60 found=0 n=270499520431419652180269 elapsed=1804s
progress: nodes=36,420,000,000 tested=60 found=0 n=281975292751761234479007 elapsed=1805s
progress: nodes=36,430,000,000 tested=60 found=0 n=251407983924878010934473 elapsed=1805s
progress: nodes=36,440,000,000 tested=60 found=0 n=256278962632811085044847 elapsed=1806s
progress: nodes=36,450,000,000 tested=60 found=0 n=250265767325431114262313 elapsed=1806s
progress: nodes=36,460,000,000 tested=60 found=0 n=265465107731468847193299 elapsed=1807s
progress: nodes=36,470,000,000 tested=60 found=0 n=278649658835459451257949 elapsed=1807s
progress: nodes=36,480,000,000 tested=60 found=0 n=624507959066536452794733 elapsed=1808s
progress: nodes=36,490,000,000 tested=60 found=0 n=861947821625552807719959 elapsed=1808s
progress: nodes=36,500,000,000 tested=60 found=0 n=129058330547824051610313 elapsed=1809s
progress: nodes=36,510,000,000 tested=60 found=0 n=384338259464530645592703 elapsed=1809s
progress: nodes=36,520,000,000 tested=60 found=0 n=672943676303263271840703 elapsed=1809s
progress: nodes=36,530,000,000 tested=60 found=0 n=987762800713159394659197 elapsed=1810s
progress: nodes=36,540,000,000 tested=60 found=0 n=308265811592195480647239 elapsed=1810s
progress: nodes=36,550,000,000 tested=60 found=0 n=643262803468983652898097 elapsed=1811s
progress: nodes=36,560,000,000 tested=60 found=0 n=39577332881541797054559 elapsed=1811s
progress: nodes=36,570,000,000 tested=60 found=0 n=392887383324746503200777 elapsed=1812s
progress: nodes=36,580,000,000 tested=60 found=0 n=790337794151698888512879 elapsed=1812s
progress: nodes=36,590,000,000 tested=60 found=0 n=214264787557707320116221 elapsed=1813s
progress: nodes=36,600,000,000 tested=60 found=0 n=633466744575983621114427 elapsed=1813s
progress: nodes=36,610,000,000 tested=60 found=0 n=103769380792470537335961 elapsed=1814s
progress: nodes=36,620,000,000 tested=60 found=0 n=547160609272933342727271 elapsed=1814s
progress: nodes=36,630,000,000 tested=60 found=0 n=58254490235845880193987 elapsed=1814s
progress: nodes=36,640,000,000 tested=60 found=0 n=528004804283566582724829 elapsed=1815s
progress: nodes=36,650,000,000 tested=60 found=0 n=68466741154788932066727 elapsed=1815s
progress: nodes=36,660,000,000 tested=60 found=0 n=573222041197202522131083 elapsed=1816s
progress: nodes=36,670,000,000 tested=60 found=0 n=137957271225025565617227 elapsed=1816s
progress: nodes=36,680,000,000 tested=60 found=0 n=686673862417985959030437 elapsed=1817s
progress: nodes=36,690,000,000 tested=60 found=0 n=279092449830730490883621 elapsed=1817s
progress: nodes=36,700,000,000 tested=60 found=0 n=879402704622353323923357 elapsed=1818s
progress: nodes=36,710,000,000 tested=60 found=0 n=502332846546428571742299 elapsed=1818s
progress: nodes=36,720,000,000 tested=60 found=0 n=159460761891446016220989 elapsed=1819s
progress: nodes=36,730,000,000 tested=60 found=0 n=807012028006008992883639 elapsed=1819s
progress: nodes=36,740,000,000 tested=60 found=0 n=485573975184978531282123 elapsed=1820s
progress: nodes=36,750,000,000 tested=60 found=0 n=198109568217098687295069 elapsed=1820s
progress: nodes=36,760,000,000 tested=60 found=0 n=910930864674418166444481 elapsed=1820s
progress: nodes=36,770,000,000 tested=60 found=0 n=647616703889291347908081 elapsed=1821s
progress: nodes=36,780,000,000 tested=60 found=0 n=411644458191305175361371 elapsed=1821s
progress: nodes=36,790,000,000 tested=60 found=0 n=203877077622400529604873 elapsed=1822s
progress: nodes=36,800,000,000 tested=60 found=0 n=29860879780438554001077 elapsed=1822s
progress: nodes=36,810,000,000 tested=60 found=0 n=822178010314213383072627 elapsed=1823s
progress: nodes=36,820,000,000 tested=60 found=0 n=666446008368203869555827 elapsed=1823s
progress: nodes=36,830,000,000 tested=60 found=0 n=529352118588293301514059 elapsed=1824s
progress: nodes=36,840,000,000 tested=60 found=0 n=412865789427776036838717 elapsed=1824s
progress: nodes=36,850,000,000 tested=60 found=0 n=316167316705441641039831 elapsed=1825s
progress: nodes=36,860,000,000 tested=60 found=0 n=236908480250454932825829 elapsed=1825s
progress: nodes=36,870,000,000 tested=60 found=0 n=175884593458864938459273 elapsed=1826s
progress: nodes=36,880,000,000 tested=60 found=0 n=136909768872064325320953 elapsed=1826s
progress: nodes=36,890,000,000 tested=60 found=0 n=116195300201228274326223 elapsed=1827s
progress: nodes=36,900,000,000 tested=60 found=0 n=115433204457590866766997 elapsed=1827s
progress: nodes=36,910,000,000 tested=60 found=0 n=134289585900492977585169 elapsed=1827s
progress: nodes=36,920,000,000 tested=60 found=0 n=171876168763071883774587 elapsed=1828s
progress: nodes=36,930,000,000 tested=60 found=0 n=228239427746368896600897 elapsed=1828s
progress: nodes=36,940,000,000 tested=60 found=0 n=303199166029704669867681 elapsed=1829s
progress: nodes=36,950,000,000 tested=60 found=0 n=397057642306009122893301 elapsed=1829s
progress: nodes=36,960,000,000 tested=60 found=0 n=513214354859058980777727 elapsed=1830s
progress: nodes=36,970,000,000 tested=60 found=0 n=656118961563574252020123 elapsed=1830s
progress: nodes=36,980,000,000 tested=60 found=0 n=821499545589143567106807 elapsed=1831s
progress: nodes=36,990,000,000 tested=60 found=0 n=33650259647805266211207 elapsed=1831s
progress: nodes=37,000,000,000 tested=60 found=0 n=207627453234021688781067 elapsed=1832s
progress: nodes=37,010,000,000 tested=60 found=0 n=413142753356633039250357 elapsed=1832s
progress: nodes=37,020,000,000 tested=60 found=0 n=644773958938734816102219 elapsed=1833s
progress: nodes=37,030,000,000 tested=60 found=0 n=903191381943872707960659 elapsed=1833s
progress: nodes=37,040,000,000 tested=60 found=0 n=188483492880193473823707 elapsed=1834s
progress: nodes=37,050,000,000 tested=60 found=0 n=468821243067152661004473 elapsed=1834s
progress: nodes=37,060,000,000 tested=60 found=0 n=829868200307250030931851 elapsed=1835s
progress: nodes=37,070,000,000 tested=60 found=0 n=460465264654703963502309 elapsed=1835s
progress: nodes=37,080,000,000 tested=60 found=0 n=404674645873485282830073 elapsed=1836s
progress: nodes=37,090,000,000 tested=60 found=0 n=698303068126137027013383 elapsed=1836s
progress: nodes=37,100,000,000 tested=60 found=0 n=357126638876959663651401 elapsed=1837s
progress: nodes=37,110,000,000 tested=60 found=0 n=328130781372675530046567 elapsed=1837s
progress: nodes=37,120,000,000 tested=60 found=0 n=585779308611624512811657 elapsed=1838s
progress: nodes=37,130,000,000 tested=60 found=0 n=234575139320978909661747 elapsed=1838s
progress: nodes=37,140,000,000 tested=60 found=0 n=163076174681014217839293 elapsed=1839s
progress: nodes=37,150,000,000 tested=60 found=0 n=342310064369104164848823 elapsed=1839s
progress: nodes=37,160,000,000 tested=60 found=0 n=35708654817028336179267 elapsed=1840s
progress: nodes=37,170,000,000 tested=60 found=0 n=808876983024195184297737 elapsed=1840s
progress: nodes=37,180,000,000 tested=60 found=0 n=261605848114408481167869 elapsed=1841s
progress: nodes=37,190,000,000 tested=60 found=0 n=79672217850617151748527 elapsed=1841s
progress: nodes=37,200,000,000 tested=60 found=0 n=172222063368309252263889 elapsed=1842s
progress: nodes=37,210,000,000 tested=60 found=0 n=566391780993267188383347 elapsed=1842s
progress: nodes=37,220,000,000 tested=60 found=0 n=511580855487086667993249 elapsed=1843s
progress: nodes=37,230,000,000 tested=60 found=0 n=710201266121230075248903 elapsed=1843s
progress: nodes=37,240,000,000 tested=60 found=0 n=402556101953984770385979 elapsed=1844s
progress: nodes=37,250,000,000 tested=60 found=0 n=411460501267494004364577 elapsed=1844s
progress: nodes=37,260,000,000 tested=60 found=0 n=45503943903146968291899 elapsed=1844s
progress: nodes=37,270,000,000 tested=60 found=0 n=641489467196139480489879 elapsed=1845s
progress: nodes=37,280,000,000 tested=60 found=0 n=145292989673681791256007 elapsed=1845s
progress: nodes=37,290,000,000 tested=60 found=0 n=634236055205856123414933 elapsed=1846s
progress: nodes=37,300,000,000 tested=60 found=0 n=50577214470345701364303 elapsed=1846s
progress: nodes=37,310,000,000 tested=60 found=0 n=397731517530461519808249 elapsed=1847s
progress: nodes=37,320,000,000 tested=60 found=0 n=418200309312668701054929 elapsed=1847s
progress: nodes=37,330,000,000 tested=60 found=0 n=75485837304358575888717 elapsed=1848s
progress: nodes=37,340,000,000 tested=60 found=0 n=625337484065981081853381 elapsed=1848s
progress: nodes=37,350,000,000 tested=60 found=0 n=173315130664208857744959 elapsed=1849s
progress: nodes=37,360,000,000 tested=60 found=0 n=619685536937511225257307 elapsed=1849s
progress: nodes=37,370,000,000 tested=60 found=0 n=130090110081207792841017 elapsed=1850s
progress: nodes=37,380,000,000 tested=60 found=0 n=533267840359925250850809 elapsed=1850s
progress: nodes=37,390,000,000 tested=60 found=0 n=35456413828602461927463 elapsed=1851s
progress: nodes=37,400,000,000 tested=60 found=0 n=481978833279971842191069 elapsed=1851s
progress: nodes=37,410,000,000 tested=60 found=0 n=87899705350388106390369 elapsed=1852s
progress: nodes=37,420,000,000 tested=60 found=0 n=510440548243146612877863 elapsed=1852s
progress: nodes=37,430,000,000 tested=60 found=0 n=71891478271005836880591 elapsed=1853s
progress: nodes=37,440,000,000 tested=60 found=0 n=479478405898057710476871 elapsed=1853s
progress: nodes=37,450,000,000 tested=60 found=0 n=95216316213731499792621 elapsed=1854s
progress: nodes=37,460,000,000 tested=60 found=0 n=38529582226914920871807 elapsed=1854s
progress: nodes=37,470,000,000 tested=60 found=0 n=277104624954837679160469 elapsed=1855s
progress: nodes=37,480,000,000 tested=60 found=0 n=247983823006139183305419 elapsed=1855s
progress: nodes=37,490,000,000 tested=60 found=0 n=531153067071581427042801 elapsed=1856s
progress: nodes=37,500,000,000 tested=60 found=0 n=95875633814674232874663 elapsed=1856s
progress: nodes=37,510,000,000 tested=60 found=0 n=406698468948675763922601 elapsed=1857s
progress: nodes=37,520,000,000 tested=60 found=0 n=503751236081502739042251 elapsed=1857s
progress: nodes=37,530,000,000 tested=60 found=0 n=382663305406402937977599 elapsed=1858s
progress: nodes=37,540,000,000 tested=60 found=0 n=114665998138219061092251 elapsed=1858s
progress: nodes=37,550,000,000 tested=60 found=0 n=156351525629315983261911 elapsed=1859s
progress: nodes=37,560,000,000 tested=60 found=0 n=44132832641881899709101 elapsed=1859s
progress: nodes=37,570,000,000 tested=60 found=0 n=188304596001773070887529 elapsed=1860s
progress: nodes=37,580,000,000 tested=60 found=0 n=151354856712132104712219 elapsed=1860s
progress: nodes=37,590,000,000 tested=60 found=0 n=418695106086026365170267 elapsed=1860s
progress: nodes=37,600,000,000 tested=60 found=0 n=84381397708895556322977 elapsed=1861s
progress: nodes=37,610,000,000 tested=60 found=0 n=62071105587834365357643 elapsed=1861s
progress: nodes=37,620,000,000 tested=60 found=0 n=326226815554352325867639 elapsed=1862s
progress: nodes=37,630,000,000 tested=60 found=0 n=53929238404332162656169 elapsed=1862s
progress: nodes=37,640,000,000 tested=60 found=0 n=67627924885799503939791 elapsed=1863s
progress: nodes=37,650,000,000 tested=60 found=0 n=368931005446975183174347 elapsed=1863s
progress: nodes=37,660,000,000 tested=60 found=0 n=139273560323642569969683 elapsed=1864s
progress: nodes=37,670,000,000 tested=60 found=0 n=188233774232188816723977 elapsed=1864s
progress: nodes=37,680,000,000 tested=60 found=0 n=141395784750857577713157 elapsed=1865s
progress: nodes=37,690,000,000 tested=60 found=0 n=370756450037430518852637 elapsed=1865s
progress: nodes=37,700,000,000 tested=60 found=0 n=97561716737316597203823 elapsed=1866s
progress: nodes=37,710,000,000 tested=60 found=0 n=115738631052515002399329 elapsed=1866s
progress: nodes=37,720,000,000 tested=60 found=0 n=405889723336871606111433 elapsed=1867s
progress: nodes=37,730,000,000 tested=60 found=0 n=155216571421992708488553 elapsed=1867s
progress: nodes=37,740,000,000 tested=60 found=0 n=230677208475964345126647 elapsed=1868s
progress: nodes=37,750,000,000 tested=60 found=0 n=202062662523805927647573 elapsed=1868s
progress: nodes=37,760,000,000 tested=60 found=0 n=111761807649879850888887 elapsed=1869s
progress: nodes=37,770,000,000 tested=60 found=0 n=294369707394646951083093 elapsed=1869s
progress: nodes=37,780,000,000 tested=60 found=0 n=61375840999623288160407 elapsed=1870s
progress: nodes=37,790,000,000 tested=60 found=0 n=118706254331280965749323 elapsed=1870s
progress: nodes=37,800,000,000 tested=60 found=0 n=107956819609316065608759 elapsed=1871s
progress: nodes=37,810,000,000 tested=60 found=0 n=73857530433587717649987 elapsed=1871s
progress: nodes=37,820,000,000 tested=60 found=0 n=343378674554851613571201 elapsed=1872s
progress: nodes=37,830,000,000 tested=60 found=0 n=235411500235344982584651 elapsed=1872s
progress: nodes=37,840,000,000 tested=60 found=0 n=82455599349685323379233 elapsed=1873s
progress: nodes=37,850,000,000 tested=60 found=0 n=199159417572151335140457 elapsed=1873s
progress: nodes=37,860,000,000 tested=60 found=0 n=295964625890930813130699 elapsed=1873s
progress: nodes=37,870,000,000 tested=60 found=0 n=67840561862427398666391 elapsed=1874s
progress: nodes=37,880,000,000 tested=60 found=0 n=124881897169669114506339 elapsed=1874s
progress: nodes=37,890,000,000 tested=60 found=0 n=180610129907114779583019 elapsed=1875s
progress: nodes=37,900,000,000 tested=60 found=0 n=214201651661757443493117 elapsed=1875s
progress: nodes=37,910,000,000 tested=60 found=0 n=214182732416911225923879 elapsed=1876s
progress: nodes=37,920,000,000 tested=60 found=0 n=192471059068960392401373 elapsed=1876s
progress: nodes=37,930,000,000 tested=60 found=0 n=187238462492900622767733 elapsed=1877s
progress: nodes=37,940,000,000 tested=60 found=0 n=190544451910029422752239 elapsed=1877s
progress: nodes=37,950,000,000 tested=60 found=0 n=170390681923894042528071 elapsed=1878s
progress: nodes=37,960,000,000 tested=60 found=0 n=174339130894392602836467 elapsed=1878s
progress: nodes=37,970,000,000 tested=60 found=0 n=209701792133876453213187 elapsed=1879s
progress: nodes=37,980,000,000 tested=60 found=0 n=303635657299586837680917 elapsed=1879s
progress: nodes=37,990,000,000 tested=60 found=0 n=131780644601434902676449 elapsed=1880s
progress: nodes=38,000,000,000 tested=60 found=0 n=247713359840857419033987 elapsed=1880s
progress: nodes=38,010,000,000 tested=60 found=0 n=107511984159940201042971 elapsed=1881s
progress: nodes=38,020,000,000 tested=60 found=0 n=277752618307409576528043 elapsed=1881s
progress: nodes=38,030,000,000 tested=60 found=0 n=232294189416594605068923 elapsed=1882s
progress: nodes=38,040,000,000 tested=60 found=0 n=243372487415478326005023 elapsed=1882s
progress: nodes=38,050,000,000 tested=60 found=0 n=49889107434740215019301 elapsed=1882s
progress: nodes=38,060,000,000 tested=60 found=0 n=156087534630215989613043 elapsed=1883s
progress: nodes=38,070,000,000 tested=60 found=0 n=73052225283223656060129 elapsed=1883s
progress: nodes=38,080,000,000 tested=60 found=0 n=59966607344842492999551 elapsed=1884s
progress: nodes=38,090,000,000 tested=60 found=0 n=117982574611269899594679 elapsed=1884s
progress: nodes=38,100,000,000 tested=60 found=0 n=228134665965112653928797 elapsed=1885s
progress: nodes=38,110,000,000 tested=60 found=0 n=163308479079159003115449 elapsed=1885s
progress: nodes=38,120,000,000 tested=60 found=0 n=168410922799079708583759 elapsed=1886s
progress: nodes=38,130,000,000 tested=60 found=0 n=225252112463643851962299 elapsed=1886s
progress: nodes=38,140,000,000 tested=60 found=0 n=103027687685597122718193 elapsed=1887s
progress: nodes=38,150,000,000 tested=60 found=0 n=58893756928964761379499 elapsed=1887s
progress: nodes=38,160,000,000 tested=60 found=0 n=94637872408977945980163 elapsed=1888s
progress: nodes=38,170,000,000 tested=60 found=0 n=226556033451612356304351 elapsed=1888s
progress: nodes=38,180,000,000 tested=60 found=0 n=233706505261571753853519 elapsed=1889s
progress: nodes=38,190,000,000 tested=60 found=0 n=129483178624988286666183 elapsed=1889s
progress: nodes=38,200,000,000 tested=60 found=0 n=116295037018330789016937 elapsed=1890s
progress: nodes=38,210,000,000 tested=60 found=0 n=189373580127095960899611 elapsed=1890s
progress: nodes=38,220,000,000 tested=60 found=0 n=162028405129182970297689 elapsed=1891s
progress: nodes=38,230,000,000 tested=60 found=0 n=228422853062862508340829 elapsed=1891s
progress: nodes=38,240,000,000 tested=60 found=0 n=176804567139742408696599 elapsed=1892s
progress: nodes=38,250,000,000 tested=60 found=0 n=222915329334585799182117 elapsed=1892s
progress: nodes=38,260,000,000 tested=60 found=0 n=170693526808061804234457 elapsed=1892s
progress: nodes=38,270,000,000 tested=60 found=0 n=235801076226440922573453 elapsed=1893s
progress: nodes=38,280,000,000 tested=60 found=0 n=242333740274474618576037 elapsed=1893s
progress: nodes=38,290,000,000 tested=60 found=0 n=165230681738410012266927 elapsed=1894s
progress: nodes=38,300,000,000 tested=60 found=0 n=227725239259430354647359 elapsed=1894s
progress: nodes=38,310,000,000 tested=60 found=0 n=224482003665424456615587 elapsed=1895s
progress: nodes=38,320,000,000 tested=60 found=0 n=174999891077977159177137 elapsed=1895s
progress: nodes=38,330,000,000 tested=60 found=0 n=86384712208354150878441 elapsed=1896s
progress: nodes=38,340,000,000 tested=60 found=0 n=147145884944301332321463 elapsed=1896s
progress: nodes=38,350,000,000 tested=60 found=0 n=181024349861230538993253 elapsed=1897s
progress: nodes=38,360,000,000 tested=60 found=0 n=193592659675696450437807 elapsed=1897s
progress: nodes=38,370,000,000 tested=60 found=0 n=179682711681866181419169 elapsed=1898s
progress: nodes=38,380,000,000 tested=60 found=0 n=172689785230041916430517 elapsed=1898s
progress: nodes=38,390,000,000 tested=60 found=0 n=160150928042730143659833 elapsed=1899s
progress: nodes=38,400,000,000 tested=60 found=0 n=148777423166032514863317 elapsed=1899s
progress: nodes=38,410,000,000 tested=60 found=0 n=148993861616702036453673 elapsed=1900s
progress: nodes=38,420,000,000 tested=60 found=0 n=157203731144895305422167 elapsed=1900s
progress: nodes=38,430,000,000 tested=60 found=0 n=183483305220458892761343 elapsed=1901s
progress: nodes=38,440,000,000 tested=60 found=0 n=71612695406367515861307 elapsed=1901s
progress: nodes=38,450,000,000 tested=60 found=0 n=155718128701010134362411 elapsed=1902s
progress: nodes=38,460,000,000 tested=60 found=0 n=116621498735336146360347 elapsed=1902s
progress: nodes=38,470,000,000 tested=60 found=0 n=129836993975377936976421 elapsed=1903s
progress: nodes=38,480,000,000 tested=60 found=0 n=207227278002263381995671 elapsed=1903s
progress: nodes=38,490,000,000 tested=60 found=0 n=192944265761269480889277 elapsed=1904s
progress: nodes=38,500,000,000 tested=60 found=0 n=110270860920635453630361 elapsed=1904s
progress: nodes=38,510,000,000 tested=60 found=0 n=99827761485846035205333 elapsed=1904s
progress: nodes=38,520,000,000 tested=60 found=0 n=175475636137106841079467 elapsed=1905s
progress: nodes=38,530,000,000 tested=60 found=0 n=203708825329790337831351 elapsed=1905s
progress: nodes=38,540,000,000 tested=60 found=0 n=78142797268250591861523 elapsed=1906s
progress: nodes=38,550,000,000 tested=60 found=0 n=86495624080701728841333 elapsed=1906s
progress: nodes=38,560,000,000 tested=60 found=0 n=207090297288247583840553 elapsed=1907s
progress: nodes=38,570,000,000 tested=60 found=0 n=167029370542187177458203 elapsed=1907s
progress: nodes=38,580,000,000 tested=60 found=0 n=126990077101059281965317 elapsed=1908s
progress: nodes=38,590,000,000 tested=60 found=0 n=117225244440461870344863 elapsed=1908s
progress: nodes=38,600,000,000 tested=60 found=0 n=131456280181814621210331 elapsed=1909s
progress: nodes=38,610,000,000 tested=60 found=0 n=191153932828991810661753 elapsed=1909s
progress: nodes=38,620,000,000 tested=60 found=0 n=166744397816934941804031 elapsed=1910s
progress: nodes=38,630,000,000 tested=60 found=0 n=189442808573809709277513 elapsed=1910s
progress: nodes=38,640,000,000 tested=60 found=0 n=129086699997287100413961 elapsed=1911s
progress: nodes=38,650,000,000 tested=60 found=0 n=163452760787900812569957 elapsed=1911s
progress: nodes=38,660,000,000 tested=60 found=0 n=163041750003340091713599 elapsed=1912s
progress: nodes=38,670,000,000 tested=60 found=0 n=167845164124316511476259 elapsed=1912s
progress: nodes=38,680,000,000 tested=60 found=0 n=195510854996001598900077 elapsed=1913s
progress: nodes=38,690,000,000 tested=60 found=0 n=122430876338588806289763 elapsed=1913s
progress: nodes=38,700,000,000 tested=60 found=0 n=93068715391364521845729 elapsed=1914s
progress: nodes=38,710,000,000 tested=60 found=0 n=139280427325728358917093 elapsed=1914s
progress: nodes=38,720,000,000 tested=60 found=0 n=136941740485495517785059 elapsed=1915s
progress: nodes=38,730,000,000 tested=60 found=0 n=98852199609242758257117 elapsed=1915s
progress: nodes=38,740,000,000 tested=60 found=0 n=179699021755401335603031 elapsed=1916s
progress: nodes=38,750,000,000 tested=60 found=0 n=180150390939808789264611 elapsed=1916s
progress: nodes=38,760,000,000 tested=60 found=0 n=112285281096855777233169 elapsed=1917s
progress: nodes=38,770,000,000 tested=60 found=0 n=207898851718010146383459 elapsed=1917s
progress: nodes=38,780,000,000 tested=60 found=0 n=165998022320633757703911 elapsed=1918s
progress: nodes=38,790,000,000 tested=60 found=0 n=164303449704178034259933 elapsed=1918s
progress: nodes=38,800,000,000 tested=60 found=0 n=204370253958917456064963 elapsed=1919s
progress: nodes=38,810,000,000 tested=60 found=0 n=141733355004990368309151 elapsed=1919s
progress: nodes=38,820,000,000 tested=60 found=0 n=110261428180952283473931 elapsed=1920s
progress: nodes=38,830,000,000 tested=60 found=0 n=164471658662247807324069 elapsed=1920s
progress: nodes=38,840,000,000 tested=60 found=0 n=136631659200758063539659 elapsed=1921s
progress: nodes=38,850,000,000 tested=60 found=0 n=191268475823900464640343 elapsed=1921s
progress: nodes=38,860,000,000 tested=60 found=0 n=163877350685742370429137 elapsed=1922s
progress: nodes=38,870,000,000 tested=60 found=0 n=192270359306634453680913 elapsed=1922s
progress: nodes=38,880,000,000 tested=60 found=0 n=169798325472603534134043 elapsed=1923s
progress: nodes=38,890,000,000 tested=60 found=0 n=168351563098428565638321 elapsed=1923s
progress: nodes=38,900,000,000 tested=60 found=0 n=193927637716102301411169 elapsed=1924s
progress: nodes=38,910,000,000 tested=60 found=0 n=136044661482805374848241 elapsed=1924s
progress: nodes=38,920,000,000 tested=60 found=0 n=174537600161289196825917 elapsed=1925s
progress: nodes=38,930,000,000 tested=60 found=0 n=188315084771771368192551 elapsed=1925s
progress: nodes=38,940,000,000 tested=60 found=0 n=174211842310340395420629 elapsed=1926s
progress: nodes=38,950,000,000 tested=60 found=0 n=182993648818659688595817 elapsed=1926s
progress: nodes=38,960,000,000 tested=60 found=0 n=214248574886931897744663 elapsed=1927s
progress: nodes=38,970,000,000 tested=60 found=0 n=186376579904990891421621 elapsed=1927s
progress: nodes=38,980,000,000 tested=60 found=0 n=171812792823979395340791 elapsed=1928s
progress: nodes=38,990,000,000 tested=60 found=0 n=211377619852083134021187 elapsed=1928s
progress: nodes=39,000,000,000 tested=60 found=0 n=216074842388941396933611 elapsed=1929s
progress: nodes=39,010,000,000 tested=60 found=0 n=216456826156237615786299 elapsed=1929s
progress: nodes=39,020,000,000 tested=60 found=0 n=185034301477652598336981 elapsed=1930s
progress: nodes=39,030,000,000 tested=60 found=0 n=182459599820904214991259 elapsed=1930s
progress: nodes=39,040,000,000 tested=60 found=0 n=202318364904450135096987 elapsed=1931s
progress: nodes=39,050,000,000 tested=60 found=0 n=194468754060550774490301 elapsed=1931s
progress: nodes=39,060,000,000 tested=60 found=0 n=218517505833781101864609 elapsed=1932s
progress: nodes=39,070,000,000 tested=60 found=0 n=225801403436799082305567 elapsed=1932s
progress: nodes=39,080,000,000 tested=60 found=0 n=552158740292574646804419 elapsed=1933s
progress: nodes=39,090,000,000 tested=60 found=0 n=534640762959154833366693 elapsed=1933s
progress: nodes=39,100,000,000 tested=60 found=0 n=534335897801192548211073 elapsed=1933s
progress: nodes=39,110,000,000 tested=60 found=0 n=553937067651925580721021 elapsed=1934s
progress: nodes=39,120,000,000 tested=60 found=0 n=594211465097555695622001 elapsed=1934s
progress: nodes=39,130,000,000 tested=60 found=0 n=651918664133169162656157 elapsed=1935s
progress: nodes=39,140,000,000 tested=60 found=0 n=727264671404068785703023 elapsed=1935s
progress: nodes=39,150,000,000 tested=60 found=0 n=821869027011120062920869 elapsed=1936s
progress: nodes=39,160,000,000 tested=60 found=0 n=936977532101997342126093 elapsed=1936s
progress: nodes=39,170,000,000 tested=60 found=0 n=85279017280680156285891 elapsed=1937s
progress: nodes=39,180,000,000 tested=60 found=0 n=218690211622990610838951 elapsed=1937s
progress: nodes=39,190,000,000 tested=60 found=0 n=375648972796807468440759 elapsed=1937s
progress: nodes=39,200,000,000 tested=60 found=0 n=554385014564425018453017 elapsed=1938s
progress: nodes=39,210,000,000 tested=60 found=0 n=756329235272832105032841 elapsed=1938s
progress: nodes=39,220,000,000 tested=60 found=0 n=980672612678168427637389 elapsed=1939s
progress: nodes=39,230,000,000 tested=60 found=0 n=222568695507537954182223 elapsed=1939s
progress: nodes=39,240,000,000 tested=60 found=0 n=470452256018570187661761 elapsed=1940s
progress: nodes=39,250,000,000 tested=60 found=0 n=745705854621319891208679 elapsed=1940s
progress: nodes=39,260,000,000 tested=60 found=0 n=66593884208191575115419 elapsed=1941s
progress: nodes=39,270,000,000 tested=60 found=0 n=356543892792400674765789 elapsed=1941s
progress: nodes=39,280,000,000 tested=60 found=0 n=680551148651930477506431 elapsed=1941s
progress: nodes=39,290,000,000 tested=60 found=0 n=53466326731810175786757 elapsed=1942s
progress: nodes=39,300,000,000 tested=60 found=0 n=396292477541732734119003 elapsed=1942s
progress: nodes=39,310,000,000 tested=60 found=0 n=783124225863070081033197 elapsed=1943s
progress: nodes=39,320,000,000 tested=60 found=0 n=196603982516685563482509 elapsed=1943s
progress: nodes=39,330,000,000 tested=60 found=0 n=603924249206475685953927 elapsed=1944s
progress: nodes=39,340,000,000 tested=60 found=0 n=66144781284516189470061 elapsed=1944s
progress: nodes=39,350,000,000 tested=60 found=0 n=493298556292375330094829 elapsed=1945s
progress: nodes=39,360,000,000 tested=60 found=0 n=968365519146392972614317 elapsed=1945s
progress: nodes=39,370,000,000 tested=60 found=0 n=451526516904965196800259 elapsed=1945s
progress: nodes=39,380,000,000 tested=60 found=0 n=959069843345520005334543 elapsed=1946s
progress: nodes=39,390,000,000 tested=60 found=0 n=472918554007249064574321 elapsed=1946s
progress: nodes=39,400,000,000 tested=60 found=0 n=40254496310862413451333 elapsed=1947s
progress: nodes=39,410,000,000 tested=60 found=0 n=560547689942476865316303 elapsed=1947s
progress: nodes=39,420,000,000 tested=60 found=0 n=147703762867147405276743 elapsed=1948s
progress: nodes=39,430,000,000 tested=60 found=0 n=722407037224986919143261 elapsed=1948s
progress: nodes=39,440,000,000 tested=60 found=0 n=334705839185837771416611 elapsed=1949s
progress: nodes=39,450,000,000 tested=60 found=0 n=966897188200677219560613 elapsed=1949s
progress: nodes=39,460,000,000 tested=60 found=0 n=608072820916051057470057 elapsed=1949s
progress: nodes=39,470,000,000 tested=60 found=0 n=281149637407933083377049 elapsed=1950s
progress: nodes=39,480,000,000 tested=60 found=0 n=964300767881257408072779 elapsed=1950s
progress: nodes=39,490,000,000 tested=60 found=0 n=664016999333690878647849 elapsed=1951s
progress: nodes=39,500,000,000 tested=60 found=0 n=392784042107671188498909 elapsed=1951s
progress: nodes=39,510,000,000 tested=60 found=0 n=152630625841620889781511 elapsed=1952s
progress: nodes=39,520,000,000 tested=60 found=0 n=906298200681660301430223 elapsed=1952s
progress: nodes=39,530,000,000 tested=60 found=0 n=690146775838785282524199 elapsed=1953s
progress: nodes=39,540,000,000 tested=60 found=0 n=498403836755798793024051 elapsed=1953s
progress: nodes=39,550,000,000 tested=60 found=0 n=332456748622304752508139 elapsed=1954s
progress: nodes=39,560,000,000 tested=60 found=0 n=192188855214956380547151 elapsed=1954s
progress: nodes=39,570,000,000 tested=60 found=0 n=73569123629804214946611 elapsed=1955s
progress: nodes=39,580,000,000 tested=60 found=0 n=938084102607945852154827 elapsed=1955s
progress: nodes=39,590,000,000 tested=61 found=0 n=840800781210614792542821 elapsed=1955s
progress: nodes=39,600,000,000 tested=61 found=0 n=761419442871981805092489 elapsed=1956s
progress: nodes=39,610,000,000 tested=61 found=0 n=699891276861163907352063 elapsed=1956s
progress: nodes=39,620,000,000 tested=61 found=0 n=661369685187116531782233 elapsed=1957s
progress: nodes=39,630,000,000 tested=61 found=0 n=643362899360516436799467 elapsed=1957s
progress: nodes=39,640,000,000 tested=61 found=0 n=648901543677797538964143 elapsed=1958s
progress: nodes=39,650,000,000 tested=61 found=0 n=860392519132439707363719 elapsed=1958s
progress: nodes=39,660,000,000 tested=61 found=0 n=433120582063354027857399 elapsed=1959s
progress: nodes=39,670,000,000 tested=61 found=0 n=350816044303389078887319 elapsed=1959s
progress: nodes=39,680,000,000 tested=61 found=0 n=571363216692726011263479 elapsed=1960s
progress: nodes=39,690,000,000 tested=61 found=0 n=184391802653670798373341 elapsed=1960s
progress: nodes=39,700,000,000 tested=61 found=0 n=166709828284180799522751 elapsed=1961s
progress: nodes=39,710,000,000 tested=61 found=0 n=506673348457132711991367 elapsed=1961s
progress: nodes=39,720,000,000 tested=61 found=0 n=269381873063115911188629 elapsed=1962s
progress: nodes=39,730,000,000 tested=61 found=0 n=286200925010713904081121 elapsed=1962s
progress: nodes=39,740,000,000 tested=61 found=0 n=602637812085417527097063 elapsed=1962s
progress: nodes=39,750,000,000 tested=61 found=0 n=384925245227672136699789 elapsed=1963s
progress: nodes=39,760,000,000 tested=61 found=0 n=500321808978209725308417 elapsed=1963s
progress: nodes=39,770,000,000 tested=61 found=0 n=136808532948976061129649 elapsed=1964s
progress: nodes=39,780,000,000 tested=61 found=0 n=71940540065810078216169 elapsed=1964s
progress: nodes=39,790,000,000 tested=61 found=0 n=274947209169280620301791 elapsed=1965s
progress: nodes=39,800,000,000 tested=61 found=0 n=39913764685719810311349 elapsed=1965s
progress: nodes=39,810,000,000 tested=61 found=0 n=115607269551252236158863 elapsed=1966s
progress: nodes=39,820,000,000 tested=61 found=0 n=482815355658254022470913 elapsed=1966s
progress: nodes=39,830,000,000 tested=61 found=0 n=420422938263776879619111 elapsed=1967s
progress: nodes=39,840,000,000 tested=61 found=0 n=638362066640813359057521 elapsed=1967s
progress: nodes=39,850,000,000 tested=61 found=0 n=401270736092644297334763 elapsed=1968s
progress: nodes=39,860,000,000 tested=61 found=0 n=456034356993704987446641 elapsed=1968s
progress: nodes=39,870,000,000 tested=61 found=0 n=138852770812758124816617 elapsed=1969s
progress: nodes=39,880,000,000 tested=61 found=0 n=120655754398711380617307 elapsed=1969s
progress: nodes=39,890,000,000 tested=61 found=0 n=426553744120729990581663 elapsed=1970s
progress: nodes=39,900,000,000 tested=61 found=0 n=370506792051626691162933 elapsed=1970s
progress: nodes=39,910,000,000 tested=61 found=0 n=634020481955439736789401 elapsed=1970s
progress: nodes=39,920,000,000 tested=61 found=0 n=537011803591805043760797 elapsed=1971s
progress: nodes=39,930,000,000 tested=61 found=0 n=76644695792809299210363 elapsed=1971s
progress: nodes=39,940,000,000 tested=61 found=0 n=515298083374160230989537 elapsed=1972s
progress: nodes=39,950,000,000 tested=61 found=0 n=75025515030126022115523 elapsed=1972s
progress: nodes=39,960,000,000 tested=61 found=0 n=504021920723550333029079 elapsed=1973s
progress: nodes=39,970,000,000 tested=61 found=0 n=67655440607661629389359 elapsed=1973s
progress: nodes=39,980,000,000 tested=61 found=0 n=500551169893311506113683 elapsed=1974s
progress: nodes=39,990,000,000 tested=61 found=0 n=64832061273114836062593 elapsed=1974s
progress: nodes=40,000,000,000 tested=61 found=0 n=506787131694982740836157 elapsed=1975s
progress: nodes=40,010,000,000 tested=61 found=0 n=118795666461797620439991 elapsed=1975s
progress: nodes=40,020,000,000 tested=61 found=0 n=544882458814569775572057 elapsed=1976s
progress: nodes=40,030,000,000 tested=61 found=0 n=159885411416012751852537 elapsed=1976s
progress: nodes=40,040,000,000 tested=61 found=0 n=63620814903564690274041 elapsed=1977s
progress: nodes=40,050,000,000 tested=61 found=0 n=245592534891318799283253 elapsed=1977s
progress: nodes=40,060,000,000 tested=61 found=0 n=205054464651268245681591 elapsed=1978s
progress: nodes=40,070,000,000 tested=61 found=0 n=527247727768282371855543 elapsed=1978s
progress: nodes=40,080,000,000 tested=61 found=0 n=138905250280015266368937 elapsed=1978s
progress: nodes=40,090,000,000 tested=61 found=0 n=497411137254794244001443 elapsed=1979s
progress: nodes=40,100,000,000 tested=61 found=0 n=157398548730665975220411 elapsed=1979s
progress: nodes=40,110,000,000 tested=61 found=0 n=122254113504430568524941 elapsed=1980s
progress: nodes=40,120,000,000 tested=61 found=0 n=396835188988692373162551 elapsed=1980s
progress: nodes=40,130,000,000 tested=61 found=0 n=70542094052939966627247 elapsed=1981s
progress: nodes=40,140,000,000 tested=61 found=0 n=451452995830416471036453 elapsed=1981s
progress: nodes=40,150,000,000 tested=61 found=0 n=237973537404295111777743 elapsed=1982s
progress: nodes=40,160,000,000 tested=61 found=0 n=315034754136375556178973 elapsed=1982s
progress: nodes=40,170,000,000 tested=61 found=0 n=210960307683818953044939 elapsed=1983s
progress: nodes=40,180,000,000 tested=61 found=0 n=381869728373001719210283 elapsed=1983s
progress: nodes=40,190,000,000 tested=61 found=0 n=429553560399194931840063 elapsed=1984s
progress: nodes=40,200,000,000 tested=61 found=0 n=376372152213431577185367 elapsed=1984s
progress: nodes=40,210,000,000 tested=61 found=0 n=206867073699243848883069 elapsed=1985s
progress: nodes=40,220,000,000 tested=61 found=0 n=319537251535376093316867 elapsed=1985s
progress: nodes=40,230,000,000 tested=61 found=0 n=294156932343409537407621 elapsed=1986s
progress: nodes=40,240,000,000 tested=61 found=0 n=182739350955677470271163 elapsed=1986s
progress: nodes=40,250,000,000 tested=61 found=0 n=378112595708290868882919 elapsed=1986s
progress: nodes=40,260,000,000 tested=61 found=0 n=91840626889564428908109 elapsed=1987s
progress: nodes=40,270,000,000 tested=61 found=0 n=114041719889299205214057 elapsed=1987s
progress: nodes=40,280,000,000 tested=61 found=0 n=66891109361974649212923 elapsed=1988s
progress: nodes=40,290,000,000 tested=61 found=0 n=301062682393970046458139 elapsed=1988s
progress: nodes=40,300,000,000 tested=61 found=0 n=89304457829025082126329 elapsed=1989s
progress: nodes=40,310,000,000 tested=61 found=0 n=152332117784893072818099 elapsed=1989s
progress: nodes=40,320,000,000 tested=61 found=0 n=157804732771582721258511 elapsed=1990s
progress: nodes=40,330,000,000 tested=61 found=0 n=96444415794167866727379 elapsed=1990s
progress: nodes=40,340,000,000 tested=61 found=0 n=313217057301687184420467 elapsed=1991s
progress: nodes=40,350,000,000 tested=61 found=0 n=126018020665335749159979 elapsed=1991s
progress: nodes=40,360,000,000 tested=61 found=0 n=186936959270773488664503 elapsed=1992s
progress: nodes=40,370,000,000 tested=61 found=0 n=185649551998759143808821 elapsed=1992s
progress: nodes=40,380,000,000 tested=61 found=0 n=147600625523817747531789 elapsed=1993s
progress: nodes=40,390,000,000 tested=61 found=0 n=66528374302694334085209 elapsed=1993s
progress: nodes=40,400,000,000 tested=61 found=0 n=265424261294268107652159 elapsed=1994s
progress: nodes=40,410,000,000 tested=61 found=0 n=113244224352151019305563 elapsed=1994s
progress: nodes=40,420,000,000 tested=61 found=0 n=255287715467615514544707 elapsed=1994s
progress: nodes=40,430,000,000 tested=61 found=0 n=56162750784320311506837 elapsed=1995s
progress: nodes=40,440,000,000 tested=61 found=0 n=172530094946649724286541 elapsed=1995s
progress: nodes=40,450,000,000 tested=61 found=0 n=290221336498519580891121 elapsed=1996s
progress: nodes=40,460,000,000 tested=61 found=0 n=88897738946022931631553 elapsed=1996s
progress: nodes=40,470,000,000 tested=61 found=0 n=159689709283775290474239 elapsed=1997s
progress: nodes=40,480,000,000 tested=61 found=0 n=225605370975625385927721 elapsed=1997s
progress: nodes=40,490,000,000 tested=61 found=0 n=312798601648027298711061 elapsed=1998s
progress: nodes=40,500,000,000 tested=61 found=0 n=115277489488091822184909 elapsed=1998s
progress: nodes=40,510,000,000 tested=61 found=0 n=230215945154636666903139 elapsed=1999s
progress: nodes=40,520,000,000 tested=61 found=0 n=75739056757453982596473 elapsed=1999s
progress: nodes=40,530,000,000 tested=61 found=0 n=194965163999360981772777 elapsed=2000s
progress: nodes=40,540,000,000 tested=61 found=0 n=55471474522543859146521 elapsed=2000s
progress: nodes=40,550,000,000 tested=61 found=0 n=223683593555112325891641 elapsed=2001s
progress: nodes=40,560,000,000 tested=61 found=0 n=147364786738439748037791 elapsed=2001s
progress: nodes=40,570,000,000 tested=61 found=0 n=91402466880028378064067 elapsed=2002s
progress: nodes=40,580,000,000 tested=61 found=0 n=95632273466877614701311 elapsed=2002s
progress: nodes=40,590,000,000 tested=61 found=0 n=165886699093413388043877 elapsed=2002s
progress: nodes=40,600,000,000 tested=61 found=0 n=52561239560619544651743 elapsed=2003s
progress: nodes=40,610,000,000 tested=61 found=0 n=209622328617326885534043 elapsed=2003s
progress: nodes=40,620,000,000 tested=61 found=0 n=164693705110996926989817 elapsed=2004s
progress: nodes=40,630,000,000 tested=61 found=0 n=177472814397338823189057 elapsed=2004s
progress: nodes=40,640,000,000 tested=61 found=0 n=262028870096494047735573 elapsed=2005s
progress: nodes=40,650,000,000 tested=61 found=0 n=191780925697656878878449 elapsed=2005s
progress: nodes=40,660,000,000 tested=61 found=0 n=193419531436901849125893 elapsed=2006s
progress: nodes=40,670,000,000 tested=61 found=0 n=272230012642128224782329 elapsed=2006s
progress: nodes=40,680,000,000 tested=61 found=0 n=196061474530566803061981 elapsed=2007s
progress: nodes=40,690,000,000 tested=61 found=0 n=214185098633218038020079 elapsed=2007s
progress: nodes=40,700,000,000 tested=61 found=0 n=99036362267325405063603 elapsed=2008s
progress: nodes=40,710,000,000 tested=61 found=0 n=53987136032269620979029 elapsed=2008s
progress: nodes=40,720,000,000 tested=61 found=0 n=102106669488677277052167 elapsed=2009s
progress: nodes=40,730,000,000 tested=61 found=0 n=226697499896252610259881 elapsed=2009s
progress: nodes=40,740,000,000 tested=61 found=0 n=209529030617496392334147 elapsed=2010s
progress: nodes=40,750,000,000 tested=61 found=0 n=67394221942803300148527 elapsed=2010s
progress: nodes=40,760,000,000 tested=61 found=0 n=235338793513968345707583 elapsed=2011s
progress: nodes=40,770,000,000 tested=61 found=0 n=105751424828590980674697 elapsed=2011s
progress: nodes=40,780,000,000 tested=61 found=0 n=90814778052509556577917 elapsed=2012s
progress: nodes=40,790,000,000 tested=61 found=0 n=199386363816133639741827 elapsed=2012s
progress: nodes=40,800,000,000 tested=61 found=0 n=217981459597571125971669 elapsed=2012s
progress: nodes=40,810,000,000 tested=61 found=0 n=139033371707108690480361 elapsed=2013s
progress: nodes=40,820,000,000 tested=61 found=0 n=187461292861166352361641 elapsed=2013s
progress: nodes=40,830,000,000 tested=61 found=0 n=157130344385134500702861 elapsed=2014s
progress: nodes=40,840,000,000 tested=61 found=0 n=55280212703072487306099 elapsed=2014s
progress: nodes=40,850,000,000 tested=61 found=0 n=69478987556095424558559 elapsed=2015s
progress: nodes=40,860,000,000 tested=61 found=0 n=219668537050537761252297 elapsed=2015s
progress: nodes=40,870,000,000 tested=61 found=0 n=134498165208977208334311 elapsed=2016s
progress: nodes=40,880,000,000 tested=61 found=0 n=215645189207062637705067 elapsed=2016s
progress: nodes=40,890,000,000 tested=61 found=0 n=58167760949976558788523 elapsed=2017s
progress: nodes=40,900,000,000 tested=61 found=0 n=237073596521466410111637 elapsed=2017s
progress: nodes=40,910,000,000 tested=61 found=0 n=215206530249053879828523 elapsed=2018s
progress: nodes=40,920,000,000 tested=61 found=0 n=177508728157703460170499 elapsed=2018s
progress: nodes=40,930,000,000 tested=61 found=0 n=135503588818674255690819 elapsed=2019s
progress: nodes=40,940,000,000 tested=61 found=0 n=96225781937575647226023 elapsed=2019s
progress: nodes=40,950,000,000 tested=61 found=0 n=65907630185591067267933 elapsed=2020s
progress: nodes=40,960,000,000 tested=61 found=0 n=211458854005203624356691 elapsed=2020s
progress: nodes=40,970,000,000 tested=61 found=0 n=212701015457424225707283 elapsed=2021s
progress: nodes=40,980,000,000 tested=61 found=0 n=77638503106397947293657 elapsed=2021s
progress: nodes=40,990,000,000 tested=61 found=0 n=142299086678979199032987 elapsed=2022s
progress: nodes=41,000,000,000 tested=61 found=0 n=88984067030967451676949 elapsed=2022s
progress: nodes=41,010,000,000 tested=61 found=0 n=82825599893127432817707 elapsed=2023s
progress: nodes=41,020,000,000 tested=61 found=0 n=128923091679796254303309 elapsed=2023s
progress: nodes=41,030,000,000 tested=61 found=0 n=72747206811048260385279 elapsed=2023s
progress: nodes=41,040,000,000 tested=61 found=0 n=79093186965554910636411 elapsed=2024s
progress: nodes=41,050,000,000 tested=61 found=0 n=144822727074580874545149 elapsed=2024s
progress: nodes=41,060,000,000 tested=61 found=0 n=149508363536439366621393 elapsed=2025s
progress: nodes=41,070,000,000 tested=61 found=0 n=103783338644021324031051 elapsed=2025s
progress: nodes=41,080,000,000 tested=61 found=0 n=191582234810986166801577 elapsed=2026s
progress: nodes=41,090,000,000 tested=61 found=0 n=100213426671527984797521 elapsed=2026s
progress: nodes=41,100,000,000 tested=61 found=0 n=124578329844210816089439 elapsed=2027s
progress: nodes=41,110,000,000 tested=61 found=0 n=117427535404094870853129 elapsed=2027s
progress: nodes=41,120,000,000 tested=61 found=0 n=137182871128439972545479 elapsed=2028s
progress: nodes=41,130,000,000 tested=61 found=0 n=179001366006052907489403 elapsed=2028s
progress: nodes=41,140,000,000 tested=61 found=0 n=101883934963059890867919 elapsed=2029s
progress: nodes=41,150,000,000 tested=61 found=0 n=194123693953641094651701 elapsed=2029s
progress: nodes=41,160,000,000 tested=61 found=0 n=192004978017304336654539 elapsed=2030s
progress: nodes=41,170,000,000 tested=61 found=0 n=122893947501233942423313 elapsed=2030s
progress: nodes=41,180,000,000 tested=61 found=0 n=118536503005196905493403 elapsed=2031s
progress: nodes=41,190,000,000 tested=61 found=0 n=192447708939682236830097 elapsed=2031s
progress: nodes=41,200,000,000 tested=61 found=0 n=96286441857940573606521 elapsed=2032s
progress: nodes=41,210,000,000 tested=61 found=0 n=86724193152519296699787 elapsed=2032s
progress: nodes=41,220,000,000 tested=61 found=0 n=185718251390776332485103 elapsed=2033s
progress: nodes=41,230,000,000 tested=61 found=0 n=182965679701689439032093 elapsed=2033s
progress: nodes=41,240,000,000 tested=61 found=0 n=96859257546567763102779 elapsed=2034s
progress: nodes=41,250,000,000 tested=61 found=0 n=92692716372480847577031 elapsed=2034s
progress: nodes=41,260,000,000 tested=61 found=0 n=169792882272388001767833 elapsed=2035s
progress: nodes=41,270,000,000 tested=61 found=0 n=197818539602333417409411 elapsed=2035s
progress: nodes=41,280,000,000 tested=61 found=0 n=93129555216988549581399 elapsed=2036s
progress: nodes=41,290,000,000 tested=61 found=0 n=125298302913057794894451 elapsed=2036s
progress: nodes=41,300,000,000 tested=61 found=0 n=183602901957008153313771 elapsed=2037s
progress: nodes=41,310,000,000 tested=61 found=0 n=183532741642425922551189 elapsed=2037s
progress: nodes=41,320,000,000 tested=61 found=0 n=160762899593550752180991 elapsed=2038s
progress: nodes=41,330,000,000 tested=61 found=0 n=149139412123457053137609 elapsed=2038s
progress: nodes=41,340,000,000 tested=61 found=0 n=162684162952491022058601 elapsed=2039s
progress: nodes=41,350,000,000 tested=61 found=0 n=118031902461760339863657 elapsed=2039s
progress: nodes=41,360,000,000 tested=61 found=0 n=105653482571642923785483 elapsed=2040s
progress: nodes=41,370,000,000 tested=61 found=0 n=207180979013038755249063 elapsed=2040s
progress: nodes=41,380,000,000 tested=61 found=0 n=206183862795211758081009 elapsed=2041s
progress: nodes=41,390,000,000 tested=61 found=0 n=132140106637400061016047 elapsed=2041s
progress: nodes=41,400,000,000 tested=61 found=0 n=163745136089892362435661 elapsed=2042s
progress: nodes=41,410,000,000 tested=61 found=0 n=163730416818065838777729 elapsed=2042s
progress: nodes=41,420,000,000 tested=61 found=0 n=191123019150420975231537 elapsed=2043s
progress: nodes=41,430,000,000 tested=61 found=0 n=177857225416236164366799 elapsed=2043s
progress: nodes=41,440,000,000 tested=61 found=0 n=197469536474756264135571 elapsed=2044s
progress: nodes=41,450,000,000 tested=61 found=0 n=150758247991662313820433 elapsed=2044s
progress: nodes=41,460,000,000 tested=61 found=0 n=159604778185212873784887 elapsed=2045s
progress: nodes=41,470,000,000 tested=61 found=0 n=185385811039787729024577 elapsed=2045s
progress: nodes=41,480,000,000 tested=61 found=0 n=142124957684645511591477 elapsed=2046s
progress: nodes=41,490,000,000 tested=61 found=0 n=164297204274118868115471 elapsed=2046s
progress: nodes=41,500,000,000 tested=61 found=0 n=195123497742660900691971 elapsed=2047s
progress: nodes=41,510,000,000 tested=61 found=0 n=139263762751455088341441 elapsed=2047s
progress: nodes=41,520,000,000 tested=61 found=0 n=196902267147657673934409 elapsed=2048s
progress: nodes=41,530,000,000 tested=61 found=0 n=196209726542224391734353 elapsed=2048s
progress: nodes=41,540,000,000 tested=61 found=0 n=162526983964074942152787 elapsed=2049s
progress: nodes=41,550,000,000 tested=61 found=0 n=175151723998463538595731 elapsed=2049s
progress: nodes=41,560,000,000 tested=61 found=0 n=215865312861096716486823 elapsed=2050s
progress: nodes=41,570,000,000 tested=61 found=0 n=216129742891590515870421 elapsed=2051s
progress: nodes=41,580,000,000 tested=61 found=0 n=190878766107932619686277 elapsed=2051s
progress: nodes=41,590,000,000 tested=61 found=0 n=181956582436968329899293 elapsed=2052s
progress: nodes=41,600,000,000 tested=61 found=0 n=212441789819063467252359 elapsed=2052s
progress: nodes=41,610,000,000 tested=61 found=0 n=218578799500215066527769 elapsed=2053s
progress: nodes=41,620,000,000 tested=61 found=0 n=228035013268940229932811 elapsed=2053s
progress: nodes=41,630,000,000 tested=61 found=0 n=337166882800289912163717 elapsed=2054s
progress: nodes=41,640,000,000 tested=61 found=0 n=621299454934630451840091 elapsed=2054s
progress: nodes=41,650,000,000 tested=61 found=0 n=930081848941298083213953 elapsed=2054s
progress: nodes=41,660,000,000 tested=61 found=0 n=248732580233490602688747 elapsed=2055s
progress: nodes=41,670,000,000 tested=61 found=0 n=578582632768548482974053 elapsed=2055s
progress: nodes=41,680,000,000 tested=61 found=0 n=942728349372172020745857 elapsed=2056s
progress: nodes=41,690,000,000 tested=61 found=0 n=313238829353603410021149 elapsed=2056s
progress: nodes=41,700,000,000 tested=61 found=0 n=703785521414384270415477 elapsed=2057s
progress: nodes=41,710,000,000 tested=61 found=0 n=129988036159223061361311 elapsed=2057s
progress: nodes=41,720,000,000 tested=61 found=0 n=542321582488770317689071 elapsed=2058s
progress: nodes=41,730,000,000 tested=61 found=0 n=999765468503618968401327 elapsed=2058s
progress: nodes=41,740,000,000 tested=61 found=0 n=459032390349686416909107 elapsed=2059s
progress: nodes=41,750,000,000 tested=61 found=0 n=948445969414521192039117 elapsed=2059s
progress: nodes=41,760,000,000 tested=61 found=0 n=443958155336618076057057 elapsed=2059s
progress: nodes=41,770,000,000 tested=61 found=0 n=968385483229034617530399 elapsed=2060s
progress: nodes=41,780,000,000 tested=61 found=0 n=492734698888153650856389 elapsed=2060s
progress: nodes=41,790,000,000 tested=61 found=0 n=66958862287763805429609 elapsed=2061s
progress: nodes=41,800,000,000 tested=61 found=0 n=612724120731655014873483 elapsed=2061s
progress: nodes=41,810,000,000 tested=61 found=0 n=210814752379971328722441 elapsed=2062s
progress: nodes=41,820,000,000 tested=61 found=0 n=812917552156148014495227 elapsed=2062s
progress: nodes=41,830,000,000 tested=61 found=0 n=435388987726620187601187 elapsed=2063s
progress: nodes=41,840,000,000 tested=61 found=0 n=94957859939196713428431 elapsed=2063s
progress: nodes=41,850,000,000 tested=61 found=0 n=730845594211865894721729 elapsed=2064s
progress: nodes=41,860,000,000 tested=61 found=0 n=404372302577285418121977 elapsed=2064s
progress: nodes=41,870,000,000 tested=61 found=0 n=113378583062494697393061 elapsed=2064s
progress: nodes=41,880,000,000 tested=61 found=0 n=805522042626265029911769 elapsed=2065s
progress: nodes=41,890,000,000 tested=61 found=0 n=524711820721639953970953 elapsed=2065s
progress: nodes=41,900,000,000 tested=61 found=0 n=267040452386893465262367 elapsed=2066s
progress: nodes=41,910,000,000 tested=61 found=0 n=46025002884795923712339 elapsed=2066s
progress: nodes=41,920,000,000 tested=61 found=0 n=793571059196233715079837 elapsed=2067s
progress: nodes=41,930,000,000 tested=61 found=0 n=583591254177332653808787 elapsed=2067s
progress: nodes=41,940,000,000 tested=61 found=0 n=393408759290778001751211 elapsed=2068s
progress: nodes=41,950,000,000 tested=61 found=0 n=227625117211571495667867 elapsed=2068s
progress: nodes=41,960,000,000 tested=61 found=0 n=85552268640504938556669 elapsed=2069s
progress: nodes=41,970,000,000 tested=61 found=0 n=931482415879848346743999 elapsed=2069s
progress: nodes=41,980,000,000 tested=61 found=0 n=806716736173513505062107 elapsed=2070s
progress: nodes=41,990,000,000 tested=61 found=0 n=702220465730066290322931 elapsed=2070s
progress: nodes=42,000,000,000 tested=61 found=0 n=614840430614414734338147 elapsed=2071s
progress: nodes=42,010,000,000 tested=61 found=0 n=546283392342617914235559 elapsed=2071s
progress: nodes=42,020,000,000 tested=61 found=0 n=499374797669760003988689 elapsed=2071s
progress: nodes=42,030,000,000 tested=61 found=0 n=470013670106849538737991 elapsed=2072s
progress: nodes=42,040,000,000 tested=61 found=0 n=457027364583478515188439 elapsed=2072s
progress: nodes=42,050,000,000 tested=61 found=0 n=459473324879893171813119 elapsed=2073s
progress: nodes=42,060,000,000 tested=61 found=0 n=478012950220740199663167 elapsed=2073s
progress: nodes=42,070,000,000 tested=61 found=0 n=517335153300681680676789 elapsed=2074s
progress: nodes=42,080,000,000 tested=61 found=0 n=576946670495437192365261 elapsed=2074s
progress: nodes=42,090,000,000 tested=61 found=0 n=654199249375541159106201 elapsed=2075s
progress: nodes=42,100,000,000 tested=61 found=0 n=749750115398214959603883 elapsed=2075s
progress: nodes=42,110,000,000 tested=61 found=0 n=864930409172103855152187 elapsed=2076s
progress: nodes=42,120,000,000 tested=61 found=0 n=27424139344762135168809 elapsed=2076s
progress: nodes=42,130,000,000 tested=61 found=0 n=158712045382785124908909 elapsed=2077s
progress: nodes=42,140,000,000 tested=61 found=0 n=315181640713534888249341 elapsed=2077s
progress: nodes=42,150,000,000 tested=61 found=0 n=622694258479198433095029 elapsed=2078s
progress: nodes=42,160,000,000 tested=61 found=0 n=270987364001015268299847 elapsed=2078s
progress: nodes=42,170,000,000 tested=61 found=0 n=255839229368077411911393 elapsed=2079s
progress: nodes=42,180,000,000 tested=61 found=0 n=567262061487055080917001 elapsed=2079s
progress: nodes=42,190,000,000 tested=61 found=0 n=312805351863286486123689 elapsed=2080s
progress: nodes=42,200,000,000 tested=61 found=0 n=367839441577109812629627 elapsed=2080s
progress: nodes=42,210,000,000 tested=61 found=0 n=792611138762771309474031 elapsed=2081s
progress: nodes=42,220,000,000 tested=61 found=0 n=657881196887924218917477 elapsed=2081s
progress: nodes=42,230,000,000 tested=61 found=0 n=820376027279054227659447 elapsed=2082s
progress: nodes=42,240,000,000 tested=61 found=0 n=397154457707207651178651 elapsed=2082s
progress: nodes=42,250,000,000 tested=61 found=0 n=422985698642072590801623 elapsed=2083s
progress: nodes=42,260,000,000 tested=61 found=0 n=760357527816778872319647 elapsed=2083s
progress: nodes=42,270,000,000 tested=61 found=0 n=553704825180702549400893 elapsed=2084s
progress: nodes=42,280,000,000 tested=61 found=0 n=642292562229625794281949 elapsed=2084s
progress: nodes=42,290,000,000 tested=61 found=0 n=262844724901345450043103 elapsed=2085s
progress: nodes=42,300,000,000 tested=61 found=0 n=191055428823165740201907 elapsed=2085s
progress: nodes=42,310,000,000 tested=61 found=0 n=389730208203958102306749 elapsed=2086s
progress: nodes=42,320,000,000 tested=61 found=0 n=124219639501754620907853 elapsed=2086s
progress: nodes=42,330,000,000 tested=61 found=0 n=152621117537731154040267 elapsed=2087s
progress: nodes=42,340,000,000 tested=61 found=0 n=448105566349732122625563 elapsed=2087s
progress: nodes=42,350,000,000 tested=61 found=0 n=383689342298224414775169 elapsed=2087s
progress: nodes=42,360,000,000 tested=61 found=0 n=651944467301614849313721 elapsed=2088s
progress: nodes=42,370,000,000 tested=61 found=0 n=541904317343767492639371 elapsed=2088s
progress: nodes=42,380,000,000 tested=61 found=0 n=93109989389888631548619 elapsed=2089s
progress: nodes=42,390,000,000 tested=61 found=0 n=623826332962828125951051 elapsed=2089s
progress: nodes=42,400,000,000 tested=61 found=0 n=209017172778565927775769 elapsed=2090s
progress: nodes=42,410,000,000 tested=61 found=0 n=142927918163503649040249 elapsed=2090s
progress: nodes=42,420,000,000 tested=61 found=0 n=408766085275234766210901 elapsed=2091s
progress: nodes=42,430,000,000 tested=61 found=0 n=418476061687678813739151 elapsed=2091s
progress: nodes=42,440,000,000 tested=61 found=0 n=166811536759055975034633 elapsed=2092s
progress: nodes=42,450,000,000 tested=61 found=0 n=205691237172729202100283 elapsed=2092s
progress: nodes=42,460,000,000 tested=61 found=0 n=532392459231088215323487 elapsed=2093s
progress: nodes=42,470,000,000 tested=61 found=0 n=34723280193769866572181 elapsed=2093s
progress: nodes=42,480,000,000 tested=61 found=0 n=424619589927454534208673 elapsed=2094s
progress: nodes=42,490,000,000 tested=61 found=0 n=82489800637072710181377 elapsed=2094s
progress: nodes=42,500,000,000 tested=61 found=0 n=70087478047754926761387 elapsed=2095s
progress: nodes=42,510,000,000 tested=61 found=0 n=353141758969491109708629 elapsed=2095s
progress: nodes=42,520,000,000 tested=61 found=0 n=457922153052970620466221 elapsed=2096s
progress: nodes=42,530,000,000 tested=61 found=0 n=378879189867842156063109 elapsed=2096s
progress: nodes=42,540,000,000 tested=61 found=0 n=72506452078657169410761 elapsed=2097s
progress: nodes=42,550,000,000 tested=61 found=0 n=70282775987875482099453 elapsed=2097s
progress: nodes=42,560,000,000 tested=61 found=0 n=377073768877341210606393 elapsed=2098s
progress: nodes=42,570,000,000 tested=61 found=0 n=37116909444330194808483 elapsed=2098s
progress: nodes=42,580,000,000 tested=61 found=0 n=440813001800375092151109 elapsed=2099s
progress: nodes=42,590,000,000 tested=61 found=0 n=237803836669278624174969 elapsed=2099s
progress: nodes=42,600,000,000 tested=61 found=0 n=337975561276645390900263 elapsed=2100s
progress: nodes=42,610,000,000 tested=61 found=0 n=259388375106592494384237 elapsed=2100s
progress: nodes=42,620,000,000 tested=61 found=0 n=34518432572450686198647 elapsed=2101s
progress: nodes=42,630,000,000 tested=61 found=0 n=96619976628275537428761 elapsed=2101s
progress: nodes=42,640,000,000 tested=61 found=0 n=69776501386000202515953 elapsed=2102s
progress: nodes=42,650,000,000 tested=61 found=0 n=329225846780873631954519 elapsed=2102s
progress: nodes=42,660,000,000 tested=61 found=0 n=54961183176576048499743 elapsed=2102s
progress: nodes=42,670,000,000 tested=61 found=0 n=46244076988308247408437 elapsed=2103s
progress: nodes=42,680,000,000 tested=61 found=0 n=346035707114285039780313 elapsed=2103s
progress: nodes=42,690,000,000 tested=61 found=0 n=142725399100145615616093 elapsed=2104s
progress: nodes=42,700,000,000 tested=61 found=0 n=240506269321394031424623 elapsed=2104s
progress: nodes=42,710,000,000 tested=61 found=0 n=244082551484992377286899 elapsed=2105s
progress: nodes=42,720,000,000 tested=61 found=0 n=172926719129392508328741 elapsed=2105s
progress: nodes=42,730,000,000 tested=61 found=0 n=374418284151294984605697 elapsed=2106s
progress: nodes=42,740,000,000 tested=61 found=0 n=108300193353434533721193 elapsed=2106s
progress: nodes=42,750,000,000 tested=61 found=0 n=142040772133201359175527 elapsed=2107s
progress: nodes=42,760,000,000 tested=61 found=0 n=126180232658187605592849 elapsed=2107s
progress: nodes=42,770,000,000 tested=61 found=0 n=99242890037608861749051 elapsed=2108s
progress: nodes=42,780,000,000 tested=61 found=0 n=326813362283719838106657 elapsed=2108s
progress: nodes=42,790,000,000 tested=61 found=0 n=154298685068224973208009 elapsed=2109s
progress: nodes=42,800,000,000 tested=61 found=0 n=310601899424332688029011 elapsed=2109s
progress: nodes=42,810,000,000 tested=61 found=0 n=108465785276575875540777 elapsed=2110s
progress: nodes=42,820,000,000 tested=61 found=0 n=193179793644078810468669 elapsed=2110s
progress: nodes=42,830,000,000 tested=61 found=0 n=254835222144411076163919 elapsed=2111s
progress: nodes=42,840,000,000 tested=61 found=0 n=274688675273600755384833 elapsed=2111s
progress: nodes=42,850,000,000 tested=61 found=0 n=274287778499278962029997 elapsed=2112s
progress: nodes=42,860,000,000 tested=61 found=0 n=297701135862155980919811 elapsed=2112s
progress: nodes=42,870,000,000 tested=61 found=0 n=320705369006300661654117 elapsed=2113s
progress: nodes=42,880,000,000 tested=61 found=0 n=316957518285962275655703 elapsed=2113s
progress: nodes=42,890,000,000 tested=61 found=0 n=324213522611049463775229 elapsed=2114s
progress: nodes=42,900,000,000 tested=61 found=0 n=57849353956544085651177 elapsed=2114s
progress: nodes=42,910,000,000 tested=61 found=0 n=104294349643723531828767 elapsed=2115s
progress: nodes=42,920,000,000 tested=61 found=0 n=178677157784395896648099 elapsed=2115s
progress: nodes=42,930,000,000 tested=61 found=0 n=271167667640766559359081 elapsed=2116s
progress: nodes=42,940,000,000 tested=61 found=0 n=94844585344038338955069 elapsed=2116s
progress: nodes=42,950,000,000 tested=61 found=0 n=229469739392567551074813 elapsed=2117s
progress: nodes=42,960,000,000 tested=61 found=0 n=112514645351815684181127 elapsed=2117s
progress: nodes=42,970,000,000 tested=61 found=0 n=292375447243861191415821 elapsed=2118s
progress: nodes=42,980,000,000 tested=61 found=0 n=221025076484578058463309 elapsed=2118s
progress: nodes=42,990,000,000 tested=61 found=0 n=162756720099092408030973 elapsed=2119s
progress: nodes=43,000,000,000 tested=61 found=0 n=151622108567166251340711 elapsed=2119s
progress: nodes=43,010,000,000 tested=61 found=0 n=187203013828051139889201 elapsed=2120s
progress: nodes=43,020,000,000 tested=61 found=0 n=263485137265201271512323 elapsed=2120s
progress: nodes=43,030,000,000 tested=61 found=0 n=147941467841455371379989 elapsed=2121s
progress: nodes=43,040,000,000 tested=61 found=0 n=97900160150564766917307 elapsed=2121s
progress: nodes=43,050,000,000 tested=61 found=0 n=134698051181267210752731 elapsed=2121s
progress: nodes=43,060,000,000 tested=61 found=0 n=239872665462635401001883 elapsed=2122s
progress: nodes=43,070,000,000 tested=61 found=0 n=160837999138193677448841 elapsed=2122s
progress: nodes=43,080,000,000 tested=61 found=0 n=158954753347420695669081 elapsed=2123s
progress: nodes=43,090,000,000 tested=61 found=0 n=253625816299304634951843 elapsed=2123s
progress: nodes=43,100,000,000 tested=61 found=0 n=205838067705150643542549 elapsed=2124s
progress: nodes=43,110,000,000 tested=61 found=0 n=252308344624282711721187 elapsed=2124s
progress: nodes=43,120,000,000 tested=61 found=0 n=143306016899850874369377 elapsed=2125s
progress: nodes=43,130,000,000 tested=61 found=0 n=126621384481065742759953 elapsed=2125s
progress: nodes=43,140,000,000 tested=61 found=0 n=223638605825535737853093 elapsed=2126s
progress: nodes=43,150,000,000 tested=61 found=0 n=177984201387013165378773 elapsed=2126s
progress: nodes=43,160,000,000 tested=61 found=0 n=50368033650803925638043 elapsed=2127s
progress: nodes=43,170,000,000 tested=61 found=0 n=58246968292638621900327 elapsed=2127s
progress: nodes=43,180,000,000 tested=61 found=0 n=183405503616783283411191 elapsed=2128s
progress: nodes=43,190,000,000 tested=61 found=0 n=206032140175823818501491 elapsed=2128s
progress: nodes=43,200,000,000 tested=61 found=0 n=142956607979138919970851 elapsed=2129s
progress: nodes=43,210,000,000 tested=61 found=0 n=220054790690775608036931 elapsed=2129s
progress: nodes=43,220,000,000 tested=61 found=0 n=237918454356111207631029 elapsed=2130s
progress: nodes=43,230,000,000 tested=61 found=0 n=198437830600795297119531 elapsed=2130s
progress: nodes=43,240,000,000 tested=61 found=0 n=101645625492812131300647 elapsed=2131s
progress: nodes=43,250,000,000 tested=61 found=0 n=157351446051011145237843 elapsed=2131s
progress: nodes=43,260,000,000 tested=61 found=0 n=183345281947199237395761 elapsed=2132s
progress: nodes=43,270,000,000 tested=61 found=0 n=159849886004598618309789 elapsed=2132s
progress: nodes=43,280,000,000 tested=61 found=0 n=112269769775331250364667 elapsed=2133s
progress: nodes=43,290,000,000 tested=61 found=0 n=199944695965489143459021 elapsed=2133s
progress: nodes=43,300,000,000 tested=61 found=0 n=76812947473975098636789 elapsed=2134s
progress: nodes=43,310,000,000 tested=61 found=0 n=110400099664464260279937 elapsed=2134s
progress: nodes=43,320,000,000 tested=61 found=0 n=150993875170367250644007 elapsed=2135s
progress: nodes=43,330,000,000 tested=61 found=0 n=200669754997146118592601 elapsed=2135s
progress: nodes=43,340,000,000 tested=61 found=0 n=93741329638879534277127 elapsed=2136s
progress: nodes=43,350,000,000 tested=61 found=0 n=154556283568959294380127 elapsed=2136s
progress: nodes=43,360,000,000 tested=61 found=0 n=67282597939371532759503 elapsed=2137s
progress: nodes=43,370,000,000 tested=61 found=0 n=159618127991541421287393 elapsed=2137s
progress: nodes=43,380,000,000 tested=61 found=0 n=99205857002575867998069 elapsed=2138s
progress: nodes=43,390,000,000 tested=61 found=0 n=59447385142391960032473 elapsed=2138s
progress: nodes=43,400,000,000 tested=61 found=0 n=61848410750967327090219 elapsed=2139s
progress: nodes=43,410,000,000 tested=61 found=0 n=127467683669743165853181 elapsed=2139s
progress: nodes=43,420,000,000 tested=61 found=0 n=83926599412535283323997 elapsed=2140s
progress: nodes=43,430,000,000 tested=61 found=0 n=100166329526521935287457 elapsed=2140s
progress: nodes=43,440,000,000 tested=61 found=0 n=185464916224675255580643 elapsed=2141s
progress: nodes=43,450,000,000 tested=61 found=0 n=192370793962333201090029 elapsed=2141s
progress: nodes=43,460,000,000 tested=61 found=0 n=135552299536640074561011 elapsed=2142s
progress: nodes=43,470,000,000 tested=61 found=0 n=184798112721142948902567 elapsed=2142s
progress: nodes=43,480,000,000 tested=61 found=0 n=186995252410423630388523 elapsed=2143s
progress: nodes=43,490,000,000 tested=61 found=0 n=179193833239329600776469 elapsed=2143s
progress: nodes=43,500,000,000 tested=61 found=0 n=152170947057033674027181 elapsed=2144s
progress: nodes=43,510,000,000 tested=61 found=0 n=112091407984844792090433 elapsed=2144s
progress: nodes=43,520,000,000 tested=61 found=0 n=72381528583271012843199 elapsed=2145s
progress: nodes=43,530,000,000 tested=61 found=0 n=176411668577341060749501 elapsed=2145s
progress: nodes=43,540,000,000 tested=61 found=0 n=169619263685367860439999 elapsed=2146s
progress: nodes=43,550,000,000 tested=61 found=0 n=193247185693739383981467 elapsed=2146s
progress: nodes=43,560,000,000 tested=61 found=0 n=114010801513469002062459 elapsed=2147s
progress: nodes=43,570,000,000 tested=61 found=0 n=114763284930512711228967 elapsed=2147s
progress: nodes=43,580,000,000 tested=61 found=0 n=185555357800346222278821 elapsed=2148s
progress: nodes=43,590,000,000 tested=61 found=0 n=85785959924191669727277 elapsed=2148s
progress: nodes=43,600,000,000 tested=61 found=0 n=73039808571797731225023 elapsed=2149s
progress: nodes=43,610,000,000 tested=61 found=0 n=158232783038453630249589 elapsed=2149s
progress: nodes=43,620,000,000 tested=61 found=0 n=158063829990112048983057 elapsed=2150s
progress: nodes=43,630,000,000 tested=61 found=0 n=194134455035390278611279 elapsed=2150s
progress: nodes=43,640,000,000 tested=61 found=0 n=130538417943071724560667 elapsed=2151s
progress: nodes=43,650,000,000 tested=61 found=0 n=120159302635288385336637 elapsed=2151s
progress: nodes=43,660,000,000 tested=61 found=0 n=179629797376614146209263 elapsed=2152s
progress: nodes=43,670,000,000 tested=61 found=0 n=91966866066202767739407 elapsed=2152s
progress: nodes=43,680,000,000 tested=61 found=0 n=121277702045601209920581 elapsed=2153s
progress: nodes=43,690,000,000 tested=61 found=0 n=150564514897061570794797 elapsed=2153s
progress: nodes=43,700,000,000 tested=61 found=0 n=190564686508515697827603 elapsed=2154s
progress: nodes=43,710,000,000 tested=61 found=0 n=185807253890051162793963 elapsed=2154s
progress: nodes=43,720,000,000 tested=61 found=0 n=173914925133039406329321 elapsed=2155s
progress: nodes=43,730,000,000 tested=61 found=0 n=189833609193076142706951 elapsed=2156s
progress: nodes=43,740,000,000 tested=61 found=0 n=161766214915599055049211 elapsed=2156s
progress: nodes=43,750,000,000 tested=61 found=0 n=191624044316531118316101 elapsed=2157s
progress: nodes=43,760,000,000 tested=61 found=0 n=126986013608997585811923 elapsed=2157s
progress: nodes=43,770,000,000 tested=61 found=0 n=109104880068263492782677 elapsed=2158s
progress: nodes=43,780,000,000 tested=61 found=0 n=171536012110033618317039 elapsed=2158s
progress: nodes=43,790,000,000 tested=61 found=0 n=177461877880284574685031 elapsed=2159s
progress: nodes=43,800,000,000 tested=61 found=0 n=167734818584444485581669 elapsed=2159s
progress: nodes=43,810,000,000 tested=61 found=0 n=156549879588440778182127 elapsed=2160s
progress: nodes=43,820,000,000 tested=61 found=0 n=142165463287237712339787 elapsed=2160s
progress: nodes=43,830,000,000 tested=61 found=0 n=178007788376129070293319 elapsed=2161s
progress: nodes=43,840,000,000 tested=61 found=0 n=109902989146362230204001 elapsed=2161s
progress: nodes=43,850,000,000 tested=61 found=0 n=172791695173268333198421 elapsed=2162s
progress: nodes=43,860,000,000 tested=61 found=0 n=122649456396599210489103 elapsed=2162s
progress: nodes=43,870,000,000 tested=61 found=0 n=163888864686878144182677 elapsed=2163s
progress: nodes=43,880,000,000 tested=61 found=0 n=145272901010201754936993 elapsed=2163s
progress: nodes=43,890,000,000 tested=61 found=0 n=176619111608004075133893 elapsed=2164s
progress: nodes=43,900,000,000 tested=61 found=0 n=180350653520947412270691 elapsed=2164s
progress: nodes=43,910,000,000 tested=61 found=0 n=155314833300107318918619 elapsed=2165s
progress: nodes=43,920,000,000 tested=61 found=0 n=171356046436732626440433 elapsed=2165s
progress: nodes=43,930,000,000 tested=61 found=0 n=179943737189533534451619 elapsed=2166s
progress: nodes=43,940,000,000 tested=61 found=0 n=152270065515644682081399 elapsed=2166s
progress: nodes=43,950,000,000 tested=61 found=0 n=189581228256801544190181 elapsed=2167s
progress: nodes=43,960,000,000 tested=61 found=0 n=181709664019630689581793 elapsed=2167s
progress: nodes=43,970,000,000 tested=61 found=0 n=168501502928631389840631 elapsed=2168s
progress: nodes=43,980,000,000 tested=61 found=0 n=182218014745335148465809 elapsed=2168s
progress: nodes=43,990,000,000 tested=61 found=0 n=178418450408802893239797 elapsed=2169s
progress: nodes=44,000,000,000 tested=61 found=0 n=182987906004187296740343 elapsed=2169s
progress: nodes=44,010,000,000 tested=61 found=0 n=200007609627765545354133 elapsed=2170s
progress: nodes=44,020,000,000 tested=61 found=0 n=210035726050612497241437 elapsed=2170s
progress: nodes=44,030,000,000 tested=61 found=0 n=831022955818419893629023 elapsed=2171s
progress: nodes=44,040,000,000 tested=61 found=0 n=673677572562108112932549 elapsed=2171s
progress: nodes=44,050,000,000 tested=61 found=0 n=537075737106431772202569 elapsed=2172s
progress: nodes=44,060,000,000 tested=61 found=0 n=421054318977260929273467 elapsed=2172s
progress: nodes=44,070,000,000 tested=61 found=0 n=319973534331420837966021 elapsed=2173s
progress: nodes=44,080,000,000 tested=61 found=0 n=235172432956839090133113 elapsed=2173s
progress: nodes=44,090,000,000 tested=61 found=0 n=166357813288673241794097 elapsed=2174s
progress: nodes=44,100,000,000 tested=61 found=0 n=112558812483542079489219 elapsed=2174s
progress: nodes=44,110,000,000 tested=61 found=0 n=73753501020447205975941 elapsed=2175s
progress: nodes=44,120,000,000 tested=61 found=0 n=47117281160640802798071 elapsed=2175s
progress: nodes=44,130,000,000 tested=61 found=0 n=34699245623119363664763 elapsed=2175s
progress: nodes=44,140,000,000 tested=61 found=0 n=38320529962469942780901 elapsed=2176s
progress: nodes=44,150,000,000 tested=61 found=0 n=55916126979345030378519 elapsed=2176s
progress: nodes=44,160,000,000 tested=61 found=0 n=88916533392588048313551 elapsed=2177s
progress: nodes=44,170,000,000 tested=61 found=0 n=135222649635676873993569 elapsed=2177s
progress: nodes=44,180,000,000 tested=61 found=0 n=199719571887182729151693 elapsed=2178s
progress: nodes=44,190,000,000 tested=61 found=0 n=280627061028052672948707 elapsed=2178s
progress: nodes=44,200,000,000 tested=61 found=0 n=378396008470711050359463 elapsed=2179s
progress: nodes=44,210,000,000 tested=61 found=0 n=496774031058636533968689 elapsed=2179s
progress: nodes=44,220,000,000 tested=61 found=0 n=636923062611921695940099 elapsed=2179s
progress: nodes=44,230,000,000 tested=61 found=0 n=799358163698320572223647 elapsed=2180s
progress: nodes=44,240,000,000 tested=61 found=0 n=984451371365480388777099 elapsed=2180s
progress: nodes=44,250,000,000 tested=61 found=0 n=183696143703409167517071 elapsed=2181s
progress: nodes=44,260,000,000 tested=61 found=0 n=384413288990360720712237 elapsed=2181s
progress: nodes=44,270,000,000 tested=61 found=0 n=610091856436443427058859 elapsed=2182s
progress: nodes=44,280,000,000 tested=61 found=0 n=860963896268231096618739 elapsed=2182s
progress: nodes=44,290,000,000 tested=61 found=0 n=135618585892504019134137 elapsed=2183s
progress: nodes=44,300,000,000 tested=61 found=0 n=399262058138098112943447 elapsed=2183s
progress: nodes=44,310,000,000 tested=61 found=0 n=695925906676982546271399 elapsed=2184s
progress: nodes=44,320,000,000 tested=61 found=0 n=37622925310201825211541 elapsed=2184s
progress: nodes=44,330,000,000 tested=61 found=0 n=338856753455064034016211 elapsed=2185s
progress: nodes=44,340,000,000 tested=61 found=0 n=682686413009547141754251 elapsed=2185s
progress: nodes=44,350,000,000 tested=61 found=0 n=72620834120431316015373 elapsed=2185s
progress: nodes=44,360,000,000 tested=61 found=0 n=433289557427112769339341 elapsed=2186s
progress: nodes=44,370,000,000 tested=61 found=0 n=839203278132069782796249 elapsed=2186s
progress: nodes=44,380,000,000 tested=61 found=0 n=262454800913997326421633 elapsed=2187s
progress: nodes=44,390,000,000 tested=61 found=0 n=695675104144255046387961 elapsed=2187s
progress: nodes=44,400,000,000 tested=61 found=0 n=166280212879769474481303 elapsed=2188s
progress: nodes=44,410,000,000 tested=61 found=0 n=631132318344586314919509 elapsed=2188s
progress: nodes=44,420,000,000 tested=61 found=0 n=139716615538794504493899 elapsed=2189s
progress: nodes=44,430,000,000 tested=61 found=0 n=635638076025305393660697 elapsed=2189s
progress: nodes=44,440,000,000 tested=61 found=0 n=176093283964650087280707 elapsed=2190s
progress: nodes=44,450,000,000 tested=61 found=0 n=706317703529091044218443 elapsed=2190s
progress: nodes=44,460,000,000 tested=61 found=0 n=271906059446666891531901 elapsed=2191s
progress: nodes=44,470,000,000 tested=61 found=0 n=849642667942743166186233 elapsed=2191s
progress: nodes=44,480,000,000 tested=61 found=0 n=445137512554652382838989 elapsed=2192s
progress: nodes=44,490,000,000 tested=61 found=0 n=86288088458825352232749 elapsed=2192s
progress: nodes=44,500,000,000 tested=61 found=0 n=699574437379154935959669 elapsed=2192s
progress: nodes=44,510,000,000 tested=61 found=0 n=351838073714920324810047 elapsed=2193s
progress: nodes=44,520,000,000 tested=61 found=0 n=134839529668480720039803 elapsed=2193s
progress: nodes=44,530,000,000 tested=61 found=0 n=222047161123071023502147 elapsed=2194s
progress: nodes=44,540,000,000 tested=61 found=0 n=664813637535229084129689 elapsed=2194s
progress: nodes=44,550,000,000 tested=61 found=0 n=472168212701637731700267 elapsed=2195s
progress: nodes=44,560,000,000 tested=61 found=0 n=535495307319940763598957 elapsed=2195s
progress: nodes=44,570,000,000 tested=61 found=0 n=869650165038454953734889 elapsed=2196s
progress: nodes=44,580,000,000 tested=61 found=0 n=678623136556570890659667 elapsed=2196s
progress: nodes=44,590,000,000 tested=61 found=0 n=837440667122587934396067 elapsed=2197s
progress: nodes=44,600,000,000 tested=61 found=0 n=457956445975615937856429 elapsed=2197s
progress: nodes=44,610,000,000 tested=61 found=0 n=399685760715522621628827 elapsed=2198s
progress: nodes=44,620,000,000 tested=61 found=0 n=677423101747185719078769 elapsed=2198s
progress: nodes=44,630,000,000 tested=61 found=0 n=471411318592416121504893 elapsed=2199s
progress: nodes=44,640,000,000 tested=61 found=0 n=587188274720438042361171 elapsed=2199s
progress: nodes=44,650,000,000 tested=61 found=0 n=233089725249067610489643 elapsed=2200s
progress: nodes=44,660,000,000 tested=61 found=0 n=214456487317985942998353 elapsed=2200s
progress: nodes=44,670,000,000 tested=61 found=0 n=560724037292106757305621 elapsed=2200s
progress: nodes=44,680,000,000 tested=61 found=0 n=468644741571594191950269 elapsed=2201s
progress: nodes=44,690,000,000 tested=61 found=0 n=673772340817207304682471 elapsed=2201s
progress: nodes=44,700,000,000 tested=61 found=0 n=450453357136044087356223 elapsed=2202s
progress: nodes=44,710,000,000 tested=61 found=0 n=610196098053980177891613 elapsed=2202s
progress: nodes=44,720,000,000 tested=61 found=0 n=396017558401302966507687 elapsed=2203s
progress: nodes=44,730,000,000 tested=61 found=0 n=508253136026082157286037 elapsed=2203s
progress: nodes=44,740,000,000 tested=61 found=0 n=282541598365229146031319 elapsed=2204s
progress: nodes=44,750,000,000 tested=61 found=0 n=377756944701282195193683 elapsed=2204s
progress: nodes=44,760,000,000 tested=61 found=0 n=134020198762383843414351 elapsed=2205s
progress: nodes=44,770,000,000 tested=61 found=0 n=197530056093939772598703 elapsed=2205s
progress: nodes=44,780,000,000 tested=61 found=0 n=586836128539174961525463 elapsed=2206s
progress: nodes=44,790,000,000 tested=61 found=0 n=99271799030546117428761 elapsed=2206s
progress: nodes=44,800,000,000 tested=61 found=0 n=536901021564645312155889 elapsed=2207s
progress: nodes=44,810,000,000 tested=61 found=0 n=135221172832985452207533 elapsed=2207s
progress: nodes=44,820,000,000 tested=61 found=0 n=576880723309777272525447 elapsed=2208s
progress: nodes=44,830,000,000 tested=61 found=0 n=265789943553242604866139 elapsed=2208s
progress: nodes=44,840,000,000 tested=61 found=0 n=256406829757446041677773 elapsed=2208s
progress: nodes=44,850,000,000 tested=61 found=0 n=526823639579609452134747 elapsed=2209s
progress: nodes=44,860,000,000 tested=61 found=0 n=27850037690384762599593 elapsed=2209s
progress: nodes=44,870,000,000 tested=61 found=0 n=329061654918565535672937 elapsed=2210s
progress: nodes=44,880,000,000 tested=61 found=0 n=378043554796491845556603 elapsed=2210s
progress: nodes=44,890,000,000 tested=61 found=0 n=205135054303681136092689 elapsed=2211s
progress: nodes=44,900,000,000 tested=61 found=0 n=349058530592561781533619 elapsed=2211s
progress: nodes=44,910,000,000 tested=61 found=0 n=322095799225147798579113 elapsed=2212s
progress: nodes=44,920,000,000 tested=61 found=0 n=118854187774537554500931 elapsed=2212s
progress: nodes=44,930,000,000 tested=61 found=0 n=240971120380024333797267 elapsed=2213s
progress: nodes=44,940,000,000 tested=61 found=0 n=233300631263289728617017 elapsed=2213s
progress: nodes=44,950,000,000 tested=61 found=0 n=108897690783410741307249 elapsed=2214s
progress: nodes=44,960,000,000 tested=61 found=0 n=323942368651057911004173 elapsed=2214s
progress: nodes=44,970,000,000 tested=61 found=0 n=419783151043204473010563 elapsed=2215s
progress: nodes=44,980,000,000 tested=61 found=0 n=364874271253876350670473 elapsed=2215s
progress: nodes=44,990,000,000 tested=61 found=0 n=176076626337614199111453 elapsed=2216s
progress: nodes=45,000,000,000 tested=61 found=0 n=339692461273557806607963 elapsed=2216s
progress: nodes=45,010,000,000 tested=61 found=0 n=430167456829264070277207 elapsed=2216s
progress: nodes=45,020,000,000 tested=61 found=0 n=417843789292757373091623 elapsed=2217s
progress: nodes=45,030,000,000 tested=61 found=0 n=333240005935124111041911 elapsed=2217s
progress: nodes=45,040,000,000 tested=61 found=0 n=181842264514581401057481 elapsed=2218s
progress: nodes=45,050,000,000 tested=61 found=0 n=314709947602958027106063 elapsed=2218s
progress: nodes=45,060,000,000 tested=61 found=0 n=377696625882344937530901 elapsed=2219s
progress: nodes=45,070,000,000 tested=61 found=0 n=367622998793381476019259 elapsed=2219s
progress: nodes=45,080,000,000 tested=61 found=0 n=290625407427826065396879 elapsed=2220s
progress: nodes=45,090,000,000 tested=61 found=0 n=168908050438365601167651 elapsed=2220s
progress: nodes=45,100,000,000 tested=61 found=0 n=336759120759079453889223 elapsed=2221s
progress: nodes=45,110,000,000 tested=61 found=0 n=75601049672619310469553 elapsed=2221s
progress: nodes=45,120,000,000 tested=61 found=0 n=125901530595231212162187 elapsed=2222s
progress: nodes=45,130,000,000 tested=61 found=0 n=153420093970812462285261 elapsed=2222s
progress: nodes=45,140,000,000 tested=61 found=0 n=149109131442664515283623 elapsed=2223s
progress: nodes=45,150,000,000 tested=61 found=0 n=89787302586765430293339 elapsed=2223s
progress: nodes=45,160,000,000 tested=61 found=0 n=345377609972223299860851 elapsed=2224s
progress: nodes=45,170,000,000 tested=61 found=0 n=249002099485493563577907 elapsed=2224s
progress: nodes=45,180,000,000 tested=61 found=0 n=135861247467409159384227 elapsed=2224s
progress: nodes=45,190,000,000 tested=61 found=0 n=338787019029572024257269 elapsed=2225s
progress: nodes=45,200,000,000 tested=61 found=0 n=193013435965727954117079 elapsed=2225s
progress: nodes=45,210,000,000 tested=61 found=0 n=44012210074400234058777 elapsed=2226s
progress: nodes=45,220,000,000 tested=61 found=0 n=186098843468255639785479 elapsed=2226s
progress: nodes=45,230,000,000 tested=61 found=0 n=88546162589815226738211 elapsed=2227s
progress: nodes=45,240,000,000 tested=61 found=0 n=276125812550425558801773 elapsed=2227s
progress: nodes=45,250,000,000 tested=61 found=0 n=180061956887309696663541 elapsed=2228s
progress: nodes=45,260,000,000 tested=61 found=0 n=133614701819881677555237 elapsed=2228s
progress: nodes=45,270,000,000 tested=61 found=0 n=110591002938483430001793 elapsed=2229s
progress: nodes=45,280,000,000 tested=61 found=0 n=127188984768672853589409 elapsed=2229s
progress: nodes=45,290,000,000 tested=61 found=0 n=153924299535481490245923 elapsed=2230s
progress: nodes=45,300,000,000 tested=61 found=0 n=216414542751445071111771 elapsed=2230s
progress: nodes=45,310,000,000 tested=61 found=0 n=87853384164027243296997 elapsed=2231s
progress: nodes=45,320,000,000 tested=61 found=0 n=271617183812929719862251 elapsed=2231s
progress: nodes=45,330,000,000 tested=61 found=0 n=232496474718418857616131 elapsed=2232s
progress: nodes=45,340,000,000 tested=61 found=0 n=264791811644525220697719 elapsed=2232s
progress: nodes=45,350,000,000 tested=61 found=0 n=118073523194383785320061 elapsed=2232s
progress: nodes=45,360,000,000 tested=61 found=0 n=56311584591930312060801 elapsed=2233s
progress: nodes=45,370,000,000 tested=61 found=0 n=65798481233698726134699 elapsed=2233s
progress: nodes=45,380,000,000 tested=61 found=0 n=141319674898886756870829 elapsed=2234s
progress: nodes=45,390,000,000 tested=61 found=0 n=58209982123606906912011 elapsed=2234s
progress: nodes=45,400,000,000 tested=61 found=0 n=46637503339269937394223 elapsed=2235s
progress: nodes=45,410,000,000 tested=61 found=0 n=111886822909482410782377 elapsed=2235s
progress: nodes=45,420,000,000 tested=61 found=0 n=221449235897719359794187 elapsed=2236s
progress: nodes=45,430,000,000 tested=61 found=0 n=203408125370915920528689 elapsed=2236s
progress: nodes=45,440,000,000 tested=61 found=0 n=55871205806788953481593 elapsed=2237s
progress: nodes=45,450,000,000 tested=61 found=0 n=218385438838336717218117 elapsed=2237s
progress: nodes=45,460,000,000 tested=61 found=0 n=51951385151720246137869 elapsed=2238s
progress: nodes=45,470,000,000 tested=61 found=0 n=213287279640956909768457 elapsed=2238s
progress: nodes=45,480,000,000 tested=61 found=0 n=76427671415723178522741 elapsed=2239s
progress: nodes=45,490,000,000 tested=61 found=0 n=41053808413230004086849 elapsed=2239s
progress: nodes=45,500,000,000 tested=61 found=0 n=111693014131520380590801 elapsed=2240s
progress: nodes=45,510,000,000 tested=61 found=0 n=115190906256720761844069 elapsed=2240s
progress: nodes=45,520,000,000 tested=61 found=0 n=54623098648691648972127 elapsed=2241s
progress: nodes=45,530,000,000 tested=61 found=0 n=116583961730691476292579 elapsed=2241s
progress: nodes=45,540,000,000 tested=61 found=0 n=96170575560706399293387 elapsed=2241s
progress: nodes=45,550,000,000 tested=61 found=0 n=219334632936774073776981 elapsed=2242s
progress: nodes=45,560,000,000 tested=61 found=0 n=86379541548429815852859 elapsed=2242s
progress: nodes=45,570,000,000 tested=61 found=0 n=104709502021788379933371 elapsed=2243s
progress: nodes=45,580,000,000 tested=61 found=0 n=109394326402274970043911 elapsed=2243s
progress: nodes=45,590,000,000 tested=61 found=0 n=93806124111404302625181 elapsed=2244s
progress: nodes=45,600,000,000 tested=61 found=0 n=44741238431639873586309 elapsed=2244s
progress: nodes=45,610,000,000 tested=61 found=0 n=151950997667296318387743 elapsed=2245s
progress: nodes=45,620,000,000 tested=61 found=0 n=92017442800691970240987 elapsed=2245s
progress: nodes=45,630,000,000 tested=61 found=0 n=214023890305316941320933 elapsed=2246s
progress: nodes=45,640,000,000 tested=61 found=0 n=158907705172224058579221 elapsed=2246s
progress: nodes=45,650,000,000 tested=61 found=0 n=128050801705815447240243 elapsed=2247s
progress: nodes=45,660,000,000 tested=61 found=0 n=128058538454057905448139 elapsed=2247s
progress: nodes=45,670,000,000 tested=61 found=0 n=135108417109304164237173 elapsed=2248s
progress: nodes=45,680,000,000 tested=61 found=0 n=171884444881516869120003 elapsed=2248s
progress: nodes=45,690,000,000 tested=61 found=0 n=55608803094759392554461 elapsed=2249s
progress: nodes=45,700,000,000 tested=61 found=0 n=124626129739135503693291 elapsed=2249s
progress: nodes=45,710,000,000 tested=61 found=0 n=86728716226765438895223 elapsed=2250s
progress: nodes=45,720,000,000 tested=61 found=0 n=108065939310889036870239 elapsed=2250s
progress: nodes=45,730,000,000 tested=61 found=0 n=54848902268134683970569 elapsed=2251s
progress: nodes=45,740,000,000 tested=61 found=0 n=62944206922172706806907 elapsed=2251s
progress: nodes=45,750,000,000 tested=61 found=0 n=135612065144744677152279 elapsed=2251s
progress: nodes=45,760,000,000 tested=61 found=0 n=129633950792383611870681 elapsed=2252s
progress: nodes=45,770,000,000 tested=61 found=0 n=190764782010878690657889 elapsed=2252s
progress: nodes=45,780,000,000 tested=61 found=0 n=179546501902991607647109 elapsed=2253s
progress: nodes=45,790,000,000 tested=61 found=0 n=136938045012195395129931 elapsed=2253s
progress: nodes=45,800,000,000 tested=61 found=0 n=71354609480246563041417 elapsed=2254s
progress: nodes=45,810,000,000 tested=61 found=0 n=123901171850345537895093 elapsed=2254s
progress: nodes=45,820,000,000 tested=61 found=0 n=157643801018581400056611 elapsed=2255s
progress: nodes=45,830,000,000 tested=61 found=0 n=188807015218741717124943 elapsed=2255s
progress: nodes=45,840,000,000 tested=61 found=0 n=91876075748135975403261 elapsed=2256s
progress: nodes=45,850,000,000 tested=61 found=0 n=164647275839090600643549 elapsed=2256s
progress: nodes=45,860,000,000 tested=61 found=0 n=131531565170483755405821 elapsed=2257s
progress: nodes=45,870,000,000 tested=61 found=0 n=158591283157455051774717 elapsed=2257s
progress: nodes=45,880,000,000 tested=61 found=0 n=113242336309538597431809 elapsed=2258s
progress: nodes=45,890,000,000 tested=61 found=0 n=131624314804752852291363 elapsed=2258s
progress: nodes=45,900,000,000 tested=61 found=0 n=92800244575524280023999 elapsed=2259s
progress: nodes=45,910,000,000 tested=61 found=0 n=141678690535014685340211 elapsed=2259s
progress: nodes=45,920,000,000 tested=61 found=0 n=165091218785079222740643 elapsed=2260s
progress: nodes=45,930,000,000 tested=61 found=0 n=177330633490130291717931 elapsed=2260s
progress: nodes=45,940,000,000 tested=61 found=0 n=104574972679703161304823 elapsed=2261s
progress: nodes=45,950,000,000 tested=61 found=0 n=72991479899707040887677 elapsed=2261s
progress: nodes=45,960,000,000 tested=61 found=0 n=92142426573978464357289 elapsed=2262s
progress: nodes=45,970,000,000 tested=61 found=0 n=163759247856845376980013 elapsed=2262s
progress: nodes=45,980,000,000 tested=61 found=0 n=90967150083114610407333 elapsed=2263s
progress: nodes=45,990,000,000 tested=61 found=0 n=147960310607838625530249 elapsed=2263s
progress: nodes=46,000,000,000 tested=61 found=0 n=98110834304746891744809 elapsed=2264s
progress: nodes=46,010,000,000 tested=61 found=0 n=76590555606122963138811 elapsed=2264s
progress: nodes=46,020,000,000 tested=61 found=0 n=121780723936103441102817 elapsed=2265s
progress: nodes=46,030,000,000 tested=61 found=0 n=142254516859215192901161 elapsed=2265s
progress: nodes=46,040,000,000 tested=61 found=0 n=176213935943157147131943 elapsed=2266s
progress: nodes=46,050,000,000 tested=61 found=0 n=129123745640803994944941 elapsed=2266s
progress: nodes=46,060,000,000 tested=61 found=0 n=118251005494869766611477 elapsed=2267s
progress: nodes=46,070,000,000 tested=61 found=0 n=116021841145923312870039 elapsed=2267s
progress: nodes=46,080,000,000 tested=61 found=0 n=154484105586304522913577 elapsed=2268s
progress: nodes=46,090,000,000 tested=61 found=0 n=105855622649831873664153 elapsed=2268s
progress: nodes=46,100,000,000 tested=61 found=0 n=169618547854920358987947 elapsed=2269s
progress: nodes=46,110,000,000 tested=61 found=0 n=102152982369445558615449 elapsed=2269s
progress: nodes=46,120,000,000 tested=61 found=0 n=136065781650272636988441 elapsed=2270s
progress: nodes=46,130,000,000 tested=61 found=0 n=152644570729209834609411 elapsed=2270s
progress: nodes=46,140,000,000 tested=61 found=0 n=139041072050932784818701 elapsed=2271s
progress: nodes=46,150,000,000 tested=61 found=0 n=148741755457331617747551 elapsed=2271s
progress: nodes=46,160,000,000 tested=61 found=0 n=134130042932798307093237 elapsed=2272s
progress: nodes=46,170,000,000 tested=61 found=0 n=148344888290708344918221 elapsed=2272s
progress: nodes=46,180,000,000 tested=61 found=0 n=174545416278069259755717 elapsed=2273s
progress: nodes=46,190,000,000 tested=61 found=0 n=120357807503217435197739 elapsed=2273s
progress: nodes=46,200,000,000 tested=61 found=0 n=174286504036038083123511 elapsed=2274s
progress: nodes=46,210,000,000 tested=61 found=0 n=145472470466775430606551 elapsed=2274s
progress: nodes=46,220,000,000 tested=61 found=0 n=155356896133857389770953 elapsed=2275s
progress: nodes=46,230,000,000 tested=61 found=0 n=148699141260282523502361 elapsed=2275s
progress: nodes=46,240,000,000 tested=61 found=0 n=140433717672387214330563 elapsed=2276s
progress: nodes=46,250,000,000 tested=61 found=0 n=152349953768624400311061 elapsed=2276s
progress: nodes=46,260,000,000 tested=61 found=0 n=150997767703932973194063 elapsed=2277s
progress: nodes=46,270,000,000 tested=61 found=0 n=143788813369578025915959 elapsed=2277s
progress: nodes=46,280,000,000 tested=61 found=0 n=180550083007276669127133 elapsed=2278s
progress: nodes=46,290,000,000 tested=61 found=0 n=154366852869155024883477 elapsed=2278s
progress: nodes=46,300,000,000 tested=61 found=0 n=177791349079045027417707 elapsed=2279s
progress: nodes=46,310,000,000 tested=61 found=0 n=167387647189931727860763 elapsed=2279s
progress: nodes=46,320,000,000 tested=61 found=0 n=187589585554755929481321 elapsed=2280s
progress: nodes=46,330,000,000 tested=61 found=0 n=188880858867332701164249 elapsed=2280s
progress: nodes=46,340,000,000 tested=61 found=0 n=738101830258176795269397 elapsed=2281s
progress: nodes=46,350,000,000 tested=61 found=0 n=369170086444011117231813 elapsed=2281s
progress: nodes=46,360,000,000 tested=61 found=0 n=40813559972881614862713 elapsed=2281s
progress: nodes=46,370,000,000 tested=61 found=0 n=672268558782382138284939 elapsed=2282s
progress: nodes=46,380,000,000 tested=61 found=0 n=347386278867240910438449 elapsed=2282s
progress: nodes=46,390,000,000 tested=61 found=0 n=63213444162882702468549 elapsed=2283s
progress: nodes=46,400,000,000 tested=61 found=0 n=752391849936500317277811 elapsed=2283s
progress: nodes=46,410,000,000 tested=61 found=0 n=479151800151362766946287 elapsed=2284s
progress: nodes=46,420,000,000 tested=61 found=0 n=230550001185195435240189 elapsed=2284s
progress: nodes=46,430,000,000 tested=61 found=0 n=988574337862264705334013 elapsed=2284s
progress: nodes=46,440,000,000 tested=61 found=0 n=752894226987187940819703 elapsed=2285s
progress: nodes=46,450,000,000 tested=61 found=0 n=539809218095452465452831 elapsed=2285s
progress: nodes=46,460,000,000 tested=61 found=0 n=347461710454215386427321 elapsed=2286s
progress: nodes=46,470,000,000 tested=61 found=0 n=176637706609091496732117 elapsed=2286s
progress: nodes=46,480,000,000 tested=61 found=0 n=29869306238859923340351 elapsed=2287s
progress: nodes=46,490,000,000 tested=61 found=0 n=854471833026341742486351 elapsed=2287s
progress: nodes=46,500,000,000 tested=61 found=0 n=720660858720910876701009 elapsed=2288s
progress: nodes=46,510,000,000 tested=61 found=0 n=607404907509117594488073 elapsed=2288s
progress: nodes=46,520,000,000 tested=61 found=0 n=508580987238700253028459 elapsed=2288s
progress: nodes=46,530,000,000 tested=61 found=0 n=425756688805195098000111 elapsed=2289s
progress: nodes=46,540,000,000 tested=61 found=0 n=358348799123718395695857 elapsed=2289s
progress: nodes=46,550,000,000 tested=61 found=0 n=306176226651388464446691 elapsed=2290s
progress: nodes=46,560,000,000 tested=61 found=0 n=269045179754774567142537 elapsed=2290s
progress: nodes=46,570,000,000 tested=61 found=0 n=244379985418995417425511 elapsed=2291s
progress: nodes=46,580,000,000 tested=61 found=0 n=234894683532386176701633 elapsed=2291s
progress: nodes=46,590,000,000 tested=61 found=0 n=243762359097788187673401 elapsed=2291s
progress: nodes=46,600,000,000 tested=61 found=0 n=268447604392349701941699 elapsed=2292s
progress: nodes=46,610,000,000 tested=61 found=0 n=309598073959095821067399 elapsed=2292s
progress: nodes=46,620,000,000 tested=61 found=0 n=364478078819365864459029 elapsed=2293s
progress: nodes=46,630,000,000 tested=61 found=0 n=437842300677909932559447 elapsed=2293s
progress: nodes=46,640,000,000 tested=61 found=0 n=527689040751117381141621 elapsed=2294s
progress: nodes=46,650,000,000 tested=61 found=0 n=634438774153051357305123 elapsed=2294s
progress: nodes=46,660,000,000 tested=61 found=0 n=761371296603824944264689 elapsed=2295s
progress: nodes=46,670,000,000 tested=61 found=0 n=910065350985863575648761 elapsed=2295s
progress: nodes=46,680,000,000 tested=61 found=0 n=89765452640551628939229 elapsed=2296s
progress: nodes=46,690,000,000 tested=61 found=0 n=260188352685211763541267 elapsed=2296s
progress: nodes=46,700,000,000 tested=61 found=0 n=455643902457586362968217 elapsed=2296s
progress: nodes=46,710,000,000 tested=61 found=0 n=671152166598164960812257 elapsed=2297s
progress: nodes=46,720,000,000 tested=61 found=0 n=908913884165184637729143 elapsed=2297s
progress: nodes=46,730,000,000 tested=61 found=0 n=167245453678161388477563 elapsed=2298s
progress: nodes=46,740,000,000 tested=61 found=0 n=424420736795294907807909 elapsed=2298s
progress: nodes=46,750,000,000 tested=61 found=0 n=707392247068817365423599 elapsed=2299s
progress: nodes=46,760,000,000 tested=61 found=0 n=38436802576294287565323 elapsed=2299s
progress: nodes=46,770,000,000 tested=61 found=0 n=330717238395847098723081 elapsed=2300s
progress: nodes=46,780,000,000 tested=61 found=0 n=660601562034876768636561 elapsed=2300s
progress: nodes=46,790,000,000 tested=61 found=0 n=40574999031981976448271 elapsed=2301s
progress: nodes=46,800,000,000 tested=61 found=0 n=385503912207600094420281 elapsed=2301s
progress: nodes=46,810,000,000 tested=61 found=0 n=774618175583111250842913 elapsed=2302s
progress: nodes=46,820,000,000 tested=61 found=0 n=191591863680529572481683 elapsed=2302s
progress: nodes=46,830,000,000 tested=61 found=0 n=746083794888292054670091 elapsed=2303s
progress: nodes=46,840,000,000 tested=61 found=0 n=686507607551190641511141 elapsed=2303s
progress: nodes=46,850,000,000 tested=61 found=0 n=97334408852719535869911 elapsed=2303s
progress: nodes=46,860,000,000 tested=61 found=0 n=786998161478733640340751 elapsed=2304s
progress: nodes=46,870,000,000 tested=61 found=0 n=867843443890632528666963 elapsed=2304s
progress: nodes=46,880,000,000 tested=61 found=0 n=407171953033354414840473 elapsed=2305s
progress: nodes=46,890,000,000 tested=61 found=0 n=269759769941669696267733 elapsed=2305s
progress: nodes=46,900,000,000 tested=61 found=0 n=434724091158105821549169 elapsed=2306s
progress: nodes=46,910,000,000 tested=61 found=0 n=129634186853691324825867 elapsed=2306s
progress: nodes=46,920,000,000 tested=61 found=0 n=186002077553536631877567 elapsed=2307s
progress: nodes=46,930,000,000 tested=61 found=0 n=613233917870304677270247 elapsed=2307s
progress: nodes=46,940,000,000 tested=61 found=0 n=525753107930707117773543 elapsed=2308s
progress: nodes=46,950,000,000 tested=61 found=0 n=755149896314875899834381 elapsed=2308s
progress: nodes=46,960,000,000 tested=61 found=0 n=505296324244244876091903 elapsed=2309s
progress: nodes=46,970,000,000 tested=61 found=0 n=626714369124960940619103 elapsed=2309s
progress: nodes=46,980,000,000 tested=61 found=0 n=291880604570143135411557 elapsed=2310s
progress: nodes=46,990,000,000 tested=61 found=0 n=215273247791478321322647 elapsed=2310s
progress: nodes=47,000,000,000 tested=61 found=0 n=491217683858375996299239 elapsed=2310s
progress: nodes=47,010,000,000 tested=61 found=0 n=398167653707902342625823 elapsed=2311s
progress: nodes=47,020,000,000 tested=61 found=0 n=622780865530852366809009 elapsed=2311s
progress: nodes=47,030,000,000 tested=61 found=0 n=484202463777742782026493 elapsed=2312s
progress: nodes=47,040,000,000 tested=61 found=0 n=51676529360960769217029 elapsed=2312s
progress: nodes=47,050,000,000 tested=61 found=0 n=556776244644997302527679 elapsed=2313s
progress: nodes=47,060,000,000 tested=61 found=0 n=103952371142057249465577 elapsed=2313s
progress: nodes=47,070,000,000 tested=61 found=0 n=600919846406750839993101 elapsed=2314s
progress: nodes=47,080,000,000 tested=61 found=0 n=216616583121177230445069 elapsed=2314s
progress: nodes=47,090,000,000 tested=61 found=0 n=135284754669556501605519 elapsed=2315s
progress: nodes=47,100,000,000 tested=61 found=0 n=337862426981295350099889 elapsed=2315s
progress: nodes=47,110,000,000 tested=61 found=0 n=321843675887919590138811 elapsed=2316s
progress: nodes=47,120,000,000 tested=61 found=0 n=61329920117232763806579 elapsed=2316s
progress: nodes=47,130,000,000 tested=61 found=0 n=115625181075390804549501 elapsed=2317s
progress: nodes=47,140,000,000 tested=61 found=0 n=489854025808310757084183 elapsed=2317s
progress: nodes=47,150,000,000 tested=61 found=0 n=80453982917537558712999 elapsed=2318s
progress: nodes=47,160,000,000 tested=61 found=0 n=509054997533509206894807 elapsed=2318s
progress: nodes=47,170,000,000 tested=61 found=0 n=215055925985193888326193 elapsed=2318s
progress: nodes=47,180,000,000 tested=61 found=0 n=256025266117677475276473 elapsed=2319s
progress: nodes=47,190,000,000 tested=61 found=0 n=144138039835308777365877 elapsed=2319s
progress: nodes=47,200,000,000 tested=61 found=0 n=311532707354319529308153 elapsed=2320s
progress: nodes=47,210,000,000 tested=61 found=0 n=333862638396732281228931 elapsed=2320s
progress: nodes=47,220,000,000 tested=61 found=0 n=190119095321438128542543 elapsed=2321s
progress: nodes=47,230,000,000 tested=61 found=0 n=324923589550746114410097 elapsed=2321s
progress: nodes=47,240,000,000 tested=61 found=0 n=294496362316623555075141 elapsed=2322s
progress: nodes=47,250,000,000 tested=61 found=0 n=86600346306483064312719 elapsed=2322s
progress: nodes=47,260,000,000 tested=61 found=0 n=157261459503144882221721 elapsed=2323s
progress: nodes=47,270,000,000 tested=61 found=0 n=87323073346918825702209 elapsed=2323s
progress: nodes=47,280,000,000 tested=61 found=0 n=337975806525084653192883 elapsed=2324s
progress: nodes=47,290,000,000 tested=61 found=0 n=54232269164261437454667 elapsed=2324s
progress: nodes=47,300,000,000 tested=61 found=0 n=96897286961539112596779 elapsed=2325s
progress: nodes=47,310,000,000 tested=61 found=0 n=69843273204486184484697 elapsed=2325s
progress: nodes=47,320,000,000 tested=61 found=0 n=376111997481863480214069 elapsed=2326s
progress: nodes=47,330,000,000 tested=61 found=0 n=226901450233538220437451 elapsed=2326s
progress: nodes=47,340,000,000 tested=61 found=0 n=386508478487783196281121 elapsed=2326s
progress: nodes=47,350,000,000 tested=61 found=0 n=61060351626571717283787 elapsed=2327s
progress: nodes=47,360,000,000 tested=61 found=0 n=80948412457518028564449 elapsed=2327s
progress: nodes=47,370,000,000 tested=61 found=0 n=79236237514251363770763 elapsed=2328s
progress: nodes=47,380,000,000 tested=61 found=0 n=37999347441475776995331 elapsed=2328s
progress: nodes=47,390,000,000 tested=61 found=0 n=324539951686371763245981 elapsed=2329s
progress: nodes=47,400,000,000 tested=61 found=0 n=208545046797692762276427 elapsed=2329s
progress: nodes=47,410,000,000 tested=61 found=0 n=54311730818307293323377 elapsed=2330s
progress: nodes=47,420,000,000 tested=61 found=0 n=206866562388558795634527 elapsed=2330s
progress: nodes=47,430,000,000 tested=61 found=0 n=323259435826781497145487 elapsed=2331s
progress: nodes=47,440,000,000 tested=61 found=0 n=92543124682096467054291 elapsed=2331s
progress: nodes=47,450,000,000 tested=61 found=0 n=165704046571335178367307 elapsed=2332s
progress: nodes=47,460,000,000 tested=61 found=0 n=198469139396436965187747 elapsed=2332s
progress: nodes=47,470,000,000 tested=61 found=0 n=222853543673586807642507 elapsed=2333s
progress: nodes=47,480,000,000 tested=61 found=0 n=259183938966839924331987 elapsed=2333s
progress: nodes=47,490,000,000 tested=61 found=0 n=298009787780753211038337 elapsed=2334s
progress: nodes=47,500,000,000 tested=61 found=0 n=314775681524649788341437 elapsed=2334s
progress: nodes=47,510,000,000 tested=61 found=0 n=56021409745480310764941 elapsed=2334s
progress: nodes=47,520,000,000 tested=61 found=0 n=105617987070202860234597 elapsed=2335s
progress: nodes=47,530,000,000 tested=61 found=0 n=169488469329547042701873 elapsed=2335s
progress: nodes=47,540,000,000 tested=61 found=0 n=245721549609461828329119 elapsed=2336s
progress: nodes=47,550,000,000 tested=61 found=0 n=47282468490398631216573 elapsed=2336s
progress: nodes=47,560,000,000 tested=61 found=0 n=148471014869780118135543 elapsed=2337s
progress: nodes=47,570,000,000 tested=61 found=0 n=43597516548018279804111 elapsed=2337s
progress: nodes=47,580,000,000 tested=61 found=0 n=233983405958486045934303 elapsed=2338s
progress: nodes=47,590,000,000 tested=61 found=0 n=194844629750980698392211 elapsed=2338s
progress: nodes=47,600,000,000 tested=61 found=0 n=227531433338311809322539 elapsed=2339s
progress: nodes=47,610,000,000 tested=61 found=0 n=49400148301218177588279 elapsed=2339s
progress: nodes=47,620,000,000 tested=61 found=0 n=191531950936766432082783 elapsed=2340s
progress: nodes=47,630,000,000 tested=61 found=0 n=122603037924949980681591 elapsed=2340s
progress: nodes=47,640,000,000 tested=61 found=0 n=130719605256235748408733 elapsed=2341s
progress: nodes=47,650,000,000 tested=61 found=0 n=227177216519002488474813 elapsed=2341s
progress: nodes=47,660,000,000 tested=61 found=0 n=143428388681644928577639 elapsed=2342s
progress: nodes=47,670,000,000 tested=61 found=0 n=148306454660206383475473 elapsed=2342s
progress: nodes=47,680,000,000 tested=61 found=0 n=245319822143262530040069 elapsed=2343s
progress: nodes=47,690,000,000 tested=61 found=0 n=210269835203651088571629 elapsed=2343s
progress: nodes=47,700,000,000 tested=61 found=0 n=49761610442945791196499 elapsed=2343s
progress: nodes=47,710,000,000 tested=61 found=0 n=197570411137685738647341 elapsed=2344s
progress: nodes=47,720,000,000 tested=61 found=0 n=228734907259160339202627 elapsed=2344s
progress: nodes=47,730,000,000 tested=61 found=0 n=132670721829109938636393 elapsed=2345s
progress: nodes=47,740,000,000 tested=61 found=0 n=138596218673981989097331 elapsed=2345s
progress: nodes=47,750,000,000 tested=61 found=0 n=217393796777381799961617 elapsed=2346s
progress: nodes=47,760,000,000 tested=61 found=0 n=190850442969682982620827 elapsed=2346s
progress: nodes=47,770,000,000 tested=61 found=0 n=72103421402856755522919 elapsed=2347s
progress: nodes=47,780,000,000 tested=61 found=0 n=71558195856299891559513 elapsed=2347s
progress: nodes=47,790,000,000 tested=61 found=0 n=184830869686577319230949 elapsed=2348s
progress: nodes=47,800,000,000 tested=61 found=0 n=58168189544462238169467 elapsed=2348s
progress: nodes=47,810,000,000 tested=61 found=0 n=57694634817975368427753 elapsed=2349s
progress: nodes=47,820,000,000 tested=61 found=0 n=175055738999258828242917 elapsed=2349s
progress: nodes=47,830,000,000 tested=61 found=0 n=60653812995246141510147 elapsed=2350s
progress: nodes=47,840,000,000 tested=61 found=0 n=89664116206630717119753 elapsed=2350s
progress: nodes=47,850,000,000 tested=61 found=0 n=84516716925181095994593 elapsed=2351s
progress: nodes=47,860,000,000 tested=61 found=0 n=203301474397532487041373 elapsed=2351s
progress: nodes=47,870,000,000 tested=61 found=0 n=115710053633692013146959 elapsed=2352s
progress: nodes=47,880,000,000 tested=61 found=0 n=186446177526521506218471 elapsed=2352s
progress: nodes=47,890,000,000 tested=61 found=0 n=70060006429646972902317 elapsed=2352s
progress: nodes=47,900,000,000 tested=61 found=0 n=151220589299681576249421 elapsed=2353s
progress: nodes=47,910,000,000 tested=61 found=0 n=67324928736380038023069 elapsed=2353s
progress: nodes=47,920,000,000 tested=61 found=0 n=138046517647470105996861 elapsed=2354s
progress: nodes=47,930,000,000 tested=61 found=0 n=61534685717028416292939 elapsed=2354s
progress: nodes=47,940,000,000 tested=61 found=0 n=189369851430748874276853 elapsed=2355s
progress: nodes=47,950,000,000 tested=61 found=0 n=181932592086088268337297 elapsed=2355s
progress: nodes=47,960,000,000 tested=61 found=0 n=46951326269341796958579 elapsed=2356s
progress: nodes=47,970,000,000 tested=61 found=0 n=123352903976477778584289 elapsed=2356s
progress: nodes=47,980,000,000 tested=61 found=0 n=88389669865595533500681 elapsed=2357s
progress: nodes=47,990,000,000 tested=61 found=0 n=101897760171569948262369 elapsed=2357s
progress: nodes=48,000,000,000 tested=61 found=0 n=155853167633434140791229 elapsed=2358s
progress: nodes=48,010,000,000 tested=61 found=0 n=106790461775782126990263 elapsed=2358s
progress: nodes=48,020,000,000 tested=61 found=0 n=132450602312558197765251 elapsed=2359s
progress: nodes=48,030,000,000 tested=61 found=0 n=93159191416170410567883 elapsed=2359s
progress: nodes=48,040,000,000 tested=61 found=0 n=150851464661970970885449 elapsed=2360s
progress: nodes=48,050,000,000 tested=61 found=0 n=145746148020912047636181 elapsed=2360s
progress: nodes=48,060,000,000 tested=61 found=0 n=92512980689954757136281 elapsed=2361s
progress: nodes=48,070,000,000 tested=61 found=0 n=149600520882383060091987 elapsed=2361s
progress: nodes=48,080,000,000 tested=61 found=0 n=168534005871916970688249 elapsed=2362s
progress: nodes=48,090,000,000 tested=61 found=0 n=160583517556513273365759 elapsed=2362s
progress: nodes=48,100,000,000 tested=61 found=0 n=148457047580607932056737 elapsed=2363s
progress: nodes=48,110,000,000 tested=61 found=0 n=137208865179255922330047 elapsed=2363s
progress: nodes=48,120,000,000 tested=61 found=0 n=138947695984235221449597 elapsed=2364s
progress: nodes=48,130,000,000 tested=61 found=0 n=173718576233791678628847 elapsed=2364s
progress: nodes=48,140,000,000 tested=61 found=0 n=111824971435904866086717 elapsed=2365s
progress: nodes=48,150,000,000 tested=61 found=0 n=110018807368779667776957 elapsed=2365s
progress: nodes=48,160,000,000 tested=61 found=0 n=169890974778308632415721 elapsed=2366s
progress: nodes=48,170,000,000 tested=61 found=0 n=164618056746423163590399 elapsed=2366s
progress: nodes=48,180,000,000 tested=61 found=0 n=130465564642354118277177 elapsed=2367s
progress: nodes=48,190,000,000 tested=61 found=0 n=69623974546456451260293 elapsed=2367s
progress: nodes=48,200,000,000 tested=61 found=0 n=122699328862025799838647 elapsed=2368s
progress: nodes=48,210,000,000 tested=61 found=0 n=66803248032806313490077 elapsed=2368s
progress: nodes=48,220,000,000 tested=61 found=0 n=153339944251328428534479 elapsed=2369s
progress: nodes=48,230,000,000 tested=61 found=0 n=143221895803352625238287 elapsed=2369s
progress: nodes=48,240,000,000 tested=61 found=0 n=71955275799747061892709 elapsed=2370s
progress: nodes=48,250,000,000 tested=61 found=0 n=83901868215808019368761 elapsed=2370s
progress: nodes=48,260,000,000 tested=61 found=0 n=87828565865096128510053 elapsed=2371s
progress: nodes=48,270,000,000 tested=61 found=0 n=78172385860724516193987 elapsed=2371s
progress: nodes=48,280,000,000 tested=61 found=0 n=85040824932381710552391 elapsed=2372s
progress: nodes=48,290,000,000 tested=61 found=0 n=173977388546404838425569 elapsed=2372s
progress: nodes=48,300,000,000 tested=61 found=0 n=112855809252432719796939 elapsed=2373s
progress: nodes=48,310,000,000 tested=61 found=0 n=150530217689156209650207 elapsed=2373s
progress: nodes=48,320,000,000 tested=61 found=0 n=103604697852462246285153 elapsed=2374s
progress: nodes=48,330,000,000 tested=61 found=0 n=102567271731871515014061 elapsed=2374s
progress: nodes=48,340,000,000 tested=61 found=0 n=94904052523428530367909 elapsed=2375s
progress: nodes=48,350,000,000 tested=61 found=0 n=84713743222734652674417 elapsed=2375s
progress: nodes=48,360,000,000 tested=61 found=0 n=116387739992287626631461 elapsed=2376s
progress: nodes=48,370,000,000 tested=61 found=0 n=142270783063776364506201 elapsed=2376s
progress: nodes=48,380,000,000 tested=61 found=0 n=131454965189069495228871 elapsed=2377s
progress: nodes=48,390,000,000 tested=61 found=0 n=122771764683613313212329 elapsed=2377s
progress: nodes=48,400,000,000 tested=61 found=0 n=156439504542276636850323 elapsed=2378s
progress: nodes=48,410,000,000 tested=61 found=0 n=124862601598511768260731 elapsed=2378s
progress: nodes=48,420,000,000 tested=61 found=0 n=157241365944684309017037 elapsed=2379s
progress: nodes=48,430,000,000 tested=61 found=0 n=155541830958877969029501 elapsed=2379s
progress: nodes=48,440,000,000 tested=61 found=0 n=140033910934622028372741 elapsed=2380s
progress: nodes=48,450,000,000 tested=61 found=0 n=148713684114604258837341 elapsed=2380s
progress: nodes=48,460,000,000 tested=61 found=0 n=152445944558951404246809 elapsed=2381s
progress: nodes=48,470,000,000 tested=61 found=0 n=170199532696136828020983 elapsed=2381s
progress: nodes=48,480,000,000 tested=61 found=0 n=152401205424771996184107 elapsed=2382s
progress: nodes=48,490,000,000 tested=61 found=0 n=165941545628446560592389 elapsed=2382s
progress: nodes=48,500,000,000 tested=61 found=0 n=151004350120275405183969 elapsed=2383s
progress: nodes=48,510,000,000 tested=61 found=0 n=167108772325975249540617 elapsed=2383s
progress: nodes=48,520,000,000 tested=61 found=0 n=121619335109788251380799 elapsed=2384s
progress: nodes=48,530,000,000 tested=61 found=0 n=154802371007425384391841 elapsed=2384s
progress: nodes=48,540,000,000 tested=61 found=0 n=174352525430769832349511 elapsed=2385s
progress: nodes=48,550,000,000 tested=61 found=0 n=173795924695354332649047 elapsed=2386s
progress: nodes=48,560,000,000 tested=61 found=0 n=140097791602001242110717 elapsed=2386s
progress: nodes=48,570,000,000 tested=61 found=0 n=178034398102724079421197 elapsed=2387s
progress: nodes=48,580,000,000 tested=61 found=0 n=181865910270620715048063 elapsed=2387s
progress: nodes=48,590,000,000 tested=61 found=0 n=166449159773018692122861 elapsed=2388s
progress: nodes=48,600,000,000 tested=61 found=0 n=180083721040970435550477 elapsed=2388s
progress: nodes=48,610,000,000 tested=61 found=0 n=196008644639355673032369 elapsed=2389s
progress: nodes=48,620,000,000 tested=61 found=0 n=447323703246703963546713 elapsed=2389s
progress: nodes=48,630,000,000 tested=61 found=0 n=687497825681101156919967 elapsed=2390s
progress: nodes=48,640,000,000 tested=61 found=0 n=950013048215878888673817 elapsed=2390s
progress: nodes=48,650,000,000 tested=61 found=0 n=222595124043517982276751 elapsed=2390s
progress: nodes=48,660,000,000 tested=61 found=0 n=504193646672753259160323 elapsed=2391s
progress: nodes=48,670,000,000 tested=61 found=0 n=811961515140987977813817 elapsed=2391s
progress: nodes=48,680,000,000 tested=61 found=0 n=137687240531568540261141 elapsed=2392s
progress: nodes=48,690,000,000 tested=61 found=0 n=452621311242462674923149 elapsed=2392s
progress: nodes=48,700,000,000 tested=61 found=0 n=803221999465180535515737 elapsed=2393s
progress: nodes=48,710,000,000 tested=61 found=0 n=175370703672593499169869 elapsed=2393s
progress: nodes=48,720,000,000 tested=61 found=0 n=545555477552219104836789 elapsed=2394s
progress: nodes=48,730,000,000 tested=61 found=0 n=951180665039462136100437 elapsed=2394s
progress: nodes=48,740,000,000 tested=61 found=0 n=359804256249556024374699 elapsed=2395s
progress: nodes=48,750,000,000 tested=61 found=0 n=791332284339629387583921 elapsed=2395s
progress: nodes=48,760,000,000 tested=61 found=0 n=240347928028260650350599 elapsed=2396s
progress: nodes=48,770,000,000 tested=61 found=0 n=698956946369678095655787 elapsed=2396s
progress: nodes=48,780,000,000 tested=61 found=0 n=187519882304376559946547 elapsed=2396s
progress: nodes=48,790,000,000 tested=61 found=0 n=675243546603447737396943 elapsed=2397s
progress: nodes=48,800,000,000 tested=61 found=0 n=198247279464014170489407 elapsed=2397s
progress: nodes=48,810,000,000 tested=61 found=0 n=720102559927983114722301 elapsed=2398s
progress: nodes=48,820,000,000 tested=61 found=0 n=271434085538785886925747 elapsed=2398s
progress: nodes=48,830,000,000 tested=61 found=0 n=835268077118932750090413 elapsed=2399s
progress: nodes=48,840,000,000 tested=61 found=0 n=411577249656851036134299 elapsed=2399s
progress: nodes=48,850,000,000 tested=61 found=0 n=35631579651092614262997 elapsed=2400s
progress: nodes=48,860,000,000 tested=61 found=0 n=616243403158977479396049 elapsed=2400s
progress: nodes=48,870,000,000 tested=61 found=0 n=250692143666204601020583 elapsed=2401s
progress: nodes=48,880,000,000 tested=61 found=0 n=894748197594367099195443 elapsed=2401s
progress: nodes=48,890,000,000 tested=61 found=0 n=547526601024587054245683 elapsed=2401s
progress: nodes=48,900,000,000 tested=61 found=0 n=227169893735508861249651 elapsed=2402s
progress: nodes=48,910,000,000 tested=61 found=0 n=913746201419370125421153 elapsed=2402s
progress: nodes=48,920,000,000 tested=61 found=0 n=616402466371298748148623 elapsed=2403s
progress: nodes=48,930,000,000 tested=61 found=0 n=343856567503226656250757 elapsed=2403s
progress: nodes=48,940,000,000 tested=61 found=0 n=102506360509772025966621 elapsed=2404s
progress: nodes=48,950,000,000 tested=61 found=0 n=846514134550421835588783 elapsed=2404s
progress: nodes=48,960,000,000 tested=61 found=0 n=611699191483419420617313 elapsed=2405s
progress: nodes=48,970,000,000 tested=61 found=0 n=398502357320200734654669 elapsed=2405s
progress: nodes=48,980,000,000 tested=61 found=0 n=209365203840800333302053 elapsed=2406s
progress: nodes=48,990,000,000 tested=61 found=0 n=46626008418266605094151 elapsed=2406s
progress: nodes=49,000,000,000 tested=61 found=0 n=858606466587832363796703 elapsed=2407s
progress: nodes=49,010,000,000 tested=61 found=0 n=702929055245538465778203 elapsed=2407s
progress: nodes=49,020,000,000 tested=61 found=0 n=566297802467976763095219 elapsed=2408s
progress: nodes=49,030,000,000 tested=61 found=0 n=451031896839162436853517 elapsed=2408s
progress: nodes=49,040,000,000 tested=61 found=0 n=354994413238692230096709 elapsed=2409s
progress: nodes=49,050,000,000 tested=61 found=0 n=273109987691272243267371 elapsed=2409s
progress: nodes=49,060,000,000 tested=61 found=0 n=206783309819984736168099 elapsed=2410s
progress: nodes=49,070,000,000 tested=61 found=0 n=155633647726021661948367 elapsed=2410s
progress: nodes=49,080,000,000 tested=61 found=0 n=224506158845375565706779 elapsed=2411s
progress: nodes=49,090,000,000 tested=61 found=0 n=584988973607196600036903 elapsed=2411s
progress: nodes=49,100,000,000 tested=61 found=0 n=265871588238480549438729 elapsed=2411s
progress: nodes=49,110,000,000 tested=61 found=0 n=284785437484860673094811 elapsed=2412s
progress: nodes=49,120,000,000 tested=61 found=0 n=694094296107045072407553 elapsed=2413s
progress: nodes=49,130,000,000 tested=61 found=0 n=528798651088231258437087 elapsed=2413s
progress: nodes=49,140,000,000 tested=61 found=0 n=702544689378057649018203 elapsed=2413s
progress: nodes=49,150,000,000 tested=61 found=0 n=327772112859681857729901 elapsed=2414s
progress: nodes=49,160,000,000 tested=61 found=0 n=311089205925589418533899 elapsed=2414s
progress: nodes=49,170,000,000 tested=61 found=0 n=610484260407049153832553 elapsed=2415s
progress: nodes=49,180,000,000 tested=61 found=0 n=476616455290631991061881 elapsed=2415s
progress: nodes=49,190,000,000 tested=61 found=0 n=758992115000754321666903 elapsed=2416s
progress: nodes=49,200,000,000 tested=61 found=0 n=650400074620645833990891 elapsed=2416s
progress: nodes=49,210,000,000 tested=61 found=0 n=144833297692244168569023 elapsed=2417s
progress: nodes=49,220,000,000 tested=61 found=0 n=677811103757508334063527 elapsed=2417s
progress: nodes=49,230,000,000 tested=61 found=0 n=119231047273245842388069 elapsed=2418s
progress: nodes=49,240,000,000 tested=61 found=0 n=620352454823923778300421 elapsed=2418s
progress: nodes=49,250,000,000 tested=61 found=0 n=37130310277641038017791 elapsed=2419s
progress: nodes=49,260,000,000 tested=61 found=0 n=459253292680253115493911 elapsed=2419s
progress: nodes=49,270,000,000 tested=61 found=0 n=503675932177407404029923 elapsed=2420s
progress: nodes=49,280,000,000 tested=61 found=0 n=286516794848643413366697 elapsed=2420s
progress: nodes=49,290,000,000 tested=61 found=0 n=412855063802863247895021 elapsed=2421s
progress: nodes=49,300,000,000 tested=61 found=0 n=268927050223482910925589 elapsed=2421s
progress: nodes=49,310,000,000 tested=61 found=0 n=481536753959217356522199 elapsed=2422s
progress: nodes=49,320,000,000 tested=61 found=0 n=452340073260079598107899 elapsed=2422s
progress: nodes=49,330,000,000 tested=61 found=0 n=152709096988484124018777 elapsed=2423s
progress: nodes=49,340,000,000 tested=61 found=0 n=186739611643629453351789 elapsed=2423s
progress: nodes=49,350,000,000 tested=61 found=0 n=517317937235863890714819 elapsed=2424s
progress: nodes=49,360,000,000 tested=61 found=0 n=88425173344400692892631 elapsed=2424s
progress: nodes=49,370,000,000 tested=61 found=0 n=34400380227069170480859 elapsed=2425s
progress: nodes=49,380,000,000 tested=61 found=0 n=252952220298599430796341 elapsed=2425s
progress: nodes=49,390,000,000 tested=61 found=0 n=251900866458841639896549 elapsed=2426s
progress: nodes=49,400,000,000 tested=61 found=0 n=73934089562305684468449 elapsed=2426s
progress: nodes=49,410,000,000 tested=61 found=0 n=144726311844975848964669 elapsed=2427s
progress: nodes=49,420,000,000 tested=61 found=0 n=52805627742799738415763 elapsed=2427s
progress: nodes=49,430,000,000 tested=61 found=0 n=279039511201773876778917 elapsed=2427s
progress: nodes=49,440,000,000 tested=61 found=0 n=331591021938549220602447 elapsed=2428s
progress: nodes=49,450,000,000 tested=61 found=0 n=236183894149709590440741 elapsed=2428s
progress: nodes=49,460,000,000 tested=61 found=0 n=457041721524845130521001 elapsed=2429s
progress: nodes=49,470,000,000 tested=61 found=0 n=79512128593097911706457 elapsed=2429s
progress: nodes=49,480,000,000 tested=61 found=0 n=50634650942038218497211 elapsed=2430s
progress: nodes=49,490,000,000 tested=61 found=0 n=290416936379863808811681 elapsed=2430s
progress: nodes=49,500,000,000 tested=61 found=0 n=445254424448541604740459 elapsed=2431s
progress: nodes=49,510,000,000 tested=61 found=0 n=63296338139187700217517 elapsed=2431s
progress: nodes=49,520,000,000 tested=61 found=0 n=426144056715270507712329 elapsed=2432s
progress: nodes=49,530,000,000 tested=61 found=0 n=262631175072108513665841 elapsed=2432s
progress: nodes=49,540,000,000 tested=61 found=0 n=420535478883197050215381 elapsed=2433s
progress: nodes=49,550,000,000 tested=61 found=0 n=106963037948701579822947 elapsed=2433s
progress: nodes=49,560,000,000 tested=61 found=0 n=128912213094075433006677 elapsed=2434s
progress: nodes=49,570,000,000 tested=61 found=0 n=76565178745602252159069 elapsed=2434s
progress: nodes=49,580,000,000 tested=61 found=0 n=362035377702184365470907 elapsed=2435s
progress: nodes=49,590,000,000 tested=61 found=0 n=191208486418425096017859 elapsed=2435s
progress: nodes=49,600,000,000 tested=61 found=0 n=317497385315420891406441 elapsed=2436s
progress: nodes=49,610,000,000 tested=61 found=0 n=370952712415161293715837 elapsed=2436s
progress: nodes=49,620,000,000 tested=61 found=0 n=348678263591057689421517 elapsed=2437s
progress: nodes=49,630,000,000 tested=61 found=0 n=292012331486529277797327 elapsed=2437s
progress: nodes=49,640,000,000 tested=61 found=0 n=221340461808258915567291 elapsed=2438s
progress: nodes=49,650,000,000 tested=61 found=0 n=142804235810494746879237 elapsed=2438s
progress: nodes=49,660,000,000 tested=61 found=0 n=79601263070231815537779 elapsed=2439s
progress: nodes=49,670,000,000 tested=61 found=0 n=39528478909290039012729 elapsed=2439s
progress: nodes=49,680,000,000 tested=61 found=0 n=327121940950659283224411 elapsed=2440s
progress: nodes=49,690,000,000 tested=61 found=0 n=276351536218828183930971 elapsed=2440s
progress: nodes=49,700,000,000 tested=61 found=0 n=256021895227919053649031 elapsed=2441s
progress: nodes=49,710,000,000 tested=61 found=0 n=282466446287620972662747 elapsed=2441s
progress: nodes=49,720,000,000 tested=61 found=0 n=42087942016914274766901 elapsed=2442s
progress: nodes=49,730,000,000 tested=61 found=0 n=141354493307043779192661 elapsed=2442s
progress: nodes=49,740,000,000 tested=61 found=0 n=248385467784060462046653 elapsed=2443s
progress: nodes=49,750,000,000 tested=61 found=0 n=108665932874428035386973 elapsed=2443s
progress: nodes=49,760,000,000 tested=61 found=0 n=280741088220281800330527 elapsed=2444s
progress: nodes=49,770,000,000 tested=61 found=0 n=215885021686288231544883 elapsed=2444s
progress: nodes=49,780,000,000 tested=61 found=0 n=173803763328605744877081 elapsed=2445s
progress: nodes=49,790,000,000 tested=61 found=0 n=173330643181758258321279 elapsed=2445s
progress: nodes=49,800,000,000 tested=61 found=0 n=237170968419830241049407 elapsed=2446s
progress: nodes=49,810,000,000 tested=61 found=0 n=96630390460371591280611 elapsed=2446s
progress: nodes=49,820,000,000 tested=61 found=0 n=258678165544817729940999 elapsed=2447s
progress: nodes=49,830,000,000 tested=61 found=0 n=229436968090870920669597 elapsed=2447s
progress: nodes=49,840,000,000 tested=61 found=0 n=268610164269458792996061 elapsed=2448s
progress: nodes=49,850,000,000 tested=61 found=0 n=130248768486317806490319 elapsed=2448s
progress: nodes=49,860,000,000 tested=61 found=0 n=51393707879592160688067 elapsed=2449s
progress: nodes=49,870,000,000 tested=61 found=0 n=44766500719968361259541 elapsed=2449s
progress: nodes=49,880,000,000 tested=61 found=0 n=152828964842825225626749 elapsed=2450s
progress: nodes=49,890,000,000 tested=61 found=0 n=103483186137712617586119 elapsed=2450s
progress: nodes=49,900,000,000 tested=61 found=0 n=147433595715687529398843 elapsed=2451s
progress: nodes=49,910,000,000 tested=61 found=0 n=82182608509361038253883 elapsed=2451s
progress: nodes=49,920,000,000 tested=61 found=0 n=119353261251726027144927 elapsed=2452s
progress: nodes=49,930,000,000 tested=61 found=0 n=243507618363748595618223 elapsed=2452s
progress: nodes=49,940,000,000 tested=61 found=0 n=63382400401788702028179 elapsed=2453s
progress: nodes=49,950,000,000 tested=61 found=0 n=224141880904542087317523 elapsed=2453s
progress: nodes=49,960,000,000 tested=61 found=0 n=74611652218550061795873 elapsed=2454s
progress: nodes=49,970,000,000 tested=61 found=0 n=60541744123048087831239 elapsed=2454s
progress: nodes=49,980,000,000 tested=61 found=0 n=182311688075697082326501 elapsed=2455s
progress: nodes=49,990,000,000 tested=61 found=0 n=44120261059554282288147 elapsed=2455s
progress: nodes=50,000,000,000 tested=61 found=0 n=229227797401658309061423 elapsed=2455s
progress: nodes=50,010,000,000 tested=61 found=0 n=161320818966257027421729 elapsed=2456s
progress: nodes=50,020,000,000 tested=61 found=0 n=41751916544516257427733 elapsed=2456s
progress: nodes=50,030,000,000 tested=61 found=0 n=40796513944378684848279 elapsed=2457s
progress: nodes=50,040,000,000 tested=61 found=0 n=173164504478935055029713 elapsed=2457s
progress: nodes=50,050,000,000 tested=61 found=0 n=79562416012532119498293 elapsed=2458s
progress: nodes=50,060,000,000 tested=61 found=0 n=137326820830429904194059 elapsed=2458s
progress: nodes=50,070,000,000 tested=61 found=0 n=165627877139307752917671 elapsed=2459s
progress: nodes=50,080,000,000 tested=61 found=0 n=208436540635298310387129 elapsed=2459s
progress: nodes=50,090,000,000 tested=61 found=0 n=66322814136088633373943 elapsed=2460s
progress: nodes=50,100,000,000 tested=61 found=0 n=87440087966046442067133 elapsed=2460s
progress: nodes=50,110,000,000 tested=61 found=0 n=127674781579973331709929 elapsed=2461s
progress: nodes=50,120,000,000 tested=61 found=0 n=194513025803952077062533 elapsed=2461s
progress: nodes=50,130,000,000 tested=61 found=0 n=95098313089179078967827 elapsed=2462s
progress: nodes=50,140,000,000 tested=61 found=0 n=183598533311538722586363 elapsed=2462s
progress: nodes=50,150,000,000 tested=61 found=0 n=144049513661254447426719 elapsed=2463s
progress: nodes=50,160,000,000 tested=61 found=0 n=144125558015347367908911 elapsed=2463s
progress: nodes=50,170,000,000 tested=61 found=0 n=63085770461956095555471 elapsed=2464s
progress: nodes=50,180,000,000 tested=61 found=0 n=188679130535672116012827 elapsed=2464s
progress: nodes=50,190,000,000 tested=61 found=0 n=53392099603114157766111 elapsed=2465s
progress: nodes=50,200,000,000 tested=61 found=0 n=148350705135812521053327 elapsed=2465s
progress: nodes=50,210,000,000 tested=61 found=0 n=186499181500122818062197 elapsed=2466s
progress: nodes=50,220,000,000 tested=61 found=0 n=164863522402865344281069 elapsed=2466s
progress: nodes=50,230,000,000 tested=61 found=0 n=92038219943701439373273 elapsed=2467s
progress: nodes=50,240,000,000 tested=61 found=0 n=124672765379800040077059 elapsed=2467s
progress: nodes=50,250,000,000 tested=61 found=0 n=108164330704689411094173 elapsed=2468s
progress: nodes=50,260,000,000 tested=61 found=0 n=56656412895076829195823 elapsed=2468s
progress: nodes=50,270,000,000 tested=61 found=0 n=106973372391958301761917 elapsed=2469s
progress: nodes=50,280,000,000 tested=61 found=0 n=158335140461290214635521 elapsed=2469s
progress: nodes=50,290,000,000 tested=61 found=0 n=78370439606756108686413 elapsed=2470s
progress: nodes=50,300,000,000 tested=61 found=0 n=156023208572269782093273 elapsed=2470s
progress: nodes=50,310,000,000 tested=61 found=0 n=109537122914317036290429 elapsed=2471s
progress: nodes=50,320,000,000 tested=61 found=0 n=101067450606676520900703 elapsed=2471s
progress: nodes=50,330,000,000 tested=61 found=0 n=118642331662780159952487 elapsed=2472s
progress: nodes=50,340,000,000 tested=61 found=0 n=171011227904405459374419 elapsed=2472s
progress: nodes=50,350,000,000 tested=61 found=0 n=159585399842194128626901 elapsed=2473s
progress: nodes=50,360,000,000 tested=61 found=0 n=89326636926833409802083 elapsed=2473s
progress: nodes=50,370,000,000 tested=61 found=0 n=97984507694775911784729 elapsed=2474s
progress: nodes=50,380,000,000 tested=61 found=0 n=82253172547854183487689 elapsed=2474s
progress: nodes=50,390,000,000 tested=61 found=0 n=61459190344523724043599 elapsed=2475s
progress: nodes=50,400,000,000 tested=61 found=0 n=62395633686150456816663 elapsed=2475s
progress: nodes=50,410,000,000 tested=61 found=0 n=83142004720292473114467 elapsed=2476s
progress: nodes=50,420,000,000 tested=61 found=0 n=144969182642621737117179 elapsed=2476s
progress: nodes=50,430,000,000 tested=61 found=0 n=149460637519274257612359 elapsed=2477s
progress: nodes=50,440,000,000 tested=61 found=0 n=116224145917155777020751 elapsed=2477s
progress: nodes=50,450,000,000 tested=61 found=0 n=162728811629703167337027 elapsed=2478s
progress: nodes=50,460,000,000 tested=61 found=0 n=96547084639961127175773 elapsed=2478s
progress: nodes=50,470,000,000 tested=61 found=0 n=146746664646726917482479 elapsed=2479s
progress: nodes=50,480,000,000 tested=61 found=0 n=145418462529527459122389 elapsed=2479s
progress: nodes=50,490,000,000 tested=61 found=0 n=121762481232543366872349 elapsed=2480s
progress: nodes=50,500,000,000 tested=61 found=0 n=94363540542546161870907 elapsed=2480s
progress: nodes=50,510,000,000 tested=61 found=0 n=72065895652008330857631 elapsed=2481s
progress: nodes=50,520,000,000 tested=61 found=0 n=122502544956231117149241 elapsed=2481s
progress: nodes=50,530,000,000 tested=61 found=0 n=74295728138486059489053 elapsed=2482s
progress: nodes=50,540,000,000 tested=61 found=0 n=131154559456404197901033 elapsed=2482s
progress: nodes=50,550,000,000 tested=61 found=0 n=144187284161741091165279 elapsed=2483s
progress: nodes=50,560,000,000 tested=61 found=0 n=148591017559810503091953 elapsed=2483s
progress: nodes=50,570,000,000 tested=61 found=0 n=98803636401088993119669 elapsed=2484s
progress: nodes=50,580,000,000 tested=61 found=0 n=121112975438303296435911 elapsed=2485s
progress: nodes=50,590,000,000 tested=61 found=0 n=90548381770522477057179 elapsed=2485s
progress: nodes=50,600,000,000 tested=61 found=0 n=154718738953911788460651 elapsed=2486s
progress: nodes=50,610,000,000 tested=61 found=0 n=148274027828468331257853 elapsed=2486s
progress: nodes=50,620,000,000 tested=61 found=0 n=124434877648630793013693 elapsed=2487s
progress: nodes=50,630,000,000 tested=61 found=0 n=146113209892358791039881 elapsed=2487s
progress: nodes=50,640,000,000 tested=61 found=0 n=130116578850042192702063 elapsed=2488s
progress: nodes=50,650,000,000 tested=61 found=0 n=117992680654231466668431 elapsed=2488s
progress: nodes=50,660,000,000 tested=61 found=0 n=135717692212559906433369 elapsed=2489s
progress: nodes=50,670,000,000 tested=61 found=0 n=106447574857940330422023 elapsed=2489s
progress: nodes=50,680,000,000 tested=61 found=0 n=122624657825815215036351 elapsed=2490s
progress: nodes=50,690,000,000 tested=61 found=0 n=146584389877558617254193 elapsed=2490s
progress: nodes=50,700,000,000 tested=61 found=0 n=150297321432301254911007 elapsed=2491s
progress: nodes=50,710,000,000 tested=61 found=0 n=166797805938978639574611 elapsed=2491s
progress: nodes=50,720,000,000 tested=61 found=0 n=154297165941591837526593 elapsed=2492s
progress: nodes=50,730,000,000 tested=61 found=0 n=168449502274469929491363 elapsed=2492s
progress: nodes=50,740,000,000 tested=61 found=0 n=154600065966145552072551 elapsed=2493s
progress: nodes=50,750,000,000 tested=61 found=0 n=154024078982947138302183 elapsed=2493s
progress: nodes=50,760,000,000 tested=61 found=0 n=143744227090367346902151 elapsed=2494s
progress: nodes=50,770,000,000 tested=61 found=0 n=170325265412924983092501 elapsed=2494s
progress: nodes=50,780,000,000 tested=61 found=0 n=171318746002856390777223 elapsed=2495s
progress: nodes=50,790,000,000 tested=61 found=0 n=172317855202691881428207 elapsed=2495s
progress: nodes=50,800,000,000 tested=61 found=0 n=177889123017441973263357 elapsed=2496s
progress: nodes=50,810,000,000 tested=61 found=0 n=545376779507287176953427 elapsed=2496s
progress: nodes=50,820,000,000 tested=61 found=0 n=586870227529652372583123 elapsed=2497s
progress: nodes=50,830,000,000 tested=61 found=0 n=643267710222766938590589 elapsed=2497s
progress: nodes=50,840,000,000 tested=61 found=0 n=716236311737599480385019 elapsed=2498s
progress: nodes=50,850,000,000 tested=61 found=0 n=803998788425183712556503 elapsed=2498s
progress: nodes=50,860,000,000 tested=61 found=0 n=910803850734905521162461 elapsed=2499s
progress: nodes=50,870,000,000 tested=61 found=0 n=51298195612073019511671 elapsed=2499s
progress: nodes=50,880,000,000 tested=61 found=0 n=175138073271977638590999 elapsed=2500s
progress: nodes=50,890,000,000 tested=61 found=0 n=320008518336463473598389 elapsed=2500s
progress: nodes=50,900,000,000 tested=61 found=0 n=484282221289194626575893 elapsed=2500s
progress: nodes=50,910,000,000 tested=61 found=0 n=669189810410487705180303 elapsed=2501s
progress: nodes=50,920,000,000 tested=61 found=0 n=873632000069226700704171 elapsed=2501s
progress: nodes=50,930,000,000 tested=61 found=0 n=103247119174167727817751 elapsed=2502s
progress: nodes=50,940,000,000 tested=61 found=0 n=325106093958820399020411 elapsed=2502s
progress: nodes=50,950,000,000 tested=61 found=0 n=574668424282215293669331 elapsed=2503s
progress: nodes=50,960,000,000 tested=61 found=0 n=848974933283150582320797 elapsed=2503s
progress: nodes=50,970,000,000 tested=61 found=0 n=144470232500605630641099 elapsed=2504s
progress: nodes=50,980,000,000 tested=61 found=0 n=433687170544848199375011 elapsed=2504s
progress: nodes=50,990,000,000 tested=61 found=0 n=750774829612349653872453 elapsed=2504s
progress: nodes=51,000,000,000 tested=61 found=0 n=94373396377408016126181 elapsed=2505s
progress: nodes=51,010,000,000 tested=61 found=0 n=419259497007522825569223 elapsed=2505s
progress: nodes=51,020,000,000 tested=61 found=0 n=782563571729994338310411 elapsed=2506s
progress: nodes=51,030,000,000 tested=61 found=0 n=170006008400330546732211 elapsed=2506s
progress: nodes=51,040,000,000 tested=61 found=0 n=553181576978663446996413 elapsed=2507s
progress: nodes=51,050,000,000 tested=61 found=0 n=972779493241345353483843 elapsed=2507s
progress: nodes=51,060,000,000 tested=61 found=0 n=394409013992732466272853 elapsed=2508s
progress: nodes=51,070,000,000 tested=61 found=0 n=839556834963577298700363 elapsed=2508s
progress: nodes=51,080,000,000 tested=61 found=0 n=299549623940238359777859 elapsed=2509s
progress: nodes=51,090,000,000 tested=61 found=0 n=776516436905706452375343 elapsed=2509s
progress: nodes=51,100,000,000 tested=61 found=0 n=271679846602591764423009 elapsed=2510s
progress: nodes=51,110,000,000 tested=61 found=0 n=781652945728025346349143 elapsed=2510s
progress: nodes=51,120,000,000 tested=61 found=0 n=309472522515433032423129 elapsed=2510s
progress: nodes=51,130,000,000 tested=61 found=0 n=854886312762607872151713 elapsed=2511s
progress: nodes=51,140,000,000 tested=61 found=0 n=412456177497517566206409 elapsed=2511s
progress: nodes=51,150,000,000 tested=61 found=0 n=999221475791805571047897 elapsed=2512s
progress: nodes=51,160,000,000 tested=61 found=0 n=583519672736465053222557 elapsed=2512s
progress: nodes=51,170,000,000 tested=61 found=0 n=200720193165850593716019 elapsed=2513s
progress: nodes=51,180,000,000 tested=61 found=0 n=818291727076878921475917 elapsed=2513s
progress: nodes=51,190,000,000 tested=61 found=0 n=458250645629400479289819 elapsed=2514s
progress: nodes=51,200,000,000 tested=61 found=0 n=130268570931986411206359 elapsed=2514s
progress: nodes=51,210,000,000 tested=61 found=0 n=788541590721672588823407 elapsed=2515s
progress: nodes=51,220,000,000 tested=61 found=0 n=471011796730689701140269 elapsed=2515s
progress: nodes=51,230,000,000 tested=61 found=0 n=185222138634717753151737 elapsed=2516s
progress: nodes=51,240,000,000 tested=61 found=0 n=903686920577458601542497 elapsed=2516s
progress: nodes=51,250,000,000 tested=61 found=0 n=782883126438112854424809 elapsed=2517s
progress: nodes=51,260,000,000 tested=61 found=0 n=61878774147921287851833 elapsed=2517s
progress: nodes=51,270,000,000 tested=61 found=0 n=547350722804948343845949 elapsed=2517s
progress: nodes=51,280,000,000 tested=61 found=0 n=401468823423064681013961 elapsed=2518s
progress: nodes=51,290,000,000 tested=61 found=0 n=630988183018734644669643 elapsed=2518s
progress: nodes=51,300,000,000 tested=61 found=0 n=292257230253554276135271 elapsed=2519s
progress: nodes=51,310,000,000 tested=61 found=0 n=283862004478521203408751 elapsed=2519s
progress: nodes=51,320,000,000 tested=61 found=0 n=558235483921744675308801 elapsed=2520s
progress: nodes=51,330,000,000 tested=61 found=0 n=351380308318311426906213 elapsed=2520s
progress: nodes=51,340,000,000 tested=61 found=0 n=546662069384917096963737 elapsed=2521s
progress: nodes=51,350,000,000 tested=61 found=0 n=235499239839545015929749 elapsed=2521s
progress: nodes=51,360,000,000 tested=61 found=0 n=235208043417320322095439 elapsed=2522s
progress: nodes=51,370,000,000 tested=61 found=0 n=541315096755651545294583 elapsed=2522s
progress: nodes=51,380,000,000 tested=61 found=0 n=394285426047940954548483 elapsed=2523s
progress: nodes=51,390,000,000 tested=61 found=0 n=526649103002842802273907 elapsed=2523s
progress: nodes=51,400,000,000 tested=61 found=0 n=237128812174183222673919 elapsed=2524s
progress: nodes=51,410,000,000 tested=61 found=0 n=329914684054536499445373 elapsed=2524s
progress: nodes=51,420,000,000 tested=61 found=0 n=70932022311432228160599 elapsed=2525s
progress: nodes=51,430,000,000 tested=61 found=0 n=104629306921575162761727 elapsed=2525s
progress: nodes=51,440,000,000 tested=61 found=0 n=476320376736862504531839 elapsed=2526s
progress: nodes=51,450,000,000 tested=61 found=0 n=502327762229457294729291 elapsed=2526s
progress: nodes=51,460,000,000 tested=61 found=0 n=265141823519565840073149 elapsed=2526s
progress: nodes=51,470,000,000 tested=61 found=0 n=439054156260130118390991 elapsed=2527s
progress: nodes=51,480,000,000 tested=61 found=0 n=344498292411753538418283 elapsed=2527s
progress: nodes=51,490,000,000 tested=61 found=0 n=554948921297670276926241 elapsed=2528s
progress: nodes=51,500,000,000 tested=61 found=0 n=515258506365046939584243 elapsed=2528s
progress: nodes=51,510,000,000 tested=61 found=0 n=212823975766319751173571 elapsed=2529s
progress: nodes=51,520,000,000 tested=61 found=0 n=250152694013847606636501 elapsed=2529s
progress: nodes=51,530,000,000 tested=61 found=0 n=38761511222847788182269 elapsed=2530s
progress: nodes=51,540,000,000 tested=61 found=0 n=175069210399451772823881 elapsed=2530s
progress: nodes=51,550,000,000 tested=61 found=0 n=128017155910259659747473 elapsed=2531s
progress: nodes=51,560,000,000 tested=61 found=0 n=436039204335774424682913 elapsed=2531s
progress: nodes=51,570,000,000 tested=61 found=0 n=69574462926197866344477 elapsed=2532s
progress: nodes=51,580,000,000 tested=61 found=0 n=52305863237735407382313 elapsed=2532s
progress: nodes=51,590,000,000 tested=61 found=0 n=350205726769837955380287 elapsed=2533s
progress: nodes=51,600,000,000 tested=61 found=0 n=458276536901017323332613 elapsed=2533s
progress: nodes=51,610,000,000 tested=61 found=0 n=441982405251739582779087 elapsed=2534s
progress: nodes=51,620,000,000 tested=61 found=0 n=299680299503717984025867 elapsed=2534s
progress: nodes=51,630,000,000 tested=61 found=0 n=455729829390283834177407 elapsed=2534s
progress: nodes=51,640,000,000 tested=61 found=0 n=31561140824196010758423 elapsed=2535s
progress: nodes=51,650,000,000 tested=61 found=0 n=334555170941357599338567 elapsed=2535s
progress: nodes=51,660,000,000 tested=61 found=0 n=66104182901343111565887 elapsed=2536s
progress: nodes=51,670,000,000 tested=61 found=0 n=133284862317276112815603 elapsed=2536s
progress: nodes=51,680,000,000 tested=61 found=0 n=96626987952306441999831 elapsed=2537s
progress: nodes=51,690,000,000 tested=61 found=0 n=379293238173419445285333 elapsed=2537s
progress: nodes=51,700,000,000 tested=61 found=0 n=154722730598481595080069 elapsed=2538s
progress: nodes=51,710,000,000 tested=61 found=0 n=278921843367720687897147 elapsed=2538s
progress: nodes=51,720,000,000 tested=61 found=0 n=307254842671374282525687 elapsed=2539s
progress: nodes=51,730,000,000 tested=61 found=0 n=262607633073734950620927 elapsed=2539s
progress: nodes=51,740,000,000 tested=61 found=0 n=173205570064557839289327 elapsed=2540s
progress: nodes=51,750,000,000 tested=61 found=0 n=44734441487448648237687 elapsed=2540s
progress: nodes=51,760,000,000 tested=61 found=0 n=208444504061378103624567 elapsed=2541s
progress: nodes=51,770,000,000 tested=61 found=0 n=330546171897295680312063 elapsed=2541s
progress: nodes=51,780,000,000 tested=61 found=0 n=81662335084464022015281 elapsed=2542s
progress: nodes=51,790,000,000 tested=61 found=0 n=171750467157320338367157 elapsed=2542s
progress: nodes=51,800,000,000 tested=61 found=0 n=225641934494299026852687 elapsed=2542s
progress: nodes=51,810,000,000 tested=61 found=0 n=273062262181590888383223 elapsed=2543s
progress: nodes=51,820,000,000 tested=61 found=0 n=274470988928199034340061 elapsed=2543s
progress: nodes=51,830,000,000 tested=61 found=0 n=240841455702669915564933 elapsed=2544s
progress: nodes=51,840,000,000 tested=61 found=0 n=168635626896627421254801 elapsed=2544s
progress: nodes=51,850,000,000 tested=61 found=0 n=105673258501592454280377 elapsed=2545s
progress: nodes=51,860,000,000 tested=61 found=0 n=60897509155441926994257 elapsed=2545s
progress: nodes=51,870,000,000 tested=61 found=0 n=45324954582218393411637 elapsed=2546s
progress: nodes=51,880,000,000 tested=61 found=0 n=72041082635773646088309 elapsed=2546s
progress: nodes=51,890,000,000 tested=61 found=0 n=158633614268724348951813 elapsed=2547s
progress: nodes=51,900,000,000 tested=61 found=0 n=269938912802291178840009 elapsed=2547s
progress: nodes=51,910,000,000 tested=61 found=0 n=122558711588770640921199 elapsed=2548s
progress: nodes=51,920,000,000 tested=61 found=0 n=60386714923687429543497 elapsed=2548s
progress: nodes=51,930,000,000 tested=61 found=0 n=51613205531833239818139 elapsed=2549s
progress: nodes=51,940,000,000 tested=61 found=0 n=119458675165379664892239 elapsed=2549s
progress: nodes=51,950,000,000 tested=61 found=0 n=219150081254473753859937 elapsed=2550s
progress: nodes=51,960,000,000 tested=61 found=0 n=116808138935871698573181 elapsed=2550s
progress: nodes=51,970,000,000 tested=61 found=0 n=76573956070108330019109 elapsed=2551s
progress: nodes=51,980,000,000 tested=61 found=0 n=102826003525065140955327 elapsed=2551s
progress: nodes=51,990,000,000 tested=61 found=0 n=171847472588484095744649 elapsed=2551s
progress: nodes=52,000,000,000 tested=61 found=0 n=73757763711647841681009 elapsed=2552s
progress: nodes=52,010,000,000 tested=61 found=0 n=67558149206843324613507 elapsed=2552s
progress: nodes=52,020,000,000 tested=61 found=0 n=118541169593886334860873 elapsed=2553s
progress: nodes=52,030,000,000 tested=61 found=0 n=260770578417363900909177 elapsed=2553s
progress: nodes=52,040,000,000 tested=61 found=0 n=250487723345223926754423 elapsed=2554s
progress: nodes=52,050,000,000 tested=61 found=0 n=112011287662479254667849 elapsed=2554s
progress: nodes=52,060,000,000 tested=61 found=0 n=48248488482473121208443 elapsed=2555s
progress: nodes=52,070,000,000 tested=61 found=0 n=76126646305277825544441 elapsed=2555s
progress: nodes=52,080,000,000 tested=61 found=0 n=236926862447426718282639 elapsed=2556s
progress: nodes=52,090,000,000 tested=61 found=0 n=61111885300774954324371 elapsed=2556s
progress: nodes=52,100,000,000 tested=61 found=0 n=221454911240074923135417 elapsed=2557s
progress: nodes=52,110,000,000 tested=61 found=0 n=88474515560156257354053 elapsed=2557s
progress: nodes=52,120,000,000 tested=61 found=0 n=85776203177977451839623 elapsed=2558s
progress: nodes=52,130,000,000 tested=61 found=0 n=187099936425536394820329 elapsed=2558s
progress: nodes=52,140,000,000 tested=61 found=0 n=42013868512087319284899 elapsed=2559s
progress: nodes=52,150,000,000 tested=61 found=0 n=223055646052876807310217 elapsed=2559s
progress: nodes=52,160,000,000 tested=61 found=0 n=149453942411242991623563 elapsed=2559s
progress: nodes=52,170,000,000 tested=61 found=0 n=48623500390787497806939 elapsed=2560s
progress: nodes=52,180,000,000 tested=61 found=0 n=103028399664417802832103 elapsed=2560s
progress: nodes=52,190,000,000 tested=61 found=0 n=125294689743032459223189 elapsed=2561s
progress: nodes=52,200,000,000 tested=61 found=0 n=110399405921410296792717 elapsed=2561s
progress: nodes=52,210,000,000 tested=61 found=0 n=67502323291650537885903 elapsed=2562s
progress: nodes=52,220,000,000 tested=61 found=0 n=166286704160946364018947 elapsed=2562s
progress: nodes=52,230,000,000 tested=61 found=0 n=54015066408141839600523 elapsed=2563s
progress: nodes=52,240,000,000 tested=61 found=0 n=107580123327287860533207 elapsed=2563s
progress: nodes=52,250,000,000 tested=61 found=0 n=160999029984266976444327 elapsed=2564s
progress: nodes=52,260,000,000 tested=61 found=0 n=51921140595153764441661 elapsed=2564s
progress: nodes=52,270,000,000 tested=61 found=0 n=150889674514458822021387 elapsed=2565s
progress: nodes=52,280,000,000 tested=61 found=0 n=93998473220254112444781 elapsed=2565s
progress: nodes=52,290,000,000 tested=61 found=0 n=63105011665823532484233 elapsed=2566s
progress: nodes=52,300,000,000 tested=61 found=0 n=78578080013059977215943 elapsed=2566s
progress: nodes=52,310,000,000 tested=61 found=0 n=140550009244740794126043 elapsed=2567s
progress: nodes=52,320,000,000 tested=61 found=0 n=74499793926142997500011 elapsed=2567s
progress: nodes=52,330,000,000 tested=61 found=0 n=69897637090520770277439 elapsed=2568s
progress: nodes=52,340,000,000 tested=61 found=0 n=111605699547269531120979 elapsed=2568s
progress: nodes=52,350,000,000 tested=61 found=0 n=91106087232042330592221 elapsed=2569s
progress: nodes=52,360,000,000 tested=61 found=0 n=171354079269679101585867 elapsed=2569s
progress: nodes=52,370,000,000 tested=61 found=0 n=175058424202181035583529 elapsed=2569s
progress: nodes=52,380,000,000 tested=61 found=0 n=121966784186073299538219 elapsed=2570s
progress: nodes=52,390,000,000 tested=61 found=0 n=185682735095497869267423 elapsed=2570s
progress: nodes=52,400,000,000 tested=61 found=0 n=70846865110952918990541 elapsed=2571s
progress: nodes=52,410,000,000 tested=61 found=0 n=84055021247224652495409 elapsed=2571s
progress: nodes=52,420,000,000 tested=61 found=0 n=98346499525582222774167 elapsed=2572s
progress: nodes=52,430,000,000 tested=61 found=0 n=109086805556081788369473 elapsed=2572s
progress: nodes=52,440,000,000 tested=61 found=0 n=106623346858065062516799 elapsed=2573s
progress: nodes=52,450,000,000 tested=61 found=0 n=99101837995238135379861 elapsed=2573s
progress: nodes=52,460,000,000 tested=61 found=0 n=117505189299353833008801 elapsed=2574s
progress: nodes=52,470,000,000 tested=61 found=0 n=58557899962308465926361 elapsed=2574s
progress: nodes=52,480,000,000 tested=61 found=0 n=57215002924392098940693 elapsed=2575s
progress: nodes=52,490,000,000 tested=61 found=0 n=100780273342735065845073 elapsed=2575s
progress: nodes=52,500,000,000 tested=61 found=0 n=81964545239071393135083 elapsed=2576s
progress: nodes=52,510,000,000 tested=61 found=0 n=112878170635803981569469 elapsed=2576s
progress: nodes=52,520,000,000 tested=61 found=0 n=95097268758821124087369 elapsed=2577s
progress: nodes=52,530,000,000 tested=61 found=0 n=66793272038699288916141 elapsed=2577s
progress: nodes=52,540,000,000 tested=61 found=0 n=145182728693190443742333 elapsed=2578s
progress: nodes=52,550,000,000 tested=61 found=0 n=121973389224778774967823 elapsed=2578s
progress: nodes=52,560,000,000 tested=61 found=0 n=121769367156958543691823 elapsed=2579s
progress: nodes=52,570,000,000 tested=61 found=0 n=159666663699603001742031 elapsed=2579s
progress: nodes=52,580,000,000 tested=61 found=0 n=146914847652929098223943 elapsed=2580s
progress: nodes=52,590,000,000 tested=61 found=0 n=98827744699817341347447 elapsed=2580s
progress: nodes=52,600,000,000 tested=61 found=0 n=145645419671300457132147 elapsed=2581s
progress: nodes=52,610,000,000 tested=61 found=0 n=88756884458142974881731 elapsed=2581s
progress: nodes=52,620,000,000 tested=61 found=0 n=161303249318227595765109 elapsed=2582s
progress: nodes=52,630,000,000 tested=61 found=0 n=70947513741844140797781 elapsed=2582s
progress: nodes=52,640,000,000 tested=61 found=0 n=144572863540719268640601 elapsed=2583s
progress: nodes=52,650,000,000 tested=61 found=0 n=112080266891258827940163 elapsed=2583s
progress: nodes=52,660,000,000 tested=61 found=0 n=113962527580214783707083 elapsed=2584s
progress: nodes=52,670,000,000 tested=61 found=0 n=80494082034519712654557 elapsed=2584s
progress: nodes=52,680,000,000 tested=61 found=0 n=120804251069639571724521 elapsed=2584s
progress: nodes=52,690,000,000 tested=61 found=0 n=114981023927563069545423 elapsed=2585s
progress: nodes=52,700,000,000 tested=61 found=0 n=163546658397767876593131 elapsed=2585s
progress: nodes=52,710,000,000 tested=61 found=0 n=107021144792916089622117 elapsed=2586s
progress: nodes=52,720,000,000 tested=61 found=0 n=107172208672630063471971 elapsed=2586s
progress: nodes=52,730,000,000 tested=61 found=0 n=107214358518628361922537 elapsed=2587s
progress: nodes=52,740,000,000 tested=61 found=0 n=159746357867845660254189 elapsed=2587s
progress: nodes=52,750,000,000 tested=61 found=0 n=109934818165391370389469 elapsed=2588s
progress: nodes=52,760,000,000 tested=61 found=0 n=147640704765116296299489 elapsed=2588s
progress: nodes=52,770,000,000 tested=61 found=0 n=108367323859558303419033 elapsed=2589s
progress: nodes=52,780,000,000 tested=61 found=0 n=137390147912921064051429 elapsed=2589s
progress: nodes=52,790,000,000 tested=61 found=0 n=154478336743908963689211 elapsed=2590s
progress: nodes=52,800,000,000 tested=61 found=0 n=100779827651957095783911 elapsed=2590s
progress: nodes=52,810,000,000 tested=61 found=0 n=141636678966910685734407 elapsed=2591s
progress: nodes=52,820,000,000 tested=61 found=0 n=104190717138453761342373 elapsed=2591s
progress: nodes=52,830,000,000 tested=61 found=0 n=117514857872734111390293 elapsed=2592s
progress: nodes=52,840,000,000 tested=61 found=0 n=111069043908732832451067 elapsed=2592s
progress: nodes=52,850,000,000 tested=61 found=0 n=117584755260533878146291 elapsed=2593s
progress: nodes=52,860,000,000 tested=61 found=0 n=123417077959208269209897 elapsed=2593s
progress: nodes=52,870,000,000 tested=61 found=0 n=121393174648474026610389 elapsed=2594s
progress: nodes=52,880,000,000 tested=61 found=0 n=122727360851552980528929 elapsed=2594s
progress: nodes=52,890,000,000 tested=61 found=0 n=132885545433908208652557 elapsed=2595s
progress: nodes=52,900,000,000 tested=61 found=0 n=154249220871091091693871 elapsed=2595s
progress: nodes=52,910,000,000 tested=61 found=0 n=143261140136297426180091 elapsed=2596s
progress: nodes=52,920,000,000 tested=61 found=0 n=139199448657890384877267 elapsed=2596s
progress: nodes=52,930,000,000 tested=61 found=0 n=167546415003088003046703 elapsed=2597s
progress: nodes=52,940,000,000 tested=61 found=0 n=162428973082571768003739 elapsed=2597s
progress: nodes=52,950,000,000 tested=61 found=0 n=180767580228644043929679 elapsed=2598s
progress: nodes=52,960,000,000 tested=61 found=0 n=219634785803664477481851 elapsed=2598s
progress: nodes=52,970,000,000 tested=61 found=0 n=364950417853942208931951 elapsed=2599s
progress: nodes=52,980,000,000 tested=61 found=0 n=531600473569887231088887 elapsed=2599s
progress: nodes=52,990,000,000 tested=61 found=0 n=712213667710033810157991 elapsed=2600s
progress: nodes=53,000,000,000 tested=61 found=0 n=910619485743907296617337 elapsed=2600s
progress: nodes=53,010,000,000 tested=61 found=0 n=122434741130017600900539 elapsed=2601s
progress: nodes=53,020,000,000 tested=61 found=0 n=332456640120955057579641 elapsed=2601s
progress: nodes=53,030,000,000 tested=61 found=0 n=568416657045223006801011 elapsed=2602s
progress: nodes=53,040,000,000 tested=61 found=0 n=831327789751346254043061 elapsed=2602s
progress: nodes=53,050,000,000 tested=61 found=0 n=112438606805616974942367 elapsed=2602s
progress: nodes=53,060,000,000 tested=61 found=0 n=384916973149787550794091 elapsed=2603s
progress: nodes=53,070,000,000 tested=61 found=0 n=687145758717527094357603 elapsed=2603s
progress: nodes=53,080,000,000 tested=61 found=0 n=27912069274927830045669 elapsed=2604s
progress: nodes=53,090,000,000 tested=61 found=0 n=331906517251225561677879 elapsed=2604s
progress: nodes=53,100,000,000 tested=61 found=0 n=677622198189022236998001 elapsed=2605s
progress: nodes=53,110,000,000 tested=61 found=0 n=56853415873567321839369 elapsed=2605s
progress: nodes=53,120,000,000 tested=61 found=0 n=405610746802777474309197 elapsed=2605s
progress: nodes=53,130,000,000 tested=61 found=0 n=795157632996271946445429 elapsed=2606s
progress: nodes=53,140,000,000 tested=61 found=0 n=199014866483268662191827 elapsed=2606s
progress: nodes=53,150,000,000 tested=61 found=0 n=609641894915904188042397 elapsed=2607s
progress: nodes=53,160,000,000 tested=61 found=0 n=65390019170950225894527 elapsed=2607s
progress: nodes=53,170,000,000 tested=61 found=0 n=494886688936505372699577 elapsed=2608s
progress: nodes=53,180,000,000 tested=61 found=0 n=969000027330627945882999 elapsed=2608s
progress: nodes=53,190,000,000 tested=61 found=0 n=437477893772630420333547 elapsed=2609s
progress: nodes=53,200,000,000 tested=61 found=0 n=939876163370394210275931 elapsed=2609s
progress: nodes=53,210,000,000 tested=61 found=0 n=443377679099660046543879 elapsed=2609s
progress: nodes=53,220,000,000 tested=61 found=0 n=977989834056320617414113 elapsed=2610s
progress: nodes=53,230,000,000 tested=61 found=0 n=505765957129228395225549 elapsed=2610s
progress: nodes=53,240,000,000 tested=61 found=0 n=79556828615100911419191 elapsed=2611s
progress: nodes=53,250,000,000 tested=61 found=0 n=629777195775073910470599 elapsed=2611s
progress: nodes=53,260,000,000 tested=61 found=0 n=219043327292501513725539 elapsed=2612s
progress: nodes=53,270,000,000 tested=61 found=0 n=814743761653489502697093 elapsed=2612s
progress: nodes=53,280,000,000 tested=61 found=0 n=422096666975466264956097 elapsed=2613s
progress: nodes=53,290,000,000 tested=61 found=0 n=69020498055618675762273 elapsed=2613s
progress: nodes=53,300,000,000 tested=61 found=0 n=688245362416938570858999 elapsed=2614s
progress: nodes=53,310,000,000 tested=61 found=0 n=342902895977958364792359 elapsed=2614s
progress: nodes=53,320,000,000 tested=61 found=0 n=38525882110756928289171 elapsed=2615s
progress: nodes=53,330,000,000 tested=61 found=0 n=698824709485390172326257 elapsed=2615s
progress: nodes=53,340,000,000 tested=61 found=0 n=397754488510252746875541 elapsed=2616s
progress: nodes=53,350,000,000 tested=61 found=0 n=127241751267373168301337 elapsed=2616s
progress: nodes=53,360,000,000 tested=61 found=0 n=88927439271668105712219 elapsed=2616s
progress: nodes=53,370,000,000 tested=61 found=0 n=514038032531329082039109 elapsed=2617s
progress: nodes=53,380,000,000 tested=61 found=0 n=486347683671894125572029 elapsed=2617s
progress: nodes=53,390,000,000 tested=61 found=0 n=801764511672744085811499 elapsed=2618s
progress: nodes=53,400,000,000 tested=61 found=0 n=574579413709148087414559 elapsed=2618s
progress: nodes=53,410,000,000 tested=61 found=0 n=690333623157124546767783 elapsed=2619s
progress: nodes=53,420,000,000 tested=61 found=0 n=302282440324248673297701 elapsed=2619s
progress: nodes=53,430,000,000 tested=61 found=0 n=358888386995676459030879 elapsed=2620s
progress: nodes=53,440,000,000 tested=61 found=0 n=760751605553608511470089 elapsed=2620s
progress: nodes=53,450,000,000 tested=61 found=0 n=685217277972071398287657 elapsed=2621s
progress: nodes=53,460,000,000 tested=61 found=0 n=263225481847750607146731 elapsed=2621s
progress: nodes=53,470,000,000 tested=61 found=0 n=234847237648834935540801 elapsed=2622s
progress: nodes=53,480,000,000 tested=61 found=0 n=581005355272389979925301 elapsed=2622s
progress: nodes=53,490,000,000 tested=61 found=0 n=552948070747767959435787 elapsed=2623s
progress: nodes=53,500,000,000 tested=61 found=0 n=157311444071275106206671 elapsed=2623s
progress: nodes=53,510,000,000 tested=61 found=0 n=133196973869786143690989 elapsed=2624s
progress: nodes=53,520,000,000 tested=61 found=0 n=445185513530841478869243 elapsed=2624s
progress: nodes=53,530,000,000 tested=61 found=0 n=455047273114677296245269 elapsed=2624s
progress: nodes=53,540,000,000 tested=61 found=0 n=161521618369639222034109 elapsed=2625s
progress: nodes=53,550,000,000 tested=61 found=0 n=226333064937676064174037 elapsed=2625s
progress: nodes=53,560,000,000 tested=61 found=0 n=73269530147426654751633 elapsed=2626s
progress: nodes=53,570,000,000 tested=61 found=0 n=276808902866513807298201 elapsed=2626s
progress: nodes=53,580,000,000 tested=61 found=0 n=232661111990194266251103 elapsed=2627s
progress: nodes=53,590,000,000 tested=61 found=0 n=541652968824808477961709 elapsed=2627s
progress: nodes=53,600,000,000 tested=61 found=0 n=105735608477644505454171 elapsed=2628s
progress: nodes=53,610,000,000 tested=61 found=0 n=81617128777156559776497 elapsed=2628s
progress: nodes=53,620,000,000 tested=61 found=0 n=416744398793835058029237 elapsed=2629s
progress: nodes=53,630,000,000 tested=61 found=0 n=62782789550824896474537 elapsed=2629s
progress: nodes=53,640,000,000 tested=61 found=0 n=492298866919618915822281 elapsed=2630s
progress: nodes=53,650,000,000 tested=61 found=0 n=291991056172187976981531 elapsed=2630s
progress: nodes=53,660,000,000 tested=61 found=0 n=470315668329463219905411 elapsed=2631s
progress: nodes=53,670,000,000 tested=61 found=0 n=58681516559204289567663 elapsed=2631s
progress: nodes=53,680,000,000 tested=61 found=0 n=460163549865050274501027 elapsed=2632s
progress: nodes=53,690,000,000 tested=61 found=0 n=306108756437311488131163 elapsed=2632s
progress: nodes=53,700,000,000 tested=61 found=0 n=73823500917829499982453 elapsed=2632s
progress: nodes=53,710,000,000 tested=61 found=0 n=198221153554653818175279 elapsed=2633s
progress: nodes=53,720,000,000 tested=61 found=0 n=222945388334354701836513 elapsed=2633s
progress: nodes=53,730,000,000 tested=61 found=0 n=174960497848476121181631 elapsed=2634s
progress: nodes=53,740,000,000 tested=61 found=0 n=39210209949352866059097 elapsed=2634s
progress: nodes=53,750,000,000 tested=61 found=0 n=240856257476633330816361 elapsed=2635s
progress: nodes=53,760,000,000 tested=61 found=0 n=23292721420058897231733 elapsed=2635s
progress: nodes=53,770,000,000 tested=61 found=0 n=89249824194099037727643 elapsed=2636s
progress: nodes=53,780,000,000 tested=61 found=0 n=113505752851792585644591 elapsed=2636s
progress: nodes=53,790,000,000 tested=61 found=0 n=85783696175754651708711 elapsed=2637s
progress: nodes=53,800,000,000 tested=61 found=0 n=44049101795279596503873 elapsed=2637s
progress: nodes=53,810,000,000 tested=61 found=0 n=295958548024408588229757 elapsed=2638s
progress: nodes=53,820,000,000 tested=61 found=0 n=142865904639291303004227 elapsed=2638s
progress: nodes=53,830,000,000 tested=61 found=0 n=329729849159806438848351 elapsed=2639s
progress: nodes=53,840,000,000 tested=61 found=0 n=169983791592313512521169 elapsed=2639s
progress: nodes=53,850,000,000 tested=61 found=0 n=29971445683194815181921 elapsed=2640s
progress: nodes=53,860,000,000 tested=61 found=0 n=268606982333094612974613 elapsed=2640s
progress: nodes=53,870,000,000 tested=61 found=0 n=216110239487376415991271 elapsed=2640s
progress: nodes=53,880,000,000 tested=61 found=0 n=194704481035158733568853 elapsed=2641s
progress: nodes=53,890,000,000 tested=61 found=0 n=191866978743020112497427 elapsed=2641s
progress: nodes=53,900,000,000 tested=61 found=0 n=238587228337036723515063 elapsed=2642s
progress: nodes=53,910,000,000 tested=61 found=0 n=67169458878118093983717 elapsed=2642s
progress: nodes=53,920,000,000 tested=61 found=0 n=254393259502033788313023 elapsed=2643s
progress: nodes=53,930,000,000 tested=61 found=0 n=204560241984702486038079 elapsed=2643s
progress: nodes=53,940,000,000 tested=61 found=0 n=232387603125156564739731 elapsed=2644s
progress: nodes=53,950,000,000 tested=61 found=0 n=47921927519305130958513 elapsed=2644s
progress: nodes=53,960,000,000 tested=61 found=0 n=184023184376893143437001 elapsed=2645s
progress: nodes=53,970,000,000 tested=61 found=0 n=105389131287050320991589 elapsed=2645s
progress: nodes=53,980,000,000 tested=61 found=0 n=108468683419086612884493 elapsed=2646s
progress: nodes=53,990,000,000 tested=61 found=0 n=189786844874029726775529 elapsed=2646s
progress: nodes=54,000,000,000 tested=61 found=0 n=111269795803029918316647 elapsed=2647s
progress: nodes=54,010,000,000 tested=61 found=0 n=112601171269455391761777 elapsed=2647s
progress: nodes=54,020,000,000 tested=61 found=0 n=221346727404933746015631 elapsed=2648s
progress: nodes=54,030,000,000 tested=61 found=0 n=186659678220753314718603 elapsed=2648s
progress: nodes=54,040,000,000 tested=61 found=0 n=29285159947163961332877 elapsed=2648s
progress: nodes=54,050,000,000 tested=61 found=0 n=215815351783786900410573 elapsed=2649s
progress: nodes=54,060,000,000 tested=61 found=0 n=70237907316428987757699 elapsed=2649s
progress: nodes=54,070,000,000 tested=61 found=0 n=34699002906046341824577 elapsed=2650s
progress: nodes=54,080,000,000 tested=61 found=0 n=89165598019424165556009 elapsed=2650s
progress: nodes=54,090,000,000 tested=61 found=0 n=33891968922616747274409 elapsed=2651s
progress: nodes=54,100,000,000 tested=61 found=0 n=110613198283919683089507 elapsed=2651s
progress: nodes=54,110,000,000 tested=61 found=0 n=140211623893923662613687 elapsed=2652s
progress: nodes=54,120,000,000 tested=61 found=0 n=138980588386575761451549 elapsed=2652s
progress: nodes=54,130,000,000 tested=61 found=0 n=79361382247717544444547 elapsed=2653s
progress: nodes=54,140,000,000 tested=61 found=0 n=192211045243084187618067 elapsed=2653s
progress: nodes=54,150,000,000 tested=61 found=0 n=90617702191877002423743 elapsed=2654s
progress: nodes=54,160,000,000 tested=61 found=0 n=149687216599071002787243 elapsed=2654s
progress: nodes=54,170,000,000 tested=61 found=0 n=179351944705236539082231 elapsed=2655s
progress: nodes=54,180,000,000 tested=61 found=0 n=189615456969916302177237 elapsed=2655s
progress: nodes=54,190,000,000 tested=61 found=0 n=170776656180881069711931 elapsed=2656s
progress: nodes=54,200,000,000 tested=61 found=0 n=147743735619882625254801 elapsed=2656s
progress: nodes=54,210,000,000 tested=61 found=0 n=123817943597167573989543 elapsed=2657s
progress: nodes=54,220,000,000 tested=61 found=0 n=100349021337648575830569 elapsed=2657s
progress: nodes=54,230,000,000 tested=61 found=0 n=86346058415077812272229 elapsed=2657s
progress: nodes=54,240,000,000 tested=61 found=0 n=80168440503587376035403 elapsed=2658s
progress: nodes=54,250,000,000 tested=61 found=0 n=88125254437566467300949 elapsed=2658s
progress: nodes=54,260,000,000 tested=61 found=0 n=151448333634271657241181 elapsed=2659s
progress: nodes=54,270,000,000 tested=61 found=0 n=87631789990024480619727 elapsed=2659s
progress: nodes=54,280,000,000 tested=61 found=0 n=84737393406518205290553 elapsed=2660s
progress: nodes=54,290,000,000 tested=61 found=0 n=134174781425728860368013 elapsed=2660s
progress: nodes=54,300,000,000 tested=61 found=0 n=92934434274795504854001 elapsed=2661s
progress: nodes=54,310,000,000 tested=61 found=0 n=129978152027434190622681 elapsed=2661s
progress: nodes=54,320,000,000 tested=61 found=0 n=96495249624037756880157 elapsed=2662s
progress: nodes=54,330,000,000 tested=61 found=0 n=160676356318181070118983 elapsed=2662s
progress: nodes=54,340,000,000 tested=61 found=0 n=175469805478604479745133 elapsed=2663s
progress: nodes=54,350,000,000 tested=61 found=0 n=143991125807753579876829 elapsed=2663s
progress: nodes=54,360,000,000 tested=61 found=0 n=79225205005599584673357 elapsed=2664s
progress: nodes=54,370,000,000 tested=61 found=0 n=93742077062199030010623 elapsed=2664s
progress: nodes=54,380,000,000 tested=61 found=0 n=83921165990769835753641 elapsed=2665s
progress: nodes=54,390,000,000 tested=61 found=0 n=59279196831018235399251 elapsed=2665s
progress: nodes=54,400,000,000 tested=61 found=0 n=51458577154423169415993 elapsed=2666s
progress: nodes=54,410,000,000 tested=61 found=0 n=69021042778167456173967 elapsed=2666s
progress: nodes=54,420,000,000 tested=61 found=0 n=101565401904777273110109 elapsed=2667s
progress: nodes=54,430,000,000 tested=61 found=0 n=53658119727645592494951 elapsed=2667s
progress: nodes=54,440,000,000 tested=61 found=0 n=43287702137292281600547 elapsed=2668s
progress: nodes=54,450,000,000 tested=61 found=0 n=87527441162687140950489 elapsed=2668s
progress: nodes=54,460,000,000 tested=61 found=0 n=72801636761851637513643 elapsed=2669s
progress: nodes=54,470,000,000 tested=61 found=0 n=45760174574793533154531 elapsed=2669s
progress: nodes=54,480,000,000 tested=61 found=0 n=93151840313886681637233 elapsed=2670s
progress: nodes=54,490,000,000 tested=61 found=0 n=119395145667175965872901 elapsed=2670s
progress: nodes=54,500,000,000 tested=61 found=0 n=51271035345225713772909 elapsed=2671s
progress: nodes=54,510,000,000 tested=61 found=0 n=116095248019367263940139 elapsed=2671s
progress: nodes=54,520,000,000 tested=61 found=0 n=116662003893614058417153 elapsed=2672s
progress: nodes=54,530,000,000 tested=61 found=0 n=145323568341152990208189 elapsed=2672s
progress: nodes=54,540,000,000 tested=61 found=0 n=106267617688319825101749 elapsed=2673s
progress: nodes=54,550,000,000 tested=61 found=0 n=121131256840468544800053 elapsed=2673s
progress: nodes=54,560,000,000 tested=61 found=0 n=123186692342888633108727 elapsed=2674s
progress: nodes=54,570,000,000 tested=61 found=0 n=134886170686446394834311 elapsed=2674s
progress: nodes=54,580,000,000 tested=61 found=0 n=58938395099054505940521 elapsed=2675s
progress: nodes=54,590,000,000 tested=61 found=0 n=111980439265524718038381 elapsed=2675s
progress: nodes=54,600,000,000 tested=61 found=0 n=99211683423272251051143 elapsed=2676s
progress: nodes=54,610,000,000 tested=61 found=0 n=74062267952164426576719 elapsed=2676s
progress: nodes=54,620,000,000 tested=61 found=0 n=142572141281352793542147 elapsed=2677s
progress: nodes=54,630,000,000 tested=61 found=0 n=63439782967414509905403 elapsed=2677s
progress: nodes=54,640,000,000 tested=61 found=0 n=132489413794313614246131 elapsed=2678s
progress: nodes=54,650,000,000 tested=61 found=0 n=108267090974510742483363 elapsed=2678s
progress: nodes=54,660,000,000 tested=61 found=0 n=111886281817487594058411 elapsed=2679s
progress: nodes=54,670,000,000 tested=61 found=0 n=107750118876396793748721 elapsed=2679s
progress: nodes=54,680,000,000 tested=61 found=0 n=113070669924115942246593 elapsed=2680s
progress: nodes=54,690,000,000 tested=61 found=0 n=81306501600879678901239 elapsed=2680s
progress: nodes=54,700,000,000 tested=61 found=0 n=136491485146372310652621 elapsed=2681s
progress: nodes=54,710,000,000 tested=61 found=0 n=101451688548975386899893 elapsed=2681s
progress: nodes=54,720,000,000 tested=61 found=0 n=116567049311898726031029 elapsed=2682s
progress: nodes=54,730,000,000 tested=61 found=0 n=143685126310529735466381 elapsed=2682s
progress: nodes=54,740,000,000 tested=61 found=0 n=124867158569123956526079 elapsed=2683s
progress: nodes=54,750,000,000 tested=61 found=0 n=86430188897902943291583 elapsed=2683s
progress: nodes=54,760,000,000 tested=61 found=0 n=122696479229016540932469 elapsed=2684s
progress: nodes=54,770,000,000 tested=61 found=0 n=115556933158675781154921 elapsed=2684s
progress: nodes=54,780,000,000 tested=61 found=0 n=91825844528230331232483 elapsed=2685s
progress: nodes=54,790,000,000 tested=61 found=0 n=86560261561480762705419 elapsed=2685s
progress: nodes=54,800,000,000 tested=61 found=0 n=138010073635798109809371 elapsed=2686s
progress: nodes=54,810,000,000 tested=61 found=0 n=108790329846646228763367 elapsed=2686s
progress: nodes=54,820,000,000 tested=61 found=0 n=104501192907055649798709 elapsed=2687s
progress: nodes=54,830,000,000 tested=61 found=0 n=117942742910544554139291 elapsed=2687s
progress: nodes=54,840,000,000 tested=61 found=0 n=101695053231410505661179 elapsed=2688s
progress: nodes=54,850,000,000 tested=61 found=0 n=115440978890339049645621 elapsed=2688s
progress: nodes=54,860,000,000 tested=61 found=0 n=147467916407472715816839 elapsed=2689s
progress: nodes=54,870,000,000 tested=61 found=0 n=111668579600682104928081 elapsed=2689s
progress: nodes=54,880,000,000 tested=61 found=0 n=144818334012286316754603 elapsed=2690s
progress: nodes=54,890,000,000 tested=61 found=0 n=125704861151260511501073 elapsed=2690s
progress: nodes=54,900,000,000 tested=61 found=0 n=151858994999638200397893 elapsed=2691s
progress: nodes=54,910,000,000 tested=61 found=0 n=140203127783163536019621 elapsed=2691s
progress: nodes=54,920,000,000 tested=61 found=0 n=488026198035694878806169 elapsed=2692s
progress: nodes=54,930,000,000 tested=61 found=0 n=547883191162592424651897 elapsed=2692s
progress: nodes=54,940,000,000 tested=61 found=0 n=622548540220525129815219 elapsed=2693s
progress: nodes=54,950,000,000 tested=61 found=0 n=712328725550324761253991 elapsed=2693s
progress: nodes=54,960,000,000 tested=61 found=0 n=817236726932696164248231 elapsed=2694s
progress: nodes=54,970,000,000 tested=61 found=0 n=940621293565500697996923 elapsed=2694s
progress: nodes=54,980,000,000 tested=61 found=0 n=80521493856996650412339 elapsed=2695s
progress: nodes=54,990,000,000 tested=61 found=0 n=214371425767824325402479 elapsed=2695s
progress: nodes=55,000,000,000 tested=61 found=0 n=367353909595905936284889 elapsed=2696s
progress: nodes=55,010,000,000 tested=61 found=0 n=537049545063214479503823 elapsed=2696s
progress: nodes=55,020,000,000 tested=61 found=0 n=724033670224924357930863 elapsed=2696s
progress: nodes=55,030,000,000 tested=61 found=0 n=928991365047257403240657 elapsed=2697s
progress: nodes=55,040,000,000 tested=61 found=0 n=142160849387675251917399 elapsed=2697s
progress: nodes=55,050,000,000 tested=61 found=0 n=357749491874543065268433 elapsed=2698s
progress: nodes=55,060,000,000 tested=61 found=0 n=597213978860486074544919 elapsed=2698s
progress: nodes=55,070,000,000 tested=61 found=0 n=861379402426546193682723 elapsed=2699s
progress: nodes=55,080,000,000 tested=61 found=0 n=140065409929783262460921 elapsed=2699s
progress: nodes=55,090,000,000 tested=61 found=0 n=420092076558869963121951 elapsed=2700s
progress: nodes=55,100,000,000 tested=61 found=0 n=727566253781261966469783 elapsed=2700s
progress: nodes=55,110,000,000 tested=61 found=0 n=61793553991190036830353 elapsed=2701s
progress: nodes=55,120,000,000 tested=61 found=0 n=370778118088179118514967 elapsed=2701s
progress: nodes=55,130,000,000 tested=61 found=0 n=713626056406571396402853 elapsed=2702s
progress: nodes=55,140,000,000 tested=61 found=0 n=80042803339140677886543 elapsed=2702s
progress: nodes=55,150,000,000 tested=61 found=0 n=424851275364908644603197 elapsed=2702s
progress: nodes=55,160,000,000 tested=61 found=0 n=803470921515889005901599 elapsed=2703s
progress: nodes=55,170,000,000 tested=61 found=0 n=192137949600790539402441 elapsed=2703s
progress: nodes=55,180,000,000 tested=61 found=0 n=585056362192964572880277 elapsed=2704s
progress: nodes=55,190,000,000 tested=61 found=0 n=26986697192686193232039 elapsed=2704s
progress: nodes=55,200,000,000 tested=61 found=0 n=431580106246293399694761 elapsed=2705s
progress: nodes=55,210,000,000 tested=61 found=0 n=887420832628293889385229 elapsed=2705s
progress: nodes=55,220,000,000 tested=61 found=0 n=346399787399115780315909 elapsed=2706s
progress: nodes=55,230,000,000 tested=61 found=0 n=829920138329676356866827 elapsed=2706s
progress: nodes=55,240,000,000 tested=61 found=0 n=319375012195209843302661 elapsed=2707s
progress: nodes=55,250,000,000 tested=61 found=0 n=830980803171889004208651 elapsed=2707s
progress: nodes=55,260,000,000 tested=61 found=0 n=549275308221458911380057 elapsed=2708s
progress: nodes=55,270,000,000 tested=61 found=0 n=608918874323241327256719 elapsed=2708s
progress: nodes=55,280,000,000 tested=61 found=0 n=155040373342588463330139 elapsed=2709s
progress: nodes=55,290,000,000 tested=61 found=0 n=32570076174064929271233 elapsed=2709s
progress: nodes=55,300,000,000 tested=61 found=0 n=266649829565277719987811 elapsed=2710s
progress: nodes=55,310,000,000 tested=61 found=0 n=58574061217485613764657 elapsed=2710s
progress: nodes=55,320,000,000 tested=61 found=0 n=157229802562592492152497 elapsed=2711s
progress: nodes=55,330,000,000 tested=61 found=0 n=587902578689669100684057 elapsed=2711s
progress: nodes=55,340,000,000 tested=61 found=0 n=552487009443847868904129 elapsed=2712s
progress: nodes=55,350,000,000 tested=61 found=0 n=98297605970606953399797 elapsed=2712s
progress: nodes=55,360,000,000 tested=61 found=0 n=35093608623193267410417 elapsed=2713s
progress: nodes=55,370,000,000 tested=61 found=0 n=333187393654785945846879 elapsed=2713s
progress: nodes=55,380,000,000 tested=61 found=0 n=410806719061256751237081 elapsed=2714s
progress: nodes=55,390,000,000 tested=61 found=0 n=295194613124314073478231 elapsed=2714s
progress: nodes=55,400,000,000 tested=61 found=0 n=618945451044379776433809 elapsed=2715s
progress: nodes=55,410,000,000 tested=61 found=0 n=55880795632737593390103 elapsed=2715s
progress: nodes=55,420,000,000 tested=61 found=0 n=474252869998897105361553 elapsed=2716s
progress: nodes=55,430,000,000 tested=61 found=0 n=589134926271264068773539 elapsed=2716s
progress: nodes=55,440,000,000 tested=61 found=0 n=472396870815951963047859 elapsed=2717s
progress: nodes=55,450,000,000 tested=61 found=0 n=117005209608806665706637 elapsed=2717s
progress: nodes=55,460,000,000 tested=61 found=0 n=158212590921516258672237 elapsed=2718s
progress: nodes=55,470,000,000 tested=61 found=0 n=37524402399521765749329 elapsed=2718s
progress: nodes=55,480,000,000 tested=61 found=0 n=238895822412357676028001 elapsed=2719s
progress: nodes=55,490,000,000 tested=61 found=0 n=319036253922873986891931 elapsed=2719s
progress: nodes=55,500,000,000 tested=61 found=0 n=253237874211935174488311 elapsed=2719s
progress: nodes=55,510,000,000 tested=61 found=0 n=71040907771413804994077 elapsed=2720s
progress: nodes=55,520,000,000 tested=61 found=0 n=251135333012312413140861 elapsed=2720s
progress: nodes=55,530,000,000 tested=61 found=0 n=313621050846701272052763 elapsed=2721s
progress: nodes=55,540,000,000 tested=61 found=0 n=242527452602362827108363 elapsed=2721s
progress: nodes=55,550,000,000 tested=61 found=0 n=36941554159879241059803 elapsed=2722s
progress: nodes=55,560,000,000 tested=61 found=0 n=179531723146851716574087 elapsed=2722s
progress: nodes=55,570,000,000 tested=61 found=0 n=276917361335303731800219 elapsed=2723s
progress: nodes=55,580,000,000 tested=61 found=0 n=295025449880705072283909 elapsed=2723s
progress: nodes=55,590,000,000 tested=61 found=0 n=254305405578286255727457 elapsed=2724s
progress: nodes=55,600,000,000 tested=61 found=0 n=225060549840765979858287 elapsed=2724s
progress: nodes=55,610,000,000 tested=61 found=0 n=184555238378542135217883 elapsed=2725s
progress: nodes=55,620,000,000 tested=61 found=0 n=119204124332902394219973 elapsed=2725s
progress: nodes=55,630,000,000 tested=61 found=0 n=35257435464269705188887 elapsed=2726s
progress: nodes=55,640,000,000 tested=61 found=0 n=276963445305920521432053 elapsed=2726s
progress: nodes=55,650,000,000 tested=61 found=0 n=208773758616234206615451 elapsed=2727s
progress: nodes=55,660,000,000 tested=61 found=0 n=150276690196660284218577 elapsed=2727s
progress: nodes=55,670,000,000 tested=61 found=0 n=132648507414243414806751 elapsed=2728s
progress: nodes=55,680,000,000 tested=61 found=0 n=128407576812371667467811 elapsed=2728s
progress: nodes=55,690,000,000 tested=61 found=0 n=147870512982134815331151 elapsed=2729s
progress: nodes=55,700,000,000 tested=61 found=0 n=184047319802093880508299 elapsed=2729s
progress: nodes=55,710,000,000 tested=61 found=0 n=271229255097833147303727 elapsed=2730s
progress: nodes=55,720,000,000 tested=61 found=0 n=107216130025955366462277 elapsed=2730s
progress: nodes=55,730,000,000 tested=61 found=0 n=57271902298036978487859 elapsed=2731s
progress: nodes=55,740,000,000 tested=61 found=0 n=60424867178947109790567 elapsed=2731s
progress: nodes=55,750,000,000 tested=61 found=0 n=134340973612137764057817 elapsed=2732s
progress: nodes=55,760,000,000 tested=61 found=0 n=41416169907398110708653 elapsed=2732s
progress: nodes=55,770,000,000 tested=61 found=0 n=26302306981341172834899 elapsed=2733s
progress: nodes=55,780,000,000 tested=61 found=0 n=86810026271297155851717 elapsed=2733s
progress: nodes=55,790,000,000 tested=61 found=0 n=234353723977467024015393 elapsed=2734s
progress: nodes=55,800,000,000 tested=61 found=0 n=248147181713303292150423 elapsed=2734s
progress: nodes=55,810,000,000 tested=61 found=0 n=117988385667763765443597 elapsed=2735s
progress: nodes=55,820,000,000 tested=61 found=0 n=141247942117051029021531 elapsed=2735s
progress: nodes=55,830,000,000 tested=61 found=0 n=41887360081892340616293 elapsed=2736s
progress: nodes=55,840,000,000 tested=61 found=0 n=62257927834975835539269 elapsed=2736s
progress: nodes=55,850,000,000 tested=61 found=0 n=221333606451318375346563 elapsed=2736s
progress: nodes=55,860,000,000 tested=61 found=0 n=82454376986526793444119 elapsed=2737s
progress: nodes=55,870,000,000 tested=61 found=0 n=94169161058936340409263 elapsed=2737s
progress: nodes=55,880,000,000 tested=61 found=0 n=31786472959225845618681 elapsed=2738s
progress: nodes=55,890,000,000 tested=61 found=0 n=106265266633799364480543 elapsed=2738s
progress: nodes=55,900,000,000 tested=61 found=0 n=114165104559100132327713 elapsed=2739s
progress: nodes=55,910,000,000 tested=61 found=0 n=64599347794153214045619 elapsed=2739s
progress: nodes=55,920,000,000 tested=61 found=0 n=163973912622228027630927 elapsed=2740s
progress: nodes=55,930,000,000 tested=61 found=0 n=200879655064904250959139 elapsed=2740s
progress: nodes=55,940,000,000 tested=61 found=0 n=27532036509860651491107 elapsed=2741s
progress: nodes=55,950,000,000 tested=61 found=0 n=51392438677050785059977 elapsed=2741s
progress: nodes=55,960,000,000 tested=61 found=0 n=88786004931275887642869 elapsed=2742s
progress: nodes=55,970,000,000 tested=61 found=0 n=125124584013591149972061 elapsed=2742s
progress: nodes=55,980,000,000 tested=61 found=0 n=192894211732899558065877 elapsed=2743s
progress: nodes=55,990,000,000 tested=61 found=0 n=124014860480699166513843 elapsed=2743s
progress: nodes=56,000,000,000 tested=61 found=0 n=92075570646458814321291 elapsed=2744s
progress: nodes=56,010,000,000 tested=61 found=0 n=86555501941126534767297 elapsed=2744s
progress: nodes=56,020,000,000 tested=61 found=0 n=101906444226622730737581 elapsed=2745s
progress: nodes=56,030,000,000 tested=61 found=0 n=163156249180399334358807 elapsed=2745s
progress: nodes=56,040,000,000 tested=61 found=0 n=118301865654897049395501 elapsed=2746s
progress: nodes=56,050,000,000 tested=61 found=0 n=138167651007180615173661 elapsed=2746s
progress: nodes=56,060,000,000 tested=61 found=0 n=77075525775838998294117 elapsed=2747s
progress: nodes=56,070,000,000 tested=61 found=0 n=102560086370311240212927 elapsed=2747s
progress: nodes=56,080,000,000 tested=61 found=0 n=69249107848666338857187 elapsed=2748s
progress: nodes=56,090,000,000 tested=61 found=0 n=99124827944185791882981 elapsed=2748s
progress: nodes=56,100,000,000 tested=61 found=0 n=70215412191333373273617 elapsed=2749s
progress: nodes=56,110,000,000 tested=61 found=0 n=161500531109806829411163 elapsed=2749s
progress: nodes=56,120,000,000 tested=61 found=0 n=116769046187671442685351 elapsed=2750s
progress: nodes=56,130,000,000 tested=61 found=0 n=67054723546382335398789 elapsed=2750s
progress: nodes=56,140,000,000 tested=61 found=0 n=43567270115892030434619 elapsed=2751s
progress: nodes=56,150,000,000 tested=61 found=0 n=154357340751531668264283 elapsed=2751s
progress: nodes=56,160,000,000 tested=61 found=0 n=149121317225236305079053 elapsed=2752s
progress: nodes=56,170,000,000 tested=61 found=0 n=31565086419075617945691 elapsed=2752s
progress: nodes=56,180,000,000 tested=61 found=0 n=74928193129820096570889 elapsed=2753s
progress: nodes=56,190,000,000 tested=61 found=0 n=47460680584589939129001 elapsed=2753s
progress: nodes=56,200,000,000 tested=61 found=0 n=65863177368584072682051 elapsed=2754s
progress: nodes=56,210,000,000 tested=61 found=0 n=135049646219019532132671 elapsed=2754s
progress: nodes=56,220,000,000 tested=61 found=0 n=63382196434722004758303 elapsed=2755s
progress: nodes=56,230,000,000 tested=61 found=0 n=87685722563841089764461 elapsed=2755s
progress: nodes=56,240,000,000 tested=61 found=0 n=93961044345954255171471 elapsed=2756s
progress: nodes=56,250,000,000 tested=61 found=0 n=104923438864718315369913 elapsed=2756s
progress: nodes=56,260,000,000 tested=61 found=0 n=126149081125478124356181 elapsed=2757s
progress: nodes=56,270,000,000 tested=61 found=0 n=88342251397349034030561 elapsed=2757s
progress: nodes=56,280,000,000 tested=61 found=0 n=98844409900906438944483 elapsed=2758s
progress: nodes=56,290,000,000 tested=61 found=0 n=49067913303110378509371 elapsed=2758s
progress: nodes=56,300,000,000 tested=61 found=0 n=43109206694828641258353 elapsed=2759s
progress: nodes=56,310,000,000 tested=61 found=0 n=108279680533266728759427 elapsed=2759s
progress: nodes=56,320,000,000 tested=61 found=0 n=82486740012985690339419 elapsed=2760s
progress: nodes=56,330,000,000 tested=61 found=0 n=75189844778708573652123 elapsed=2760s
progress: nodes=56,340,000,000 tested=61 found=0 n=111933540787319862834069 elapsed=2761s
progress: nodes=56,350,000,000 tested=61 found=0 n=102914473902949630725111 elapsed=2761s
progress: nodes=56,360,000,000 tested=61 found=0 n=77315267185063995102939 elapsed=2762s
progress: nodes=56,370,000,000 tested=61 found=0 n=78660878783798470938471 elapsed=2762s
progress: nodes=56,380,000,000 tested=61 found=0 n=113386601896904402823141 elapsed=2763s
progress: nodes=56,390,000,000 tested=61 found=0 n=119625026500090198295901 elapsed=2763s
progress: nodes=56,400,000,000 tested=61 found=0 n=50161259660031605970423 elapsed=2764s
progress: nodes=56,410,000,000 tested=61 found=0 n=105274334357454289625829 elapsed=2764s
progress: nodes=56,420,000,000 tested=61 found=0 n=122343753691946324890737 elapsed=2765s
progress: nodes=56,430,000,000 tested=61 found=0 n=124305928398024334648533 elapsed=2765s
progress: nodes=56,440,000,000 tested=61 found=0 n=101217613948794097837929 elapsed=2766s
progress: nodes=56,450,000,000 tested=61 found=0 n=81823211195460262891209 elapsed=2766s
progress: nodes=56,460,000,000 tested=61 found=0 n=99171014036533702937289 elapsed=2767s
progress: nodes=56,470,000,000 tested=61 found=0 n=97887996482457953029797 elapsed=2767s
progress: nodes=56,480,000,000 tested=61 found=0 n=65151041934757000948803 elapsed=2768s
progress: nodes=56,490,000,000 tested=61 found=0 n=63084339230267566995399 elapsed=2768s
progress: nodes=56,500,000,000 tested=61 found=0 n=87245009185864474222047 elapsed=2769s
progress: nodes=56,510,000,000 tested=61 found=0 n=73898117335231021336581 elapsed=2769s
progress: nodes=56,520,000,000 tested=61 found=0 n=107011079119555829671761 elapsed=2770s
progress: nodes=56,530,000,000 tested=61 found=0 n=66677508967814834195799 elapsed=2770s
progress: nodes=56,540,000,000 tested=61 found=0 n=109817898765802505625501 elapsed=2771s
progress: nodes=56,550,000,000 tested=61 found=0 n=101778933597273025273719 elapsed=2771s
progress: nodes=56,560,000,000 tested=61 found=0 n=89952803805952995704181 elapsed=2772s
progress: nodes=56,570,000,000 tested=61 found=0 n=93100170917422525895577 elapsed=2772s
progress: nodes=56,580,000,000 tested=61 found=0 n=85691805940413512025417 elapsed=2773s
progress: nodes=56,590,000,000 tested=61 found=0 n=109546686786116212985583 elapsed=2773s
progress: nodes=56,600,000,000 tested=61 found=0 n=117661418666325541657881 elapsed=2774s
progress: nodes=56,610,000,000 tested=61 found=0 n=88123624116579074180619 elapsed=2774s
progress: nodes=56,620,000,000 tested=61 found=0 n=93067506019181141957817 elapsed=2775s
progress: nodes=56,630,000,000 tested=61 found=0 n=94619867565976524096633 elapsed=2775s
progress: nodes=56,640,000,000 tested=61 found=0 n=129601326822514031358027 elapsed=2776s
progress: nodes=56,650,000,000 tested=61 found=0 n=125793257091149649066219 elapsed=2776s
progress: nodes=56,660,000,000 tested=61 found=0 n=130734631796731184637261 elapsed=2777s
progress: nodes=56,670,000,000 tested=61 found=0 n=123022333497988930359123 elapsed=2778s
progress: nodes=56,680,000,000 tested=62 found=0 n=344542241934125192417229 elapsed=2778s
progress: nodes=56,690,000,000 tested=62 found=0 n=24207059574537956571609 elapsed=2779s
progress: nodes=56,700,000,000 tested=62 found=0 n=667794899745036197905617 elapsed=2779s
progress: nodes=56,710,000,000 tested=62 found=0 n=348959368832852185315677 elapsed=2779s
progress: nodes=56,720,000,000 tested=62 found=0 n=64154612244081001889169 elapsed=2780s
progress: nodes=56,730,000,000 tested=62 found=0 n=761381836877475148298733 elapsed=2780s
progress: nodes=56,740,000,000 tested=62 found=0 n=483415329270398176306809 elapsed=2781s
progress: nodes=56,750,000,000 tested=62 found=0 n=229926980560120319764827 elapsed=2781s
progress: nodes=56,760,000,000 tested=62 found=0 n=994119267877344978573897 elapsed=2782s
progress: nodes=56,770,000,000 tested=62 found=0 n=756203777680713695286723 elapsed=2782s
progress: nodes=56,780,000,000 tested=62 found=0 n=536648367422490767052147 elapsed=2783s
progress: nodes=56,790,000,000 tested=62 found=0 n=335879975511783694842543 elapsed=2783s
progress: nodes=56,800,000,000 tested=62 found=0 n=154444752365982673940037 elapsed=2784s
progress: nodes=56,810,000,000 tested=62 found=0 n=982397616045471590871753 elapsed=2784s
progress: nodes=56,820,000,000 tested=62 found=0 n=812107222433057721941001 elapsed=2784s
progress: nodes=56,830,000,000 tested=62 found=0 n=656876297223611537976981 elapsed=2785s
progress: nodes=56,840,000,000 tested=62 found=0 n=516523324602849684783201 elapsed=2785s
progress: nodes=56,850,000,000 tested=62 found=0 n=392009179445860355526609 elapsed=2786s
progress: nodes=56,860,000,000 tested=62 found=0 n=280312032802516952215671 elapsed=2786s
progress: nodes=56,870,000,000 tested=62 found=0 n=183077176667615726764653 elapsed=2787s
progress: nodes=56,880,000,000 tested=62 found=0 n=102207803635782105025149 elapsed=2787s
progress: nodes=56,890,000,000 tested=62 found=0 n=35093038858174273747617 elapsed=2788s
progress: nodes=56,900,000,000 tested=62 found=0 n=958519710191914908428853 elapsed=2788s
progress: nodes=56,910,000,000 tested=62 found=0 n=906238157327705526576021 elapsed=2789s
progress: nodes=56,920,000,000 tested=62 found=0 n=870754777463381797026117 elapsed=2789s
progress: nodes=56,930,000,000 tested=62 found=0 n=850431083504766892382331 elapsed=2790s
progress: nodes=56,940,000,000 tested=62 found=0 n=842900586329424045028221 elapsed=2790s
progress: nodes=56,950,000,000 tested=62 found=0 n=847793736437002601446431 elapsed=2791s
progress: nodes=56,960,000,000 tested=62 found=0 n=867197811159970707939291 elapsed=2791s
progress: nodes=56,970,000,000 tested=62 found=0 n=901245815036573606583291 elapsed=2792s
progress: nodes=56,980,000,000 tested=62 found=0 n=947976178485930913535139 elapsed=2792s
progress: nodes=56,990,000,000 tested=62 found=0 n=49320455257904730515847 elapsed=2792s
progress: nodes=57,000,000,000 tested=62 found=0 n=385382546388340128563859 elapsed=2793s
progress: nodes=57,010,000,000 tested=62 found=0 n=166733556696517877290917 elapsed=2793s
progress: nodes=57,020,000,000 tested=62 found=0 n=387131645054377305496953 elapsed=2794s
progress: nodes=57,030,000,000 tested=62 found=0 n=158201837393815500070401 elapsed=2794s
progress: nodes=57,040,000,000 tested=62 found=0 n=394141383876912538163913 elapsed=2795s
progress: nodes=57,050,000,000 tested=62 found=0 n=257529479699187202815693 elapsed=2795s
progress: nodes=57,060,000,000 tested=62 found=0 n=472700793204137485816983 elapsed=2796s
progress: nodes=57,070,000,000 tested=62 found=0 n=276287896424826961110513 elapsed=2796s
progress: nodes=57,080,000,000 tested=62 found=0 n=461145866998259020753791 elapsed=2797s
progress: nodes=57,090,000,000 tested=62 found=0 n=310868934595087661926749 elapsed=2797s
progress: nodes=57,100,000,000 tested=62 found=0 n=575613036141912544843683 elapsed=2798s
progress: nodes=57,110,000,000 tested=62 found=0 n=536868484545637633546773 elapsed=2798s
progress: nodes=57,120,000,000 tested=62 found=0 n=323069553238510921619007 elapsed=2799s
progress: nodes=57,130,000,000 tested=62 found=0 n=601255506038542643959209 elapsed=2799s
progress: nodes=57,140,000,000 tested=62 found=0 n=24723371520678875698269 elapsed=2800s
progress: nodes=57,150,000,000 tested=62 found=0 n=397293859785496594551939 elapsed=2800s
progress: nodes=57,160,000,000 tested=62 found=0 n=513798850030759098008049 elapsed=2801s
progress: nodes=57,170,000,000 tested=62 found=0 n=338227957598710493665197 elapsed=2801s
progress: nodes=57,180,000,000 tested=62 found=0 n=520514860426258926886119 elapsed=2802s
progress: nodes=57,190,000,000 tested=62 found=0 n=526440009931398559414341 elapsed=2802s
progress: nodes=57,200,000,000 tested=62 found=0 n=429024251546976444577911 elapsed=2803s
progress: nodes=57,210,000,000 tested=62 found=0 n=290878621379805049101819 elapsed=2803s
progress: nodes=57,220,000,000 tested=62 found=0 n=47419969790042333389521 elapsed=2804s
progress: nodes=57,230,000,000 tested=62 found=0 n=170087516549561422787283 elapsed=2804s
progress: nodes=57,240,000,000 tested=62 found=0 n=159937684293210379450587 elapsed=2805s
progress: nodes=57,250,000,000 tested=62 found=0 n=32174363885528196015453 elapsed=2805s
progress: nodes=57,260,000,000 tested=62 found=0 n=252445727089406893746627 elapsed=2806s
progress: nodes=57,270,000,000 tested=62 found=0 n=354335689337269869062757 elapsed=2806s
progress: nodes=57,280,000,000 tested=62 found=0 n=353140303925715448989231 elapsed=2806s
progress: nodes=57,290,000,000 tested=62 found=0 n=288563002378069867697403 elapsed=2807s
progress: nodes=57,300,000,000 tested=62 found=0 n=288618374542064375445021 elapsed=2807s
progress: nodes=57,310,000,000 tested=62 found=0 n=334976725867622557435101 elapsed=2808s
progress: nodes=57,320,000,000 tested=62 found=0 n=374743650358086774917229 elapsed=2808s
progress: nodes=57,330,000,000 tested=62 found=0 n=364557368553899138041347 elapsed=2809s
progress: nodes=57,340,000,000 tested=62 found=0 n=336279352322777720022243 elapsed=2809s
progress: nodes=57,350,000,000 tested=62 found=0 n=328735196691135952313673 elapsed=2810s
progress: nodes=57,360,000,000 tested=62 found=0 n=325188510866583695056341 elapsed=2810s
progress: nodes=57,370,000,000 tested=62 found=0 n=32122222419418157643309 elapsed=2811s
progress: nodes=57,380,000,000 tested=62 found=0 n=118741261428009135120051 elapsed=2811s
progress: nodes=57,390,000,000 tested=62 found=0 n=238024706733301209885009 elapsed=2812s
progress: nodes=57,400,000,000 tested=62 found=0 n=73848602471688580930317 elapsed=2812s
progress: nodes=57,410,000,000 tested=62 found=0 n=217775678811125051728881 elapsed=2813s
progress: nodes=57,420,000,000 tested=62 found=0 n=138744055108537918155963 elapsed=2813s
progress: nodes=57,430,000,000 tested=62 found=0 n=123159046722442401129921 elapsed=2814s
progress: nodes=57,440,000,000 tested=62 found=0 n=197044213715587003621779 elapsed=2814s
progress: nodes=57,450,000,000 tested=62 found=0 n=104903701911946408672971 elapsed=2815s
progress: nodes=57,460,000,000 tested=62 found=0 n=99799178803730293824783 elapsed=2815s
progress: nodes=57,470,000,000 tested=62 found=0 n=161998960296489553579419 elapsed=2816s
progress: nodes=57,480,000,000 tested=62 found=0 n=94768251336429137746587 elapsed=2816s
progress: nodes=57,490,000,000 tested=62 found=0 n=142013521107484127191629 elapsed=2817s
progress: nodes=57,500,000,000 tested=62 found=0 n=58706676023095201581711 elapsed=2817s
progress: nodes=57,510,000,000 tested=62 found=0 n=86720803441136673563601 elapsed=2818s
progress: nodes=57,520,000,000 tested=62 found=0 n=222600505496622483391623 elapsed=2818s
progress: nodes=57,530,000,000 tested=62 found=0 n=243649061881939018645263 elapsed=2819s
progress: nodes=57,540,000,000 tested=62 found=0 n=211344660560063591203797 elapsed=2819s
progress: nodes=57,550,000,000 tested=62 found=0 n=91565680644346155093693 elapsed=2820s
progress: nodes=57,560,000,000 tested=62 found=0 n=125892658304703978846543 elapsed=2820s
progress: nodes=57,570,000,000 tested=62 found=0 n=108372684026839822793973 elapsed=2821s
progress: nodes=57,580,000,000 tested=62 found=0 n=32668416655640971811991 elapsed=2821s
progress: nodes=57,590,000,000 tested=62 found=0 n=106186168092724075431999 elapsed=2821s
progress: nodes=57,600,000,000 tested=62 found=0 n=155196108756726166030671 elapsed=2822s
progress: nodes=57,610,000,000 tested=62 found=0 n=197307335246226388189083 elapsed=2822s
progress: nodes=57,620,000,000 tested=62 found=0 n=40960298643825747641301 elapsed=2823s
progress: nodes=57,630,000,000 tested=62 found=0 n=65308826059337423440647 elapsed=2823s
progress: nodes=57,640,000,000 tested=62 found=0 n=105031431087599335569327 elapsed=2824s
progress: nodes=57,650,000,000 tested=62 found=0 n=172228615180992195773409 elapsed=2824s
progress: nodes=57,660,000,000 tested=62 found=0 n=79167396297004962710841 elapsed=2825s
progress: nodes=57,670,000,000 tested=62 found=0 n=178491375049496978277963 elapsed=2825s
progress: nodes=57,680,000,000 tested=62 found=0 n=122687812470922027668801 elapsed=2826s
progress: nodes=57,690,000,000 tested=62 found=0 n=98910491912465960600181 elapsed=2826s
progress: nodes=57,700,000,000 tested=62 found=0 n=97290518350899963072753 elapsed=2827s
progress: nodes=57,710,000,000 tested=62 found=0 n=142074444508619637544299 elapsed=2827s
progress: nodes=57,720,000,000 tested=62 found=0 n=106591176959148741141513 elapsed=2828s
progress: nodes=57,730,000,000 tested=62 found=0 n=155988130573375738880319 elapsed=2828s
progress: nodes=57,740,000,000 tested=62 found=0 n=129360233078461920387699 elapsed=2829s
progress: nodes=57,750,000,000 tested=62 found=0 n=75360078115013065933251 elapsed=2829s
progress: nodes=57,760,000,000 tested=62 found=0 n=123399640094550348827529 elapsed=2830s
progress: nodes=57,770,000,000 tested=62 found=0 n=128913155974746196311951 elapsed=2830s
progress: nodes=57,780,000,000 tested=62 found=0 n=84199050737127883564623 elapsed=2830s
progress: nodes=57,790,000,000 tested=62 found=0 n=155542561109855854327701 elapsed=2831s
progress: nodes=57,800,000,000 tested=62 found=0 n=79166555542243073577519 elapsed=2831s
progress: nodes=57,810,000,000 tested=62 found=0 n=133492477690521791293221 elapsed=2832s
progress: nodes=57,820,000,000 tested=62 found=0 n=65599372019114704580733 elapsed=2832s
progress: nodes=57,830,000,000 tested=62 found=0 n=28789875532051801322463 elapsed=2833s
progress: nodes=57,840,000,000 tested=62 found=0 n=112313809447090040075517 elapsed=2833s
progress: nodes=57,850,000,000 tested=62 found=0 n=92069817036111643607109 elapsed=2834s
progress: nodes=57,860,000,000 tested=62 found=0 n=140815791413661046787181 elapsed=2834s
progress: nodes=57,870,000,000 tested=62 found=0 n=35228152310703959118897 elapsed=2835s
progress: nodes=57,880,000,000 tested=62 found=0 n=135990769155843709419543 elapsed=2835s
progress: nodes=57,890,000,000 tested=62 found=0 n=98327713804084795323447 elapsed=2836s
progress: nodes=57,900,000,000 tested=62 found=0 n=45482374811497163423499 elapsed=2836s
progress: nodes=57,910,000,000 tested=62 found=0 n=80955641820900454389243 elapsed=2837s
progress: nodes=57,920,000,000 tested=62 found=0 n=119884746082141002866211 elapsed=2837s
progress: nodes=57,930,000,000 tested=62 found=0 n=58870144079179642469799 elapsed=2838s
progress: nodes=57,940,000,000 tested=62 found=0 n=114559783754027584886991 elapsed=2838s
progress: nodes=57,950,000,000 tested=62 found=0 n=116675329041326359088631 elapsed=2839s
progress: nodes=57,960,000,000 tested=62 found=0 n=81167766371494757990343 elapsed=2839s
progress: nodes=57,970,000,000 tested=62 found=0 n=108350328280027702244607 elapsed=2840s
progress: nodes=57,980,000,000 tested=62 found=0 n=37130602393809921328101 elapsed=2840s
progress: nodes=57,990,000,000 tested=62 found=0 n=61293977249940257457789 elapsed=2841s
progress: nodes=58,000,000,000 tested=62 found=0 n=124671528201024377216721 elapsed=2841s
progress: nodes=58,010,000,000 tested=62 found=0 n=43978390176966354243981 elapsed=2842s
progress: nodes=58,020,000,000 tested=62 found=0 n=91236187771856332182747 elapsed=2842s
progress: nodes=58,030,000,000 tested=62 found=0 n=112559169137255371756071 elapsed=2842s
progress: nodes=58,040,000,000 tested=62 found=0 n=61691903803546096818969 elapsed=2843s
progress: nodes=58,050,000,000 tested=62 found=0 n=50807871749168417730231 elapsed=2843s
progress: nodes=58,060,000,000 tested=62 found=0 n=91948248601279201421829 elapsed=2844s
progress: nodes=58,070,000,000 tested=62 found=0 n=45873698939380732065723 elapsed=2844s
progress: nodes=58,080,000,000 tested=62 found=0 n=103094739487274362471413 elapsed=2845s
progress: nodes=58,090,000,000 tested=62 found=0 n=73518990580820721314763 elapsed=2845s
progress: nodes=58,100,000,000 tested=62 found=0 n=53025825960038642674887 elapsed=2846s
progress: nodes=58,110,000,000 tested=62 found=0 n=88782623150336163694107 elapsed=2846s
progress: nodes=58,120,000,000 tested=62 found=0 n=72461111008308743170989 elapsed=2847s
progress: nodes=58,130,000,000 tested=62 found=0 n=99263709720208321797663 elapsed=2847s
progress: nodes=58,140,000,000 tested=62 found=0 n=98508786883440498948537 elapsed=2848s
progress: nodes=58,150,000,000 tested=62 found=0 n=95561195667678003872763 elapsed=2848s
progress: nodes=58,160,000,000 tested=62 found=0 n=67046560129039132884627 elapsed=2849s
progress: nodes=58,170,000,000 tested=62 found=0 n=54671844368415200906133 elapsed=2849s
progress: nodes=58,180,000,000 tested=62 found=0 n=112262806684003813353747 elapsed=2850s
progress: nodes=58,190,000,000 tested=62 found=0 n=67465750053953572438887 elapsed=2850s
progress: nodes=58,200,000,000 tested=62 found=0 n=74689540386735137577021 elapsed=2851s
progress: nodes=58,210,000,000 tested=62 found=0 n=97909341531256853663373 elapsed=2851s
progress: nodes=58,220,000,000 tested=62 found=0 n=83853269869746063825369 elapsed=2852s
progress: nodes=58,230,000,000 tested=62 found=0 n=86201258896111600470537 elapsed=2852s
progress: nodes=58,240,000,000 tested=62 found=0 n=110373804882461006041617 elapsed=2853s
progress: nodes=58,250,000,000 tested=62 found=0 n=85525241872735580712489 elapsed=2853s
progress: nodes=58,260,000,000 tested=62 found=0 n=114070487272487430547401 elapsed=2854s
progress: nodes=58,270,000,000 tested=62 found=0 n=112404353337475536543129 elapsed=2854s
progress: nodes=58,280,000,000 tested=62 found=0 n=106249037009585544188037 elapsed=2855s
progress: nodes=58,290,000,000 tested=62 found=0 n=91270909435255512224031 elapsed=2855s
progress: nodes=58,300,000,000 tested=62 found=0 n=104073792698702684637549 elapsed=2856s
progress: nodes=58,310,000,000 tested=62 found=0 n=118224698866918661659257 elapsed=2856s
progress: nodes=58,320,000,000 tested=62 found=0 n=98812408824787858415523 elapsed=2857s
progress: nodes=58,330,000,000 tested=62 found=0 n=106778428230607352564499 elapsed=2857s
progress: nodes=58,340,000,000 tested=62 found=0 n=123335569231933733240643 elapsed=2858s
progress: nodes=58,350,000,000 tested=63 found=0 n=793058105420686396637577 elapsed=2858s
progress: nodes=58,360,000,000 tested=63 found=0 n=187607001314132636015241 elapsed=2859s
progress: nodes=58,370,000,000 tested=63 found=0 n=587674838289508356252789 elapsed=2859s
progress: nodes=58,380,000,000 tested=63 found=0 n=29044005204920249866707 elapsed=2860s
progress: nodes=58,390,000,000 tested=63 found=0 n=433381715539778966577309 elapsed=2860s
progress: nodes=58,400,000,000 tested=63 found=0 n=887011294341189197625291 elapsed=2861s
progress: nodes=58,410,000,000 tested=63 found=0 n=337101045020050232557251 elapsed=2861s
progress: nodes=58,420,000,000 tested=63 found=0 n=817873176790597063647357 elapsed=2861s
progress: nodes=58,430,000,000 tested=63 found=0 n=303616722425040962276031 elapsed=2862s
progress: nodes=58,440,000,000 tested=63 found=0 n=811457070745354065946683 elapsed=2862s
progress: nodes=58,450,000,000 tested=63 found=0 n=321542908208766646824807 elapsed=2863s
progress: nodes=58,460,000,000 tested=63 found=0 n=855031938061439771927217 elapsed=2863s
progress: nodes=58,470,000,000 tested=63 found=0 n=388266241837065741923697 elapsed=2864s
progress: nodes=58,480,000,000 tested=63 found=0 n=956225819996484259710411 elapsed=2864s
progress: nodes=58,490,000,000 tested=63 found=0 n=515565642086830512377739 elapsed=2864s
progress: nodes=58,500,000,000 tested=63 found=0 n=112401314476191381701907 elapsed=2865s
progress: nodes=58,510,000,000 tested=63 found=0 n=702024747060787623307989 elapsed=2865s
progress: nodes=58,520,000,000 tested=63 found=0 n=311219203531716508562919 elapsed=2866s
progress: nodes=58,530,000,000 tested=63 found=0 n=943163477561279652842241 elapsed=2866s
progress: nodes=58,540,000,000 tested=63 found=0 n=565863472434045189669111 elapsed=2867s
progress: nodes=58,550,000,000 tested=63 found=0 n=214233817376015977068837 elapsed=2867s
progress: nodes=58,560,000,000 tested=63 found=0 n=874253108950753403959857 elapsed=2868s
progress: nodes=58,570,000,000 tested=63 found=0 n=534950662903657775853309 elapsed=2868s
progress: nodes=58,580,000,000 tested=63 found=0 n=223882704534543353174799 elapsed=2869s
progress: nodes=58,590,000,000 tested=63 found=0 n=928069106389198362166347 elapsed=2869s
progress: nodes=58,600,000,000 tested=63 found=0 n=631711940199224197020939 elapsed=2869s
progress: nodes=58,610,000,000 tested=63 found=0 n=359454302157183629279499 elapsed=2870s
progress: nodes=58,620,000,000 tested=63 found=0 n=114917624519568241035357 elapsed=2870s
progress: nodes=58,630,000,000 tested=63 found=0 n=867551761636863960188763 elapsed=2871s
progress: nodes=58,640,000,000 tested=63 found=0 n=679071201938511240212739 elapsed=2871s
progress: nodes=58,650,000,000 tested=63 found=0 n=884180393146067529850569 elapsed=2872s
progress: nodes=58,660,000,000 tested=63 found=0 n=550481272364870667774261 elapsed=2872s
progress: nodes=58,670,000,000 tested=63 found=0 n=648119438305672821810399 elapsed=2873s
progress: nodes=58,680,000,000 tested=63 found=0 n=306499969868734993818159 elapsed=2873s
progress: nodes=58,690,000,000 tested=63 found=0 n=376572009091170351352509 elapsed=2874s
progress: nodes=58,700,000,000 tested=63 found=0 n=23176487986742682419751 elapsed=2874s
progress: nodes=58,710,000,000 tested=63 found=0 n=55218540498726871016289 elapsed=2875s
progress: nodes=58,720,000,000 tested=63 found=0 n=448109893719450173445003 elapsed=2875s
progress: nodes=58,730,000,000 tested=63 found=0 n=424559955035906629017309 elapsed=2876s
progress: nodes=58,740,000,000 tested=63 found=0 n=109693825380780393141081 elapsed=2876s
progress: nodes=58,750,000,000 tested=63 found=0 n=150162677718242155306263 elapsed=2876s
progress: nodes=58,760,000,000 tested=63 found=0 n=611274784832958263356647 elapsed=2877s
progress: nodes=58,770,000,000 tested=63 found=0 n=173576896949263583917449 elapsed=2877s
progress: nodes=58,780,000,000 tested=63 found=0 n=156624226632820851005871 elapsed=2878s
progress: nodes=58,790,000,000 tested=63 found=0 n=493760455570869395360067 elapsed=2878s
progress: nodes=58,800,000,000 tested=63 found=0 n=30265309911547060075341 elapsed=2879s
progress: nodes=58,810,000,000 tested=63 found=0 n=519741798334584328912563 elapsed=2879s
progress: nodes=58,820,000,000 tested=63 found=0 n=199238110888723644905937 elapsed=2880s
progress: nodes=58,830,000,000 tested=63 found=0 n=286037668117563981003693 elapsed=2880s
progress: nodes=58,840,000,000 tested=63 found=0 n=243404814443870895027597 elapsed=2881s
progress: nodes=58,850,000,000 tested=63 found=0 n=144313421242252432816107 elapsed=2881s
progress: nodes=58,860,000,000 tested=63 found=0 n=398792932806868616417247 elapsed=2882s
progress: nodes=58,870,000,000 tested=63 found=0 n=20313098022011708576817 elapsed=2882s
progress: nodes=58,880,000,000 tested=63 found=0 n=45600894313153174811277 elapsed=2883s
progress: nodes=58,890,000,000 tested=63 found=0 n=462320289007573185328293 elapsed=2883s
progress: nodes=58,900,000,000 tested=63 found=0 n=423388783249090648187121 elapsed=2884s
progress: nodes=58,910,000,000 tested=63 found=0 n=387255832401636222458049 elapsed=2884s
progress: nodes=58,920,000,000 tested=63 found=0 n=267088967068881763129401 elapsed=2884s
progress: nodes=58,930,000,000 tested=63 found=0 n=65256546379968754598403 elapsed=2885s
progress: nodes=58,940,000,000 tested=63 found=0 n=180216521207148924168363 elapsed=2885s
progress: nodes=58,950,000,000 tested=63 found=0 n=292667556727317833288073 elapsed=2886s
progress: nodes=58,960,000,000 tested=63 found=0 n=80557749944066985144093 elapsed=2886s
progress: nodes=58,970,000,000 tested=63 found=0 n=272630260436322671478981 elapsed=2887s
progress: nodes=58,980,000,000 tested=63 found=0 n=98102914810161492540771 elapsed=2887s
progress: nodes=58,990,000,000 tested=63 found=0 n=268795926951391657928187 elapsed=2888s
progress: nodes=59,000,000,000 tested=63 found=0 n=97377613492484608085187 elapsed=2888s
progress: nodes=59,010,000,000 tested=63 found=0 n=253527390076462086994101 elapsed=2889s
progress: nodes=59,020,000,000 tested=63 found=0 n=94243773729030454064151 elapsed=2889s
progress: nodes=59,030,000,000 tested=63 found=0 n=40422783989963285966979 elapsed=2890s
progress: nodes=59,040,000,000 tested=63 found=0 n=121091248951241723419419 elapsed=2890s
progress: nodes=59,050,000,000 tested=63 found=0 n=266107334772098566356687 elapsed=2891s
progress: nodes=59,060,000,000 tested=63 found=0 n=158726584467592772289813 elapsed=2891s
progress: nodes=59,070,000,000 tested=63 found=0 n=136926578876538862922049 elapsed=2891s
progress: nodes=59,080,000,000 tested=63 found=0 n=197916146946706047308757 elapsed=2892s
progress: nodes=59,090,000,000 tested=63 found=0 n=90783553103062834409703 elapsed=2892s
progress: nodes=59,100,000,000 tested=63 found=0 n=92172834311450972984289 elapsed=2893s
progress: nodes=59,110,000,000 tested=63 found=0 n=190735699666470451042473 elapsed=2893s
progress: nodes=59,120,000,000 tested=63 found=0 n=98994448907045033078583 elapsed=2894s
progress: nodes=59,130,000,000 tested=63 found=0 n=137431065389052940328439 elapsed=2894s
progress: nodes=59,140,000,000 tested=63 found=0 n=45680212494940364470899 elapsed=2895s
progress: nodes=59,150,000,000 tested=63 found=0 n=113727651396122789748261 elapsed=2895s
progress: nodes=59,160,000,000 tested=63 found=0 n=97960002169851204953031 elapsed=2896s
progress: nodes=59,170,000,000 tested=63 found=0 n=205269450394153472800011 elapsed=2896s
progress: nodes=59,180,000,000 tested=63 found=0 n=32364259523767670666013 elapsed=2897s
progress: nodes=59,190,000,000 tested=63 found=0 n=22775954693977658545911 elapsed=2897s
progress: nodes=59,200,000,000 tested=63 found=0 n=162351527722330323636567 elapsed=2898s
progress: nodes=59,210,000,000 tested=63 found=0 n=40928730431235797109267 elapsed=2898s
progress: nodes=59,220,000,000 tested=63 found=0 n=79865492002386236534619 elapsed=2899s
progress: nodes=59,230,000,000 tested=63 found=0 n=115294984875271171065249 elapsed=2899s
progress: nodes=59,240,000,000 tested=63 found=0 n=137008060005212555357583 elapsed=2899s
progress: nodes=59,250,000,000 tested=63 found=0 n=160456866002436667274919 elapsed=2900s
progress: nodes=59,260,000,000 tested=63 found=0 n=189345651859764823460499 elapsed=2900s
progress: nodes=59,270,000,000 tested=63 found=0 n=42329664016466776115859 elapsed=2901s
progress: nodes=59,280,000,000 tested=63 found=0 n=97722162893422237483467 elapsed=2901s
progress: nodes=59,290,000,000 tested=63 found=0 n=25414481808372902086611 elapsed=2902s
progress: nodes=59,300,000,000 tested=63 found=0 n=170892322436782485316701 elapsed=2902s
progress: nodes=59,310,000,000 tested=63 found=0 n=25526279473628051827863 elapsed=2903s
progress: nodes=59,320,000,000 tested=63 found=0 n=107405974364278682760129 elapsed=2903s
progress: nodes=59,330,000,000 tested=63 found=0 n=106042158854003465837667 elapsed=2904s
progress: nodes=59,340,000,000 tested=63 found=0 n=164221672710609240291873 elapsed=2904s
progress: nodes=59,350,000,000 tested=63 found=0 n=139840125126618475758969 elapsed=2905s
progress: nodes=59,360,000,000 tested=63 found=0 n=33201252155034374763429 elapsed=2905s
progress: nodes=59,370,000,000 tested=63 found=0 n=144435131172545977847853 elapsed=2906s
progress: nodes=59,380,000,000 tested=63 found=0 n=46411202487418481767131 elapsed=2906s
progress: nodes=59,390,000,000 tested=63 found=0 n=67076971874068220021727 elapsed=2907s
progress: nodes=59,400,000,000 tested=63 found=0 n=80652161365334296330131 elapsed=2907s
progress: nodes=59,410,000,000 tested=63 found=0 n=82565367692878999257021 elapsed=2908s
progress: nodes=59,420,000,000 tested=63 found=0 n=105790362942402888535863 elapsed=2908s
progress: nodes=59,430,000,000 tested=63 found=0 n=137623972435905127816413 elapsed=2908s
progress: nodes=59,440,000,000 tested=63 found=0 n=45564491017084905199719 elapsed=2909s
progress: nodes=59,450,000,000 tested=63 found=0 n=94719891389586765106959 elapsed=2909s
progress: nodes=59,460,000,000 tested=63 found=0 n=58220689043132249922981 elapsed=2910s
progress: nodes=59,470,000,000 tested=63 found=0 n=64640231404376078078397 elapsed=2910s
progress: nodes=59,480,000,000 tested=63 found=0 n=117301720225654427271039 elapsed=2911s
progress: nodes=59,490,000,000 tested=63 found=0 n=134423680969096427044521 elapsed=2911s
progress: nodes=59,500,000,000 tested=63 found=0 n=94802007859589026959039 elapsed=2912s
progress: nodes=59,510,000,000 tested=63 found=0 n=121305253945765621825863 elapsed=2912s
progress: nodes=59,520,000,000 tested=63 found=0 n=55209043033639263152307 elapsed=2913s
progress: nodes=59,530,000,000 tested=63 found=0 n=110718238989764402029341 elapsed=2913s
progress: nodes=59,540,000,000 tested=63 found=0 n=99941156425663900786593 elapsed=2914s
progress: nodes=59,550,000,000 tested=63 found=0 n=109801841482871575328907 elapsed=2914s
progress: nodes=59,560,000,000 tested=63 found=0 n=53565474449621078345709 elapsed=2915s
progress: nodes=59,570,000,000 tested=63 found=0 n=52830763490504113101603 elapsed=2915s
progress: nodes=59,580,000,000 tested=63 found=0 n=108772499382156702754893 elapsed=2916s
progress: nodes=59,590,000,000 tested=63 found=0 n=41975589019050685707093 elapsed=2916s
progress: nodes=59,600,000,000 tested=63 found=0 n=60587437126346205783939 elapsed=2917s
progress: nodes=59,610,000,000 tested=63 found=0 n=93486809836411167086757 elapsed=2917s
progress: nodes=59,620,000,000 tested=63 found=0 n=70464394051584941179233 elapsed=2918s
progress: nodes=59,630,000,000 tested=63 found=0 n=105997110685197194544543 elapsed=2918s
progress: nodes=59,640,000,000 tested=63 found=0 n=41718114960314963983659 elapsed=2919s
progress: nodes=59,650,000,000 tested=63 found=0 n=80747724640164362211123 elapsed=2919s
progress: nodes=59,660,000,000 tested=63 found=0 n=62442210498528029005683 elapsed=2919s
progress: nodes=59,670,000,000 tested=63 found=0 n=63027208012492847327589 elapsed=2920s
progress: nodes=59,680,000,000 tested=63 found=0 n=42131957050523307541959 elapsed=2920s
progress: nodes=59,690,000,000 tested=63 found=0 n=49634338544882310461319 elapsed=2921s
progress: nodes=59,700,000,000 tested=63 found=0 n=90009336768675743047167 elapsed=2921s
progress: nodes=59,710,000,000 tested=63 found=0 n=58690574998822884491451 elapsed=2922s
progress: nodes=59,720,000,000 tested=63 found=0 n=46431380434692198357027 elapsed=2922s
progress: nodes=59,730,000,000 tested=63 found=0 n=112885748105551912930131 elapsed=2923s
progress: nodes=59,740,000,000 tested=63 found=0 n=62410699188304351114923 elapsed=2923s
progress: nodes=59,750,000,000 tested=63 found=0 n=78010107372137210045391 elapsed=2924s
progress: nodes=59,760,000,000 tested=63 found=0 n=77701338275843297670039 elapsed=2924s
progress: nodes=59,770,000,000 tested=63 found=0 n=91467778922431897749687 elapsed=2925s
progress: nodes=59,780,000,000 tested=63 found=0 n=93191901469083400529007 elapsed=2925s
progress: nodes=59,790,000,000 tested=63 found=0 n=104500075058202082202559 elapsed=2926s
progress: nodes=59,800,000,000 tested=63 found=0 n=55324004753156501995479 elapsed=2926s
progress: nodes=59,810,000,000 tested=63 found=0 n=58035779783792886105261 elapsed=2927s
progress: nodes=59,820,000,000 tested=63 found=0 n=86137279849545179589873 elapsed=2927s
progress: nodes=59,830,000,000 tested=63 found=0 n=63657432492743587978557 elapsed=2928s
progress: nodes=59,840,000,000 tested=63 found=0 n=110358355197393433623339 elapsed=2928s
progress: nodes=59,850,000,000 tested=63 found=0 n=72618966763062380557281 elapsed=2929s
progress: nodes=59,860,000,000 tested=63 found=0 n=92536692361532838174987 elapsed=2929s
progress: nodes=59,870,000,000 tested=63 found=0 n=109574560599741439116453 elapsed=2930s
progress: nodes=59,880,000,000 tested=63 found=0 n=82845776477176934683077 elapsed=2930s
progress: nodes=59,890,000,000 tested=63 found=0 n=104076255479695402629033 elapsed=2931s
progress: nodes=59,900,000,000 tested=63 found=0 n=93960498890134242996399 elapsed=2931s
progress: nodes=59,910,000,000 tested=63 found=0 n=109727969660398177220979 elapsed=2932s
progress: nodes=59,920,000,000 tested=63 found=0 n=86239328064454896631839 elapsed=2932s
progress: nodes=59,930,000,000 tested=63 found=0 n=99175950973518717235707 elapsed=2933s
progress: nodes=59,940,000,000 tested=63 found=0 n=102889498714747963565193 elapsed=2933s
progress: nodes=59,950,000,000 tested=63 found=0 n=114037095618395103528297 elapsed=2934s
progress: nodes=59,960,000,000 tested=63 found=0 n=116666233921142294663043 elapsed=2934s
progress: nodes=59,970,000,000 tested=63 found=0 n=175627053894150545125131 elapsed=2935s
progress: nodes=59,980,000,000 tested=63 found=0 n=95774557538425848440589 elapsed=2935s
progress: nodes=59,990,000,000 tested=63 found=0 n=30469860531830473394949 elapsed=2936s
progress: nodes=60,000,000,000 tested=63 found=0 n=958185925883223592954707 elapsed=2936s
progress: nodes=60,010,000,000 tested=63 found=0 n=909107243601717016531521 elapsed=2937s
progress: nodes=60,020,000,000 tested=63 found=0 n=872757433435341912345657 elapsed=2937s
progress: nodes=60,030,000,000 tested=63 found=0 n=850412067612820279120323 elapsed=2937s
progress: nodes=60,040,000,000 tested=63 found=0 n=840266962846457947437483 elapsed=2938s
progress: nodes=60,050,000,000 tested=63 found=0 n=844683388144760337000597 elapsed=2938s
progress: nodes=60,060,000,000 tested=63 found=0 n=865463899805412010743717 elapsed=2939s
progress: nodes=60,070,000,000 tested=63 found=0 n=898646632880892422838003 elapsed=2939s
progress: nodes=60,080,000,000 tested=63 found=0 n=946325683019326839842151 elapsed=2940s
progress: nodes=60,090,000,000 tested=63 found=0 n=17555042640411041038119 elapsed=2940s
progress: nodes=60,100,000,000 tested=63 found=0 n=75022789999780844254341 elapsed=2940s
progress: nodes=60,110,000,000 tested=63 found=0 n=145677667430614890675951 elapsed=2941s
progress: nodes=60,120,000,000 tested=63 found=0 n=230727461372262220979151 elapsed=2941s
progress: nodes=60,130,000,000 tested=63 found=0 n=329770714684702227968493 elapsed=2942s
progress: nodes=60,140,000,000 tested=63 found=0 n=444387680089097134476933 elapsed=2942s
progress: nodes=60,150,000,000 tested=63 found=0 n=575125165623657190824513 elapsed=2943s
progress: nodes=60,160,000,000 tested=63 found=0 n=721235758172272536335373 elapsed=2943s
progress: nodes=60,170,000,000 tested=63 found=0 n=878750212824840246103521 elapsed=2944s
progress: nodes=60,180,000,000 tested=63 found=0 n=53620733556053765381511 elapsed=2944s
progress: nodes=60,190,000,000 tested=63 found=0 n=216083882898699302151819 elapsed=2945s
progress: nodes=60,200,000,000 tested=63 found=0 n=401450789519368730211609 elapsed=2945s
progress: nodes=60,210,000,000 tested=63 found=0 n=606511460599708363644483 elapsed=2945s
progress: nodes=60,220,000,000 tested=63 found=0 n=829635594636746693488077 elapsed=2946s
progress: nodes=60,230,000,000 tested=63 found=0 n=69131918097595674664497 elapsed=2946s
progress: nodes=60,240,000,000 tested=63 found=0 n=333507964519250599255947 elapsed=2947s
progress: nodes=60,250,000,000 tested=63 found=0 n=951435908173299529181817 elapsed=2947s
progress: nodes=60,260,000,000 tested=63 found=0 n=245048438467547046665487 elapsed=2948s
progress: nodes=60,270,000,000 tested=63 found=0 n=136079416656991809690381 elapsed=2948s
progress: nodes=60,280,000,000 tested=63 found=0 n=406605004680527756216883 elapsed=2949s
progress: nodes=60,290,000,000 tested=63 found=0 n=191703909279828109831821 elapsed=2949s
progress: nodes=60,300,000,000 tested=63 found=0 n=358460238950504407927287 elapsed=2950s
progress: nodes=60,310,000,000 tested=63 found=0 n=190441265051563197066549 elapsed=2950s
progress: nodes=60,320,000,000 tested=63 found=0 n=462967957429838795863467 elapsed=2951s
progress: nodes=60,330,000,000 tested=63 found=0 n=433890946179723984577857 elapsed=2951s
progress: nodes=60,340,000,000 tested=63 found=0 n=135600573618363816991413 elapsed=2952s
progress: nodes=60,350,000,000 tested=63 found=0 n=247704795845522581286259 elapsed=2952s
progress: nodes=60,360,000,000 tested=63 found=0 n=108384223078682278871913 elapsed=2952s
progress: nodes=60,370,000,000 tested=63 found=0 n=347407309015705910319579 elapsed=2953s
progress: nodes=60,380,000,000 tested=63 found=0 n=406455068087730646622253 elapsed=2953s
progress: nodes=60,390,000,000 tested=63 found=0 n=393731753426814603817863 elapsed=2954s
progress: nodes=60,400,000,000 tested=63 found=0 n=272292845529502747709991 elapsed=2954s
progress: nodes=60,410,000,000 tested=63 found=0 n=533930434174938054320451 elapsed=2955s
progress: nodes=60,420,000,000 tested=63 found=0 n=124320961835783144068329 elapsed=2955s
progress: nodes=60,430,000,000 tested=63 found=0 n=218438570909839797065241 elapsed=2956s
progress: nodes=60,440,000,000 tested=63 found=0 n=234440654185021039959357 elapsed=2956s
progress: nodes=60,450,000,000 tested=63 found=0 n=150500674360397921806323 elapsed=2957s
progress: nodes=60,460,000,000 tested=63 found=0 n=399442478138917144498413 elapsed=2957s
progress: nodes=60,470,000,000 tested=63 found=0 n=119294744545513971848799 elapsed=2958s
progress: nodes=60,480,000,000 tested=63 found=0 n=292636059078456537044139 elapsed=2958s
progress: nodes=60,490,000,000 tested=63 found=0 n=65851505447443373141253 elapsed=2959s
progress: nodes=60,500,000,000 tested=63 found=0 n=288473701472872862008293 elapsed=2959s
progress: nodes=60,510,000,000 tested=63 found=0 n=137047796322117218820513 elapsed=2960s
progress: nodes=60,520,000,000 tested=63 found=0 n=388229054161448767085973 elapsed=2960s
progress: nodes=60,530,000,000 tested=63 found=0 n=245082620402838378057051 elapsed=2960s
progress: nodes=60,540,000,000 tested=63 found=0 n=109756843756044844529709 elapsed=2961s
progress: nodes=60,550,000,000 tested=63 found=0 n=351031552238121052763619 elapsed=2961s
progress: nodes=60,560,000,000 tested=63 found=0 n=274351720653305844692913 elapsed=2962s
progress: nodes=60,570,000,000 tested=63 found=0 n=280266476446215243915777 elapsed=2962s
progress: nodes=60,580,000,000 tested=63 found=0 n=17327304599410261099413 elapsed=2963s
progress: nodes=60,590,000,000 tested=63 found=0 n=114085006839989792816517 elapsed=2963s
progress: nodes=60,600,000,000 tested=63 found=0 n=288633191906919537373311 elapsed=2964s
progress: nodes=60,610,000,000 tested=63 found=0 n=278457133044965986597563 elapsed=2964s
progress: nodes=60,620,000,000 tested=63 found=0 n=51999391896530048768259 elapsed=2965s
progress: nodes=60,630,000,000 tested=63 found=0 n=221207498208440444914983 elapsed=2965s
progress: nodes=60,640,000,000 tested=63 found=0 n=17326913957417770501257 elapsed=2966s
progress: nodes=60,650,000,000 tested=63 found=0 n=203427036827579615681169 elapsed=2966s
progress: nodes=60,660,000,000 tested=63 found=0 n=189959861198864701880397 elapsed=2967s
progress: nodes=60,670,000,000 tested=63 found=0 n=35562628216487954987559 elapsed=2967s
progress: nodes=60,680,000,000 tested=63 found=0 n=71598984175376836833501 elapsed=2968s
progress: nodes=60,690,000,000 tested=63 found=0 n=17573722035607523640393 elapsed=2968s
progress: nodes=60,700,000,000 tested=63 found=0 n=71825716596148783865289 elapsed=2968s
progress: nodes=60,710,000,000 tested=63 found=0 n=20030513485135371460011 elapsed=2969s
progress: nodes=60,720,000,000 tested=63 found=0 n=91156609272696939190989 elapsed=2969s
progress: nodes=60,730,000,000 tested=63 found=0 n=180703735887328531347393 elapsed=2970s
progress: nodes=60,740,000,000 tested=63 found=0 n=29166858133191251112717 elapsed=2970s
progress: nodes=60,750,000,000 tested=63 found=0 n=26473870401416004132027 elapsed=2971s
progress: nodes=60,760,000,000 tested=63 found=0 n=199700810715357856702413 elapsed=2971s
progress: nodes=60,770,000,000 tested=63 found=0 n=163537077569345383365693 elapsed=2972s
progress: nodes=60,780,000,000 tested=63 found=0 n=128695235037875035303851 elapsed=2972s
progress: nodes=60,790,000,000 tested=63 found=0 n=63269806637174694562467 elapsed=2973s
progress: nodes=60,800,000,000 tested=63 found=0 n=22009685980223694623409 elapsed=2973s
progress: nodes=60,810,000,000 tested=63 found=0 n=176807289206559139922871 elapsed=2974s
progress: nodes=60,820,000,000 tested=63 found=0 n=38438734061389840268013 elapsed=2974s
progress: nodes=60,830,000,000 tested=63 found=0 n=98706287282643004386807 elapsed=2975s
progress: nodes=60,840,000,000 tested=63 found=0 n=66202290646959156594597 elapsed=2975s
progress: nodes=60,850,000,000 tested=63 found=0 n=93136980116930894854479 elapsed=2976s
progress: nodes=60,860,000,000 tested=63 found=0 n=19883822782663276406739 elapsed=2976s
progress: nodes=60,870,000,000 tested=63 found=0 n=169378509182481960167961 elapsed=2976s
progress: nodes=60,880,000,000 tested=63 found=0 n=115584296782882805276553 elapsed=2977s
progress: nodes=60,890,000,000 tested=63 found=0 n=161791169856075896004099 elapsed=2977s
progress: nodes=60,900,000,000 tested=63 found=0 n=159304258403283481843509 elapsed=2978s
progress: nodes=60,910,000,000 tested=63 found=0 n=113487551315053528610151 elapsed=2978s
progress: nodes=60,920,000,000 tested=63 found=0 n=59447251675983309239871 elapsed=2979s
progress: nodes=60,930,000,000 tested=63 found=0 n=146966876160805530343899 elapsed=2979s
progress: nodes=60,940,000,000 tested=63 found=0 n=98374341990943646381061 elapsed=2980s
progress: nodes=60,950,000,000 tested=63 found=0 n=79461421465386230304111 elapsed=2980s
progress: nodes=60,960,000,000 tested=63 found=0 n=82609586402693203419489 elapsed=2981s
progress: nodes=60,970,000,000 tested=63 found=0 n=105841096804228645048959 elapsed=2981s
progress: nodes=60,980,000,000 tested=63 found=0 n=33535413690346886902353 elapsed=2982s
progress: nodes=60,990,000,000 tested=63 found=0 n=105353345466117016916571 elapsed=2982s
progress: nodes=61,000,000,000 tested=63 found=0 n=110756861149219290293211 elapsed=2983s
progress: nodes=61,010,000,000 tested=63 found=0 n=92175036310663368971139 elapsed=2983s
progress: nodes=61,020,000,000 tested=63 found=0 n=46587458309834419556733 elapsed=2984s
progress: nodes=61,030,000,000 tested=63 found=0 n=120391264080200628516771 elapsed=2984s
progress: nodes=61,040,000,000 tested=63 found=0 n=84148257887760346211547 elapsed=2985s
progress: nodes=61,050,000,000 tested=63 found=0 n=42284674078381279914831 elapsed=2985s
progress: nodes=61,060,000,000 tested=63 found=0 n=124835957370555021884601 elapsed=2986s
progress: nodes=61,070,000,000 tested=63 found=0 n=36541329976793824486227 elapsed=2986s
progress: nodes=61,080,000,000 tested=63 found=0 n=86212478147453851638753 elapsed=2987s
progress: nodes=61,090,000,000 tested=63 found=0 n=100931852758038966354537 elapsed=2987s
progress: nodes=61,100,000,000 tested=63 found=0 n=70956501405144281532837 elapsed=2988s
progress: nodes=61,110,000,000 tested=63 found=0 n=36882314266406100450651 elapsed=2988s
progress: nodes=61,120,000,000 tested=63 found=0 n=31775367864964329945801 elapsed=2989s
progress: nodes=61,130,000,000 tested=63 found=0 n=67382898433585169359617 elapsed=2989s
progress: nodes=61,140,000,000 tested=63 found=0 n=60600676880606254857927 elapsed=2990s
progress: nodes=61,150,000,000 tested=63 found=0 n=106068420570564724191381 elapsed=2990s
progress: nodes=61,160,000,000 tested=63 found=0 n=55044495265366934779221 elapsed=2991s
progress: nodes=61,170,000,000 tested=63 found=0 n=94824452541043404282411 elapsed=2991s
progress: nodes=61,180,000,000 tested=63 found=0 n=77246388884765162409039 elapsed=2992s
progress: nodes=61,190,000,000 tested=63 found=0 n=36598590564253077284001 elapsed=2992s
progress: nodes=61,200,000,000 tested=63 found=0 n=71235699368247310404123 elapsed=2993s
progress: nodes=61,210,000,000 tested=63 found=0 n=63077894627510543053581 elapsed=2993s
progress: nodes=61,220,000,000 tested=63 found=0 n=43237565097844211069283 elapsed=2994s
progress: nodes=61,230,000,000 tested=63 found=0 n=38824295833575334437201 elapsed=2994s
progress: nodes=61,240,000,000 tested=63 found=0 n=54229731072504218357049 elapsed=2995s
progress: nodes=61,250,000,000 tested=63 found=0 n=59100908642063534875167 elapsed=2995s
progress: nodes=61,260,000,000 tested=63 found=0 n=91877233754330760757329 elapsed=2996s
progress: nodes=61,270,000,000 tested=63 found=0 n=59796509584506114307041 elapsed=2996s
progress: nodes=61,280,000,000 tested=63 found=0 n=74839878904725572083677 elapsed=2997s
progress: nodes=61,290,000,000 tested=63 found=0 n=56709011009636221817889 elapsed=2997s
progress: nodes=61,300,000,000 tested=63 found=0 n=72885205597330716873129 elapsed=2998s
progress: nodes=61,310,000,000 tested=63 found=0 n=52645403865249674011071 elapsed=2998s
progress: nodes=61,320,000,000 tested=63 found=0 n=68077726616564625480597 elapsed=2999s
progress: nodes=61,330,000,000 tested=63 found=0 n=56970813594069755614773 elapsed=2999s
progress: nodes=61,340,000,000 tested=63 found=0 n=84382009733549750661747 elapsed=3000s
progress: nodes=61,350,000,000 tested=63 found=0 n=92946273148747785137679 elapsed=3000s
progress: nodes=61,360,000,000 tested=63 found=0 n=54343787320612730907351 elapsed=3001s
progress: nodes=61,370,000,000 tested=63 found=0 n=94294040154666171513309 elapsed=3001s
progress: nodes=61,380,000,000 tested=63 found=0 n=83994378614422078144419 elapsed=3002s
progress: nodes=61,390,000,000 tested=63 found=0 n=66442831248025117208169 elapsed=3002s
progress: nodes=61,400,000,000 tested=63 found=0 n=87593626647987212392101 elapsed=3003s
progress: nodes=61,410,000,000 tested=63 found=0 n=74861707024207098171099 elapsed=3003s
progress: nodes=61,420,000,000 tested=63 found=0 n=84840520031349537756609 elapsed=3004s
progress: nodes=61,430,000,000 tested=63 found=0 n=103345858355319689336073 elapsed=3004s
progress: nodes=61,440,000,000 tested=63 found=0 n=99448279120528739007453 elapsed=3005s
progress: nodes=61,450,000,000 tested=63 found=0 n=104983241358123264282993 elapsed=3005s
progress: nodes=61,460,000,000 tested=63 found=0 n=103672937416803557991111 elapsed=3006s
progress: nodes=61,470,000,000 tested=63 found=0 n=95395620225263086133559 elapsed=3006s
progress: nodes=61,480,000,000 tested=63 found=0 n=111411337612471656829839 elapsed=3007s
progress: nodes=61,490,000,000 tested=63 found=0 n=323585818418744275074219 elapsed=3007s
progress: nodes=61,500,000,000 tested=63 found=0 n=684148484806858443438297 elapsed=3008s
progress: nodes=61,510,000,000 tested=63 found=0 n=67483800022957889804541 elapsed=3008s
progress: nodes=61,520,000,000 tested=63 found=0 n=434720015077143660466833 elapsed=3009s
progress: nodes=61,530,000,000 tested=63 found=0 n=838147440553920032568417 elapsed=3009s
progress: nodes=61,540,000,000 tested=63 found=0 n=238674040994357067045177 elapsed=3010s
progress: nodes=61,550,000,000 tested=63 found=0 n=655321394614557510309393 elapsed=3010s
progress: nodes=61,560,000,000 tested=63 found=0 n=94735249018518409603533 elapsed=3010s
progress: nodes=61,570,000,000 tested=63 found=0 n=520479713751467671372941 elapsed=3011s
progress: nodes=61,580,000,000 tested=63 found=0 n=982884827413917325018737 elapsed=3011s
progress: nodes=61,590,000,000 tested=63 found=0 n=425254636998878689225377 elapsed=3012s
progress: nodes=61,600,000,000 tested=63 found=0 n=904977274272717886240077 elapsed=3012s
progress: nodes=61,610,000,000 tested=63 found=0 n=374653239904179025310367 elapsed=3013s
progress: nodes=61,620,000,000 tested=63 found=0 n=876836331928281727758987 elapsed=3013s
progress: nodes=61,630,000,000 tested=63 found=0 n=372307142608780667274063 elapsed=3014s
progress: nodes=61,640,000,000 tested=63 found=0 n=899285549846520374051283 elapsed=3014s
progress: nodes=61,650,000,000 tested=63 found=0 n=416934979845758434892601 elapsed=3015s
progress: nodes=61,660,000,000 tested=63 found=0 n=972293728130529315849261 elapsed=3015s
progress: nodes=61,670,000,000 tested=63 found=0 n=508462921624153238971767 elapsed=3016s
progress: nodes=61,680,000,000 tested=63 found=0 n=85870816506041038168851 elapsed=3016s
progress: nodes=61,690,000,000 tested=63 found=0 n=651592271848211679819141 elapsed=3016s
progress: nodes=61,700,000,000 tested=63 found=0 n=242364890517763579758423 elapsed=3017s
progress: nodes=61,710,000,000 tested=63 found=0 n=846413329875658052346531 elapsed=3017s
progress: nodes=61,720,000,000 tested=63 found=0 n=449589600342981768463101 elapsed=3018s
progress: nodes=61,730,000,000 tested=63 found=0 n=91519374069249649478109 elapsed=3018s
progress: nodes=61,740,000,000 tested=63 found=0 n=770177656472846653784907 elapsed=3019s
progress: nodes=61,750,000,000 tested=63 found=0 n=782058890376290597440293 elapsed=3019s
progress: nodes=61,760,000,000 tested=63 found=0 n=304149786468048636083199 elapsed=3020s
progress: nodes=61,770,000,000 tested=63 found=0 n=331697276498687696662527 elapsed=3020s
progress: nodes=61,780,000,000 tested=63 found=0 n=13047946385265165679767 elapsed=3021s
progress: nodes=61,790,000,000 tested=63 found=0 n=98513509527320253826383 elapsed=3021s
progress: nodes=61,800,000,000 tested=63 found=0 n=640073039922728815655637 elapsed=3022s
progress: nodes=61,810,000,000 tested=63 found=0 n=100161062327404372374927 elapsed=3022s
progress: nodes=61,820,000,000 tested=63 found=0 n=32368955747838942992067 elapsed=3023s
progress: nodes=61,830,000,000 tested=63 found=0 n=364670174601714645606789 elapsed=3023s
progress: nodes=61,840,000,000 tested=63 found=0 n=341079693001399568780487 elapsed=3024s
progress: nodes=61,850,000,000 tested=63 found=0 n=130832973209002684984749 elapsed=3024s
progress: nodes=61,860,000,000 tested=63 found=0 n=448152787981458367939593 elapsed=3025s
progress: nodes=61,870,000,000 tested=63 found=0 n=71076251339148765553767 elapsed=3025s
progress: nodes=61,880,000,000 tested=63 found=0 n=111355652417872452665229 elapsed=3026s
progress: nodes=61,890,000,000 tested=63 found=0 n=59087672221090171816773 elapsed=3026s
progress: nodes=61,900,000,000 tested=63 found=0 n=324091158162229866514491 elapsed=3027s
progress: nodes=61,910,000,000 tested=63 found=0 n=470096480303963028610479 elapsed=3027s
progress: nodes=61,920,000,000 tested=63 found=0 n=45808260727448693577411 elapsed=3028s
progress: nodes=61,930,000,000 tested=63 found=0 n=104691129336744307341831 elapsed=3028s
progress: nodes=61,940,000,000 tested=63 found=0 n=130005911833704104418297 elapsed=3029s
progress: nodes=61,950,000,000 tested=63 found=0 n=134296992389740783625253 elapsed=3029s
progress: nodes=61,960,000,000 tested=63 found=0 n=172432529358091826771871 elapsed=3030s
progress: nodes=61,970,000,000 tested=63 found=0 n=194128325329657276332621 elapsed=3030s
progress: nodes=61,980,000,000 tested=63 found=0 n=161984299066741060854021 elapsed=3031s
progress: nodes=61,990,000,000 tested=63 found=0 n=155232598826614368779181 elapsed=3031s
progress: nodes=62,000,000,000 tested=63 found=0 n=195944986419211648751517 elapsed=3032s
progress: nodes=62,010,000,000 tested=63 found=0 n=236907425379551814725607 elapsed=3032s
progress: nodes=62,020,000,000 tested=63 found=0 n=356406480921926896011243 elapsed=3033s
progress: nodes=62,030,000,000 tested=63 found=0 n=167032421916525970658469 elapsed=3033s
progress: nodes=62,040,000,000 tested=63 found=0 n=114944930866238020610139 elapsed=3033s
progress: nodes=62,050,000,000 tested=63 found=0 n=134949697803005759155251 elapsed=3034s
progress: nodes=62,060,000,000 tested=63 found=0 n=226728077132791379368377 elapsed=3034s
progress: nodes=62,070,000,000 tested=63 found=0 n=118958430951777674634993 elapsed=3035s
progress: nodes=62,080,000,000 tested=63 found=0 n=115574178385242620357391 elapsed=3035s
progress: nodes=62,090,000,000 tested=63 found=0 n=221656998649829803837623 elapsed=3036s
progress: nodes=62,100,000,000 tested=63 found=0 n=236110740469347754185021 elapsed=3036s
progress: nodes=62,110,000,000 tested=63 found=0 n=109086092261132924094003 elapsed=3037s
progress: nodes=62,120,000,000 tested=63 found=0 n=174499652396327394841551 elapsed=3037s
progress: nodes=62,130,000,000 tested=63 found=0 n=105161018627892978216081 elapsed=3038s
progress: nodes=62,140,000,000 tested=63 found=0 n=177344795592965291797737 elapsed=3038s
progress: nodes=62,150,000,000 tested=63 found=0 n=218781285370287463919403 elapsed=3039s
progress: nodes=62,160,000,000 tested=63 found=0 n=236663781857150159477889 elapsed=3039s
progress: nodes=62,170,000,000 tested=63 found=0 n=203095388375536694832333 elapsed=3040s
progress: nodes=62,180,000,000 tested=63 found=0 n=109411149463293919682133 elapsed=3040s
progress: nodes=62,190,000,000 tested=63 found=0 n=192882322039473240999363 elapsed=3041s
progress: nodes=62,200,000,000 tested=63 found=0 n=61786939313749917537963 elapsed=3041s
progress: nodes=62,210,000,000 tested=63 found=0 n=108523851028974904922091 elapsed=3042s
progress: nodes=62,220,000,000 tested=63 found=0 n=170199735971874398599887 elapsed=3042s
progress: nodes=62,230,000,000 tested=63 found=0 n=55862133623092100953341 elapsed=3043s
progress: nodes=62,240,000,000 tested=63 found=0 n=174115497705133169242827 elapsed=3043s
progress: nodes=62,250,000,000 tested=63 found=0 n=179650095408680654722041 elapsed=3044s
progress: nodes=62,260,000,000 tested=63 found=0 n=178196832945751092316767 elapsed=3044s
progress: nodes=62,270,000,000 tested=63 found=0 n=92685433166027714273877 elapsed=3045s
progress: nodes=62,280,000,000 tested=63 found=0 n=78476677259083978054257 elapsed=3045s
progress: nodes=62,290,000,000 tested=63 found=0 n=106623579373318012607217 elapsed=3046s
progress: nodes=62,300,000,000 tested=63 found=0 n=41758123132832557549329 elapsed=3046s
progress: nodes=62,310,000,000 tested=63 found=0 n=121632193671500877100659 elapsed=3047s
progress: nodes=62,320,000,000 tested=63 found=0 n=129957132540898740722337 elapsed=3047s
progress: nodes=62,330,000,000 tested=63 found=0 n=98794943472441422954979 elapsed=3048s
progress: nodes=62,340,000,000 tested=63 found=0 n=51219643082422758625143 elapsed=3048s
progress: nodes=62,350,000,000 tested=63 found=0 n=96404502451398232316841 elapsed=3049s
progress: nodes=62,360,000,000 tested=63 found=0 n=126294069347996300683317 elapsed=3049s
progress: nodes=62,370,000,000 tested=63 found=0 n=50856021473698590734277 elapsed=3050s
progress: nodes=62,380,000,000 tested=63 found=0 n=118663528150311964675317 elapsed=3050s
progress: nodes=62,390,000,000 tested=63 found=0 n=101778805143455676820353 elapsed=3051s
progress: nodes=62,400,000,000 tested=63 found=0 n=120653430940559691703683 elapsed=3051s
progress: nodes=62,410,000,000 tested=63 found=0 n=62669065615547196927429 elapsed=3052s
progress: nodes=62,420,000,000 tested=63 found=0 n=81160452903357681116571 elapsed=3052s
progress: nodes=62,430,000,000 tested=63 found=0 n=63272665403745964105401 elapsed=3053s
progress: nodes=62,440,000,000 tested=63 found=0 n=122621026916904344280837 elapsed=3053s
progress: nodes=62,450,000,000 tested=63 found=0 n=59026887705312204391791 elapsed=3053s
progress: nodes=62,460,000,000 tested=63 found=0 n=113109519250580859169317 elapsed=3054s
progress: nodes=62,470,000,000 tested=63 found=0 n=85844198126563472318877 elapsed=3054s
progress: nodes=62,480,000,000 tested=63 found=0 n=93263930357381901831483 elapsed=3055s
progress: nodes=62,490,000,000 tested=63 found=0 n=36375207206620203859707 elapsed=3055s
progress: nodes=62,500,000,000 tested=63 found=0 n=113152508779650737845833 elapsed=3056s
progress: nodes=62,510,000,000 tested=63 found=0 n=35151787413754697526687 elapsed=3056s
progress: nodes=62,520,000,000 tested=63 found=0 n=38751346517223725655039 elapsed=3057s
progress: nodes=62,530,000,000 tested=63 found=0 n=55728133357998983065569 elapsed=3057s
progress: nodes=62,540,000,000 tested=63 found=0 n=104153925850269722479899 elapsed=3058s
progress: nodes=62,550,000,000 tested=63 found=0 n=95630252420783832762087 elapsed=3058s
progress: nodes=62,560,000,000 tested=63 found=0 n=31064094409059540376317 elapsed=3059s
progress: nodes=62,570,000,000 tested=63 found=0 n=29478219477277625286309 elapsed=3059s
progress: nodes=62,580,000,000 tested=63 found=0 n=106446184057197225807489 elapsed=3060s
progress: nodes=62,590,000,000 tested=63 found=0 n=42171907158578838604887 elapsed=3060s
progress: nodes=62,600,000,000 tested=63 found=0 n=70518533741645385336633 elapsed=3061s
progress: nodes=62,610,000,000 tested=63 found=0 n=97897052278281791913147 elapsed=3061s
progress: nodes=62,620,000,000 tested=63 found=0 n=70724760348449557615419 elapsed=3062s
progress: nodes=62,630,000,000 tested=63 found=0 n=90349461303311930689431 elapsed=3062s
progress: nodes=62,640,000,000 tested=63 found=0 n=85836884705735877017073 elapsed=3063s
progress: nodes=62,650,000,000 tested=63 found=0 n=89575962138533240236251 elapsed=3063s
progress: nodes=62,660,000,000 tested=63 found=0 n=57595117491700307409429 elapsed=3064s
progress: nodes=62,670,000,000 tested=63 found=0 n=92259707363373817997037 elapsed=3064s
progress: nodes=62,680,000,000 tested=63 found=0 n=91680221961231824435823 elapsed=3065s
progress: nodes=62,690,000,000 tested=63 found=0 n=41978013567081698266083 elapsed=3065s
progress: nodes=62,700,000,000 tested=63 found=0 n=56646908884350933720957 elapsed=3066s
progress: nodes=62,710,000,000 tested=63 found=0 n=43690482716737640471919 elapsed=3066s
progress: nodes=62,720,000,000 tested=63 found=0 n=85514630126976984425877 elapsed=3067s
progress: nodes=62,730,000,000 tested=63 found=0 n=83384790723279318102291 elapsed=3067s
progress: nodes=62,740,000,000 tested=63 found=0 n=45171185613347314542483 elapsed=3068s
progress: nodes=62,750,000,000 tested=63 found=0 n=89622587361838282310097 elapsed=3068s
progress: nodes=62,760,000,000 tested=63 found=0 n=68675451271535115267183 elapsed=3069s
progress: nodes=62,770,000,000 tested=63 found=0 n=73254641567439602745783 elapsed=3069s
progress: nodes=62,780,000,000 tested=63 found=0 n=80283201009113851332507 elapsed=3070s
progress: nodes=62,790,000,000 tested=63 found=0 n=50627240866022600243079 elapsed=3070s
progress: nodes=62,800,000,000 tested=63 found=0 n=91961687418991104670263 elapsed=3071s
progress: nodes=62,810,000,000 tested=63 found=0 n=89183898292172390183169 elapsed=3072s
progress: nodes=62,820,000,000 tested=63 found=0 n=77557793634423933998013 elapsed=3072s
progress: nodes=62,830,000,000 tested=63 found=0 n=61342537046987874964671 elapsed=3073s
progress: nodes=62,840,000,000 tested=63 found=0 n=95029804915593087498651 elapsed=3073s
progress: nodes=62,850,000,000 tested=63 found=0 n=94053125985600026903427 elapsed=3074s
progress: nodes=62,860,000,000 tested=63 found=0 n=76481319145474798412319 elapsed=3074s
progress: nodes=62,870,000,000 tested=63 found=0 n=92162775177876407237541 elapsed=3075s
progress: nodes=62,880,000,000 tested=63 found=0 n=92424944415224795910921 elapsed=3075s
progress: nodes=62,890,000,000 tested=63 found=0 n=84158030936977198019973 elapsed=3076s
progress: nodes=62,900,000,000 tested=63 found=0 n=96622970337329351169177 elapsed=3076s
progress: nodes=62,910,000,000 tested=63 found=0 n=616293084545694051397209 elapsed=3077s
progress: nodes=62,920,000,000 tested=63 found=0 n=662872975849320520697721 elapsed=3077s
progress: nodes=62,930,000,000 tested=63 found=0 n=722446227563783239385253 elapsed=3078s
progress: nodes=62,940,000,000 tested=63 found=0 n=795024308955221975035791 elapsed=3078s
progress: nodes=62,950,000,000 tested=63 found=0 n=880138042633912659885981 elapsed=3079s
progress: nodes=62,960,000,000 tested=63 found=0 n=977804529799703088920283 elapsed=3079s
progress: nodes=62,970,000,000 tested=63 found=0 n=82890238656858291890847 elapsed=3079s
progress: nodes=62,980,000,000 tested=63 found=0 n=189788088784384868436351 elapsed=3080s
progress: nodes=62,990,000,000 tested=63 found=0 n=311035350942610621563159 elapsed=3080s
progress: nodes=63,000,000,000 tested=63 found=0 n=447233384545673796059913 elapsed=3081s
progress: nodes=63,010,000,000 tested=63 found=0 n=597509951138285549591997 elapsed=3081s
progress: nodes=63,020,000,000 tested=63 found=0 n=760254225781772675368107 elapsed=3082s
progress: nodes=63,030,000,000 tested=63 found=0 n=941726947135555872087489 elapsed=3082s
progress: nodes=63,040,000,000 tested=63 found=0 n=125985672536272750126233 elapsed=3083s
progress: nodes=63,050,000,000 tested=63 found=0 n=316352181352116863553831 elapsed=3083s
progress: nodes=63,060,000,000 tested=63 found=0 n=526836415221333083760201 elapsed=3084s
progress: nodes=63,070,000,000 tested=63 found=0 n=755706990069229293301437 elapsed=3084s
progress: nodes=63,080,000,000 tested=63 found=0 n=12479278186457052986169 elapsed=3085s
progress: nodes=63,090,000,000 tested=63 found=0 n=234836599179448947453003 elapsed=3085s
progress: nodes=63,100,000,000 tested=63 found=0 n=487190824708533651275031 elapsed=3086s
progress: nodes=63,110,000,000 tested=63 found=0 n=757531224051115622019219 elapsed=3086s
progress: nodes=63,120,000,000 tested=63 found=0 n=47424727872500739258267 elapsed=3087s
progress: nodes=63,130,000,000 tested=63 found=0 n=314237844916356322197621 elapsed=3087s
progress: nodes=63,140,000,000 tested=63 found=0 n=609933276108709752337677 elapsed=3087s
progress: nodes=63,150,000,000 tested=63 found=0 n=24951416333810241191301 elapsed=3088s
progress: nodes=63,160,000,000 tested=63 found=0 n=783336377515064888308563 elapsed=3088s
progress: nodes=63,170,000,000 tested=63 found=0 n=135916445216862055494441 elapsed=3089s
progress: nodes=63,180,000,000 tested=63 found=0 n=848755194996043298846421 elapsed=3089s
progress: nodes=63,190,000,000 tested=63 found=0 n=234510638617701306088767 elapsed=3090s
progress: nodes=63,200,000,000 tested=63 found=0 n=139017172283562000825243 elapsed=3090s
progress: nodes=63,210,000,000 tested=63 found=0 n=517829556043923622794603 elapsed=3091s
progress: nodes=63,220,000,000 tested=63 found=0 n=645964997901343087509927 elapsed=3091s
progress: nodes=63,230,000,000 tested=63 found=0 n=441302731859103718278213 elapsed=3092s
progress: nodes=63,240,000,000 tested=63 found=0 n=23551602214489911308439 elapsed=3092s
progress: nodes=63,250,000,000 tested=63 found=0 n=44788552170608845910619 elapsed=3093s
progress: nodes=63,260,000,000 tested=63 found=0 n=406084179862789578584973 elapsed=3093s
progress: nodes=63,270,000,000 tested=63 found=0 n=515463763220869164193107 elapsed=3094s
progress: nodes=63,280,000,000 tested=63 found=0 n=449532862811003152443339 elapsed=3094s
progress: nodes=63,290,000,000 tested=63 found=0 n=277120026299968106907267 elapsed=3095s
progress: nodes=63,300,000,000 tested=63 found=0 n=548106942307579319580993 elapsed=3095s
progress: nodes=63,310,000,000 tested=63 found=0 n=152180079238162162327833 elapsed=3096s
progress: nodes=63,320,000,000 tested=63 found=0 n=199157139930850339151529 elapsed=3096s
progress: nodes=63,330,000,000 tested=63 found=0 n=230154708031041388675311 elapsed=3097s
progress: nodes=63,340,000,000 tested=63 found=0 n=180353131310038608102951 elapsed=3097s
progress: nodes=63,350,000,000 tested=63 found=0 n=168377040896823897985539 elapsed=3098s
progress: nodes=63,360,000,000 tested=63 found=0 n=110011302870804709044363 elapsed=3098s
progress: nodes=63,370,000,000 tested=63 found=0 n=75215826089868220502823 elapsed=3099s
progress: nodes=63,380,000,000 tested=63 found=0 n=50132887717301748244809 elapsed=3099s
progress: nodes=63,390,000,000 tested=63 found=0 n=56695082495327683709841 elapsed=3100s
progress: nodes=63,400,000,000 tested=63 found=0 n=68406634345255140730257 elapsed=3100s
progress: nodes=63,410,000,000 tested=63 found=0 n=118025604031422429551979 elapsed=3101s
progress: nodes=63,420,000,000 tested=63 found=0 n=312633363997907390991861 elapsed=3101s
progress: nodes=63,430,000,000 tested=63 found=0 n=232731398370817376144037 elapsed=3102s
progress: nodes=63,440,000,000 tested=63 found=0 n=198761351548184457132177 elapsed=3102s
progress: nodes=63,450,000,000 tested=63 found=0 n=259860268041075140515461 elapsed=3103s
progress: nodes=63,460,000,000 tested=63 found=0 n=143735900647557659302323 elapsed=3103s
progress: nodes=63,470,000,000 tested=63 found=0 n=167355257446643104038123 elapsed=3104s
progress: nodes=63,480,000,000 tested=63 found=0 n=70776854289712250242101 elapsed=3104s
progress: nodes=63,490,000,000 tested=63 found=0 n=72312199212343692800583 elapsed=3105s
progress: nodes=63,500,000,000 tested=63 found=0 n=207756510243936236025597 elapsed=3105s
progress: nodes=63,510,000,000 tested=63 found=0 n=215409669559770275141013 elapsed=3106s
progress: nodes=63,520,000,000 tested=63 found=0 n=126981624769857899361243 elapsed=3106s
progress: nodes=63,530,000,000 tested=63 found=0 n=213070180629358886719347 elapsed=3107s
progress: nodes=63,540,000,000 tested=63 found=0 n=23899296085564552294257 elapsed=3107s
progress: nodes=63,550,000,000 tested=63 found=0 n=217805370319200681620757 elapsed=3108s
progress: nodes=63,560,000,000 tested=63 found=0 n=146749806449211163199463 elapsed=3108s
progress: nodes=63,570,000,000 tested=63 found=0 n=42421538585628684480537 elapsed=3108s
progress: nodes=63,580,000,000 tested=63 found=0 n=187472390334111458693271 elapsed=3109s
progress: nodes=63,590,000,000 tested=63 found=0 n=131226743342524064906979 elapsed=3109s
progress: nodes=63,600,000,000 tested=63 found=0 n=105849632597382056074923 elapsed=3110s
progress: nodes=63,610,000,000 tested=63 found=0 n=72368871083659782284499 elapsed=3111s
progress: nodes=63,620,000,000 tested=63 found=0 n=116608963308199421279913 elapsed=3111s
progress: nodes=63,630,000,000 tested=63 found=0 n=56464382520578866293999 elapsed=3111s
progress: nodes=63,640,000,000 tested=63 found=0 n=36416106615350817194301 elapsed=3112s
progress: nodes=63,650,000,000 tested=63 found=0 n=57979436662208792947293 elapsed=3112s
progress: nodes=63,660,000,000 tested=63 found=0 n=158689746332498823922557 elapsed=3113s
progress: nodes=63,670,000,000 tested=63 found=0 n=156832709912700922151667 elapsed=3113s
progress: nodes=63,680,000,000 tested=63 found=0 n=105632710116344916226029 elapsed=3114s
progress: nodes=63,690,000,000 tested=63 found=0 n=160646376369580333834833 elapsed=3114s
progress: nodes=63,700,000,000 tested=63 found=0 n=61744636002352066012557 elapsed=3115s
progress: nodes=63,710,000,000 tested=63 found=0 n=39227623092420567902559 elapsed=3115s
progress: nodes=63,720,000,000 tested=63 found=0 n=34564452046199461149687 elapsed=3116s
progress: nodes=63,730,000,000 tested=63 found=0 n=139931701554034470841299 elapsed=3116s
progress: nodes=63,740,000,000 tested=63 found=0 n=77598736042281790054257 elapsed=3117s
progress: nodes=63,750,000,000 tested=63 found=0 n=81159899439994525112193 elapsed=3117s
progress: nodes=63,760,000,000 tested=63 found=0 n=106221774475132327853919 elapsed=3118s
progress: nodes=63,770,000,000 tested=63 found=0 n=49383732944578436464599 elapsed=3118s
progress: nodes=63,780,000,000 tested=63 found=0 n=45690883686881425114353 elapsed=3119s
progress: nodes=63,790,000,000 tested=63 found=0 n=78666757965681254461323 elapsed=3119s
progress: nodes=63,800,000,000 tested=63 found=0 n=75681379759721952916161 elapsed=3120s
progress: nodes=63,810,000,000 tested=63 found=0 n=46659265734864859155387 elapsed=3120s
progress: nodes=63,820,000,000 tested=63 found=0 n=123524416756547737163541 elapsed=3121s
progress: nodes=63,830,000,000 tested=63 found=0 n=81196783476767337255723 elapsed=3121s
progress: nodes=63,840,000,000 tested=63 found=0 n=51170493649120024536819 elapsed=3122s
progress: nodes=63,850,000,000 tested=63 found=0 n=62694836215554808201167 elapsed=3122s
progress: nodes=63,860,000,000 tested=63 found=0 n=115558059028526385579693 elapsed=3123s
progress: nodes=63,870,000,000 tested=63 found=0 n=28270058941740083742351 elapsed=3123s
progress: nodes=63,880,000,000 tested=63 found=0 n=25932594455254489852773 elapsed=3124s
progress: nodes=63,890,000,000 tested=63 found=0 n=100861826500232370944217 elapsed=3124s
progress: nodes=63,900,000,000 tested=63 found=0 n=99331795795295402878077 elapsed=3125s
progress: nodes=63,910,000,000 tested=63 found=0 n=27368793023094124266357 elapsed=3125s
progress: nodes=63,920,000,000 tested=63 found=0 n=53342371498380799296231 elapsed=3126s
progress: nodes=63,930,000,000 tested=63 found=0 n=24372638586869904918279 elapsed=3126s
progress: nodes=63,940,000,000 tested=63 found=0 n=75890262824579100714201 elapsed=3127s
progress: nodes=63,950,000,000 tested=63 found=0 n=63162249859855297891971 elapsed=3127s
progress: nodes=63,960,000,000 tested=63 found=0 n=83287558090888391177091 elapsed=3127s
progress: nodes=63,970,000,000 tested=63 found=0 n=57607867089010246489173 elapsed=3128s
progress: nodes=63,980,000,000 tested=63 found=0 n=93593269335245333393817 elapsed=3128s
progress: nodes=63,990,000,000 tested=63 found=0 n=62078115235230549920619 elapsed=3129s
progress: nodes=64,000,000,000 tested=63 found=0 n=65864100947169259738773 elapsed=3129s
progress: nodes=64,010,000,000 tested=63 found=0 n=36165374905988743504551 elapsed=3130s
progress: nodes=64,020,000,000 tested=63 found=0 n=47641716106826665698567 elapsed=3130s
progress: nodes=64,030,000,000 tested=63 found=0 n=63121831398860229550863 elapsed=3131s
progress: nodes=64,040,000,000 tested=63 found=0 n=83142468009109783846341 elapsed=3131s
progress: nodes=64,050,000,000 tested=63 found=0 n=67740941834837117589897 elapsed=3132s
progress: nodes=64,060,000,000 tested=63 found=0 n=58746633128961194053791 elapsed=3132s
progress: nodes=64,070,000,000 tested=63 found=0 n=38184726663073096064343 elapsed=3133s
progress: nodes=64,080,000,000 tested=63 found=0 n=56106197315231206837617 elapsed=3133s
progress: nodes=64,090,000,000 tested=63 found=0 n=48413215236083092975503 elapsed=3134s
progress: nodes=64,100,000,000 tested=63 found=0 n=71888505857629480734561 elapsed=3134s
progress: nodes=64,110,000,000 tested=63 found=0 n=57086773669248438579849 elapsed=3135s
progress: nodes=64,120,000,000 tested=63 found=0 n=47178166088182010425929 elapsed=3135s
progress: nodes=64,130,000,000 tested=63 found=0 n=79593356145573993050559 elapsed=3136s
progress: nodes=64,140,000,000 tested=63 found=0 n=48753324349351880354019 elapsed=3137s
progress: nodes=64,150,000,000 tested=63 found=0 n=51156424009589026578219 elapsed=3137s
progress: nodes=64,160,000,000 tested=63 found=0 n=72949658180067711754173 elapsed=3138s
progress: nodes=64,170,000,000 tested=63 found=0 n=78902967442016045542599 elapsed=3138s
progress: nodes=64,180,000,000 tested=63 found=0 n=87494719556011851844299 elapsed=3139s
progress: nodes=64,190,000,000 tested=63 found=0 n=56087982492148195715511 elapsed=3139s
progress: nodes=64,200,000,000 tested=63 found=0 n=80721011536067439362133 elapsed=3140s
progress: nodes=64,210,000,000 tested=63 found=0 n=89574552136844052819849 elapsed=3140s
progress: nodes=64,220,000,000 tested=63 found=0 n=69857783963359508227419 elapsed=3141s
progress: nodes=64,230,000,000 tested=63 found=0 n=85943382957704822882409 elapsed=3141s
progress: nodes=64,240,000,000 tested=63 found=0 n=88982052091192014989157 elapsed=3142s
progress: nodes=64,250,000,000 tested=63 found=0 n=72976012145204959705761 elapsed=3142s
progress: nodes=64,260,000,000 tested=63 found=0 n=79289652725464776322959 elapsed=3143s
progress: nodes=64,270,000,000 tested=63 found=0 n=93405522628925335194597 elapsed=3143s
progress: nodes=64,280,000,000 tested=63 found=0 n=20559203444999903882121 elapsed=3144s
progress: nodes=64,290,000,000 tested=63 found=0 n=136701236967219849491721 elapsed=3144s
progress: nodes=64,300,000,000 tested=63 found=0 n=273805456738212479464461 elapsed=3144s
progress: nodes=64,310,000,000 tested=63 found=0 n=428177864202941961861291 elapsed=3145s
progress: nodes=64,320,000,000 tested=63 found=0 n=598568504126820266278701 elapsed=3145s
progress: nodes=64,330,000,000 tested=63 found=0 n=782828958299598318221883 elapsed=3146s
progress: nodes=64,340,000,000 tested=63 found=0 n=981042502047156467158779 elapsed=3146s
progress: nodes=64,350,000,000 tested=63 found=0 n=170749522902057718566717 elapsed=3147s
progress: nodes=64,360,000,000 tested=63 found=0 n=374022634262972166017469 elapsed=3147s
progress: nodes=64,370,000,000 tested=63 found=0 n=593766037226308331786247 elapsed=3147s
progress: nodes=64,380,000,000 tested=63 found=0 n=829225687753560243201363 elapsed=3148s
progress: nodes=64,390,000,000 tested=63 found=0 n=71134368797479429064007 elapsed=3148s
progress: nodes=64,400,000,000 tested=63 found=0 n=303882106191251219089227 elapsed=3149s
progress: nodes=64,410,000,000 tested=63 found=0 n=563184551182142858520321 elapsed=3149s
progress: nodes=64,420,000,000 tested=63 found=0 n=842977196581547699999019 elapsed=3150s
progress: nodes=64,430,000,000 tested=63 found=0 n=124806606799995013333671 elapsed=3150s
progress: nodes=64,440,000,000 tested=63 found=0 n=404574402177578237899833 elapsed=3151s
progress: nodes=64,450,000,000 tested=63 found=0 n=706623015755133839295549 elapsed=3151s
progress: nodes=64,460,000,000 tested=63 found=0 n=29424368581698117423627 elapsed=3152s
progress: nodes=64,470,000,000 tested=63 found=0 n=324395574706446610230171 elapsed=3152s
progress: nodes=64,480,000,000 tested=63 found=0 n=653359824875789470012959 elapsed=3153s
progress: nodes=64,490,000,000 tested=63 found=0 n=164470756594343188563189 elapsed=3153s
progress: nodes=64,500,000,000 tested=63 found=0 n=265986690113781858615471 elapsed=3153s
progress: nodes=64,510,000,000 tested=63 found=0 n=835757188328419526776761 elapsed=3154s
progress: nodes=64,520,000,000 tested=63 found=0 n=135028888050792675970107 elapsed=3154s
progress: nodes=64,530,000,000 tested=63 found=0 n=791306043487573437880749 elapsed=3155s
progress: nodes=64,540,000,000 tested=63 found=0 n=401725768604426278652871 elapsed=3155s
progress: nodes=64,550,000,000 tested=63 found=0 n=596353794799471447058397 elapsed=3156s
progress: nodes=64,560,000,000 tested=63 found=0 n=570539085476976749182203 elapsed=3156s
progress: nodes=64,570,000,000 tested=63 found=0 n=344940767119958897455029 elapsed=3157s
progress: nodes=64,580,000,000 tested=63 found=0 n=601557025289958425701629 elapsed=3157s
progress: nodes=64,590,000,000 tested=63 found=0 n=48421015307501073395697 elapsed=3158s
progress: nodes=64,600,000,000 tested=63 found=0 n=73591144972386241985631 elapsed=3158s
progress: nodes=64,610,000,000 tested=63 found=0 n=147505761800210954559573 elapsed=3159s
progress: nodes=64,620,000,000 tested=63 found=0 n=115441304354084400069609 elapsed=3159s
progress: nodes=64,630,000,000 tested=63 found=0 n=60429747319665072545889 elapsed=3160s
progress: nodes=64,640,000,000 tested=63 found=0 n=10753110092436498939537 elapsed=3160s
progress: nodes=64,650,000,000 tested=63 found=0 n=434991197313468002448549 elapsed=3161s
progress: nodes=64,660,000,000 tested=63 found=0 n=386004426338756310341949 elapsed=3161s
progress: nodes=64,670,000,000 tested=63 found=0 n=323195509219526796617919 elapsed=3161s
progress: nodes=64,680,000,000 tested=63 found=0 n=330959200161531120249609 elapsed=3162s
progress: nodes=64,690,000,000 tested=63 found=0 n=24064994151284205354543 elapsed=3162s
progress: nodes=64,700,000,000 tested=63 found=0 n=147582233562977561732769 elapsed=3163s
progress: nodes=64,710,000,000 tested=63 found=0 n=342802604711804258901033 elapsed=3163s
progress: nodes=64,720,000,000 tested=63 found=0 n=314666575029609346970811 elapsed=3164s
progress: nodes=64,730,000,000 tested=63 found=0 n=120693905127758950920009 elapsed=3164s
progress: nodes=64,740,000,000 tested=63 found=0 n=153173344417711493695281 elapsed=3165s
progress: nodes=64,750,000,000 tested=63 found=0 n=23506214494143556210959 elapsed=3165s
progress: nodes=64,760,000,000 tested=63 found=0 n=102417090079946379561747 elapsed=3166s
progress: nodes=64,770,000,000 tested=63 found=0 n=88922398556334067284483 elapsed=3166s
progress: nodes=64,780,000,000 tested=63 found=0 n=23264375254880282494587 elapsed=3167s
progress: nodes=64,790,000,000 tested=63 found=0 n=116419827079099351142181 elapsed=3167s
progress: nodes=64,800,000,000 tested=63 found=0 n=140009305176509083760907 elapsed=3168s
progress: nodes=64,810,000,000 tested=63 found=0 n=151989000287704378097607 elapsed=3168s
progress: nodes=64,820,000,000 tested=63 found=0 n=143609277303340236825129 elapsed=3169s
progress: nodes=64,830,000,000 tested=63 found=0 n=138675536160659581073067 elapsed=3169s
progress: nodes=64,840,000,000 tested=63 found=0 n=184292678046032545477257 elapsed=3169s
progress: nodes=64,850,000,000 tested=63 found=0 n=16840646654231660678649 elapsed=3170s
progress: nodes=64,860,000,000 tested=63 found=0 n=62790483169576528070859 elapsed=3170s
progress: nodes=64,870,000,000 tested=63 found=0 n=160890211001043332948601 elapsed=3171s
progress: nodes=64,880,000,000 tested=63 found=0 n=138384011261387387982717 elapsed=3171s
progress: nodes=64,890,000,000 tested=63 found=0 n=151490562270587289690633 elapsed=3172s
progress: nodes=64,900,000,000 tested=63 found=0 n=83567331165712526167959 elapsed=3172s
progress: nodes=64,910,000,000 tested=63 found=0 n=128907544417090186024431 elapsed=3173s
progress: nodes=64,920,000,000 tested=63 found=0 n=136620491738865105909861 elapsed=3173s
progress: nodes=64,930,000,000 tested=63 found=0 n=118545578330003817561261 elapsed=3174s
progress: nodes=64,940,000,000 tested=63 found=0 n=87396990049504925594343 elapsed=3174s
progress: nodes=64,950,000,000 tested=63 found=0 n=79273954561013146530981 elapsed=3175s
progress: nodes=64,960,000,000 tested=63 found=0 n=95243261492159568622989 elapsed=3175s
progress: nodes=64,970,000,000 tested=63 found=0 n=36022068557410755800673 elapsed=3176s
progress: nodes=64,980,000,000 tested=63 found=0 n=13897158426154328184783 elapsed=3176s
progress: nodes=64,990,000,000 tested=63 found=0 n=45079008322004102433141 elapsed=3177s
progress: nodes=65,000,000,000 tested=63 found=0 n=40195985506320095598069 elapsed=3177s
progress: nodes=65,010,000,000 tested=63 found=0 n=112501699280319226669407 elapsed=3177s
progress: nodes=65,020,000,000 tested=63 found=0 n=65904693893877503905317 elapsed=3178s
progress: nodes=65,030,000,000 tested=63 found=0 n=45369034504569833578983 elapsed=3178s
progress: nodes=65,040,000,000 tested=63 found=0 n=33651158536220297304771 elapsed=3179s
progress: nodes=65,050,000,000 tested=63 found=0 n=82262569048373945754369 elapsed=3179s
progress: nodes=65,060,000,000 tested=63 found=0 n=55400567624886753477747 elapsed=3180s
progress: nodes=65,070,000,000 tested=63 found=0 n=77783856087897577526139 elapsed=3180s
progress: nodes=65,080,000,000 tested=63 found=0 n=70645666181229069668199 elapsed=3181s
progress: nodes=65,090,000,000 tested=63 found=0 n=78470198839622379665799 elapsed=3181s
progress: nodes=65,100,000,000 tested=63 found=0 n=77411360890326804095601 elapsed=3182s
progress: nodes=65,110,000,000 tested=63 found=0 n=24230106662648474025207 elapsed=3182s
progress: nodes=65,120,000,000 tested=63 found=0 n=66585303336186652033863 elapsed=3183s
progress: nodes=65,130,000,000 tested=63 found=0 n=18349326585455568532137 elapsed=3183s
progress: nodes=65,140,000,000 tested=63 found=0 n=36132921613785623009229 elapsed=3184s
progress: nodes=65,150,000,000 tested=63 found=0 n=42839829174251042178399 elapsed=3184s
progress: nodes=65,160,000,000 tested=63 found=0 n=73311050619748956118797 elapsed=3185s
progress: nodes=65,170,000,000 tested=63 found=0 n=77252410047303556169643 elapsed=3185s
progress: nodes=65,180,000,000 tested=63 found=0 n=70001951044509578897649 elapsed=3186s
progress: nodes=65,190,000,000 tested=63 found=0 n=86127268890065580851751 elapsed=3186s
progress: nodes=65,200,000,000 tested=63 found=0 n=71530371888800993564319 elapsed=3186s
progress: nodes=65,210,000,000 tested=63 found=0 n=58550727574702057935933 elapsed=3187s
progress: nodes=65,220,000,000 tested=63 found=0 n=73097361125696556513711 elapsed=3187s
progress: nodes=65,230,000,000 tested=63 found=0 n=81347094321232106662911 elapsed=3188s
progress: nodes=65,240,000,000 tested=63 found=0 n=31093139615024163578517 elapsed=3188s
progress: nodes=65,250,000,000 tested=63 found=0 n=54505605588432930008847 elapsed=3189s
progress: nodes=65,260,000,000 tested=63 found=0 n=49522123996660922660361 elapsed=3189s
progress: nodes=65,270,000,000 tested=63 found=0 n=57868894173583305907479 elapsed=3190s
progress: nodes=65,280,000,000 tested=63 found=0 n=31808400650262275901939 elapsed=3190s
progress: nodes=65,290,000,000 tested=63 found=0 n=76209952112367872953077 elapsed=3191s
progress: nodes=65,300,000,000 tested=63 found=0 n=77729288771304757646829 elapsed=3191s
progress: nodes=65,310,000,000 tested=63 found=0 n=75084317571097696299669 elapsed=3192s
progress: nodes=65,320,000,000 tested=63 found=0 n=56265239612651254125633 elapsed=3192s
progress: nodes=65,330,000,000 tested=63 found=0 n=33787650938520529476657 elapsed=3193s
progress: nodes=65,340,000,000 tested=63 found=0 n=62761118065148979551691 elapsed=3193s
progress: nodes=65,350,000,000 tested=63 found=0 n=46411214824636325746929 elapsed=3194s
progress: nodes=65,360,000,000 tested=63 found=0 n=54315475892627561711253 elapsed=3194s
progress: nodes=65,370,000,000 tested=63 found=0 n=70666459306586106869367 elapsed=3195s
progress: nodes=65,380,000,000 tested=63 found=0 n=55679515682692818685923 elapsed=3195s
progress: nodes=65,390,000,000 tested=63 found=0 n=73130952948635201600673 elapsed=3196s
progress: nodes=65,400,000,000 tested=63 found=0 n=66181479088744404664587 elapsed=3196s
progress: nodes=65,410,000,000 tested=63 found=0 n=73501229233505508740613 elapsed=3197s
progress: nodes=65,420,000,000 tested=63 found=0 n=52125793572819138755121 elapsed=3197s
progress: nodes=65,430,000,000 tested=63 found=0 n=65265340580722458813483 elapsed=3198s
progress: nodes=65,440,000,000 tested=63 found=0 n=76550622548815608765957 elapsed=3198s
progress: nodes=65,450,000,000 tested=63 found=0 n=71997781911895859204493 elapsed=3199s
progress: nodes=65,460,000,000 tested=63 found=0 n=74659500163503955480473 elapsed=3199s
progress: nodes=65,470,000,000 tested=63 found=0 n=81120130939692044156187 elapsed=3200s
progress: nodes=65,480,000,000 tested=63 found=0 n=125229521985017044668381 elapsed=3200s
progress: nodes=65,490,000,000 tested=63 found=0 n=93817801774302353159643 elapsed=3201s
progress: nodes=65,500,000,000 tested=63 found=0 n=71780936538814996303503 elapsed=3201s
progress: nodes=65,510,000,000 tested=63 found=0 n=59297476163910168298653 elapsed=3202s
progress: nodes=65,520,000,000 tested=63 found=0 n=55450333290202438072023 elapsed=3202s
progress: nodes=65,530,000,000 tested=63 found=0 n=58696401914700986586843 elapsed=3202s
progress: nodes=65,540,000,000 tested=63 found=0 n=69764641271087418216099 elapsed=3203s
progress: nodes=65,550,000,000 tested=63 found=0 n=90558510048821901910131 elapsed=3203s
progress: nodes=65,560,000,000 tested=63 found=0 n=121198627474332614500833 elapsed=3204s
progress: nodes=65,570,000,000 tested=63 found=0 n=161488607390698514006619 elapsed=3204s
progress: nodes=65,580,000,000 tested=63 found=0 n=211679473375984010441121 elapsed=3205s
progress: nodes=65,590,000,000 tested=63 found=0 n=272275409906575635594573 elapsed=3205s
progress: nodes=65,600,000,000 tested=63 found=0 n=345903016585927547780649 elapsed=3206s
progress: nodes=65,610,000,000 tested=63 found=0 n=431028894840448112747847 elapsed=3206s
progress: nodes=65,620,000,000 tested=63 found=0 n=529225155077406457235643 elapsed=3206s
progress: nodes=65,630,000,000 tested=63 found=0 n=641312374452856675647309 elapsed=3207s
progress: nodes=65,640,000,000 tested=63 found=0 n=764525389875148300337631 elapsed=3207s
progress: nodes=65,650,000,000 tested=63 found=0 n=899531533101774932834013 elapsed=3208s
progress: nodes=65,660,000,000 tested=63 found=0 n=44328267211854101998599 elapsed=3208s
progress: nodes=65,670,000,000 tested=63 found=0 n=180889308222703705318617 elapsed=3209s
progress: nodes=65,680,000,000 tested=63 found=0 n=500151442965091481632761 elapsed=3209s
progress: nodes=65,690,000,000 tested=63 found=0 n=458752057953395424376851 elapsed=3210s
progress: nodes=65,700,000,000 tested=63 found=0 n=77441731190012038310307 elapsed=3210s
progress: nodes=65,710,000,000 tested=63 found=0 n=235582345072719266594049 elapsed=3211s
progress: nodes=65,720,000,000 tested=63 found=0 n=98454721693877120660319 elapsed=3211s
progress: nodes=65,730,000,000 tested=63 found=0 n=385836788752887957810633 elapsed=3212s
progress: nodes=65,740,000,000 tested=63 found=0 n=377352482474688992706897 elapsed=3212s
progress: nodes=65,750,000,000 tested=63 found=0 n=78056701401169930909239 elapsed=3212s
progress: nodes=65,760,000,000 tested=63 found=0 n=340148565414581898173661 elapsed=3213s
progress: nodes=65,770,000,000 tested=63 found=0 n=503525166495456626517843 elapsed=3213s
progress: nodes=65,780,000,000 tested=63 found=0 n=485777634954752676579813 elapsed=3214s
progress: nodes=65,790,000,000 tested=63 found=0 n=231151644538144979661243 elapsed=3214s
progress: nodes=65,800,000,000 tested=63 found=0 n=442411351145155693826217 elapsed=3215s
progress: nodes=65,810,000,000 tested=63 found=0 n=60320533064882420339163 elapsed=3215s
progress: nodes=65,820,000,000 tested=63 found=0 n=195673959219512695972743 elapsed=3216s
progress: nodes=65,830,000,000 tested=63 found=0 n=288154488671251093965843 elapsed=3216s
progress: nodes=65,840,000,000 tested=63 found=0 n=421135558119700267661433 elapsed=3217s
progress: nodes=65,850,000,000 tested=63 found=0 n=157393106880619527349047 elapsed=3217s
progress: nodes=65,860,000,000 tested=63 found=0 n=373386415899802168932453 elapsed=3218s
progress: nodes=65,870,000,000 tested=63 found=0 n=182512688359100296862511 elapsed=3218s
progress: nodes=65,880,000,000 tested=63 found=0 n=127155610959403852327887 elapsed=3219s
progress: nodes=65,890,000,000 tested=63 found=0 n=232970885732186158568319 elapsed=3219s
progress: nodes=65,900,000,000 tested=63 found=0 n=63851536704513173630553 elapsed=3220s
progress: nodes=65,910,000,000 tested=63 found=0 n=44282257782535918116279 elapsed=3220s
progress: nodes=65,920,000,000 tested=63 found=0 n=144291084211042120230417 elapsed=3220s
progress: nodes=65,930,000,000 tested=63 found=0 n=32153902542721168601931 elapsed=3221s
progress: nodes=65,940,000,000 tested=63 found=0 n=80324568170126198054829 elapsed=3221s
progress: nodes=65,950,000,000 tested=63 found=0 n=286142035449793845084147 elapsed=3222s
progress: nodes=65,960,000,000 tested=63 found=0 n=59923539244748330515287 elapsed=3222s
progress: nodes=65,970,000,000 tested=63 found=0 n=71084697217284619005291 elapsed=3223s
progress: nodes=65,980,000,000 tested=63 found=0 n=69848119200269680458111 elapsed=3223s
progress: nodes=65,990,000,000 tested=63 found=0 n=54310264479601174759869 elapsed=3224s
progress: nodes=66,000,000,000 tested=63 found=0 n=58958322978274957066599 elapsed=3224s
progress: nodes=66,010,000,000 tested=63 found=0 n=76497756221580555403773 elapsed=3225s
progress: nodes=66,020,000,000 tested=63 found=0 n=127421490429094982357853 elapsed=3225s
progress: nodes=66,030,000,000 tested=63 found=0 n=182702040526454008518189 elapsed=3226s
progress: nodes=66,040,000,000 tested=63 found=0 n=86716942664577514885827 elapsed=3226s
progress: nodes=66,050,000,000 tested=63 found=0 n=59873077385596769875119 elapsed=3227s
progress: nodes=66,060,000,000 tested=63 found=0 n=115034706878810887371357 elapsed=3227s
progress: nodes=66,070,000,000 tested=63 found=0 n=89042072808068585646903 elapsed=3228s
progress: nodes=66,080,000,000 tested=63 found=0 n=113098049837495715096027 elapsed=3228s
progress: nodes=66,090,000,000 tested=63 found=0 n=66678745416604707666357 elapsed=3228s
progress: nodes=66,100,000,000 tested=63 found=0 n=147866893033214780361783 elapsed=3229s
progress: nodes=66,110,000,000 tested=63 found=0 n=158694548403624282202923 elapsed=3229s
progress: nodes=66,120,000,000 tested=63 found=0 n=12582831664435920102369 elapsed=3230s
progress: nodes=66,130,000,000 tested=63 found=0 n=30714108591105087023799 elapsed=3230s
progress: nodes=66,140,000,000 tested=63 found=0 n=76570293725522599090473 elapsed=3231s
progress: nodes=66,150,000,000 tested=63 found=0 n=21604645248481350920403 elapsed=3231s
progress: nodes=66,160,000,000 tested=63 found=0 n=42595247364495125281443 elapsed=3232s
progress: nodes=66,170,000,000 tested=63 found=0 n=116991753671932667920161 elapsed=3232s
progress: nodes=66,180,000,000 tested=63 found=0 n=52658621709435103331277 elapsed=3233s
progress: nodes=66,190,000,000 tested=63 found=0 n=71691384341432259729171 elapsed=3233s
progress: nodes=66,200,000,000 tested=63 found=0 n=79792211635997756161959 elapsed=3234s
progress: nodes=66,210,000,000 tested=63 found=0 n=109092800042048093032377 elapsed=3234s
progress: nodes=66,220,000,000 tested=63 found=0 n=46852644958227834130251 elapsed=3235s
progress: nodes=66,230,000,000 tested=63 found=0 n=46456487376647707124073 elapsed=3235s
progress: nodes=66,240,000,000 tested=63 found=0 n=104264001347017607880939 elapsed=3236s
progress: nodes=66,250,000,000 tested=63 found=0 n=52330991393401149894003 elapsed=3236s
progress: nodes=66,260,000,000 tested=63 found=0 n=84640775555369628928179 elapsed=3236s
progress: nodes=66,270,000,000 tested=63 found=0 n=24877995608853307880883 elapsed=3237s
progress: nodes=66,280,000,000 tested=63 found=0 n=66399333490052712424737 elapsed=3237s
progress: nodes=66,290,000,000 tested=63 found=0 n=76599928092486725082387 elapsed=3238s
progress: nodes=66,300,000,000 tested=63 found=0 n=41732021207881502627283 elapsed=3238s
progress: nodes=66,310,000,000 tested=63 found=0 n=78384681738395812513503 elapsed=3239s
progress: nodes=66,320,000,000 tested=63 found=0 n=25208571963244857868989 elapsed=3239s
progress: nodes=66,330,000,000 tested=63 found=0 n=78206608731473558053641 elapsed=3240s
progress: nodes=66,340,000,000 tested=63 found=0 n=20529443588252271782571 elapsed=3240s
progress: nodes=66,350,000,000 tested=63 found=0 n=72587394066259384483941 elapsed=3241s
progress: nodes=66,360,000,000 tested=63 found=0 n=71671111265127647521017 elapsed=3241s
progress: nodes=66,370,000,000 tested=63 found=0 n=40820247562048327665369 elapsed=3242s
progress: nodes=66,380,000,000 tested=63 found=0 n=55924143469906410087543 elapsed=3242s
progress: nodes=66,390,000,000 tested=63 found=0 n=29591189285270579533413 elapsed=3243s
progress: nodes=66,400,000,000 tested=63 found=0 n=41894651958102508457277 elapsed=3243s
progress: nodes=66,410,000,000 tested=63 found=0 n=72946648387535722576623 elapsed=3244s
progress: nodes=66,420,000,000 tested=63 found=0 n=25937472910190440487427 elapsed=3244s
progress: nodes=66,430,000,000 tested=63 found=0 n=31421860200880392431727 elapsed=3245s
progress: nodes=66,440,000,000 tested=63 found=0 n=52694416705514858458569 elapsed=3245s
progress: nodes=66,450,000,000 tested=63 found=0 n=55322453811096205423767 elapsed=3246s
progress: nodes=66,460,000,000 tested=63 found=0 n=31254262302034415815479 elapsed=3246s
progress: nodes=66,470,000,000 tested=63 found=0 n=44928592021303022082897 elapsed=3246s
progress: nodes=66,480,000,000 tested=63 found=0 n=50490583431009986749023 elapsed=3247s
progress: nodes=66,490,000,000 tested=63 found=0 n=36348931630537014825567 elapsed=3247s
progress: nodes=66,500,000,000 tested=63 found=0 n=35255460629420026994691 elapsed=3248s
progress: nodes=66,510,000,000 tested=63 found=0 n=49662109172570220695061 elapsed=3248s
progress: nodes=66,520,000,000 tested=63 found=0 n=45124025727554139707649 elapsed=3249s
progress: nodes=66,530,000,000 tested=63 found=0 n=58416894488113398719559 elapsed=3249s
progress: nodes=66,540,000,000 tested=63 found=0 n=67303816009581875260383 elapsed=3250s
progress: nodes=66,550,000,000 tested=63 found=0 n=39310070095891413036603 elapsed=3250s
progress: nodes=66,560,000,000 tested=63 found=0 n=56432369807597232390249 elapsed=3251s
progress: nodes=66,570,000,000 tested=63 found=0 n=55609578191327233689693 elapsed=3251s
progress: nodes=66,580,000,000 tested=63 found=0 n=42154634553545051231463 elapsed=3252s
progress: nodes=66,590,000,000 tested=63 found=0 n=44756931068681359421817 elapsed=3252s
progress: nodes=66,600,000,000 tested=63 found=0 n=73090311193532419224669 elapsed=3253s
progress: nodes=66,610,000,000 tested=63 found=0 n=56209812720210321602661 elapsed=3253s
progress: nodes=66,620,000,000 tested=63 found=0 n=74435179750751167838721 elapsed=3254s
progress: nodes=66,630,000,000 tested=63 found=0 n=75577764647615579785359 elapsed=3254s
progress: nodes=66,640,000,000 tested=63 found=0 n=77047306130166916277349 elapsed=3255s
progress: nodes=66,650,000,000 tested=63 found=0 n=79826179503068998557327 elapsed=3255s
progress: nodes=66,660,000,000 tested=63 found=0 n=17918046802695056789079 elapsed=3256s
progress: nodes=66,670,000,000 tested=63 found=0 n=899952062205972274701741 elapsed=3256s
progress: nodes=66,680,000,000 tested=63 found=0 n=799881521482725062398479 elapsed=3257s
progress: nodes=66,690,000,000 tested=63 found=0 n=710299995593782452499179 elapsed=3257s
progress: nodes=66,700,000,000 tested=63 found=0 n=633014694888283483646409 elapsed=3258s
progress: nodes=66,710,000,000 tested=63 found=0 n=565616115979208101991799 elapsed=3258s
progress: nodes=66,720,000,000 tested=63 found=0 n=509365293029790309166131 elapsed=3259s
progress: nodes=66,730,000,000 tested=63 found=0 n=464006818937562490395729 elapsed=3259s
progress: nodes=66,740,000,000 tested=63 found=0 n=431432315309309143979457 elapsed=3259s
progress: nodes=66,750,000,000 tested=63 found=0 n=409093044617747179325097 elapsed=3260s
progress: nodes=66,760,000,000 tested=63 found=0 n=396747150861404258285139 elapsed=3260s
progress: nodes=66,770,000,000 tested=63 found=0 n=394656822007562155867749 elapsed=3261s
progress: nodes=66,780,000,000 tested=63 found=0 n=400985700737685174668403 elapsed=3261s
progress: nodes=66,790,000,000 tested=63 found=0 n=415443030881747611016043 elapsed=3262s
progress: nodes=66,800,000,000 tested=63 found=0 n=441029698048150584469173 elapsed=3262s
progress: nodes=66,810,000,000 tested=63 found=0 n=476789067468360639157473 elapsed=3263s
progress: nodes=66,820,000,000 tested=63 found=0 n=522596720237447862271881 elapsed=3263s
progress: nodes=66,830,000,000 tested=63 found=0 n=579134775341480929935903 elapsed=3263s
progress: nodes=66,840,000,000 tested=63 found=0 n=645443991567459182833119 elapsed=3264s
progress: nodes=66,850,000,000 tested=63 found=0 n=842669564019930988724691 elapsed=3264s
progress: nodes=66,860,000,000 tested=63 found=0 n=579801532275253819097721 elapsed=3265s
progress: nodes=66,870,000,000 tested=63 found=0 n=58952971614949879975893 elapsed=3265s
progress: nodes=66,880,000,000 tested=63 found=0 n=160964037513591820581843 elapsed=3266s
progress: nodes=66,890,000,000 tested=63 found=0 n=745412414666010281326521 elapsed=3266s
progress: nodes=66,900,000,000 tested=63 found=0 n=211768704105855074786223 elapsed=3267s
progress: nodes=66,910,000,000 tested=63 found=0 n=244246841342809954846659 elapsed=3267s
progress: nodes=66,920,000,000 tested=63 found=0 n=212586572292977108385621 elapsed=3268s
progress: nodes=66,930,000,000 tested=63 found=0 n=89168817575974227911127 elapsed=3268s
progress: nodes=66,940,000,000 tested=63 found=0 n=468710194952149678760463 elapsed=3269s
progress: nodes=66,950,000,000 tested=63 found=0 n=131238523471543203334311 elapsed=3269s
progress: nodes=66,960,000,000 tested=63 found=0 n=234860092985774332777239 elapsed=3270s
progress: nodes=66,970,000,000 tested=63 found=0 n=196733439427794874911999 elapsed=3270s
progress: nodes=66,980,000,000 tested=63 found=0 n=184918163458687964870103 elapsed=3271s
progress: nodes=66,990,000,000 tested=63 found=0 n=194635086497164441032597 elapsed=3271s
progress: nodes=67,000,000,000 tested=63 found=0 n=99988835516956851964191 elapsed=3271s
progress: nodes=67,010,000,000 tested=63 found=0 n=424771795195291604694249 elapsed=3272s
progress: nodes=67,020,000,000 tested=63 found=0 n=340419347062914064153131 elapsed=3272s
progress: nodes=67,030,000,000 tested=63 found=0 n=327479526323367997956993 elapsed=3273s
progress: nodes=67,040,000,000 tested=63 found=0 n=383597483188118912457129 elapsed=3273s
progress: nodes=67,050,000,000 tested=63 found=0 n=191910215000164427929701 elapsed=3274s
progress: nodes=67,060,000,000 tested=63 found=0 n=117389610403618569736797 elapsed=3274s
progress: nodes=67,070,000,000 tested=63 found=0 n=134205707959772331722301 elapsed=3275s
progress: nodes=67,080,000,000 tested=63 found=0 n=19592534180004744923811 elapsed=3275s
progress: nodes=67,090,000,000 tested=63 found=0 n=61679885183125789607181 elapsed=3276s
progress: nodes=67,100,000,000 tested=63 found=0 n=255206591630199029837709 elapsed=3276s
progress: nodes=67,110,000,000 tested=63 found=0 n=42243223766592191075271 elapsed=3277s
progress: nodes=67,120,000,000 tested=63 found=0 n=253201003257957545956473 elapsed=3277s
progress: nodes=67,130,000,000 tested=63 found=0 n=99164668175891322977511 elapsed=3278s
progress: nodes=67,140,000,000 tested=63 found=0 n=144321768458953495522497 elapsed=3278s
progress: nodes=67,150,000,000 tested=63 found=0 n=115132634818904619985761 elapsed=3278s
progress: nodes=67,160,000,000 tested=63 found=0 n=103270840432772917703337 elapsed=3279s
progress: nodes=67,170,000,000 tested=63 found=0 n=146637610217984875478643 elapsed=3279s
progress: nodes=67,180,000,000 tested=63 found=0 n=213769913017735030477059 elapsed=3280s
progress: nodes=67,190,000,000 tested=63 found=0 n=131525413527066162051987 elapsed=3280s
progress: nodes=67,200,000,000 tested=63 found=0 n=124898728013626874653269 elapsed=3281s
progress: nodes=67,210,000,000 tested=63 found=0 n=164428289075152793780397 elapsed=3281s
progress: nodes=67,220,000,000 tested=63 found=0 n=92489744291896286119323 elapsed=3282s
progress: nodes=67,230,000,000 tested=63 found=0 n=117398501368388654840811 elapsed=3282s
progress: nodes=67,240,000,000 tested=63 found=0 n=77657983600091437466847 elapsed=3283s
progress: nodes=67,250,000,000 tested=63 found=0 n=161131819854950946255177 elapsed=3283s
progress: nodes=67,260,000,000 tested=63 found=0 n=162514578852229047617943 elapsed=3284s
progress: nodes=67,270,000,000 tested=63 found=0 n=136005547456618917890967 elapsed=3284s
progress: nodes=67,280,000,000 tested=63 found=0 n=102216311507677462118793 elapsed=3285s
progress: nodes=67,290,000,000 tested=63 found=0 n=51999992809311999381237 elapsed=3285s
progress: nodes=67,300,000,000 tested=63 found=0 n=33543818855172177393303 elapsed=3286s
progress: nodes=67,310,000,000 tested=63 found=0 n=67382845301691200130003 elapsed=3286s
progress: nodes=67,320,000,000 tested=63 found=0 n=30583347930193846097079 elapsed=3286s
progress: nodes=67,330,000,000 tested=63 found=0 n=64141706013800374764189 elapsed=3287s
progress: nodes=67,340,000,000 tested=63 found=0 n=65643940805319489990069 elapsed=3287s
progress: nodes=67,350,000,000 tested=63 found=0 n=63053870332601917358667 elapsed=3288s
progress: nodes=67,360,000,000 tested=63 found=0 n=63532692944267698333413 elapsed=3288s
progress: nodes=67,370,000,000 tested=63 found=0 n=71725922026826377768227 elapsed=3289s
progress: nodes=67,380,000,000 tested=63 found=0 n=16841566079195725252539 elapsed=3289s
progress: nodes=67,390,000,000 tested=63 found=0 n=97342113522157947895221 elapsed=3290s
progress: nodes=67,400,000,000 tested=63 found=0 n=55766309301202281357807 elapsed=3290s
progress: nodes=67,410,000,000 tested=63 found=0 n=99576930656669145554259 elapsed=3291s
progress: nodes=67,420,000,000 tested=63 found=0 n=59292497422390275092511 elapsed=3291s
progress: nodes=67,430,000,000 tested=63 found=0 n=42183367209294523622487 elapsed=3292s
progress: nodes=67,440,000,000 tested=63 found=0 n=43939649867290333217523 elapsed=3292s
progress: nodes=67,450,000,000 tested=63 found=0 n=86294220697521127055457 elapsed=3293s
progress: nodes=67,460,000,000 tested=63 found=0 n=36721773934802243929719 elapsed=3293s
progress: nodes=67,470,000,000 tested=63 found=0 n=55114729108120606910139 elapsed=3294s
progress: nodes=67,480,000,000 tested=63 found=0 n=80473662471965614326783 elapsed=3294s
progress: nodes=67,490,000,000 tested=63 found=0 n=56841179927667120033741 elapsed=3295s
progress: nodes=67,500,000,000 tested=63 found=0 n=84650324320763271836073 elapsed=3295s
progress: nodes=67,510,000,000 tested=63 found=0 n=33425262938979891081333 elapsed=3295s
progress: nodes=67,520,000,000 tested=63 found=0 n=65228283206158780480311 elapsed=3296s
progress: nodes=67,530,000,000 tested=63 found=0 n=74525559088069249268031 elapsed=3296s
progress: nodes=67,540,000,000 tested=63 found=0 n=82795670325554403542787 elapsed=3297s
progress: nodes=67,550,000,000 tested=63 found=0 n=54683109136117442375703 elapsed=3297s
progress: nodes=67,560,000,000 tested=63 found=0 n=24602113847860668589239 elapsed=3298s
progress: nodes=67,570,000,000 tested=63 found=0 n=24320600260368131524959 elapsed=3298s
progress: nodes=67,580,000,000 tested=63 found=0 n=73148306950683367699527 elapsed=3299s
progress: nodes=67,590,000,000 tested=63 found=0 n=31321566750943261868229 elapsed=3299s
progress: nodes=67,600,000,000 tested=63 found=0 n=27829223662277845936359 elapsed=3300s
progress: nodes=67,610,000,000 tested=63 found=0 n=63477281740178428956603 elapsed=3300s
progress: nodes=67,620,000,000 tested=63 found=0 n=41516155806569993559087 elapsed=3301s
progress: nodes=67,630,000,000 tested=63 found=0 n=37631063923647322583763 elapsed=3301s
progress: nodes=67,640,000,000 tested=63 found=0 n=40132544384841590833767 elapsed=3302s
progress: nodes=67,650,000,000 tested=63 found=0 n=59908052429914397272641 elapsed=3302s
progress: nodes=67,660,000,000 tested=63 found=0 n=67314273848984641794777 elapsed=3303s
progress: nodes=67,670,000,000 tested=63 found=0 n=38182273725757425712371 elapsed=3303s
progress: nodes=67,680,000,000 tested=63 found=0 n=38547105578068998593529 elapsed=3304s
progress: nodes=67,690,000,000 tested=63 found=0 n=53762653768791397975083 elapsed=3304s
progress: nodes=67,700,000,000 tested=63 found=0 n=72619521934437369766413 elapsed=3305s
progress: nodes=67,710,000,000 tested=63 found=0 n=37676655131981711040657 elapsed=3305s
progress: nodes=67,720,000,000 tested=63 found=0 n=61196586703857593217999 elapsed=3306s
progress: nodes=67,730,000,000 tested=63 found=0 n=55027279570080233818017 elapsed=3307s
progress: nodes=67,740,000,000 tested=63 found=0 n=54038057060721028130451 elapsed=3307s
progress: nodes=67,750,000,000 tested=63 found=0 n=72937948617772021173159 elapsed=3308s
progress: nodes=67,760,000,000 tested=63 found=0 n=56295973579808346155541 elapsed=3308s
progress: nodes=67,770,000,000 tested=63 found=0 n=56099377343853862922673 elapsed=3309s
progress: nodes=67,780,000,000 tested=63 found=0 n=73648060940747604358971 elapsed=3309s
progress: nodes=67,790,000,000 tested=63 found=0 n=75452254158313226827017 elapsed=3310s
progress: nodes=67,800,000,000 tested=63 found=0 n=75466636765647857770887 elapsed=3310s
progress: nodes=67,810,000,000 tested=64 found=0 n=831297805995787901938629 elapsed=3311s
progress: nodes=67,820,000,000 tested=64 found=0 n=478218689354854923281037 elapsed=3311s
progress: nodes=67,830,000,000 tested=64 found=0 n=151202866768147625925879 elapsed=3312s
progress: nodes=67,840,000,000 tested=64 found=0 n=827873032510746375794487 elapsed=3312s
progress: nodes=67,850,000,000 tested=64 found=0 n=500722126926214510818963 elapsed=3312s
progress: nodes=67,860,000,000 tested=64 found=0 n=196226668727169477185943 elapsed=3313s
progress: nodes=67,870,000,000 tested=64 found=0 n=905495783078283831832167 elapsed=3313s
progress: nodes=67,880,000,000 tested=64 found=0 n=607029129944152901779563 elapsed=3314s
progress: nodes=67,890,000,000 tested=64 found=0 n=326976161599333514450259 elapsed=3314s
progress: nodes=67,900,000,000 tested=64 found=0 n=70776819516489459191973 elapsed=3315s
progress: nodes=67,910,000,000 tested=64 found=0 n=804197912559280710936003 elapsed=3315s
progress: nodes=67,920,000,000 tested=64 found=0 n=546495165771165130841937 elapsed=3316s
progress: nodes=67,930,000,000 tested=64 found=0 n=306766693567728172005381 elapsed=3316s
progress: nodes=67,940,000,000 tested=64 found=0 n=86580785653831960611813 elapsed=3317s
progress: nodes=67,950,000,000 tested=64 found=0 n=861534199634140002247893 elapsed=3317s
progress: nodes=67,960,000,000 tested=64 found=0 n=642781792895873809264317 elapsed=3317s
progress: nodes=67,970,000,000 tested=64 found=0 n=440859674321052017683113 elapsed=3318s
progress: nodes=67,980,000,000 tested=64 found=0 n=254267677574536206057939 elapsed=3318s
progress: nodes=67,990,000,000 tested=64 found=0 n=86715757147805527679091 elapsed=3319s
progress: nodes=68,000,000,000 tested=64 found=0 n=80048184543441647464239 elapsed=3319s
progress: nodes=68,010,000,000 tested=64 found=0 n=499614167304729349591257 elapsed=3320s
progress: nodes=68,020,000,000 tested=64 found=0 n=499420744342199115012423 elapsed=3320s
progress: nodes=68,030,000,000 tested=64 found=0 n=121100685535930660848981 elapsed=3321s
progress: nodes=68,040,000,000 tested=64 found=0 n=399035945975578119451089 elapsed=3321s
progress: nodes=68,050,000,000 tested=64 found=0 n=521422979781121054519113 elapsed=3322s
progress: nodes=68,060,000,000 tested=64 found=0 n=510835492424918498980527 elapsed=3322s
progress: nodes=68,070,000,000 tested=64 found=0 n=338529304178648188729893 elapsed=3323s
progress: nodes=68,080,000,000 tested=64 found=0 n=87603688972798761493269 elapsed=3323s
progress: nodes=68,090,000,000 tested=64 found=0 n=313101241112892671022969 elapsed=3324s
progress: nodes=68,100,000,000 tested=64 found=0 n=478215607201651129043079 elapsed=3324s
progress: nodes=68,110,000,000 tested=64 found=0 n=82486499453941060975959 elapsed=3325s
progress: nodes=68,120,000,000 tested=64 found=0 n=201618270534548538095733 elapsed=3325s
progress: nodes=68,130,000,000 tested=64 found=0 n=239177430389537353098693 elapsed=3326s
progress: nodes=68,140,000,000 tested=64 found=0 n=290349544464873790328817 elapsed=3326s
progress: nodes=68,150,000,000 tested=64 found=0 n=352181403327181287530979 elapsed=3327s
progress: nodes=68,160,000,000 tested=64 found=0 n=43841758452764795788419 elapsed=3327s
progress: nodes=68,170,000,000 tested=64 found=0 n=276704992336273995427857 elapsed=3328s
progress: nodes=68,180,000,000 tested=64 found=0 n=222230560244632437036231 elapsed=3328s
progress: nodes=68,190,000,000 tested=64 found=0 n=262862388651833606015919 elapsed=3329s
progress: nodes=68,200,000,000 tested=64 found=0 n=143495042120411436766773 elapsed=3329s
progress: nodes=68,210,000,000 tested=64 found=0 n=184621758731072901044037 elapsed=3330s
progress: nodes=68,220,000,000 tested=64 found=0 n=316523106537525256953969 elapsed=3330s
progress: nodes=68,230,000,000 tested=64 found=0 n=273313876052596794648849 elapsed=3331s
progress: nodes=68,240,000,000 tested=64 found=0 n=104688177623358810402537 elapsed=3331s
progress: nodes=68,250,000,000 tested=64 found=0 n=55264253947957126879191 elapsed=3332s
progress: nodes=68,260,000,000 tested=64 found=0 n=203223029335923917203191 elapsed=3332s
progress: nodes=68,270,000,000 tested=64 found=0 n=27952015973976364380957 elapsed=3333s
progress: nodes=68,280,000,000 tested=64 found=0 n=92367528318966528321309 elapsed=3333s
progress: nodes=68,290,000,000 tested=64 found=0 n=113051586091503098995263 elapsed=3334s
progress: nodes=68,300,000,000 tested=64 found=0 n=178415376222702810646917 elapsed=3334s
progress: nodes=68,310,000,000 tested=64 found=0 n=41352916895313562699083 elapsed=3335s
progress: nodes=68,320,000,000 tested=64 found=0 n=159918594745493792335743 elapsed=3335s
progress: nodes=68,330,000,000 tested=64 found=0 n=90782391488870099581101 elapsed=3335s
progress: nodes=68,340,000,000 tested=64 found=0 n=87441060510328083116481 elapsed=3336s
progress: nodes=68,350,000,000 tested=64 found=0 n=145538454373640188897113 elapsed=3337s
progress: nodes=68,360,000,000 tested=64 found=0 n=152654866268544652584033 elapsed=3337s
progress: nodes=68,370,000,000 tested=64 found=0 n=130401884896095333097269 elapsed=3337s
progress: nodes=68,380,000,000 tested=64 found=0 n=97307782776091397086731 elapsed=3338s
progress: nodes=68,390,000,000 tested=64 found=0 n=59297739720741140609529 elapsed=3338s
progress: nodes=68,400,000,000 tested=64 found=0 n=151399629405541964654361 elapsed=3339s
progress: nodes=68,410,000,000 tested=64 found=0 n=112688076897117151223409 elapsed=3339s
progress: nodes=68,420,000,000 tested=64 found=0 n=105246307825126125681177 elapsed=3340s
progress: nodes=68,430,000,000 tested=64 found=0 n=20659389298925446884969 elapsed=3340s
progress: nodes=68,440,000,000 tested=64 found=0 n=85989052114570004776299 elapsed=3341s
progress: nodes=68,450,000,000 tested=64 found=0 n=91080314480595724252353 elapsed=3341s
progress: nodes=68,460,000,000 tested=64 found=0 n=33718414332160077369003 elapsed=3342s
progress: nodes=68,470,000,000 tested=64 found=0 n=65192863923639693279423 elapsed=3342s
progress: nodes=68,480,000,000 tested=64 found=0 n=97718971154671839396501 elapsed=3343s
progress: nodes=68,490,000,000 tested=64 found=0 n=35344767656981228937183 elapsed=3343s
progress: nodes=68,500,000,000 tested=64 found=0 n=23561671079962248212133 elapsed=3344s
progress: nodes=68,510,000,000 tested=64 found=0 n=53244939542848114947039 elapsed=3344s
progress: nodes=68,520,000,000 tested=64 found=0 n=64783473178539836398293 elapsed=3345s
progress: nodes=68,530,000,000 tested=64 found=0 n=51276599994667129706547 elapsed=3345s
progress: nodes=68,540,000,000 tested=64 found=0 n=42436267160939772578073 elapsed=3346s
progress: nodes=68,550,000,000 tested=64 found=0 n=49629570639789831186573 elapsed=3346s
progress: nodes=68,560,000,000 tested=64 found=0 n=28240903240365513881799 elapsed=3347s
progress: nodes=68,570,000,000 tested=64 found=0 n=66118074408145324589409 elapsed=3347s
progress: nodes=68,580,000,000 tested=64 found=0 n=35589141807627043646703 elapsed=3348s
progress: nodes=68,590,000,000 tested=64 found=0 n=75132802360865938628709 elapsed=3348s
progress: nodes=68,600,000,000 tested=64 found=0 n=58256520265879180018389 elapsed=3349s
progress: nodes=68,610,000,000 tested=64 found=0 n=19380447000089125783371 elapsed=3349s
progress: nodes=68,620,000,000 tested=64 found=0 n=33986661156323044759359 elapsed=3350s
progress: nodes=68,630,000,000 tested=64 found=0 n=54912403264087231610517 elapsed=3350s
progress: nodes=68,640,000,000 tested=64 found=0 n=36620119701676498040361 elapsed=3351s
progress: nodes=68,650,000,000 tested=64 found=0 n=73275046696250049837879 elapsed=3351s
progress: nodes=68,660,000,000 tested=64 found=0 n=45833169173483407045869 elapsed=3352s
progress: nodes=68,670,000,000 tested=64 found=0 n=53460563477886374097519 elapsed=3352s
progress: nodes=68,680,000,000 tested=64 found=0 n=69627542112577262677941 elapsed=3353s
progress: nodes=68,690,000,000 tested=64 found=0 n=57027970173564828360153 elapsed=3353s
progress: nodes=68,700,000,000 tested=64 found=0 n=49988597440668834610971 elapsed=3354s
progress: nodes=68,710,000,000 tested=64 found=0 n=28399790835268575438177 elapsed=3354s
progress: nodes=68,720,000,000 tested=64 found=0 n=36338733646984827428139 elapsed=3355s
progress: nodes=68,730,000,000 tested=64 found=0 n=53322472232429535313101 elapsed=3355s
progress: nodes=68,740,000,000 tested=64 found=0 n=41893524847148694945687 elapsed=3356s
progress: nodes=68,750,000,000 tested=64 found=0 n=69060421514777438750697 elapsed=3356s
progress: nodes=68,760,000,000 tested=64 found=0 n=49813636173132777969177 elapsed=3357s
progress: nodes=68,770,000,000 tested=64 found=0 n=27937891411392157846497 elapsed=3357s
progress: nodes=68,780,000,000 tested=64 found=0 n=28226333839485384000783 elapsed=3358s
progress: nodes=68,790,000,000 tested=64 found=0 n=29177054626240590124671 elapsed=3358s
progress: nodes=68,800,000,000 tested=64 found=0 n=53772497111335758905457 elapsed=3359s
progress: nodes=68,810,000,000 tested=64 found=0 n=33288312471520413599523 elapsed=3359s
progress: nodes=68,820,000,000 tested=64 found=0 n=52248383706469580007147 elapsed=3360s
progress: nodes=68,830,000,000 tested=64 found=0 n=60890731411140822127167 elapsed=3360s
progress: nodes=68,840,000,000 tested=64 found=0 n=39493955593180144390257 elapsed=3361s
progress: nodes=68,850,000,000 tested=64 found=0 n=59626195898789985351579 elapsed=3361s
progress: nodes=68,860,000,000 tested=64 found=0 n=63047960417801452597119 elapsed=3362s
progress: nodes=68,870,000,000 tested=64 found=0 n=66686051793754126212633 elapsed=3362s
progress: nodes=68,880,000,000 tested=64 found=0 n=69358461316919056040913 elapsed=3363s
progress: nodes=68,890,000,000 tested=64 found=0 n=63234525279398081275359 elapsed=3363s
progress: nodes=68,900,000,000 tested=64 found=0 n=54656450004506036895747 elapsed=3364s
progress: nodes=68,910,000,000 tested=64 found=0 n=64888688529716136517971 elapsed=3364s
progress: nodes=68,920,000,000 tested=64 found=0 n=74651822125717580445933 elapsed=3365s
progress: nodes=68,930,000,000 tested=64 found=0 n=433369862313709070521233 elapsed=3365s
progress: nodes=68,940,000,000 tested=64 found=0 n=88161204218626016008839 elapsed=3366s
progress: nodes=68,950,000,000 tested=64 found=0 n=736650083128106360838933 elapsed=3366s
progress: nodes=68,960,000,000 tested=64 found=0 n=393419880010394438286393 elapsed=3367s
progress: nodes=68,970,000,000 tested=64 found=0 n=78999651288872477806797 elapsed=3367s
progress: nodes=68,980,000,000 tested=64 found=0 n=754695379688344552042893 elapsed=3368s
progress: nodes=68,990,000,000 tested=64 found=0 n=437978686398964628628249 elapsed=3368s
progress: nodes=69,000,000,000 tested=64 found=0 n=146825376721583091440139 elapsed=3368s
progress: nodes=69,010,000,000 tested=64 found=0 n=862035895549820849352957 elapsed=3369s
progress: nodes=69,020,000,000 tested=64 found=0 n=569687589956100451538241 elapsed=3369s
progress: nodes=69,030,000,000 tested=64 found=0 n=292448536664735120450319 elapsed=3370s
progress: nodes=69,040,000,000 tested=64 found=0 n=39505382649999168385329 elapsed=3370s
progress: nodes=69,050,000,000 tested=64 found=0 n=768686567967348295167441 elapsed=3371s
progress: nodes=69,060,000,000 tested=64 found=0 n=510907308267163624079571 elapsed=3371s
progress: nodes=69,070,000,000 tested=64 found=0 n=271093890563249049248337 elapsed=3372s
progress: nodes=69,080,000,000 tested=64 found=0 n=158756992728999572865573 elapsed=3372s
progress: nodes=69,090,000,000 tested=64 found=0 n=549009717012118576328499 elapsed=3373s
progress: nodes=69,100,000,000 tested=64 found=0 n=809364923274231392133681 elapsed=3373s
progress: nodes=69,110,000,000 tested=64 found=0 n=79867709142845183954163 elapsed=3374s
progress: nodes=69,120,000,000 tested=64 found=0 n=698780554764553505504799 elapsed=3374s
progress: nodes=69,130,000,000 tested=64 found=0 n=393359326510396446642519 elapsed=3375s
progress: nodes=69,140,000,000 tested=64 found=0 n=54360636894569597344137 elapsed=3375s
progress: nodes=69,150,000,000 tested=64 found=0 n=311694455978184060522279 elapsed=3376s
progress: nodes=69,160,000,000 tested=64 found=0 n=567189925412447079619569 elapsed=3376s
progress: nodes=69,170,000,000 tested=64 found=0 n=165106523928156830083449 elapsed=3377s
progress: nodes=69,180,000,000 tested=64 found=0 n=296762170829512639643469 elapsed=3377s
progress: nodes=69,190,000,000 tested=64 found=0 n=66962180265900257659167 elapsed=3378s
progress: nodes=69,200,000,000 tested=64 found=0 n=9448757536584582596457 elapsed=3378s
progress: nodes=69,210,000,000 tested=64 found=0 n=82991454084680576857191 elapsed=3379s
progress: nodes=69,220,000,000 tested=64 found=0 n=292672918911581613961479 elapsed=3379s
progress: nodes=69,230,000,000 tested=64 found=0 n=292073983121547894170673 elapsed=3379s
progress: nodes=69,240,000,000 tested=64 found=0 n=177308260400889838620477 elapsed=3380s
progress: nodes=69,250,000,000 tested=64 found=0 n=200666234894037950518173 elapsed=3381s
progress: nodes=69,260,000,000 tested=64 found=0 n=114934729876479958515147 elapsed=3381s
progress: nodes=69,270,000,000 tested=64 found=0 n=25752628505893586988537 elapsed=3382s
progress: nodes=69,280,000,000 tested=64 found=0 n=83445733742494907544453 elapsed=3382s
progress: nodes=69,290,000,000 tested=64 found=0 n=107342573355036587266083 elapsed=3382s
progress: nodes=69,300,000,000 tested=64 found=0 n=115284973191998453971281 elapsed=3383s
progress: nodes=69,310,000,000 tested=64 found=0 n=142865585349476061974517 elapsed=3383s
progress: nodes=69,320,000,000 tested=64 found=0 n=213134719430992435016787 elapsed=3384s
progress: nodes=69,330,000,000 tested=64 found=0 n=160865554465349027815059 elapsed=3384s
progress: nodes=69,340,000,000 tested=64 found=0 n=192753795135091602423627 elapsed=3385s
progress: nodes=69,350,000,000 tested=64 found=0 n=148004960017051848736179 elapsed=3385s
progress: nodes=69,360,000,000 tested=64 found=0 n=60950661956560385400699 elapsed=3386s
progress: nodes=69,370,000,000 tested=64 found=0 n=134433549104517164088279 elapsed=3386s
progress: nodes=69,380,000,000 tested=64 found=0 n=31983197516837809685289 elapsed=3387s
progress: nodes=69,390,000,000 tested=64 found=0 n=137098540988825645949489 elapsed=3387s
progress: nodes=69,400,000,000 tested=64 found=0 n=10061832003853377969837 elapsed=3388s
progress: nodes=69,410,000,000 tested=64 found=0 n=81435145115703149795871 elapsed=3388s
progress: nodes=69,420,000,000 tested=64 found=0 n=77342125984686787585977 elapsed=3389s
progress: nodes=69,430,000,000 tested=64 found=0 n=40615646749714105070463 elapsed=3389s
progress: nodes=69,440,000,000 tested=64 found=0 n=11478008654715595524147 elapsed=3390s
progress: nodes=69,450,000,000 tested=64 found=0 n=26359325455803941233017 elapsed=3390s
progress: nodes=69,460,000,000 tested=64 found=0 n=69292531293459100358193 elapsed=3391s
progress: nodes=69,470,000,000 tested=64 found=0 n=64025107938717485630301 elapsed=3391s
progress: nodes=69,480,000,000 tested=64 found=0 n=55739943418826396951991 elapsed=3392s
progress: nodes=69,490,000,000 tested=64 found=0 n=23594004427088017717641 elapsed=3392s
progress: nodes=69,500,000,000 tested=64 found=0 n=83026839056352486365763 elapsed=3393s
progress: nodes=69,510,000,000 tested=64 found=0 n=95136355349615488805127 elapsed=3393s
progress: nodes=69,520,000,000 tested=64 found=0 n=85888280060530352665029 elapsed=3394s
progress: nodes=69,530,000,000 tested=64 found=0 n=54349453424174010540669 elapsed=3394s
progress: nodes=69,540,000,000 tested=64 found=0 n=56068626536153222550867 elapsed=3395s
progress: nodes=69,550,000,000 tested=64 found=0 n=55787728678988233171167 elapsed=3395s
progress: nodes=69,560,000,000 tested=64 found=0 n=47710850698578782641311 elapsed=3396s
progress: nodes=69,570,000,000 tested=64 found=0 n=55633380225658486317297 elapsed=3396s
progress: nodes=69,580,000,000 tested=64 found=0 n=15909618237703212539979 elapsed=3397s
progress: nodes=69,590,000,000 tested=64 found=0 n=14956265857636085315949 elapsed=3397s
progress: nodes=69,600,000,000 tested=64 found=0 n=24118139663336171612313 elapsed=3398s
progress: nodes=69,610,000,000 tested=64 found=0 n=22466364979438892678859 elapsed=3398s
progress: nodes=69,620,000,000 tested=64 found=0 n=39433871747866830610761 elapsed=3399s
progress: nodes=69,630,000,000 tested=64 found=0 n=44112165849461513989647 elapsed=3399s
progress: nodes=69,640,000,000 tested=64 found=0 n=16339074255849836637531 elapsed=3400s
progress: nodes=69,650,000,000 tested=64 found=0 n=45719261649391812774831 elapsed=3400s
progress: nodes=69,660,000,000 tested=64 found=0 n=62119299410659510642161 elapsed=3401s
progress: nodes=69,670,000,000 tested=64 found=0 n=39322708287201440610201 elapsed=3401s
progress: nodes=69,680,000,000 tested=64 found=0 n=25874281447650890684199 elapsed=3402s
progress: nodes=69,690,000,000 tested=64 found=0 n=50774289112414399247793 elapsed=3402s
progress: nodes=69,700,000,000 tested=64 found=0 n=54129891049071763400937 elapsed=3403s
progress: nodes=69,710,000,000 tested=64 found=0 n=57905926370498598729183 elapsed=3403s
progress: nodes=69,720,000,000 tested=64 found=0 n=31041428400363338719839 elapsed=3404s
progress: nodes=69,730,000,000 tested=64 found=0 n=49835598843906313328583 elapsed=3404s
progress: nodes=69,740,000,000 tested=64 found=0 n=24654230387491401116343 elapsed=3405s
progress: nodes=69,750,000,000 tested=64 found=0 n=36433930870598068879533 elapsed=3405s
progress: nodes=69,760,000,000 tested=64 found=0 n=48792312401519835156393 elapsed=3406s
progress: nodes=69,770,000,000 tested=64 found=0 n=40931550518985265134303 elapsed=3406s
progress: nodes=69,780,000,000 tested=64 found=0 n=27656634048925395965913 elapsed=3407s
progress: nodes=69,790,000,000 tested=64 found=0 n=30605565170189996249571 elapsed=3407s
progress: nodes=69,800,000,000 tested=64 found=0 n=45338420508401341866699 elapsed=3408s
progress: nodes=69,810,000,000 tested=64 found=0 n=52115580032566798094193 elapsed=3408s
progress: nodes=69,820,000,000 tested=64 found=0 n=38294848213216675603677 elapsed=3409s
progress: nodes=69,830,000,000 tested=64 found=0 n=38202246670800731773023 elapsed=3409s
progress: nodes=69,840,000,000 tested=64 found=0 n=48725418996767978801721 elapsed=3410s
progress: nodes=69,850,000,000 tested=64 found=0 n=54571940359283801297151 elapsed=3410s
progress: nodes=69,860,000,000 tested=64 found=0 n=50376872365011667489707 elapsed=3411s
progress: nodes=69,870,000,000 tested=64 found=0 n=906157124053424948239227 elapsed=3411s
progress: nodes=69,880,000,000 tested=64 found=0 n=417147034642733606423751 elapsed=3412s
progress: nodes=69,890,000,000 tested=64 found=0 n=970100825439495900398787 elapsed=3412s
progress: nodes=69,900,000,000 tested=64 found=0 n=499507771793908025735433 elapsed=3413s
progress: nodes=69,910,000,000 tested=64 found=0 n=71371341554279585993559 elapsed=3413s
progress: nodes=69,920,000,000 tested=64 found=0 n=627766544665541376390141 elapsed=3414s
progress: nodes=69,930,000,000 tested=64 found=0 n=205140038440338008135667 elapsed=3414s
progress: nodes=69,940,000,000 tested=64 found=0 n=795490576961420758244211 elapsed=3415s
progress: nodes=69,950,000,000 tested=64 found=0 n=380475143083541465057637 elapsed=3415s
progress: nodes=69,960,000,000 tested=64 found=0 n=8382472963892833062411 elapsed=3415s
progress: nodes=69,970,000,000 tested=64 found=0 n=597644229958280548374177 elapsed=3416s
progress: nodes=69,980,000,000 tested=64 found=0 n=222519102971563322793099 elapsed=3416s
progress: nodes=69,990,000,000 tested=64 found=0 n=864592130905064577900423 elapsed=3417s
progress: nodes=70,000,000,000 tested=64 found=0 n=493350593629035537384759 elapsed=3417s
progress: nodes=70,010,000,000 tested=64 found=0 n=365811746318690240758959 elapsed=3418s
progress: nodes=70,020,000,000 tested=64 found=0 n=88564834496603819726757 elapsed=3418s
progress: nodes=70,030,000,000 tested=64 found=0 n=464124715934460583579731 elapsed=3419s
progress: nodes=70,040,000,000 tested=64 found=0 n=637907220442887109747263 elapsed=3419s
progress: nodes=70,050,000,000 tested=64 found=0 n=593700255142051290307767 elapsed=3420s
progress: nodes=70,060,000,000 tested=64 found=0 n=571352858821464754978251 elapsed=3420s
progress: nodes=70,070,000,000 tested=64 found=0 n=480827260509961806831159 elapsed=3421s
progress: nodes=70,080,000,000 tested=64 found=0 n=173990274313858671021507 elapsed=3421s
progress: nodes=70,090,000,000 tested=64 found=0 n=388122303728372827744053 elapsed=3422s
progress: nodes=70,100,000,000 tested=64 found=0 n=132545524892781328353333 elapsed=3422s
progress: nodes=70,110,000,000 tested=64 found=0 n=16478963581697950583943 elapsed=3423s
progress: nodes=70,120,000,000 tested=64 found=0 n=65695168182913782241113 elapsed=3423s
progress: nodes=70,130,000,000 tested=64 found=0 n=230734016971329657472533 elapsed=3424s
progress: nodes=70,140,000,000 tested=64 found=0 n=101219083767845021034441 elapsed=3424s
progress: nodes=70,150,000,000 tested=64 found=0 n=147914357777660210268609 elapsed=3425s
progress: nodes=70,160,000,000 tested=64 found=0 n=11164199176733972113899 elapsed=3425s
progress: nodes=70,170,000,000 tested=64 found=0 n=11602840153202089137423 elapsed=3426s
progress: nodes=70,180,000,000 tested=64 found=0 n=257211321431374056795741 elapsed=3426s
progress: nodes=70,190,000,000 tested=64 found=0 n=146980799386028362915083 elapsed=3427s
progress: nodes=70,200,000,000 tested=64 found=0 n=18293067692018581783167 elapsed=3427s
progress: nodes=70,210,000,000 tested=64 found=0 n=199755328125743906027589 elapsed=3428s
progress: nodes=70,220,000,000 tested=64 found=0 n=88627530595496311194237 elapsed=3428s
progress: nodes=70,230,000,000 tested=64 found=0 n=49005725753782698939423 elapsed=3429s
progress: nodes=70,240,000,000 tested=64 found=0 n=56770924866961592719971 elapsed=3429s
progress: nodes=70,250,000,000 tested=64 found=0 n=102269065495892696151597 elapsed=3430s
progress: nodes=70,260,000,000 tested=64 found=0 n=32959190458044600114519 elapsed=3430s
progress: nodes=70,270,000,000 tested=64 found=0 n=71702374503502263226167 elapsed=3431s
progress: nodes=70,280,000,000 tested=64 found=0 n=71722927619685944942571 elapsed=3431s
progress: nodes=70,290,000,000 tested=64 found=0 n=67545031488986411762787 elapsed=3432s
progress: nodes=70,300,000,000 tested=64 found=0 n=64815102332510836744053 elapsed=3432s
progress: nodes=70,310,000,000 tested=64 found=0 n=98417046661343525392893 elapsed=3433s
progress: nodes=70,320,000,000 tested=64 found=0 n=39119140036265009830263 elapsed=3433s
progress: nodes=70,330,000,000 tested=64 found=0 n=51422434119939562233939 elapsed=3433s
progress: nodes=70,340,000,000 tested=64 found=0 n=66191507666714653584669 elapsed=3434s
progress: nodes=70,350,000,000 tested=64 found=0 n=60725047519215739765413 elapsed=3434s
progress: nodes=70,360,000,000 tested=64 found=0 n=46030840028414047837107 elapsed=3435s
progress: nodes=70,370,000,000 tested=64 found=0 n=56196096144928804525923 elapsed=3435s
progress: nodes=70,380,000,000 tested=64 found=0 n=15094990265697794625327 elapsed=3436s
progress: nodes=70,390,000,000 tested=64 found=0 n=67467318653529213639759 elapsed=3436s
progress: nodes=70,400,000,000 tested=64 found=0 n=94928110757113122209259 elapsed=3437s
progress: nodes=70,410,000,000 tested=64 found=0 n=53877304137616142337693 elapsed=3437s
progress: nodes=70,420,000,000 tested=64 found=0 n=59119955901240544567719 elapsed=3438s
progress: nodes=70,430,000,000 tested=64 found=0 n=88937740565588439656901 elapsed=3438s
progress: nodes=70,440,000,000 tested=64 found=0 n=20069241177140582494221 elapsed=3439s
progress: nodes=70,450,000,000 tested=64 found=0 n=58161040828688432647089 elapsed=3439s
progress: nodes=70,460,000,000 tested=64 found=0 n=46240770705695925069249 elapsed=3440s
progress: nodes=70,470,000,000 tested=64 found=0 n=21828998438959169569419 elapsed=3440s
progress: nodes=70,480,000,000 tested=64 found=0 n=36991604051134672594347 elapsed=3441s
progress: nodes=70,490,000,000 tested=64 found=0 n=23576609911135110191901 elapsed=3441s
progress: nodes=70,500,000,000 tested=64 found=0 n=66923307920311301954187 elapsed=3442s
progress: nodes=70,510,000,000 tested=64 found=0 n=40758299236372630636647 elapsed=3442s
progress: nodes=70,520,000,000 tested=64 found=0 n=38709492380258342786451 elapsed=3443s
progress: nodes=70,530,000,000 tested=64 found=0 n=46059201149931029435067 elapsed=3443s
progress: nodes=70,540,000,000 tested=64 found=0 n=35846052404740526449809 elapsed=3444s
progress: nodes=70,550,000,000 tested=64 found=0 n=50485633647301421249373 elapsed=3444s
progress: nodes=70,560,000,000 tested=64 found=0 n=59528217857532068537739 elapsed=3445s
progress: nodes=70,570,000,000 tested=64 found=0 n=40634616844697624318493 elapsed=3445s
progress: nodes=70,580,000,000 tested=64 found=0 n=50030646793681803710769 elapsed=3446s
progress: nodes=70,590,000,000 tested=64 found=0 n=26293440427414032742947 elapsed=3446s
progress: nodes=70,600,000,000 tested=64 found=0 n=34191682553656713755439 elapsed=3447s
progress: nodes=70,610,000,000 tested=64 found=0 n=37154098414034917270263 elapsed=3447s
progress: nodes=70,620,000,000 tested=64 found=0 n=24933298070502837124263 elapsed=3448s
progress: nodes=70,630,000,000 tested=64 found=0 n=27702148226816769637239 elapsed=3448s
progress: nodes=70,640,000,000 tested=64 found=0 n=53989937716950471205431 elapsed=3449s
progress: nodes=70,650,000,000 tested=64 found=0 n=26853715698840884657727 elapsed=3449s
progress: nodes=70,660,000,000 tested=64 found=0 n=25532101199620184962023 elapsed=3450s
progress: nodes=70,670,000,000 tested=64 found=0 n=46046861236041782163201 elapsed=3450s
progress: nodes=70,680,000,000 tested=64 found=0 n=26257379521954027785723 elapsed=3451s
progress: nodes=70,690,000,000 tested=64 found=0 n=40775803904397037631463 elapsed=3451s
progress: nodes=70,700,000,000 tested=64 found=0 n=41725725076683650799027 elapsed=3452s
progress: nodes=70,710,000,000 tested=64 found=0 n=50565809846380398875613 elapsed=3452s
progress: nodes=70,720,000,000 tested=64 found=0 n=35327576325809103920199 elapsed=3453s
progress: nodes=70,730,000,000 tested=64 found=0 n=47346272933941201091949 elapsed=3453s
progress: nodes=70,740,000,000 tested=64 found=0 n=42904645317675520104033 elapsed=3454s
progress: nodes=70,750,000,000 tested=64 found=0 n=54362100033932592630267 elapsed=3454s
progress: nodes=70,760,000,000 tested=64 found=0 n=45389384036527586377707 elapsed=3455s
progress: nodes=70,770,000,000 tested=64 found=0 n=51197299812593166673287 elapsed=3455s
progress: nodes=70,780,000,000 tested=64 found=0 n=477551498283140730033123 elapsed=3456s
progress: nodes=70,790,000,000 tested=64 found=0 n=780263089922192707361223 elapsed=3456s
progress: nodes=70,800,000,000 tested=64 found=0 n=87935608057312944768609 elapsed=3457s
progress: nodes=70,810,000,000 tested=64 found=0 n=390562258172846524797879 elapsed=3457s
progress: nodes=70,820,000,000 tested=64 found=0 n=717233468466841636005927 elapsed=3457s
progress: nodes=70,830,000,000 tested=64 found=0 n=54869778018644705678331 elapsed=3458s
progress: nodes=70,840,000,000 tested=64 found=0 n=377106148129422400183341 elapsed=3458s
progress: nodes=70,850,000,000 tested=64 found=0 n=730173322466071597291563 elapsed=3459s
progress: nodes=70,860,000,000 tested=64 found=0 n=88390392016079156685759 elapsed=3459s
progress: nodes=70,870,000,000 tested=64 found=0 n=439506065890425811112451 elapsed=3460s
progress: nodes=70,880,000,000 tested=64 found=0 n=822306910583093272207101 elapsed=3460s
progress: nodes=70,890,000,000 tested=64 found=0 n=197708846452341054729129 elapsed=3461s
progress: nodes=70,900,000,000 tested=64 found=0 n=588098625492306930427503 elapsed=3461s
progress: nodes=70,910,000,000 tested=64 found=0 n=11174376802743843764229 elapsed=3461s
progress: nodes=70,920,000,000 tested=64 found=0 n=541488114314646184824831 elapsed=3462s
progress: nodes=70,930,000,000 tested=64 found=0 n=661129348995494577158499 elapsed=3462s
progress: nodes=70,940,000,000 tested=64 found=0 n=400164707798183016482409 elapsed=3463s
progress: nodes=70,950,000,000 tested=64 found=0 n=77013441070282409278509 elapsed=3463s
progress: nodes=70,960,000,000 tested=64 found=0 n=348924515406732370022841 elapsed=3464s
progress: nodes=70,970,000,000 tested=64 found=0 n=353724700024190829730473 elapsed=3464s
progress: nodes=70,980,000,000 tested=64 found=0 n=344287548340404007979871 elapsed=3465s
progress: nodes=70,990,000,000 tested=64 found=0 n=427457180101692010394817 elapsed=3465s
progress: nodes=71,000,000,000 tested=64 found=0 n=106650102604017224790153 elapsed=3466s
progress: nodes=71,010,000,000 tested=64 found=0 n=306504910086653252290239 elapsed=3466s
progress: nodes=71,020,000,000 tested=64 found=0 n=364759933174433511777909 elapsed=3467s
progress: nodes=71,030,000,000 tested=64 found=0 n=114711847370385304823091 elapsed=3467s
progress: nodes=71,040,000,000 tested=64 found=0 n=151060174513344048299193 elapsed=3468s
progress: nodes=71,050,000,000 tested=64 found=0 n=364358901657545389889217 elapsed=3468s
progress: nodes=71,060,000,000 tested=64 found=0 n=340756970898451987539891 elapsed=3468s
progress: nodes=71,070,000,000 tested=64 found=0 n=256912534370503665389043 elapsed=3469s
progress: nodes=71,080,000,000 tested=64 found=0 n=50438097458817054716961 elapsed=3469s
progress: nodes=71,090,000,000 tested=64 found=0 n=124792648173787380464601 elapsed=3470s
progress: nodes=71,100,000,000 tested=64 found=0 n=188699130477372572116983 elapsed=3470s
progress: nodes=71,110,000,000 tested=64 found=0 n=142719196593601865688759 elapsed=3471s
progress: nodes=71,120,000,000 tested=64 found=0 n=128822749197906217691853 elapsed=3471s
progress: nodes=71,130,000,000 tested=64 found=0 n=213665256612228702843639 elapsed=3472s
progress: nodes=71,140,000,000 tested=64 found=0 n=131442145082586610141023 elapsed=3472s
progress: nodes=71,150,000,000 tested=64 found=0 n=158127661284785388054243 elapsed=3473s
progress: nodes=71,160,000,000 tested=64 found=0 n=69802194069750701837817 elapsed=3473s
progress: nodes=71,170,000,000 tested=64 found=0 n=166660441187236207027047 elapsed=3474s
progress: nodes=71,180,000,000 tested=64 found=0 n=78819440117641131781719 elapsed=3474s
progress: nodes=71,190,000,000 tested=64 found=0 n=167558620654683837611109 elapsed=3475s
progress: nodes=71,200,000,000 tested=64 found=0 n=130616234861008794440697 elapsed=3475s
progress: nodes=71,210,000,000 tested=64 found=0 n=109233485131700637093771 elapsed=3476s
progress: nodes=71,220,000,000 tested=64 found=0 n=10427811843638606433093 elapsed=3476s
progress: nodes=71,230,000,000 tested=64 found=0 n=133061174658222337785951 elapsed=3476s
progress: nodes=71,240,000,000 tested=64 found=0 n=116490603126502600222689 elapsed=3477s
progress: nodes=71,250,000,000 tested=64 found=0 n=109356038183081176993737 elapsed=3477s
progress: nodes=71,260,000,000 tested=64 found=0 n=29271947970435756732531 elapsed=3478s
progress: nodes=71,270,000,000 tested=64 found=0 n=11114854362569297203479 elapsed=3478s
progress: nodes=71,280,000,000 tested=64 found=0 n=100095496446023945080137 elapsed=3479s
progress: nodes=71,290,000,000 tested=64 found=0 n=74811564663252094690551 elapsed=3479s
progress: nodes=71,300,000,000 tested=64 found=0 n=54113580578058433294401 elapsed=3480s
progress: nodes=71,310,000,000 tested=64 found=0 n=84622574979701607807189 elapsed=3480s
progress: nodes=71,320,000,000 tested=64 found=0 n=29456662385005293111597 elapsed=3481s
progress: nodes=71,330,000,000 tested=64 found=0 n=53758685859775892006319 elapsed=3481s
progress: nodes=71,340,000,000 tested=64 found=0 n=44074517750369136547209 elapsed=3482s
progress: nodes=71,350,000,000 tested=64 found=0 n=74381783768495163952299 elapsed=3482s
progress: nodes=71,360,000,000 tested=64 found=0 n=16477133511236046435171 elapsed=3483s
progress: nodes=71,370,000,000 tested=64 found=0 n=62246713111051668881913 elapsed=3483s
progress: nodes=71,380,000,000 tested=64 found=0 n=17608208420341274258061 elapsed=3484s
progress: nodes=71,390,000,000 tested=64 found=0 n=45760249214863307321967 elapsed=3484s
progress: nodes=71,400,000,000 tested=64 found=0 n=14851734390590597100909 elapsed=3484s
progress: nodes=71,410,000,000 tested=64 found=0 n=43439131190079149413581 elapsed=3485s
progress: nodes=71,420,000,000 tested=64 found=0 n=47343284634245979338883 elapsed=3485s
progress: nodes=71,430,000,000 tested=64 found=0 n=34426995518278482693651 elapsed=3486s
progress: nodes=71,440,000,000 tested=64 found=0 n=49461087156600318909633 elapsed=3486s
progress: nodes=71,450,000,000 tested=64 found=0 n=36187837850833693273557 elapsed=3487s
progress: nodes=71,460,000,000 tested=64 found=0 n=33569036780756924282913 elapsed=3487s
progress: nodes=71,470,000,000 tested=64 found=0 n=28773759647239152047271 elapsed=3488s
progress: nodes=71,480,000,000 tested=64 found=0 n=21653248716743090375313 elapsed=3488s
progress: nodes=71,490,000,000 tested=64 found=0 n=18058024714610673477531 elapsed=3489s
progress: nodes=71,500,000,000 tested=64 found=0 n=37427234393597679269793 elapsed=3489s
progress: nodes=71,510,000,000 tested=64 found=0 n=24884358101395410485637 elapsed=3490s
progress: nodes=71,520,000,000 tested=64 found=0 n=30636501325897399418871 elapsed=3490s
progress: nodes=71,530,000,000 tested=64 found=0 n=45631654038863999775207 elapsed=3491s
progress: nodes=71,540,000,000 tested=64 found=0 n=48223502251732652161779 elapsed=3491s
progress: nodes=71,550,000,000 tested=64 found=0 n=41031979249167557995113 elapsed=3492s
progress: nodes=71,560,000,000 tested=64 found=0 n=29054860696367652208293 elapsed=3492s
progress: nodes=71,570,000,000 tested=64 found=0 n=42125900477563468441953 elapsed=3493s
progress: nodes=71,580,000,000 tested=64 found=0 n=39144056844407208276429 elapsed=3493s
progress: nodes=71,590,000,000 tested=64 found=0 n=35284449686836999553289 elapsed=3494s
progress: nodes=71,600,000,000 tested=64 found=0 n=27503318911798602757269 elapsed=3494s
progress: nodes=71,610,000,000 tested=64 found=0 n=47778352312865539601313 elapsed=3495s
progress: nodes=71,620,000,000 tested=64 found=0 n=47546876179263745656603 elapsed=3495s
progress: nodes=71,630,000,000 tested=64 found=0 n=38768144355016297617627 elapsed=3496s
progress: nodes=71,640,000,000 tested=64 found=0 n=43890572845010886611463 elapsed=3496s
progress: nodes=71,650,000,000 tested=64 found=0 n=54004109768619075202599 elapsed=3497s
progress: nodes=71,660,000,000 tested=64 found=0 n=56581055629094155317543 elapsed=3497s
progress: nodes=71,670,000,000 tested=64 found=0 n=668204292070970148346083 elapsed=3498s
progress: nodes=71,680,000,000 tested=64 found=0 n=700906333171779808980291 elapsed=3498s
progress: nodes=71,690,000,000 tested=64 found=0 n=741690525613002940072791 elapsed=3498s
progress: nodes=71,700,000,000 tested=64 found=0 n=791949780380452894644213 elapsed=3499s
progress: nodes=71,710,000,000 tested=64 found=0 n=850488384611511592224201 elapsed=3499s
progress: nodes=71,720,000,000 tested=64 found=0 n=919350304429316249150199 elapsed=3500s
progress: nodes=71,730,000,000 tested=64 found=0 n=999173852308326662162811 elapsed=3500s
progress: nodes=71,740,000,000 tested=64 found=0 n=80848916050616663361489 elapsed=3501s
progress: nodes=71,750,000,000 tested=64 found=0 n=173708869001643996737409 elapsed=3501s
progress: nodes=71,760,000,000 tested=64 found=0 n=278131332936417822110403 elapsed=3502s
progress: nodes=71,770,000,000 tested=64 found=0 n=393684116485804031625507 elapsed=3502s
progress: nodes=71,780,000,000 tested=64 found=0 n=519711131180165944467987 elapsed=3503s
progress: nodes=71,790,000,000 tested=64 found=0 n=814194039001198824523863 elapsed=3503s
progress: nodes=71,800,000,000 tested=64 found=0 n=763593709789259898198111 elapsed=3503s
progress: nodes=71,810,000,000 tested=64 found=0 n=374640674624633727333639 elapsed=3504s
progress: nodes=71,820,000,000 tested=64 found=0 n=737245413010582242334029 elapsed=3504s
progress: nodes=71,830,000,000 tested=64 found=0 n=220943339928884903984577 elapsed=3505s
progress: nodes=71,840,000,000 tested=64 found=0 n=516531670022847335708313 elapsed=3505s
progress: nodes=71,850,000,000 tested=64 found=0 n=114086250631764105461613 elapsed=3506s
progress: nodes=71,860,000,000 tested=64 found=0 n=202545865929743944929783 elapsed=3506s
progress: nodes=71,870,000,000 tested=64 found=0 n=310674177897317702661501 elapsed=3507s
progress: nodes=71,880,000,000 tested=64 found=0 n=13458677083392652122627 elapsed=3507s
progress: nodes=71,890,000,000 tested=64 found=0 n=243126893480648127518799 elapsed=3508s
progress: nodes=71,900,000,000 tested=64 found=0 n=199903962363098453535537 elapsed=3508s
progress: nodes=71,910,000,000 tested=64 found=0 n=313926761385621363829311 elapsed=3509s
progress: nodes=71,920,000,000 tested=64 found=0 n=38573966769994606600881 elapsed=3509s
progress: nodes=71,930,000,000 tested=64 found=0 n=323465838487214432035257 elapsed=3510s
progress: nodes=71,940,000,000 tested=64 found=0 n=147461425673242099340691 elapsed=3510s
progress: nodes=71,950,000,000 tested=64 found=0 n=254788991719426753940043 elapsed=3510s
progress: nodes=71,960,000,000 tested=64 found=0 n=91289537134323186220947 elapsed=3511s
progress: nodes=71,970,000,000 tested=64 found=0 n=207487621868261796468099 elapsed=3511s
progress: nodes=71,980,000,000 tested=64 found=0 n=80821319508487192156137 elapsed=3512s
progress: nodes=71,990,000,000 tested=64 found=0 n=114335832338812177426179 elapsed=3512s
progress: nodes=72,000,000,000 tested=64 found=0 n=176161603136783333210757 elapsed=3513s
progress: nodes=72,010,000,000 tested=64 found=0 n=194040646783660789047243 elapsed=3513s
progress: nodes=72,020,000,000 tested=64 found=0 n=182441785568340757901211 elapsed=3514s
progress: nodes=72,030,000,000 tested=64 found=0 n=17008394977016725126383 elapsed=3514s
progress: nodes=72,040,000,000 tested=64 found=0 n=65048747533641466895223 elapsed=3515s
progress: nodes=72,050,000,000 tested=64 found=0 n=115960224816946562041143 elapsed=3515s
progress: nodes=72,060,000,000 tested=64 found=0 n=101068443519027888866193 elapsed=3516s
progress: nodes=72,070,000,000 tested=64 found=0 n=48583851572603683614663 elapsed=3516s
progress: nodes=72,080,000,000 tested=64 found=0 n=96275395773242392394457 elapsed=3517s
progress: nodes=72,090,000,000 tested=64 found=0 n=47318664293811004955553 elapsed=3517s
progress: nodes=72,100,000,000 tested=64 found=0 n=54360951482632632371919 elapsed=3518s
progress: nodes=72,110,000,000 tested=64 found=0 n=8677806434672817900843 elapsed=3518s
progress: nodes=72,120,000,000 tested=64 found=0 n=15652778856421398490953 elapsed=3518s
progress: nodes=72,130,000,000 tested=64 found=0 n=12587357756645884900611 elapsed=3519s
progress: nodes=72,140,000,000 tested=64 found=0 n=39045923464038275028321 elapsed=3519s
progress: nodes=72,150,000,000 tested=64 found=0 n=23658912338039888818293 elapsed=3520s
progress: nodes=72,160,000,000 tested=64 found=0 n=84215037898811694588021 elapsed=3520s
progress: nodes=72,170,000,000 tested=64 found=0 n=10382669734134856966731 elapsed=3521s
progress: nodes=72,180,000,000 tested=64 found=0 n=51830122291922187968139 elapsed=3521s
progress: nodes=72,190,000,000 tested=64 found=0 n=63715696605318382644789 elapsed=3522s
progress: nodes=72,200,000,000 tested=64 found=0 n=33141824081186763897801 elapsed=3522s
progress: nodes=72,210,000,000 tested=64 found=0 n=49713105559520661276249 elapsed=3523s
progress: nodes=72,220,000,000 tested=64 found=0 n=12153025860622691551353 elapsed=3523s
progress: nodes=72,230,000,000 tested=64 found=0 n=45956035291340631233007 elapsed=3524s
progress: nodes=72,240,000,000 tested=64 found=0 n=60554292238787633227557 elapsed=3524s
progress: nodes=72,250,000,000 tested=64 found=0 n=41802053011632194956983 elapsed=3525s
progress: nodes=72,260,000,000 tested=64 found=0 n=15352860468098550358269 elapsed=3525s
progress: nodes=72,270,000,000 tested=64 found=0 n=42371226975860678726523 elapsed=3526s
progress: nodes=72,280,000,000 tested=64 found=0 n=31002597764585331977169 elapsed=3526s
progress: nodes=72,290,000,000 tested=64 found=0 n=55673772256039045353399 elapsed=3526s
progress: nodes=72,300,000,000 tested=64 found=0 n=38253553711765306054371 elapsed=3527s
progress: nodes=72,310,000,000 tested=64 found=0 n=43853050359191291866263 elapsed=3527s
progress: nodes=72,320,000,000 tested=64 found=0 n=36884793250156490811711 elapsed=3528s
progress: nodes=72,330,000,000 tested=64 found=0 n=49315714510044170830257 elapsed=3528s
progress: nodes=72,340,000,000 tested=64 found=0 n=16622115488018490458547 elapsed=3529s
progress: nodes=72,350,000,000 tested=64 found=0 n=49108287474449516043423 elapsed=3529s
progress: nodes=72,360,000,000 tested=64 found=0 n=35813134703504393011161 elapsed=3530s
progress: nodes=72,370,000,000 tested=64 found=0 n=46232914168245892014081 elapsed=3530s
progress: nodes=72,380,000,000 tested=64 found=0 n=42575083023653941131063 elapsed=3531s
progress: nodes=72,390,000,000 tested=64 found=0 n=24457958312353057770201 elapsed=3531s
progress: nodes=72,400,000,000 tested=64 found=0 n=38651317948304128815363 elapsed=3532s
progress: nodes=72,410,000,000 tested=64 found=0 n=41585932486230784745247 elapsed=3532s
progress: nodes=72,420,000,000 tested=64 found=0 n=43958204900437189656987 elapsed=3533s
progress: nodes=72,430,000,000 tested=64 found=0 n=24061895536042890991773 elapsed=3533s
progress: nodes=72,440,000,000 tested=64 found=0 n=38756490304802334608313 elapsed=3534s
progress: nodes=72,450,000,000 tested=64 found=0 n=34835343908306018837067 elapsed=3534s
progress: nodes=72,460,000,000 tested=64 found=0 n=48317592892853301195717 elapsed=3535s
progress: nodes=72,470,000,000 tested=64 found=0 n=46523682801279099808623 elapsed=3535s
progress: nodes=72,480,000,000 tested=64 found=0 n=38803412667037123717227 elapsed=3536s
progress: nodes=72,490,000,000 tested=64 found=0 n=50443608299386761650961 elapsed=3536s
progress: nodes=72,500,000,000 tested=64 found=0 n=938965870004174825650299 elapsed=3537s
progress: nodes=72,510,000,000 tested=64 found=0 n=808661084307502025654901 elapsed=3537s
progress: nodes=72,520,000,000 tested=64 found=0 n=687549209157577834519221 elapsed=3538s
progress: nodes=72,530,000,000 tested=64 found=0 n=576567911917848290064471 elapsed=3538s
progress: nodes=72,540,000,000 tested=64 found=0 n=477532208523609562845753 elapsed=3539s
progress: nodes=72,550,000,000 tested=64 found=0 n=389871020225983265955909 elapsed=3539s
progress: nodes=72,560,000,000 tested=64 found=0 n=311071240029652366781979 elapsed=3539s
progress: nodes=72,570,000,000 tested=64 found=0 n=239357427929545953736863 elapsed=3540s
progress: nodes=72,580,000,000 tested=64 found=0 n=176922356834821979107881 elapsed=3540s
progress: nodes=72,590,000,000 tested=64 found=0 n=123323658899795324087733 elapsed=3541s
progress: nodes=72,600,000,000 tested=64 found=0 n=78888507128086509957411 elapsed=3541s
progress: nodes=72,610,000,000 tested=64 found=0 n=45914080777903068654231 elapsed=3542s
progress: nodes=72,620,000,000 tested=64 found=0 n=54284677919589389643063 elapsed=3542s
progress: nodes=72,630,000,000 tested=64 found=0 n=649617017456679302179611 elapsed=3543s
progress: nodes=72,640,000,000 tested=64 found=0 n=227209653704082134205351 elapsed=3543s
progress: nodes=72,650,000,000 tested=64 found=0 n=345376291188522534048801 elapsed=3544s
progress: nodes=72,660,000,000 tested=64 found=0 n=186532379475495967786257 elapsed=3544s
progress: nodes=72,670,000,000 tested=64 found=0 n=104036828701969320892119 elapsed=3544s
progress: nodes=72,680,000,000 tested=64 found=0 n=559451541468807366282981 elapsed=3545s
progress: nodes=72,690,000,000 tested=64 found=0 n=287706352736009347784721 elapsed=3545s
progress: nodes=72,700,000,000 tested=64 found=0 n=109044995029107113192139 elapsed=3546s
progress: nodes=72,710,000,000 tested=64 found=0 n=55534864037129776439217 elapsed=3546s
progress: nodes=72,720,000,000 tested=64 found=0 n=311699534052069507870603 elapsed=3547s
progress: nodes=72,730,000,000 tested=64 found=0 n=414407498888626471570419 elapsed=3547s
progress: nodes=72,740,000,000 tested=64 found=0 n=270572091864938349316677 elapsed=3548s
progress: nodes=72,750,000,000 tested=64 found=0 n=326148659693106136417377 elapsed=3548s
progress: nodes=72,760,000,000 tested=64 found=0 n=269954729989693658323029 elapsed=3549s
progress: nodes=72,770,000,000 tested=64 found=0 n=203686931283448255140267 elapsed=3549s
progress: nodes=72,780,000,000 tested=64 found=0 n=29261657010704555253663 elapsed=3550s
progress: nodes=72,790,000,000 tested=64 found=0 n=138760095935696198748939 elapsed=3550s
progress: nodes=72,800,000,000 tested=64 found=0 n=259246549201400203531473 elapsed=3551s
progress: nodes=72,810,000,000 tested=64 found=0 n=20744598555749451691539 elapsed=3551s
progress: nodes=72,820,000,000 tested=64 found=0 n=161070052476203598886389 elapsed=3552s
progress: nodes=72,830,000,000 tested=64 found=0 n=186786192754336639402323 elapsed=3552s
progress: nodes=72,840,000,000 tested=64 found=0 n=192829021442190517528683 elapsed=3552s
progress: nodes=72,850,000,000 tested=64 found=0 n=162544152337963839968679 elapsed=3553s
progress: nodes=72,860,000,000 tested=64 found=0 n=8692664119277461315839 elapsed=3553s
progress: nodes=72,870,000,000 tested=64 found=0 n=40015631889751773750957 elapsed=3554s
progress: nodes=72,880,000,000 tested=64 found=0 n=35363779908815605271409 elapsed=3554s
progress: nodes=72,890,000,000 tested=64 found=0 n=10314117815690257784523 elapsed=3555s
progress: nodes=72,900,000,000 tested=64 found=0 n=122014504836187916987727 elapsed=3555s
progress: nodes=72,910,000,000 tested=64 found=0 n=79661205887685579579807 elapsed=3556s
progress: nodes=72,920,000,000 tested=64 found=0 n=108494934961064740642323 elapsed=3556s
progress: nodes=72,930,000,000 tested=64 found=0 n=83584807783150893731127 elapsed=3557s
progress: nodes=72,940,000,000 tested=64 found=0 n=60757848863547260453721 elapsed=3557s
progress: nodes=72,950,000,000 tested=64 found=0 n=69142387612831576663851 elapsed=3558s
progress: nodes=72,960,000,000 tested=64 found=0 n=17265595922844391744083 elapsed=3558s
progress: nodes=72,970,000,000 tested=64 found=0 n=93349696891017588504021 elapsed=3559s
progress: nodes=72,980,000,000 tested=64 found=0 n=78661934637046822351521 elapsed=3559s
progress: nodes=72,990,000,000 tested=64 found=0 n=12707552351374861328271 elapsed=3560s
progress: nodes=73,000,000,000 tested=64 found=0 n=8570202008527879454889 elapsed=3560s
progress: nodes=73,010,000,000 tested=64 found=0 n=20098175278256528643729 elapsed=3560s
progress: nodes=73,020,000,000 tested=64 found=0 n=63610815879547593841107 elapsed=3561s
progress: nodes=73,030,000,000 tested=64 found=0 n=19593759059024419207323 elapsed=3561s
progress: nodes=73,040,000,000 tested=64 found=0 n=14891483976465635430507 elapsed=3562s
progress: nodes=73,050,000,000 tested=64 found=0 n=51236308432029328095411 elapsed=3562s
progress: nodes=73,060,000,000 tested=64 found=0 n=52052767829123398873767 elapsed=3563s
progress: nodes=73,070,000,000 tested=64 found=0 n=18069397673780247982803 elapsed=3563s
progress: nodes=73,080,000,000 tested=64 found=0 n=13290574519888529687901 elapsed=3564s
progress: nodes=73,090,000,000 tested=64 found=0 n=47798631176786702324343 elapsed=3564s
progress: nodes=73,100,000,000 tested=64 found=0 n=47561160039745786674471 elapsed=3565s
progress: nodes=73,110,000,000 tested=64 found=0 n=24525247862897978792211 elapsed=3565s
progress: nodes=73,120,000,000 tested=64 found=0 n=14131827836773150933737 elapsed=3566s
progress: nodes=73,130,000,000 tested=64 found=0 n=36279061840822513927599 elapsed=3566s
progress: nodes=73,140,000,000 tested=64 found=0 n=29559130027915388053923 elapsed=3567s
progress: nodes=73,150,000,000 tested=64 found=0 n=42886989125523692585667 elapsed=3567s
progress: nodes=73,160,000,000 tested=64 found=0 n=18913632099314634129987 elapsed=3568s
progress: nodes=73,170,000,000 tested=64 found=0 n=26660740345226958253437 elapsed=3568s
progress: nodes=73,180,000,000 tested=64 found=0 n=21797406897938747320707 elapsed=3569s
progress: nodes=73,190,000,000 tested=64 found=0 n=25097524093473573885759 elapsed=3569s
progress: nodes=73,200,000,000 tested=64 found=0 n=26109522823167937214523 elapsed=3570s
progress: nodes=73,210,000,000 tested=64 found=0 n=36514834808299569538047 elapsed=3570s
progress: nodes=73,220,000,000 tested=64 found=0 n=20995285199080032730197 elapsed=3571s
progress: nodes=73,230,000,000 tested=64 found=0 n=39771249951194091763587 elapsed=3571s
progress: nodes=73,240,000,000 tested=64 found=0 n=41208702540647396881203 elapsed=3571s
progress: nodes=73,250,000,000 tested=64 found=0 n=27711570229485803961993 elapsed=3572s
progress: nodes=73,260,000,000 tested=64 found=0 n=47144413924857282321981 elapsed=3572s
progress: nodes=73,270,000,000 tested=64 found=0 n=39322163210887510729083 elapsed=3573s
progress: nodes=73,280,000,000 tested=64 found=0 n=34041302634851490982311 elapsed=3573s
progress: nodes=73,290,000,000 tested=64 found=0 n=38086936204283938157571 elapsed=3574s
progress: nodes=73,300,000,000 tested=64 found=0 n=47029041295346176706871 elapsed=3574s
progress: nodes=73,310,000,000 tested=64 found=0 n=498553983411980589497943 elapsed=3575s
progress: nodes=73,320,000,000 tested=64 found=0 n=230501159060102626351887 elapsed=3575s
progress: nodes=73,330,000,000 tested=64 found=0 n=986823210127896176058639 elapsed=3576s
progress: nodes=73,340,000,000 tested=64 found=0 n=722475088738299333122301 elapsed=3576s
progress: nodes=73,350,000,000 tested=64 found=0 n=474753299580850349859723 elapsed=3577s
progress: nodes=73,360,000,000 tested=64 found=0 n=245937443554767582717561 elapsed=3577s
progress: nodes=73,370,000,000 tested=64 found=0 n=39647034189296869103307 elapsed=3578s
progress: nodes=73,380,000,000 tested=64 found=0 n=819758730201530546792673 elapsed=3578s
progress: nodes=73,390,000,000 tested=64 found=0 n=606608591825265212232819 elapsed=3579s
progress: nodes=73,400,000,000 tested=64 found=0 n=408592354911113010013299 elapsed=3579s
progress: nodes=73,410,000,000 tested=64 found=0 n=226134154293908224349601 elapsed=3580s
progress: nodes=73,420,000,000 tested=64 found=0 n=83895726729941536029543 elapsed=3580s
progress: nodes=73,430,000,000 tested=64 found=0 n=415209674925047830843323 elapsed=3580s
progress: nodes=73,440,000,000 tested=64 found=0 n=456443577523031742786681 elapsed=3581s
progress: nodes=73,450,000,000 tested=64 found=0 n=366790174070824724332959 elapsed=3581s
progress: nodes=73,460,000,000 tested=64 found=0 n=269975949323685963082263 elapsed=3582s
progress: nodes=73,470,000,000 tested=64 found=0 n=177447392898481164682377 elapsed=3582s
progress: nodes=73,480,000,000 tested=64 found=0 n=15905947829480597426769 elapsed=3583s
progress: nodes=73,490,000,000 tested=64 found=0 n=379225926322949131034301 elapsed=3583s
progress: nodes=73,500,000,000 tested=64 found=0 n=312458398854196536216891 elapsed=3584s
progress: nodes=73,510,000,000 tested=64 found=0 n=23828117508841271543379 elapsed=3584s
progress: nodes=73,520,000,000 tested=64 found=0 n=267408027280625589792819 elapsed=3585s
progress: nodes=73,530,000,000 tested=64 found=0 n=239066849828571396957171 elapsed=3585s
progress: nodes=73,540,000,000 tested=64 found=0 n=147992099890858105544739 elapsed=3586s
progress: nodes=73,550,000,000 tested=64 found=0 n=327238286046115139331867 elapsed=3586s
progress: nodes=73,560,000,000 tested=64 found=0 n=317941639115861364595299 elapsed=3587s
progress: nodes=73,570,000,000 tested=64 found=0 n=232815910346399055530547 elapsed=3587s
progress: nodes=73,580,000,000 tested=64 found=0 n=115837749389691454374711 elapsed=3588s
progress: nodes=73,590,000,000 tested=64 found=0 n=155115649859075111857959 elapsed=3588s
progress: nodes=73,600,000,000 tested=64 found=0 n=86294927472037805698947 elapsed=3589s
progress: nodes=73,610,000,000 tested=64 found=0 n=100472708285943912160011 elapsed=3589s
progress: nodes=73,620,000,000 tested=64 found=0 n=52348485888189777935187 elapsed=3589s
progress: nodes=73,630,000,000 tested=64 found=0 n=107976216291675991457121 elapsed=3590s
progress: nodes=73,640,000,000 tested=64 found=0 n=123026285721045164672907 elapsed=3590s
progress: nodes=73,650,000,000 tested=64 found=0 n=22334657461476745862169 elapsed=3591s
progress: nodes=73,660,000,000 tested=64 found=0 n=164968196363234297990649 elapsed=3591s
progress: nodes=73,670,000,000 tested=64 found=0 n=76119011129066271890139 elapsed=3592s
progress: nodes=73,680,000,000 tested=64 found=0 n=101343858265540075267467 elapsed=3592s
progress: nodes=73,690,000,000 tested=64 found=0 n=134711066381756836266603 elapsed=3593s
progress: nodes=73,700,000,000 tested=64 found=0 n=41758257210010999234731 elapsed=3593s
progress: nodes=73,710,000,000 tested=64 found=0 n=50370306325855999323687 elapsed=3594s
progress: nodes=73,720,000,000 tested=64 found=0 n=43886517478534815051429 elapsed=3594s
progress: nodes=73,730,000,000 tested=64 found=0 n=20138548895990758344573 elapsed=3595s
progress: nodes=73,740,000,000 tested=64 found=0 n=42469526610733347304641 elapsed=3595s
progress: nodes=73,750,000,000 tested=64 found=0 n=18371878486724219451687 elapsed=3596s
progress: nodes=73,760,000,000 tested=64 found=0 n=93167908122291430753017 elapsed=3596s
progress: nodes=73,770,000,000 tested=64 found=0 n=16098457667967823697703 elapsed=3596s
progress: nodes=73,780,000,000 tested=64 found=0 n=45670238339862624262929 elapsed=3597s
progress: nodes=73,790,000,000 tested=64 found=0 n=64112700951391144265829 elapsed=3597s
progress: nodes=73,800,000,000 tested=64 found=0 n=31883313584364785007003 elapsed=3598s
progress: nodes=73,810,000,000 tested=64 found=0 n=58329171244532221088517 elapsed=3598s
progress: nodes=73,820,000,000 tested=64 found=0 n=51844598863163623189827 elapsed=3599s
progress: nodes=73,830,000,000 tested=64 found=0 n=12467429449147838235609 elapsed=3599s
progress: nodes=73,840,000,000 tested=64 found=0 n=44475837489931451115897 elapsed=3600s

done in 3600.0s | nodes=73,842,499,584 | tested=64 | weird=0
