search v2: odd=True, N_CAP=1.00e+24, DELTA_MAX=1.0e+07, MIN_DEPTH=6
SPF shard: smallest prime factor = 3
P2 sub-shard: second prime factor = 5
P3 sub-sub-shard: third prime factor = 11
progress: nodes=10,000,000 tested=0 found=0 n=703849504877222611001985 elapsed=0s
progress: nodes=20,000,000 tested=0 found=0 n=626648623676408921265315 elapsed=1s
progress: nodes=30,000,000 tested=0 found=0 n=476590632429921489383805 elapsed=1s
progress: nodes=40,000,000 tested=0 found=0 n=713622169630982424056805 elapsed=2s
progress: nodes=50,000,000 tested=0 found=0 n=498601497688595231548365 elapsed=2s
progress: nodes=60,000,000 tested=0 found=0 n=781216298236535426024265 elapsed=3s
progress: nodes=70,000,000 tested=0 found=0 n=751226702031120335372055 elapsed=3s
progress: nodes=80,000,000 tested=0 found=0 n=727339119009555523272615 elapsed=4s
progress: nodes=90,000,000 tested=0 found=0 n=745174007425915441831215 elapsed=4s
progress: nodes=100,000,000 tested=0 found=0 n=920474487050838827004315 elapsed=4s
progress: nodes=110,000,000 tested=0 found=0 n=756526340370782577886785 elapsed=5s
progress: nodes=120,000,000 tested=0 found=0 n=537381934467953843977335 elapsed=5s
progress: nodes=130,000,000 tested=0 found=0 n=142800077970950502857535 elapsed=6s
progress: nodes=140,000,000 tested=0 found=0 n=271203436921257413542035 elapsed=6s
progress: nodes=150,000,000 tested=0 found=0 n=405154967846697054245655 elapsed=7s
progress: nodes=160,000,000 tested=0 found=0 n=152868420806239618582905 elapsed=7s
progress: nodes=170,000,000 tested=0 found=0 n=318749074823527166204595 elapsed=8s
progress: nodes=180,000,000 tested=0 found=0 n=928043779725511635169665 elapsed=8s
progress: nodes=190,000,000 tested=0 found=0 n=886292511652002623920785 elapsed=9s
progress: nodes=200,000,000 tested=0 found=0 n=570862717643908129169565 elapsed=9s
progress: nodes=210,000,000 tested=0 found=0 n=167938408464291385714035 elapsed=10s
progress: nodes=220,000,000 tested=0 found=0 n=315106866301325037562755 elapsed=10s
progress: nodes=230,000,000 tested=0 found=0 n=157536025038481678648785 elapsed=11s
progress: nodes=240,000,000 tested=0 found=0 n=156732030292729433787135 elapsed=11s
progress: nodes=250,000,000 tested=0 found=0 n=15159587231711050722495 elapsed=12s
progress: nodes=260,000,000 tested=0 found=0 n=192681525202203042822465 elapsed=12s
progress: nodes=270,000,000 tested=0 found=0 n=54261584897727096337635 elapsed=13s
progress: nodes=280,000,000 tested=0 found=0 n=111004185486920307269985 elapsed=13s
progress: nodes=290,000,000 tested=0 found=0 n=90737418266947434048165 elapsed=14s
progress: nodes=300,000,000 tested=0 found=0 n=249608017319615835332265 elapsed=14s
progress: nodes=310,000,000 tested=0 found=0 n=59200007744326377004065 elapsed=14s
progress: nodes=320,000,000 tested=0 found=0 n=309757520962328807789685 elapsed=15s
progress: nodes=330,000,000 tested=0 found=0 n=588954048536924878311405 elapsed=15s
progress: nodes=340,000,000 tested=0 found=0 n=21855451767003236936565 elapsed=16s
progress: nodes=350,000,000 tested=0 found=0 n=65550924541605798284715 elapsed=16s
progress: nodes=360,000,000 tested=0 found=0 n=49546185225161248831185 elapsed=17s
progress: nodes=370,000,000 tested=0 found=0 n=7363483141098986267355 elapsed=17s
progress: nodes=380,000,000 tested=0 found=0 n=760742114051900035935 elapsed=18s
progress: nodes=390,000,000 tested=0 found=0 n=16222280877578428385535 elapsed=18s
progress: nodes=400,000,000 tested=0 found=0 n=895170666132103527045 elapsed=19s
progress: nodes=410,000,000 tested=0 found=0 n=2834074878642560165085 elapsed=19s
progress: nodes=420,000,000 tested=0 found=0 n=993911023488294025362765 elapsed=20s
progress: nodes=430,000,000 tested=0 found=0 n=659392026147380368444635 elapsed=20s
progress: nodes=440,000,000 tested=0 found=0 n=7524311478915238451235 elapsed=21s
progress: nodes=450,000,000 tested=0 found=0 n=46380033630297654779745 elapsed=22s
progress: nodes=460,000,000 tested=0 found=0 n=4080048908819293095345 elapsed=22s
progress: nodes=470,000,000 tested=0 found=0 n=471294566573997176054055 elapsed=23s
progress: nodes=480,000,000 tested=0 found=0 n=205163471643036188535 elapsed=23s
progress: nodes=490,000,000 tested=0 found=0 n=904013805978425838445695 elapsed=24s
progress: nodes=500,000,000 tested=0 found=0 n=808002937681430773095 elapsed=24s
progress: nodes=510,000,000 tested=0 found=0 n=665387174949906639180555 elapsed=25s
progress: nodes=520,000,000 tested=0 found=0 n=952875170454692704825485 elapsed=26s
progress: nodes=530,000,000 tested=0 found=0 n=280594013071040235493245 elapsed=27s
progress: nodes=540,000,000 tested=0 found=0 n=445782392140120132033035 elapsed=28s
progress: nodes=550,000,000 tested=0 found=0 n=471967774550586062339085 elapsed=28s
progress: nodes=560,000,000 tested=0 found=0 n=420562475414557417136745 elapsed=29s
progress: nodes=570,000,000 tested=0 found=0 n=106771874239407727929645 elapsed=29s
progress: nodes=580,000,000 tested=0 found=0 n=785247551746003679688135 elapsed=30s
progress: nodes=590,000,000 tested=0 found=0 n=174580016520053978800065 elapsed=30s
progress: nodes=600,000,000 tested=0 found=0 n=87779222441571106147185 elapsed=31s
progress: nodes=610,000,000 tested=0 found=0 n=9100068463529242155 elapsed=31s
progress: nodes=620,000,000 tested=0 found=0 n=686342773422147129523785 elapsed=32s
progress: nodes=630,000,000 tested=0 found=0 n=389299305399434607836835 elapsed=32s
progress: nodes=640,000,000 tested=0 found=0 n=74421644649583411259145 elapsed=33s
progress: nodes=650,000,000 tested=0 found=0 n=130705464201768183161115 elapsed=33s
progress: nodes=660,000,000 tested=0 found=0 n=90775080675262822002615 elapsed=34s
progress: nodes=670,000,000 tested=0 found=0 n=762650953849036363638285 elapsed=34s
progress: nodes=680,000,000 tested=0 found=0 n=141347208234253829128695 elapsed=35s
progress: nodes=690,000,000 tested=0 found=0 n=60632605638269070292755 elapsed=35s
progress: nodes=700,000,000 tested=0 found=0 n=59017211089111406592945 elapsed=36s
progress: nodes=710,000,000 tested=0 found=0 n=9581685281567460246735 elapsed=37s
progress: nodes=720,000,000 tested=0 found=0 n=32700829792235444693865 elapsed=37s
progress: nodes=730,000,000 tested=0 found=0 n=7700840028548086750605 elapsed=38s
progress: nodes=740,000,000 tested=0 found=0 n=94202948076363994622535 elapsed=38s
progress: nodes=750,000,000 tested=0 found=0 n=16149223088759909718405 elapsed=39s
progress: nodes=760,000,000 tested=0 found=0 n=382389318712236752797815 elapsed=39s
progress: nodes=770,000,000 tested=0 found=0 n=907736503967972363182905 elapsed=40s
progress: nodes=780,000,000 tested=0 found=0 n=2335083785925914077065 elapsed=40s
progress: nodes=790,000,000 tested=0 found=0 n=1426653664209768406005 elapsed=41s
progress: nodes=800,000,000 tested=0 found=0 n=56394973550955021851385 elapsed=42s
progress: nodes=810,000,000 tested=0 found=0 n=904250630902394253182265 elapsed=42s
progress: nodes=820,000,000 tested=0 found=0 n=340645817266680666015 elapsed=43s
progress: nodes=830,000,000 tested=0 found=0 n=958036205355647981600565 elapsed=44s
progress: nodes=840,000,000 tested=0 found=0 n=747189974951437942857735 elapsed=44s
progress: nodes=850,000,000 tested=0 found=0 n=146362556774341115469855 elapsed=45s
progress: nodes=860,000,000 tested=0 found=0 n=926283439491608510255295 elapsed=46s
progress: nodes=870,000,000 tested=0 found=0 n=991627244560035077756355 elapsed=47s
progress: nodes=880,000,000 tested=0 found=0 n=775545488978096813614605 elapsed=47s
progress: nodes=890,000,000 tested=0 found=0 n=747074823423501983789115 elapsed=48s
progress: nodes=900,000,000 tested=0 found=0 n=675088971345788878112355 elapsed=49s
progress: nodes=910,000,000 tested=0 found=0 n=974059346760735029566365 elapsed=50s
progress: nodes=920,000,000 tested=0 found=0 n=797517110696278114062855 elapsed=51s
progress: nodes=930,000,000 tested=0 found=0 n=455603422032699914655 elapsed=51s
progress: nodes=940,000,000 tested=0 found=0 n=994627898809334120915595 elapsed=52s
progress: nodes=950,000,000 tested=0 found=0 n=972382544681250053544435 elapsed=53s
progress: nodes=960,000,000 tested=0 found=0 n=726323770197872049248595 elapsed=54s
progress: nodes=970,000,000 tested=0 found=0 n=716457128808742391224935 elapsed=54s
progress: nodes=980,000,000 tested=0 found=0 n=991418082915365764771365 elapsed=55s
progress: nodes=990,000,000 tested=0 found=0 n=644170578181967950594965 elapsed=56s
progress: nodes=1,000,000,000 tested=0 found=0 n=584365382942383645202655 elapsed=57s
progress: nodes=1,010,000,000 tested=0 found=0 n=686774450908435545166005 elapsed=58s
progress: nodes=1,020,000,000 tested=0 found=0 n=791674686500209554622635 elapsed=58s
progress: nodes=1,030,000,000 tested=0 found=0 n=774812456389344886676955 elapsed=59s
progress: nodes=1,040,000,000 tested=0 found=0 n=215371190104095835755 elapsed=60s
progress: nodes=1,050,000,000 tested=0 found=0 n=886879991576055680545815 elapsed=61s
progress: nodes=1,060,000,000 tested=0 found=0 n=928792845645794921774565 elapsed=62s
progress: nodes=1,070,000,000 tested=0 found=0 n=734462584345420766016885 elapsed=62s
progress: nodes=1,080,000,000 tested=0 found=0 n=975145109587226866713645 elapsed=63s
progress: nodes=1,090,000,000 tested=0 found=0 n=812321252116238183789745 elapsed=64s
progress: nodes=1,100,000,000 tested=0 found=0 n=511726597284930318000765 elapsed=65s
progress: nodes=1,110,000,000 tested=0 found=0 n=968489849215688374487385 elapsed=66s
progress: nodes=1,120,000,000 tested=0 found=0 n=997070453741128861986705 elapsed=66s
progress: nodes=1,130,000,000 tested=0 found=0 n=571422831769930096255365 elapsed=67s
progress: nodes=1,140,000,000 tested=0 found=0 n=764865475736188582333215 elapsed=68s
progress: nodes=1,150,000,000 tested=0 found=0 n=527551159600609435566495 elapsed=69s
progress: nodes=1,160,000,000 tested=0 found=0 n=939295406211588042329295 elapsed=70s
progress: nodes=1,170,000,000 tested=0 found=0 n=994248388835372552076855 elapsed=70s
progress: nodes=1,180,000,000 tested=0 found=0 n=379449156018252476228985 elapsed=71s
progress: nodes=1,190,000,000 tested=0 found=0 n=833788376625065820073335 elapsed=72s
progress: nodes=1,200,000,000 tested=0 found=0 n=453567323038066278524505 elapsed=73s
progress: nodes=1,210,000,000 tested=0 found=0 n=623894111008942113773235 elapsed=74s
progress: nodes=1,220,000,000 tested=0 found=0 n=897115653846035236387665 elapsed=75s
progress: nodes=1,230,000,000 tested=0 found=0 n=489745076082263418103335 elapsed=75s
progress: nodes=1,240,000,000 tested=0 found=0 n=341319602768801067778455 elapsed=76s
progress: nodes=1,250,000,000 tested=0 found=0 n=181355946005422587382335 elapsed=77s
progress: nodes=1,260,000,000 tested=0 found=0 n=40276718166433304412945 elapsed=77s
progress: nodes=1,270,000,000 tested=0 found=0 n=452849466351684330016605 elapsed=78s
progress: nodes=1,280,000,000 tested=0 found=0 n=164817239468113225333395 elapsed=78s
progress: nodes=1,290,000,000 tested=0 found=0 n=6194328736590492773715 elapsed=79s
progress: nodes=1,300,000,000 tested=0 found=0 n=897542956097959382863245 elapsed=79s
progress: nodes=1,310,000,000 tested=0 found=0 n=372244358502697588391385 elapsed=80s
progress: nodes=1,320,000,000 tested=0 found=0 n=920306142380509497730755 elapsed=80s
progress: nodes=1,330,000,000 tested=0 found=0 n=903337098119321023014615 elapsed=81s
progress: nodes=1,340,000,000 tested=0 found=0 n=908498453433644055038265 elapsed=81s
progress: nodes=1,350,000,000 tested=0 found=0 n=633431588814428640249915 elapsed=81s
progress: nodes=1,360,000,000 tested=0 found=0 n=890594272755581446259955 elapsed=82s
progress: nodes=1,370,000,000 tested=0 found=0 n=664583737464772550791245 elapsed=82s
progress: nodes=1,380,000,000 tested=0 found=0 n=872117753136052149684045 elapsed=83s
progress: nodes=1,390,000,000 tested=0 found=0 n=893993110280504111566755 elapsed=83s
progress: nodes=1,400,000,000 tested=0 found=0 n=4162830311897799073785 elapsed=84s
progress: nodes=1,410,000,000 tested=0 found=0 n=24655220459112400208865 elapsed=84s
progress: nodes=1,420,000,000 tested=0 found=0 n=968259005560824536001465 elapsed=85s
progress: nodes=1,430,000,000 tested=0 found=0 n=857743387947835251264765 elapsed=86s
progress: nodes=1,440,000,000 tested=0 found=0 n=684551510395341377202315 elapsed=86s
progress: nodes=1,450,000,000 tested=0 found=0 n=948960846901080388143945 elapsed=87s
progress: nodes=1,460,000,000 tested=0 found=0 n=914583915891742215397905 elapsed=88s
progress: nodes=1,470,000,000 tested=0 found=0 n=399578773467750947297865 elapsed=89s
progress: nodes=1,480,000,000 tested=0 found=0 n=892474082691779312519355 elapsed=89s
progress: nodes=1,490,000,000 tested=0 found=0 n=691250869175912479095255 elapsed=90s
progress: nodes=1,500,000,000 tested=0 found=0 n=772593161229869825348415 elapsed=91s
progress: nodes=1,510,000,000 tested=0 found=0 n=792472033296755113004505 elapsed=92s
progress: nodes=1,520,000,000 tested=0 found=0 n=610093913877161240956605 elapsed=93s
progress: nodes=1,530,000,000 tested=0 found=0 n=596111283388346682463155 elapsed=94s
progress: nodes=1,540,000,000 tested=0 found=0 n=965950224409603879623045 elapsed=94s
progress: nodes=1,550,000,000 tested=0 found=0 n=966507737094561361108365 elapsed=95s
progress: nodes=1,560,000,000 tested=0 found=0 n=644697038698575180520455 elapsed=96s
progress: nodes=1,570,000,000 tested=0 found=0 n=983171373334652547340515 elapsed=97s
progress: nodes=1,580,000,000 tested=0 found=0 n=990971159825816598086955 elapsed=98s
progress: nodes=1,590,000,000 tested=0 found=0 n=782631804299053655664135 elapsed=99s
progress: nodes=1,600,000,000 tested=0 found=0 n=299723165665306641309645 elapsed=100s
progress: nodes=1,610,000,000 tested=0 found=0 n=541662125394191595358455 elapsed=100s
progress: nodes=1,620,000,000 tested=0 found=0 n=763542887736882554290935 elapsed=101s
progress: nodes=1,630,000,000 tested=0 found=0 n=795678978355278588961335 elapsed=102s
progress: nodes=1,640,000,000 tested=0 found=0 n=869918510151874776768615 elapsed=103s
progress: nodes=1,650,000,000 tested=0 found=0 n=831290816670967869455745 elapsed=104s
progress: nodes=1,660,000,000 tested=0 found=0 n=272472803179571732319945 elapsed=105s
progress: nodes=1,670,000,000 tested=0 found=0 n=489042573308600611926285 elapsed=106s
progress: nodes=1,680,000,000 tested=0 found=0 n=717871393033525742339295 elapsed=106s
progress: nodes=1,690,000,000 tested=0 found=0 n=666534502073612698348185 elapsed=107s
progress: nodes=1,700,000,000 tested=0 found=0 n=472990252191216311704185 elapsed=108s
progress: nodes=1,710,000,000 tested=0 found=0 n=609870323871443591110935 elapsed=109s
progress: nodes=1,720,000,000 tested=0 found=0 n=326989513015195863866715 elapsed=110s
progress: nodes=1,730,000,000 tested=0 found=0 n=323350934491649876710635 elapsed=111s
progress: nodes=1,740,000,000 tested=0 found=0 n=587084904228895216511895 elapsed=112s
progress: nodes=1,750,000,000 tested=0 found=0 n=792761136574930717531095 elapsed=112s
progress: nodes=1,760,000,000 tested=0 found=0 n=351708364978435938759165 elapsed=113s
progress: nodes=1,770,000,000 tested=0 found=0 n=614551241915839726383105 elapsed=114s
progress: nodes=1,780,000,000 tested=0 found=0 n=922008507045311560214835 elapsed=115s
progress: nodes=1,790,000,000 tested=0 found=0 n=390050575043492175787755 elapsed=116s
progress: nodes=1,800,000,000 tested=0 found=0 n=545529644545647759919515 elapsed=117s
progress: nodes=1,810,000,000 tested=0 found=0 n=206669957334806400596865 elapsed=118s
progress: nodes=1,820,000,000 tested=0 found=0 n=250658525283493146713685 elapsed=119s
progress: nodes=1,830,000,000 tested=0 found=0 n=850691592750130234662735 elapsed=119s
progress: nodes=1,840,000,000 tested=0 found=0 n=995976167544520368252255 elapsed=120s
progress: nodes=1,850,000,000 tested=0 found=0 n=689301594904520447161785 elapsed=121s
progress: nodes=1,860,000,000 tested=0 found=0 n=988116236346996008415405 elapsed=122s
progress: nodes=1,870,000,000 tested=0 found=0 n=515684790218393401003695 elapsed=123s
progress: nodes=1,880,000,000 tested=0 found=0 n=204614988064503930132615 elapsed=124s
progress: nodes=1,890,000,000 tested=0 found=0 n=924487056880359250033305 elapsed=125s
progress: nodes=1,900,000,000 tested=0 found=0 n=807653913362247422305395 elapsed=125s
progress: nodes=1,910,000,000 tested=0 found=0 n=509045252046249853003905 elapsed=126s
progress: nodes=1,920,000,000 tested=0 found=0 n=806872455097356562231185 elapsed=127s
progress: nodes=1,930,000,000 tested=0 found=0 n=459049326856246619228835 elapsed=128s
progress: nodes=1,940,000,000 tested=0 found=0 n=357699116691698195683665 elapsed=129s
progress: nodes=1,950,000,000 tested=0 found=0 n=608868652571867312341695 elapsed=130s
progress: nodes=1,960,000,000 tested=0 found=0 n=755561326772021761974015 elapsed=131s
progress: nodes=1,970,000,000 tested=0 found=0 n=461325828775559755362795 elapsed=132s
progress: nodes=1,980,000,000 tested=0 found=0 n=587093786309540810301705 elapsed=132s
progress: nodes=1,990,000,000 tested=0 found=0 n=148855836759947979868305 elapsed=133s
progress: nodes=2,000,000,000 tested=0 found=0 n=795201536213932364239635 elapsed=134s
progress: nodes=2,010,000,000 tested=0 found=0 n=801854520579042120819585 elapsed=135s
progress: nodes=2,020,000,000 tested=0 found=0 n=992896915466724268362615 elapsed=136s
progress: nodes=2,030,000,000 tested=0 found=0 n=555771400422550072851915 elapsed=137s
progress: nodes=2,040,000,000 tested=0 found=0 n=716730336234029231667135 elapsed=138s
progress: nodes=2,050,000,000 tested=0 found=0 n=965755866458149825352085 elapsed=139s
progress: nodes=2,060,000,000 tested=0 found=0 n=391833677494346436201105 elapsed=139s
progress: nodes=2,070,000,000 tested=0 found=0 n=286251298673655239376705 elapsed=140s
progress: nodes=2,080,000,000 tested=0 found=0 n=559336457987179445047365 elapsed=141s
progress: nodes=2,090,000,000 tested=0 found=0 n=241099958018290251963555 elapsed=142s
progress: nodes=2,100,000,000 tested=0 found=0 n=841911568003770912329715 elapsed=143s
progress: nodes=2,110,000,000 tested=0 found=0 n=774007047249459418824165 elapsed=144s
progress: nodes=2,120,000,000 tested=0 found=0 n=633693965808879573460335 elapsed=145s
progress: nodes=2,130,000,000 tested=0 found=0 n=369062134134408897487965 elapsed=145s
progress: nodes=2,140,000,000 tested=0 found=0 n=971470605498239269790235 elapsed=146s
progress: nodes=2,150,000,000 tested=0 found=0 n=511109369116208952436215 elapsed=147s
progress: nodes=2,160,000,000 tested=0 found=0 n=317703565817416976488335 elapsed=148s
progress: nodes=2,170,000,000 tested=0 found=0 n=221626919880199896426045 elapsed=149s
progress: nodes=2,180,000,000 tested=0 found=0 n=173428678097143767080145 elapsed=150s
progress: nodes=2,190,000,000 tested=0 found=0 n=452661627104530815330315 elapsed=151s
progress: nodes=2,200,000,000 tested=0 found=0 n=280741977049098770934795 elapsed=152s
progress: nodes=2,210,000,000 tested=0 found=0 n=545074954002215048672865 elapsed=152s
progress: nodes=2,220,000,000 tested=0 found=0 n=203108371131247400025405 elapsed=153s
progress: nodes=2,230,000,000 tested=0 found=0 n=845862999794228524665645 elapsed=154s
progress: nodes=2,240,000,000 tested=0 found=0 n=159696646252859567713455 elapsed=155s
progress: nodes=2,250,000,000 tested=0 found=0 n=829929548101678968829545 elapsed=156s
progress: nodes=2,260,000,000 tested=0 found=0 n=327123712829433140338905 elapsed=157s
progress: nodes=2,270,000,000 tested=0 found=0 n=414838166323346989332615 elapsed=158s
progress: nodes=2,280,000,000 tested=0 found=0 n=312023043195287976624105 elapsed=159s
progress: nodes=2,290,000,000 tested=0 found=0 n=656608428183950256137805 elapsed=160s
progress: nodes=2,300,000,000 tested=0 found=0 n=317303427023746450892055 elapsed=161s
progress: nodes=2,310,000,000 tested=0 found=0 n=674059677859972409490045 elapsed=161s
progress: nodes=2,320,000,000 tested=0 found=0 n=291311891573050358599545 elapsed=162s
progress: nodes=2,330,000,000 tested=0 found=0 n=786287738811867603039135 elapsed=163s
progress: nodes=2,340,000,000 tested=0 found=0 n=138775600986025865197545 elapsed=164s
progress: nodes=2,350,000,000 tested=0 found=0 n=712900705452741756174015 elapsed=165s
progress: nodes=2,360,000,000 tested=0 found=0 n=165616883453939990396445 elapsed=166s
progress: nodes=2,370,000,000 tested=0 found=0 n=568509272253051702042195 elapsed=167s
progress: nodes=2,380,000,000 tested=0 found=0 n=254182675121822953687005 elapsed=168s
progress: nodes=2,390,000,000 tested=0 found=0 n=710939635929070009892595 elapsed=169s
progress: nodes=2,400,000,000 tested=0 found=0 n=843543020453655176176995 elapsed=170s
progress: nodes=2,410,000,000 tested=0 found=0 n=201536405214737895030465 elapsed=171s
progress: nodes=2,420,000,000 tested=0 found=0 n=295007475774155271419655 elapsed=172s
progress: nodes=2,430,000,000 tested=0 found=0 n=85912425428193292661865 elapsed=172s
progress: nodes=2,440,000,000 tested=0 found=0 n=343036533133195495941105 elapsed=173s
progress: nodes=2,450,000,000 tested=0 found=0 n=416467400287489707893715 elapsed=174s
progress: nodes=2,460,000,000 tested=0 found=0 n=316035139918359812975145 elapsed=175s
progress: nodes=2,470,000,000 tested=0 found=0 n=121385593352045138523165 elapsed=176s
progress: nodes=2,480,000,000 tested=0 found=0 n=408670144642964376920385 elapsed=177s
progress: nodes=2,490,000,000 tested=0 found=0 n=583755864959928154263165 elapsed=178s
progress: nodes=2,500,000,000 tested=0 found=0 n=105521738899721262846255 elapsed=179s
progress: nodes=2,510,000,000 tested=0 found=0 n=767392676264637662766615 elapsed=180s
progress: nodes=2,520,000,000 tested=0 found=0 n=241978902103069703733645 elapsed=180s
progress: nodes=2,530,000,000 tested=0 found=0 n=321092263554581718350415 elapsed=181s
progress: nodes=2,540,000,000 tested=0 found=0 n=238349594432195779137165 elapsed=182s
progress: nodes=2,550,000,000 tested=0 found=0 n=256221633063143344713435 elapsed=183s
progress: nodes=2,560,000,000 tested=0 found=0 n=193570789003883252073585 elapsed=184s
progress: nodes=2,570,000,000 tested=0 found=0 n=188911776253652668874295 elapsed=185s
progress: nodes=2,580,000,000 tested=0 found=0 n=232031509058150256985695 elapsed=186s
progress: nodes=2,590,000,000 tested=0 found=0 n=82300472073810977759685 elapsed=187s
progress: nodes=2,600,000,000 tested=0 found=0 n=199683130168858720432455 elapsed=188s
progress: nodes=2,610,000,000 tested=0 found=0 n=175166784413850584237355 elapsed=189s
progress: nodes=2,620,000,000 tested=0 found=0 n=207027172608431886779805 elapsed=189s
progress: nodes=2,630,000,000 tested=0 found=0 n=142027576419111016649895 elapsed=190s
progress: nodes=2,640,000,000 tested=0 found=0 n=127972080898204710342285 elapsed=191s
progress: nodes=2,650,000,000 tested=0 found=0 n=55194725438330635913085 elapsed=192s
progress: nodes=2,660,000,000 tested=0 found=0 n=98927404387355382795 elapsed=193s
progress: nodes=2,670,000,000 tested=0 found=0 n=144573739220808735487155 elapsed=194s
progress: nodes=2,680,000,000 tested=0 found=0 n=709061305970697244331085 elapsed=195s
progress: nodes=2,690,000,000 tested=0 found=0 n=63946011036746330770905 elapsed=195s
progress: nodes=2,700,000,000 tested=0 found=0 n=65026740789011712491055 elapsed=196s
progress: nodes=2,710,000,000 tested=0 found=0 n=422880730815475304453565 elapsed=196s
progress: nodes=2,720,000,000 tested=0 found=0 n=678971016403957783332585 elapsed=197s
progress: nodes=2,730,000,000 tested=0 found=0 n=482719257144970291581795 elapsed=197s
progress: nodes=2,740,000,000 tested=0 found=0 n=753182429870946829426695 elapsed=198s
progress: nodes=2,750,000,000 tested=0 found=0 n=926627595756611516263485 elapsed=198s
progress: nodes=2,760,000,000 tested=0 found=0 n=983875245122166122500335 elapsed=198s
progress: nodes=2,770,000,000 tested=0 found=0 n=944443474172728976070405 elapsed=199s
progress: nodes=2,780,000,000 tested=0 found=0 n=984513331353288876415155 elapsed=199s
progress: nodes=2,790,000,000 tested=0 found=0 n=205897608575619833609055 elapsed=200s
progress: nodes=2,800,000,000 tested=0 found=0 n=8147643178508521637895 elapsed=200s
progress: nodes=2,810,000,000 tested=0 found=0 n=440377091661439709295255 elapsed=201s
progress: nodes=2,820,000,000 tested=0 found=0 n=90866745472265182361205 elapsed=201s
progress: nodes=2,830,000,000 tested=0 found=0 n=39778609141956044359395 elapsed=202s
progress: nodes=2,840,000,000 tested=0 found=0 n=486424648970390796607755 elapsed=203s
progress: nodes=2,850,000,000 tested=0 found=0 n=789820564847782886786115 elapsed=204s
progress: nodes=2,860,000,000 tested=0 found=0 n=927305181886776477950385 elapsed=204s
progress: nodes=2,870,000,000 tested=0 found=0 n=967614804798217354663335 elapsed=205s
progress: nodes=2,880,000,000 tested=0 found=0 n=752441945462452499439735 elapsed=206s
progress: nodes=2,890,000,000 tested=0 found=0 n=906423781521262017612555 elapsed=207s
progress: nodes=2,900,000,000 tested=0 found=0 n=836570103309776922456645 elapsed=208s
progress: nodes=2,910,000,000 tested=0 found=0 n=853581139410401016559065 elapsed=208s
progress: nodes=2,920,000,000 tested=0 found=0 n=621669315152168563827195 elapsed=209s
progress: nodes=2,930,000,000 tested=0 found=0 n=305216023151245646983455 elapsed=210s
progress: nodes=2,940,000,000 tested=0 found=0 n=769624872503081172088995 elapsed=211s
progress: nodes=2,950,000,000 tested=0 found=0 n=547004310461891662919715 elapsed=212s
progress: nodes=2,960,000,000 tested=0 found=0 n=639223593166113977994885 elapsed=213s
progress: nodes=2,970,000,000 tested=0 found=0 n=706280755944953002481415 elapsed=213s
progress: nodes=2,980,000,000 tested=0 found=0 n=781796145715129528707735 elapsed=214s
progress: nodes=2,990,000,000 tested=0 found=0 n=716314045708065765950055 elapsed=215s
progress: nodes=3,000,000,000 tested=0 found=0 n=877179708264261677298705 elapsed=216s
progress: nodes=3,010,000,000 tested=0 found=0 n=570297235191539668416945 elapsed=217s
progress: nodes=3,020,000,000 tested=0 found=0 n=439077959826109410851055 elapsed=218s
progress: nodes=3,030,000,000 tested=0 found=0 n=307904008064566821881985 elapsed=219s
progress: nodes=3,040,000,000 tested=0 found=0 n=867694609779391879322805 elapsed=219s
progress: nodes=3,050,000,000 tested=0 found=0 n=929397156873582459615795 elapsed=220s
progress: nodes=3,060,000,000 tested=0 found=0 n=535303505858973082689645 elapsed=221s
progress: nodes=3,070,000,000 tested=0 found=0 n=327538517471389627741305 elapsed=222s
progress: nodes=3,080,000,000 tested=0 found=0 n=961254082373948296768395 elapsed=223s
progress: nodes=3,090,000,000 tested=0 found=0 n=453337177923784100388915 elapsed=224s
progress: nodes=3,100,000,000 tested=0 found=0 n=324349003930481914444335 elapsed=225s
progress: nodes=3,110,000,000 tested=0 found=0 n=495324839800773914522085 elapsed=225s
progress: nodes=3,120,000,000 tested=0 found=0 n=724975888465331186334255 elapsed=226s
progress: nodes=3,130,000,000 tested=0 found=0 n=444306483363034005213555 elapsed=227s
progress: nodes=3,140,000,000 tested=0 found=0 n=220421245203477583430715 elapsed=228s
progress: nodes=3,150,000,000 tested=0 found=0 n=851212211958749607796665 elapsed=229s
progress: nodes=3,160,000,000 tested=0 found=0 n=367209144361825717556385 elapsed=230s
progress: nodes=3,170,000,000 tested=0 found=0 n=308076342531138209899035 elapsed=231s
progress: nodes=3,180,000,000 tested=0 found=0 n=725625530338163281881615 elapsed=231s
progress: nodes=3,190,000,000 tested=0 found=0 n=538354502444002836951315 elapsed=232s
progress: nodes=3,200,000,000 tested=0 found=0 n=131381421449695828779555 elapsed=233s
progress: nodes=3,210,000,000 tested=0 found=0 n=746511602881402933121745 elapsed=234s
progress: nodes=3,220,000,000 tested=0 found=0 n=929681486035281417778065 elapsed=235s
progress: nodes=3,230,000,000 tested=0 found=0 n=361146747652592947733655 elapsed=236s
progress: nodes=3,240,000,000 tested=0 found=0 n=942680922504548014877265 elapsed=237s
progress: nodes=3,250,000,000 tested=0 found=0 n=386520484123256143623435 elapsed=238s
progress: nodes=3,260,000,000 tested=0 found=0 n=197417298444346852892955 elapsed=238s
progress: nodes=3,270,000,000 tested=0 found=0 n=873090127064812152864555 elapsed=239s
progress: nodes=3,280,000,000 tested=0 found=0 n=246678158937106971468405 elapsed=240s
progress: nodes=3,290,000,000 tested=0 found=0 n=110147366954880128882745 elapsed=241s
progress: nodes=3,300,000,000 tested=0 found=0 n=592306252813595137253535 elapsed=242s
progress: nodes=3,310,000,000 tested=0 found=0 n=460561977120099140535645 elapsed=243s
progress: nodes=3,320,000,000 tested=0 found=0 n=147460105903934549650815 elapsed=244s
progress: nodes=3,330,000,000 tested=0 found=0 n=560965452530984434292535 elapsed=245s
progress: nodes=3,340,000,000 tested=0 found=0 n=256812694391194952071545 elapsed=246s
progress: nodes=3,350,000,000 tested=0 found=0 n=906865062123981910095135 elapsed=246s
progress: nodes=3,360,000,000 tested=0 found=0 n=370831256258160739699845 elapsed=247s
progress: nodes=3,370,000,000 tested=0 found=0 n=245863106072914007516355 elapsed=248s
progress: nodes=3,380,000,000 tested=0 found=0 n=389566293448609489835205 elapsed=249s
progress: nodes=3,390,000,000 tested=0 found=0 n=445067602276591212713685 elapsed=250s
progress: nodes=3,400,000,000 tested=0 found=0 n=841899026857358792485845 elapsed=251s
progress: nodes=3,410,000,000 tested=0 found=0 n=905165362724962962774195 elapsed=252s
progress: nodes=3,420,000,000 tested=0 found=0 n=248708889629976589659945 elapsed=253s
progress: nodes=3,430,000,000 tested=0 found=0 n=149180696306899885891395 elapsed=254s
progress: nodes=3,440,000,000 tested=0 found=0 n=282109991674230715894965 elapsed=254s
progress: nodes=3,450,000,000 tested=0 found=0 n=494839332300114980674155 elapsed=255s
progress: nodes=3,460,000,000 tested=0 found=0 n=63716764304227586798565 elapsed=256s
progress: nodes=3,470,000,000 tested=0 found=0 n=142871881105787708070405 elapsed=257s
progress: nodes=3,480,000,000 tested=0 found=0 n=564253946253303343384545 elapsed=258s
progress: nodes=3,490,000,000 tested=0 found=0 n=195890769943383718408095 elapsed=259s
progress: nodes=3,500,000,000 tested=0 found=0 n=614711822602427619288615 elapsed=260s
progress: nodes=3,510,000,000 tested=0 found=0 n=599897653711530620876595 elapsed=261s
progress: nodes=3,520,000,000 tested=0 found=0 n=953767486280753912004435 elapsed=262s
progress: nodes=3,530,000,000 tested=0 found=0 n=784169751039423452154495 elapsed=263s
progress: nodes=3,540,000,000 tested=0 found=0 n=954369022668427433589885 elapsed=263s
progress: nodes=3,550,000,000 tested=0 found=0 n=533735428152639983823135 elapsed=264s
progress: nodes=3,560,000,000 tested=0 found=0 n=159416894884987557285435 elapsed=265s
progress: nodes=3,570,000,000 tested=0 found=0 n=206305961258939278212135 elapsed=266s
progress: nodes=3,580,000,000 tested=0 found=0 n=127299437465285461290255 elapsed=267s
progress: nodes=3,590,000,000 tested=0 found=0 n=132193827866152236580605 elapsed=268s
progress: nodes=3,600,000,000 tested=0 found=0 n=225276106299791878831995 elapsed=269s
progress: nodes=3,610,000,000 tested=0 found=0 n=536842818846306538390935 elapsed=270s
progress: nodes=3,620,000,000 tested=0 found=0 n=132317494665942317587515 elapsed=271s
progress: nodes=3,630,000,000 tested=0 found=0 n=276566913253573138338615 elapsed=272s
progress: nodes=3,640,000,000 tested=0 found=0 n=593351433517088821355055 elapsed=273s
progress: nodes=3,650,000,000 tested=0 found=0 n=205264114696443544073145 elapsed=274s
progress: nodes=3,660,000,000 tested=0 found=0 n=720793501601176343298915 elapsed=275s
progress: nodes=3,670,000,000 tested=0 found=0 n=201948917968164876331185 elapsed=276s
progress: nodes=3,680,000,000 tested=0 found=0 n=453502765237374352425915 elapsed=277s
progress: nodes=3,690,000,000 tested=0 found=0 n=247214212137172198637235 elapsed=278s
progress: nodes=3,700,000,000 tested=0 found=0 n=123669188697570376751055 elapsed=278s
progress: nodes=3,710,000,000 tested=0 found=0 n=121517512263819070734555 elapsed=279s
progress: nodes=3,720,000,000 tested=0 found=0 n=155107221821481285387405 elapsed=280s
progress: nodes=3,730,000,000 tested=0 found=0 n=480808721747039456004795 elapsed=281s
progress: nodes=3,740,000,000 tested=0 found=0 n=69681348786212130315645 elapsed=282s
progress: nodes=3,750,000,000 tested=0 found=0 n=671342632751472006514365 elapsed=283s
progress: nodes=3,760,000,000 tested=0 found=0 n=249096906702525139117695 elapsed=284s
progress: nodes=3,770,000,000 tested=0 found=0 n=584288094058236741485565 elapsed=285s
progress: nodes=3,780,000,000 tested=0 found=0 n=973425492741521234354445 elapsed=286s
progress: nodes=3,790,000,000 tested=0 found=0 n=869029597476608709870135 elapsed=287s
progress: nodes=3,800,000,000 tested=0 found=0 n=183138399937383290432505 elapsed=288s
progress: nodes=3,810,000,000 tested=0 found=0 n=115481075786010242381205 elapsed=289s
progress: nodes=3,820,000,000 tested=0 found=0 n=156286977392582057140515 elapsed=290s
progress: nodes=3,830,000,000 tested=0 found=0 n=82707252540071628858345 elapsed=291s
progress: nodes=3,840,000,000 tested=0 found=0 n=64090275835692378537045 elapsed=292s
progress: nodes=3,850,000,000 tested=0 found=0 n=58212342594394937639955 elapsed=293s
progress: nodes=3,860,000,000 tested=0 found=0 n=70559395878980486749095 elapsed=293s
progress: nodes=3,870,000,000 tested=0 found=0 n=48035005322754063191985 elapsed=294s
progress: nodes=3,880,000,000 tested=0 found=0 n=72161514944651295785655 elapsed=295s
progress: nodes=3,890,000,000 tested=0 found=0 n=44609612710448369200815 elapsed=296s
progress: nodes=3,900,000,000 tested=0 found=0 n=795303935572976895679515 elapsed=297s
progress: nodes=3,910,000,000 tested=0 found=0 n=22557936926580740201385 elapsed=298s
progress: nodes=3,920,000,000 tested=0 found=0 n=107467172302381460960985 elapsed=298s
progress: nodes=3,930,000,000 tested=0 found=0 n=374650430747639345417745 elapsed=299s
progress: nodes=3,940,000,000 tested=0 found=0 n=849770037549297420826545 elapsed=299s
progress: nodes=3,950,000,000 tested=0 found=0 n=727614831861550195636095 elapsed=300s
progress: nodes=3,960,000,000 tested=0 found=0 n=176943684742386174160515 elapsed=300s
progress: nodes=3,970,000,000 tested=0 found=0 n=916506563208447400822215 elapsed=301s
progress: nodes=3,980,000,000 tested=0 found=0 n=229376919221136568366155 elapsed=301s
progress: nodes=3,990,000,000 tested=0 found=0 n=129787568758499435050905 elapsed=302s
progress: nodes=4,000,000,000 tested=0 found=0 n=757000003249368215106165 elapsed=302s
progress: nodes=4,010,000,000 tested=0 found=0 n=664363768534413618205755 elapsed=303s
progress: nodes=4,020,000,000 tested=0 found=0 n=293768535134202183890505 elapsed=303s
progress: nodes=4,030,000,000 tested=0 found=0 n=576717610694977503189405 elapsed=303s
progress: nodes=4,040,000,000 tested=0 found=0 n=355940576155215833951565 elapsed=304s
progress: nodes=4,050,000,000 tested=0 found=0 n=260458282931054246652735 elapsed=304s
progress: nodes=4,060,000,000 tested=0 found=0 n=375549444426381010809705 elapsed=305s
progress: nodes=4,070,000,000 tested=0 found=0 n=388009107803769404119695 elapsed=305s
progress: nodes=4,080,000,000 tested=0 found=0 n=225830299333271385435705 elapsed=306s
progress: nodes=4,090,000,000 tested=0 found=0 n=372997354571460657175005 elapsed=306s
progress: nodes=4,100,000,000 tested=0 found=0 n=361866499085937689474895 elapsed=307s
progress: nodes=4,110,000,000 tested=0 found=0 n=348059878778487075472305 elapsed=307s
progress: nodes=4,120,000,000 tested=0 found=0 n=316272547843269424788645 elapsed=308s
progress: nodes=4,130,000,000 tested=0 found=0 n=347797507103935167831255 elapsed=308s
progress: nodes=4,140,000,000 tested=0 found=0 n=544222259195668546545855 elapsed=309s
progress: nodes=4,150,000,000 tested=0 found=0 n=544307038311194974035 elapsed=310s
progress: nodes=4,160,000,000 tested=0 found=0 n=768179415842080633555065 elapsed=310s
progress: nodes=4,170,000,000 tested=0 found=0 n=860834851581202326882405 elapsed=311s
progress: nodes=4,180,000,000 tested=0 found=0 n=493340845691562751718055 elapsed=312s
progress: nodes=4,190,000,000 tested=0 found=0 n=406739489339985715525095 elapsed=313s
progress: nodes=4,200,000,000 tested=0 found=0 n=903749317289018931177315 elapsed=314s
progress: nodes=4,210,000,000 tested=0 found=0 n=413509025815937601443685 elapsed=315s
progress: nodes=4,220,000,000 tested=0 found=0 n=836233558255551142847655 elapsed=315s
progress: nodes=4,230,000,000 tested=0 found=0 n=770530306418282700745785 elapsed=316s
progress: nodes=4,240,000,000 tested=0 found=0 n=695619635622137948105505 elapsed=317s
progress: nodes=4,250,000,000 tested=0 found=0 n=491005945565598301595955 elapsed=318s
progress: nodes=4,260,000,000 tested=0 found=0 n=659189990797943186071215 elapsed=319s
progress: nodes=4,270,000,000 tested=0 found=0 n=549231583926762636668505 elapsed=320s
progress: nodes=4,280,000,000 tested=0 found=0 n=830502685468252226139435 elapsed=321s
progress: nodes=4,290,000,000 tested=0 found=0 n=571523449637670478594965 elapsed=321s
progress: nodes=4,300,000,000 tested=0 found=0 n=569644918240923460741905 elapsed=322s
progress: nodes=4,310,000,000 tested=0 found=0 n=400308518253821282417565 elapsed=323s
progress: nodes=4,320,000,000 tested=0 found=0 n=3064868143422878966085 elapsed=324s
progress: nodes=4,330,000,000 tested=0 found=0 n=776729186218470184627455 elapsed=325s
progress: nodes=4,340,000,000 tested=0 found=0 n=575149117559502475822635 elapsed=326s
progress: nodes=4,350,000,000 tested=0 found=0 n=422302224318211644305085 elapsed=326s
progress: nodes=4,360,000,000 tested=0 found=0 n=575108770835449230846345 elapsed=327s
progress: nodes=4,370,000,000 tested=0 found=0 n=653207926115540670885945 elapsed=328s
progress: nodes=4,380,000,000 tested=0 found=0 n=127239359141785431812535 elapsed=329s
progress: nodes=4,390,000,000 tested=0 found=0 n=430810677484704792355905 elapsed=330s
progress: nodes=4,400,000,000 tested=0 found=0 n=411924916057196843657235 elapsed=331s
progress: nodes=4,410,000,000 tested=0 found=0 n=782867481960612911928615 elapsed=332s
progress: nodes=4,420,000,000 tested=0 found=0 n=815378054334591541301145 elapsed=332s
progress: nodes=4,430,000,000 tested=0 found=0 n=597759203220922339575165 elapsed=333s
progress: nodes=4,440,000,000 tested=0 found=0 n=457683077323482332366385 elapsed=334s
progress: nodes=4,450,000,000 tested=0 found=0 n=376419141539233844320665 elapsed=335s
progress: nodes=4,460,000,000 tested=0 found=0 n=223179221559303932826915 elapsed=336s
progress: nodes=4,470,000,000 tested=0 found=0 n=397731525687791303298345 elapsed=337s
progress: nodes=4,480,000,000 tested=0 found=0 n=633578969218766165499465 elapsed=338s
progress: nodes=4,490,000,000 tested=0 found=0 n=386245042665984105178905 elapsed=339s
progress: nodes=4,500,000,000 tested=0 found=0 n=464957599291312184664255 elapsed=340s
progress: nodes=4,510,000,000 tested=0 found=0 n=85996122509597088195 elapsed=341s
progress: nodes=4,520,000,000 tested=0 found=0 n=552002362913391261571755 elapsed=341s
progress: nodes=4,530,000,000 tested=0 found=0 n=439093985353214148991935 elapsed=342s
progress: nodes=4,540,000,000 tested=0 found=0 n=105994653817933321460415 elapsed=343s
progress: nodes=4,550,000,000 tested=0 found=0 n=340141403543834826225765 elapsed=344s
progress: nodes=4,560,000,000 tested=0 found=0 n=340723402922679378089895 elapsed=345s
progress: nodes=4,570,000,000 tested=0 found=0 n=397006816594125904967295 elapsed=346s
progress: nodes=4,580,000,000 tested=0 found=0 n=653148381786409744016265 elapsed=347s
progress: nodes=4,590,000,000 tested=0 found=0 n=446685470668858115846745 elapsed=348s
progress: nodes=4,600,000,000 tested=0 found=0 n=499991695423132807108665 elapsed=349s
progress: nodes=4,610,000,000 tested=0 found=0 n=387778092173876576991555 elapsed=350s
progress: nodes=4,620,000,000 tested=0 found=0 n=194426791641969329332395 elapsed=351s
progress: nodes=4,630,000,000 tested=0 found=0 n=272969430319324891487115 elapsed=352s
progress: nodes=4,640,000,000 tested=0 found=0 n=361627650716254459384815 elapsed=353s
progress: nodes=4,650,000,000 tested=0 found=0 n=408317363185112063856855 elapsed=353s
progress: nodes=4,660,000,000 tested=0 found=0 n=173018920716970719627555 elapsed=354s
progress: nodes=4,670,000,000 tested=0 found=0 n=280319019461051767348185 elapsed=355s
progress: nodes=4,680,000,000 tested=0 found=0 n=402569109114220182794715 elapsed=356s
progress: nodes=4,690,000,000 tested=0 found=0 n=858788670264339109035015 elapsed=357s
progress: nodes=4,700,000,000 tested=0 found=0 n=504843852158328782741895 elapsed=358s
progress: nodes=4,710,000,000 tested=0 found=0 n=104458408706869866964755 elapsed=359s
progress: nodes=4,720,000,000 tested=0 found=0 n=446583916672046964345645 elapsed=360s
progress: nodes=4,730,000,000 tested=0 found=0 n=925967173450951184782185 elapsed=361s
progress: nodes=4,740,000,000 tested=0 found=0 n=24959369767906202513445 elapsed=362s
progress: nodes=4,750,000,000 tested=0 found=0 n=451905236554671752845905 elapsed=362s
progress: nodes=4,760,000,000 tested=0 found=0 n=426607040622507648859395 elapsed=363s
progress: nodes=4,770,000,000 tested=0 found=0 n=883347483618576233931465 elapsed=364s
progress: nodes=4,780,000,000 tested=0 found=0 n=513929366034332299718535 elapsed=365s
progress: nodes=4,790,000,000 tested=0 found=0 n=853007145495356516658345 elapsed=366s
progress: nodes=4,800,000,000 tested=0 found=0 n=240342275432499576667155 elapsed=367s
progress: nodes=4,810,000,000 tested=0 found=0 n=120334541510050896744045 elapsed=368s
progress: nodes=4,820,000,000 tested=0 found=0 n=499370821663396125602115 elapsed=369s
progress: nodes=4,830,000,000 tested=0 found=0 n=120208913652015687080835 elapsed=370s
progress: nodes=4,840,000,000 tested=0 found=0 n=825490084558975225687935 elapsed=371s
progress: nodes=4,850,000,000 tested=0 found=0 n=67629596131411276737555 elapsed=372s
progress: nodes=4,860,000,000 tested=0 found=0 n=914517473663310302398635 elapsed=372s
progress: nodes=4,870,000,000 tested=0 found=0 n=101327072145536449195335 elapsed=373s
progress: nodes=4,880,000,000 tested=0 found=0 n=411965869283282730413745 elapsed=374s
progress: nodes=4,890,000,000 tested=0 found=0 n=97258174336238740985655 elapsed=375s
progress: nodes=4,900,000,000 tested=0 found=0 n=279255235185652211784045 elapsed=376s
progress: nodes=4,910,000,000 tested=0 found=0 n=111391935568716202986465 elapsed=377s
progress: nodes=4,920,000,000 tested=0 found=0 n=976810048479247972018095 elapsed=378s
progress: nodes=4,930,000,000 tested=0 found=0 n=882502387246390936770855 elapsed=379s
progress: nodes=4,940,000,000 tested=0 found=0 n=842069308237985815815465 elapsed=380s
progress: nodes=4,950,000,000 tested=0 found=0 n=593944384882942464580935 elapsed=381s
progress: nodes=4,960,000,000 tested=0 found=0 n=116334676102330571384565 elapsed=382s
progress: nodes=4,970,000,000 tested=0 found=0 n=169271381279580108160995 elapsed=382s
progress: nodes=4,980,000,000 tested=0 found=0 n=844855798091069014570485 elapsed=383s
progress: nodes=4,990,000,000 tested=0 found=0 n=446831344134150228761805 elapsed=384s
progress: nodes=5,000,000,000 tested=0 found=0 n=538186123167940120912335 elapsed=385s
progress: nodes=5,010,000,000 tested=0 found=0 n=22855947740145570576735 elapsed=386s
progress: nodes=5,020,000,000 tested=0 found=0 n=281490973269962334872895 elapsed=387s
progress: nodes=5,030,000,000 tested=0 found=0 n=309052929068259401292795 elapsed=388s
progress: nodes=5,040,000,000 tested=0 found=0 n=35352376362478300014945 elapsed=389s
progress: nodes=5,050,000,000 tested=0 found=0 n=152663201874320819463045 elapsed=390s
progress: nodes=5,060,000,000 tested=0 found=0 n=135661378139335945555065 elapsed=390s
progress: nodes=5,070,000,000 tested=0 found=0 n=277209445854243571588755 elapsed=391s
progress: nodes=5,080,000,000 tested=0 found=0 n=45616308872119517001195 elapsed=392s
progress: nodes=5,090,000,000 tested=0 found=0 n=55429053490286458506315 elapsed=393s
progress: nodes=5,100,000,000 tested=0 found=0 n=125131758717832737917805 elapsed=394s
progress: nodes=5,110,000,000 tested=0 found=0 n=81771589443275424953865 elapsed=394s
progress: nodes=5,120,000,000 tested=0 found=0 n=248476683885587200725165 elapsed=395s
progress: nodes=5,130,000,000 tested=0 found=0 n=104700003928444015107885 elapsed=396s
progress: nodes=5,140,000,000 tested=0 found=0 n=66754792284860016887715 elapsed=397s
progress: nodes=5,150,000,000 tested=0 found=0 n=33580882678444415033445 elapsed=397s
progress: nodes=5,160,000,000 tested=0 found=0 n=65882608502059002378285 elapsed=398s
progress: nodes=5,170,000,000 tested=0 found=0 n=31176646483705396936515 elapsed=399s
progress: nodes=5,180,000,000 tested=0 found=0 n=809397670204575855339255 elapsed=400s
progress: nodes=5,190,000,000 tested=0 found=0 n=57555101432005488524565 elapsed=400s
progress: nodes=5,200,000,000 tested=0 found=0 n=552328504215234559090245 elapsed=401s
progress: nodes=5,210,000,000 tested=0 found=0 n=464932737709810433032365 elapsed=401s
progress: nodes=5,220,000,000 tested=0 found=0 n=679050548869522672137735 elapsed=402s
progress: nodes=5,230,000,000 tested=0 found=0 n=479265353763600877942095 elapsed=402s
progress: nodes=5,240,000,000 tested=0 found=0 n=609663409076058690363615 elapsed=403s
progress: nodes=5,250,000,000 tested=0 found=0 n=493681972798764380202165 elapsed=403s
progress: nodes=5,260,000,000 tested=0 found=0 n=368706433813832711026485 elapsed=404s
progress: nodes=5,270,000,000 tested=0 found=0 n=415559748215989216304685 elapsed=404s
progress: nodes=5,280,000,000 tested=0 found=0 n=710136289896561958613535 elapsed=404s
progress: nodes=5,290,000,000 tested=0 found=0 n=802950586966631844216135 elapsed=405s
progress: nodes=5,300,000,000 tested=0 found=0 n=588146730081468767008965 elapsed=405s
progress: nodes=5,310,000,000 tested=0 found=0 n=599085457954750303687755 elapsed=406s
progress: nodes=5,320,000,000 tested=0 found=0 n=508366815158616419386755 elapsed=406s
progress: nodes=5,330,000,000 tested=0 found=0 n=723962157018113230177455 elapsed=407s
progress: nodes=5,340,000,000 tested=0 found=0 n=590705945589848880013695 elapsed=407s
progress: nodes=5,350,000,000 tested=0 found=0 n=641748765920975108368335 elapsed=408s
progress: nodes=5,360,000,000 tested=0 found=0 n=711605793286127368194885 elapsed=408s
progress: nodes=5,370,000,000 tested=0 found=0 n=762762833676406592623935 elapsed=408s
progress: nodes=5,380,000,000 tested=0 found=0 n=986143801465809781649415 elapsed=409s
progress: nodes=5,390,000,000 tested=0 found=0 n=959235889576126331766465 elapsed=409s
progress: nodes=5,400,000,000 tested=0 found=0 n=1688272396271812931085 elapsed=410s
progress: nodes=5,410,000,000 tested=0 found=0 n=843017981882407264825155 elapsed=410s
progress: nodes=5,420,000,000 tested=0 found=0 n=984440778644082183087015 elapsed=411s
progress: nodes=5,430,000,000 tested=0 found=0 n=880444610391359158245045 elapsed=412s
progress: nodes=5,440,000,000 tested=0 found=0 n=741666413455812687054465 elapsed=413s
progress: nodes=5,450,000,000 tested=0 found=0 n=470100441040054431489135 elapsed=413s
progress: nodes=5,460,000,000 tested=0 found=0 n=992813105308927100264055 elapsed=414s
progress: nodes=5,470,000,000 tested=0 found=0 n=993597176267036604545535 elapsed=415s
progress: nodes=5,480,000,000 tested=0 found=0 n=227053782867322347546555 elapsed=416s
progress: nodes=5,490,000,000 tested=0 found=0 n=616367447202634578943965 elapsed=417s
progress: nodes=5,500,000,000 tested=0 found=0 n=726602396242614828353505 elapsed=418s
progress: nodes=5,510,000,000 tested=0 found=0 n=920697529006691846695395 elapsed=419s
progress: nodes=5,520,000,000 tested=0 found=0 n=617718139166924964818595 elapsed=419s
progress: nodes=5,530,000,000 tested=0 found=0 n=804154747982229218172015 elapsed=420s
progress: nodes=5,540,000,000 tested=0 found=0 n=723520130196004212995055 elapsed=421s
progress: nodes=5,550,000,000 tested=0 found=0 n=218360878169416135271415 elapsed=422s
progress: nodes=5,560,000,000 tested=0 found=0 n=999394033849742028638745 elapsed=423s
progress: nodes=5,570,000,000 tested=0 found=0 n=560956108385119210247385 elapsed=424s
progress: nodes=5,580,000,000 tested=0 found=0 n=526068252918402084890505 elapsed=425s
progress: nodes=5,590,000,000 tested=0 found=0 n=214503964791662862306045 elapsed=426s
progress: nodes=5,600,000,000 tested=0 found=0 n=577503174464834818141755 elapsed=426s
progress: nodes=5,610,000,000 tested=0 found=0 n=533347910804344354222185 elapsed=427s
progress: nodes=5,620,000,000 tested=0 found=0 n=394410030600026909534715 elapsed=428s
progress: nodes=5,630,000,000 tested=0 found=0 n=280929186559165687750845 elapsed=429s
progress: nodes=5,640,000,000 tested=0 found=0 n=385392800376509247354285 elapsed=430s
progress: nodes=5,650,000,000 tested=0 found=0 n=95701470856714861378515 elapsed=431s
progress: nodes=5,660,000,000 tested=0 found=0 n=124026753458658333233115 elapsed=432s
progress: nodes=5,670,000,000 tested=0 found=0 n=208202162171843183123835 elapsed=433s
progress: nodes=5,680,000,000 tested=0 found=0 n=771700169612532961311885 elapsed=434s
progress: nodes=5,690,000,000 tested=0 found=0 n=382292581171734388540935 elapsed=434s
progress: nodes=5,700,000,000 tested=0 found=0 n=259703584749718096275585 elapsed=435s
progress: nodes=5,710,000,000 tested=0 found=0 n=419203810593573825542085 elapsed=436s
progress: nodes=5,720,000,000 tested=0 found=0 n=352267009628557804996545 elapsed=437s
progress: nodes=5,730,000,000 tested=0 found=0 n=953090263595329110215415 elapsed=438s
progress: nodes=5,740,000,000 tested=0 found=0 n=124469279031691866164805 elapsed=439s
progress: nodes=5,750,000,000 tested=0 found=0 n=155867332188664848006585 elapsed=440s
progress: nodes=5,760,000,000 tested=0 found=0 n=322723388248979040055755 elapsed=441s
progress: nodes=5,770,000,000 tested=0 found=0 n=39928921996859563639455 elapsed=442s
progress: nodes=5,780,000,000 tested=0 found=0 n=141559974933583561314795 elapsed=443s
progress: nodes=5,790,000,000 tested=0 found=0 n=776571599173444549978635 elapsed=443s
progress: nodes=5,800,000,000 tested=0 found=0 n=136200282610394749324545 elapsed=444s
progress: nodes=5,810,000,000 tested=0 found=0 n=295046430468569152212015 elapsed=445s
progress: nodes=5,820,000,000 tested=0 found=0 n=117468970782525853314615 elapsed=446s
progress: nodes=5,830,000,000 tested=0 found=0 n=965603407906187769348135 elapsed=447s
progress: nodes=5,840,000,000 tested=0 found=0 n=277540727784261298355295 elapsed=448s
progress: nodes=5,850,000,000 tested=0 found=0 n=75099403223219958387255 elapsed=449s
progress: nodes=5,860,000,000 tested=0 found=0 n=610720011015511451435865 elapsed=450s
progress: nodes=5,870,000,000 tested=0 found=0 n=65000056011621020151345 elapsed=450s
progress: nodes=5,880,000,000 tested=0 found=0 n=712853383118812890499215 elapsed=451s
progress: nodes=5,890,000,000 tested=0 found=0 n=529002938845347090527205 elapsed=452s
progress: nodes=5,900,000,000 tested=0 found=0 n=68226453487908375699105 elapsed=453s
progress: nodes=5,910,000,000 tested=0 found=0 n=279065264698830636856665 elapsed=454s
progress: nodes=5,920,000,000 tested=0 found=0 n=46291198227656415323895 elapsed=455s
progress: nodes=5,930,000,000 tested=0 found=0 n=315776648767372691108265 elapsed=455s
progress: nodes=5,940,000,000 tested=0 found=0 n=120032316801374446359495 elapsed=456s
progress: nodes=5,950,000,000 tested=0 found=0 n=905201194337306147037735 elapsed=457s
progress: nodes=5,960,000,000 tested=0 found=0 n=91126961003621386399545 elapsed=458s
progress: nodes=5,970,000,000 tested=0 found=0 n=89916357679736624084565 elapsed=459s
progress: nodes=5,980,000,000 tested=0 found=0 n=135551685189077144595135 elapsed=459s
progress: nodes=5,990,000,000 tested=0 found=0 n=226903088336350594220415 elapsed=460s
progress: nodes=6,000,000,000 tested=0 found=0 n=412633088546114725315785 elapsed=461s
progress: nodes=6,010,000,000 tested=0 found=0 n=451247728833186527868615 elapsed=462s
progress: nodes=6,020,000,000 tested=0 found=0 n=842340722284093485347235 elapsed=462s
progress: nodes=6,030,000,000 tested=0 found=0 n=185430687279813492092235 elapsed=463s
progress: nodes=6,040,000,000 tested=0 found=0 n=689686537928844796985205 elapsed=464s
progress: nodes=6,050,000,000 tested=0 found=0 n=572048306917262895154545 elapsed=465s
progress: nodes=6,060,000,000 tested=0 found=0 n=869686374662062313483655 elapsed=466s
progress: nodes=6,070,000,000 tested=0 found=0 n=936928619587133255022435 elapsed=466s
progress: nodes=6,080,000,000 tested=0 found=0 n=105432901782375592655505 elapsed=467s
progress: nodes=6,090,000,000 tested=0 found=0 n=90694477100693906643555 elapsed=468s
progress: nodes=6,100,000,000 tested=0 found=0 n=497392600321301210280315 elapsed=469s
progress: nodes=6,110,000,000 tested=0 found=0 n=47665412895061348196535 elapsed=469s
progress: nodes=6,120,000,000 tested=0 found=0 n=121523146062385873881735 elapsed=470s
progress: nodes=6,130,000,000 tested=0 found=0 n=88101168984495461008665 elapsed=471s
progress: nodes=6,140,000,000 tested=0 found=0 n=380757283801261367847165 elapsed=471s
progress: nodes=6,150,000,000 tested=0 found=0 n=27168841596318158488455 elapsed=472s
progress: nodes=6,160,000,000 tested=0 found=0 n=905674103345205708177015 elapsed=473s
progress: nodes=6,170,000,000 tested=0 found=0 n=88328763222935270887665 elapsed=473s
progress: nodes=6,180,000,000 tested=0 found=0 n=214253790027487936976745 elapsed=474s
progress: nodes=6,190,000,000 tested=0 found=0 n=38716979260419687889035 elapsed=474s
progress: nodes=6,200,000,000 tested=0 found=0 n=21461229667584202057155 elapsed=475s
progress: nodes=6,210,000,000 tested=0 found=0 n=21607194275429646265965 elapsed=475s
progress: nodes=6,220,000,000 tested=0 found=0 n=352945080960331833606105 elapsed=476s
progress: nodes=6,230,000,000 tested=0 found=0 n=900927766624025810272185 elapsed=477s
progress: nodes=6,240,000,000 tested=0 found=0 n=76152459085010525966265 elapsed=477s
progress: nodes=6,250,000,000 tested=0 found=0 n=530594449092127977149835 elapsed=478s
progress: nodes=6,260,000,000 tested=0 found=0 n=357875091128761349560065 elapsed=478s
progress: nodes=6,270,000,000 tested=0 found=0 n=143761455899166414346785 elapsed=479s
progress: nodes=6,280,000,000 tested=0 found=0 n=409943865440689778053845 elapsed=479s
progress: nodes=6,290,000,000 tested=0 found=0 n=123514136872531296135255 elapsed=480s
progress: nodes=6,300,000,000 tested=0 found=0 n=58956408270683114487615 elapsed=480s
progress: nodes=6,310,000,000 tested=0 found=0 n=180938134552275538468965 elapsed=481s
progress: nodes=6,320,000,000 tested=0 found=0 n=134361129335914506559545 elapsed=481s
progress: nodes=6,330,000,000 tested=0 found=0 n=130114074884307438227985 elapsed=481s
progress: nodes=6,340,000,000 tested=0 found=0 n=80289706159090943250615 elapsed=482s
progress: nodes=6,350,000,000 tested=0 found=0 n=113102213039804515298805 elapsed=482s
progress: nodes=6,360,000,000 tested=0 found=0 n=2956427401673224532295 elapsed=483s
progress: nodes=6,370,000,000 tested=0 found=0 n=827867787273562654895265 elapsed=484s
progress: nodes=6,380,000,000 tested=0 found=0 n=855199515437930711804085 elapsed=484s
progress: nodes=6,390,000,000 tested=0 found=0 n=181679710186325869155 elapsed=485s
progress: nodes=6,400,000,000 tested=0 found=0 n=939229319453995875037095 elapsed=486s
progress: nodes=6,410,000,000 tested=0 found=0 n=937291761886236616405755 elapsed=487s
progress: nodes=6,420,000,000 tested=0 found=0 n=679735202257412771865615 elapsed=488s
progress: nodes=6,430,000,000 tested=0 found=0 n=432171571256712842725665 elapsed=489s
progress: nodes=6,440,000,000 tested=0 found=0 n=572379506642564749294155 elapsed=489s
progress: nodes=6,450,000,000 tested=0 found=0 n=943687627552020597087105 elapsed=490s
progress: nodes=6,460,000,000 tested=0 found=0 n=444851646180884272936485 elapsed=491s
progress: nodes=6,470,000,000 tested=0 found=0 n=317522688232577898765915 elapsed=492s
progress: nodes=6,480,000,000 tested=0 found=0 n=399311048473001473868235 elapsed=493s
progress: nodes=6,490,000,000 tested=0 found=0 n=405478568463672698388405 elapsed=494s
progress: nodes=6,500,000,000 tested=0 found=0 n=205125206895564575059935 elapsed=495s
progress: nodes=6,510,000,000 tested=0 found=0 n=604343667735641277513135 elapsed=496s
progress: nodes=6,520,000,000 tested=0 found=0 n=307344509163575371229445 elapsed=496s
progress: nodes=6,530,000,000 tested=0 found=0 n=696333463544182140043785 elapsed=497s
progress: nodes=6,540,000,000 tested=0 found=0 n=730591132733003775009645 elapsed=498s
progress: nodes=6,550,000,000 tested=0 found=0 n=356612637704775152353785 elapsed=499s
progress: nodes=6,560,000,000 tested=0 found=0 n=790653091683314903341815 elapsed=500s
progress: nodes=6,570,000,000 tested=0 found=0 n=493855270001702018050905 elapsed=501s
progress: nodes=6,580,000,000 tested=0 found=0 n=253964351537921193839505 elapsed=502s
progress: nodes=6,590,000,000 tested=0 found=0 n=443344435799829637698405 elapsed=503s
progress: nodes=6,600,000,000 tested=0 found=0 n=764098435086638725413945 elapsed=504s
progress: nodes=6,610,000,000 tested=0 found=0 n=505148399934694034590665 elapsed=505s
progress: nodes=6,620,000,000 tested=0 found=0 n=247913111574679754834235 elapsed=505s
progress: nodes=6,630,000,000 tested=0 found=0 n=334826215983858194457345 elapsed=506s
progress: nodes=6,640,000,000 tested=0 found=0 n=558277369565053262687145 elapsed=507s
progress: nodes=6,650,000,000 tested=0 found=0 n=882410568069771079623405 elapsed=508s
progress: nodes=6,660,000,000 tested=0 found=0 n=183850089864593898685995 elapsed=509s
progress: nodes=6,670,000,000 tested=0 found=0 n=189874481748696146987145 elapsed=510s
progress: nodes=6,680,000,000 tested=0 found=0 n=787618496014784124395265 elapsed=511s
progress: nodes=6,690,000,000 tested=0 found=0 n=446383740526526253924495 elapsed=512s
progress: nodes=6,700,000,000 tested=0 found=0 n=129352038627148262125695 elapsed=513s
progress: nodes=6,710,000,000 tested=0 found=0 n=628290406472707271151045 elapsed=514s
progress: nodes=6,720,000,000 tested=0 found=0 n=243893765437723431544635 elapsed=515s
progress: nodes=6,730,000,000 tested=0 found=0 n=140372179602308628993315 elapsed=515s
progress: nodes=6,740,000,000 tested=0 found=0 n=514210808343314742115005 elapsed=516s
progress: nodes=6,750,000,000 tested=0 found=0 n=165257131243546371668265 elapsed=517s
progress: nodes=6,760,000,000 tested=0 found=0 n=91634644503643833436185 elapsed=518s
progress: nodes=6,770,000,000 tested=0 found=0 n=725804951370061371554295 elapsed=519s
progress: nodes=6,780,000,000 tested=0 found=0 n=66334996720173784022145 elapsed=520s
progress: nodes=6,790,000,000 tested=0 found=0 n=285641106505633507297185 elapsed=521s
progress: nodes=6,800,000,000 tested=0 found=0 n=234979544173121565770205 elapsed=521s
progress: nodes=6,810,000,000 tested=0 found=0 n=855327319402164869240145 elapsed=522s
progress: nodes=6,820,000,000 tested=0 found=0 n=68757488512642013188005 elapsed=523s
progress: nodes=6,830,000,000 tested=0 found=0 n=61119349573837362360795 elapsed=524s
progress: nodes=6,840,000,000 tested=0 found=0 n=731607810930820052129835 elapsed=524s
progress: nodes=6,850,000,000 tested=0 found=0 n=359368412358463381213065 elapsed=525s
progress: nodes=6,860,000,000 tested=0 found=0 n=841320583627277940603615 elapsed=526s
progress: nodes=6,870,000,000 tested=0 found=0 n=26080381277417430531315 elapsed=527s
progress: nodes=6,880,000,000 tested=0 found=0 n=655388793030134139756615 elapsed=527s
progress: nodes=6,890,000,000 tested=0 found=0 n=29605618345214212240005 elapsed=528s
progress: nodes=6,900,000,000 tested=0 found=0 n=162165277165442768706555 elapsed=529s
progress: nodes=6,910,000,000 tested=0 found=0 n=55553420681463161406015 elapsed=530s
progress: nodes=6,920,000,000 tested=0 found=0 n=611685579414428384217165 elapsed=530s
progress: nodes=6,930,000,000 tested=0 found=0 n=538449404171899125816405 elapsed=531s
progress: nodes=6,940,000,000 tested=0 found=0 n=80807576285958643124685 elapsed=532s
progress: nodes=6,950,000,000 tested=0 found=0 n=499496205542535532718145 elapsed=533s
progress: nodes=6,960,000,000 tested=0 found=0 n=29795308799268412956105 elapsed=533s
progress: nodes=6,970,000,000 tested=0 found=0 n=161237021385407871123495 elapsed=534s
progress: nodes=6,980,000,000 tested=0 found=0 n=738844799667599198325015 elapsed=535s
progress: nodes=6,990,000,000 tested=0 found=0 n=45686182908608550251955 elapsed=535s
progress: nodes=7,000,000,000 tested=0 found=0 n=152603323267455772907085 elapsed=536s
progress: nodes=7,010,000,000 tested=0 found=0 n=466626772784348895633255 elapsed=537s
progress: nodes=7,020,000,000 tested=0 found=0 n=24355760874094610112735 elapsed=537s
progress: nodes=7,030,000,000 tested=0 found=0 n=37180375973912243638665 elapsed=538s
progress: nodes=7,040,000,000 tested=0 found=0 n=135362769160157996404365 elapsed=539s
progress: nodes=7,050,000,000 tested=0 found=0 n=593969380026523661353545 elapsed=539s
progress: nodes=7,060,000,000 tested=0 found=0 n=77672386150888006037835 elapsed=540s
progress: nodes=7,070,000,000 tested=0 found=0 n=60950233956845777182155 elapsed=541s
progress: nodes=7,080,000,000 tested=0 found=0 n=30174133508765172641385 elapsed=541s
progress: nodes=7,090,000,000 tested=0 found=0 n=440669663825064886530945 elapsed=542s
progress: nodes=7,100,000,000 tested=0 found=0 n=24420684917923001229555 elapsed=542s
progress: nodes=7,110,000,000 tested=0 found=0 n=23744245309896037226355 elapsed=543s
progress: nodes=7,120,000,000 tested=0 found=0 n=102382058502800139468735 elapsed=543s
progress: nodes=7,130,000,000 tested=0 found=0 n=233706032231714967972465 elapsed=544s
progress: nodes=7,140,000,000 tested=0 found=0 n=671785413752841923191635 elapsed=544s
progress: nodes=7,150,000,000 tested=0 found=0 n=771352816068929365702695 elapsed=545s
progress: nodes=7,160,000,000 tested=0 found=0 n=685727601260469677086815 elapsed=545s
progress: nodes=7,170,000,000 tested=0 found=0 n=903816801628535920139685 elapsed=545s
progress: nodes=7,180,000,000 tested=0 found=0 n=783939859639035238071405 elapsed=546s
progress: nodes=7,190,000,000 tested=0 found=0 n=516861649867177055124585 elapsed=546s
progress: nodes=7,200,000,000 tested=0 found=0 n=361642671871856865966465 elapsed=547s
progress: nodes=7,210,000,000 tested=0 found=0 n=862091751328349811099435 elapsed=547s
progress: nodes=7,220,000,000 tested=0 found=0 n=934263360240713929133235 elapsed=548s
progress: nodes=7,230,000,000 tested=0 found=0 n=883289400594712582427055 elapsed=548s
progress: nodes=7,240,000,000 tested=0 found=0 n=557282441770183227621105 elapsed=549s
progress: nodes=7,250,000,000 tested=0 found=0 n=713435769181907324441955 elapsed=549s
progress: nodes=7,260,000,000 tested=0 found=0 n=964847747716659827370405 elapsed=549s
progress: nodes=7,270,000,000 tested=0 found=0 n=808573989677564963373345 elapsed=550s
progress: nodes=7,280,000,000 tested=0 found=0 n=841641050714615709267105 elapsed=550s
progress: nodes=7,290,000,000 tested=0 found=0 n=599265542709955896650865 elapsed=551s
progress: nodes=7,300,000,000 tested=0 found=0 n=418726808771736642160005 elapsed=551s
progress: nodes=7,310,000,000 tested=0 found=0 n=938629646365461938771895 elapsed=552s
progress: nodes=7,320,000,000 tested=0 found=0 n=711623287461860753473395 elapsed=552s
progress: nodes=7,330,000,000 tested=0 found=0 n=417334801558962933948555 elapsed=553s
progress: nodes=7,340,000,000 tested=0 found=0 n=787989528900101625754635 elapsed=553s
progress: nodes=7,350,000,000 tested=0 found=0 n=582856241882426060679405 elapsed=554s
progress: nodes=7,360,000,000 tested=0 found=0 n=564821388601015648030335 elapsed=554s
progress: nodes=7,370,000,000 tested=0 found=0 n=909189055932374161588545 elapsed=554s
progress: nodes=7,380,000,000 tested=0 found=0 n=811042901588918682172665 elapsed=555s
progress: nodes=7,390,000,000 tested=0 found=0 n=892614672636566470720965 elapsed=555s
progress: nodes=7,400,000,000 tested=0 found=0 n=843812723538840124888335 elapsed=556s
progress: nodes=7,410,000,000 tested=0 found=0 n=884788713493353008276805 elapsed=556s
progress: nodes=7,420,000,000 tested=0 found=0 n=930192533434838819771505 elapsed=557s
progress: nodes=7,430,000,000 tested=0 found=0 n=841818834853254154869885 elapsed=557s
progress: nodes=7,440,000,000 tested=0 found=0 n=364200098305416240953745 elapsed=558s
progress: nodes=7,450,000,000 tested=0 found=0 n=907338036058867926695655 elapsed=559s
progress: nodes=7,460,000,000 tested=0 found=0 n=643256183342111680742445 elapsed=560s
progress: nodes=7,470,000,000 tested=0 found=0 n=987112814057780613712245 elapsed=561s
progress: nodes=7,480,000,000 tested=0 found=0 n=536369365230586138625715 elapsed=562s
progress: nodes=7,490,000,000 tested=0 found=0 n=555709874062514380261965 elapsed=562s
progress: nodes=7,500,000,000 tested=0 found=0 n=773004490634368869350265 elapsed=563s
progress: nodes=7,510,000,000 tested=0 found=0 n=896190371781427147558815 elapsed=564s
progress: nodes=7,520,000,000 tested=0 found=0 n=471334431981228563020185 elapsed=565s
progress: nodes=7,530,000,000 tested=0 found=0 n=570498465742377505157385 elapsed=566s
progress: nodes=7,540,000,000 tested=0 found=0 n=717622948777444739695215 elapsed=567s
progress: nodes=7,550,000,000 tested=0 found=0 n=647467381648871340463665 elapsed=568s
progress: nodes=7,560,000,000 tested=0 found=0 n=151641388011008650738005 elapsed=568s
progress: nodes=7,570,000,000 tested=0 found=0 n=742004749199699547367905 elapsed=569s
progress: nodes=7,580,000,000 tested=0 found=0 n=309751257646044940725945 elapsed=570s
progress: nodes=7,590,000,000 tested=0 found=0 n=747558025743790741069755 elapsed=571s
progress: nodes=7,600,000,000 tested=0 found=0 n=225777501748932067087065 elapsed=572s
progress: nodes=7,610,000,000 tested=0 found=0 n=153051873721606431108405 elapsed=573s
progress: nodes=7,620,000,000 tested=0 found=0 n=264970564994363021378145 elapsed=574s
progress: nodes=7,630,000,000 tested=0 found=0 n=183293500573726790651415 elapsed=575s
progress: nodes=7,640,000,000 tested=0 found=0 n=362651839061237062817535 elapsed=576s
progress: nodes=7,650,000,000 tested=0 found=0 n=258462834570807027963615 elapsed=576s
progress: nodes=7,660,000,000 tested=0 found=0 n=232001897858035382524095 elapsed=577s
progress: nodes=7,670,000,000 tested=0 found=0 n=739061936038996079310405 elapsed=578s
progress: nodes=7,680,000,000 tested=0 found=0 n=604728872676026866297035 elapsed=579s
progress: nodes=7,690,000,000 tested=0 found=0 n=602871222291682963181805 elapsed=580s
progress: nodes=7,700,000,000 tested=0 found=0 n=146870443493066541230235 elapsed=581s
progress: nodes=7,710,000,000 tested=0 found=0 n=798687412257079715711715 elapsed=582s
progress: nodes=7,720,000,000 tested=0 found=0 n=20921011015287946948605 elapsed=583s
progress: nodes=7,730,000,000 tested=0 found=0 n=113899869390174589451565 elapsed=583s
progress: nodes=7,740,000,000 tested=0 found=0 n=982040461813551060542655 elapsed=584s
progress: nodes=7,750,000,000 tested=0 found=0 n=205788253548571577280045 elapsed=585s
progress: nodes=7,760,000,000 tested=0 found=0 n=179287040898647973744255 elapsed=586s
progress: nodes=7,770,000,000 tested=0 found=0 n=526331906317837227839715 elapsed=587s
progress: nodes=7,780,000,000 tested=0 found=0 n=191725128510302822991435 elapsed=588s
progress: nodes=7,790,000,000 tested=0 found=0 n=81933500131958826198045 elapsed=588s
progress: nodes=7,800,000,000 tested=0 found=0 n=296915892806663624712735 elapsed=589s
progress: nodes=7,810,000,000 tested=0 found=0 n=44682181103670750229095 elapsed=590s
progress: nodes=7,820,000,000 tested=0 found=0 n=701826547455651915104445 elapsed=590s
progress: nodes=7,830,000,000 tested=0 found=0 n=60735392404983862175115 elapsed=591s
progress: nodes=7,840,000,000 tested=0 found=0 n=664539819931994291288685 elapsed=592s
progress: nodes=7,850,000,000 tested=0 found=0 n=535660400357019488865105 elapsed=593s
progress: nodes=7,860,000,000 tested=0 found=0 n=520548271204377754794555 elapsed=593s
progress: nodes=7,870,000,000 tested=0 found=0 n=54192471346744868601585 elapsed=594s
progress: nodes=7,880,000,000 tested=0 found=0 n=161296466615425132661835 elapsed=595s
progress: nodes=7,890,000,000 tested=0 found=0 n=36076803859217755862415 elapsed=595s
progress: nodes=7,900,000,000 tested=0 found=0 n=97214392607663114263755 elapsed=596s
progress: nodes=7,910,000,000 tested=0 found=0 n=871299172830095369033355 elapsed=597s
progress: nodes=7,920,000,000 tested=0 found=0 n=121272391353907927525095 elapsed=597s
progress: nodes=7,930,000,000 tested=0 found=0 n=562599095305994928364095 elapsed=598s
progress: nodes=7,940,000,000 tested=0 found=0 n=886308032606420610694035 elapsed=599s
progress: nodes=7,950,000,000 tested=0 found=0 n=170474312684817643649895 elapsed=599s
progress: nodes=7,960,000,000 tested=0 found=0 n=77578222243493782710405 elapsed=600s
progress: nodes=7,970,000,000 tested=0 found=0 n=285453364490117849269035 elapsed=601s
progress: nodes=7,980,000,000 tested=0 found=0 n=796407818519738864062305 elapsed=601s
progress: nodes=7,990,000,000 tested=0 found=0 n=482746751415030197939085 elapsed=602s
progress: nodes=8,000,000,000 tested=0 found=0 n=18356138999397354782385 elapsed=603s
progress: nodes=8,010,000,000 tested=0 found=0 n=15913127089523079482715 elapsed=603s
progress: nodes=8,020,000,000 tested=0 found=0 n=15876453473598190040865 elapsed=604s
progress: nodes=8,030,000,000 tested=0 found=0 n=114149644604765586926505 elapsed=604s
progress: nodes=8,040,000,000 tested=0 found=0 n=79004028627303907000995 elapsed=605s
progress: nodes=8,050,000,000 tested=0 found=0 n=6472179473995992886965 elapsed=605s
progress: nodes=8,060,000,000 tested=0 found=0 n=10938501541597282466715 elapsed=606s
progress: nodes=8,070,000,000 tested=0 found=0 n=967613761169528021744085 elapsed=606s
progress: nodes=8,080,000,000 tested=0 found=0 n=962549379113098272543135 elapsed=607s
progress: nodes=8,090,000,000 tested=0 found=0 n=692959532273190072495 elapsed=607s
progress: nodes=8,100,000,000 tested=0 found=0 n=924074545571635899251745 elapsed=608s
progress: nodes=8,110,000,000 tested=0 found=0 n=208445586540367799971755 elapsed=609s
progress: nodes=8,120,000,000 tested=0 found=0 n=668674780555540180811895 elapsed=610s
progress: nodes=8,130,000,000 tested=0 found=0 n=526718879455579158265335 elapsed=611s
progress: nodes=8,140,000,000 tested=0 found=0 n=864018004326968271462165 elapsed=612s
progress: nodes=8,150,000,000 tested=0 found=0 n=393625006169196187831995 elapsed=612s
progress: nodes=8,160,000,000 tested=0 found=0 n=829202368493647287563985 elapsed=613s
progress: nodes=8,170,000,000 tested=0 found=0 n=678901823975135416200435 elapsed=614s
progress: nodes=8,180,000,000 tested=0 found=0 n=667888921927287436444695 elapsed=615s
progress: nodes=8,190,000,000 tested=0 found=0 n=380827631276757291795795 elapsed=616s
progress: nodes=8,200,000,000 tested=0 found=0 n=660723768962567827717365 elapsed=617s
progress: nodes=8,210,000,000 tested=0 found=0 n=966680436776281518601035 elapsed=618s
progress: nodes=8,220,000,000 tested=0 found=0 n=328234165975246131140265 elapsed=618s
progress: nodes=8,230,000,000 tested=0 found=0 n=209439613559297998091655 elapsed=619s
progress: nodes=8,240,000,000 tested=0 found=0 n=147618706775287219530795 elapsed=620s
progress: nodes=8,250,000,000 tested=0 found=0 n=668419715981026236897945 elapsed=621s
progress: nodes=8,260,000,000 tested=0 found=0 n=147056710248859377323115 elapsed=622s
progress: nodes=8,270,000,000 tested=0 found=0 n=167049665589136952044665 elapsed=623s
progress: nodes=8,280,000,000 tested=0 found=0 n=161785726459757611955865 elapsed=624s
progress: nodes=8,290,000,000 tested=0 found=0 n=703542362565842032729815 elapsed=625s
progress: nodes=8,300,000,000 tested=0 found=0 n=292410060882557229172935 elapsed=626s
progress: nodes=8,310,000,000 tested=0 found=0 n=144622775380212836782515 elapsed=627s
progress: nodes=8,320,000,000 tested=0 found=0 n=65271262237856119077435 elapsed=627s
progress: nodes=8,330,000,000 tested=0 found=0 n=411387423743091560678595 elapsed=628s
progress: nodes=8,340,000,000 tested=0 found=0 n=52160277657072580953705 elapsed=629s
progress: nodes=8,350,000,000 tested=0 found=0 n=107509455121440506153085 elapsed=630s
progress: nodes=8,360,000,000 tested=0 found=0 n=480627884627340358180635 elapsed=631s
progress: nodes=8,370,000,000 tested=0 found=0 n=189774330704619482206935 elapsed=631s
progress: nodes=8,380,000,000 tested=0 found=0 n=875519109998232403420035 elapsed=632s
progress: nodes=8,390,000,000 tested=0 found=0 n=213607172072487344936895 elapsed=633s
progress: nodes=8,400,000,000 tested=0 found=0 n=146815151231315960263035 elapsed=633s
progress: nodes=8,410,000,000 tested=0 found=0 n=292494908131659890652105 elapsed=634s
progress: nodes=8,420,000,000 tested=0 found=0 n=26127666112872110328135 elapsed=635s
progress: nodes=8,430,000,000 tested=0 found=0 n=378847591855527093037695 elapsed=636s
progress: nodes=8,440,000,000 tested=0 found=0 n=102198310974385984116495 elapsed=636s
progress: nodes=8,450,000,000 tested=0 found=0 n=626679728350821768931605 elapsed=637s
progress: nodes=8,460,000,000 tested=0 found=0 n=107573401665874712292615 elapsed=638s
progress: nodes=8,470,000,000 tested=0 found=0 n=239590021051016469157995 elapsed=638s
progress: nodes=8,480,000,000 tested=0 found=0 n=31297640863999633892505 elapsed=639s
progress: nodes=8,490,000,000 tested=0 found=0 n=93403285651814788772595 elapsed=640s
progress: nodes=8,500,000,000 tested=0 found=0 n=285552871283609195632245 elapsed=640s
progress: nodes=8,510,000,000 tested=0 found=0 n=952570841440661865897255 elapsed=641s
progress: nodes=8,520,000,000 tested=0 found=0 n=44998748186551854555465 elapsed=642s
progress: nodes=8,530,000,000 tested=0 found=0 n=119874795751678976673885 elapsed=642s
progress: nodes=8,540,000,000 tested=0 found=0 n=663179810027973159695895 elapsed=643s
progress: nodes=8,550,000,000 tested=0 found=0 n=550138349975372709551055 elapsed=643s
progress: nodes=8,560,000,000 tested=0 found=0 n=316554075095979084465915 elapsed=644s
progress: nodes=8,570,000,000 tested=0 found=0 n=699534736868254554834435 elapsed=645s
progress: nodes=8,580,000,000 tested=0 found=0 n=55653673686319149718365 elapsed=645s
progress: nodes=8,590,000,000 tested=0 found=0 n=26608214695451635405665 elapsed=646s
progress: nodes=8,600,000,000 tested=0 found=0 n=15215776828509894339285 elapsed=647s
progress: nodes=8,610,000,000 tested=0 found=0 n=73857446602303835377665 elapsed=647s
progress: nodes=8,620,000,000 tested=0 found=0 n=6804358329027328892955 elapsed=648s
progress: nodes=8,630,000,000 tested=0 found=0 n=622981267650608149967805 elapsed=648s
progress: nodes=8,640,000,000 tested=0 found=0 n=524350930455959358182805 elapsed=649s
progress: nodes=8,650,000,000 tested=0 found=0 n=617554125625444823285415 elapsed=649s
progress: nodes=8,660,000,000 tested=0 found=0 n=974292903829141861029615 elapsed=650s
progress: nodes=8,670,000,000 tested=0 found=0 n=871529754402009561957615 elapsed=651s
progress: nodes=8,680,000,000 tested=0 found=0 n=805851681295589132706315 elapsed=651s
progress: nodes=8,690,000,000 tested=0 found=0 n=748137716404757759588805 elapsed=652s
progress: nodes=8,700,000,000 tested=0 found=0 n=861607305582340386013065 elapsed=653s
progress: nodes=8,710,000,000 tested=0 found=0 n=632016318075661306436715 elapsed=654s
progress: nodes=8,720,000,000 tested=0 found=0 n=369523721353478424095385 elapsed=655s
progress: nodes=8,730,000,000 tested=0 found=0 n=665370020197026093706515 elapsed=656s
progress: nodes=8,740,000,000 tested=0 found=0 n=583886124433943841107565 elapsed=657s
progress: nodes=8,750,000,000 tested=0 found=0 n=873836149276174659580665 elapsed=657s
progress: nodes=8,760,000,000 tested=0 found=0 n=184319849305159714543815 elapsed=658s
progress: nodes=8,770,000,000 tested=0 found=0 n=649226404987727659172685 elapsed=659s
progress: nodes=8,780,000,000 tested=0 found=0 n=131171679297061981583445 elapsed=660s
progress: nodes=8,790,000,000 tested=0 found=0 n=263912857556032064331765 elapsed=661s
progress: nodes=8,800,000,000 tested=0 found=0 n=847417712446363558567815 elapsed=662s
progress: nodes=8,810,000,000 tested=0 found=0 n=559987020581257827729765 elapsed=663s
progress: nodes=8,820,000,000 tested=0 found=0 n=506320512769678563147015 elapsed=664s
progress: nodes=8,830,000,000 tested=0 found=0 n=136328656304223116305605 elapsed=665s
progress: nodes=8,840,000,000 tested=0 found=0 n=586623509038535840503335 elapsed=666s
progress: nodes=8,850,000,000 tested=0 found=0 n=341743515734084935522095 elapsed=666s
progress: nodes=8,860,000,000 tested=0 found=0 n=61033583884788565657695 elapsed=667s
progress: nodes=8,870,000,000 tested=0 found=0 n=612224369790750809463195 elapsed=668s
progress: nodes=8,880,000,000 tested=0 found=0 n=506045378106029947407255 elapsed=669s
progress: nodes=8,890,000,000 tested=0 found=0 n=276919379436872367470385 elapsed=670s
progress: nodes=8,900,000,000 tested=0 found=0 n=89245566085848110288955 elapsed=670s
progress: nodes=8,910,000,000 tested=0 found=0 n=496442747192029111922085 elapsed=671s
progress: nodes=8,920,000,000 tested=0 found=0 n=38164543668557007403185 elapsed=672s
progress: nodes=8,930,000,000 tested=0 found=0 n=620051055281730449221185 elapsed=673s
progress: nodes=8,940,000,000 tested=0 found=0 n=110203690177286625002985 elapsed=674s
progress: nodes=8,950,000,000 tested=0 found=0 n=63025448308211216694735 elapsed=674s
progress: nodes=8,960,000,000 tested=0 found=0 n=644764788494235102625965 elapsed=675s
progress: nodes=8,970,000,000 tested=0 found=0 n=134156708146525631896395 elapsed=676s
progress: nodes=8,980,000,000 tested=0 found=0 n=361362461912714385482535 elapsed=677s
progress: nodes=8,990,000,000 tested=0 found=0 n=157790330760366883746585 elapsed=677s
progress: nodes=9,000,000,000 tested=0 found=0 n=371533211371872383824485 elapsed=678s
progress: nodes=9,010,000,000 tested=0 found=0 n=62139104711029209799485 elapsed=678s
progress: nodes=9,020,000,000 tested=0 found=0 n=332857385873511293410605 elapsed=679s
progress: nodes=9,030,000,000 tested=0 found=0 n=391347249299357325435945 elapsed=680s
progress: nodes=9,040,000,000 tested=0 found=0 n=163311432375056723761905 elapsed=680s
progress: nodes=9,050,000,000 tested=0 found=0 n=144290944619176126270455 elapsed=681s
progress: nodes=9,060,000,000 tested=0 found=0 n=695587994945319157120395 elapsed=682s
progress: nodes=9,070,000,000 tested=0 found=0 n=435577325074209489471795 elapsed=682s
progress: nodes=9,080,000,000 tested=0 found=0 n=21320129862293414123565 elapsed=683s
progress: nodes=9,090,000,000 tested=0 found=0 n=20114363440840633503165 elapsed=684s
progress: nodes=9,100,000,000 tested=0 found=0 n=31459433342873839257735 elapsed=684s
progress: nodes=9,110,000,000 tested=0 found=0 n=97423068180224819854305 elapsed=685s
progress: nodes=9,120,000,000 tested=0 found=0 n=15047466651370739090835 elapsed=685s
progress: nodes=9,130,000,000 tested=0 found=0 n=267019831355215744387395 elapsed=686s
progress: nodes=9,140,000,000 tested=0 found=0 n=185134049456843045012355 elapsed=687s
progress: nodes=9,150,000,000 tested=0 found=0 n=24349660483123558167255 elapsed=687s
progress: nodes=9,160,000,000 tested=0 found=0 n=94093113079009662070365 elapsed=687s
progress: nodes=9,170,000,000 tested=0 found=0 n=7101924402972626222985 elapsed=688s
progress: nodes=9,180,000,000 tested=0 found=0 n=410437125012444034349295 elapsed=689s
progress: nodes=9,190,000,000 tested=0 found=0 n=362110111317089562159315 elapsed=689s
progress: nodes=9,200,000,000 tested=0 found=0 n=414059725009841771689785 elapsed=690s
progress: nodes=9,210,000,000 tested=0 found=0 n=301589504727767392567365 elapsed=691s
progress: nodes=9,220,000,000 tested=0 found=0 n=846284114480652932365215 elapsed=692s
progress: nodes=9,230,000,000 tested=0 found=0 n=336274625275000616193165 elapsed=693s
progress: nodes=9,240,000,000 tested=0 found=0 n=917981139106642012627005 elapsed=694s
progress: nodes=9,250,000,000 tested=0 found=0 n=606491754499172950062435 elapsed=694s
progress: nodes=9,260,000,000 tested=0 found=0 n=859268370601744615053135 elapsed=695s
progress: nodes=9,270,000,000 tested=0 found=0 n=447571210017717554493285 elapsed=696s
progress: nodes=9,280,000,000 tested=0 found=0 n=609386306785303478675805 elapsed=697s
progress: nodes=9,290,000,000 tested=0 found=0 n=292702681290943191367935 elapsed=698s
progress: nodes=9,300,000,000 tested=0 found=0 n=760077033034414959103185 elapsed=699s
progress: nodes=9,310,000,000 tested=0 found=0 n=447506379640871531212815 elapsed=700s
progress: nodes=9,320,000,000 tested=0 found=0 n=584056847051330055035985 elapsed=701s
progress: nodes=9,330,000,000 tested=0 found=0 n=257651109723302787282615 elapsed=702s
progress: nodes=9,340,000,000 tested=0 found=0 n=148663911254530947252615 elapsed=703s
progress: nodes=9,350,000,000 tested=0 found=0 n=314449129054724731987095 elapsed=703s
progress: nodes=9,360,000,000 tested=0 found=0 n=279616652157158174765115 elapsed=704s
progress: nodes=9,370,000,000 tested=0 found=0 n=148138016344502702513985 elapsed=705s
progress: nodes=9,380,000,000 tested=0 found=0 n=95109282137398793863995 elapsed=706s
progress: nodes=9,390,000,000 tested=0 found=0 n=690238964886337205283285 elapsed=707s
progress: nodes=9,400,000,000 tested=0 found=0 n=114296928062853680111385 elapsed=708s
progress: nodes=9,410,000,000 tested=0 found=0 n=102193426326092230303515 elapsed=709s
progress: nodes=9,420,000,000 tested=0 found=0 n=764831698306376999863455 elapsed=709s
progress: nodes=9,430,000,000 tested=0 found=0 n=274232521833238672695585 elapsed=710s
progress: nodes=9,440,000,000 tested=0 found=0 n=36741322786192861059135 elapsed=711s
progress: nodes=9,450,000,000 tested=0 found=0 n=105899487070301900439255 elapsed=712s
progress: nodes=9,460,000,000 tested=0 found=0 n=51909516982784726029215 elapsed=712s
progress: nodes=9,470,000,000 tested=0 found=0 n=834849060380951523354315 elapsed=713s
progress: nodes=9,480,000,000 tested=0 found=0 n=211216610532827143658205 elapsed=714s
progress: nodes=9,490,000,000 tested=0 found=0 n=974164842458588408337765 elapsed=714s
progress: nodes=9,500,000,000 tested=0 found=0 n=133901365899687584109615 elapsed=715s
progress: nodes=9,510,000,000 tested=0 found=0 n=318518437584980628409095 elapsed=716s
progress: nodes=9,520,000,000 tested=0 found=0 n=105798952533593410800885 elapsed=716s
progress: nodes=9,530,000,000 tested=0 found=0 n=179758860423832951889265 elapsed=717s
progress: nodes=9,540,000,000 tested=0 found=0 n=32307348672344568701835 elapsed=717s
progress: nodes=9,550,000,000 tested=0 found=0 n=64220470163472032829045 elapsed=718s
progress: nodes=9,560,000,000 tested=0 found=0 n=101244153656688277804965 elapsed=719s
progress: nodes=9,570,000,000 tested=0 found=0 n=762932267216070028952985 elapsed=719s
progress: nodes=9,580,000,000 tested=0 found=0 n=141041617915998948513255 elapsed=720s
progress: nodes=9,590,000,000 tested=0 found=0 n=13849891420933178120565 elapsed=721s
progress: nodes=9,600,000,000 tested=0 found=0 n=11605783284824494644945 elapsed=721s
progress: nodes=9,610,000,000 tested=0 found=0 n=40529802944527890539535 elapsed=722s
progress: nodes=9,620,000,000 tested=0 found=0 n=8192320899868784322765 elapsed=722s
progress: nodes=9,630,000,000 tested=0 found=0 n=9952228954767580330905 elapsed=723s
progress: nodes=9,640,000,000 tested=0 found=0 n=833261790629634444802845 elapsed=724s
progress: nodes=9,650,000,000 tested=0 found=0 n=11074567951229309951985 elapsed=724s
progress: nodes=9,660,000,000 tested=0 found=0 n=36418132322143358361795 elapsed=725s
progress: nodes=9,670,000,000 tested=0 found=0 n=400200278011374630695895 elapsed=725s
progress: nodes=9,680,000,000 tested=0 found=0 n=16132276971823205712915 elapsed=726s
progress: nodes=9,690,000,000 tested=0 found=0 n=846641340883942415104095 elapsed=726s
progress: nodes=9,700,000,000 tested=0 found=0 n=249198025863598397709255 elapsed=727s
progress: nodes=9,710,000,000 tested=0 found=0 n=747189649949002033423815 elapsed=728s
progress: nodes=9,720,000,000 tested=0 found=0 n=675912178193156256405735 elapsed=729s
progress: nodes=9,730,000,000 tested=0 found=0 n=799136001704179239597585 elapsed=730s
progress: nodes=9,740,000,000 tested=0 found=0 n=168485361685603022346165 elapsed=730s
progress: nodes=9,750,000,000 tested=0 found=0 n=155896358564336377110255 elapsed=731s
progress: nodes=9,760,000,000 tested=0 found=0 n=442890818335244160041985 elapsed=732s
progress: nodes=9,770,000,000 tested=0 found=0 n=976349184482640613160835 elapsed=733s
progress: nodes=9,780,000,000 tested=0 found=0 n=632808631841295885419565 elapsed=734s
progress: nodes=9,790,000,000 tested=0 found=0 n=537808232949937227114705 elapsed=735s
progress: nodes=9,800,000,000 tested=0 found=0 n=191098252986394392495945 elapsed=736s
progress: nodes=9,810,000,000 tested=0 found=0 n=867689901107537647510305 elapsed=737s
progress: nodes=9,820,000,000 tested=0 found=0 n=244834180952722318505295 elapsed=738s
progress: nodes=9,830,000,000 tested=0 found=0 n=67788225686766836651895 elapsed=738s
progress: nodes=9,840,000,000 tested=0 found=0 n=521900317007052448706505 elapsed=739s
progress: nodes=9,850,000,000 tested=0 found=0 n=141037894324972029298815 elapsed=740s
progress: nodes=9,860,000,000 tested=0 found=0 n=252495386365692588539355 elapsed=741s
progress: nodes=9,870,000,000 tested=0 found=0 n=91909983187061042289165 elapsed=742s
progress: nodes=9,880,000,000 tested=0 found=0 n=825015645258829835200335 elapsed=743s
progress: nodes=9,890,000,000 tested=0 found=0 n=219579917004631247832405 elapsed=743s
progress: nodes=9,900,000,000 tested=0 found=0 n=657666090551850491824515 elapsed=744s
progress: nodes=9,910,000,000 tested=0 found=0 n=46174642716376585193805 elapsed=745s
progress: nodes=9,920,000,000 tested=0 found=0 n=600950504294439593319135 elapsed=745s
progress: nodes=9,930,000,000 tested=0 found=0 n=55810542793533265162755 elapsed=746s
progress: nodes=9,940,000,000 tested=0 found=0 n=294528419523319328398755 elapsed=747s
progress: nodes=9,950,000,000 tested=0 found=0 n=46144428085129484603295 elapsed=747s
progress: nodes=9,960,000,000 tested=0 found=0 n=550291462809044387646105 elapsed=748s
progress: nodes=9,970,000,000 tested=0 found=0 n=22438531402943664803355 elapsed=748s
progress: nodes=9,980,000,000 tested=0 found=0 n=306791130915031409579295 elapsed=749s
progress: nodes=9,990,000,000 tested=0 found=0 n=190406572911948374054865 elapsed=750s
progress: nodes=10,000,000,000 tested=0 found=0 n=275329972912985853146955 elapsed=750s
progress: nodes=10,010,000,000 tested=0 found=0 n=500444141224852153504395 elapsed=751s
progress: nodes=10,020,000,000 tested=0 found=0 n=42069147978168281823435 elapsed=752s
progress: nodes=10,030,000,000 tested=0 found=0 n=37713142862257085428095 elapsed=752s
progress: nodes=10,040,000,000 tested=0 found=0 n=132047166266226172975365 elapsed=753s
progress: nodes=10,050,000,000 tested=0 found=0 n=115072052676743093030055 elapsed=754s
progress: nodes=10,060,000,000 tested=0 found=0 n=42331719512651536565235 elapsed=754s
progress: nodes=10,070,000,000 tested=0 found=0 n=55918597850259496891605 elapsed=755s
progress: nodes=10,080,000,000 tested=0 found=0 n=791668538574303511122705 elapsed=755s
progress: nodes=10,090,000,000 tested=0 found=0 n=868529353390326808873605 elapsed=756s
progress: nodes=10,100,000,000 tested=0 found=0 n=2561808350418195417165 elapsed=756s
progress: nodes=10,110,000,000 tested=0 found=0 n=2886727869811410213105 elapsed=757s
progress: nodes=10,120,000,000 tested=0 found=0 n=415174422000825567166185 elapsed=757s
progress: nodes=10,130,000,000 tested=0 found=0 n=553245862422947919885 elapsed=758s
progress: nodes=10,140,000,000 tested=0 found=0 n=159897850474408266192885 elapsed=759s
progress: nodes=10,150,000,000 tested=0 found=0 n=512957830392588930310665 elapsed=760s
progress: nodes=10,160,000,000 tested=0 found=0 n=890327825529334271238555 elapsed=761s
progress: nodes=10,170,000,000 tested=0 found=0 n=456395669624177846683065 elapsed=762s
progress: nodes=10,180,000,000 tested=0 found=0 n=551795778699626475784935 elapsed=763s
progress: nodes=10,190,000,000 tested=0 found=0 n=310418530302257287035345 elapsed=763s
progress: nodes=10,200,000,000 tested=0 found=0 n=346070458087345450969785 elapsed=764s
progress: nodes=10,210,000,000 tested=0 found=0 n=130976789564507651769015 elapsed=765s
progress: nodes=10,220,000,000 tested=0 found=0 n=695453178679789180344705 elapsed=766s
progress: nodes=10,230,000,000 tested=0 found=0 n=433035555700444534711665 elapsed=767s
progress: nodes=10,240,000,000 tested=0 found=0 n=97054395598674139353255 elapsed=768s
progress: nodes=10,250,000,000 tested=0 found=0 n=109141326512885708834265 elapsed=768s
progress: nodes=10,260,000,000 tested=0 found=0 n=487179685155351205758015 elapsed=769s
progress: nodes=10,270,000,000 tested=0 found=0 n=158804086236907907093265 elapsed=770s
progress: nodes=10,280,000,000 tested=0 found=0 n=31637164737868809014115 elapsed=771s
progress: nodes=10,290,000,000 tested=0 found=0 n=407543759110544659733295 elapsed=772s
progress: nodes=10,300,000,000 tested=0 found=0 n=719400406816413044844165 elapsed=772s
progress: nodes=10,310,000,000 tested=0 found=0 n=301941488620805872997565 elapsed=773s
progress: nodes=10,320,000,000 tested=0 found=0 n=506935227218542276800195 elapsed=773s
progress: nodes=10,330,000,000 tested=0 found=0 n=560241115945205802846255 elapsed=774s
progress: nodes=10,340,000,000 tested=0 found=0 n=54099776001627713574855 elapsed=775s
progress: nodes=10,350,000,000 tested=0 found=0 n=123507134357780364829605 elapsed=775s
progress: nodes=10,360,000,000 tested=0 found=0 n=20572409100953529035865 elapsed=776s
progress: nodes=10,370,000,000 tested=0 found=0 n=157699224771014249248365 elapsed=777s
progress: nodes=10,380,000,000 tested=0 found=0 n=200435067844086227656185 elapsed=777s
progress: nodes=10,390,000,000 tested=0 found=0 n=119984090325055294534515 elapsed=778s
progress: nodes=10,400,000,000 tested=0 found=0 n=524334943236253173184215 elapsed=778s
progress: nodes=10,410,000,000 tested=0 found=0 n=966422002681582799266035 elapsed=779s
progress: nodes=10,420,000,000 tested=0 found=0 n=26660891406368036454615 elapsed=780s
progress: nodes=10,430,000,000 tested=0 found=0 n=9960262262252181439065 elapsed=780s
progress: nodes=10,440,000,000 tested=0 found=0 n=345905104650408062129205 elapsed=781s
progress: nodes=10,450,000,000 tested=0 found=0 n=934424445344797539280665 elapsed=781s
progress: nodes=10,460,000,000 tested=0 found=0 n=367686243359819130301335 elapsed=782s
progress: nodes=10,470,000,000 tested=0 found=0 n=9301167840800020732965 elapsed=783s
progress: nodes=10,480,000,000 tested=0 found=0 n=4994061628340775039885 elapsed=783s
progress: nodes=10,490,000,000 tested=0 found=0 n=51256831666679479403145 elapsed=784s
progress: nodes=10,500,000,000 tested=0 found=0 n=6200063810406825847785 elapsed=784s
progress: nodes=10,510,000,000 tested=0 found=0 n=969739633263098237467455 elapsed=785s
progress: nodes=10,520,000,000 tested=0 found=0 n=915309935080295602766985 elapsed=786s
progress: nodes=10,530,000,000 tested=0 found=0 n=308967576724433506556655 elapsed=787s
progress: nodes=10,540,000,000 tested=0 found=0 n=85589895765668306374395 elapsed=787s
progress: nodes=10,550,000,000 tested=0 found=0 n=326908285025982146016255 elapsed=788s
progress: nodes=10,560,000,000 tested=0 found=0 n=715668969777982363904805 elapsed=789s
progress: nodes=10,570,000,000 tested=0 found=0 n=108890669761360053223635 elapsed=790s
progress: nodes=10,580,000,000 tested=0 found=0 n=83676761415275957720055 elapsed=791s
progress: nodes=10,590,000,000 tested=0 found=0 n=333629165652674625246645 elapsed=791s
progress: nodes=10,600,000,000 tested=0 found=0 n=249328126508480880943995 elapsed=792s
progress: nodes=10,610,000,000 tested=0 found=0 n=559694278314355301321985 elapsed=793s
progress: nodes=10,620,000,000 tested=0 found=0 n=145465409547997729068285 elapsed=794s
progress: nodes=10,630,000,000 tested=0 found=0 n=50995434283084484689815 elapsed=794s
progress: nodes=10,640,000,000 tested=0 found=0 n=370465826471233763028165 elapsed=795s
progress: nodes=10,650,000,000 tested=0 found=0 n=797305335656195829653685 elapsed=795s
progress: nodes=10,660,000,000 tested=0 found=0 n=84673745740593264683835 elapsed=796s
progress: nodes=10,670,000,000 tested=0 found=0 n=155769136000332729765165 elapsed=797s
progress: nodes=10,680,000,000 tested=0 found=0 n=432066251757569581925685 elapsed=797s
progress: nodes=10,690,000,000 tested=0 found=0 n=85970511530841366768735 elapsed=798s
progress: nodes=10,700,000,000 tested=0 found=0 n=142565089804175850388335 elapsed=799s
progress: nodes=10,710,000,000 tested=0 found=0 n=146575815868228007789055 elapsed=799s
progress: nodes=10,720,000,000 tested=0 found=0 n=628556773713809871031695 elapsed=800s
progress: nodes=10,730,000,000 tested=0 found=0 n=748525774542350558407335 elapsed=800s
progress: nodes=10,740,000,000 tested=0 found=0 n=30624669087511237713315 elapsed=801s
progress: nodes=10,750,000,000 tested=0 found=0 n=6957660592062325261215 elapsed=802s
progress: nodes=10,760,000,000 tested=0 found=0 n=8506840232698271740485 elapsed=802s
progress: nodes=10,770,000,000 tested=0 found=0 n=960142296737820371389335 elapsed=803s
progress: nodes=10,780,000,000 tested=0 found=0 n=833130527484454579006605 elapsed=803s
progress: nodes=10,790,000,000 tested=0 found=0 n=31509514243420384026735 elapsed=804s
progress: nodes=10,800,000,000 tested=0 found=0 n=17591901325267509568845 elapsed=804s
progress: nodes=10,810,000,000 tested=0 found=0 n=2539423557017166237165 elapsed=805s
progress: nodes=10,820,000,000 tested=0 found=0 n=836693198439945180737535 elapsed=806s
progress: nodes=10,830,000,000 tested=0 found=0 n=700348387669655632924005 elapsed=806s
progress: nodes=10,840,000,000 tested=0 found=0 n=30952636350356486849985 elapsed=807s
progress: nodes=10,850,000,000 tested=0 found=0 n=131485784382206257840155 elapsed=808s
progress: nodes=10,860,000,000 tested=0 found=0 n=891207239966242259643495 elapsed=808s
progress: nodes=10,870,000,000 tested=0 found=0 n=78178522067496881198685 elapsed=809s
progress: nodes=10,880,000,000 tested=0 found=0 n=20649441686593811527755 elapsed=809s
progress: nodes=10,890,000,000 tested=0 found=0 n=196645918884366655497915 elapsed=810s
progress: nodes=10,900,000,000 tested=0 found=0 n=538544313239771161847205 elapsed=811s
progress: nodes=10,910,000,000 tested=0 found=0 n=160521473998790520348645 elapsed=811s
progress: nodes=10,920,000,000 tested=0 found=0 n=263114054299603632379815 elapsed=812s
progress: nodes=10,930,000,000 tested=0 found=0 n=92480130729560293621605 elapsed=813s
progress: nodes=10,940,000,000 tested=0 found=0 n=12787753590820910053935 elapsed=813s
progress: nodes=10,950,000,000 tested=0 found=0 n=521452201796081058862755 elapsed=814s
progress: nodes=10,960,000,000 tested=0 found=0 n=73319248815672834364995 elapsed=814s
progress: nodes=10,970,000,000 tested=0 found=0 n=399010136130196874256105 elapsed=815s
progress: nodes=10,980,000,000 tested=0 found=0 n=669927358988764211966895 elapsed=815s
progress: nodes=10,990,000,000 tested=0 found=0 n=939503438001721339563465 elapsed=816s
progress: nodes=11,000,000,000 tested=0 found=0 n=74082731695813367821305 elapsed=817s
progress: nodes=11,010,000,000 tested=0 found=0 n=636334681356866043350865 elapsed=817s
progress: nodes=11,020,000,000 tested=0 found=0 n=429092234598878213778855 elapsed=818s
progress: nodes=11,030,000,000 tested=0 found=0 n=456953732845257458507895 elapsed=819s
progress: nodes=11,040,000,000 tested=0 found=0 n=431976603947163736657185 elapsed=819s
progress: nodes=11,050,000,000 tested=0 found=0 n=537904456953523293202965 elapsed=820s
progress: nodes=11,060,000,000 tested=0 found=0 n=183767923457611393780935 elapsed=820s
progress: nodes=11,070,000,000 tested=0 found=0 n=6619643293213679359455 elapsed=821s
progress: nodes=11,080,000,000 tested=0 found=0 n=844703767101522503617695 elapsed=821s
progress: nodes=11,090,000,000 tested=0 found=0 n=17458351064982627372045 elapsed=822s
progress: nodes=11,100,000,000 tested=0 found=0 n=430837022302383598581735 elapsed=823s
progress: nodes=11,110,000,000 tested=0 found=0 n=633037884824299534897185 elapsed=823s
progress: nodes=11,120,000,000 tested=0 found=0 n=608338945746222296223915 elapsed=824s
progress: nodes=11,130,000,000 tested=0 found=0 n=118060492160280308487255 elapsed=825s
progress: nodes=11,140,000,000 tested=0 found=0 n=109455254118289483610085 elapsed=825s
progress: nodes=11,150,000,000 tested=0 found=0 n=196712808251716346679045 elapsed=826s
progress: nodes=11,160,000,000 tested=0 found=0 n=150358825696326933412485 elapsed=826s
progress: nodes=11,170,000,000 tested=0 found=0 n=19128980583337958495415 elapsed=827s
progress: nodes=11,180,000,000 tested=0 found=0 n=124651567266344865597015 elapsed=828s
progress: nodes=11,190,000,000 tested=0 found=0 n=10642511076312709480095 elapsed=828s
progress: nodes=11,200,000,000 tested=0 found=0 n=123842832279960782475135 elapsed=829s
progress: nodes=11,210,000,000 tested=0 found=0 n=1492247710156171670955 elapsed=829s
progress: nodes=11,220,000,000 tested=0 found=0 n=228193713939435000203205 elapsed=830s
progress: nodes=11,230,000,000 tested=0 found=0 n=771763719734388742552785 elapsed=830s
progress: nodes=11,240,000,000 tested=0 found=0 n=440015076467314285385745 elapsed=831s
progress: nodes=11,250,000,000 tested=0 found=0 n=357413125988418596721405 elapsed=832s
progress: nodes=11,260,000,000 tested=0 found=0 n=765222804337532062668795 elapsed=832s
progress: nodes=11,270,000,000 tested=0 found=0 n=712416155106633707554605 elapsed=833s
progress: nodes=11,280,000,000 tested=0 found=0 n=15202605896687501586855 elapsed=833s
progress: nodes=11,290,000,000 tested=0 found=0 n=17169691446582771384585 elapsed=834s
progress: nodes=11,300,000,000 tested=0 found=0 n=12494296951662029732415 elapsed=835s
progress: nodes=11,310,000,000 tested=0 found=0 n=553762651719547703268495 elapsed=835s
progress: nodes=11,320,000,000 tested=0 found=0 n=279555973247602805976585 elapsed=836s
progress: nodes=11,330,000,000 tested=0 found=0 n=99986306285676278916855 elapsed=836s
progress: nodes=11,340,000,000 tested=0 found=0 n=8376458603623186255245 elapsed=837s
progress: nodes=11,350,000,000 tested=0 found=0 n=49930734082729119419745 elapsed=838s
progress: nodes=11,360,000,000 tested=0 found=0 n=4181385122439186856095 elapsed=838s
progress: nodes=11,370,000,000 tested=0 found=0 n=736556940681050328894945 elapsed=839s
progress: nodes=11,380,000,000 tested=0 found=0 n=11614702820000603136165 elapsed=839s
progress: nodes=11,390,000,000 tested=0 found=0 n=466599508981324294938615 elapsed=840s
progress: nodes=11,400,000,000 tested=0 found=0 n=142519326524805438004995 elapsed=841s
progress: nodes=11,410,000,000 tested=0 found=0 n=185468121272251750411215 elapsed=841s
progress: nodes=11,420,000,000 tested=0 found=0 n=650708378350907410130355 elapsed=842s
progress: nodes=11,430,000,000 tested=0 found=0 n=10319194813760336341035 elapsed=842s
progress: nodes=11,440,000,000 tested=0 found=0 n=4997203690979060358435 elapsed=843s
progress: nodes=11,450,000,000 tested=0 found=0 n=6750440170726728616965 elapsed=843s
progress: nodes=11,460,000,000 tested=0 found=0 n=605912588406784626348645 elapsed=844s
progress: nodes=11,470,000,000 tested=0 found=0 n=905218072062201405386505 elapsed=845s
progress: nodes=11,480,000,000 tested=0 found=0 n=846268964308741120977555 elapsed=845s
progress: nodes=11,490,000,000 tested=0 found=0 n=69221304273799897480305 elapsed=846s
progress: nodes=11,500,000,000 tested=0 found=0 n=622882976451426403357095 elapsed=847s
progress: nodes=11,510,000,000 tested=0 found=0 n=211006515449268071221095 elapsed=847s
progress: nodes=11,520,000,000 tested=0 found=0 n=687969625086918617985135 elapsed=848s
progress: nodes=11,530,000,000 tested=0 found=0 n=599079049135724636645265 elapsed=848s
progress: nodes=11,540,000,000 tested=0 found=0 n=613837676568451516235505 elapsed=849s
progress: nodes=11,550,000,000 tested=0 found=0 n=290721043149495480520515 elapsed=850s
progress: nodes=11,560,000,000 tested=0 found=0 n=790804629697735136881485 elapsed=850s
progress: nodes=11,570,000,000 tested=0 found=0 n=930067178914811633053545 elapsed=851s
progress: nodes=11,580,000,000 tested=0 found=0 n=984712795934318800357635 elapsed=852s
progress: nodes=11,590,000,000 tested=0 found=0 n=397381661153140331978145 elapsed=853s
progress: nodes=11,600,000,000 tested=0 found=0 n=908028146982201033185595 elapsed=854s
progress: nodes=11,610,000,000 tested=0 found=0 n=866526616296603700919415 elapsed=854s
progress: nodes=11,620,000,000 tested=0 found=0 n=963883444475156560573185 elapsed=855s
progress: nodes=11,630,000,000 tested=0 found=0 n=405570820901127849078705 elapsed=856s
progress: nodes=11,640,000,000 tested=0 found=0 n=817848097214377025515455 elapsed=857s
progress: nodes=11,650,000,000 tested=0 found=0 n=424218263786121282655815 elapsed=858s
progress: nodes=11,660,000,000 tested=0 found=0 n=619968800348641611776205 elapsed=859s
progress: nodes=11,670,000,000 tested=0 found=0 n=362752629565761092929095 elapsed=860s
progress: nodes=11,680,000,000 tested=0 found=0 n=331156003127854037021955 elapsed=860s
progress: nodes=11,690,000,000 tested=0 found=0 n=491505443695936866923595 elapsed=861s
progress: nodes=11,700,000,000 tested=0 found=0 n=546721499963349924245505 elapsed=862s
progress: nodes=11,710,000,000 tested=0 found=0 n=326759877874072593167085 elapsed=863s
progress: nodes=11,720,000,000 tested=0 found=0 n=525241461218944013056755 elapsed=864s
progress: nodes=11,730,000,000 tested=0 found=0 n=704168209930283007005745 elapsed=864s
progress: nodes=11,740,000,000 tested=0 found=0 n=479978312570571828682845 elapsed=865s
progress: nodes=11,750,000,000 tested=0 found=0 n=310010543313252720864255 elapsed=866s
progress: nodes=11,760,000,000 tested=0 found=0 n=325515028161628745665335 elapsed=866s
progress: nodes=11,770,000,000 tested=0 found=0 n=449285989400125002546795 elapsed=867s
progress: nodes=11,780,000,000 tested=0 found=0 n=326584118755825853977395 elapsed=868s
progress: nodes=11,790,000,000 tested=0 found=0 n=940862593454341315342365 elapsed=868s
progress: nodes=11,800,000,000 tested=0 found=0 n=352816045974595296233415 elapsed=869s
progress: nodes=11,810,000,000 tested=0 found=0 n=574268357696945942644515 elapsed=870s
progress: nodes=11,820,000,000 tested=0 found=0 n=198902801125912939989615 elapsed=870s
progress: nodes=11,830,000,000 tested=0 found=0 n=391741948377579258457515 elapsed=871s
progress: nodes=11,840,000,000 tested=0 found=0 n=516975962760333544076235 elapsed=872s
progress: nodes=11,850,000,000 tested=0 found=0 n=617070437373383782340805 elapsed=872s
progress: nodes=11,860,000,000 tested=0 found=0 n=316813533575415315710535 elapsed=873s
progress: nodes=11,870,000,000 tested=0 found=0 n=665758452112847255116845 elapsed=873s
progress: nodes=11,880,000,000 tested=0 found=0 n=176428650912276383578485 elapsed=874s
progress: nodes=11,890,000,000 tested=0 found=0 n=368041195890267358529565 elapsed=875s
progress: nodes=11,900,000,000 tested=0 found=0 n=921196949802567892847415 elapsed=875s
progress: nodes=11,910,000,000 tested=0 found=0 n=458776355591780709936255 elapsed=876s
progress: nodes=11,920,000,000 tested=0 found=0 n=891943839034703319447495 elapsed=876s
progress: nodes=11,930,000,000 tested=0 found=0 n=198855774751078420136865 elapsed=877s
progress: nodes=11,940,000,000 tested=0 found=0 n=277244173166945725326465 elapsed=878s
progress: nodes=11,950,000,000 tested=0 found=0 n=257154990202196816388615 elapsed=878s
progress: nodes=11,960,000,000 tested=0 found=0 n=408841540378689036984255 elapsed=879s
progress: nodes=11,970,000,000 tested=0 found=0 n=224403985137767178342555 elapsed=879s
progress: nodes=11,980,000,000 tested=0 found=0 n=344653949056543964794935 elapsed=880s
progress: nodes=11,990,000,000 tested=0 found=0 n=113253524675867015637615 elapsed=881s
progress: nodes=12,000,000,000 tested=0 found=0 n=560457718854497964022545 elapsed=881s
progress: nodes=12,010,000,000 tested=0 found=0 n=165689870052694834291995 elapsed=882s
progress: nodes=12,020,000,000 tested=0 found=0 n=259553384997259896854685 elapsed=883s
progress: nodes=12,030,000,000 tested=0 found=0 n=193919741500325970274695 elapsed=883s
progress: nodes=12,040,000,000 tested=0 found=0 n=236034580266433972053855 elapsed=884s
progress: nodes=12,050,000,000 tested=0 found=0 n=152442284773210879218255 elapsed=885s
progress: nodes=12,060,000,000 tested=0 found=0 n=249394854362790418391835 elapsed=886s
progress: nodes=12,070,000,000 tested=0 found=0 n=295250501912493599371845 elapsed=887s
progress: nodes=12,080,000,000 tested=0 found=0 n=940744986253896029337945 elapsed=887s
progress: nodes=12,090,000,000 tested=0 found=0 n=832735426105859503633065 elapsed=888s
progress: nodes=12,100,000,000 tested=0 found=0 n=596299339528529459243355 elapsed=889s
progress: nodes=12,110,000,000 tested=0 found=0 n=772172573777539781497695 elapsed=889s
progress: nodes=12,120,000,000 tested=0 found=0 n=557141512694810233246155 elapsed=890s
progress: nodes=12,130,000,000 tested=0 found=0 n=457171031250185741321085 elapsed=890s
progress: nodes=12,140,000,000 tested=0 found=0 n=780217561666524015491985 elapsed=891s
progress: nodes=12,150,000,000 tested=0 found=0 n=406380533486105707342605 elapsed=891s
progress: nodes=12,160,000,000 tested=0 found=0 n=88438141202977861648155 elapsed=892s
progress: nodes=12,170,000,000 tested=0 found=0 n=241398693119644675850565 elapsed=892s
progress: nodes=12,180,000,000 tested=0 found=0 n=479843146286621897258655 elapsed=893s
progress: nodes=12,190,000,000 tested=0 found=0 n=559381925016635882226615 elapsed=893s
progress: nodes=12,200,000,000 tested=0 found=0 n=157510397582758316340585 elapsed=894s
progress: nodes=12,210,000,000 tested=0 found=0 n=462159671916156003895545 elapsed=894s
progress: nodes=12,220,000,000 tested=0 found=0 n=324559959813857621030265 elapsed=895s
progress: nodes=12,230,000,000 tested=0 found=0 n=99827593664825968527465 elapsed=895s
progress: nodes=12,240,000,000 tested=0 found=0 n=300768462248449045218885 elapsed=896s
progress: nodes=12,250,000,000 tested=0 found=0 n=50515145103903983215515 elapsed=896s
progress: nodes=12,260,000,000 tested=0 found=0 n=328785776083714731381765 elapsed=897s
progress: nodes=12,270,000,000 tested=0 found=0 n=395755968619381006807335 elapsed=897s
progress: nodes=12,280,000,000 tested=0 found=0 n=437390286237653196424185 elapsed=898s
progress: nodes=12,290,000,000 tested=0 found=0 n=212928687504670099810815 elapsed=898s
progress: nodes=12,300,000,000 tested=0 found=0 n=21731719923735959923335 elapsed=899s
progress: nodes=12,310,000,000 tested=0 found=0 n=39530213363795664678795 elapsed=899s
progress: nodes=12,320,000,000 tested=0 found=0 n=31556630661886574387055 elapsed=900s
progress: nodes=12,330,000,000 tested=0 found=0 n=343027103259817541947635 elapsed=900s
progress: nodes=12,340,000,000 tested=0 found=0 n=818922822761417954674545 elapsed=901s
progress: nodes=12,350,000,000 tested=0 found=0 n=616177579737230387013555 elapsed=901s
progress: nodes=12,360,000,000 tested=0 found=0 n=847519682518052321413185 elapsed=902s
progress: nodes=12,370,000,000 tested=0 found=0 n=310509657865567537396965 elapsed=903s
progress: nodes=12,380,000,000 tested=0 found=0 n=247634747982770450111865 elapsed=903s
progress: nodes=12,390,000,000 tested=0 found=0 n=372450042109101388566915 elapsed=903s
progress: nodes=12,400,000,000 tested=0 found=0 n=327907796503554072255285 elapsed=904s
progress: nodes=12,410,000,000 tested=0 found=0 n=225784093434395871425985 elapsed=904s
progress: nodes=12,420,000,000 tested=0 found=0 n=611973881751313838607345 elapsed=905s
progress: nodes=12,430,000,000 tested=0 found=0 n=26499720402483652564515 elapsed=905s
progress: nodes=12,440,000,000 tested=0 found=0 n=58648493403602061657885 elapsed=906s
progress: nodes=12,450,000,000 tested=0 found=0 n=276621200053986459296295 elapsed=906s
progress: nodes=12,460,000,000 tested=0 found=0 n=351009430406227848337335 elapsed=907s
progress: nodes=12,470,000,000 tested=0 found=0 n=421876235199531290041215 elapsed=907s
progress: nodes=12,480,000,000 tested=0 found=0 n=239867584573182208383015 elapsed=908s
progress: nodes=12,490,000,000 tested=0 found=0 n=25302594096903736290645 elapsed=908s
progress: nodes=12,500,000,000 tested=0 found=0 n=44226710772216787851795 elapsed=909s
progress: nodes=12,510,000,000 tested=0 found=0 n=19204962738684295031415 elapsed=909s
progress: nodes=12,520,000,000 tested=0 found=0 n=25780562656435627114635 elapsed=910s
progress: nodes=12,530,000,000 tested=0 found=0 n=702860378770533306248145 elapsed=910s
progress: nodes=12,540,000,000 tested=0 found=0 n=683882709595828317842355 elapsed=911s
progress: nodes=12,550,000,000 tested=0 found=0 n=368180323795641772464885 elapsed=911s
progress: nodes=12,560,000,000 tested=0 found=0 n=410207771010576551264505 elapsed=912s
progress: nodes=12,570,000,000 tested=0 found=0 n=257104547507293988449365 elapsed=912s
progress: nodes=12,580,000,000 tested=0 found=0 n=150049294761143127310785 elapsed=913s
progress: nodes=12,590,000,000 tested=0 found=0 n=755536516699261251457305 elapsed=913s
progress: nodes=12,600,000,000 tested=0 found=0 n=82925494827963895643085 elapsed=914s
progress: nodes=12,610,000,000 tested=0 found=0 n=867128534725339464844365 elapsed=914s
progress: nodes=12,620,000,000 tested=0 found=0 n=18761774235239179509255 elapsed=915s
progress: nodes=12,630,000,000 tested=0 found=0 n=976029665738970091099455 elapsed=915s
progress: nodes=12,640,000,000 tested=0 found=0 n=27361216561333696458615 elapsed=916s
progress: nodes=12,650,000,000 tested=0 found=0 n=7884892520863121853045 elapsed=916s
progress: nodes=12,660,000,000 tested=0 found=0 n=469172335877811919384515 elapsed=917s
progress: nodes=12,670,000,000 tested=0 found=0 n=667160348508657891034785 elapsed=917s
progress: nodes=12,680,000,000 tested=0 found=0 n=494222805858476225466045 elapsed=918s
progress: nodes=12,690,000,000 tested=0 found=0 n=147142352088429681454515 elapsed=918s
progress: nodes=12,700,000,000 tested=0 found=0 n=266703438576433444353405 elapsed=919s
progress: nodes=12,710,000,000 tested=0 found=0 n=416903421951212826728835 elapsed=919s
progress: nodes=12,720,000,000 tested=0 found=0 n=433753191063974958695145 elapsed=920s
progress: nodes=12,730,000,000 tested=0 found=0 n=894575412217917152183835 elapsed=920s
progress: nodes=12,740,000,000 tested=0 found=0 n=79468785413082606479895 elapsed=921s
progress: nodes=12,750,000,000 tested=0 found=0 n=13682778087843739594665 elapsed=921s
progress: nodes=12,760,000,000 tested=0 found=0 n=116250817331872812876705 elapsed=921s
progress: nodes=12,770,000,000 tested=0 found=0 n=10084795728811723408005 elapsed=922s
progress: nodes=12,780,000,000 tested=0 found=0 n=600040722893299968761415 elapsed=923s
progress: nodes=12,790,000,000 tested=0 found=0 n=397427800710608554274685 elapsed=923s
progress: nodes=12,800,000,000 tested=0 found=0 n=184987300644148887888795 elapsed=924s
progress: nodes=12,810,000,000 tested=0 found=0 n=52817797174738433382765 elapsed=924s
progress: nodes=12,820,000,000 tested=0 found=0 n=519995124093664717259355 elapsed=925s
progress: nodes=12,830,000,000 tested=0 found=0 n=24515690499573147484335 elapsed=925s
progress: nodes=12,840,000,000 tested=0 found=0 n=30697439813705113833285 elapsed=926s
progress: nodes=12,850,000,000 tested=0 found=0 n=4910686708111735216545 elapsed=926s
progress: nodes=12,860,000,000 tested=0 found=0 n=701778072628893214549485 elapsed=927s
progress: nodes=12,870,000,000 tested=0 found=0 n=469631889767870219462985 elapsed=927s
progress: nodes=12,880,000,000 tested=0 found=0 n=101005246272502940292045 elapsed=928s
progress: nodes=12,890,000,000 tested=0 found=0 n=42283718339505710515965 elapsed=928s
progress: nodes=12,900,000,000 tested=0 found=0 n=51089725274849695963485 elapsed=929s
progress: nodes=12,910,000,000 tested=0 found=0 n=3409578757730447580465 elapsed=929s
progress: nodes=12,920,000,000 tested=0 found=0 n=705749312175720951812355 elapsed=930s
progress: nodes=12,930,000,000 tested=0 found=0 n=394771132088674696818045 elapsed=930s
progress: nodes=12,940,000,000 tested=0 found=0 n=16336886478886223903565 elapsed=931s
progress: nodes=12,950,000,000 tested=0 found=0 n=1327707071548727590215 elapsed=931s
progress: nodes=12,960,000,000 tested=0 found=0 n=523285488098744212215 elapsed=932s
progress: nodes=12,970,000,000 tested=0 found=0 n=195817980849161453019765 elapsed=932s
progress: nodes=12,980,000,000 tested=0 found=0 n=2225227406335021184085 elapsed=933s
progress: nodes=12,990,000,000 tested=0 found=0 n=159732741295288482575265 elapsed=934s
progress: nodes=13,000,000,000 tested=0 found=0 n=265160826735695486095005 elapsed=934s
progress: nodes=13,010,000,000 tested=0 found=0 n=122502593970623817195795 elapsed=935s
progress: nodes=13,020,000,000 tested=0 found=0 n=7091077918166175380535 elapsed=935s
progress: nodes=13,030,000,000 tested=0 found=0 n=836238543406807410544455 elapsed=936s
progress: nodes=13,040,000,000 tested=0 found=0 n=187509886013980866089655 elapsed=936s
progress: nodes=13,050,000,000 tested=0 found=0 n=15267365018694722714715 elapsed=937s
progress: nodes=13,060,000,000 tested=0 found=0 n=945708900223741800791535 elapsed=937s
progress: nodes=13,070,000,000 tested=0 found=0 n=832205563492180311119565 elapsed=938s
progress: nodes=13,080,000,000 tested=0 found=0 n=515346786083364620802615 elapsed=938s
progress: nodes=13,090,000,000 tested=0 found=0 n=40645238934545247964005 elapsed=939s
progress: nodes=13,100,000,000 tested=0 found=0 n=307674806955986595392685 elapsed=939s
progress: nodes=13,110,000,000 tested=0 found=0 n=932749657509780433649205 elapsed=940s
progress: nodes=13,120,000,000 tested=0 found=0 n=666330068833744117969485 elapsed=941s
progress: nodes=13,130,000,000 tested=0 found=0 n=251045771661007899959295 elapsed=941s
progress: nodes=13,140,000,000 tested=0 found=0 n=178787310421875213298185 elapsed=942s
progress: nodes=13,150,000,000 tested=0 found=0 n=2391564081581254872765 elapsed=942s
progress: nodes=13,160,000,000 tested=0 found=0 n=506150726751101564970255 elapsed=943s
progress: nodes=13,170,000,000 tested=0 found=0 n=179032797070824625722585 elapsed=944s
progress: nodes=13,180,000,000 tested=0 found=0 n=299034229184195976035235 elapsed=944s
progress: nodes=13,190,000,000 tested=0 found=0 n=896932647306662134796595 elapsed=945s
progress: nodes=13,200,000,000 tested=0 found=0 n=875955732775161293910105 elapsed=945s
progress: nodes=13,210,000,000 tested=0 found=0 n=230727865340219209726005 elapsed=946s
progress: nodes=13,220,000,000 tested=0 found=0 n=11414838329803428897465 elapsed=947s
progress: nodes=13,230,000,000 tested=0 found=0 n=965214532746830123684685 elapsed=947s
progress: nodes=13,240,000,000 tested=0 found=0 n=556221812523830708482755 elapsed=948s
progress: nodes=13,250,000,000 tested=0 found=0 n=849687643320917164479045 elapsed=949s
progress: nodes=13,260,000,000 tested=0 found=0 n=969237596235165616184265 elapsed=949s
progress: nodes=13,270,000,000 tested=0 found=0 n=402329852044520438202615 elapsed=950s
progress: nodes=13,280,000,000 tested=0 found=0 n=398986378377308170287795 elapsed=951s
progress: nodes=13,290,000,000 tested=0 found=0 n=931824059051884198849605 elapsed=951s
progress: nodes=13,300,000,000 tested=0 found=0 n=338752998430712077796595 elapsed=952s
progress: nodes=13,310,000,000 tested=0 found=0 n=82049689581694783848405 elapsed=952s
progress: nodes=13,320,000,000 tested=0 found=0 n=973355519768551630513605 elapsed=953s
progress: nodes=13,330,000,000 tested=0 found=0 n=831912358707784480021335 elapsed=954s
progress: nodes=13,340,000,000 tested=0 found=0 n=666203498905338890025255 elapsed=954s
progress: nodes=13,350,000,000 tested=0 found=0 n=406665262019486252722995 elapsed=955s
progress: nodes=13,360,000,000 tested=0 found=0 n=376404129155851085519505 elapsed=956s
progress: nodes=13,370,000,000 tested=0 found=0 n=34407877888452620203245 elapsed=956s
progress: nodes=13,380,000,000 tested=0 found=0 n=604348026903081240296715 elapsed=957s
progress: nodes=13,390,000,000 tested=0 found=0 n=896877156366078631860105 elapsed=957s
progress: nodes=13,400,000,000 tested=0 found=0 n=706425533679012288090345 elapsed=958s
progress: nodes=13,410,000,000 tested=0 found=0 n=302998733232148506532815 elapsed=959s
progress: nodes=13,420,000,000 tested=0 found=0 n=759451912735326848875035 elapsed=960s
progress: nodes=13,430,000,000 tested=0 found=0 n=616466824038526858155 elapsed=960s
progress: nodes=13,440,000,000 tested=0 found=0 n=568845235920190139905005 elapsed=961s
progress: nodes=13,450,000,000 tested=0 found=0 n=419304155879751003228015 elapsed=962s
progress: nodes=13,460,000,000 tested=0 found=0 n=2617935487473342668445 elapsed=963s
progress: nodes=13,470,000,000 tested=0 found=0 n=758528617491512094848445 elapsed=963s
progress: nodes=13,480,000,000 tested=0 found=0 n=987471761355210223812555 elapsed=964s
progress: nodes=13,490,000,000 tested=0 found=0 n=694373550841254401222985 elapsed=965s
progress: nodes=13,500,000,000 tested=0 found=0 n=511450211439357071661945 elapsed=966s
progress: nodes=13,510,000,000 tested=0 found=0 n=879874872900106823574615 elapsed=966s
progress: nodes=13,520,000,000 tested=0 found=0 n=793167612023005273449945 elapsed=967s
progress: nodes=13,530,000,000 tested=0 found=0 n=506920443149347952572485 elapsed=968s
progress: nodes=13,540,000,000 tested=0 found=0 n=761383428685252906935105 elapsed=969s
progress: nodes=13,550,000,000 tested=0 found=0 n=1401642442444103971155 elapsed=969s
progress: nodes=13,560,000,000 tested=0 found=0 n=533096060533575459241365 elapsed=970s
progress: nodes=13,570,000,000 tested=0 found=0 n=592365149924614734711285 elapsed=971s
progress: nodes=13,580,000,000 tested=0 found=0 n=687685387704240427951185 elapsed=972s
progress: nodes=13,590,000,000 tested=0 found=0 n=559818076191469944825735 elapsed=972s
progress: nodes=13,600,000,000 tested=0 found=0 n=827451059080622064894135 elapsed=973s
progress: nodes=13,610,000,000 tested=0 found=0 n=660227401086231925491435 elapsed=974s
progress: nodes=13,620,000,000 tested=0 found=0 n=496708055193813458589495 elapsed=975s
progress: nodes=13,630,000,000 tested=0 found=0 n=236066618684532761417655 elapsed=975s
progress: nodes=13,640,000,000 tested=0 found=0 n=427531961123543830968315 elapsed=976s
progress: nodes=13,650,000,000 tested=0 found=0 n=978759914658394026936195 elapsed=977s
progress: nodes=13,660,000,000 tested=0 found=0 n=662461268491286940163455 elapsed=978s
progress: nodes=13,670,000,000 tested=0 found=0 n=482359723798137315563565 elapsed=979s
progress: nodes=13,680,000,000 tested=0 found=0 n=633323698834436817796215 elapsed=979s
progress: nodes=13,690,000,000 tested=0 found=0 n=890897430828954336628005 elapsed=980s
progress: nodes=13,700,000,000 tested=0 found=0 n=882270072967079498301765 elapsed=981s
progress: nodes=13,710,000,000 tested=0 found=0 n=635677769830011139918665 elapsed=982s
progress: nodes=13,720,000,000 tested=0 found=0 n=398252822857161435256005 elapsed=982s
progress: nodes=13,730,000,000 tested=0 found=0 n=454267529201116626057315 elapsed=983s
progress: nodes=13,740,000,000 tested=0 found=0 n=964025503034919730836255 elapsed=984s
progress: nodes=13,750,000,000 tested=0 found=0 n=241789729132826675668395 elapsed=985s
progress: nodes=13,760,000,000 tested=0 found=0 n=260707204558803185711055 elapsed=985s
progress: nodes=13,770,000,000 tested=0 found=0 n=256807048753952013735 elapsed=986s
progress: nodes=13,780,000,000 tested=0 found=0 n=991780729791749339402565 elapsed=987s
progress: nodes=13,790,000,000 tested=0 found=0 n=610657698715357905172935 elapsed=988s
progress: nodes=13,800,000,000 tested=0 found=0 n=764596228022616129843285 elapsed=989s
progress: nodes=13,810,000,000 tested=0 found=0 n=597880848729413385809145 elapsed=989s
progress: nodes=13,820,000,000 tested=0 found=0 n=703790795434391243894205 elapsed=990s
progress: nodes=13,830,000,000 tested=0 found=0 n=846394143017282098698195 elapsed=991s
progress: nodes=13,840,000,000 tested=0 found=0 n=738819584592926514922035 elapsed=992s
progress: nodes=13,850,000,000 tested=0 found=0 n=603071826602370885221715 elapsed=993s
progress: nodes=13,860,000,000 tested=0 found=0 n=124289280217670586133995 elapsed=993s
progress: nodes=13,870,000,000 tested=0 found=0 n=611214622839031103369235 elapsed=994s
progress: nodes=13,880,000,000 tested=0 found=0 n=531335457092089221525855 elapsed=995s
progress: nodes=13,890,000,000 tested=0 found=0 n=252356580337712085516105 elapsed=996s
progress: nodes=13,900,000,000 tested=0 found=0 n=903532711445753956156755 elapsed=996s
progress: nodes=13,910,000,000 tested=0 found=0 n=671867621445996526474935 elapsed=997s
progress: nodes=13,920,000,000 tested=0 found=0 n=320069499786974570296455 elapsed=998s
progress: nodes=13,930,000,000 tested=0 found=0 n=722923417868158874396205 elapsed=999s
progress: nodes=13,940,000,000 tested=0 found=0 n=949580101591652470410405 elapsed=1000s
progress: nodes=13,950,000,000 tested=0 found=0 n=311698693195375056390765 elapsed=1000s
progress: nodes=13,960,000,000 tested=0 found=0 n=430727392804819315395465 elapsed=1001s
progress: nodes=13,970,000,000 tested=0 found=0 n=500032367815606678432215 elapsed=1002s
progress: nodes=13,980,000,000 tested=0 found=0 n=301012286545629167383215 elapsed=1003s
progress: nodes=13,990,000,000 tested=0 found=0 n=351887579070453952614495 elapsed=1004s
progress: nodes=14,000,000,000 tested=0 found=0 n=519294964354914544221645 elapsed=1004s
progress: nodes=14,010,000,000 tested=0 found=0 n=293803314822357586146945 elapsed=1005s
progress: nodes=14,020,000,000 tested=0 found=0 n=404780242297788766555245 elapsed=1006s
progress: nodes=14,030,000,000 tested=0 found=0 n=404789509448612570684655 elapsed=1007s
progress: nodes=14,040,000,000 tested=0 found=0 n=734205484749024892197495 elapsed=1008s
progress: nodes=14,050,000,000 tested=0 found=0 n=769265668313517887646255 elapsed=1008s
progress: nodes=14,060,000,000 tested=0 found=0 n=706683644291935098182295 elapsed=1009s
progress: nodes=14,070,000,000 tested=0 found=0 n=694626689806517044026945 elapsed=1010s
progress: nodes=14,080,000,000 tested=0 found=0 n=284237377698884054619735 elapsed=1011s
progress: nodes=14,090,000,000 tested=0 found=0 n=981321545711631071020095 elapsed=1012s
progress: nodes=14,100,000,000 tested=0 found=0 n=223584890266300306148955 elapsed=1012s
progress: nodes=14,110,000,000 tested=0 found=0 n=601640527014514478944035 elapsed=1013s
progress: nodes=14,120,000,000 tested=0 found=0 n=835378974516848163459255 elapsed=1014s
progress: nodes=14,130,000,000 tested=0 found=0 n=498927972095712696102885 elapsed=1015s
progress: nodes=14,140,000,000 tested=0 found=0 n=743813728580600455668165 elapsed=1016s
progress: nodes=14,150,000,000 tested=0 found=0 n=754713260651978148768885 elapsed=1016s
progress: nodes=14,160,000,000 tested=0 found=0 n=893949722999249860096065 elapsed=1017s
progress: nodes=14,170,000,000 tested=0 found=0 n=283733860325564300459445 elapsed=1018s
progress: nodes=14,180,000,000 tested=0 found=0 n=190206017153532232424055 elapsed=1019s
progress: nodes=14,190,000,000 tested=0 found=0 n=722925370315905146506215 elapsed=1020s
progress: nodes=14,200,000,000 tested=0 found=0 n=401534600552478154139895 elapsed=1020s
progress: nodes=14,210,000,000 tested=0 found=0 n=638161780857262098419565 elapsed=1021s
progress: nodes=14,220,000,000 tested=0 found=0 n=409651641189038892855915 elapsed=1022s
progress: nodes=14,230,000,000 tested=0 found=0 n=795731216647976965536345 elapsed=1023s
progress: nodes=14,240,000,000 tested=0 found=0 n=650005765573959011147535 elapsed=1024s
progress: nodes=14,250,000,000 tested=0 found=0 n=521630100464915077734285 elapsed=1024s
progress: nodes=14,260,000,000 tested=0 found=0 n=976894009610100822606465 elapsed=1025s
progress: nodes=14,270,000,000 tested=0 found=0 n=941952111629194082235555 elapsed=1026s
progress: nodes=14,280,000,000 tested=0 found=0 n=371380705557002776106505 elapsed=1027s
progress: nodes=14,290,000,000 tested=0 found=0 n=376858033749823513234545 elapsed=1028s
progress: nodes=14,300,000,000 tested=0 found=0 n=541810820612851540934535 elapsed=1029s
progress: nodes=14,310,000,000 tested=0 found=0 n=331891368527615723456355 elapsed=1030s
progress: nodes=14,320,000,000 tested=0 found=0 n=907519443127800670959165 elapsed=1030s
progress: nodes=14,330,000,000 tested=0 found=0 n=149645298110497249206465 elapsed=1031s
progress: nodes=14,340,000,000 tested=0 found=0 n=490246630566089207415165 elapsed=1032s
progress: nodes=14,350,000,000 tested=0 found=0 n=253763340665765086050345 elapsed=1033s
progress: nodes=14,360,000,000 tested=0 found=0 n=878934385498795691219055 elapsed=1034s
progress: nodes=14,370,000,000 tested=0 found=0 n=134453326380826116198645 elapsed=1035s
progress: nodes=14,380,000,000 tested=0 found=0 n=54345225898472960340945 elapsed=1035s
progress: nodes=14,390,000,000 tested=0 found=0 n=252436101544406809793115 elapsed=1036s
progress: nodes=14,400,000,000 tested=0 found=0 n=33553859606243650431945 elapsed=1037s
progress: nodes=14,410,000,000 tested=0 found=0 n=370926528135422991671115 elapsed=1037s
progress: nodes=14,420,000,000 tested=0 found=0 n=33302140763029161872805 elapsed=1038s
progress: nodes=14,430,000,000 tested=0 found=0 n=715271346201864064757265 elapsed=1039s
progress: nodes=14,440,000,000 tested=0 found=0 n=11763567153517026416085 elapsed=1039s
progress: nodes=14,450,000,000 tested=0 found=0 n=60136661729580895044135 elapsed=1040s
progress: nodes=14,460,000,000 tested=0 found=0 n=279682668872689625399835 elapsed=1041s
progress: nodes=14,470,000,000 tested=0 found=0 n=552389867043502891053915 elapsed=1041s
progress: nodes=14,480,000,000 tested=0 found=0 n=360740161167138352136295 elapsed=1042s
progress: nodes=14,490,000,000 tested=0 found=0 n=618349349170369753495515 elapsed=1042s
progress: nodes=14,500,000,000 tested=0 found=0 n=202917819422989440213345 elapsed=1043s
progress: nodes=14,510,000,000 tested=0 found=0 n=969943135892519400816105 elapsed=1044s
progress: nodes=14,520,000,000 tested=0 found=0 n=674234671662085792219335 elapsed=1044s
progress: nodes=14,530,000,000 tested=0 found=0 n=6883109734273758325395 elapsed=1045s
progress: nodes=14,540,000,000 tested=0 found=0 n=428978000288853107087985 elapsed=1045s
progress: nodes=14,550,000,000 tested=0 found=0 n=1855831335926392111815 elapsed=1046s
progress: nodes=14,560,000,000 tested=0 found=0 n=6009091434648589264065 elapsed=1046s
progress: nodes=14,570,000,000 tested=0 found=0 n=5089303915682754466215 elapsed=1047s
progress: nodes=14,580,000,000 tested=0 found=0 n=231611582146623223996935 elapsed=1048s
progress: nodes=14,590,000,000 tested=0 found=0 n=409204729184315110221285 elapsed=1048s
progress: nodes=14,600,000,000 tested=0 found=0 n=142631213417085593258685 elapsed=1049s
progress: nodes=14,610,000,000 tested=0 found=0 n=259480675251501688503585 elapsed=1050s
progress: nodes=14,620,000,000 tested=0 found=0 n=334199838986449195354155 elapsed=1051s
progress: nodes=14,630,000,000 tested=0 found=0 n=52329644710229851693245 elapsed=1052s
progress: nodes=14,640,000,000 tested=0 found=0 n=800455106133691569699435 elapsed=1053s
progress: nodes=14,650,000,000 tested=0 found=0 n=49141181754115788138615 elapsed=1053s
progress: nodes=14,660,000,000 tested=0 found=0 n=571760195188795182366885 elapsed=1054s
progress: nodes=14,670,000,000 tested=0 found=0 n=747533435247840172388985 elapsed=1055s

done in 1055.5s | nodes=14,677,016,186 | tested=0 | weird=0
