search v2: odd=True, N_CAP=1.00e+24, DELTA_MAX=1.0e+07, MIN_DEPTH=6
SPF shard: smallest prime factor = 3
P2 sub-shard: second prime factor = 7
P3 sub-sub-shard: third prime factor = 11
progress: nodes=10,000,000 tested=1,274 found=0 n=521952645293954975823723 elapsed=1s
progress: nodes=20,000,000 tested=1,274 found=0 n=153012084268667913392103 elapsed=2s
progress: nodes=30,000,000 tested=1,274 found=0 n=747294245252242559710839 elapsed=2s
progress: nodes=40,000,000 tested=1,274 found=0 n=366816510311542710255837 elapsed=3s
progress: nodes=50,000,000 tested=1,274 found=0 n=978191147423002188088413 elapsed=3s
progress: nodes=60,000,000 tested=1,274 found=0 n=589933800249832868993163 elapsed=4s
progress: nodes=70,000,000 tested=1,274 found=0 n=217665267031856476415583 elapsed=4s
progress: nodes=80,000,000 tested=1,274 found=0 n=819195385559708048060169 elapsed=5s
progress: nodes=90,000,000 tested=1,274 found=0 n=437095132818585828628041 elapsed=5s
progress: nodes=100,000,000 tested=1,274 found=0 n=77467523065681392636993 elapsed=5s
progress: nodes=110,000,000 tested=1,274 found=0 n=664943463013402955901519 elapsed=6s
progress: nodes=120,000,000 tested=1,274 found=0 n=289993111826983953695307 elapsed=6s
progress: nodes=130,000,000 tested=1,274 found=0 n=898314922039289619403539 elapsed=7s
progress: nodes=140,000,000 tested=1,274 found=0 n=514572957088495752708261 elapsed=7s
progress: nodes=150,000,000 tested=1,274 found=0 n=149135868511489158466167 elapsed=8s
progress: nodes=160,000,000 tested=1,274 found=0 n=746329930695208025277111 elapsed=8s
progress: nodes=170,000,000 tested=1,274 found=0 n=368881356815147716180641 elapsed=9s
progress: nodes=180,000,000 tested=1,274 found=0 n=983605662667720943821971 elapsed=9s
progress: nodes=190,000,000 tested=1,274 found=0 n=598604945567662628658063 elapsed=9s
progress: nodes=200,000,000 tested=1,274 found=0 n=229137823397439184751523 elapsed=10s
progress: nodes=210,000,000 tested=1,274 found=0 n=834907961800203574215933 elapsed=10s
progress: nodes=220,000,000 tested=1,274 found=0 n=455553205267830556589703 elapsed=11s
progress: nodes=230,000,000 tested=1,274 found=0 n=96954228817588675301769 elapsed=11s
progress: nodes=240,000,000 tested=1,274 found=0 n=690217974873750356800767 elapsed=12s
progress: nodes=250,000,000 tested=1,274 found=0 n=317052410629196537832537 elapsed=12s
progress: nodes=260,000,000 tested=1,274 found=0 n=930413165040683058545811 elapsed=13s
progress: nodes=270,000,000 tested=1,274 found=0 n=548672417814132560279331 elapsed=13s
progress: nodes=280,000,000 tested=1,274 found=0 n=183692786711882333444559 elapsed=14s
progress: nodes=290,000,000 tested=1,274 found=0 n=787211131612225335774759 elapsed=14s
progress: nodes=300,000,000 tested=1,274 found=0 n=411008856092422108499979 elapsed=14s
progress: nodes=310,000,000 tested=1,274 found=0 n=58417165897307745494967 elapsed=15s
progress: nodes=320,000,000 tested=1,274 found=0 n=647754731326787228725581 elapsed=15s
progress: nodes=330,000,000 tested=1,274 found=0 n=278394157343521518988689 elapsed=16s
progress: nodes=340,000,000 tested=1,274 found=0 n=890951396744519265382227 elapsed=16s
progress: nodes=350,000,000 tested=1,274 found=0 n=512529663078385580060433 elapsed=17s
progress: nodes=360,000,000 tested=1,274 found=0 n=151938900472993085819367 elapsed=17s
progress: nodes=370,000,000 tested=1,274 found=0 n=754512606543932194895937 elapsed=18s
progress: nodes=380,000,000 tested=1,274 found=0 n=381625470985666563805149 elapsed=18s
progress: nodes=390,000,000 tested=1,274 found=0 n=34581956695521090298443 elapsed=19s
progress: nodes=400,000,000 tested=1,274 found=0 n=621552429305095597772463 elapsed=19s
progress: nodes=410,000,000 tested=1,274 found=0 n=255539780978063101981461 elapsed=20s
progress: nodes=420,000,000 tested=1,274 found=0 n=868509593804031440398137 elapsed=20s
progress: nodes=430,000,000 tested=1,274 found=0 n=492823454018557663684683 elapsed=20s
progress: nodes=440,000,000 tested=1,274 found=0 n=135499631977526746840911 elapsed=21s
progress: nodes=450,000,000 tested=1,274 found=0 n=738238590772193047694157 elapsed=21s
progress: nodes=460,000,000 tested=1,274 found=0 n=367844318961225072709743 elapsed=22s
progress: nodes=470,000,000 tested=1,274 found=0 n=989338928755936665307401 elapsed=22s
progress: nodes=480,000,000 tested=1,274 found=0 n=610946532596384923417479 elapsed=23s
progress: nodes=490,000,000 tested=1,274 found=0 n=246954139025620662669033 elapsed=23s
progress: nodes=500,000,000 tested=1,274 found=0 n=860800333413349815158673 elapsed=24s
progress: nodes=510,000,000 tested=1,274 found=0 n=486741051284668415496261 elapsed=24s
progress: nodes=520,000,000 tested=1,274 found=0 n=131349609450227733788223 elapsed=25s
progress: nodes=530,000,000 tested=1,274 found=0 n=735209493132862125585207 elapsed=25s
progress: nodes=540,000,000 tested=1,274 found=0 n=366703893438586594099209 elapsed=25s
progress: nodes=550,000,000 tested=1,274 found=0 n=990129873428960240905929 elapsed=26s
progress: nodes=560,000,000 tested=1,274 found=0 n=613654775021441326602429 elapsed=26s
progress: nodes=570,000,000 tested=1,274 found=0 n=251400081810964770512829 elapsed=27s
progress: nodes=580,000,000 tested=1,274 found=0 n=867580249393928974494591 elapsed=27s
progress: nodes=590,000,000 tested=1,274 found=0 n=495290795925272413409343 elapsed=28s
progress: nodes=600,000,000 tested=1,274 found=0 n=141022299932005282121331 elapsed=28s
progress: nodes=610,000,000 tested=1,274 found=0 n=747911756867526023834061 elapsed=29s
progress: nodes=620,000,000 tested=1,274 found=0 n=380645177752223466083001 elapsed=29s
progress: nodes=630,000,000 tested=1,274 found=0 n=38305444241319308090037 elapsed=30s
progress: nodes=640,000,000 tested=1,274 found=0 n=631328342151756400162011 elapsed=30s
progress: nodes=650,000,000 tested=1,274 found=0 n=269922951044126013112479 elapsed=30s
progress: nodes=660,000,000 tested=1,274 found=0 n=889326132989137557867153 elapsed=31s
progress: nodes=670,000,000 tested=1,274 found=0 n=518264021757566422569231 elapsed=31s
progress: nodes=680,000,000 tested=1,274 found=0 n=164037498242133268231479 elapsed=32s
progress: nodes=690,000,000 tested=1,274 found=0 n=775152284345696121811947 elapsed=32s
progress: nodes=700,000,000 tested=1,274 found=0 n=408783605661614840613957 elapsed=33s
progress: nodes=710,000,000 tested=1,274 found=0 n=64663893420520105062351 elapsed=33s
progress: nodes=720,000,000 tested=1,274 found=0 n=664243475139236433570129 elapsed=34s
progress: nodes=730,000,000 tested=1,274 found=0 n=303068238206394940928649 elapsed=34s
progress: nodes=740,000,000 tested=1,274 found=0 n=926837605101382740112347 elapsed=35s
progress: nodes=750,000,000 tested=1,274 found=0 n=556489011430474048687761 elapsed=35s
progress: nodes=760,000,000 tested=1,274 found=0 n=201464711484789940378191 elapsed=35s
progress: nodes=770,000,000 tested=1,274 found=0 n=817864064710894046574729 elapsed=36s
progress: nodes=780,000,000 tested=1,274 found=0 n=451803688270146690118641 elapsed=36s
progress: nodes=790,000,000 tested=1,274 found=0 n=105164902160294850346473 elapsed=37s
progress: nodes=800,000,000 tested=1,274 found=0 n=712374954858782598442059 elapsed=37s
progress: nodes=810,000,000 tested=1,274 found=0 n=350840783762948154863187 elapsed=38s
progress: nodes=820,000,000 tested=1,274 found=0 n=979813879678482058631421 elapsed=38s
progress: nodes=830,000,000 tested=1,274 found=0 n=609988557010871292367113 elapsed=39s
progress: nodes=840,000,000 tested=1,274 found=0 n=254001915778008700443141 elapsed=39s
progress: nodes=850,000,000 tested=1,274 found=0 n=876932958149216084435319 elapsed=40s
progress: nodes=860,000,000 tested=1,274 found=0 n=510885113794772470116363 elapsed=40s
progress: nodes=870,000,000 tested=1,274 found=0 n=161447354046195666748299 elapsed=40s
progress: nodes=880,000,000 tested=1,274 found=0 n=776834220786856703199729 elapsed=41s
progress: nodes=890,000,000 tested=1,274 found=0 n=414725907760647804083763 elapsed=41s
progress: nodes=900,000,000 tested=1,274 found=0 n=73878786016408319948001 elapsed=42s
progress: nodes=910,000,000 tested=1,274 found=0 n=679320188469512741862711 elapsed=42s
progress: nodes=920,000,000 tested=1,274 found=0 n=321736477121891345877363 elapsed=43s
progress: nodes=930,000,000 tested=1,274 found=0 n=951395968452175605309951 elapsed=43s
progress: nodes=940,000,000 tested=1,274 found=0 n=584854848386151153631821 elapsed=44s
progress: nodes=950,000,000 tested=1,274 found=0 n=232730273569469125889439 elapsed=44s
progress: nodes=960,000,000 tested=1,274 found=0 n=856764408011346705739869 elapsed=44s
progress: nodes=970,000,000 tested=1,274 found=0 n=494049342509673739705917 elapsed=45s
progress: nodes=980,000,000 tested=1,274 found=0 n=148514687178569673918957 elapsed=45s
progress: nodes=990,000,000 tested=1,274 found=0 n=765902574270729605686977 elapsed=46s
progress: nodes=1,000,000,000 tested=1,274 found=0 n=407343912506577366751431 elapsed=46s
progress: nodes=1,010,000,000 tested=1,274 found=0 n=70074066893500829902743 elapsed=47s
progress: nodes=1,020,000,000 tested=1,274 found=0 n=678207145525834451558031 elapsed=47s
progress: nodes=1,030,000,000 tested=1,274 found=0 n=323774003341049967406701 elapsed=48s
progress: nodes=1,040,000,000 tested=1,274 found=0 n=956712289200100983058509 elapsed=48s
progress: nodes=1,050,000,000 tested=1,274 found=0 n=593247336197710096009107 elapsed=49s
progress: nodes=1,060,000,000 tested=1,274 found=0 n=243631645909459851596553 elapsed=49s
progress: nodes=1,070,000,000 tested=1,274 found=0 n=871497360318391787943963 elapsed=49s
progress: nodes=1,080,000,000 tested=1,274 found=0 n=511186272552510642894807 elapsed=50s
progress: nodes=1,090,000,000 tested=1,274 found=0 n=167014348322854871467629 elapsed=50s
progress: nodes=1,100,000,000 tested=1,274 found=0 n=788713663834245646788291 elapsed=51s
progress: nodes=1,110,000,000 tested=1,274 found=0 n=431706697676660546237097 elapsed=51s
progress: nodes=1,120,000,000 tested=1,274 found=0 n=94181333635133120817441 elapsed=52s
progress: nodes=1,130,000,000 tested=1,274 found=0 n=708092832178677279755421 elapsed=52s
progress: nodes=1,140,000,000 tested=1,274 found=0 n=354570506405760568432509 elapsed=53s
progress: nodes=1,150,000,000 tested=1,274 found=0 n=991806023437266434285889 elapsed=53s
progress: nodes=1,160,000,000 tested=1,274 found=0 n=629596617044899072800231 elapsed=54s
progress: nodes=1,170,000,000 tested=1,274 found=0 n=280225393273538228599083 elapsed=54s
progress: nodes=1,180,000,000 tested=1,274 found=0 n=912978591256718702182467 elapsed=54s
progress: nodes=1,190,000,000 tested=1,274 found=0 n=553738681081082292304509 elapsed=55s
progress: nodes=1,200,000,000 tested=1,274 found=0 n=208958611397528612542923 elapsed=55s
progress: nodes=1,210,000,000 tested=1,274 found=0 n=836764006342967326973349 elapsed=56s
progress: nodes=1,220,000,000 tested=1,274 found=0 n=480666600597672659651481 elapsed=56s
progress: nodes=1,230,000,000 tested=1,274 found=0 n=141446356060381387526511 elapsed=57s
progress: nodes=1,240,000,000 tested=1,274 found=0 n=763641080844651949530591 elapsed=57s
progress: nodes=1,250,000,000 tested=1,274 found=0 n=410771672881296613403517 elapsed=58s
progress: nodes=1,260,000,000 tested=1,274 found=0 n=78198301162858182465159 elapsed=58s
progress: nodes=1,270,000,000 tested=1,274 found=0 n=693187627922602030995777 elapsed=59s
progress: nodes=1,280,000,000 tested=1,274 found=0 n=343683227336228662551669 elapsed=59s
progress: nodes=1,290,000,000 tested=1,274 found=0 n=984113018362713015689913 elapsed=59s
progress: nodes=1,300,000,000 tested=1,274 found=0 n=625885931720333401730613 elapsed=60s
progress: nodes=1,310,000,000 tested=1,274 found=0 n=280274740853320891739061 elapsed=60s
progress: nodes=1,320,000,000 tested=1,274 found=0 n=916795729182599414078931 elapsed=61s
progress: nodes=1,330,000,000 tested=1,274 found=0 n=561295583681480206996437 elapsed=61s
progress: nodes=1,340,000,000 tested=1,274 found=0 n=219715248181470123521439 elapsed=62s
progress: nodes=1,350,000,000 tested=1,274 found=0 n=852338711871836261221149 elapsed=62s
progress: nodes=1,360,000,000 tested=1,274 found=0 n=499413564475463291634981 elapsed=63s
progress: nodes=1,370,000,000 tested=1,274 found=0 n=162410883724681876623339 elapsed=63s
progress: nodes=1,380,000,000 tested=1,274 found=0 n=790553408964351577421877 elapsed=64s
progress: nodes=1,390,000,000 tested=1,274 found=0 n=440369822312064513159291 elapsed=64s
progress: nodes=1,400,000,000 tested=1,274 found=0 n=108450059647333777714341 elapsed=64s
progress: nodes=1,410,000,000 tested=1,274 found=0 n=731355423684818583810159 elapsed=65s
progress: nodes=1,420,000,000 tested=1,274 found=0 n=384115618231026628565619 elapsed=65s
progress: nodes=1,430,000,000 tested=1,274 found=0 n=58455525315677748981723 elapsed=66s
progress: nodes=1,440,000,000 tested=1,274 found=0 n=675016599497837868914643 elapsed=66s
progress: nodes=1,450,000,000 tested=1,274 found=0 n=330973154896570210457433 elapsed=67s
progress: nodes=1,460,000,000 tested=1,274 found=0 n=975078434576913499974141 elapsed=67s
progress: nodes=1,470,000,000 tested=1,274 found=0 n=621647337359423678914611 elapsed=68s
progress: nodes=1,480,000,000 tested=1,274 found=0 n=280642183776460339534701 elapsed=68s
progress: nodes=1,490,000,000 tested=1,274 found=0 n=921787055563109098400037 elapsed=69s
progress: nodes=1,500,000,000 tested=1,274 found=0 n=570725119233879333592869 elapsed=69s
progress: nodes=1,510,000,000 tested=1,274 found=0 n=232930715152060606802121 elapsed=69s
progress: nodes=1,520,000,000 tested=1,274 found=0 n=871175841568142682685113 elapsed=70s
progress: nodes=1,530,000,000 tested=1,274 found=0 n=522015689536053990626349 elapsed=70s
progress: nodes=1,540,000,000 tested=1,274 found=0 n=187483147037900515981179 elapsed=71s
progress: nodes=1,550,000,000 tested=1,274 found=0 n=822232986651058494240729 elapsed=71s
progress: nodes=1,560,000,000 tested=1,274 found=0 n=475013671383518135119251 elapsed=72s
progress: nodes=1,570,000,000 tested=1,274 found=0 n=143942546727421342131231 elapsed=72s
progress: nodes=1,580,000,000 tested=1,274 found=0 n=774763966838002751120511 elapsed=73s
progress: nodes=1,590,000,000 tested=1,274 found=0 n=429548089281832601837757 elapsed=73s
progress: nodes=1,600,000,000 tested=1,274 found=0 n=102615424060103288072739 elapsed=74s
progress: nodes=1,610,000,000 tested=1,274 found=0 n=729472266598759359893217 elapsed=74s
progress: nodes=1,620,000,000 tested=1,274 found=0 n=386990222029756935931341 elapsed=74s
progress: nodes=1,630,000,000 tested=1,274 found=0 n=65139726454518748365333 elapsed=75s
progress: nodes=1,640,000,000 tested=1,274 found=0 n=687524444065620623112651 elapsed=75s
progress: nodes=1,650,000,000 tested=1,274 found=0 n=347425007238262954517517 elapsed=76s
progress: nodes=1,660,000,000 tested=1,274 found=0 n=997691712397804660323087 elapsed=76s
progress: nodes=1,670,000,000 tested=1,274 found=0 n=648688625846077936296177 elapsed=77s
progress: nodes=1,680,000,000 tested=1,274 found=0 n=311153495651332219212327 elapsed=77s
progress: nodes=1,690,000,000 tested=1,274 found=0 n=959621189613779016963639 elapsed=78s
progress: nodes=1,700,000,000 tested=1,274 found=0 n=612165110591150291532357 elapsed=78s
progress: nodes=1,710,000,000 tested=1,274 found=0 n=276894675114810580859031 elapsed=78s
progress: nodes=1,720,000,000 tested=1,274 found=0 n=923501706218100748215477 elapsed=79s
progress: nodes=1,730,000,000 tested=1,274 found=0 n=577904807655111053530413 elapsed=79s
progress: nodes=1,740,000,000 tested=1,274 found=0 n=244928179471471176942261 elapsed=80s
progress: nodes=1,750,000,000 tested=1,274 found=0 n=889796524796022091725477 elapsed=80s
progress: nodes=1,760,000,000 tested=1,274 found=0 n=545739249742942963450743 elapsed=81s
progress: nodes=1,770,000,000 tested=1,274 found=0 n=215334091854924524362881 elapsed=81s
progress: nodes=1,780,000,000 tested=1,274 found=0 n=858737663525523822467427 elapsed=82s
progress: nodes=1,790,000,000 tested=1,274 found=0 n=516465372146037073020261 elapsed=82s
progress: nodes=1,800,000,000 tested=1,274 found=0 n=188456891921127067495257 elapsed=83s
progress: nodes=1,810,000,000 tested=1,274 found=0 n=829936463393685649858857 elapsed=83s
progress: nodes=1,820,000,000 tested=1,274 found=0 n=489211192088722920163347 elapsed=83s
progress: nodes=1,830,000,000 tested=1,274 found=0 n=163565053244087590398303 elapsed=84s
progress: nodes=1,840,000,000 tested=1,274 found=0 n=803514757107787401868191 elapsed=84s
progress: nodes=1,850,000,000 tested=1,274 found=0 n=464286942322677961726239 elapsed=85s
progress: nodes=1,860,000,000 tested=1,274 found=0 n=141142833642900945502647 elapsed=85s
progress: nodes=1,870,000,000 tested=1,274 found=0 n=779616174928226812737561 elapsed=86s
progress: nodes=1,880,000,000 tested=1,274 found=0 n=442154503504663000742691 elapsed=86s
progress: nodes=1,890,000,000 tested=1,274 found=0 n=121429006686080532061623 elapsed=87s
progress: nodes=1,900,000,000 tested=1,274 found=0 n=758439123875337124050831 elapsed=87s
progress: nodes=1,910,000,000 tested=1,274 found=0 n=422404514316460529440587 elapsed=88s
progress: nodes=1,920,000,000 tested=1,274 found=0 n=104026580037906337328517 elapsed=88s
progress: nodes=1,930,000,000 tested=1,274 found=0 n=739800616299861379620357 elapsed=88s
progress: nodes=1,940,000,000 tested=1,274 found=0 n=405373252100791860226341 elapsed=89s
progress: nodes=1,950,000,000 tested=1,274 found=0 n=89251993799898483234681 elapsed=89s
progress: nodes=1,960,000,000 tested=1,274 found=0 n=723780912321893126714013 elapsed=90s
progress: nodes=1,970,000,000 tested=1,274 found=0 n=390544945522954035304491 elapsed=90s
progress: nodes=1,980,000,000 tested=1,274 found=0 n=76392943315481706066153 elapsed=91s
progress: nodes=1,990,000,000 tested=1,274 found=0 n=709645183539665060847159 elapsed=91s
progress: nodes=2,000,000,000 tested=1,274 found=0 n=377570973075358345912629 elapsed=92s
progress: nodes=2,010,000,000 tested=1,274 found=0 n=65413862533651143529017 elapsed=92s
progress: nodes=2,020,000,000 tested=1,274 found=0 n=697809361265381588424201 elapsed=92s
progress: nodes=2,030,000,000 tested=1,274 found=0 n=366890465501755795763163 elapsed=93s
progress: nodes=2,040,000,000 tested=1,274 found=0 n=56518786491581614359159 elapsed=93s
progress: nodes=2,050,000,000 tested=1,274 found=0 n=688108406476689661269807 elapsed=94s
progress: nodes=2,060,000,000 tested=1,274 found=0 n=358318544786907118054641 elapsed=94s
progress: nodes=2,070,000,000 tested=1,274 found=0 n=49581364507833434833557 elapsed=95s
progress: nodes=2,080,000,000 tested=1,274 found=0 n=680695827611910083230257 elapsed=95s
progress: nodes=2,090,000,000 tested=1,274 found=0 n=351917691191221979951127 elapsed=96s
progress: nodes=2,100,000,000 tested=1,274 found=0 n=44704969068363085893411 elapsed=96s
progress: nodes=2,110,000,000 tested=1,274 found=0 n=675632606791652700281091 elapsed=97s
progress: nodes=2,120,000,000 tested=1,274 found=0 n=347892923666667918628089 elapsed=97s
progress: nodes=2,130,000,000 tested=1,274 found=0 n=41877674379359700680799 elapsed=97s
progress: nodes=2,140,000,000 tested=1,274 found=0 n=673198794105799486706181 elapsed=98s
progress: nodes=2,150,000,000 tested=1,274 found=0 n=346453181705372799450393 elapsed=98s
progress: nodes=2,160,000,000 tested=1,274 found=0 n=41380631571492312726627 elapsed=99s
progress: nodes=2,170,000,000 tested=1,274 found=0 n=673507230075639167186979 elapsed=99s
progress: nodes=2,180,000,000 tested=1,274 found=0 n=347489780219928957970359 elapsed=100s
progress: nodes=2,190,000,000 tested=1,274 found=0 n=42901218326307840620121 elapsed=100s
progress: nodes=2,200,000,000 tested=1,274 found=0 n=675935623572122515334733 elapsed=101s
progress: nodes=2,210,000,000 tested=1,274 found=0 n=350422357854165032288853 elapsed=101s
progress: nodes=2,220,000,000 tested=1,274 found=0 n=45967772865589054132653 elapsed=102s
progress: nodes=2,230,000,000 tested=1,274 found=0 n=680199428446681104750789 elapsed=102s
progress: nodes=2,240,000,000 tested=1,274 found=0 n=355253322103148082985371 elapsed=102s
progress: nodes=2,250,000,000 tested=1,274 found=0 n=50973383033468348746293 elapsed=103s
progress: nodes=2,260,000,000 tested=1,274 found=0 n=687218240092834878048621 elapsed=103s
progress: nodes=2,270,000,000 tested=1,274 found=0 n=363074693944028376238929 elapsed=104s
progress: nodes=2,280,000,000 tested=1,274 found=0 n=58801706293763327904009 elapsed=104s
progress: nodes=2,290,000,000 tested=1,274 found=0 n=697260314320000412258277 elapsed=105s
progress: nodes=2,300,000,000 tested=1,274 found=0 n=373393317742650767793231 elapsed=105s
progress: nodes=2,310,000,000 tested=1,274 found=0 n=68548992813630305443467 elapsed=106s
progress: nodes=2,320,000,000 tested=1,274 found=0 n=709275406247640986757003 elapsed=106s
progress: nodes=2,330,000,000 tested=1,274 found=0 n=385623148227812564842773 elapsed=107s
progress: nodes=2,340,000,000 tested=1,274 found=0 n=80031764197710339877863 elapsed=107s
progress: nodes=2,350,000,000 tested=1,274 found=0 n=722934305149406260187277 elapsed=107s
progress: nodes=2,360,000,000 tested=1,274 found=0 n=399419156352080589796071 elapsed=108s
progress: nodes=2,370,000,000 tested=1,274 found=0 n=93276963619391294065323 elapsed=108s
progress: nodes=2,380,000,000 tested=1,274 found=0 n=738969627845978793303039 elapsed=109s
progress: nodes=2,390,000,000 tested=1,274 found=0 n=415874214981381490230897 elapsed=109s
progress: nodes=2,400,000,000 tested=1,274 found=0 n=109131026917190498132913 elapsed=110s
progress: nodes=2,410,000,000 tested=1,274 found=0 n=757652628840252258550437 elapsed=110s
progress: nodes=2,420,000,000 tested=1,274 found=0 n=434516986246579554945627 elapsed=111s
progress: nodes=2,430,000,000 tested=1,274 found=0 n=126910670188026742986969 elapsed=111s
progress: nodes=2,440,000,000 tested=1,274 found=0 n=778353089882336151173991 elapsed=112s
progress: nodes=2,450,000,000 tested=1,274 found=0 n=455387741939706206664033 elapsed=112s
progress: nodes=2,460,000,000 tested=1,274 found=0 n=146917191411630778139001 elapsed=112s
progress: nodes=2,470,000,000 tested=1,274 found=0 n=801353407877159005469601 elapsed=113s
progress: nodes=2,480,000,000 tested=1,274 found=0 n=478147645282445411133861 elapsed=113s
progress: nodes=2,490,000,000 tested=1,274 found=0 n=168888226783264736096349 elapsed=114s
progress: nodes=2,500,000,000 tested=1,274 found=0 n=826297388771631762288303 elapsed=114s
progress: nodes=2,510,000,000 tested=1,274 found=0 n=503225711042871396508929 elapsed=115s
progress: nodes=2,520,000,000 tested=1,274 found=0 n=193187916417938926086603 elapsed=115s
progress: nodes=2,530,000,000 tested=1,274 found=0 n=853726149350409819911427 elapsed=116s
progress: nodes=2,540,000,000 tested=1,274 found=0 n=530629783916849548538607 elapsed=116s
progress: nodes=2,550,000,000 tested=1,274 found=0 n=219823369059220556352723 elapsed=117s
progress: nodes=2,560,000,000 tested=1,274 found=0 n=883578295534992689639007 elapsed=117s
progress: nodes=2,570,000,000 tested=1,274 found=0 n=560404893193116549186609 elapsed=117s
progress: nodes=2,580,000,000 tested=1,274 found=0 n=248694693209927475698187 elapsed=118s
progress: nodes=2,590,000,000 tested=1,274 found=0 n=915375401992985781318471 elapsed=118s
progress: nodes=2,600,000,000 tested=1,274 found=0 n=592026329501995066948269 elapsed=119s
progress: nodes=2,610,000,000 tested=1,274 found=0 n=279439685772561729824409 elapsed=119s
progress: nodes=2,620,000,000 tested=1,274 found=0 n=949217587824876368181183 elapsed=120s
progress: nodes=2,630,000,000 tested=1,274 found=0 n=625629073622686283587437 elapsed=120s
progress: nodes=2,640,000,000 tested=1,274 found=0 n=312448256308450048143357 elapsed=121s
progress: nodes=2,650,000,000 tested=1,274 found=0 n=985827151091112044724009 elapsed=121s
progress: nodes=2,660,000,000 tested=1,274 found=0 n=662285860425723761294067 elapsed=121s
progress: nodes=2,670,000,000 tested=1,274 found=0 n=348543002604365930580219 elapsed=122s
progress: nodes=2,680,000,000 tested=1,274 found=0 n=54281150175550516839621 elapsed=122s
progress: nodes=2,690,000,000 tested=1,274 found=0 n=701714944495773039851019 elapsed=123s
progress: nodes=2,700,000,000 tested=1,274 found=0 n=387377478697323134081061 elapsed=123s
progress: nodes=2,710,000,000 tested=1,274 found=0 n=90052518587951921034033 elapsed=124s
progress: nodes=2,720,000,000 tested=1,274 found=0 n=744078396595355573098347 elapsed=124s
progress: nodes=2,730,000,000 tested=1,274 found=0 n=429377818493796051010131 elapsed=125s
progress: nodes=2,740,000,000 tested=1,274 found=0 n=129651990022818458926731 elapsed=125s
progress: nodes=2,750,000,000 tested=1,274 found=0 n=789621364544222126569653 elapsed=126s
progress: nodes=2,760,000,000 tested=1,274 found=0 n=474284328102309703401423 elapsed=126s
progress: nodes=2,770,000,000 tested=1,274 found=0 n=172152583624494950019543 elapsed=126s
progress: nodes=2,780,000,000 tested=1,274 found=0 n=837418229398351084555071 elapsed=127s
progress: nodes=2,790,000,000 tested=1,274 found=0 n=521497079699159282347629 elapsed=127s
progress: nodes=2,800,000,000 tested=1,274 found=0 n=217481306427955862168877 elapsed=128s
progress: nodes=2,810,000,000 tested=1,274 found=0 n=887791847243677607560329 elapsed=128s
progress: nodes=2,820,000,000 tested=1,274 found=0 n=571189279643637604052103 elapsed=129s
progress: nodes=2,830,000,000 tested=1,274 found=0 n=265438532088199117949301 elapsed=129s
progress: nodes=2,840,000,000 tested=1,274 found=0 n=940489888308457729929687 elapsed=130s
progress: nodes=2,850,000,000 tested=1,274 found=0 n=623319220905537466266957 elapsed=130s
progress: nodes=2,860,000,000 tested=1,274 found=0 n=315968579947045074572523 elapsed=131s
progress: nodes=2,870,000,000 tested=1,274 found=0 n=995428043645264294966901 elapsed=131s
progress: nodes=2,880,000,000 tested=1,274 found=0 n=677569134458519506614411 elapsed=131s
progress: nodes=2,890,000,000 tested=1,274 found=0 n=369056276144062223860143 elapsed=132s
progress: nodes=2,900,000,000 tested=1,274 found=0 n=77829697629578925483453 elapsed=132s
progress: nodes=2,910,000,000 tested=1,274 found=0 n=734914487349823908710583 elapsed=133s
progress: nodes=2,920,000,000 tested=1,274 found=0 n=425098789635936613686489 elapsed=133s
progress: nodes=2,930,000,000 tested=1,274 found=0 n=129803477979728595123081 elapsed=134s
progress: nodes=2,940,000,000 tested=1,274 found=0 n=794480430532973742098541 elapsed=134s
progress: nodes=2,950,000,000 tested=1,274 found=0 n=483642147891837413125647 elapsed=135s
progress: nodes=2,960,000,000 tested=1,274 found=0 n=185441198226827166735111 elapsed=135s
progress: nodes=2,970,000,000 tested=1,274 found=0 n=856661478456758606500869 elapsed=136s
progress: nodes=2,980,000,000 tested=1,274 found=0 n=544696635427274294653689 elapsed=136s
progress: nodes=2,990,000,000 tested=1,274 found=0 n=243713270267326042376193 elapsed=136s
progress: nodes=3,000,000,000 tested=1,274 found=0 n=920718988718118260431761 elapsed=137s
progress: nodes=3,010,000,000 tested=1,274 found=0 n=607789495102024367088957 elapsed=137s
progress: nodes=3,020,000,000 tested=1,274 found=0 n=304744941330546771963909 elapsed=138s
progress: nodes=3,030,000,000 tested=1,274 found=0 n=987404593304365504405137 elapsed=138s
progress: nodes=3,040,000,000 tested=1,274 found=0 n=673709266215624152895381 elapsed=139s
progress: nodes=3,050,000,000 tested=1,274 found=0 n=369093489173816232568743 elapsed=139s
progress: nodes=3,060,000,000 tested=1,274 found=0 n=81372908594756200334913 elapsed=140s
progress: nodes=3,070,000,000 tested=1,274 found=0 n=742935901528400634657603 elapsed=140s
progress: nodes=3,080,000,000 tested=1,274 found=0 n=436825923906672981641961 elapsed=140s
progress: nodes=3,090,000,000 tested=1,274 found=0 n=144562964503736353235661 elapsed=141s
progress: nodes=3,100,000,000 tested=1,274 found=0 n=815148522332834044558203 elapsed=141s
progress: nodes=3,110,000,000 tested=1,274 found=0 n=507793571123195347833843 elapsed=142s
progress: nodes=3,120,000,000 tested=1,274 found=0 n=212141541310014821826321 elapsed=142s
progress: nodes=3,130,000,000 tested=1,274 found=0 n=890050362363745790326119 elapsed=143s
progress: nodes=3,140,000,000 tested=1,274 found=0 n=581288379631971995094111 elapsed=143s
progress: nodes=3,150,000,000 tested=1,274 found=0 n=282735194873300127357399 elapsed=144s
progress: nodes=3,160,000,000 tested=1,274 found=0 n=967227657310344782084733 elapsed=144s
progress: nodes=3,170,000,000 tested=1,274 found=0 n=657412917570667196865927 elapsed=145s
progress: nodes=3,180,000,000 tested=1,274 found=0 n=356639309849514877007823 elapsed=145s
progress: nodes=3,190,000,000 tested=1,274 found=0 n=73040592626428960824291 elapsed=145s
progress: nodes=3,200,000,000 tested=1,274 found=0 n=736804922545292678264187 elapsed=146s
progress: nodes=3,210,000,000 tested=1,274 found=0 n=434333963234647805360031 elapsed=146s
progress: nodes=3,220,000,000 tested=1,274 found=0 n=145402227195860635847847 elapsed=147s
progress: nodes=3,230,000,000 tested=1,274 found=0 n=819451680252085494631017 elapsed=147s
progress: nodes=3,240,000,000 tested=1,274 found=0 n=515234620831871236425129 elapsed=148s
progress: nodes=3,250,000,000 tested=1,274 found=0 n=222339532572703369514691 elapsed=148s
progress: nodes=3,260,000,000 tested=1,274 found=0 n=904524997207093731301833 elapsed=149s
progress: nodes=3,270,000,000 tested=1,274 found=0 n=598868640458112253918689 elapsed=149s
progress: nodes=3,280,000,000 tested=1,274 found=0 n=302672442400118931973833 elapsed=150s
progress: nodes=3,290,000,000 tested=1,274 found=0 n=991937229258617229566979 elapsed=150s
progress: nodes=3,300,000,000 tested=1,274 found=0 n=684807131458955581147071 elapsed=150s
progress: nodes=3,310,000,000 tested=1,274 found=0 n=386105656218457218446403 elapsed=151s
progress: nodes=3,320,000,000 tested=1,274 found=0 n=102567165345576642317607 elapsed=151s
progress: nodes=3,330,000,000 tested=1,274 found=0 n=773430692485886031323727 elapsed=152s
progress: nodes=3,340,000,000 tested=1,274 found=0 n=472678996968766075358871 elapsed=152s
progress: nodes=3,350,000,000 tested=1,274 found=0 n=184002899541150471360579 elapsed=153s
progress: nodes=3,360,000,000 tested=1,274 found=0 n=864735202234848093220071 elapsed=153s
progress: nodes=3,370,000,000 tested=1,274 found=0 n=562167403302193485814017 elapsed=154s
progress: nodes=3,380,000,000 tested=1,274 found=0 n=269570174589059207226363 elapsed=154s
progress: nodes=3,390,000,000 tested=1,274 found=0 n=958639602017154410149797 elapsed=154s
progress: nodes=3,400,000,000 tested=1,274 found=0 n=654604726926239747054397 elapsed=155s
progress: nodes=3,410,000,000 tested=1,274 found=0 n=359428393922018739417099 elapsed=155s
progress: nodes=3,420,000,000 tested=1,274 found=0 n=80579446333589893666977 elapsed=156s
progress: nodes=3,430,000,000 tested=1,274 found=0 n=751140468457696818624123 elapsed=156s
progress: nodes=3,440,000,000 tested=1,274 found=0 n=453808870938566372081853 elapsed=157s
progress: nodes=3,450,000,000 tested=1,274 found=0 n=168746803352498847312837 elapsed=157s
progress: nodes=3,460,000,000 tested=1,274 found=0 n=850732894641877753539033 elapsed=158s
progress: nodes=3,470,000,000 tested=1,274 found=0 n=551520952000076575203687 elapsed=158s
progress: nodes=3,480,000,000 tested=1,274 found=0 n=262399235681805066291447 elapsed=159s
progress: nodes=3,490,000,000 tested=1,274 found=0 n=953976750593902120366281 elapsed=159s
progress: nodes=3,500,000,000 tested=1,274 found=0 n=653234968380924215156871 elapsed=159s
progress: nodes=3,510,000,000 tested=1,274 found=0 n=360939357297493819733889 elapsed=160s
progress: nodes=3,520,000,000 tested=1,274 found=0 n=84493996036463857590747 elapsed=160s
progress: nodes=3,530,000,000 tested=1,274 found=0 n=758391690592893139009227 elapsed=161s
progress: nodes=3,540,000,000 tested=1,274 found=0 n=463543120832072025992247 elapsed=161s
progress: nodes=3,550,000,000 tested=1,274 found=0 n=180666019076273222202711 elapsed=162s
progress: nodes=3,560,000,000 tested=1,274 found=0 n=866883489951526669062441 elapsed=162s
progress: nodes=3,570,000,000 tested=1,274 found=0 n=570111082201486061429193 elapsed=163s
progress: nodes=3,580,000,000 tested=1,274 found=0 n=282902838081169296331341 elapsed=163s
progress: nodes=3,590,000,000 tested=1,274 found=0 n=978901408531149554273823 elapsed=164s
progress: nodes=3,600,000,000 tested=1,274 found=0 n=680246553369481426176849 elapsed=164s
progress: nodes=3,610,000,000 tested=1,274 found=0 n=389633835719144654711073 elapsed=164s
progress: nodes=3,620,000,000 tested=1,274 found=0 n=113056352035933047791049 elapsed=165s
progress: nodes=3,630,000,000 tested=1,274 found=0 n=793397617383573798366771 elapsed=165s
progress: nodes=3,640,000,000 tested=1,274 found=0 n=500177791869516126056691 elapsed=166s
progress: nodes=3,650,000,000 tested=1,274 found=0 n=217983236603727898790487 elapsed=166s
progress: nodes=3,660,000,000 tested=1,274 found=0 n=910584414443558453575977 elapsed=167s
progress: nodes=3,670,000,000 tested=1,274 found=0 n=615691807939363514077719 elapsed=167s
progress: nodes=3,680,000,000 tested=1,274 found=0 n=329398914875633537365431 elapsed=168s
progress: nodes=3,690,000,000 tested=1,274 found=0 n=60262510653118006824591 elapsed=168s
progress: nodes=3,700,000,000 tested=1,274 found=0 n=735238264240437423725259 elapsed=169s
progress: nodes=3,710,000,000 tested=1,274 found=0 n=445974655157303278109103 elapsed=169s
progress: nodes=3,720,000,000 tested=1,274 found=0 n=168655929619143557812221 elapsed=169s
progress: nodes=3,730,000,000 tested=1,274 found=0 n=858616979371728430893039 elapsed=170s
progress: nodes=3,740,000,000 tested=1,274 found=0 n=567050882102394268237659 elapsed=170s
progress: nodes=3,750,000,000 tested=1,274 found=0 n=284858264207752291563507 elapsed=171s
progress: nodes=3,760,000,000 tested=1,274 found=0 n=986139207164770735495419 elapsed=171s
progress: nodes=3,770,000,000 tested=1,274 found=0 n=692429496824840097592269 elapsed=172s
progress: nodes=3,780,000,000 tested=1,274 found=0 n=406316692342741857645969 elapsed=172s
progress: nodes=3,790,000,000 tested=1,274 found=0 n=133318529436520874086641 elapsed=173s
progress: nodes=3,800,000,000 tested=1,274 found=0 n=821407308288076602739647 elapsed=173s
progress: nodes=3,810,000,000 tested=1,274 found=0 n=532624955568767048690703 elapsed=174s
progress: nodes=3,820,000,000 tested=1,274 found=0 n=253577755323434083611069 elapsed=174s
progress: nodes=3,830,000,000 tested=1,274 found=0 n=954167330482439942870001 elapsed=174s
progress: nodes=3,840,000,000 tested=1,274 found=0 n=662984923582500363723879 elapsed=175s
progress: nodes=3,850,000,000 tested=1,274 found=0 n=379584353316728588241213 elapsed=175s
progress: nodes=3,860,000,000 tested=1,274 found=0 n=110070306915061138765119 elapsed=176s
progress: nodes=3,870,000,000 tested=1,274 found=0 n=796885367647548708151623 elapsed=176s
progress: nodes=3,880,000,000 tested=1,274 found=0 n=510243761163358564559217 elapsed=177s
progress: nodes=3,890,000,000 tested=1,274 found=0 n=233732739389065117988787 elapsed=177s
progress: nodes=3,900,000,000 tested=1,274 found=0 n=934295010687631773098919 elapsed=178s
progress: nodes=3,910,000,000 tested=1,274 found=0 n=645568276148604134014689 elapsed=178s
progress: nodes=3,920,000,000 tested=1,274 found=0 n=364672444061923361132769 elapsed=179s
progress: nodes=3,930,000,000 tested=1,274 found=0 n=98100616181122627433361 elapsed=179s
progress: nodes=3,940,000,000 tested=1,274 found=0 n=785278816056889198347303 elapsed=179s
progress: nodes=3,950,000,000 tested=1,274 found=0 n=501005840794087475327481 elapsed=180s
progress: nodes=3,960,000,000 tested=1,274 found=0 n=227138859494321569916121 elapsed=180s
progress: nodes=3,970,000,000 tested=1,274 found=0 n=929413603570213967874669 elapsed=181s
progress: nodes=3,980,000,000 tested=1,274 found=0 n=643004430927635377533933 elapsed=181s
progress: nodes=3,990,000,000 tested=1,274 found=0 n=364493927554816057405407 elapsed=182s
progress: nodes=4,000,000,000 tested=1,274 found=0 n=99985411148167419483609 elapsed=182s
progress: nodes=4,010,000,000 tested=1,274 found=0 n=789716629612249560790569 elapsed=183s
progress: nodes=4,020,000,000 tested=1,274 found=0 n=507633989419951574118939 elapsed=183s
progress: nodes=4,030,000,000 tested=1,274 found=0 n=235326041561469616280523 elapsed=183s
progress: nodes=4,040,000,000 tested=1,274 found=0 n=940249724478987734482671 elapsed=184s
progress: nodes=4,050,000,000 tested=1,274 found=0 n=655286926541649327444519 elapsed=184s
progress: nodes=4,060,000,000 tested=1,274 found=0 n=377760568540944586514517 elapsed=185s
progress: nodes=4,070,000,000 tested=1,274 found=0 n=113690506517348831463393 elapsed=185s
progress: nodes=4,080,000,000 tested=1,274 found=0 n=807094294674864592547151 elapsed=186s
progress: nodes=4,090,000,000 tested=1,274 found=0 n=526189547678525341049439 elapsed=186s
progress: nodes=4,100,000,000 tested=1,274 found=0 n=254657773444738710395349 elapsed=187s
progress: nodes=4,110,000,000 tested=1,274 found=0 n=963099192430097933989779 elapsed=187s
progress: nodes=4,120,000,000 tested=1,274 found=0 n=679266024668220932291349 elapsed=187s
progress: nodes=4,130,000,000 tested=1,274 found=0 n=402781954602686669091081 elapsed=188s
progress: nodes=4,140,000,000 tested=1,274 found=0 n=138514966089188794003899 elapsed=188s
progress: nodes=4,150,000,000 tested=1,274 found=0 n=836416229162706437984739 elapsed=189s
progress: nodes=4,160,000,000 tested=1,274 found=0 n=556470338417235735409917 elapsed=189s
progress: nodes=4,170,000,000 tested=1,274 found=0 n=285188190700722514666461 elapsed=190s
progress: nodes=4,180,000,000 tested=1,274 found=0 n=997495488027452658196953 elapsed=190s
progress: nodes=4,190,000,000 tested=1,274 found=0 n=714764491867957497133167 elapsed=190s
progress: nodes=4,200,000,000 tested=1,274 found=0 n=438994321850666004654231 elapsed=191s
progress: nodes=4,210,000,000 tested=1,274 found=0 n=174265106884398646833717 elapsed=191s
progress: nodes=4,220,000,000 tested=1,274 found=0 n=877943963231981719744671 elapsed=192s
progress: nodes=4,230,000,000 tested=1,274 found=0 n=598809041202078310687083 elapsed=192s
progress: nodes=4,240,000,000 tested=1,274 found=0 n=327623437098804931403319 elapsed=193s
progress: nodes=4,250,000,000 tested=1,274 found=0 n=71609859059583420458883 elapsed=193s
progress: nodes=4,260,000,000 tested=1,274 found=0 n=763224895532668317808059 elapsed=194s
progress: nodes=4,270,000,000 tested=1,274 found=0 n=487710044785803886014969 elapsed=194s
progress: nodes=4,280,000,000 tested=1,274 found=0 n=222062934404372655254661 elapsed=194s
progress: nodes=4,290,000,000 tested=1,274 found=0 n=932028065483230396447767 elapsed=195s
progress: nodes=4,300,000,000 tested=1,274 found=0 n=653503348233103205949111 elapsed=195s
progress: nodes=4,310,000,000 tested=1,274 found=0 n=382082311248299684709687 elapsed=196s
progress: nodes=4,320,000,000 tested=1,274 found=0 n=123248586985627402446147 elapsed=196s
progress: nodes=4,330,000,000 tested=1,274 found=0 n=823955218659965065370697 elapsed=197s
progress: nodes=4,340,000,000 tested=1,274 found=0 n=548794852472374627332213 elapsed=197s
progress: nodes=4,350,000,000 tested=1,274 found=0 n=282212351180544784416417 elapsed=198s
progress: nodes=4,360,000,000 tested=1,274 found=0 n=998975031954114572746389 elapsed=198s
progress: nodes=4,370,000,000 tested=1,274 found=0 n=720707299129749263879547 elapsed=198s
progress: nodes=4,380,000,000 tested=1,274 found=0 n=449038181202169937605227 elapsed=199s
progress: nodes=4,390,000,000 tested=1,274 found=0 n=187760768964878134948923 elapsed=199s
progress: nodes=4,400,000,000 tested=1,274 found=0 n=897170996971612703060721 elapsed=200s
progress: nodes=4,410,000,000 tested=1,274 found=0 n=622150953950110451475609 elapsed=200s
progress: nodes=4,420,000,000 tested=1,274 found=0 n=354497393484999430576911 elapsed=201s
progress: nodes=4,430,000,000 tested=1,274 found=0 n=100274138397575911347579 elapsed=201s
progress: nodes=4,440,000,000 tested=1,274 found=0 n=800718849695445278661063 elapsed=202s
progress: nodes=4,450,000,000 tested=1,274 found=0 n=528761094293979233938251 elapsed=202s
progress: nodes=4,460,000,000 tested=1,274 found=0 n=265498992444957992730009 elapsed=202s
progress: nodes=4,470,000,000 tested=1,274 found=0 n=983774409162908418266211 elapsed=203s
progress: nodes=4,480,000,000 tested=1,274 found=0 n=708563160147719283898491 elapsed=203s
progress: nodes=4,490,000,000 tested=1,274 found=0 n=439821289234661372771733 elapsed=204s
progress: nodes=4,500,000,000 tested=1,274 found=0 n=181533217093263678175533 elapsed=204s
progress: nodes=4,510,000,000 tested=1,274 found=0 n=893042601508010922629661 elapsed=205s
progress: nodes=4,520,000,000 tested=1,274 found=0 n=620732230007071838915259 elapsed=205s
progress: nodes=4,530,000,000 tested=1,274 found=0 n=355761553136426617907727 elapsed=205s
progress: nodes=4,540,000,000 tested=1,274 found=0 n=103814345633522268812067 elapsed=206s
progress: nodes=4,550,000,000 tested=1,274 found=0 n=807406113851874846366057 elapsed=206s
progress: nodes=4,560,000,000 tested=1,274 found=0 n=537875105018355800082387 elapsed=207s
progress: nodes=4,570,000,000 tested=1,274 found=0 n=276844992056274741996897 elapsed=207s
progress: nodes=4,580,000,000 tested=1,274 found=0 n=998722380418769314581273 elapsed=208s
progress: nodes=4,590,000,000 tested=1,274 found=0 n=725983212919495482160209 elapsed=208s
progress: nodes=4,600,000,000 tested=1,274 found=0 n=459552589683281380939653 elapsed=209s
progress: nodes=4,610,000,000 tested=1,274 found=0 n=202832710627718919286539 elapsed=209s
progress: nodes=4,620,000,000 tested=1,274 found=0 n=919375153281088009515009 elapsed=209s
progress: nodes=4,630,000,000 tested=1,274 found=0 n=649490066406138364794387 elapsed=210s
progress: nodes=4,640,000,000 tested=1,274 found=0 n=386502228384260661692019 elapsed=210s
progress: nodes=4,650,000,000 tested=1,274 found=0 n=135111153605455319499207 elapsed=211s
progress: nodes=4,660,000,000 tested=1,274 found=0 n=845529078767846192040321 elapsed=211s
progress: nodes=4,670,000,000 tested=1,274 found=0 n=578132384436440061056829 elapsed=212s
progress: nodes=4,680,000,000 tested=1,274 found=0 n=318411507643812791847639 elapsed=212s
progress: nodes=4,690,000,000 tested=1,274 found=0 n=73150448879698049482623 elapsed=213s
progress: nodes=4,700,000,000 tested=1,274 found=0 n=776278168691241234165147 elapsed=213s
progress: nodes=4,710,000,000 tested=1,274 found=0 n=511688844257024890294839 elapsed=213s
progress: nodes=4,720,000,000 tested=1,274 found=0 n=255766978706027560224453 elapsed=214s
progress: nodes=4,730,000,000 tested=1,274 found=0 n=980246853285097756717359 elapsed=214s
progress: nodes=4,740,000,000 tested=1,274 found=0 n=712174199679629731971927 elapsed=215s
progress: nodes=4,750,000,000 tested=1,274 found=0 n=450210690871861588159491 elapsed=215s
progress: nodes=4,760,000,000 tested=1,274 found=0 n=197784728830879870220541 elapsed=216s
progress: nodes=4,770,000,000 tested=1,274 found=0 n=917808197916031915960467 elapsed=216s
progress: nodes=4,780,000,000 tested=1,274 found=0 n=651723045899709240187731 elapsed=216s
progress: nodes=4,790,000,000 tested=1,274 found=0 n=392273491596270777872379 elapsed=217s
progress: nodes=4,800,000,000 tested=1,274 found=0 n=143943579735587047905489 elapsed=217s
progress: nodes=4,810,000,000 tested=1,274 found=0 n=859311049093304418760149 elapsed=218s
progress: nodes=4,820,000,000 tested=1,274 found=0 n=595686112384655338339293 elapsed=218s
progress: nodes=4,830,000,000 tested=1,274 found=0 n=339222318909474321299979 elapsed=219s
progress: nodes=4,840,000,000 tested=1,274 found=0 n=95469764092512505817121 elapsed=219s
progress: nodes=4,850,000,000 tested=1,274 found=0 n=805699769399054514181197 elapsed=220s
progress: nodes=4,860,000,000 tested=1,274 found=0 n=544131807135566020434063 elapsed=220s
progress: nodes=4,870,000,000 tested=1,274 found=0 n=290298647585115030730869 elapsed=220s
progress: nodes=4,880,000,000 tested=1,274 found=0 n=51766884892606961726649 elapsed=221s
progress: nodes=4,890,000,000 tested=1,274 found=0 n=755865096940535942827467 elapsed=221s
progress: nodes=4,900,000,000 tested=1,274 found=0 n=496437807722101596702351 elapsed=222s
progress: nodes=4,910,000,000 tested=1,274 found=0 n=245476660932844375195161 elapsed=222s
progress: nodes=4,920,000,000 tested=1,274 found=0 n=973815191484905006848611 elapsed=223s
progress: nodes=4,930,000,000 tested=1,274 found=0 n=710748312458397497146863 elapsed=223s
progress: nodes=4,940,000,000 tested=1,274 found=0 n=453699758552990631364683 elapsed=224s
progress: nodes=4,950,000,000 tested=1,274 found=0 n=205949572639174947884301 elapsed=224s
progress: nodes=4,960,000,000 tested=1,274 found=0 n=931923901177967952307053 elapsed=224s
progress: nodes=4,970,000,000 tested=1,274 found=0 n=670895379806392082611269 elapsed=225s
progress: nodes=4,980,000,000 tested=1,274 found=0 n=416024717363706871673253 elapsed=225s
progress: nodes=4,990,000,000 tested=1,274 found=0 n=171058280463895966598457 elapsed=226s
progress: nodes=5,000,000,000 tested=1,274 found=0 n=894706802273710940402889 elapsed=226s
progress: nodes=5,010,000,000 tested=1,274 found=0 n=635435068797888881298777 elapsed=227s
progress: nodes=5,020,000,000 tested=1,274 found=0 n=382812325746923766124431 elapsed=227s
progress: nodes=5,030,000,000 tested=1,274 found=0 n=141006657010654296358497 elapsed=227s
progress: nodes=5,040,000,000 tested=1,274 found=0 n=862435491708431856322107 elapsed=228s
progress: nodes=5,050,000,000 tested=1,274 found=0 n=605010632052065574994659 elapsed=228s
progress: nodes=5,060,000,000 tested=1,274 found=0 n=354278670473575402075521 elapsed=229s
progress: nodes=5,070,000,000 tested=1,274 found=0 n=115183693017316917766773 elapsed=229s
progress: nodes=5,080,000,000 tested=1,274 found=0 n=834428205566329943035467 elapsed=230s
progress: nodes=5,090,000,000 tested=1,274 found=0 n=578599947027060390441009 elapsed=230s
progress: nodes=5,100,000,000 tested=1,274 found=0 n=329778638879481208766349 elapsed=231s
progress: nodes=5,110,000,000 tested=1,274 found=0 n=93355433810219596226211 elapsed=231s
progress: nodes=5,120,000,000 tested=1,274 found=0 n=810690675819254783934381 elapsed=231s
progress: nodes=5,130,000,000 tested=1,274 found=0 n=556249767095727036030699 elapsed=232s
progress: nodes=5,140,000,000 tested=1,274 found=0 n=309004861588269825397419 elapsed=232s
progress: nodes=5,150,000,000 tested=1,274 found=0 n=75031762539983914854189 elapsed=233s
progress: nodes=5,160,000,000 tested=1,274 found=0 n=790331425247379655566927 elapsed=233s
progress: nodes=5,170,000,000 tested=1,274 found=0 n=537229504102541342309217 elapsed=234s
progress: nodes=5,180,000,000 tested=1,274 found=0 n=291542791140307598798907 elapsed=234s
progress: nodes=5,190,000,000 tested=1,274 found=0 n=59956350545364802035507 elapsed=235s
progress: nodes=5,200,000,000 tested=1,274 found=0 n=773834174174020125977811 elapsed=235s
progress: nodes=5,210,000,000 tested=1,274 found=0 n=522068610227491656321993 elapsed=235s
progress: nodes=5,220,000,000 tested=1,274 found=0 n=277911018555556384795797 elapsed=236s
progress: nodes=5,230,000,000 tested=1,274 found=0 n=48550063980392259792507 elapsed=236s
progress: nodes=5,240,000,000 tested=1,274 found=0 n=761245475519060934999597 elapsed=237s
progress: nodes=5,250,000,000 tested=1,274 found=0 n=510651397629346210880643 elapsed=237s
progress: nodes=5,260,000,000 tested=1,274 found=0 n=267825657924264270647817 elapsed=238s
progress: nodes=5,270,000,000 tested=1,274 found=0 n=40482803100569512776093 elapsed=238s
progress: nodes=5,280,000,000 tested=1,274 found=0 n=752505778946464023518037 elapsed=238s
progress: nodes=5,290,000,000 tested=1,274 found=0 n=503114999249542551738867 elapsed=239s
progress: nodes=5,300,000,000 tested=1,274 found=0 n=261531757471780153795437 elapsed=239s
progress: nodes=5,310,000,000 tested=1,274 found=0 n=35773486111482341401179 elapsed=240s
progress: nodes=5,320,000,000 tested=1,274 found=0 n=747911328714534224281041 elapsed=240s
progress: nodes=5,330,000,000 tested=1,274 found=0 n=499666067334559407495213 elapsed=241s
progress: nodes=5,340,000,000 tested=1,274 found=0 n=259477996290724007479683 elapsed=241s
progress: nodes=5,350,000,000 tested=1,274 found=0 n=35163684270815593491999 elapsed=242s
progress: nodes=5,360,000,000 tested=1,274 found=0 n=748628429430304478058003 elapsed=242s
progress: nodes=5,370,000,000 tested=1,274 found=0 n=501862174079822630933859 elapsed=242s
progress: nodes=5,380,000,000 tested=1,274 found=0 n=262773523219283574308811 elapsed=243s
progress: nodes=5,390,000,000 tested=1,274 found=0 n=38960292012065555198067 elapsed=243s
progress: nodes=5,400,000,000 tested=1,274 found=0 n=754205417306683790036589 elapsed=244s
progress: nodes=5,410,000,000 tested=1,274 found=0 n=508249758429252349967457 elapsed=244s
progress: nodes=5,420,000,000 tested=1,274 found=0 n=269793470452315827484467 elapsed=245s
progress: nodes=5,430,000,000 tested=1,274 found=0 n=46041830804898905413437 elapsed=245s
progress: nodes=5,440,000,000 tested=1,274 found=0 n=763790687199499732589817 elapsed=246s
progress: nodes=5,450,000,000 tested=1,274 found=0 n=518683302690075222670971 elapsed=246s
progress: nodes=5,460,000,000 tested=1,274 found=0 n=280996804106490602613483 elapsed=246s
progress: nodes=5,470,000,000 tested=1,274 found=0 n=57001413154408426202499 elapsed=247s
progress: nodes=5,480,000,000 tested=1,274 found=0 n=777834103273408645737273 elapsed=247s
progress: nodes=5,490,000,000 tested=1,274 found=0 n=533347084125555154692237 elapsed=248s
progress: nodes=5,500,000,000 tested=1,274 found=0 n=295750345855788850947921 elapsed=248s
progress: nodes=5,510,000,000 tested=1,274 found=0 n=70939112331095584126551 elapsed=249s
progress: nodes=5,520,000,000 tested=1,274 found=0 n=794755636414324055704233 elapsed=249s
progress: nodes=5,530,000,000 tested=1,274 found=0 n=550573882045436687509071 elapsed=250s
progress: nodes=5,540,000,000 tested=1,274 found=0 n=313023294736220615009463 elapsed=250s
progress: nodes=5,550,000,000 tested=1,274 found=0 n=87428695860095953201839 elapsed=250s
progress: nodes=5,560,000,000 tested=1,274 found=0 n=814659854305533115392513 elapsed=251s
progress: nodes=5,570,000,000 tested=1,274 found=0 n=570904494302078757531711 elapsed=251s
progress: nodes=5,580,000,000 tested=1,274 found=0 n=333684513842737004550603 elapsed=252s
progress: nodes=5,590,000,000 tested=1,274 found=0 n=107639096026489070982939 elapsed=252s
progress: nodes=5,600,000,000 tested=1,274 found=0 n=838870600034016967760343 elapsed=253s
progress: nodes=5,610,000,000 tested=1,274 found=0 n=595883443651303399224633 elapsed=253s
progress: nodes=5,620,000,000 tested=1,274 found=0 n=358941326933895400878183 elapsed=253s
progress: nodes=5,630,000,000 tested=1,274 found=0 n=132297124973122603160667 elapsed=254s
progress: nodes=5,640,000,000 tested=1,274 found=0 n=867807956069776837534419 elapsed=254s
progress: nodes=5,650,000,000 tested=1,274 found=0 n=625375869941218855826367 elapsed=255s
progress: nodes=5,660,000,000 tested=1,274 found=0 n=388620975197596108688721 elapsed=255s
progress: nodes=5,670,000,000 tested=1,274 found=0 n=161142360679368186407289 elapsed=256s
progress: nodes=5,680,000,000 tested=1,274 found=0 n=900904984353746777313909 elapsed=256s
progress: nodes=5,690,000,000 tested=1,274 found=0 n=658721748659283846335799 elapsed=257s
progress: nodes=5,700,000,000 tested=1,274 found=0 n=421951746941667915055083 elapsed=257s
progress: nodes=5,710,000,000 tested=1,274 found=0 n=193549791946226671922967 elapsed=257s
progress: nodes=5,720,000,000 tested=1,274 found=0 n=937693844560778087601819 elapsed=258s
progress: nodes=5,730,000,000 tested=1,274 found=0 n=695858574756719620793547 elapsed=258s
progress: nodes=5,740,000,000 tested=1,274 found=0 n=459185886063250824647169 elapsed=259s
progress: nodes=5,750,000,000 tested=1,274 found=0 n=230144592631825360946457 elapsed=259s
progress: nodes=5,760,000,000 tested=1,274 found=0 n=978844726336746700602171 elapsed=260s
progress: nodes=5,770,000,000 tested=1,274 found=0 n=737145181958953271803299 elapsed=260s
progress: nodes=5,780,000,000 tested=1,274 found=0 n=500311049492107474640019 elapsed=261s
progress: nodes=5,790,000,000 tested=1,274 found=0 n=270605281514351849366301 elapsed=261s
progress: nodes=5,800,000,000 tested=1,274 found=0 n=54219078218084906539413 elapsed=261s
progress: nodes=5,810,000,000 tested=1,274 found=0 n=782272115699498800819443 elapsed=262s
progress: nodes=5,820,000,000 tested=1,274 found=0 n=545426214264931962984021 elapsed=262s
progress: nodes=5,830,000,000 tested=1,274 found=0 n=314920919190493298245563 elapsed=263s
progress: nodes=5,840,000,000 tested=1,274 found=0 n=95594638982331420474543 elapsed=263s
progress: nodes=5,850,000,000 tested=1,274 found=0 n=831270398310108595769931 elapsed=264s
progress: nodes=5,860,000,000 tested=1,274 found=0 n=594368290847749868743293 elapsed=264s
progress: nodes=5,870,000,000 tested=1,274 found=0 n=363372314664107432106423 elapsed=265s
progress: nodes=5,880,000,000 tested=1,274 found=0 n=141954448626735575187357 elapsed=265s
progress: nodes=5,890,000,000 tested=1,274 found=0 n=884736142384321208462481 elapsed=265s
progress: nodes=5,900,000,000 tested=1,274 found=0 n=647989173124352396556219 elapsed=266s
progress: nodes=5,910,000,000 tested=1,274 found=0 n=416599755991524505843443 elapsed=266s
progress: nodes=5,920,000,000 tested=1,274 found=0 n=193333979652422124945429 elapsed=267s
progress: nodes=5,930,000,000 tested=1,274 found=0 n=942525000654719989688181 elapsed=267s
progress: nodes=5,940,000,000 tested=1,274 found=0 n=705750261559335174751569 elapsed=268s
progress: nodes=5,950,000,000 tested=1,274 found=0 n=473623528622171877582633 elapsed=268s
progress: nodes=5,960,000,000 tested=1,274 found=0 n=248740480776849407258913 elapsed=268s
progress: nodes=5,970,000,000 tested=1,274 found=0 n=38321795830299684704001 elapsed=269s
progress: nodes=5,980,000,000 tested=1,274 found=0 n=767361726216112607907327 elapsed=269s
progress: nodes=5,990,000,000 tested=1,274 found=0 n=534991048724394383292171 elapsed=270s
progress: nodes=6,000,000,000 tested=1,274 found=0 n=308896041862038136232727 elapsed=270s
progress: nodes=6,010,000,000 tested=1,274 found=0 n=93814895189954128651461 elapsed=271s
progress: nodes=6,020,000,000 tested=1,274 found=0 n=833486974319103599223729 elapsed=271s
progress: nodes=6,030,000,000 tested=1,274 found=0 n=600811404456093353009487 elapsed=272s
progress: nodes=6,040,000,000 tested=1,274 found=0 n=373657161599368642312317 elapsed=272s
progress: nodes=6,050,000,000 tested=1,274 found=0 n=155401428517215193714401 elapsed=272s
progress: nodes=6,060,000,000 tested=1,274 found=0 n=903670196249818690784091 elapsed=273s
progress: nodes=6,070,000,000 tested=1,274 found=0 n=670685763741725276137593 elapsed=273s
progress: nodes=6,080,000,000 tested=1,274 found=0 n=442740223753927431865533 elapsed=274s
progress: nodes=6,090,000,000 tested=1,274 found=0 n=222199782900100315272963 elapsed=274s
progress: nodes=6,100,000,000 tested=1,274 found=0 n=978568307279114749248051 elapsed=275s
progress: nodes=6,110,000,000 tested=1,274 found=0 n=745250677402669626205017 elapsed=275s
progress: nodes=6,120,000,000 tested=1,274 found=0 n=516542120270686284703929 elapsed=276s
progress: nodes=6,130,000,000 tested=1,274 found=0 n=294281232015197470924881 elapsed=276s
progress: nodes=6,140,000,000 tested=1,274 found=0 n=83230273532954096121573 elapsed=276s
progress: nodes=6,150,000,000 tested=1,274 found=0 n=824565758893656101138817 elapsed=277s
progress: nodes=6,160,000,000 tested=1,274 found=0 n=595294579317677050094283 elapsed=277s
progress: nodes=6,170,000,000 tested=1,274 found=0 n=371574997273819344406401 elapsed=278s
progress: nodes=6,180,000,000 tested=1,274 found=0 n=156611674226584367341551 elapsed=278s
progress: nodes=6,190,000,000 tested=1,274 found=0 n=908578836574875563406309 elapsed=279s
progress: nodes=6,200,000,000 tested=1,274 found=0 n=678943278777707987874831 elapsed=279s
progress: nodes=6,210,000,000 tested=1,274 found=0 n=454218477413750088102063 elapsed=279s
progress: nodes=6,220,000,000 tested=1,274 found=0 n=236459414023807361974587 elapsed=280s
progress: nodes=6,230,000,000 tested=1,274 found=0 n=997629409977674260755969 elapsed=280s
progress: nodes=6,240,000,000 tested=1,274 found=0 n=767619271261138063444677 elapsed=281s
progress: nodes=6,250,000,000 tested=1,274 found=0 n=541993669437455514360081 elapsed=281s
progress: nodes=6,260,000,000 tested=1,274 found=0 n=322396063942126285838727 elapsed=282s
progress: nodes=6,270,000,000 tested=1,274 found=0 n=112666013924960228832099 elapsed=282s
progress: nodes=6,280,000,000 tested=1,274 found=0 n=861955336188653081392017 elapsed=283s
progress: nodes=6,290,000,000 tested=1,274 found=0 n=636068663865148212011313 elapsed=283s
progress: nodes=6,300,000,000 tested=1,274 found=0 n=415136667662548288774317 elapsed=283s
progress: nodes=6,310,000,000 tested=1,274 found=0 n=201660503816733967938933 elapsed=284s
progress: nodes=6,320,000,000 tested=1,274 found=0 n=962452943031649674634029 elapsed=284s
progress: nodes=6,330,000,000 tested=1,274 found=0 n=735969677356026095533551 elapsed=285s
progress: nodes=6,340,000,000 tested=1,274 found=0 n=513675412640271297559143 elapsed=285s
progress: nodes=6,350,000,000 tested=1,274 found=0 n=297435318685584009421491 elapsed=286s
progress: nodes=6,360,000,000 tested=1,274 found=0 n=91611360892214908143399 elapsed=286s
progress: nodes=6,370,000,000 tested=1,274 found=0 n=840368258349852844534923 elapsed=287s
progress: nodes=6,380,000,000 tested=1,274 found=0 n=616971270971021368685283 elapsed=287s
progress: nodes=6,390,000,000 tested=1,274 found=0 n=398651619922886398959891 elapsed=287s
progress: nodes=6,400,000,000 tested=1,274 found=0 n=187834153098847680676251 elapsed=288s
progress: nodes=6,410,000,000 tested=1,274 found=0 n=949244119735177527077817 elapsed=288s
progress: nodes=6,420,000,000 tested=1,274 found=0 n=725236127546935528346823 elapsed=289s
progress: nodes=6,430,000,000 tested=1,274 found=0 n=505313673399761021925129 elapsed=289s
progress: nodes=6,440,000,000 tested=1,274 found=0 n=291717541716029496866799 elapsed=290s
progress: nodes=6,450,000,000 tested=1,274 found=0 n=88563675006083588287977 elapsed=290s
progress: nodes=6,460,000,000 tested=1,274 found=0 n=839405459815253447879763 elapsed=291s
progress: nodes=6,470,000,000 tested=1,274 found=0 n=618706137543446703283533 elapsed=291s
progress: nodes=6,480,000,000 tested=1,274 found=0 n=402953426005407099493671 elapsed=291s
progress: nodes=6,490,000,000 tested=1,274 found=0 n=194536130855028634781109 elapsed=292s
progress: nodes=6,500,000,000 tested=1,274 found=0 n=959369749510401463997763 elapsed=292s
progress: nodes=6,510,000,000 tested=1,274 found=0 n=737728466968391470214643 elapsed=293s
progress: nodes=6,520,000,000 tested=1,274 found=0 n=520122678433406247368169 elapsed=293s
progress: nodes=6,530,000,000 tested=1,274 found=0 n=308451722416197048339651 elapsed=294s
progress: nodes=6,540,000,000 tested=1,274 found=0 n=106441817181734859233409 elapsed=294s
progress: nodes=6,550,000,000 tested=1,274 found=0 n=862464464865734123614221 elapsed=294s
progress: nodes=6,560,000,000 tested=1,274 found=0 n=644139681783821957284551 elapsed=295s
progress: nodes=6,570,000,000 tested=1,274 found=0 n=430431204314676712256109 elapsed=295s
progress: nodes=6,580,000,000 tested=1,274 found=0 n=223464302401267056828699 elapsed=296s
progress: nodes=6,590,000,000 tested=1,274 found=0 n=993990504550542639229089 elapsed=296s
progress: nodes=6,600,000,000 tested=1,274 found=0 n=774613222242011971910091 elapsed=297s
progress: nodes=6,610,000,000 tested=1,274 found=0 n=559174570208044687069173 elapsed=297s
progress: nodes=6,620,000,000 tested=1,274 found=0 n=348912336912262447781457 elapsed=298s
progress: nodes=6,630,000,000 tested=1,274 found=0 n=146837599138039178566197 elapsed=298s
progress: nodes=6,640,000,000 tested=1,274 found=0 n=910426513102755807144987 elapsed=298s
progress: nodes=6,650,000,000 tested=1,274 found=0 n=693432170195948816079447 elapsed=299s
progress: nodes=6,660,000,000 tested=1,274 found=0 n=480640595528388449211057 elapsed=299s
progress: nodes=6,670,000,000 tested=1,274 found=0 n=273720350370459791105307 elapsed=300s
progress: nodes=6,680,000,000 tested=1,274 found=0 n=77306474164978241956773 elapsed=300s
progress: nodes=6,690,000,000 tested=1,274 found=0 n=832556822580418617412731 elapsed=301s
progress: nodes=6,700,000,000 tested=1,274 found=0 n=617994750442460199387579 elapsed=301s
progress: nodes=6,710,000,000 tested=1,274 found=0 n=408277466291747100999951 elapsed=302s
progress: nodes=6,720,000,000 tested=1,274 found=0 n=205278684773237164386297 elapsed=302s
progress: nodes=6,730,000,000 tested=1,274 found=0 n=977353382129279529036663 elapsed=302s
progress: nodes=6,740,000,000 tested=1,274 found=0 n=761418339134916790117791 elapsed=303s
progress: nodes=6,750,000,000 tested=1,274 found=0 n=549334558269178023254913 elapsed=303s
progress: nodes=6,760,000,000 tested=1,274 found=0 n=342309540549476790937647 elapsed=304s
progress: nodes=6,770,000,000 tested=1,274 found=0 n=143386020476431848566451 elapsed=304s
progress: nodes=6,780,000,000 tested=1,274 found=0 n=909827631333073106574921 elapsed=305s
progress: nodes=6,790,000,000 tested=1,274 found=0 n=696338781204291375177027 elapsed=305s
progress: nodes=6,800,000,000 tested=1,274 found=0 n=486912439007629115309829 elapsed=306s
progress: nodes=6,810,000,000 tested=1,274 found=0 n=283134711656168358593607 elapsed=306s
progress: nodes=6,820,000,000 tested=1,274 found=0 n=89009580187814331192147 elapsed=306s
progress: nodes=6,830,000,000 tested=1,274 found=0 n=849317701579968547994067 elapsed=307s
progress: nodes=6,840,000,000 tested=1,274 found=0 n=637804249504299939272211 elapsed=307s
progress: nodes=6,850,000,000 tested=1,274 found=0 n=430597914446110182274503 elapsed=308s
progress: nodes=6,860,000,000 tested=1,274 found=0 n=229655885443814451232611 elapsed=308s
progress: nodes=6,870,000,000 tested=1,274 found=0 n=41038176305190770727021 elapsed=309s
progress: nodes=6,880,000,000 tested=1,274 found=0 n=794082386621521569000429 elapsed=309s
progress: nodes=6,890,000,000 tested=1,274 found=0 n=584826259417812098019333 elapsed=310s
progress: nodes=6,900,000,000 tested=1,274 found=0 n=380265176949753199473369 elapsed=310s
progress: nodes=6,910,000,000 tested=1,274 found=0 n=182672119569438336718881 elapsed=310s
progress: nodes=6,920,000,000 tested=1,274 found=0 n=956966280901186274521803 elapsed=311s
progress: nodes=6,930,000,000 tested=1,274 found=0 n=746159977439808564792159 elapsed=311s
progress: nodes=6,940,000,000 tested=1,274 found=0 n=539117485906749276279753 elapsed=312s
progress: nodes=6,950,000,000 tested=1,274 found=0 n=336977641427365720574793 elapsed=312s
progress: nodes=6,960,000,000 tested=1,274 found=0 n=142696522557133785363123 elapsed=313s
progress: nodes=6,970,000,000 tested=1,274 found=0 n=913913969954016021559569 elapsed=313s
progress: nodes=6,980,000,000 tested=1,274 found=0 n=705292977911050816536249 elapsed=314s
progress: nodes=6,990,000,000 tested=1,274 found=0 n=500574344682575076552639 elapsed=314s
progress: nodes=7,000,000,000 tested=1,274 found=0 n=301201182663392549150613 elapsed=314s
progress: nodes=7,010,000,000 tested=1,274 found=0 n=110591916888961501146153 elapsed=315s
progress: nodes=7,020,000,000 tested=1,274 found=0 n=879491502398803624733403 elapsed=315s
progress: nodes=7,030,000,000 tested=1,274 found=0 n=673016204251029330823131 elapsed=316s
progress: nodes=7,040,000,000 tested=1,274 found=0 n=470461331084406917223969 elapsed=316s
progress: nodes=7,050,000,000 tested=1,274 found=0 n=273331832928052482625041 elapsed=317s
progress: nodes=7,060,000,000 tested=1,274 found=0 n=85761107216541802292247 elapsed=317s
progress: nodes=7,070,000,000 tested=1,274 found=0 n=852129302331955573754829 elapsed=318s
progress: nodes=7,080,000,000 tested=1,274 found=0 n=647154105282841875297579 elapsed=318s
progress: nodes=7,090,000,000 tested=1,274 found=0 n=446106468282818651699391 elapsed=318s
progress: nodes=7,100,000,000 tested=1,274 found=0 n=250825023087798266684577 elapsed=319s
progress: nodes=7,110,000,000 tested=1,274 found=0 n=65865867099938478101529 elapsed=319s
progress: nodes=7,120,000,000 tested=1,274 found=0 n=830081118922062628231611 elapsed=320s
progress: nodes=7,130,000,000 tested=1,274 found=0 n=626525878258794190944267 elapsed=320s
progress: nodes=7,140,000,000 tested=1,274 found=0 n=427094119423184538836511 elapsed=321s
progress: nodes=7,150,000,000 tested=1,274 found=0 n=233462846042111354565897 elapsed=321s
progress: nodes=7,160,000,000 tested=1,274 found=0 n=50936366310821755652889 elapsed=322s
progress: nodes=7,170,000,000 tested=1,274 found=0 n=813724830726804133200063 elapsed=322s
progress: nodes=7,180,000,000 tested=1,274 found=0 n=611653899708756923947929 elapsed=322s
progress: nodes=7,190,000,000 tested=1,274 found=0 n=413754338856516299028387 elapsed=323s
progress: nodes=7,200,000,000 tested=1,274 found=0 n=221839188788893169777283 elapsed=323s
progress: nodes=7,210,000,000 tested=1,274 found=0 n=41696633128116035668599 elapsed=324s
progress: nodes=7,220,000,000 tested=1,274 found=0 n=803978941586540497686909 elapsed=324s
progress: nodes=7,230,000,000 tested=1,274 found=0 n=603525189980021561563311 elapsed=325s
progress: nodes=7,240,000,000 tested=1,274 found=0 n=407331672043777714223991 elapsed=325s
progress: nodes=7,250,000,000 tested=1,274 found=0 n=217103796740762868925989 elapsed=326s
progress: nodes=7,260,000,000 tested=1,274 found=0 n=38715121705291100386317 elapsed=326s
progress: nodes=7,270,000,000 tested=1,274 found=0 n=801693774175815770338089 elapsed=327s
progress: nodes=7,280,000,000 tested=1,274 found=0 n=602494731532528167245913 elapsed=327s
progress: nodes=7,290,000,000 tested=1,274 found=0 n=407273654037986702465499 elapsed=327s
progress: nodes=7,300,000,000 tested=1,274 found=0 n=218075701268210370113529 elapsed=328s
progress: nodes=7,310,000,000 tested=1,274 found=0 n=40423328336041348887189 elapsed=328s
progress: nodes=7,320,000,000 tested=1,274 found=0 n=804864912969723882423147 elapsed=329s
progress: nodes=7,330,000,000 tested=1,274 found=0 n=606682166062434160712013 elapsed=329s
progress: nodes=7,340,000,000 tested=1,274 found=0 n=412468668211934676308967 elapsed=330s
progress: nodes=7,350,000,000 tested=1,274 found=0 n=224112872858545604222289 elapsed=330s
progress: nodes=7,360,000,000 tested=1,274 found=0 n=46794719729392406084313 elapsed=331s
progress: nodes=7,370,000,000 tested=1,274 found=0 n=813576848188802163292827 elapsed=331s
progress: nodes=7,380,000,000 tested=1,274 found=0 n=616313330879275711128447 elapsed=332s
progress: nodes=7,390,000,000 tested=1,274 found=0 n=423045687060440888881437 elapsed=332s
progress: nodes=7,400,000,000 tested=1,274 found=0 n=235354493992101073520931 elapsed=333s
progress: nodes=7,410,000,000 tested=1,274 found=0 n=57945256341320097446697 elapsed=333s
progress: nodes=7,420,000,000 tested=1,274 found=0 n=828154153067080531749057 elapsed=334s
progress: nodes=7,430,000,000 tested=1,274 found=0 n=631864432900865635610139 elapsed=334s
progress: nodes=7,440,000,000 tested=1,274 found=0 n=439267416837640464206133 elapsed=334s
progress: nodes=7,450,000,000 tested=1,274 found=0 n=251967914422574423015943 elapsed=335s
progress: nodes=7,460,000,000 tested=1,274 found=0 n=74153536651389146540589 elapsed=335s
progress: nodes=7,470,000,000 tested=1,274 found=0 n=848142374362457030725869 elapsed=336s
progress: nodes=7,480,000,000 tested=1,274 found=0 n=652900707634108048774659 elapsed=336s
progress: nodes=7,490,000,000 tested=1,274 found=0 n=461453488177101188165397 elapsed=337s
progress: nodes=7,500,000,000 tested=1,274 found=0 n=274969736124518596632471 elapsed=337s
progress: nodes=7,510,000,000 tested=1,274 found=0 n=96867068378893138347021 elapsed=338s
progress: nodes=7,520,000,000 tested=1,274 found=0 n=875904925754081344738617 elapsed=338s
progress: nodes=7,530,000,000 tested=1,274 found=0 n=681605217611037177306849 elapsed=339s
progress: nodes=7,540,000,000 tested=1,274 found=0 n=490693264971275876292783 elapsed=339s
progress: nodes=7,550,000,000 tested=1,274 found=0 n=304662072173326652053269 elapsed=340s
progress: nodes=7,560,000,000 tested=1,274 found=0 n=126067987739891454724467 elapsed=340s
progress: nodes=7,570,000,000 tested=1,274 found=0 n=910584050131804355045739 elapsed=340s
progress: nodes=7,580,000,000 tested=1,274 found=0 n=717344158909805281615761 elapsed=341s
progress: nodes=7,590,000,000 tested=1,274 found=0 n=527260908605429630945313 elapsed=341s
progress: nodes=7,600,000,000 tested=1,274 found=0 n=341678868072438291027633 elapsed=342s
progress: nodes=7,610,000,000 tested=1,274 found=0 n=162623757082838758998291 elapsed=342s
progress: nodes=7,620,000,000 tested=1,274 found=0 n=952867927525617813150441 elapsed=343s
progress: nodes=7,630,000,000 tested=1,274 found=0 n=760442649292827522060039 elapsed=343s
progress: nodes=7,640,000,000 tested=1,274 found=0 n=571035114861878608949007 elapsed=344s
progress: nodes=7,650,000,000 tested=1,274 found=0 n=385594702922618196050043 elapsed=344s
progress: nodes=7,660,000,000 tested=1,274 found=0 n=205840808372307120975963 elapsed=345s
progress: nodes=7,670,000,000 tested=1,274 found=0 n=37248189420765699196821 elapsed=345s
progress: nodes=7,680,000,000 tested=1,274 found=0 n=810172645164633426857181 elapsed=346s
progress: nodes=7,690,000,000 tested=1,274 found=0 n=621078332267083166747271 elapsed=346s
progress: nodes=7,700,000,000 tested=1,274 found=0 n=435773572213247724987531 elapsed=347s
progress: nodes=7,710,000,000 tested=1,274 found=0 n=255289560594757822264131 elapsed=347s
progress: nodes=7,720,000,000 tested=1,274 found=0 n=83493659867465548223523 elapsed=348s
progress: nodes=7,730,000,000 tested=1,274 found=0 n=866140966235043227205477 elapsed=348s
progress: nodes=7,740,000,000 tested=1,274 found=0 n=677792818327269274667037 elapsed=349s
progress: nodes=7,750,000,000 tested=1,274 found=0 n=492671899044539781419853 elapsed=349s
progress: nodes=7,760,000,000 tested=1,274 found=0 n=312000374458654162037757 elapsed=349s
progress: nodes=7,770,000,000 tested=1,274 found=0 n=138071050585238891761641 elapsed=350s
progress: nodes=7,780,000,000 tested=1,274 found=0 n=929716187531118367791411 elapsed=350s
progress: nodes=7,790,000,000 tested=1,274 found=0 n=741930294613891060829151 elapsed=351s
progress: nodes=7,800,000,000 tested=1,274 found=0 n=557183065058938038872151 elapsed=351s
progress: nodes=7,810,000,000 tested=1,274 found=0 n=376373461461143807964303 elapsed=352s
progress: nodes=7,820,000,000 tested=1,274 found=0 n=201055849442863634842623 elapsed=352s
progress: nodes=7,830,000,000 tested=1,274 found=0 n=36609340414003729673301 elapsed=353s
progress: nodes=7,840,000,000 tested=1,274 found=0 n=813811898588514834961953 elapsed=353s
progress: nodes=7,850,000,000 tested=1,274 found=0 n=629147413775622834685593 elapsed=354s
progress: nodes=7,860,000,000 tested=1,274 found=0 n=447954871469519738106783 elapsed=354s
progress: nodes=7,870,000,000 tested=1,274 found=0 n=271376764183544927338431 elapsed=355s
progress: nodes=7,880,000,000 tested=1,274 found=0 n=102490577849564447944401 elapsed=355s
progress: nodes=7,890,000,000 tested=1,274 found=0 n=892468943841284266960503 elapsed=355s
progress: nodes=7,900,000,000 tested=1,274 found=0 n=708005002930591342967991 elapsed=356s
progress: nodes=7,910,000,000 tested=1,274 found=0 n=526706687355584359931307 elapsed=356s
progress: nodes=7,920,000,000 tested=1,274 found=0 n=349352773549196720950647 elapsed=357s
progress: nodes=7,930,000,000 tested=1,274 found=0 n=177825847123682712643689 elapsed=357s
progress: nodes=7,940,000,000 tested=1,274 found=0 n=978544058578095448840401 elapsed=358s
progress: nodes=7,950,000,000 tested=1,274 found=0 n=794207330623939026071277 elapsed=358s
progress: nodes=7,960,000,000 tested=1,274 found=0 n=612674459155607599671921 elapsed=359s
progress: nodes=7,970,000,000 tested=1,274 found=0 n=434590976920264055108217 elapsed=359s
progress: nodes=7,980,000,000 tested=1,274 found=0 n=261157635485981732310813 elapsed=360s
progress: nodes=7,990,000,000 tested=1,274 found=0 n=95382972904607180405613 elapsed=360s
progress: nodes=8,000,000,000 tested=1,274 found=0 n=887002604023095202089447 elapsed=361s
progress: nodes=8,010,000,000 tested=1,274 found=0 n=705582888098183775330651 elapsed=361s
progress: nodes=8,020,000,000 tested=1,274 found=0 n=527017475037245765319747 elapsed=361s
progress: nodes=8,030,000,000 tested=1,274 found=0 n=352318231677520908841041 elapsed=362s
progress: nodes=8,040,000,000 tested=1,274 found=0 n=183208523296204967007447 elapsed=362s
progress: nodes=8,050,000,000 tested=1,274 found=0 n=987164852586057916832061 elapsed=363s
progress: nodes=8,060,000,000 tested=1,274 found=0 n=805466891500619964088473 elapsed=363s
progress: nodes=8,070,000,000 tested=1,274 found=0 n=626437191049265929484151 elapsed=364s
progress: nodes=8,080,000,000 tested=1,274 found=0 n=450742917430111300007013 elapsed=364s
progress: nodes=8,090,000,000 tested=1,274 found=0 n=279377490403701549042183 elapsed=365s
progress: nodes=8,100,000,000 tested=1,274 found=0 n=114920020527492806669043 elapsed=365s
progress: nodes=8,110,000,000 tested=1,274 found=0 n=912095390939985764981469 elapsed=366s
progress: nodes=8,120,000,000 tested=1,274 found=0 n=733030930148901662327049 elapsed=366s
progress: nodes=8,130,000,000 tested=1,274 found=0 n=556718610702797751467259 elapsed=367s
progress: nodes=8,140,000,000 tested=1,274 found=0 n=384088643262350877081231 elapsed=367s
progress: nodes=8,150,000,000 tested=1,274 found=0 n=216277460000992559412243 elapsed=368s
progress: nodes=8,160,000,000 tested=1,274 found=0 n=57410695381797611963109 elapsed=368s
progress: nodes=8,170,000,000 tested=1,274 found=0 n=847124046953134306268913 elapsed=369s
progress: nodes=8,180,000,000 tested=1,274 found=0 n=670624288810302556819089 elapsed=369s
progress: nodes=8,190,000,000 tested=1,274 found=0 n=497009901649136666167377 elapsed=370s
progress: nodes=8,200,000,000 tested=1,274 found=0 n=327413586081895361137089 elapsed=370s
progress: nodes=8,210,000,000 tested=1,274 found=0 n=163641096436510622418489 elapsed=370s
progress: nodes=8,220,000,000 tested=1,274 found=0 n=970365309873586533619713 elapsed=371s
progress: nodes=8,230,000,000 tested=1,274 found=0 n=793867927144848159917313 elapsed=371s
progress: nodes=8,240,000,000 tested=1,274 found=0 n=619896789835440076798839 elapsed=372s
progress: nodes=8,250,000,000 tested=1,274 found=0 n=449165536576806068532513 elapsed=372s
progress: nodes=8,260,000,000 tested=1,274 found=0 n=282624742150974935378667 elapsed=373s
progress: nodes=8,270,000,000 tested=1,274 found=0 n=122450361709932362205099 elapsed=373s
progress: nodes=8,280,000,000 tested=1,274 found=0 n=925411692340912483848141 elapsed=374s
progress: nodes=8,290,000,000 tested=1,274 found=0 n=751022676618709609024911 elapsed=374s
progress: nodes=8,300,000,000 tested=1,274 found=0 n=579242151524869350751233 elapsed=375s
progress: nodes=8,310,000,000 tested=1,274 found=0 n=410605976766691407434733 elapsed=375s
progress: nodes=8,320,000,000 tested=1,274 found=0 n=246316494529635668028891 elapsed=376s
progress: nodes=8,330,000,000 tested=1,274 found=0 n=89443661801170472132337 elapsed=376s
progress: nodes=8,340,000,000 tested=1,274 found=0 n=889294588583992856772507 elapsed=377s
progress: nodes=8,350,000,000 tested=1,274 found=0 n=716885012420862502516299 elapsed=377s
progress: nodes=8,360,000,000 tested=1,274 found=0 n=547056985144218341141349 elapsed=378s
progress: nodes=8,370,000,000 tested=1,274 found=0 n=380672692609202114400279 elapsed=378s
progress: nodes=8,380,000,000 tested=1,274 found=0 n=218886568791724328812317 elapsed=378s
progress: nodes=8,390,000,000 tested=1,274 found=0 n=65251155484174591280349 elapsed=379s
progress: nodes=8,400,000,000 tested=1,274 found=0 n=862529605810973679990411 elapsed=379s
progress: nodes=8,410,000,000 tested=1,274 found=0 n=691885241339849702135991 elapsed=380s
progress: nodes=8,420,000,000 tested=1,274 found=0 n=524030186081382598420803 elapsed=380s
progress: nodes=8,430,000,000 tested=1,274 found=0 n=359542833946259384682261 elapsed=381s
progress: nodes=8,440,000,000 tested=1,274 found=0 n=199895310314447218231761 elapsed=381s
progress: nodes=8,450,000,000 tested=1,274 found=0 n=49077470598392757411891 elapsed=382s
progress: nodes=8,460,000,000 tested=1,274 found=0 n=844840210601764085748039 elapsed=382s
progress: nodes=8,470,000,000 tested=1,274 found=0 n=675791937607953258000909 elapsed=383s
progress: nodes=8,480,000,000 tested=1,274 found=0 n=509292090270286770275829 elapsed=383s
progress: nodes=8,490,000,000 tested=1,274 found=0 n=346414392684719581162941 elapsed=384s
progress: nodes=8,500,000,000 tested=1,274 found=0 n=188509490861561313164721 elapsed=384s
progress: nodes=8,510,000,000 tested=1,274 found=0 n=39786523339361228102673 elapsed=385s
progress: nodes=8,520,000,000 tested=1,274 found=0 n=834975972138645695925567 elapsed=385s
progress: nodes=8,530,000,000 tested=1,274 found=0 n=667250559676566034828659 elapsed=386s
progress: nodes=8,540,000,000 tested=1,274 found=0 n=502226893095351746144823 elapsed=386s
progress: nodes=8,550,000,000 tested=1,274 found=0 n=340675542756469830106197 elapsed=386s
progress: nodes=8,560,000,000 tested=1,274 found=0 n=184113873724977694937439 elapsed=387s
progress: nodes=8,570,000,000 tested=1,274 found=0 n=36992072056309365932937 elapsed=387s
progress: nodes=8,580,000,000 tested=1,274 found=0 n=833122860754377588171777 elapsed=388s
progress: nodes=8,590,000,000 tested=1,274 found=0 n=666908784532365689345031 elapsed=388s
progress: nodes=8,600,000,000 tested=1,274 found=0 n=503407178362605698171991 elapsed=389s
progress: nodes=8,610,000,000 tested=1,274 found=0 n=343325823241673241862893 elapsed=389s
progress: nodes=8,620,000,000 tested=1,274 found=0 n=187988321750074480307673 elapsed=390s
progress: nodes=8,630,000,000 tested=1,274 found=0 n=41817616484912094375549 elapsed=390s
progress: nodes=8,640,000,000 tested=1,274 found=0 n=840437049622458350975913 elapsed=391s
progress: nodes=8,650,000,000 tested=1,274 found=0 n=675737950120275133612521 elapsed=391s
progress: nodes=8,660,000,000 tested=1,274 found=0 n=513662623732979666774829 elapsed=392s
progress: nodes=8,670,000,000 tested=1,274 found=0 n=355042986342263319449349 elapsed=392s
progress: nodes=8,680,000,000 tested=1,274 found=0 n=201052528821923558022243 elapsed=393s
progress: nodes=8,690,000,000 tested=1,274 found=0 n=55226989559642038799661 elapsed=393s
progress: nodes=8,700,000,000 tested=1,274 found=0 n=858175981285768585581141 elapsed=394s
progress: nodes=8,710,000,000 tested=1,274 found=0 n=695115925273709553697083 elapsed=394s
progress: nodes=8,720,000,000 tested=1,274 found=0 n=534521321300356310463543 elapsed=394s
progress: nodes=8,730,000,000 tested=1,274 found=0 n=377113892688162340730019 elapsed=395s
progress: nodes=8,740,000,000 tested=1,274 found=0 n=223947829589682043156311 elapsed=395s
progress: nodes=8,750,000,000 tested=1,274 found=0 n=77863932403536257507529 elapsed=396s
progress: nodes=8,760,000,000 tested=1,274 found=0 n=886354457398542312032853 elapsed=396s
progress: nodes=8,770,000,000 tested=1,274 found=0 n=724571069916878123462523 elapsed=397s
progress: nodes=8,780,000,000 tested=1,274 found=0 n=565060123951730973282717 elapsed=397s
progress: nodes=8,790,000,000 tested=1,274 found=0 n=408537655282693126729539 elapsed=398s
progress: nodes=8,800,000,000 tested=1,274 found=0 n=255919895223302920410801 elapsed=398s
progress: nodes=8,810,000,000 tested=1,274 found=0 n=109314898753131097779753 elapsed=399s
progress: nodes=8,820,000,000 tested=1,274 found=0 n=924225315659043218041221 elapsed=399s
progress: nodes=8,830,000,000 tested=1,274 found=0 n=763644436137394131973653 elapsed=399s
progress: nodes=8,840,000,000 tested=1,274 found=0 n=605269802613577469555187 elapsed=400s
progress: nodes=8,850,000,000 tested=1,274 found=0 n=449580692255156234323551 elapsed=400s
progress: nodes=8,860,000,000 tested=1,274 found=0 n=297404166578590494810387 elapsed=401s
progress: nodes=8,870,000,000 tested=1,274 found=0 n=150339574527747867094833 elapsed=401s
progress: nodes=8,880,000,000 tested=1,274 found=0 n=972243620379274225403421 elapsed=402s
progress: nodes=8,890,000,000 tested=1,274 found=0 n=812528695120572369136197 elapsed=402s
progress: nodes=8,900,000,000 tested=1,274 found=0 n=655020226959259025886021 elapsed=403s
progress: nodes=8,910,000,000 tested=1,274 found=0 n=499977111909981518109297 elapsed=403s
progress: nodes=8,920,000,000 tested=1,274 found=0 n=348091918317532883903409 elapsed=404s
progress: nodes=8,930,000,000 tested=1,274 found=0 n=200454045732644002488189 elapsed=404s
progress: nodes=8,940,000,000 tested=1,274 found=0 n=60317119430073384990111 elapsed=405s
progress: nodes=8,950,000,000 tested=1,274 found=0 n=870645931067546576273331 elapsed=405s
progress: nodes=8,960,000,000 tested=1,274 found=0 n=713869362041264677064817 elapsed=406s
progress: nodes=8,970,000,000 tested=1,274 found=0 n=559282748224517926796187 elapsed=406s
progress: nodes=8,980,000,000 tested=1,274 found=0 n=407432642932973161895391 elapsed=406s
progress: nodes=8,990,000,000 tested=1,274 found=0 n=259362085354974614653641 elapsed=407s
progress: nodes=9,000,000,000 tested=1,274 found=0 n=116914409702052216204951 elapsed=407s
progress: nodes=9,010,000,000 tested=1,274 found=0 n=937807578798236869760037 elapsed=408s
progress: nodes=9,020,000,000 tested=1,274 found=0 n=782027568508559089928211 elapsed=408s
progress: nodes=9,030,000,000 tested=1,274 found=0 n=628412730948839049612399 elapsed=409s
progress: nodes=9,040,000,000 tested=1,274 found=0 n=477296855364381347177883 elapsed=409s
progress: nodes=9,050,000,000 tested=1,274 found=0 n=329229748391903118532773 elapsed=410s
progress: nodes=9,060,000,000 tested=1,274 found=0 n=185631459364665519013809 elapsed=410s
progress: nodes=9,070,000,000 tested=1,274 found=0 n=49702032158951953101321 elapsed=411s
progress: nodes=9,080,000,000 tested=1,274 found=0 n=861669496748169040040109 elapsed=411s
progress: nodes=9,090,000,000 tested=1,274 found=0 n=708731659171059144654033 elapsed=412s
progress: nodes=9,100,000,000 tested=1,274 found=0 n=557980462673531108394183 elapsed=412s
progress: nodes=9,110,000,000 tested=1,274 found=0 n=409729894447422463597683 elapsed=413s
progress: nodes=9,120,000,000 tested=1,274 found=0 n=265070485949038732561599 elapsed=413s
progress: nodes=9,130,000,000 tested=1,274 found=0 n=125638005789858257442747 elapsed=413s
progress: nodes=9,140,000,000 tested=1,274 found=0 n=951173336226257304239079 elapsed=414s
progress: nodes=9,150,000,000 tested=1,274 found=0 n=798629307994522717722009 elapsed=414s
progress: nodes=9,160,000,000 tested=1,274 found=0 n=647978944113952052374773 elapsed=415s
progress: nodes=9,170,000,000 tested=1,274 found=0 n=499428651444571052142939 elapsed=415s
progress: nodes=9,180,000,000 tested=1,274 found=0 n=354065466194816844254787 elapsed=416s
progress: nodes=9,190,000,000 tested=1,274 found=0 n=212660959255622000530407 elapsed=416s
progress: nodes=9,200,000,000 tested=1,274 found=0 n=77613978544305750205659 elapsed=417s
progress: nodes=9,210,000,000 tested=1,274 found=0 n=898050652855434632555001 elapsed=417s
progress: nodes=9,220,000,000 tested=1,274 found=0 n=748041764157309229935327 elapsed=418s
progress: nodes=9,230,000,000 tested=1,274 found=0 n=599897982957559517073843 elapsed=418s
progress: nodes=9,240,000,000 tested=1,274 found=0 n=454171367240735432551263 elapsed=419s
progress: nodes=9,250,000,000 tested=1,274 found=0 n=311396077711758336095799 elapsed=419s
progress: nodes=9,260,000,000 tested=1,274 found=0 n=173013248274115166598681 elapsed=420s
progress: nodes=9,270,000,000 tested=1,274 found=0 n=42362316529612899947127 elapsed=420s
progress: nodes=9,280,000,000 tested=1,274 found=0 n=857768496752892831617511 elapsed=421s
progress: nodes=9,290,000,000 tested=1,274 found=0 n=709801448370148534639239 elapsed=421s
progress: nodes=9,300,000,000 tested=1,274 found=0 n=563805506830831947124443 elapsed=421s
progress: nodes=9,310,000,000 tested=1,274 found=0 n=420367408709439540217869 elapsed=422s
progress: nodes=9,320,000,000 tested=1,274 found=0 n=280189724497024106457693 elapsed=422s
progress: nodes=9,330,000,000 tested=1,274 found=0 n=144646469232781278253491 elapsed=423s
progress: nodes=9,340,000,000 tested=1,274 found=0 n=977838600589535826642501 elapsed=423s
progress: nodes=9,350,000,000 tested=1,274 found=0 n=830223962962640678214783 elapsed=424s
progress: nodes=9,360,000,000 tested=1,274 found=0 n=684442215410869223176869 elapsed=424s
progress: nodes=9,370,000,000 tested=1,274 found=0 n=540769708203493730338377 elapsed=425s
progress: nodes=9,380,000,000 tested=1,274 found=0 n=399618811643955848751807 elapsed=425s
progress: nodes=9,390,000,000 tested=1,274 found=0 n=261688217650905248426223 elapsed=426s
progress: nodes=9,400,000,000 tested=1,274 found=0 n=128553871282439920344027 elapsed=426s
progress: nodes=9,410,000,000 tested=1,274 found=0 n=961278035583379839271947 elapsed=427s
progress: nodes=9,420,000,000 tested=1,274 found=0 n=815578988560095726937971 elapsed=427s
progress: nodes=9,430,000,000 tested=1,274 found=0 n=671565471915697345537551 elapsed=428s
progress: nodes=9,440,000,000 tested=1,274 found=0 n=529627208253901670279367 elapsed=428s
progress: nodes=9,450,000,000 tested=1,274 found=0 n=390454570012359356653149 elapsed=428s
progress: nodes=9,460,000,000 tested=1,274 found=0 n=254466872153917299793917 elapsed=429s
progress: nodes=9,470,000,000 tested=1,274 found=0 n=123432631966280678072031 elapsed=429s
progress: nodes=9,480,000,000 tested=1,274 found=0 n=957719618464554491382837 elapsed=430s
progress: nodes=9,490,000,000 tested=1,274 found=0 n=814198736336525644221117 elapsed=430s
progress: nodes=9,500,000,000 tested=1,274 found=0 n=672295558586684090355297 elapsed=431s
progress: nodes=9,510,000,000 tested=1,274 found=0 n=532326397865392931649849 elapsed=431s
progress: nodes=9,520,000,000 tested=1,274 found=0 n=394765686330244389161001 elapsed=432s
progress: nodes=9,530,000,000 tested=1,274 found=0 n=260410367747468504579013 elapsed=432s
progress: nodes=9,540,000,000 tested=1,274 found=0 n=130652839105975033190343 elapsed=433s
progress: nodes=9,550,000,000 tested=1,274 found=0 n=967553274348783104839857 elapsed=433s
progress: nodes=9,560,000,000 tested=1,274 found=0 n=825697618927302864766023 elapsed=434s
progress: nodes=9,570,000,000 tested=1,274 found=0 n=685476021167940223272051 elapsed=434s
progress: nodes=9,580,000,000 tested=1,274 found=0 n=547081940575296375161913 elapsed=435s
progress: nodes=9,590,000,000 tested=1,274 found=0 n=410976209963346142438323 elapsed=435s
progress: nodes=9,600,000,000 tested=1,274 found=0 n=277862732328616434940941 elapsed=436s
progress: nodes=9,610,000,000 tested=1,274 found=0 n=149030941579407772771887 elapsed=436s
progress: nodes=9,620,000,000 tested=1,274 found=0 n=990093677277136422439449 elapsed=437s
progress: nodes=9,630,000,000 tested=1,274 found=0 n=849684934465525752771177 elapsed=437s
progress: nodes=9,640,000,000 tested=1,274 found=0 n=710926348769093534198121 elapsed=437s
progress: nodes=9,650,000,000 tested=1,274 found=0 n=574071963305354666080929 elapsed=438s
progress: nodes=9,660,000,000 tested=1,274 found=0 n=439471584330008077238391 elapsed=438s
progress: nodes=9,670,000,000 tested=1,274 found=0 n=307562449282167674183589 elapsed=439s
progress: nodes=9,680,000,000 tested=1,274 found=0 n=179419278269085096295053 elapsed=439s
progress: nodes=9,690,000,000 tested=1,274 found=0 n=57662577889800587590887 elapsed=440s
progress: nodes=9,700,000,000 tested=1,274 found=0 n=887337379732698131007771 elapsed=440s
progress: nodes=9,710,000,000 tested=1,274 found=0 n=750341875322204316872721 elapsed=441s
progress: nodes=9,720,000,000 tested=1,274 found=0 n=614914408377099110120841 elapsed=441s
progress: nodes=9,730,000,000 tested=1,274 found=0 n=481640528597944790261187 elapsed=442s
progress: nodes=9,740,000,000 tested=1,274 found=0 n=350903812901538261514149 elapsed=442s
progress: nodes=9,750,000,000 tested=1,274 found=0 n=223508768064405318684189 elapsed=443s
progress: nodes=9,760,000,000 tested=1,274 found=0 n=101059715464558703165313 elapsed=443s
progress: nodes=9,770,000,000 tested=1,274 found=0 n=940064967699016923264501 elapsed=444s
progress: nodes=9,780,000,000 tested=1,274 found=0 n=804804478067189726473347 elapsed=444s
progress: nodes=9,790,000,000 tested=1,274 found=0 n=671167388798683191986571 elapsed=445s
progress: nodes=9,800,000,000 tested=1,274 found=0 n=539491968199071812771847 elapsed=445s
progress: nodes=9,810,000,000 tested=1,274 found=0 n=410038301354327711798733 elapsed=445s
progress: nodes=9,820,000,000 tested=1,274 found=0 n=283427661683797628176179 elapsed=446s
progress: nodes=9,830,000,000 tested=1,274 found=0 n=160560295806759539243553 elapsed=446s
progress: nodes=9,840,000,000 tested=1,274 found=0 n=44481241727437836492171 elapsed=447s
progress: nodes=9,850,000,000 tested=1,274 found=0 n=876399213746351728720287 elapsed=447s
progress: nodes=9,860,000,000 tested=1,274 found=0 n=744412323901638180942153 elapsed=448s
progress: nodes=9,870,000,000 tested=1,274 found=0 n=613998225603967570787421 elapsed=448s
progress: nodes=9,880,000,000 tested=1,274 found=0 n=485376613323789950543781 elapsed=449s
progress: nodes=9,890,000,000 tested=1,274 found=0 n=359068908107035064049111 elapsed=449s
progress: nodes=9,900,000,000 tested=1,274 found=0 n=235684298303041452613749 elapsed=450s
progress: nodes=9,910,000,000 tested=1,274 found=0 n=116533566753294308454837 elapsed=450s
progress: nodes=9,920,000,000 tested=1,274 found=0 n=962124677648086906570617 elapsed=451s
progress: nodes=9,930,000,000 tested=1,274 found=0 n=831052227391154095544217 elapsed=451s
progress: nodes=9,940,000,000 tested=1,274 found=0 n=701233034898040441655859 elapsed=452s
progress: nodes=9,950,000,000 tested=1,274 found=0 n=573086281407231403022211 elapsed=452s
progress: nodes=9,960,000,000 tested=1,274 found=0 n=446906151408887766054459 elapsed=453s
progress: nodes=9,970,000,000 tested=1,274 found=0 n=323087172185412653010993 elapsed=453s
progress: nodes=9,980,000,000 tested=1,274 found=0 n=202470776500650684397371 elapsed=454s
progress: nodes=9,990,000,000 tested=1,274 found=0 n=86879043885493667997189 elapsed=454s
progress: nodes=10,000,000,000 tested=1,274 found=0 n=930223114427902071755979 elapsed=454s
progress: nodes=10,010,000,000 tested=1,274 found=0 n=801616572779491246728951 elapsed=455s
progress: nodes=10,020,000,000 tested=1,274 found=0 n=674388845008150719546099 elapsed=455s
progress: nodes=10,030,000,000 tested=1,274 found=0 n=548830694928698292841731 elapsed=456s
progress: nodes=10,040,000,000 tested=1,274 found=0 n=425169378940070977503291 elapsed=456s
progress: nodes=10,050,000,000 tested=1,274 found=0 n=304011800746436033107857 elapsed=457s
progress: nodes=10,060,000,000 tested=1,274 found=0 n=186071208059391588376443 elapsed=457s
progress: nodes=10,070,000,000 tested=1,274 found=0 n=73230141045930512530887 elapsed=458s
progress: nodes=10,080,000,000 tested=1,274 found=0 n=916366654404023532540831 elapsed=458s
progress: nodes=10,090,000,000 tested=1,274 found=0 n=789792549450683221409967 elapsed=459s
progress: nodes=10,100,000,000 tested=1,274 found=0 n=664636095869446076415039 elapsed=459s
progress: nodes=10,110,000,000 tested=1,274 found=0 n=541158943030275375294489 elapsed=460s
progress: nodes=10,120,000,000 tested=1,274 found=0 n=419702422328526242929023 elapsed=460s
progress: nodes=10,130,000,000 tested=1,274 found=0 n=300684105915342308926767 elapsed=461s
progress: nodes=10,140,000,000 tested=1,274 found=0 n=184877352399503363040441 elapsed=461s
progress: nodes=10,150,000,000 tested=1,274 found=0 n=74073539627274837138489 elapsed=462s
progress: nodes=10,160,000,000 tested=1,274 found=0 n=919766675108619724028643 elapsed=462s
progress: nodes=10,170,000,000 tested=1,274 found=0 n=795638912974140707420949 elapsed=463s
progress: nodes=10,180,000,000 tested=1,274 found=0 n=672802228306031591688921 elapsed=463s
progress: nodes=10,190,000,000 tested=1,274 found=0 n=551529860201323283210931 elapsed=463s
progress: nodes=10,200,000,000 tested=1,274 found=0 n=432088313987411683490889 elapsed=464s
progress: nodes=10,210,000,000 tested=1,274 found=0 n=314957453351768442436221 elapsed=464s
progress: nodes=10,220,000,000 tested=1,274 found=0 n=200807118405328410136161 elapsed=465s
progress: nodes=10,230,000,000 tested=1,274 found=0 n=91171882686498272095437 elapsed=465s
progress: nodes=10,240,000,000 tested=1,274 found=0 n=941782174325054342126847 elapsed=466s
progress: nodes=10,250,000,000 tested=1,274 found=0 n=819733148370109237192929 elapsed=466s
progress: nodes=10,260,000,000 tested=1,274 found=0 n=698986906703011974760713 elapsed=467s
progress: nodes=10,270,000,000 tested=1,274 found=0 n=579641157760951857878307 elapsed=467s
progress: nodes=10,280,000,000 tested=1,274 found=0 n=461983935130354868031801 elapsed=468s
progress: nodes=10,290,000,000 tested=1,274 found=0 n=346394717156019174619977 elapsed=468s
progress: nodes=10,300,000,000 tested=1,274 found=0 n=233438184860255683461153 elapsed=469s
progress: nodes=10,310,000,000 tested=1,274 found=0 n=124118933308160524430697 elapsed=469s
progress: nodes=10,320,000,000 tested=1,274 found=0 n=981635329654730757687681 elapsed=470s
progress: nodes=10,330,000,000 tested=1,274 found=0 n=861122800516071837915171 elapsed=470s
progress: nodes=10,340,000,000 tested=1,274 found=0 n=742069409490778666880583 elapsed=471s
progress: nodes=10,350,000,000 tested=1,274 found=0 n=624473436770639766839529 elapsed=471s
progress: nodes=10,360,000,000 tested=1,274 found=0 n=508385798875280977682031 elapsed=472s
progress: nodes=10,370,000,000 tested=1,274 found=0 n=394166460126150723130119 elapsed=472s
progress: nodes=10,380,000,000 tested=1,274 found=0 n=282144888435702168667791 elapsed=473s
progress: nodes=10,390,000,000 tested=1,274 found=0 n=173031911779622966211141 elapsed=473s
progress: nodes=10,400,000,000 tested=1,274 found=0 n=68744709596088377971119 elapsed=474s
progress: nodes=10,410,000,000 tested=1,274 found=0 n=920124253687059534982869 elapsed=474s
progress: nodes=10,420,000,000 tested=1,274 found=0 n=802791325096487164655217 elapsed=474s
progress: nodes=10,430,000,000 tested=1,274 found=0 n=686702225198638485503667 elapsed=475s
progress: nodes=10,440,000,000 tested=1,274 found=0 n=571912010962119118730439 elapsed=475s
progress: nodes=10,450,000,000 tested=1,274 found=0 n=458796066343785729067509 elapsed=476s
progress: nodes=10,460,000,000 tested=1,274 found=0 n=347419055199048352603083 elapsed=476s
progress: nodes=10,470,000,000 tested=1,274 found=0 n=238523829757726302989199 elapsed=477s
progress: nodes=10,480,000,000 tested=1,274 found=0 n=132957211055844693595077 elapsed=477s
progress: nodes=10,490,000,000 tested=1,274 found=0 n=996034359341321042810067 elapsed=478s
progress: nodes=10,500,000,000 tested=1,274 found=0 n=879753199505277546075627 elapsed=478s
progress: nodes=10,510,000,000 tested=1,274 found=0 n=764935038419295715684713 elapsed=479s
progress: nodes=10,520,000,000 tested=1,274 found=0 n=651452567244386907502503 elapsed=479s
progress: nodes=10,530,000,000 tested=1,274 found=0 n=539250075622082980085931 elapsed=480s
progress: nodes=10,540,000,000 tested=1,274 found=0 n=428763117621962420247951 elapsed=480s
progress: nodes=10,550,000,000 tested=1,274 found=0 n=320230616532981639838353 elapsed=481s
progress: nodes=10,560,000,000 tested=1,274 found=0 n=214304702948712264181293 elapsed=481s
progress: nodes=10,570,000,000 tested=1,274 found=0 n=111964750994879263960479 elapsed=482s
progress: nodes=10,580,000,000 tested=1,274 found=0 n=974826046387181917391463 elapsed=482s
progress: nodes=10,590,000,000 tested=1,274 found=0 n=861637259783963909887641 elapsed=483s
progress: nodes=10,600,000,000 tested=1,274 found=0 n=749691073430666151591807 elapsed=483s
progress: nodes=10,610,000,000 tested=1,274 found=0 n=638882590647523806084501 elapsed=483s
progress: nodes=10,620,000,000 tested=1,274 found=0 n=529449822904314489306129 elapsed=484s
progress: nodes=10,630,000,000 tested=1,274 found=0 n=421618322781099640669473 elapsed=484s
progress: nodes=10,640,000,000 tested=1,274 found=0 n=315850948881972475600629 elapsed=485s
progress: nodes=10,650,000,000 tested=1,274 found=0 n=212475013177028604421419 elapsed=485s
progress: nodes=10,660,000,000 tested=1,274 found=0 n=112544899942879363973013 elapsed=486s
progress: nodes=10,670,000,000 tested=1,274 found=0 n=978020925252657255088119 elapsed=486s
progress: nodes=10,680,000,000 tested=1,274 found=0 n=867256773285696210906489 elapsed=487s
progress: nodes=10,690,000,000 tested=1,274 found=0 n=757730261865107167954317 elapsed=487s
progress: nodes=10,700,000,000 tested=1,274 found=0 n=649353437329119310334547 elapsed=488s
progress: nodes=10,710,000,000 tested=1,274 found=0 n=542170335190312192242879 elapsed=488s
progress: nodes=10,720,000,000 tested=1,274 found=0 n=436623640721023727952981 elapsed=489s
progress: nodes=10,730,000,000 tested=1,274 found=0 n=332791639853097575227077 elapsed=489s
progress: nodes=10,740,000,000 tested=1,274 found=0 n=231266735948673142224507 elapsed=490s
progress: nodes=10,750,000,000 tested=1,274 found=0 n=132725380769101109088099 elapsed=490s
progress: nodes=10,760,000,000 tested=1,274 found=0 n=39392860811914850347107 elapsed=491s
progress: nodes=10,770,000,000 tested=1,274 found=0 n=894634435066410162503379 elapsed=491s
progress: nodes=10,780,000,000 tested=1,274 found=0 n=787194553719173615242227 elapsed=492s
progress: nodes=10,790,000,000 tested=1,274 found=0 n=680856785037316814703777 elapsed=492s
progress: nodes=10,800,000,000 tested=1,274 found=0 n=575687309314861459767051 elapsed=493s
progress: nodes=10,810,000,000 tested=1,274 found=0 n=471980736549228221698383 elapsed=493s
progress: nodes=10,820,000,000 tested=1,274 found=0 n=369726153122849589249183 elapsed=493s
progress: nodes=10,830,000,000 tested=1,274 found=0 n=269552373106824795370383 elapsed=494s
progress: nodes=10,840,000,000 tested=1,274 found=0 n=171918542437532488861263 elapsed=494s
progress: nodes=10,850,000,000 tested=1,274 found=0 n=78120009709706532448881 elapsed=495s
progress: nodes=10,860,000,000 tested=1,274 found=0 n=943152827875990255454931 elapsed=495s
progress: nodes=10,870,000,000 tested=1,274 found=0 n=837722865583328885481321 elapsed=496s
progress: nodes=10,880,000,000 tested=1,274 found=0 n=733134695676015766420287 elapsed=496s
progress: nodes=10,890,000,000 tested=1,274 found=0 n=629630909959512133894221 elapsed=497s
progress: nodes=10,900,000,000 tested=1,274 found=0 n=527366523717604578506499 elapsed=497s
progress: nodes=10,910,000,000 tested=1,274 found=0 n=426503273209547702995827 elapsed=498s
progress: nodes=10,920,000,000 tested=1,274 found=0 n=327319960688754798011247 elapsed=498s
progress: nodes=10,930,000,000 tested=1,274 found=0 n=230292815854727500793919 elapsed=499s
progress: nodes=10,940,000,000 tested=1,274 found=0 n=136051432270450722926901 elapsed=499s
progress: nodes=10,950,000,000 tested=1,274 found=0 n=46441271994590687685471 elapsed=500s
progress: nodes=10,960,000,000 tested=1,274 found=0 n=907958611192599016071021 elapsed=500s
progress: nodes=10,970,000,000 tested=1,274 found=0 n=805164028480802344282929 elapsed=501s
progress: nodes=10,980,000,000 tested=1,274 found=0 n=703302355453501583899119 elapsed=501s
progress: nodes=10,990,000,000 tested=1,274 found=0 n=602636116203214289769573 elapsed=501s
progress: nodes=11,000,000,000 tested=1,274 found=0 n=503359647486587904531519 elapsed=502s
progress: nodes=11,010,000,000 tested=1,274 found=0 n=405637284405510346340151 elapsed=502s
progress: nodes=11,020,000,000 tested=1,274 found=0 n=309591324379457882178417 elapsed=503s
progress: nodes=11,030,000,000 tested=1,274 found=0 n=215529501080562927585327 elapsed=503s
progress: nodes=11,040,000,000 tested=1,274 found=0 n=124485996364747221483279 elapsed=504s
progress: nodes=11,050,000,000 tested=1,274 found=0 n=38193141922318212907077 elapsed=504s
progress: nodes=11,060,000,000 tested=1,274 found=0 n=900925287946833455112807 elapsed=505s
progress: nodes=11,070,000,000 tested=1,274 found=0 n=801257319256186882638549 elapsed=505s
progress: nodes=11,080,000,000 tested=1,274 found=0 n=702578005185599058476961 elapsed=506s
progress: nodes=11,090,000,000 tested=1,274 found=0 n=604976449101243634864449 elapsed=506s
progress: nodes=11,100,000,000 tested=1,274 found=0 n=508637965996608085701063 elapsed=507s
progress: nodes=11,110,000,000 tested=1,274 found=0 n=413897959060059233919159 elapsed=507s
progress: nodes=11,120,000,000 tested=1,274 found=0 n=320704678564946284676067 elapsed=507s
progress: nodes=11,130,000,000 tested=1,274 found=0 n=229382274899540863873773 elapsed=508s
progress: nodes=11,140,000,000 tested=1,274 found=0 n=140602504939467900832503 elapsed=508s
progress: nodes=11,150,000,000 tested=1,274 found=0 n=55826957821579379325891 elapsed=509s
progress: nodes=11,160,000,000 tested=1,274 found=0 n=925308892983102833105901 elapsed=509s
progress: nodes=11,170,000,000 tested=1,274 found=0 n=828515586530483352209709 elapsed=510s
progress: nodes=11,180,000,000 tested=1,274 found=0 n=732720854503415664537651 elapsed=510s
progress: nodes=11,190,000,000 tested=1,274 found=0 n=637839116364849382612629 elapsed=511s
progress: nodes=11,200,000,000 tested=1,274 found=0 n=544047324826001204156949 elapsed=511s
progress: nodes=11,210,000,000 tested=1,274 found=0 n=451528908531176662409223 elapsed=512s
progress: nodes=11,220,000,000 tested=1,274 found=0 n=360311600777270861930211 elapsed=512s
progress: nodes=11,230,000,000 tested=1,274 found=0 n=270831117351098443972833 elapsed=513s
progress: nodes=11,240,000,000 tested=1,274 found=0 n=183380335243274163963969 elapsed=513s
progress: nodes=11,250,000,000 tested=1,274 found=0 n=98736128547141418712379 elapsed=514s
progress: nodes=11,260,000,000 tested=1,274 found=0 n=978101781925792722231033 elapsed=514s
progress: nodes=11,270,000,000 tested=1,274 found=0 n=883424796273194503747419 elapsed=514s
progress: nodes=11,280,000,000 tested=1,274 found=0 n=789779403248205732168807 elapsed=515s
progress: nodes=11,290,000,000 tested=1,274 found=0 n=696967384927284210390651 elapsed=515s
progress: nodes=11,300,000,000 tested=1,274 found=0 n=605150471617055772921513 elapsed=516s
progress: nodes=11,310,000,000 tested=1,274 found=0 n=514308589819481890576143 elapsed=516s
progress: nodes=11,320,000,000 tested=1,274 found=0 n=424754054253577640889297 elapsed=517s
progress: nodes=11,330,000,000 tested=1,274 found=0 n=336659549831161226763093 elapsed=517s
progress: nodes=11,340,000,000 tested=1,274 found=0 n=250180143578787351981051 elapsed=518s
progress: nodes=11,350,000,000 tested=1,274 found=0 n=165751338628011336673473 elapsed=518s
progress: nodes=11,360,000,000 tested=1,274 found=0 n=84234796092871427842839 elapsed=519s
progress: nodes=11,370,000,000 tested=1,274 found=0 n=963928014137383745070621 elapsed=519s
progress: nodes=11,380,000,000 tested=1,274 found=0 n=872193632540220124491357 elapsed=520s
progress: nodes=11,390,000,000 tested=1,274 found=0 n=781417108083373047953667 elapsed=520s
progress: nodes=11,400,000,000 tested=1,274 found=0 n=691454762250338907639819 elapsed=520s
progress: nodes=11,410,000,000 tested=1,274 found=0 n=602405740015314504478209 elapsed=521s
progress: nodes=11,420,000,000 tested=1,274 found=0 n=514334693414091066998481 elapsed=521s
progress: nodes=11,430,000,000 tested=1,274 found=0 n=427477453474621847470173 elapsed=522s
progress: nodes=11,440,000,000 tested=1,274 found=0 n=341959392362367596519703 elapsed=522s
progress: nodes=11,450,000,000 tested=1,274 found=0 n=258098764890987947259333 elapsed=523s
progress: nodes=11,460,000,000 tested=1,274 found=0 n=176153283875798871308667 elapsed=523s
progress: nodes=11,470,000,000 tested=1,274 found=0 n=96850041965306291014353 elapsed=524s
progress: nodes=11,480,000,000 tested=1,274 found=0 n=981534552978492128486871 elapsed=524s
progress: nodes=11,490,000,000 tested=1,274 found=0 n=892632311433623858118021 elapsed=525s
progress: nodes=11,500,000,000 tested=1,274 found=0 n=804619482140510040851847 elapsed=525s
progress: nodes=11,510,000,000 tested=1,274 found=0 n=717288431986296330743583 elapsed=526s
progress: nodes=11,520,000,000 tested=1,274 found=0 n=630945786227301231227541 elapsed=526s
progress: nodes=11,530,000,000 tested=1,274 found=0 n=545622004209445135059087 elapsed=527s
progress: nodes=11,540,000,000 tested=1,274 found=0 n=461339110760355533396691 elapsed=527s
progress: nodes=11,550,000,000 tested=1,274 found=0 n=378202778917984497750273 elapsed=527s
progress: nodes=11,560,000,000 tested=1,274 found=0 n=296408684555030817042273 elapsed=528s
progress: nodes=11,570,000,000 tested=1,274 found=0 n=216269282853303238521963 elapsed=528s
progress: nodes=11,580,000,000 tested=1,274 found=0 n=138286190496190564426599 elapsed=529s
progress: nodes=11,590,000,000 tested=1,274 found=0 n=63425301114263392777473 elapsed=529s
progress: nodes=11,600,000,000 tested=1,274 found=0 n=945722645312649208435431 elapsed=530s
progress: nodes=11,610,000,000 tested=1,274 found=0 n=860353924507608783849597 elapsed=530s
progress: nodes=11,620,000,000 tested=1,274 found=0 n=775667311278368310490689 elapsed=531s
progress: nodes=11,630,000,000 tested=1,274 found=0 n=691884508982412513008241 elapsed=531s
progress: nodes=11,640,000,000 tested=1,274 found=0 n=608924160267751585560303 elapsed=532s
progress: nodes=11,650,000,000 tested=1,274 found=0 n=526735625613250657542939 elapsed=532s
progress: nodes=11,660,000,000 tested=1,274 found=0 n=445721850064480023467433 elapsed=533s
progress: nodes=11,670,000,000 tested=1,274 found=0 n=365674053681634857486327 elapsed=533s
progress: nodes=11,680,000,000 tested=1,274 found=0 n=287027309821458954538791 elapsed=534s
progress: nodes=11,690,000,000 tested=1,274 found=0 n=209752503257940349157451 elapsed=534s
progress: nodes=11,700,000,000 tested=1,274 found=0 n=134490740338151171325351 elapsed=534s
progress: nodes=11,710,000,000 tested=1,274 found=0 n=62187829372860363599427 elapsed=535s
progress: nodes=11,720,000,000 tested=1,274 found=0 n=947071592011083823593309 elapsed=535s
progress: nodes=11,730,000,000 tested=1,274 found=0 n=864540112940356615882119 elapsed=536s
progress: nodes=11,740,000,000 tested=1,274 found=0 n=782823145115650271205573 elapsed=536s
progress: nodes=11,750,000,000 tested=1,274 found=0 n=701802532486917114686433 elapsed=537s
progress: nodes=11,760,000,000 tested=1,274 found=0 n=621731755605769133285961 elapsed=537s
progress: nodes=11,770,000,000 tested=1,274 found=0 n=542452776615675349086663 elapsed=538s
progress: nodes=11,780,000,000 tested=1,274 found=0 n=464124167537478852186783 elapsed=538s
progress: nodes=11,790,000,000 tested=1,274 found=0 n=386781342987805408275633 elapsed=539s
progress: nodes=11,800,000,000 tested=1,274 found=0 n=310659655809791329350309 elapsed=539s
progress: nodes=11,810,000,000 tested=1,274 found=0 n=235897283504440141202619 elapsed=540s
progress: nodes=11,820,000,000 tested=1,274 found=0 n=162723875140606381058457 elapsed=540s
progress: nodes=11,830,000,000 tested=1,274 found=0 n=91850503946276745532863 elapsed=541s
progress: nodes=11,840,000,000 tested=1,274 found=0 n=984839671928455926644061 elapsed=541s
progress: nodes=11,850,000,000 tested=1,274 found=0 n=905015325319398520073847 elapsed=541s
progress: nodes=11,860,000,000 tested=1,274 found=0 n=825972027885421927210701 elapsed=542s
progress: nodes=11,870,000,000 tested=1,274 found=0 n=747716192902532622661893 elapsed=542s
progress: nodes=11,880,000,000 tested=1,274 found=0 n=670183200044186477862213 elapsed=543s
progress: nodes=11,890,000,000 tested=1,274 found=0 n=593502271438389610015719 elapsed=543s
progress: nodes=11,900,000,000 tested=1,274 found=0 n=517576112422260008326209 elapsed=544s
progress: nodes=11,910,000,000 tested=1,274 found=0 n=442775533865929499256021 elapsed=544s
progress: nodes=11,920,000,000 tested=1,274 found=0 n=368873142491672777059101 elapsed=545s
progress: nodes=11,930,000,000 tested=1,274 found=0 n=296229753601819035239241 elapsed=545s
progress: nodes=11,940,000,000 tested=1,274 found=0 n=224829365383296795518397 elapsed=546s
progress: nodes=11,950,000,000 tested=1,274 found=0 n=155098710069688724932593 elapsed=546s
progress: nodes=11,960,000,000 tested=1,274 found=0 n=87683057692839717285177 elapsed=547s
progress: nodes=11,970,000,000 tested=1,274 found=0 n=983577999045771966137301 elapsed=547s
progress: nodes=11,980,000,000 tested=1,274 found=0 n=907588373141787450742629 elapsed=548s
progress: nodes=11,990,000,000 tested=1,274 found=0 n=832287054860164029327201 elapsed=548s
progress: nodes=12,000,000,000 tested=1,274 found=0 n=757762122843261658641519 elapsed=548s
progress: nodes=12,010,000,000 tested=1,274 found=0 n=683749174881554431262613 elapsed=549s
progress: nodes=12,020,000,000 tested=1,274 found=0 n=610513288233077338402293 elapsed=549s
progress: nodes=12,030,000,000 tested=1,274 found=0 n=538052777389962462911283 elapsed=550s
progress: nodes=12,040,000,000 tested=1,274 found=0 n=466661997321650424236943 elapsed=550s
progress: nodes=12,050,000,000 tested=1,274 found=0 n=396012819258900773640711 elapsed=551s
progress: nodes=12,060,000,000 tested=1,274 found=0 n=326409714660797299458927 elapsed=551s
progress: nodes=12,070,000,000 tested=1,274 found=0 n=257924567725732144388151 elapsed=552s
progress: nodes=12,080,000,000 tested=1,274 found=0 n=190785036723121620921141 elapsed=552s
progress: nodes=12,090,000,000 tested=1,274 found=0 n=125535465154913180550183 elapsed=553s
progress: nodes=12,100,000,000 tested=1,274 found=0 n=62792607595119553101951 elapsed=553s
progress: nodes=12,110,000,000 tested=1,274 found=0 n=958553359858827360556929 elapsed=554s
progress: nodes=12,120,000,000 tested=1,274 found=0 n=886816874002616243379693 elapsed=554s
progress: nodes=12,130,000,000 tested=1,274 found=0 n=815899729181307720390441 elapsed=555s
progress: nodes=12,140,000,000 tested=1,274 found=0 n=745512768254620523784627 elapsed=555s
progress: nodes=12,150,000,000 tested=1,274 found=0 n=675677099521722052043289 elapsed=555s
progress: nodes=12,160,000,000 tested=1,274 found=0 n=606550029027390535027941 elapsed=556s
progress: nodes=12,170,000,000 tested=1,274 found=0 n=538113673855403630303319 elapsed=556s
progress: nodes=12,180,000,000 tested=1,274 found=0 n=470500921244245357795329 elapsed=557s
progress: nodes=12,190,000,000 tested=1,274 found=0 n=403684409067958892120247 elapsed=557s
progress: nodes=12,200,000,000 tested=1,274 found=0 n=337775312160439054478577 elapsed=558s
progress: nodes=12,210,000,000 tested=1,274 found=0 n=273145527165591519986547 elapsed=558s
progress: nodes=12,220,000,000 tested=1,274 found=0 n=209776585334494776466869 elapsed=559s
progress: nodes=12,230,000,000 tested=1,274 found=0 n=147876965693635436467209 elapsed=559s
progress: nodes=12,240,000,000 tested=1,274 found=0 n=87934354435823582788101 elapsed=560s
progress: nodes=12,250,000,000 tested=1,274 found=0 n=992203331268922812618579 elapsed=560s
progress: nodes=12,260,000,000 tested=1,274 found=0 n=924390932307966385663401 elapsed=561s
progress: nodes=12,270,000,000 tested=1,274 found=0 n=857170778907707235981009 elapsed=561s
progress: nodes=12,280,000,000 tested=1,274 found=0 n=790545705250517704905417 elapsed=562s
progress: nodes=12,290,000,000 tested=1,274 found=0 n=724401104304842035842771 elapsed=562s
progress: nodes=12,300,000,000 tested=1,274 found=0 n=658978583348743691500467 elapsed=562s
progress: nodes=12,310,000,000 tested=1,274 found=0 n=594174520880241058616859 elapsed=563s
progress: nodes=12,320,000,000 tested=1,274 found=0 n=530096420901708709259211 elapsed=563s
progress: nodes=12,330,000,000 tested=1,274 found=0 n=466787077570058787072531 elapsed=564s
progress: nodes=12,340,000,000 tested=1,274 found=0 n=404071677879740144150877 elapsed=564s
progress: nodes=12,350,000,000 tested=1,274 found=0 n=342169114819462694891127 elapsed=565s
progress: nodes=12,360,000,000 tested=1,274 found=0 n=281210500136679239215089 elapsed=565s
progress: nodes=12,370,000,000 tested=1,274 found=0 n=221372833225363160528187 elapsed=566s
progress: nodes=12,380,000,000 tested=1,274 found=0 n=162898387955742764328003 elapsed=566s
progress: nodes=12,390,000,000 tested=1,274 found=0 n=105972794326594962856089 elapsed=567s
progress: nodes=12,400,000,000 tested=1,274 found=0 n=51293223999283508495253 elapsed=567s
progress: nodes=12,410,000,000 tested=1,274 found=0 n=953215499377086349515111 elapsed=568s
progress: nodes=12,420,000,000 tested=1,274 found=0 n=890023036631434329855231 elapsed=568s
progress: nodes=12,430,000,000 tested=1,274 found=0 n=827397091732313353524273 elapsed=569s
progress: nodes=12,440,000,000 tested=1,274 found=0 n=765239729951418032492181 elapsed=569s
progress: nodes=12,450,000,000 tested=1,274 found=0 n=703577529752923721572677 elapsed=569s
progress: nodes=12,460,000,000 tested=1,274 found=0 n=642594621254039957750247 elapsed=570s
progress: nodes=12,470,000,000 tested=1,274 found=0 n=582103865849591639392839 elapsed=570s
progress: nodes=12,480,000,000 tested=1,274 found=0 n=522253856828961024524757 elapsed=571s
progress: nodes=12,490,000,000 tested=1,274 found=0 n=463266068627258989479387 elapsed=571s
progress: nodes=12,500,000,000 tested=1,274 found=0 n=405064223905770864221787 elapsed=572s
progress: nodes=12,510,000,000 tested=1,274 found=0 n=347565035129653023261579 elapsed=572s
progress: nodes=12,520,000,000 tested=1,274 found=0 n=290982767801981634392013 elapsed=573s
progress: nodes=12,530,000,000 tested=1,274 found=0 n=235167341711131271859417 elapsed=573s
progress: nodes=12,540,000,000 tested=1,274 found=0 n=180400997554263881504109 elapsed=574s
progress: nodes=12,550,000,000 tested=1,274 found=0 n=126888963766667527566141 elapsed=574s
progress: nodes=12,560,000,000 tested=1,274 found=0 n=75083028799109908137561 elapsed=575s
progress: nodes=12,570,000,000 tested=1,274 found=0 n=985801823086532595063921 elapsed=575s
progress: nodes=12,580,000,000 tested=1,274 found=0 n=926908451299188462541437 elapsed=576s
progress: nodes=12,590,000,000 tested=1,274 found=0 n=868425112637343828864297 elapsed=576s
progress: nodes=12,600,000,000 tested=1,274 found=0 n=810546979737609050087151 elapsed=577s
progress: nodes=12,610,000,000 tested=1,274 found=0 n=753362699224394023693929 elapsed=577s
progress: nodes=12,620,000,000 tested=1,274 found=0 n=696593784343170262862313 elapsed=577s
progress: nodes=12,630,000,000 tested=1,274 found=0 n=640356943247449522507413 elapsed=578s
progress: nodes=12,640,000,000 tested=1,274 found=0 n=584756267736064596028857 elapsed=578s
progress: nodes=12,650,000,000 tested=1,274 found=0 n=529883033838631360480593 elapsed=579s
progress: nodes=12,660,000,000 tested=1,274 found=0 n=475811603064633448503891 elapsed=579s
progress: nodes=12,670,000,000 tested=1,274 found=0 n=422240115669295567004361 elapsed=580s
progress: nodes=12,680,000,000 tested=1,274 found=0 n=369262905918125434464249 elapsed=580s
progress: nodes=12,690,000,000 tested=1,274 found=0 n=317088203335494281147457 elapsed=581s
progress: nodes=12,700,000,000 tested=1,274 found=0 n=265612130538224957730243 elapsed=581s
progress: nodes=12,710,000,000 tested=1,274 found=0 n=214960298994039543095151 elapsed=582s
progress: nodes=12,720,000,000 tested=1,274 found=0 n=165221881216153351340751 elapsed=582s
progress: nodes=12,730,000,000 tested=1,274 found=0 n=116636878487484958303701 elapsed=583s
progress: nodes=12,740,000,000 tested=1,274 found=0 n=69762425409884011323519 elapsed=583s
progress: nodes=12,750,000,000 tested=1,274 found=0 n=984636395927751065057559 elapsed=584s
progress: nodes=12,760,000,000 tested=1,274 found=0 n=930924020171621353238361 elapsed=584s
progress: nodes=12,770,000,000 tested=1,274 found=0 n=877655025743737738277781 elapsed=585s
progress: nodes=12,780,000,000 tested=1,274 found=0 n=824920871498866290491343 elapsed=585s
progress: nodes=12,790,000,000 tested=1,274 found=0 n=772612534422614943834777 elapsed=585s
progress: nodes=12,800,000,000 tested=1,274 found=0 n=720707252905251358099353 elapsed=586s
progress: nodes=12,810,000,000 tested=1,274 found=0 n=669456886614254943891687 elapsed=586s
progress: nodes=12,820,000,000 tested=1,274 found=0 n=618580721309466500463879 elapsed=587s
progress: nodes=12,830,000,000 tested=1,274 found=0 n=568210270820122869929991 elapsed=587s
progress: nodes=12,840,000,000 tested=1,274 found=0 n=518359159318595203375767 elapsed=588s
progress: nodes=12,850,000,000 tested=1,274 found=0 n=469229633028017502339699 elapsed=588s
progress: nodes=12,860,000,000 tested=1,274 found=0 n=420572951657404490061117 elapsed=589s
progress: nodes=12,870,000,000 tested=1,274 found=0 n=372518160874441459430553 elapsed=589s
progress: nodes=12,880,000,000 tested=1,274 found=0 n=325230967985335078696029 elapsed=590s
progress: nodes=12,890,000,000 tested=1,274 found=0 n=278521554831371142119829 elapsed=590s
progress: nodes=12,900,000,000 tested=1,274 found=0 n=232468055823437342517609 elapsed=591s
progress: nodes=12,910,000,000 tested=1,274 found=0 n=187227414795722117513697 elapsed=591s
progress: nodes=12,920,000,000 tested=1,274 found=0 n=142914444964290765742977 elapsed=592s
progress: nodes=12,930,000,000 tested=1,274 found=0 n=99763394688520794282051 elapsed=592s
progress: nodes=12,940,000,000 tested=1,274 found=0 n=58168409894899203308409 elapsed=592s
progress: nodes=12,950,000,000 tested=1,274 found=0 n=976490019175661236234989 elapsed=593s
progress: nodes=12,960,000,000 tested=1,274 found=0 n=928465484671233703082889 elapsed=593s
progress: nodes=12,970,000,000 tested=1,274 found=0 n=880742561546312389083159 elapsed=594s
progress: nodes=12,980,000,000 tested=1,274 found=0 n=833542131711247660462761 elapsed=594s
progress: nodes=12,990,000,000 tested=1,274 found=0 n=786616078282248290535459 elapsed=595s
progress: nodes=13,000,000,000 tested=1,274 found=0 n=740148776737870402585683 elapsed=595s
progress: nodes=13,010,000,000 tested=1,274 found=0 n=694009434121745336153559 elapsed=596s
progress: nodes=13,020,000,000 tested=1,274 found=0 n=648289742458059602441541 elapsed=596s
progress: nodes=13,030,000,000 tested=1,274 found=0 n=602851257094789717323309 elapsed=597s
progress: nodes=13,040,000,000 tested=1,274 found=0 n=557910632824098198846201 elapsed=597s
progress: nodes=13,050,000,000 tested=1,274 found=0 n=513334927048652104853457 elapsed=598s
progress: nodes=13,060,000,000 tested=1,274 found=0 n=469395271615510173154221 elapsed=598s
progress: nodes=13,070,000,000 tested=1,274 found=0 n=425791918548529576396353 elapsed=599s
progress: nodes=13,080,000,000 tested=1,274 found=0 n=382726061275396863537513 elapsed=599s
progress: nodes=13,090,000,000 tested=1,274 found=0 n=340312580879909511736863 elapsed=600s
progress: nodes=13,100,000,000 tested=1,274 found=0 n=298711045931001744923883 elapsed=600s
progress: nodes=13,110,000,000 tested=1,274 found=0 n=257695714865514644701983 elapsed=600s
progress: nodes=13,120,000,000 tested=1,274 found=0 n=217405466022011973034329 elapsed=601s
progress: nodes=13,130,000,000 tested=1,274 found=0 n=177785891393464431196119 elapsed=601s
progress: nodes=13,140,000,000 tested=1,274 found=0 n=139019515016476633626087 elapsed=602s
progress: nodes=13,150,000,000 tested=1,274 found=0 n=101232598091542274866509 elapsed=602s
progress: nodes=13,160,000,000 tested=1,274 found=0 n=64626167945766898189719 elapsed=603s
progress: nodes=13,170,000,000 tested=1,274 found=0 n=990289845836545638753369 elapsed=603s
progress: nodes=13,180,000,000 tested=1,274 found=0 n=948498152937052077332973 elapsed=604s
progress: nodes=13,190,000,000 tested=1,274 found=0 n=907207511655126164049567 elapsed=604s
progress: nodes=13,200,000,000 tested=1,274 found=0 n=866372921350888769620803 elapsed=605s
progress: nodes=13,210,000,000 tested=1,274 found=0 n=825821379607537377635571 elapsed=605s
progress: nodes=13,220,000,000 tested=1,274 found=0 n=785736630294504301836423 elapsed=606s
progress: nodes=13,230,000,000 tested=1,274 found=0 n=746110402230542221904031 elapsed=606s
progress: nodes=13,240,000,000 tested=1,274 found=0 n=706716517522766405387733 elapsed=607s
progress: nodes=13,250,000,000 tested=1,274 found=0 n=667848759769605813101703 elapsed=607s
progress: nodes=13,260,000,000 tested=1,274 found=0 n=629380493951975604441603 elapsed=608s
progress: nodes=13,270,000,000 tested=1,274 found=0 n=591233285663527632298173 elapsed=608s
progress: nodes=13,280,000,000 tested=1,274 found=0 n=553476795090104879816823 elapsed=608s
progress: nodes=13,290,000,000 tested=1,274 found=0 n=516031545598007868281853 elapsed=609s
progress: nodes=13,300,000,000 tested=1,274 found=0 n=479117330420316221036403 elapsed=609s
progress: nodes=13,310,000,000 tested=1,274 found=0 n=442630989084243341378997 elapsed=610s
progress: nodes=13,320,000,000 tested=1,274 found=0 n=406703197774869603985377 elapsed=610s
progress: nodes=13,330,000,000 tested=1,274 found=0 n=371156307427322539539417 elapsed=611s
progress: nodes=13,340,000,000 tested=1,274 found=0 n=336262444059640698038439 elapsed=611s
progress: nodes=13,350,000,000 tested=1,274 found=0 n=301790137885978167338913 elapsed=612s
progress: nodes=13,360,000,000 tested=1,274 found=0 n=267685846756352868965121 elapsed=612s
progress: nodes=13,370,000,000 tested=1,274 found=0 n=234117057680025411304413 elapsed=613s
progress: nodes=13,380,000,000 tested=1,274 found=0 n=201142517972655686976549 elapsed=613s
progress: nodes=13,390,000,000 tested=1,274 found=0 n=168807345648545424507687 elapsed=614s
progress: nodes=13,400,000,000 tested=1,274 found=0 n=136949323550389799798349 elapsed=614s
progress: nodes=13,410,000,000 tested=1,274 found=0 n=105817727906659090453131 elapsed=615s
progress: nodes=13,420,000,000 tested=1,274 found=0 n=75546127110651343389243 elapsed=615s
progress: nodes=13,430,000,000 tested=1,274 found=0 n=46308932441867205397287 elapsed=616s
progress: nodes=13,440,000,000 tested=1,274 found=0 n=975802313750099587989237 elapsed=616s
progress: nodes=13,450,000,000 tested=1,274 found=0 n=941565308890433008640859 elapsed=616s
progress: nodes=13,460,000,000 tested=1,274 found=0 n=907678095757455173838687 elapsed=617s
progress: nodes=13,470,000,000 tested=1,274 found=0 n=874083128433223789989909 elapsed=617s
progress: nodes=13,480,000,000 tested=1,274 found=0 n=840940646916823017121557 elapsed=618s
progress: nodes=13,490,000,000 tested=1,274 found=0 n=808091182771721131720437 elapsed=618s
progress: nodes=13,500,000,000 tested=1,274 found=0 n=775610589431223676519389 elapsed=619s
progress: nodes=13,510,000,000 tested=1,274 found=0 n=743583490917201525293703 elapsed=619s
progress: nodes=13,520,000,000 tested=1,274 found=0 n=711828203887097851256703 elapsed=620s
progress: nodes=13,530,000,000 tested=1,274 found=0 n=680404370150638893688929 elapsed=620s
progress: nodes=13,540,000,000 tested=1,274 found=0 n=649356018954168825676377 elapsed=621s
progress: nodes=13,550,000,000 tested=1,274 found=0 n=618660978233408321454243 elapsed=621s
progress: nodes=13,560,000,000 tested=1,274 found=0 n=588288789252853050715353 elapsed=622s
progress: nodes=13,570,000,000 tested=1,274 found=0 n=558271045077019527512259 elapsed=622s
progress: nodes=13,580,000,000 tested=1,274 found=0 n=528680658113837690191731 elapsed=623s
progress: nodes=13,590,000,000 tested=1,274 found=0 n=499416796479573150347169 elapsed=623s
progress: nodes=13,600,000,000 tested=1,274 found=0 n=470492385909735650462001 elapsed=624s
progress: nodes=13,610,000,000 tested=1,274 found=0 n=441826065295220946461121 elapsed=624s
progress: nodes=13,620,000,000 tested=1,274 found=0 n=413613118777614922447281 elapsed=624s
progress: nodes=13,630,000,000 tested=1,274 found=0 n=388376790867108782279541 elapsed=625s
progress: nodes=13,640,000,000 tested=1,274 found=0 n=368298125359310117142171 elapsed=625s
progress: nodes=13,650,000,000 tested=1,274 found=0 n=350681934050820455516433 elapsed=626s
progress: nodes=13,660,000,000 tested=1,274 found=0 n=335510424871535022920811 elapsed=626s
progress: nodes=13,670,000,000 tested=1,274 found=0 n=323652065658379135366689 elapsed=627s
progress: nodes=13,680,000,000 tested=1,274 found=0 n=315893055604611912367941 elapsed=627s
progress: nodes=13,690,000,000 tested=1,274 found=0 n=311733966625746674920911 elapsed=628s
progress: nodes=13,700,000,000 tested=1,274 found=0 n=309842171051385492701181 elapsed=628s
progress: nodes=13,710,000,000 tested=1,274 found=0 n=310126617352969175049291 elapsed=629s
progress: nodes=13,720,000,000 tested=1,274 found=0 n=313089581734400939785317 elapsed=629s
progress: nodes=13,730,000,000 tested=1,274 found=0 n=318891489813783739839987 elapsed=630s
progress: nodes=13,740,000,000 tested=1,274 found=0 n=328135604110132403151567 elapsed=630s
progress: nodes=13,750,000,000 tested=1,274 found=0 n=342748530569273974095951 elapsed=631s
progress: nodes=13,760,000,000 tested=1,274 found=0 n=361760250787476713343171 elapsed=631s
progress: nodes=13,770,000,000 tested=1,274 found=0 n=384078572270638954161453 elapsed=632s
progress: nodes=13,780,000,000 tested=1,274 found=0 n=410875934057363437399737 elapsed=632s
progress: nodes=13,790,000,000 tested=1,274 found=0 n=441871678871139080334771 elapsed=632s
progress: nodes=13,800,000,000 tested=1,274 found=0 n=476480016906273607584357 elapsed=633s
progress: nodes=13,810,000,000 tested=1,274 found=0 n=514381111584898061232729 elapsed=633s
progress: nodes=13,820,000,000 tested=1,274 found=0 n=554809402539889988558067 elapsed=634s
progress: nodes=13,830,000,000 tested=1,274 found=0 n=597494289130147049101461 elapsed=634s
progress: nodes=13,840,000,000 tested=1,274 found=0 n=643108892650261747580871 elapsed=635s
progress: nodes=13,850,000,000 tested=1,274 found=0 n=691504474091082119617149 elapsed=635s
progress: nodes=13,860,000,000 tested=1,274 found=0 n=742849076373503963082219 elapsed=636s
progress: nodes=13,870,000,000 tested=1,274 found=0 n=798267058692093765968193 elapsed=636s
progress: nodes=13,880,000,000 tested=1,274 found=0 n=857224496141089480340937 elapsed=637s
progress: nodes=13,890,000,000 tested=1,274 found=0 n=919179689145924802629033 elapsed=637s
progress: nodes=13,900,000,000 tested=1,274 found=0 n=39523416099635661151959 elapsed=638s
progress: nodes=13,910,000,000 tested=1,274 found=0 n=98180086624933406152059 elapsed=638s
progress: nodes=13,920,000,000 tested=1,274 found=0 n=162730611621196328380671 elapsed=639s
progress: nodes=13,930,000,000 tested=1,274 found=0 n=232150834852574803844679 elapsed=639s
progress: nodes=13,940,000,000 tested=1,274 found=0 n=305728744026993796307799 elapsed=640s
progress: nodes=13,950,000,000 tested=1,274 found=0 n=382828454613381141808443 elapsed=640s
progress: nodes=13,960,000,000 tested=1,274 found=0 n=463917525245821090487043 elapsed=640s
progress: nodes=13,970,000,000 tested=1,274 found=0 n=549662217524824377840867 elapsed=641s
progress: nodes=13,980,000,000 tested=1,274 found=0 n=639253481797821398246739 elapsed=641s
progress: nodes=13,990,000,000 tested=1,274 found=0 n=733191389303836691419191 elapsed=642s
progress: nodes=14,000,000,000 tested=1,274 found=0 n=829663259014246988448117 elapsed=642s
progress: nodes=14,010,000,000 tested=1,274 found=0 n=929458543954290316803837 elapsed=643s
progress: nodes=14,020,000,000 tested=1,274 found=0 n=88506008048586595668201 elapsed=643s
progress: nodes=14,030,000,000 tested=1,274 found=0 n=187363710571856370110559 elapsed=644s
progress: nodes=14,040,000,000 tested=1,274 found=0 n=292465629359956596256713 elapsed=644s
progress: nodes=14,050,000,000 tested=1,274 found=0 n=402978282897624155608887 elapsed=645s
progress: nodes=14,060,000,000 tested=1,274 found=0 n=519563822526476635424517 elapsed=645s
progress: nodes=14,070,000,000 tested=1,274 found=0 n=642445122919247722095021 elapsed=646s
progress: nodes=14,080,000,000 tested=1,274 found=0 n=770530282428202995527829 elapsed=646s
progress: nodes=14,090,000,000 tested=1,274 found=0 n=903001014293243864757759 elapsed=647s
progress: nodes=14,100,000,000 tested=1,274 found=0 n=98885562953627678629401 elapsed=647s
progress: nodes=14,110,000,000 tested=1,274 found=0 n=226553464244390707296873 elapsed=648s
progress: nodes=14,120,000,000 tested=1,274 found=0 n=362786314360161775242159 elapsed=648s
progress: nodes=14,130,000,000 tested=1,274 found=0 n=505800038307021326137269 elapsed=649s
progress: nodes=14,140,000,000 tested=1,274 found=0 n=655000940608458027595011 elapsed=649s
progress: nodes=14,150,000,000 tested=1,274 found=0 n=810908148537490974657687 elapsed=650s
progress: nodes=14,160,000,000 tested=1,274 found=0 n=43992213912761289224049 elapsed=650s
progress: nodes=14,170,000,000 tested=1,274 found=0 n=187253894118884993709309 elapsed=651s
progress: nodes=14,180,000,000 tested=1,274 found=0 n=341500942358822170407483 elapsed=651s
progress: nodes=14,190,000,000 tested=1,274 found=0 n=503070083700295524550137 elapsed=652s
progress: nodes=14,200,000,000 tested=1,274 found=0 n=672632034364883168436861 elapsed=652s
progress: nodes=14,210,000,000 tested=1,274 found=0 n=848757153568487188294269 elapsed=653s
progress: nodes=14,220,000,000 tested=1,274 found=0 n=96756424201517715664029 elapsed=653s
progress: nodes=14,230,000,000 tested=1,274 found=0 n=264379800287580762435651 elapsed=654s
progress: nodes=14,240,000,000 tested=1,274 found=0 n=441920515544917960367817 elapsed=654s
progress: nodes=14,250,000,000 tested=1,274 found=0 n=627093397881578121937443 elapsed=655s
progress: nodes=14,260,000,000 tested=1,274 found=0 n=817817195113955385896547 elapsed=655s
progress: nodes=14,270,000,000 tested=1,274 found=0 n=85767171526655775249093 elapsed=656s
progress: nodes=14,280,000,000 tested=1,274 found=0 n=265626740356211421188001 elapsed=656s
progress: nodes=14,290,000,000 tested=1,274 found=0 n=456854905894415876626779 elapsed=657s
progress: nodes=14,300,000,000 tested=1,274 found=0 n=655694279043907393779489 elapsed=657s
progress: nodes=14,310,000,000 tested=1,274 found=0 n=862881570246805442085753 elapsed=658s
progress: nodes=14,320,000,000 tested=1,274 found=0 n=142045008570853507428309 elapsed=658s
progress: nodes=14,330,000,000 tested=1,274 found=0 n=341529076225622599256943 elapsed=659s
progress: nodes=14,340,000,000 tested=1,274 found=0 n=551897030663841580765047 elapsed=659s
progress: nodes=14,350,000,000 tested=1,274 found=0 n=769920993992564806292901 elapsed=660s
progress: nodes=14,360,000,000 tested=1,274 found=0 n=73853633416742824333689 elapsed=660s
progress: nodes=14,370,000,000 tested=1,274 found=0 n=281237090535551839589901 elapsed=661s
progress: nodes=14,380,000,000 tested=1,274 found=0 n=501029221174684078647771 elapsed=661s
progress: nodes=14,390,000,000 tested=1,274 found=0 n=730138048692793377049413 elapsed=662s
progress: nodes=14,400,000,000 tested=1,274 found=0 n=52797570798127884762033 elapsed=662s
progress: nodes=14,410,000,000 tested=1,274 found=0 n=270634418460391501757241 elapsed=662s
progress: nodes=14,420,000,000 tested=1,274 found=0 n=505641708352466395076367 elapsed=663s
progress: nodes=14,430,000,000 tested=1,274 found=0 n=749910513456837577115271 elapsed=663s
progress: nodes=14,440,000,000 tested=1,274 found=0 n=85064314524601455944901 elapsed=664s
progress: nodes=14,450,000,000 tested=1,274 found=0 n=319564391865769813924161 elapsed=664s
progress: nodes=14,460,000,000 tested=1,274 found=0 n=569377972323617341003119 elapsed=665s
progress: nodes=14,470,000,000 tested=1,274 found=0 n=829590158774182644369531 elapsed=665s
progress: nodes=14,480,000,000 tested=1,274 found=0 n=171992386794165172384149 elapsed=666s
progress: nodes=14,490,000,000 tested=1,274 found=0 n=427032096972990102242649 elapsed=666s
progress: nodes=14,500,000,000 tested=1,274 found=0 n=695867119943122996439571 elapsed=667s
progress: nodes=14,510,000,000 tested=1,274 found=0 n=65553093626716526583753 elapsed=667s
progress: nodes=14,520,000,000 tested=1,274 found=0 n=324542651286296207187423 elapsed=668s
progress: nodes=14,530,000,000 tested=1,274 found=0 n=601361696078155558168623 elapsed=668s
progress: nodes=14,540,000,000 tested=1,274 found=0 n=889566173349807783750921 elapsed=669s
progress: nodes=14,550,000,000 tested=1,274 found=0 n=255085336486881170148879 elapsed=669s
progress: nodes=14,560,000,000 tested=1,274 found=0 n=537696058958159772784113 elapsed=670s
progress: nodes=14,570,000,000 tested=1,274 found=0 n=831702031225134767650953 elapsed=670s
progress: nodes=14,580,000,000 tested=1,274 found=0 n=209382842557394501472477 elapsed=671s
progress: nodes=14,590,000,000 tested=1,274 found=0 n=497698191808255446649641 elapsed=671s
progress: nodes=14,600,000,000 tested=1,274 found=0 n=801456254107095488903001 elapsed=672s
progress: nodes=14,610,000,000 tested=1,274 found=0 n=192830896632517912041273 elapsed=672s
progress: nodes=14,620,000,000 tested=1,274 found=0 n=491349837696241143997377 elapsed=673s
progress: nodes=14,630,000,000 tested=1,274 found=0 n=805384997944668883068327 elapsed=673s
progress: nodes=14,640,000,000 tested=1,274 found=0 n=207595225044547088750001 elapsed=674s
progress: nodes=14,650,000,000 tested=1,274 found=0 n=515652911264429200603341 elapsed=674s
progress: nodes=14,660,000,000 tested=1,274 found=0 n=839716881269611578532299 elapsed=675s
progress: nodes=14,670,000,000 tested=1,274 found=0 n=249809507708829321061809 elapsed=675s
progress: nodes=14,680,000,000 tested=1,274 found=0 n=570815015360223460974147 elapsed=676s
progress: nodes=14,690,000,000 tested=1,274 found=0 n=907890341968949524043859 elapsed=676s
progress: nodes=14,700,000,000 tested=1,274 found=0 n=326988471874738515570729 elapsed=677s
progress: nodes=14,710,000,000 tested=1,274 found=0 n=662240781331968316615137 elapsed=677s
progress: nodes=14,720,000,000 tested=1,274 found=0 n=106476276291234276409983 elapsed=678s
progress: nodes=14,730,000,000 tested=1,274 found=0 n=432546277182047661756123 elapsed=678s
progress: nodes=14,740,000,000 tested=1,274 found=0 n=778926942724282651157859 elapsed=679s
progress: nodes=14,750,000,000 tested=1,274 found=0 n=221325502619198451374901 elapsed=679s
progress: nodes=14,760,000,000 tested=1,274 found=0 n=564968987957429894341503 elapsed=680s
progress: nodes=14,770,000,000 tested=1,274 found=0 n=924563033363923912631673 elapsed=680s
progress: nodes=14,780,000,000 tested=1,274 found=0 n=366767022698723587643703 elapsed=681s
progress: nodes=14,790,000,000 tested=1,274 found=0 n=725137232403158240478813 elapsed=681s
progress: nodes=14,800,000,000 tested=1,274 found=0 n=187873076480546302756911 elapsed=682s
progress: nodes=14,810,000,000 tested=1,274 found=0 n=543036318406520886428481 elapsed=682s
progress: nodes=14,820,000,000 tested=1,274 found=0 n=915564900726969665673501 elapsed=683s
progress: nodes=14,830,000,000 tested=1,274 found=0 n=375294252578071537651941 elapsed=683s
progress: nodes=14,840,000,000 tested=1,274 found=0 n=749487272706325058166261 elapsed=684s
progress: nodes=14,850,000,000 tested=1,274 found=0 n=226595392440792252426549 elapsed=684s
progress: nodes=14,860,000,000 tested=1,274 found=0 n=599098018652739434345517 elapsed=685s
progress: nodes=14,870,000,000 tested=1,274 found=0 n=95915270732595394227147 elapsed=685s
progress: nodes=14,880,000,000 tested=1,274 found=0 n=464777909021049577090137 elapsed=685s
progress: nodes=14,890,000,000 tested=1,274 found=0 n=859339347463034386569621 elapsed=686s
progress: nodes=14,900,000,000 tested=1,274 found=0 n=348201863308473485233923 elapsed=686s
progress: nodes=14,910,000,000 tested=1,274 found=0 n=743300482602586855673727 elapsed=687s
progress: nodes=14,920,000,000 tested=1,274 found=0 n=245658867344963580761253 elapsed=687s
progress: nodes=14,930,000,000 tested=1,274 found=0 n=641213495603888224650633 elapsed=688s
progress: nodes=14,940,000,000 tested=1,274 found=0 n=156692039019094552790817 elapsed=688s
progress: nodes=14,950,000,000 tested=1,274 found=0 n=551582951249189188578249 elapsed=689s
progress: nodes=14,960,000,000 tested=1,274 found=0 n=82011067423410966817977 elapsed=689s
progress: nodes=14,970,000,000 tested=1,274 found=0 n=475310416621283987202459 elapsed=690s
progress: nodes=14,980,000,000 tested=1,274 found=0 n=895899205767501306640269 elapsed=690s
progress: nodes=14,990,000,000 tested=1,274 found=0 n=412923491871872308574247 elapsed=691s
progress: nodes=15,000,000,000 tested=1,274 found=0 n=837969597255766063014927 elapsed=691s
progress: nodes=15,010,000,000 tested=1,274 found=0 n=364932306237610575204741 elapsed=692s
progress: nodes=15,020,000,000 tested=1,274 found=0 n=794168508957686199848511 elapsed=692s
progress: nodes=15,030,000,000 tested=1,274 found=0 n=331636669986251653422399 elapsed=693s
progress: nodes=15,040,000,000 tested=1,274 found=0 n=768320020525209012029169 elapsed=693s
progress: nodes=15,050,000,000 tested=1,274 found=0 n=315929053911405059522397 elapsed=694s
progress: nodes=15,060,000,000 tested=1,274 found=0 n=757890823188028589552493 elapsed=694s
progress: nodes=15,070,000,000 tested=1,274 found=0 n=313465660247393535308427 elapsed=695s
progress: nodes=15,080,000,000 tested=1,274 found=0 n=760948279683763908735999 elapsed=695s
progress: nodes=15,090,000,000 tested=1,274 found=0 n=324104542126004132724231 elapsed=696s
progress: nodes=15,100,000,000 tested=1,274 found=0 n=778692463391535112871451 elapsed=696s
progress: nodes=15,110,000,000 tested=1,274 found=0 n=346458134250291692119491 elapsed=697s
progress: nodes=15,120,000,000 tested=1,274 found=0 n=808289992728170732406627 elapsed=697s
progress: nodes=15,130,000,000 tested=1,274 found=0 n=382723927724506794669243 elapsed=698s
progress: nodes=15,140,000,000 tested=1,274 found=0 n=852571855433178250897527 elapsed=698s
progress: nodes=15,150,000,000 tested=1,274 found=0 n=430212741153850211383827 elapsed=699s
progress: nodes=15,160,000,000 tested=1,274 found=0 n=41432012992550718719181 elapsed=699s
progress: nodes=15,170,000,000 tested=1,274 found=0 n=493887748844263555142361 elapsed=700s
progress: nodes=15,180,000,000 tested=1,274 found=0 n=107785600652094383899881 elapsed=700s
progress: nodes=15,190,000,000 tested=1,274 found=0 n=577096116408797116752621 elapsed=701s
progress: nodes=15,200,000,000 tested=1,274 found=0 n=190540428188316072227361 elapsed=701s
progress: nodes=15,210,000,000 tested=1,274 found=0 n=673988904339216902799363 elapsed=702s
progress: nodes=15,220,000,000 tested=1,274 found=0 n=291119080105363078968399 elapsed=702s
progress: nodes=15,230,000,000 tested=1,274 found=0 n=788668050773232045685269 elapsed=703s
progress: nodes=15,240,000,000 tested=1,274 found=0 n=407169197610442699655223 elapsed=703s
progress: nodes=15,250,000,000 tested=1,274 found=0 n=53895562444869876621891 elapsed=704s
progress: nodes=15,260,000,000 tested=1,274 found=0 n=538315789164529244629761 elapsed=704s
progress: nodes=15,270,000,000 tested=1,274 found=0 n=179364997864744673888907 elapsed=705s
progress: nodes=15,280,000,000 tested=1,274 found=0 n=684264187907247557853243 elapsed=705s
progress: nodes=15,290,000,000 tested=1,274 found=0 n=324665463022225835689179 elapsed=705s
progress: nodes=15,300,000,000 tested=1,274 found=0 n=844669529373567813274359 elapsed=706s
progress: nodes=15,310,000,000 tested=1,274 found=0 n=484459669040984849753541 elapsed=706s
progress: nodes=15,320,000,000 tested=1,274 found=0 n=145897966798984350227277 elapsed=707s
progress: nodes=15,330,000,000 tested=1,274 found=0 n=663412908347939612785923 elapsed=707s
progress: nodes=15,340,000,000 tested=1,274 found=0 n=321977507188667748016599 elapsed=708s
progress: nodes=15,350,000,000 tested=1,274 found=0 n=858201021128042400429621 elapsed=708s
progress: nodes=15,360,000,000 tested=1,274 found=0 n=517854006758484474855777 elapsed=709s
progress: nodes=15,370,000,000 tested=1,274 found=0 n=196585611956485686867933 elapsed=709s
progress: nodes=15,380,000,000 tested=1,274 found=0 n=736060786708417924302549 elapsed=710s
progress: nodes=15,390,000,000 tested=1,274 found=0 n=413089270308883495027701 elapsed=710s
progress: nodes=15,400,000,000 tested=1,274 found=0 n=110506536465005565023139 elapsed=711s
progress: nodes=15,410,000,000 tested=1,274 found=0 n=653100156558491901536277 elapsed=711s
progress: nodes=15,420,000,000 tested=1,274 found=0 n=344313960192457615859499 elapsed=712s
progress: nodes=15,430,000,000 tested=1,274 found=0 n=57766569288414407039619 elapsed=712s
progress: nodes=15,440,000,000 tested=1,274 found=0 n=602726318672246957561373 elapsed=713s
progress: nodes=15,450,000,000 tested=1,274 found=0 n=306887297293355188851441 elapsed=713s
progress: nodes=15,460,000,000 tested=1,274 found=0 n=880748919640286889291099 elapsed=714s
progress: nodes=15,470,000,000 tested=1,274 found=0 n=581746384331639068448907 elapsed=714s
progress: nodes=15,480,000,000 tested=1,274 found=0 n=295237734598848988337391 elapsed=715s
progress: nodes=15,490,000,000 tested=1,274 found=0 n=876971065756932909745983 elapsed=715s
progress: nodes=15,500,000,000 tested=1,274 found=0 n=588884973629739111374049 elapsed=716s
progress: nodes=15,510,000,000 tested=1,274 found=0 n=311989164049729771361757 elapsed=716s
progress: nodes=15,520,000,000 tested=1,274 found=0 n=54493867691815192451811 elapsed=717s
progress: nodes=15,530,000,000 tested=1,274 found=0 n=623445464268917943724071 elapsed=717s
progress: nodes=15,540,000,000 tested=1,274 found=0 n=358309849250435145492429 elapsed=718s
progress: nodes=15,550,000,000 tested=1,274 found=0 n=108810996107825299475187 elapsed=718s
progress: nodes=15,560,000,000 tested=1,274 found=0 n=696471528625019600512059 elapsed=719s
progress: nodes=15,570,000,000 tested=1,274 found=0 n=438997547969335748379987 elapsed=719s
progress: nodes=15,580,000,000 tested=1,274 found=0 n=194683617087246256698729 elapsed=720s
progress: nodes=15,590,000,000 tested=1,274 found=0 n=801170611706807825752269 elapsed=720s
progress: nodes=15,600,000,000 tested=1,274 found=0 n=551598321444157522672137 elapsed=720s
progress: nodes=15,610,000,000 tested=1,274 found=0 n=311966479672282175439699 elapsed=721s
progress: nodes=15,620,000,000 tested=1,274 found=0 n=88082477836668683711343 elapsed=721s
progress: nodes=15,630,000,000 tested=1,274 found=0 n=694877134404966737014791 elapsed=722s
progress: nodes=15,640,000,000 tested=1,274 found=0 n=461823337837559068668297 elapsed=722s
progress: nodes=15,650,000,000 tested=1,274 found=0 n=239450250614898179179323 elapsed=723s
progress: nodes=15,660,000,000 tested=1,274 found=0 n=870758465631677397175401 elapsed=723s
progress: nodes=15,670,000,000 tested=1,274 found=0 n=644482448123447177054811 elapsed=724s
progress: nodes=15,680,000,000 tested=1,274 found=0 n=425585113559369291821293 elapsed=724s
progress: nodes=15,690,000,000 tested=1,274 found=0 n=217077037562653121146293 elapsed=725s
progress: nodes=15,700,000,000 tested=1,274 found=0 n=856564334515225044421713 elapsed=725s
progress: nodes=15,710,000,000 tested=1,274 found=0 n=642383876900906803303641 elapsed=726s
progress: nodes=15,720,000,000 tested=1,274 found=0 n=436026850146441548785791 elapsed=726s
progress: nodes=15,730,000,000 tested=1,274 found=0 n=239782457306348083900773 elapsed=727s
progress: nodes=15,740,000,000 tested=1,274 found=0 n=56654069081319700743753 elapsed=727s
progress: nodes=15,750,000,000 tested=1,274 found=0 n=691847441809843301996013 elapsed=728s
progress: nodes=15,760,000,000 tested=1,274 found=0 n=498712078997219241797643 elapsed=728s
progress: nodes=15,770,000,000 tested=1,274 found=0 n=313142982271609088041443 elapsed=729s
progress: nodes=15,780,000,000 tested=1,274 found=0 n=137305668465771590233449 elapsed=729s
progress: nodes=15,790,000,000 tested=1,274 found=0 n=795772399860097254193599 elapsed=730s
progress: nodes=15,800,000,000 tested=1,274 found=0 n=614045135519771687640909 elapsed=730s
progress: nodes=15,810,000,000 tested=1,274 found=0 n=438752271349562140943973 elapsed=731s
progress: nodes=15,820,000,000 tested=1,274 found=0 n=272840851275068090267253 elapsed=731s
progress: nodes=15,830,000,000 tested=1,274 found=0 n=116159901567290267097411 elapsed=732s
progress: nodes=15,840,000,000 tested=1,274 found=0 n=789252698247404018865237 elapsed=732s
progress: nodes=15,850,000,000 tested=1,274 found=0 n=627950350075994691757011 elapsed=733s
progress: nodes=15,860,000,000 tested=1,274 found=0 n=471378035087320046416731 elapsed=733s
progress: nodes=15,870,000,000 tested=1,274 found=0 n=321440289211681138437939 elapsed=734s
progress: nodes=15,880,000,000 tested=1,274 found=0 n=178302475353306491256069 elapsed=734s
progress: nodes=15,890,000,000 tested=1,274 found=0 n=44822849475754649161863 elapsed=735s
progress: nodes=15,900,000,000 tested=1,274 found=0 n=721720341344247718716243 elapsed=735s
progress: nodes=15,910,000,000 tested=1,274 found=0 n=578224350397030408608537 elapsed=736s
progress: nodes=15,920,000,000 tested=1,274 found=0 n=441551637057710960832051 elapsed=736s
progress: nodes=15,930,000,000 tested=1,274 found=0 n=311743338097984275203721 elapsed=736s
progress: nodes=15,940,000,000 tested=1,274 found=0 n=188627724063571126921587 elapsed=737s
progress: nodes=15,950,000,000 tested=1,274 found=0 n=72638970471788393682009 elapsed=737s
progress: nodes=15,960,000,000 tested=1,274 found=0 n=774680469863216379349887 elapsed=738s
progress: nodes=15,970,000,000 tested=1,274 found=0 n=655862339031659254994499 elapsed=738s
progress: nodes=15,980,000,000 tested=1,274 found=0 n=540715506716157793659639 elapsed=739s
progress: nodes=15,990,000,000 tested=1,274 found=0 n=430579705937560798491873 elapsed=739s
progress: nodes=16,000,000,000 tested=1,274 found=0 n=325658582894794830647967 elapsed=740s
progress: nodes=16,010,000,000 tested=1,274 found=0 n=227110649267080649907837 elapsed=740s
progress: nodes=16,020,000,000 tested=1,274 found=0 n=134904056121304078640031 elapsed=741s
progress: nodes=16,030,000,000 tested=1,274 found=0 n=49094419230883287918657 elapsed=741s
progress: nodes=16,040,000,000 tested=1,274 found=0 n=772305291691494150631041 elapsed=742s
progress: nodes=16,050,000,000 tested=1,274 found=0 n=681363918090287184275523 elapsed=742s
progress: nodes=16,060,000,000 tested=1,274 found=0 n=593820397925742145239081 elapsed=743s
progress: nodes=16,070,000,000 tested=1,274 found=0 n=512102284571532166508997 elapsed=743s
progress: nodes=16,080,000,000 tested=1,274 found=0 n=438274177565920591436541 elapsed=744s
progress: nodes=16,090,000,000 tested=1,274 found=0 n=368995852645729796670183 elapsed=744s
progress: nodes=16,100,000,000 tested=1,274 found=0 n=304295766430160473579611 elapsed=745s
progress: nodes=16,110,000,000 tested=1,274 found=0 n=242444531891804773772241 elapsed=745s
progress: nodes=16,120,000,000 tested=1,274 found=0 n=185387451791442486406821 elapsed=746s
progress: nodes=16,130,000,000 tested=1,274 found=0 n=133308752931246572542863 elapsed=746s
progress: nodes=16,140,000,000 tested=1,274 found=0 n=85056778497876402476259 elapsed=747s
progress: nodes=16,150,000,000 tested=1,274 found=0 n=40806203109655955964993 elapsed=747s
progress: nodes=16,160,000,000 tested=1,274 found=0 n=800732216690603593649253 elapsed=748s
progress: nodes=16,170,000,000 tested=1,274 found=0 n=753704614681866481440807 elapsed=748s
progress: nodes=16,180,000,000 tested=1,274 found=0 n=708902793919895067169677 elapsed=749s
progress: nodes=16,190,000,000 tested=1,274 found=0 n=666766586455651063825443 elapsed=749s
progress: nodes=16,200,000,000 tested=1,274 found=0 n=628627056433334548142553 elapsed=750s
progress: nodes=16,210,000,000 tested=1,274 found=0 n=593176925700585356301171 elapsed=750s
progress: nodes=16,220,000,000 tested=1,274 found=0 n=560817232073532974160621 elapsed=751s
progress: nodes=16,230,000,000 tested=1,274 found=0 n=531638034273498813151491 elapsed=751s
progress: nodes=16,240,000,000 tested=1,274 found=0 n=506576653377116834993481 elapsed=752s
progress: nodes=16,250,000,000 tested=1,274 found=0 n=484682648333510019059667 elapsed=752s
progress: nodes=16,260,000,000 tested=1,274 found=0 n=466987826306650730974893 elapsed=753s
progress: nodes=16,270,000,000 tested=1,274 found=0 n=451999006813439867668887 elapsed=753s
progress: nodes=16,280,000,000 tested=1,274 found=0 n=438636381696042029597097 elapsed=754s
progress: nodes=16,290,000,000 tested=1,274 found=0 n=428260184906649378061779 elapsed=754s
progress: nodes=16,300,000,000 tested=1,274 found=0 n=420264469461413991453039 elapsed=755s
progress: nodes=16,310,000,000 tested=1,274 found=0 n=414746336124895161029643 elapsed=755s
progress: nodes=16,320,000,000 tested=1,274 found=0 n=412429527477712555834023 elapsed=755s
progress: nodes=16,330,000,000 tested=1,274 found=0 n=412886922019439546982303 elapsed=756s
progress: nodes=16,340,000,000 tested=1,274 found=0 n=415801976799882446184411 elapsed=757s
progress: nodes=16,350,000,000 tested=1,274 found=0 n=422014520432435839729821 elapsed=757s
progress: nodes=16,360,000,000 tested=1,274 found=0 n=431792144913879930056877 elapsed=757s
progress: nodes=16,370,000,000 tested=1,274 found=0 n=445095279192311048748447 elapsed=758s
progress: nodes=16,380,000,000 tested=1,274 found=0 n=460520506165762318865589 elapsed=758s
progress: nodes=16,390,000,000 tested=1,274 found=0 n=478285460229589456174731 elapsed=759s
progress: nodes=16,400,000,000 tested=1,274 found=0 n=499550318947416406386717 elapsed=759s
progress: nodes=16,410,000,000 tested=1,274 found=0 n=523565916317847209685879 elapsed=760s
progress: nodes=16,420,000,000 tested=1,274 found=0 n=550421389898038824155991 elapsed=760s
progress: nodes=16,430,000,000 tested=1,274 found=0 n=580891862737279099763757 elapsed=761s
progress: nodes=16,440,000,000 tested=1,274 found=0 n=614760509005217945577207 elapsed=761s
progress: nodes=16,450,000,000 tested=1,274 found=0 n=652324892839260258789171 elapsed=762s
progress: nodes=16,460,000,000 tested=1,274 found=0 n=693280222263820987776981 elapsed=762s
progress: nodes=16,470,000,000 tested=1,274 found=0 n=737255755092681797609637 elapsed=763s
progress: nodes=16,480,000,000 tested=1,274 found=0 n=785290322566431800595477 elapsed=763s
progress: nodes=16,490,000,000 tested=1,274 found=0 n=43256461473710485703703 elapsed=764s
progress: nodes=16,500,000,000 tested=1,274 found=0 n=91274289245905048173891 elapsed=764s
progress: nodes=16,510,000,000 tested=1,274 found=0 n=145000492708314147994089 elapsed=765s
progress: nodes=16,520,000,000 tested=1,274 found=0 n=202936274608306180648707 elapsed=765s
progress: nodes=16,530,000,000 tested=1,274 found=0 n=265131323123933256992001 elapsed=766s
progress: nodes=16,540,000,000 tested=1,274 found=0 n=332279462437803711239409 elapsed=766s
progress: nodes=16,550,000,000 tested=1,274 found=0 n=404392946854696596789993 elapsed=767s
progress: nodes=16,560,000,000 tested=1,274 found=0 n=480599400276476016264729 elapsed=767s
progress: nodes=16,570,000,000 tested=1,274 found=0 n=561448276360114672209681 elapsed=768s
progress: nodes=16,580,000,000 tested=1,274 found=0 n=644823770264056723987647 elapsed=768s
progress: nodes=16,590,000,000 tested=1,274 found=0 n=730962722935782019331649 elapsed=769s
progress: nodes=16,600,000,000 tested=1,274 found=0 n=821658561792392360899863 elapsed=769s
progress: nodes=16,610,000,000 tested=1,274 found=0 n=117126448898336886691683 elapsed=770s
progress: nodes=16,620,000,000 tested=1,274 found=0 n=206861635184028874102053 elapsed=770s
progress: nodes=16,630,000,000 tested=1,274 found=0 n=302645203875105517306881 elapsed=771s
progress: nodes=16,640,000,000 tested=1,274 found=0 n=403541584083539251851501 elapsed=771s
progress: nodes=16,650,000,000 tested=1,274 found=0 n=509600620093070271286521 elapsed=772s
progress: nodes=16,660,000,000 tested=1,274 found=0 n=620127109837364666716179 elapsed=772s
progress: nodes=16,670,000,000 tested=1,274 found=0 n=736443285074042510341377 elapsed=772s
progress: nodes=16,680,000,000 tested=1,274 found=0 n=68532588198462388097097 elapsed=773s
progress: nodes=16,690,000,000 tested=1,274 found=0 n=179178749899535731886541 elapsed=773s
progress: nodes=16,700,000,000 tested=1,274 found=0 n=297749585114223868839213 elapsed=774s
progress: nodes=16,710,000,000 tested=1,274 found=0 n=423957272517520266918393 elapsed=774s
progress: nodes=16,720,000,000 tested=1,274 found=0 n=556371829734372016944579 elapsed=775s
progress: nodes=16,730,000,000 tested=1,274 found=0 n=694084717138037684361903 elapsed=775s
progress: nodes=16,740,000,000 tested=1,274 found=0 n=53180507528838810411291 elapsed=776s
progress: nodes=16,750,000,000 tested=1,274 found=0 n=182158652384495722804869 elapsed=776s
progress: nodes=16,760,000,000 tested=1,274 found=0 n=321576357651209909867619 elapsed=777s
progress: nodes=16,770,000,000 tested=1,274 found=0 n=467099171163889617255903 elapsed=777s
progress: nodes=16,780,000,000 tested=1,274 found=0 n=618843299180559427117143 elapsed=778s
progress: nodes=16,790,000,000 tested=1,274 found=0 n=775397568053649279926187 elapsed=778s
progress: nodes=16,800,000,000 tested=1,274 found=0 n=143940653068569596282043 elapsed=779s
progress: nodes=16,810,000,000 tested=1,274 found=0 n=295750754827268942248047 elapsed=779s
progress: nodes=16,820,000,000 tested=1,274 found=0 n=455243273360987133905883 elapsed=780s
progress: nodes=16,830,000,000 tested=1,274 found=0 n=621700329777607773900207 elapsed=780s
progress: nodes=16,840,000,000 tested=1,274 found=0 n=793383248073804576937749 elapsed=781s
progress: nodes=16,850,000,000 tested=1,274 found=0 n=175397980161132002847573 elapsed=781s
progress: nodes=16,860,000,000 tested=1,274 found=0 n=342732295408982294352537 elapsed=782s
progress: nodes=16,870,000,000 tested=1,274 found=0 n=519107419060584076585863 elapsed=782s
progress: nodes=16,880,000,000 tested=1,274 found=0 n=702707196835063001388807 elapsed=783s
progress: nodes=16,890,000,000 tested=1,274 found=0 n=108729990651492793840257 elapsed=783s
progress: nodes=16,900,000,000 tested=1,274 found=0 n=286024761056264353796673 elapsed=784s
progress: nodes=16,910,000,000 tested=1,274 found=0 n=476629059603090149887131 elapsed=784s
progress: nodes=16,920,000,000 tested=1,274 found=0 n=677421908486285594723091 elapsed=785s
progress: nodes=16,930,000,000 tested=1,274 found=0 n=104698972876962278095281 elapsed=785s
progress: nodes=16,940,000,000 tested=1,274 found=0 n=299046873966088940170479 elapsed=786s
progress: nodes=16,950,000,000 tested=1,274 found=0 n=506220866397785799463203 elapsed=786s
progress: nodes=16,960,000,000 tested=1,274 found=0 n=722462995538683401301299 elapsed=786s
progress: nodes=16,970,000,000 tested=1,274 found=0 n=159778232618603019247827 elapsed=787s
progress: nodes=16,980,000,000 tested=1,274 found=0 n=370229155090901336897667 elapsed=787s
progress: nodes=16,990,000,000 tested=1,274 found=0 n=591935719926592861662843 elapsed=788s
progress: nodes=17,000,000,000 tested=1,274 found=0 n=53568383498166848233923 elapsed=788s
progress: nodes=17,010,000,000 tested=1,274 found=0 n=264908060929920393888903 elapsed=789s
progress: nodes=17,020,000,000 tested=1,274 found=0 n=492142348652565041432001 elapsed=789s
progress: nodes=17,030,000,000 tested=1,274 found=0 n=729437116359700654048143 elapsed=790s
progress: nodes=17,040,000,000 tested=1,274 found=0 n=188612802693720524558439 elapsed=790s
progress: nodes=17,050,000,000 tested=1,274 found=0 n=422052831050355727769547 elapsed=791s
progress: nodes=17,060,000,000 tested=1,274 found=0 n=666406011610522196124111 elapsed=791s
progress: nodes=17,070,000,000 tested=1,274 found=0 n=141110749144715583069837 elapsed=792s
progress: nodes=17,080,000,000 tested=1,274 found=0 n=381333136348249074476487 elapsed=792s
progress: nodes=17,090,000,000 tested=1,274 found=0 n=635895218822766098108913 elapsed=793s
progress: nodes=17,100,000,000 tested=1,274 found=0 n=124904734309921167192591 elapsed=793s
progress: nodes=17,110,000,000 tested=1,274 found=0 n=374306847891267795212709 elapsed=794s
progress: nodes=17,120,000,000 tested=1,274 found=0 n=638912917932448662670167 elapsed=794s
progress: nodes=17,130,000,000 tested=1,274 found=0 n=138416630931162918040707 elapsed=795s
progress: nodes=17,140,000,000 tested=1,274 found=0 n=398560198655927854366821 elapsed=795s
progress: nodes=17,150,000,000 tested=1,274 found=0 n=672486726003675130791243 elapsed=796s
progress: nodes=17,160,000,000 tested=1,274 found=0 n=178335237015907434974511 elapsed=796s
progress: nodes=17,170,000,000 tested=1,274 found=0 n=450808709807673751300767 elapsed=797s
progress: nodes=17,180,000,000 tested=1,274 found=0 n=737724567399489535718853 elapsed=797s
progress: nodes=17,190,000,000 tested=1,274 found=0 n=251636674715002045612143 elapsed=798s
progress: nodes=17,200,000,000 tested=1,274 found=0 n=537899574146851644144417 elapsed=798s
progress: nodes=17,210,000,000 tested=1,274 found=0 n=76048417927461215423187 elapsed=799s
progress: nodes=17,220,000,000 tested=1,274 found=0 n=358762947045399053916759 elapsed=799s
progress: nodes=17,230,000,000 tested=1,274 found=0 n=660652056257326169983947 elapsed=800s
progress: nodes=17,240,000,000 tested=1,274 found=0 n=197751223357767411108777 elapsed=800s
progress: nodes=17,250,000,000 tested=1,274 found=0 n=499260550413397373742141 elapsed=801s
progress: nodes=17,260,000,000 tested=1,274 found=0 n=59783330427211247533677 elapsed=801s
progress: nodes=17,270,000,000 tested=1,274 found=0 n=357328238186922540725187 elapsed=802s
progress: nodes=17,280,000,000 tested=1,274 found=0 n=677166333072564707695323 elapsed=802s
progress: nodes=17,290,000,000 tested=1,274 found=0 n=233244802142457018750837 elapsed=803s
progress: nodes=17,300,000,000 tested=1,274 found=0 n=554801692599043898195187 elapsed=803s
progress: nodes=17,310,000,000 tested=1,274 found=0 n=126598398364633450814559 elapsed=803s
progress: nodes=17,320,000,000 tested=1,274 found=0 n=445940644545287561486817 elapsed=804s
progress: nodes=17,330,000,000 tested=1,274 found=0 n=784390981696436420905599 elapsed=804s
progress: nodes=17,340,000,000 tested=1,274 found=0 n=350657495327423869567983 elapsed=805s
progress: nodes=17,350,000,000 tested=1,274 found=0 n=690437608725650378509917 elapsed=805s
progress: nodes=17,360,000,000 tested=1,274 found=0 n=266451420416960118839499 elapsed=806s
progress: nodes=17,370,000,000 tested=1,274 found=0 n=608135608399737615694497 elapsed=806s
progress: nodes=17,380,000,000 tested=1,274 found=0 n=196528375479638464951689 elapsed=807s
progress: nodes=17,390,000,000 tested=1,274 found=0 n=541381175523064059462279 elapsed=807s
progress: nodes=17,400,000,000 tested=1,274 found=0 n=143281832184596829887163 elapsed=808s
progress: nodes=17,410,000,000 tested=1,274 found=0 n=492041080270150393115133 elapsed=808s
progress: nodes=17,420,000,000 tested=1,274 found=0 n=105595471151306143090083 elapsed=809s
progress: nodes=17,430,000,000 tested=1,274 found=0 n=457682788886824586388303 elapsed=809s
progress: nodes=17,440,000,000 tested=1,274 found=0 n=79949142837559506271761 elapsed=810s
progress: nodes=17,450,000,000 tested=1,274 found=0 n=434048274990791522472411 elapsed=810s
progress: nodes=17,460,000,000 tested=1,274 found=0 n=64845793362944559332367 elapsed=811s
progress: nodes=17,470,000,000 tested=1,274 found=0 n=423537412660771134987261 elapsed=811s
progress: nodes=17,480,000,000 tested=1,274 found=0 n=60986577442130349636627 elapsed=812s
progress: nodes=17,490,000,000 tested=1,274 found=0 n=424214561957386548357009 elapsed=812s
progress: nodes=17,500,000,000 tested=1,274 found=0 n=67693909001595849913941 elapsed=813s
progress: nodes=17,510,000,000 tested=1,274 found=0 n=439134066586913344283637 elapsed=813s
progress: nodes=17,520,000,000 tested=1,274 found=0 n=88077992137364663771337 elapsed=814s
progress: nodes=17,530,000,000 tested=1,274 found=0 n=467616971497460567235453 elapsed=814s
progress: nodes=17,540,000,000 tested=1,274 found=0 n=120307015709943893271441 elapsed=814s
progress: nodes=17,550,000,000 tested=1,274 found=0 n=510927246566997783812289 elapsed=815s
progress: nodes=17,560,000,000 tested=1,274 found=0 n=168803318980914186327759 elapsed=815s
progress: nodes=17,570,000,000 tested=1,274 found=0 n=569292793416525171976983 elapsed=816s
progress: nodes=17,580,000,000 tested=1,274 found=0 n=228883497608727487518993 elapsed=816s
progress: nodes=17,590,000,000 tested=1,274 found=0 n=638716290939676260934623 elapsed=817s
progress: nodes=17,600,000,000 tested=1,274 found=0 n=301408356412740791331117 elapsed=817s
progress: nodes=17,610,000,000 tested=1,274 found=0 n=721714434879311043883713 elapsed=818s
progress: nodes=17,620,000,000 tested=1,274 found=0 n=388667144041362409510287 elapsed=818s
progress: nodes=17,630,000,000 tested=1,274 found=0 n=77842019368312349563413 elapsed=819s
progress: nodes=17,640,000,000 tested=1,274 found=0 n=492134501155325940518607 elapsed=819s
progress: nodes=17,650,000,000 tested=1,274 found=0 n=180262957979861058703401 elapsed=820s
progress: nodes=17,660,000,000 tested=1,274 found=0 n=608377255025513520704157 elapsed=820s
progress: nodes=17,670,000,000 tested=1,274 found=0 n=295852668670570255140897 elapsed=821s
progress: nodes=17,680,000,000 tested=1,274 found=0 n=737466228754078053036807 elapsed=821s
progress: nodes=17,690,000,000 tested=1,274 found=0 n=428439694754215049526621 elapsed=822s
progress: nodes=17,700,000,000 tested=1,274 found=0 n=137921117259445823271969 elapsed=822s
progress: nodes=17,710,000,000 tested=1,274 found=0 n=581700962831417414956971 elapsed=823s
progress: nodes=17,720,000,000 tested=1,274 found=0 n=293715966439407532089069 elapsed=823s
progress: nodes=17,730,000,000 tested=1,274 found=0 n=756965902630834278965583 elapsed=823s
progress: nodes=17,740,000,000 tested=1,274 found=0 n=469894164501587036994783 elapsed=824s
progress: nodes=17,750,000,000 tested=1,274 found=0 n=196419260720480593819023 elapsed=824s
progress: nodes=17,760,000,000 tested=1,274 found=0 n=661989047246291408134491 elapsed=825s
progress: nodes=17,770,000,000 tested=1,274 found=0 n=388873867182055824147579 elapsed=825s
progress: nodes=17,780,000,000 tested=1,274 found=0 n=131042281386032803149363 elapsed=826s
progress: nodes=17,790,000,000 tested=1,274 found=0 n=601553123611997034034557 elapsed=826s
progress: nodes=17,800,000,000 tested=1,274 found=0 n=342021127449863914531479 elapsed=827s
progress: nodes=17,810,000,000 tested=1,274 found=0 n=97970465064601085457501 elapsed=827s
progress: nodes=17,820,000,000 tested=1,274 found=0 n=573272353002091560360543 elapsed=828s
progress: nodes=17,830,000,000 tested=1,274 found=0 n=323001994248535358417661 elapsed=828s
progress: nodes=17,840,000,000 tested=1,274 found=0 n=87714397808873932072977 elapsed=829s
progress: nodes=17,850,000,000 tested=1,274 found=0 n=569296961796328447735053 elapsed=829s
progress: nodes=17,860,000,000 tested=1,274 found=0 n=328416294641184937137951 elapsed=830s
progress: nodes=17,870,000,000 tested=1,274 found=0 n=101494755289116445837581 elapsed=830s
progress: nodes=17,880,000,000 tested=1,274 found=0 n=593291938651406872034157 elapsed=831s
progress: nodes=17,890,000,000 tested=1,274 found=0 n=359480230424736150700971 elapsed=831s
progress: nodes=17,900,000,000 tested=1,274 found=0 n=140685237546471896501223 elapsed=831s
progress: nodes=17,910,000,000 tested=1,274 found=0 n=647222657620624000908993 elapsed=832s
progress: nodes=17,920,000,000 tested=1,274 found=0 n=423559935454153703676471 elapsed=832s
progress: nodes=17,930,000,000 tested=1,274 found=0 n=209824538895000225899703 elapsed=833s
progress: nodes=17,940,000,000 tested=1,274 found=0 n=731944038056149818566667 elapsed=833s
progress: nodes=17,950,000,000 tested=1,274 found=0 n=518999700851044182708939 elapsed=834s
progress: nodes=17,960,000,000 tested=1,274 found=0 n=313962203593798864845741 elapsed=834s
progress: nodes=17,970,000,000 tested=1,274 found=0 n=119871787775964530317011 elapsed=835s
progress: nodes=17,980,000,000 tested=1,274 found=0 n=645660702596412941509071 elapsed=835s
progress: nodes=17,990,000,000 tested=1,274 found=0 n=446917840751353716926181 elapsed=836s
progress: nodes=18,000,000,000 tested=1,274 found=0 n=256430299550498057297313 elapsed=836s
progress: nodes=18,010,000,000 tested=1,274 found=0 n=78372056232181111819419 elapsed=837s
progress: nodes=18,020,000,000 tested=1,274 found=0 n=611057414773437398239473 elapsed=837s
progress: nodes=18,030,000,000 tested=1,274 found=0 n=426615266199360359730609 elapsed=838s
progress: nodes=18,040,000,000 tested=1,274 found=0 n=252185343442900913746701 elapsed=838s
progress: nodes=18,050,000,000 tested=1,274 found=0 n=90324406371108459232683 elapsed=839s
progress: nodes=18,060,000,000 tested=1,274 found=0 n=639241458954155538367887 elapsed=839s
progress: nodes=18,070,000,000 tested=1,274 found=0 n=469910489154037705895121 elapsed=839s
progress: nodes=18,080,000,000 tested=1,274 found=0 n=306853887570953291257689 elapsed=840s
progress: nodes=18,090,000,000 tested=1,274 found=0 n=152441630268075104925969 elapsed=840s
progress: nodes=18,100,000,000 tested=1,274 found=0 n=718630154128832653024317 elapsed=841s
progress: nodes=18,110,000,000 tested=1,274 found=0 n=560265678347956171453863 elapsed=841s
progress: nodes=18,120,000,000 tested=1,274 found=0 n=406925717190771069023733 elapsed=842s
progress: nodes=18,130,000,000 tested=1,274 found=0 n=260277513695979896219103 elapsed=842s
progress: nodes=18,140,000,000 tested=1,274 found=0 n=122714110547375725445067 elapsed=843s
progress: nodes=18,150,000,000 tested=1,274 found=0 n=699729394331728182529107 elapsed=843s
progress: nodes=18,160,000,000 tested=1,274 found=0 n=557310152371754834913861 elapsed=844s
progress: nodes=18,170,000,000 tested=1,274 found=0 n=421473542032505904422481 elapsed=844s
progress: nodes=18,180,000,000 tested=1,274 found=0 n=291134675851746886069911 elapsed=845s
progress: nodes=18,190,000,000 tested=1,274 found=0 n=168652997154826425278037 elapsed=845s
progress: nodes=18,200,000,000 tested=1,274 found=0 n=55017486032931630689481 elapsed=846s
progress: nodes=18,210,000,000 tested=1,274 found=0 n=640698964116235110889803 elapsed=846s
progress: nodes=18,220,000,000 tested=1,274 found=0 n=520205246378309712383163 elapsed=847s
progress: nodes=18,230,000,000 tested=1,274 found=0 n=404835592014068325367257 elapsed=847s
progress: nodes=18,240,000,000 tested=1,274 found=0 n=294652060224826551386139 elapsed=847s
progress: nodes=18,250,000,000 tested=1,274 found=0 n=189641419191044553211479 elapsed=848s
progress: nodes=18,260,000,000 tested=1,274 found=0 n=91579756836233345729049 elapsed=848s
progress: nodes=18,270,000,000 tested=1,274 found=0 n=701635214069623152109791 elapsed=849s
progress: nodes=18,280,000,000 tested=1,274 found=0 n=600461252993358619733871 elapsed=849s
progress: nodes=18,290,000,000 tested=1,274 found=0 n=502785541665825930048537 elapsed=850s
progress: nodes=18,300,000,000 tested=1,274 found=0 n=409118812209968766566661 elapsed=850s
progress: nodes=18,310,000,000 tested=1,274 found=0 n=321039625041435795023529 elapsed=851s
progress: nodes=18,320,000,000 tested=1,274 found=0 n=237787112810235241792539 elapsed=851s
progress: nodes=18,330,000,000 tested=1,274 found=0 n=158128762560743913281343 elapsed=852s
progress: nodes=18,340,000,000 tested=1,274 found=0 n=84002195314841300960463 elapsed=852s
progress: nodes=18,350,000,000 tested=1,274 found=0 n=714621583830097885900959 elapsed=853s
progress: nodes=18,360,000,000 tested=1,274 found=0 n=638968279454085485455551 elapsed=853s
progress: nodes=18,370,000,000 tested=1,274 found=0 n=567099821184859317157803 elapsed=854s
progress: nodes=18,380,000,000 tested=1,274 found=0 n=499682042872355463507387 elapsed=854s
progress: nodes=18,390,000,000 tested=1,274 found=0 n=437793939626079987623673 elapsed=855s
progress: nodes=18,400,000,000 tested=1,274 found=0 n=379255501593603312867189 elapsed=855s
progress: nodes=18,410,000,000 tested=1,274 found=0 n=323824160837518495537383 elapsed=855s
progress: nodes=18,420,000,000 tested=1,274 found=0 n=272643499008481372801029 elapsed=856s
progress: nodes=18,430,000,000 tested=1,274 found=0 n=225669859358910745139361 elapsed=856s
progress: nodes=18,440,000,000 tested=1,274 found=0 n=182457038579942447241921 elapsed=857s
progress: nodes=18,450,000,000 tested=1,274 found=0 n=142990515884363093437491 elapsed=857s
progress: nodes=18,460,000,000 tested=1,274 found=0 n=107282498767858940156631 elapsed=858s
progress: nodes=18,470,000,000 tested=1,274 found=0 n=74584555763222757903651 elapsed=858s
progress: nodes=18,480,000,000 tested=1,274 found=0 n=45223943770022756069331 elapsed=859s
progress: nodes=18,490,000,000 tested=1,274 found=0 n=710049976288209788482251 elapsed=859s
progress: nodes=18,500,000,000 tested=1,274 found=0 n=680655678638503124678121 elapsed=860s
progress: nodes=18,510,000,000 tested=1,274 found=0 n=655296025399410909286773 elapsed=860s
progress: nodes=18,520,000,000 tested=1,274 found=0 n=633341275951061782191087 elapsed=861s
progress: nodes=18,530,000,000 tested=1,274 found=0 n=614836202321663872302753 elapsed=861s
progress: nodes=18,540,000,000 tested=1,274 found=0 n=598952472885249877164771 elapsed=862s
progress: nodes=18,550,000,000 tested=1,274 found=0 n=587065526169128739649917 elapsed=862s
progress: nodes=18,560,000,000 tested=1,274 found=0 n=578565513195326130717243 elapsed=863s
progress: nodes=18,570,000,000 tested=1,274 found=0 n=572916463010180596269963 elapsed=863s
progress: nodes=18,580,000,000 tested=1,274 found=0 n=571442790719894617797273 elapsed=863s
progress: nodes=18,590,000,000 tested=1,274 found=0 n=574182293125024904026707 elapsed=864s
progress: nodes=18,600,000,000 tested=1,274 found=0 n=579634314740243666780877 elapsed=864s
progress: nodes=18,610,000,000 tested=1,274 found=0 n=588240123371915943291363 elapsed=865s
progress: nodes=18,620,000,000 tested=1,274 found=0 n=600184101101401930464351 elapsed=865s
progress: nodes=18,630,000,000 tested=1,274 found=0 n=615575189711118456562743 elapsed=866s
progress: nodes=18,640,000,000 tested=1,274 found=0 n=633852147792229133016249 elapsed=866s
progress: nodes=18,650,000,000 tested=1,274 found=0 n=655832453336340014037303 elapsed=867s
progress: nodes=18,660,000,000 tested=1,274 found=0 n=681183617547395945629647 elapsed=867s
progress: nodes=18,670,000,000 tested=1,274 found=0 n=709365938342821595692857 elapsed=868s
progress: nodes=18,680,000,000 tested=1,274 found=0 n=51673555660348900881603 elapsed=868s
progress: nodes=18,690,000,000 tested=1,274 found=0 n=83743190632777544029161 elapsed=869s
progress: nodes=18,700,000,000 tested=1,274 found=0 n=120331060208786962167633 elapsed=869s
progress: nodes=18,710,000,000 tested=1,274 found=0 n=160827964515112423329801 elapsed=870s
progress: nodes=18,720,000,000 tested=1,274 found=0 n=205231780430383382306631 elapsed=870s
progress: nodes=18,730,000,000 tested=1,274 found=0 n=253728831941312894493327 elapsed=871s
progress: nodes=18,740,000,000 tested=1,274 found=0 n=305904437645900133113073 elapsed=871s
progress: nodes=18,750,000,000 tested=1,274 found=0 n=361160031303903743190279 elapsed=871s
progress: nodes=18,760,000,000 tested=1,274 found=0 n=420566149084980324585159 elapsed=872s
progress: nodes=18,770,000,000 tested=1,274 found=0 n=483801560019229634753571 elapsed=872s
progress: nodes=18,780,000,000 tested=1,274 found=0 n=551723034695186609416161 elapsed=873s
progress: nodes=18,790,000,000 tested=1,274 found=0 n=622977276362213169914517 elapsed=873s
progress: nodes=18,800,000,000 tested=1,274 found=0 n=699012888559554628938879 elapsed=874s
progress: nodes=18,810,000,000 tested=1,274 found=0 n=88928952813201954594141 elapsed=874s
progress: nodes=18,820,000,000 tested=1,274 found=0 n=163848902944650221499201 elapsed=875s
progress: nodes=18,830,000,000 tested=1,274 found=0 n=244073938034228326211187 elapsed=875s
progress: nodes=18,840,000,000 tested=1,274 found=0 n=329376511491051280729473 elapsed=876s
progress: nodes=18,850,000,000 tested=1,274 found=0 n=419791492488852348181317 elapsed=876s
progress: nodes=18,860,000,000 tested=1,274 found=0 n=514311639229313204938659 elapsed=877s
progress: nodes=18,870,000,000 tested=1,274 found=0 n=613426566099331486759257 elapsed=877s
progress: nodes=18,880,000,000 tested=1,274 found=0 n=717385661507366663200389 elapsed=878s
progress: nodes=18,890,000,000 tested=1,274 found=0 n=133543938898183928311197 elapsed=878s
progress: nodes=18,900,000,000 tested=1,274 found=0 n=236537950945342841091297 elapsed=879s
progress: nodes=18,910,000,000 tested=1,274 found=0 n=345911561671048283071161 elapsed=879s
progress: nodes=18,920,000,000 tested=1,274 found=0 n=460622633474920102553367 elapsed=879s
progress: nodes=18,930,000,000 tested=1,274 found=0 n=580722421964538434972391 elapsed=880s
progress: nodes=18,940,000,000 tested=1,274 found=0 n=706536386296532193483081 elapsed=880s
progress: nodes=18,950,000,000 tested=1,274 found=0 n=145227140154820257380847 elapsed=881s
progress: nodes=18,960,000,000 tested=1,274 found=0 n=268148654000572882748211 elapsed=881s
progress: nodes=18,970,000,000 tested=1,274 found=0 n=398918700516270221738451 elapsed=882s
progress: nodes=18,980,000,000 tested=1,274 found=0 n=535256569947314706201711 elapsed=882s
progress: nodes=18,990,000,000 tested=1,274 found=0 n=676875490092046121057181 elapsed=883s
progress: nodes=19,000,000,000 tested=1,274 found=0 n=135800077521367128068199 elapsed=883s
progress: nodes=19,010,000,000 tested=1,274 found=0 n=274794846382243695418911 elapsed=884s
progress: nodes=19,020,000,000 tested=1,274 found=0 n=421943357634324937327917 elapsed=884s
progress: nodes=19,030,000,000 tested=1,274 found=0 n=575269265150875593905607 elapsed=885s
progress: nodes=19,040,000,000 tested=1,274 found=0 n=59909431822352293534353 elapsed=885s
progress: nodes=19,050,000,000 tested=1,274 found=0 n=207165461239586523636963 elapsed=886s
progress: nodes=19,060,000,000 tested=1,274 found=0 n=366168964492483802753103 elapsed=886s
progress: nodes=19,070,000,000 tested=1,274 found=0 n=533981853715606866627057 elapsed=887s
progress: nodes=19,080,000,000 tested=1,274 found=0 n=708095754526545421829793 elapsed=887s
progress: nodes=19,090,000,000 tested=1,274 found=0 n=197996389937179849934919 elapsed=887s
progress: nodes=19,100,000,000 tested=1,274 found=0 n=368640736655712506938953 elapsed=888s
progress: nodes=19,110,000,000 tested=1,274 found=0 n=547572440025948684388041 elapsed=888s
progress: nodes=19,120,000,000 tested=1,274 found=0 n=62809153559533564574391 elapsed=889s
progress: nodes=19,130,000,000 tested=1,274 found=0 n=236198852338607972654841 elapsed=889s
progress: nodes=19,140,000,000 tested=1,274 found=0 n=421211841647011272915057 elapsed=890s
progress: nodes=19,150,000,000 tested=1,274 found=0 n=614986006563758601484713 elapsed=890s
progress: nodes=19,160,000,000 tested=1,274 found=0 n=134939945524761058753071 elapsed=891s
progress: nodes=19,170,000,000 tested=1,274 found=0 n=325953975860711926148421 elapsed=891s
progress: nodes=19,180,000,000 tested=1,274 found=0 n=528045908950298070318987 elapsed=892s
progress: nodes=19,190,000,000 tested=1,274 found=0 n=71808196247809842273453 elapsed=892s
progress: nodes=19,200,000,000 tested=1,274 found=0 n=271672171536768478328853 elapsed=893s
progress: nodes=19,210,000,000 tested=1,274 found=0 n=486574945960251027100221 elapsed=893s
progress: nodes=19,220,000,000 tested=1,274 found=0 n=46320314201424275863851 elapsed=894s
progress: nodes=19,230,000,000 tested=1,274 found=0 n=252861980096703726982233 elapsed=894s
progress: nodes=19,240,000,000 tested=1,274 found=0 n=476085174802233010737723 elapsed=895s
progress: nodes=19,250,000,000 tested=1,274 found=0 n=46843709039083639133451 elapsed=895s
progress: nodes=19,260,000,000 tested=1,274 found=0 n=263120526530643222918477 elapsed=896s
progress: nodes=19,270,000,000 tested=1,274 found=0 n=496374475123770122798919 elapsed=896s
progress: nodes=19,280,000,000 tested=1,274 found=0 n=72390005603891155787607 elapsed=896s
progress: nodes=19,290,000,000 tested=1,274 found=0 n=300144136729190070183867 elapsed=897s
progress: nodes=19,300,000,000 tested=1,274 found=0 n=543282623964364574819529 elapsed=897s
progress: nodes=19,310,000,000 tested=1,274 found=0 n=123722007015536152252029 elapsed=898s
progress: nodes=19,320,000,000 tested=1,274 found=0 n=364505484793221404469837 elapsed=898s
progress: nodes=19,330,000,000 tested=1,274 found=0 n=619626820217928515253261 elapsed=899s
progress: nodes=19,340,000,000 tested=1,274 found=0 n=203216830597922498476119 elapsed=899s
progress: nodes=19,350,000,000 tested=1,274 found=0 n=456269550969694079731113 elapsed=900s
progress: nodes=19,360,000,000 tested=1,274 found=0 n=59298033373653244389219 elapsed=900s
progress: nodes=19,370,000,000 tested=1,274 found=0 n=307639527004329237430713 elapsed=901s
progress: nodes=19,380,000,000 tested=1,274 found=0 n=574601476053233513932047 elapsed=901s
progress: nodes=19,390,000,000 tested=1,274 found=0 n=178823353175088182001441 elapsed=902s
progress: nodes=19,400,000,000 tested=1,274 found=0 n=448016796260157892138371 elapsed=902s
progress: nodes=19,410,000,000 tested=1,274 found=0 n=69898594836594333146337 elapsed=903s
progress: nodes=19,420,000,000 tested=1,274 found=0 n=335957820998518893134961 elapsed=903s
progress: nodes=19,430,000,000 tested=1,274 found=0 n=621807249875517112367961 elapsed=904s
progress: nodes=19,440,000,000 tested=1,274 found=0 n=240115650878987617094361 elapsed=904s
progress: nodes=19,450,000,000 tested=1,274 found=0 n=527585169389840639840763 elapsed=904s
progress: nodes=19,460,000,000 tested=1,274 found=0 n=157983705220499011664811 elapsed=905s
progress: nodes=19,470,000,000 tested=1,274 found=0 n=447023082820108735901961 elapsed=905s
progress: nodes=19,480,000,000 tested=1,274 found=0 n=92467198070470524103803 elapsed=906s
progress: nodes=19,490,000,000 tested=1,274 found=0 n=385073461855478910484971 elapsed=906s
progress: nodes=19,500,000,000 tested=1,274 found=0 n=43994714097925997505099 elapsed=907s
progress: nodes=19,510,000,000 tested=1,274 found=0 n=336059368818229668903291 elapsed=907s
progress: nodes=19,520,000,000 tested=1,274 found=0 n=650466163154594776348359 elapsed=908s
progress: nodes=19,530,000,000 tested=1,274 found=0 n=298195867764667626544791 elapsed=908s
progress: nodes=19,540,000,000 tested=1,274 found=0 n=617828256297485182856907 elapsed=909s
progress: nodes=19,550,000,000 tested=1,274 found=0 n=273139324660032884450397 elapsed=909s
progress: nodes=19,560,000,000 tested=1,274 found=0 n=597490398729101111064831 elapsed=910s
progress: nodes=19,570,000,000 tested=1,274 found=0 n=263152390942566758103471 elapsed=910s
progress: nodes=19,580,000,000 tested=1,274 found=0 n=595616494317341970892419 elapsed=911s
progress: nodes=19,590,000,000 tested=1,274 found=0 n=268685432896806779734881 elapsed=911s
progress: nodes=19,600,000,000 tested=1,274 found=0 n=607871606002323731381313 elapsed=912s
progress: nodes=19,610,000,000 tested=1,274 found=0 n=286567652742039957399111 elapsed=912s
progress: nodes=19,620,000,000 tested=1,274 found=0 n=631000293609029075803071 elapsed=912s
progress: nodes=19,630,000,000 tested=1,274 found=0 n=314945200444817154991779 elapsed=913s
progress: nodes=19,640,000,000 tested=1,274 found=0 n=667661011393986891388107 elapsed=913s
progress: nodes=19,650,000,000 tested=1,274 found=0 n=356460075435176855445303 elapsed=914s
progress: nodes=19,660,000,000 tested=1,274 found=0 n=67969862768869427226861 elapsed=914s
progress: nodes=19,670,000,000 tested=1,274 found=0 n=413311901630212009175751 elapsed=915s
progress: nodes=19,680,000,000 tested=1,274 found=0 n=127682094281714124685533 elapsed=915s
progress: nodes=19,690,000,000 tested=1,274 found=0 n=486784973235960135255519 elapsed=916s
progress: nodes=19,700,000,000 tested=1,274 found=0 n=202836640681015231249359 elapsed=916s
progress: nodes=19,710,000,000 tested=1,274 found=0 n=573869596410639992622159 elapsed=917s
progress: nodes=19,720,000,000 tested=1,274 found=0 n=294171335043772911003279 elapsed=917s
progress: nodes=19,730,000,000 tested=1,274 found=0 n=676367054843948808833493 elapsed=918s
progress: nodes=19,740,000,000 tested=1,274 found=0 n=397477533380533811616411 elapsed=918s
progress: nodes=19,750,000,000 tested=1,274 found=0 n=134111981758010464819611 elapsed=919s
progress: nodes=19,760,000,000 tested=1,274 found=0 n=514664128308994673146137 elapsed=919s
progress: nodes=19,770,000,000 tested=1,274 found=0 n=252125709212492558762319 elapsed=920s
progress: nodes=19,780,000,000 tested=1,274 found=0 n=646670745051886590046011 elapsed=920s
progress: nodes=19,790,000,000 tested=1,274 found=0 n=384896865246938822756979 elapsed=920s
progress: nodes=19,800,000,000 tested=1,274 found=0 n=137113636321029849061581 elapsed=921s
progress: nodes=19,810,000,000 tested=1,274 found=0 n=531002872381498683665499 elapsed=921s
progress: nodes=19,820,000,000 tested=1,274 found=0 n=281328469637699222766027 elapsed=922s
progress: nodes=19,830,000,000 tested=1,274 found=0 n=49756720328593186501593 elapsed=922s
progress: nodes=19,840,000,000 tested=1,274 found=0 n=442785580515067266720243 elapsed=923s
progress: nodes=19,850,000,000 tested=1,274 found=0 n=206970138104324152655097 elapsed=923s
progress: nodes=19,860,000,000 tested=1,274 found=0 n=620762837377636522770201 elapsed=924s
progress: nodes=19,870,000,000 tested=1,274 found=0 n=384356800183427198063937 elapsed=924s
progress: nodes=19,880,000,000 tested=1,274 found=0 n=159503446333206630944289 elapsed=925s
progress: nodes=19,890,000,000 tested=1,274 found=0 n=578185403524632916115103 elapsed=925s
progress: nodes=19,900,000,000 tested=1,274 found=0 n=352170196766678508367149 elapsed=926s
progress: nodes=19,910,000,000 tested=1,274 found=0 n=138520212279123576768867 elapsed=926s
progress: nodes=19,920,000,000 tested=1,274 found=0 n=565272079195704069137949 elapsed=927s
progress: nodes=19,930,000,000 tested=1,274 found=0 n=354519849754735598762829 elapsed=927s
progress: nodes=19,940,000,000 tested=1,274 found=0 n=155801366212693717973457 elapsed=928s
progress: nodes=19,950,000,000 tested=1,274 found=0 n=598005801614586999040407 elapsed=928s
progress: nodes=19,960,000,000 tested=1,274 found=0 n=397863551907927867284523 elapsed=928s
progress: nodes=19,970,000,000 tested=1,274 found=0 n=207391344328540444151079 elapsed=929s
progress: nodes=19,980,000,000 tested=1,274 found=0 n=663982285370887984189689 elapsed=929s
progress: nodes=19,990,000,000 tested=1,274 found=0 n=473481034184438335864809 elapsed=930s
progress: nodes=20,000,000,000 tested=1,274 found=0 n=290303050823659839404439 elapsed=930s
progress: nodes=20,010,000,000 tested=1,274 found=0 n=117050014619124052068603 elapsed=931s
progress: nodes=20,020,000,000 tested=1,274 found=0 n=575597489604040010678571 elapsed=931s
progress: nodes=20,030,000,000 tested=1,274 found=0 n=397417272712383628135431 elapsed=932s
progress: nodes=20,040,000,000 tested=1,274 found=0 n=228076367873219846859879 elapsed=932s
progress: nodes=20,050,000,000 tested=1,274 found=0 n=71321638231738167444171 elapsed=933s
progress: nodes=20,060,000,000 tested=1,274 found=0 n=536879889917624830137561 elapsed=933s
progress: nodes=20,070,000,000 tested=1,274 found=0 n=373195938949813991144133 elapsed=934s
progress: nodes=20,080,000,000 tested=1,274 found=0 n=217036619863983550233603 elapsed=934s
progress: nodes=20,090,000,000 tested=1,274 found=0 n=72745521111087297940467 elapsed=935s
progress: nodes=20,100,000,000 tested=1,274 found=0 n=551484919088446609136871 elapsed=935s
progress: nodes=20,110,000,000 tested=1,274 found=0 n=402206360231518191692343 elapsed=936s
progress: nodes=20,120,000,000 tested=1,274 found=0 n=260454375766620910013139 elapsed=936s
progress: nodes=20,130,000,000 tested=1,274 found=0 n=127288503241073846052381 elapsed=936s
progress: nodes=20,140,000,000 tested=1,274 found=0 n=625869659412176920429689 elapsed=937s
progress: nodes=20,150,000,000 tested=1,274 found=0 n=490617285426431760846249 elapsed=937s
progress: nodes=20,160,000,000 tested=1,274 found=0 n=360871003906788167874081 elapsed=938s
progress: nodes=20,170,000,000 tested=1,274 found=0 n=237151305788690363361291 elapsed=938s
progress: nodes=20,180,000,000 tested=1,274 found=0 n=120812065733468775885219 elapsed=939s
progress: nodes=20,190,000,000 tested=1,274 found=0 n=633093890183281225357659 elapsed=939s
progress: nodes=20,200,000,000 tested=1,274 found=0 n=512817620700131894248101 elapsed=940s
progress: nodes=20,210,000,000 tested=1,274 found=0 n=398151741031440084069381 elapsed=940s
progress: nodes=20,220,000,000 tested=1,274 found=0 n=288958416077531047574727 elapsed=941s
progress: nodes=20,230,000,000 tested=1,274 found=0 n=186201870697693772708787 elapsed=941s
progress: nodes=20,240,000,000 tested=1,274 found=0 n=89256769520721815311299 elapsed=942s
progress: nodes=20,250,000,000 tested=1,274 found=0 n=615326599500687717529887 elapsed=942s
progress: nodes=20,260,000,000 tested=1,274 found=0 n=515825750059706518811379 elapsed=943s
progress: nodes=20,270,000,000 tested=1,274 found=0 n=420017127963986886384051 elapsed=943s
progress: nodes=20,280,000,000 tested=1,274 found=0 n=328869013630006375434909 elapsed=944s
progress: nodes=20,290,000,000 tested=1,274 found=0 n=243602115450869843987319 elapsed=944s
progress: nodes=20,300,000,000 tested=1,274 found=0 n=162936173360675019177873 elapsed=944s
progress: nodes=20,310,000,000 tested=1,274 found=0 n=88439676892093472276331 elapsed=945s
progress: nodes=20,320,000,000 tested=1,274 found=0 n=636916968048343385592189 elapsed=945s
progress: nodes=20,330,000,000 tested=1,274 found=0 n=562197808027848735645903 elapsed=946s
progress: nodes=20,340,000,000 tested=1,274 found=0 n=491265343464174894882267 elapsed=946s
progress: nodes=20,350,000,000 tested=1,274 found=0 n=424387440878004558211257 elapsed=947s
progress: nodes=20,360,000,000 tested=1,274 found=0 n=362534903760286805014467 elapsed=947s
progress: nodes=20,370,000,000 tested=1,274 found=0 n=304994189431631005739433 elapsed=948s
progress: nodes=20,380,000,000 tested=1,274 found=0 n=250490246369114686523589 elapsed=948s
progress: nodes=20,390,000,000 tested=1,274 found=0 n=199017154261131074461593 elapsed=949s
progress: nodes=20,400,000,000 tested=1,274 found=0 n=151897737336944190220629 elapsed=949s
progress: nodes=20,410,000,000 tested=1,274 found=0 n=108823363051120364569923 elapsed=950s
progress: nodes=20,420,000,000 tested=1,274 found=0 n=70262648956918833037623 elapsed=950s
progress: nodes=20,430,000,000 tested=1,274 found=0 n=651173385308340869703729 elapsed=951s
progress: nodes=20,440,000,000 tested=1,274 found=0 n=615140513627613319609263 elapsed=951s
progress: nodes=20,450,000,000 tested=1,274 found=0 n=582290654748280161266583 elapsed=952s
progress: nodes=20,460,000,000 tested=1,274 found=0 n=552495030895520990814537 elapsed=952s
progress: nodes=20,470,000,000 tested=1,274 found=0 n=525771247568925030896223 elapsed=953s
progress: nodes=20,480,000,000 tested=1,274 found=0 n=501923970206602181817579 elapsed=953s
progress: nodes=20,490,000,000 tested=1,274 found=0 n=481451845734481718407311 elapsed=953s
progress: nodes=20,500,000,000 tested=1,274 found=0 n=465548163713739188199117 elapsed=954s
progress: nodes=20,510,000,000 tested=1,274 found=0 n=452812656851073130060449 elapsed=954s
progress: nodes=20,520,000,000 tested=1,274 found=0 n=443121176634535046304657 elapsed=955s
progress: nodes=20,530,000,000 tested=1,274 found=0 n=436514678532510508779849 elapsed=955s
progress: nodes=20,540,000,000 tested=1,274 found=0 n=433781761108100005678077 elapsed=956s
progress: nodes=20,550,000,000 tested=1,274 found=0 n=433296612571307439998043 elapsed=956s
progress: nodes=20,560,000,000 tested=1,274 found=0 n=435561973829208460625391 elapsed=957s
progress: nodes=20,570,000,000 tested=1,274 found=0 n=440170705445486030638623 elapsed=957s
progress: nodes=20,580,000,000 tested=1,274 found=0 n=448702261113222328365153 elapsed=958s
progress: nodes=20,590,000,000 tested=1,274 found=0 n=461628287192714943482181 elapsed=958s
progress: nodes=20,600,000,000 tested=1,274 found=0 n=478050851021577257553129 elapsed=959s
progress: nodes=20,610,000,000 tested=1,274 found=0 n=499183117962084687622491 elapsed=959s
progress: nodes=20,620,000,000 tested=1,274 found=0 n=523324338276586688849007 elapsed=960s
progress: nodes=20,630,000,000 tested=1,274 found=0 n=549795740388160417900749 elapsed=960s
progress: nodes=20,640,000,000 tested=1,274 found=0 n=578986190914846859761617 elapsed=961s
progress: nodes=20,650,000,000 tested=1,274 found=0 n=611469077174190686688237 elapsed=961s
progress: nodes=20,660,000,000 tested=1,274 found=0 n=647998422693098219966223 elapsed=962s
progress: nodes=20,670,000,000 tested=1,274 found=0 n=76897841385970401543747 elapsed=962s
progress: nodes=20,680,000,000 tested=1,274 found=0 n=117480835357843833879003 elapsed=963s
progress: nodes=20,690,000,000 tested=1,274 found=0 n=162873785921568501428649 elapsed=963s
progress: nodes=20,700,000,000 tested=1,274 found=0 n=212640966002904057836217 elapsed=964s
progress: nodes=20,710,000,000 tested=1,274 found=0 n=266975668661528844346329 elapsed=964s
progress: nodes=20,720,000,000 tested=1,274 found=0 n=326198190864740410499283 elapsed=965s
progress: nodes=20,730,000,000 tested=1,274 found=0 n=389641936222852006957263 elapsed=965s
progress: nodes=20,740,000,000 tested=1,274 found=0 n=456267366259916015964159 elapsed=966s
progress: nodes=20,750,000,000 tested=1,274 found=0 n=526173913724804591214969 elapsed=966s
progress: nodes=20,760,000,000 tested=1,274 found=0 n=598789288794861075440529 elapsed=967s
progress: nodes=20,770,000,000 tested=1,274 found=0 n=68066248770215978034753 elapsed=967s
progress: nodes=20,780,000,000 tested=1,274 found=0 n=138869074337145802370721 elapsed=967s
progress: nodes=20,790,000,000 tested=1,274 found=0 n=215044274715320340000711 elapsed=968s
progress: nodes=20,800,000,000 tested=1,274 found=0 n=296131686060264299888643 elapsed=968s
progress: nodes=20,810,000,000 tested=1,274 found=0 n=381905703761496707741949 elapsed=969s
progress: nodes=20,820,000,000 tested=1,274 found=0 n=473223724422774193217349 elapsed=969s
progress: nodes=20,830,000,000 tested=1,274 found=0 n=568764078813871206156891 elapsed=970s
progress: nodes=20,840,000,000 tested=1,274 found=0 n=63833988190548368832039 elapsed=970s
progress: nodes=20,850,000,000 tested=1,274 found=0 n=156908071076708999414367 elapsed=971s
progress: nodes=20,860,000,000 tested=1,274 found=0 n=256994361845143787561697 elapsed=971s
progress: nodes=20,870,000,000 tested=1,274 found=0 n=362281180151354023671111 elapsed=972s
progress: nodes=20,880,000,000 tested=1,274 found=0 n=473670556226273246399559 elapsed=972s
progress: nodes=20,890,000,000 tested=1,274 found=0 n=589223957237911849622769 elapsed=973s
progress: nodes=20,900,000,000 tested=1,274 found=0 n=101648588206192775468721 elapsed=973s
progress: nodes=20,910,000,000 tested=1,274 found=0 n=213418731907011635691687 elapsed=974s
progress: nodes=20,920,000,000 tested=1,274 found=0 n=331991545656841095146121 elapsed=974s
progress: nodes=20,930,000,000 tested=1,274 found=0 n=455974310789389587924729 elapsed=975s
progress: nodes=20,940,000,000 tested=1,274 found=0 n=586742053528750753554921 elapsed=975s
progress: nodes=20,950,000,000 tested=1,274 found=0 n=115189567263194716825533 elapsed=976s
progress: nodes=20,960,000,000 tested=1,274 found=0 n=243751110781696148273643 elapsed=976s
progress: nodes=20,970,000,000 tested=1,274 found=0 n=379489588445351820437001 elapsed=977s
progress: nodes=20,980,000,000 tested=1,274 found=0 n=521629657628781218363847 elapsed=977s
progress: nodes=20,990,000,000 tested=1,274 found=0 n=69882119256225845449881 elapsed=978s
progress: nodes=21,000,000,000 tested=1,274 found=0 n=207659181710790818495487 elapsed=978s
progress: nodes=21,010,000,000 tested=1,274 found=0 n=355188232194525681130179 elapsed=979s
progress: nodes=21,020,000,000 tested=1,274 found=0 n=510843085458686675581887 elapsed=979s
progress: nodes=21,030,000,000 tested=1,274 found=0 n=74096260414494861684141 elapsed=980s
progress: nodes=21,040,000,000 tested=1,274 found=0 n=225004510739174125792833 elapsed=980s
progress: nodes=21,050,000,000 tested=1,274 found=0 n=387287762514522226003647 elapsed=981s
progress: nodes=21,060,000,000 tested=1,274 found=0 n=556270981707223487535831 elapsed=981s
progress: nodes=21,070,000,000 tested=1,274 found=0 n=128245430122634163239901 elapsed=982s
progress: nodes=21,080,000,000 tested=1,274 found=0 n=295581531465931194052569 elapsed=982s
progress: nodes=21,090,000,000 tested=1,274 found=0 n=472749964294668990650721 elapsed=983s
progress: nodes=21,100,000,000 tested=1,274 found=0 n=62492634719746856934309 elapsed=983s
progress: nodes=21,110,000,000 tested=1,274 found=0 n=234397119841394296197411 elapsed=984s
progress: nodes=21,120,000,000 tested=1,274 found=0 n=419017252616408044217619 elapsed=984s
progress: nodes=21,130,000,000 tested=1,274 found=0 n=611981777598559272213309 elapsed=985s
progress: nodes=21,140,000,000 tested=1,274 found=0 n=202901856120110505857499 elapsed=985s
progress: nodes=21,150,000,000 tested=1,274 found=0 n=394734547018087966889199 elapsed=986s
progress: nodes=21,160,000,000 tested=1,274 found=0 n=596008818370066993032141 elapsed=986s
progress: nodes=21,170,000,000 tested=1,274 found=0 n=199779103317883530083643 elapsed=987s
progress: nodes=21,180,000,000 tested=1,274 found=0 n=403674347906161370627589 elapsed=987s
progress: nodes=21,190,000,000 tested=1,274 found=0 n=616429678421099993118669 elapsed=988s
progress: nodes=21,200,000,000 tested=1,274 found=0 n=228552261785945858834073 elapsed=988s
progress: nodes=21,210,000,000 tested=1,274 found=0 n=442870326046366679161701 elapsed=989s
progress: nodes=21,220,000,000 tested=1,274 found=0 n=75997635337694023270317 elapsed=989s
progress: nodes=21,230,000,000 tested=1,274 found=0 n=288010096394775978272049 elapsed=990s
progress: nodes=21,240,000,000 tested=1,274 found=0 n=515316228443457012583011 elapsed=990s
progress: nodes=21,250,000,000 tested=1,274 found=0 n=151989278373082611838377 elapsed=991s
progress: nodes=21,260,000,000 tested=1,274 found=0 n=379719557051736778407531 elapsed=991s
progress: nodes=21,270,000,000 tested=1,274 found=0 n=620020271065467876586983 elapsed=992s
progress: nodes=21,280,000,000 tested=1,274 found=0 n=261413427314444063948289 elapsed=992s
progress: nodes=21,290,000,000 tested=1,274 found=0 n=504910958900707313315361 elapsed=993s
progress: nodes=21,300,000,000 tested=1,274 found=0 n=159562106746329775917429 elapsed=993s
progress: nodes=21,310,000,000 tested=1,274 found=0 n=403685928954947770692561 elapsed=994s
progress: nodes=21,320,000,000 tested=1,274 found=0 n=72866433730695343581843 elapsed=994s
progress: nodes=21,330,000,000 tested=1,274 found=0 n=316723243152101877500409 elapsed=995s
progress: nodes=21,340,000,000 tested=1,274 found=0 n=577538301682208419966413 elapsed=995s
progress: nodes=21,350,000,000 tested=1,274 found=0 n=244289349697773911578047 elapsed=995s
progress: nodes=21,360,000,000 tested=1,274 found=0 n=509610682811643183894123 elapsed=996s
progress: nodes=21,370,000,000 tested=1,274 found=0 n=187667814240118282447377 elapsed=996s
progress: nodes=21,380,000,000 tested=1,274 found=0 n=456977964046026802335957 elapsed=997s
progress: nodes=21,390,000,000 tested=1,274 found=0 n=145917780609527594464797 elapsed=997s
progress: nodes=21,400,000,000 tested=1,274 found=0 n=419230319163654229310079 elapsed=998s
progress: nodes=21,410,000,000 tested=1,274 found=0 n=117831641663351040484059 elapsed=998s
progress: nodes=21,420,000,000 tested=1,274 found=0 n=395497289128335829303869 elapsed=999s
progress: nodes=21,430,000,000 tested=1,274 found=0 n=102064367390152285945827 elapsed=999s
progress: nodes=21,440,000,000 tested=1,274 found=0 n=383381827707485557357407 elapsed=1000s
progress: nodes=21,450,000,000 tested=1,274 found=0 n=96630604986122420770557 elapsed=1000s
progress: nodes=21,460,000,000 tested=1,274 found=0 n=384297280961677140576519 elapsed=1001s
progress: nodes=21,470,000,000 tested=1,274 found=0 n=103579862266328404435479 elapsed=1001s
progress: nodes=21,480,000,000 tested=1,274 found=0 n=397010239691903695810953 elapsed=1002s
progress: nodes=21,490,000,000 tested=1,274 found=0 n=121631747590230717710871 elapsed=1002s
progress: nodes=21,500,000,000 tested=1,274 found=0 n=423530142757892699405877 elapsed=1003s
progress: nodes=21,510,000,000 tested=1,274 found=0 n=153901285571728033778439 elapsed=1003s
progress: nodes=21,520,000,000 tested=1,274 found=0 n=465249863168815118451057 elapsed=1004s
progress: nodes=21,530,000,000 tested=1,274 found=0 n=198853855268853178200807 elapsed=1004s
progress: nodes=21,540,000,000 tested=1,274 found=0 n=518032451458299377352753 elapsed=1005s
progress: nodes=21,550,000,000 tested=1,274 found=0 n=255441235140767605876947 elapsed=1005s
progress: nodes=21,560,000,000 tested=1,274 found=0 n=584679145140727980704361 elapsed=1006s
progress: nodes=21,570,000,000 tested=1,274 found=0 n=326436204210082134008841 elapsed=1006s
progress: nodes=21,580,000,000 tested=1,274 found=0 n=85572709553722825725291 elapsed=1007s
progress: nodes=21,590,000,000 tested=1,274 found=0 n=411283793926873971650547 elapsed=1007s
progress: nodes=21,600,000,000 tested=1,274 found=0 n=169562728950316378866189 elapsed=1008s
progress: nodes=21,610,000,000 tested=1,274 found=0 n=508719345988180923126531 elapsed=1008s
progress: nodes=21,620,000,000 tested=1,274 found=0 n=269609216231275466508963 elapsed=1009s
progress: nodes=21,630,000,000 tested=1,274 found=0 n=48944114381232817495749 elapsed=1009s
progress: nodes=21,640,000,000 tested=1,274 found=0 n=386400642684757627753827 elapsed=1010s
progress: nodes=21,650,000,000 tested=1,274 found=0 n=163567436435937678705561 elapsed=1010s
progress: nodes=21,660,000,000 tested=1,274 found=0 n=519247765909377005554053 elapsed=1011s
progress: nodes=21,670,000,000 tested=1,274 found=0 n=297068553465486201528129 elapsed=1011s
progress: nodes=21,680,000,000 tested=1,274 found=0 n=88887500166875068481823 elapsed=1012s
progress: nodes=21,690,000,000 tested=1,274 found=0 n=446526540837043379563851 elapsed=1012s
progress: nodes=21,700,000,000 tested=1,274 found=0 n=236322424229403790989711 elapsed=1013s
progress: nodes=21,710,000,000 tested=1,274 found=0 n=610516464332564487198501 elapsed=1013s
progress: nodes=21,720,000,000 tested=1,274 found=0 n=400843017164111747254029 elapsed=1013s
progress: nodes=21,730,000,000 tested=1,274 found=0 n=200284639906714319229273 elapsed=1014s
progress: nodes=21,740,000,000 tested=1,274 found=0 n=579626158421796297654843 elapsed=1014s
progress: nodes=21,750,000,000 tested=1,274 found=0 n=378626189173005298021497 elapsed=1015s
progress: nodes=21,760,000,000 tested=1,274 found=0 n=188263902708999068774823 elapsed=1015s
progress: nodes=21,770,000,000 tested=1,274 found=0 n=576467729170861510859877 elapsed=1016s
progress: nodes=21,780,000,000 tested=1,274 found=0 n=386124516618749783023149 elapsed=1016s
progress: nodes=21,790,000,000 tested=1,274 found=0 n=204717129449274040337739 elapsed=1017s
progress: nodes=21,800,000,000 tested=1,274 found=0 n=601842945039121826817777 elapsed=1017s
progress: nodes=21,810,000,000 tested=1,274 found=0 n=420123456836235472941621 elapsed=1018s
progress: nodes=21,820,000,000 tested=1,274 found=0 n=246172924993797721112193 elapsed=1018s
progress: nodes=21,830,000,000 tested=1,274 found=0 n=83197973664891258970797 elapsed=1019s
progress: nodes=21,840,000,000 tested=1,274 found=0 n=482382232686167555090349 elapsed=1019s
progress: nodes=21,850,000,000 tested=1,274 found=0 n=317134735338398694900183 elapsed=1020s
progress: nodes=21,860,000,000 tested=1,274 found=0 n=160060902437006013580137 elapsed=1020s
progress: nodes=21,870,000,000 tested=1,274 found=0 n=575351693568623124270117 elapsed=1021s
progress: nodes=21,880,000,000 tested=1,274 found=0 n=418123660165320854411667 elapsed=1021s
progress: nodes=21,890,000,000 tested=1,274 found=0 n=267095853387947910499173 elapsed=1022s
progress: nodes=21,900,000,000 tested=1,274 found=0 n=124465910091751221430437 elapsed=1022s
progress: nodes=21,910,000,000 tested=1,274 found=0 n=550120447629959231286261 elapsed=1023s
progress: nodes=21,920,000,000 tested=1,274 found=0 n=406205673488109661243077 elapsed=1023s
progress: nodes=21,930,000,000 tested=1,274 found=0 n=268536849923161133260947 elapsed=1024s
progress: nodes=21,940,000,000 tested=1,274 found=0 n=139426181547066053721081 elapsed=1024s
progress: nodes=21,950,000,000 tested=1,274 found=0 n=578041401810380851504161 elapsed=1025s
progress: nodes=21,960,000,000 tested=1,274 found=0 n=447217190016090124407777 elapsed=1025s
progress: nodes=21,970,000,000 tested=1,274 found=0 n=322467832237947264411543 elapsed=1026s
progress: nodes=21,980,000,000 tested=1,274 found=0 n=203758512928369057806147 elapsed=1026s
progress: nodes=21,990,000,000 tested=1,274 found=0 n=92755569360380353876449 elapsed=1027s
progress: nodes=22,000,000,000 tested=1,274 found=0 n=541766977210024731186021 elapsed=1027s
progress: nodes=22,010,000,000 tested=1,274 found=0 n=427417179680784062392623 elapsed=1028s
progress: nodes=22,020,000,000 tested=1,274 found=0 n=317357248549445902204407 elapsed=1028s
progress: nodes=22,030,000,000 tested=1,274 found=0 n=211861571539209063358887 elapsed=1029s
progress: nodes=22,040,000,000 tested=1,274 found=0 n=113071738693774338941463 elapsed=1029s
progress: nodes=22,050,000,000 tested=1,274 found=0 n=578301233387310023013423 elapsed=1029s
progress: nodes=22,060,000,000 tested=1,274 found=0 n=479665285673827246380387 elapsed=1030s
progress: nodes=22,070,000,000 tested=1,274 found=0 n=385033817664482222152917 elapsed=1030s
progress: nodes=22,080,000,000 tested=1,274 found=0 n=295019681520885102300519 elapsed=1031s
progress: nodes=22,090,000,000 tested=1,274 found=0 n=210303701888580993912219 elapsed=1031s
progress: nodes=22,100,000,000 tested=1,274 found=0 n=132759405398617648519869 elapsed=1032s
progress: nodes=22,110,000,000 tested=1,274 found=0 n=61028751903842841695577 elapsed=1032s
progress: nodes=22,120,000,000 tested=1,274 found=0 n=544395403185922560859587 elapsed=1033s
progress: nodes=22,130,000,000 tested=1,274 found=0 n=474143256648283166445501 elapsed=1033s
progress: nodes=22,140,000,000 tested=1,274 found=0 n=408228009042347041370823 elapsed=1034s
progress: nodes=22,150,000,000 tested=1,274 found=0 n=347662321411688681344947 elapsed=1034s
progress: nodes=22,160,000,000 tested=1,274 found=0 n=291313343484406717336863 elapsed=1035s
progress: nodes=22,170,000,000 tested=1,274 found=0 n=239009539782499564235157 elapsed=1035s
progress: nodes=22,180,000,000 tested=1,274 found=0 n=191360026605079920404817 elapsed=1036s
progress: nodes=22,190,000,000 tested=1,274 found=0 n=147518322665331253468833 elapsed=1036s
progress: nodes=22,200,000,000 tested=1,274 found=0 n=107272592481982715128341 elapsed=1037s
progress: nodes=22,210,000,000 tested=1,274 found=0 n=71008417326178166495661 elapsed=1037s
progress: nodes=22,220,000,000 tested=1,274 found=0 n=589929691465471554274077 elapsed=1038s
progress: nodes=22,230,000,000 tested=1,274 found=0 n=555483039677154704142027 elapsed=1038s
progress: nodes=22,240,000,000 tested=1,274 found=0 n=525665726002118187386901 elapsed=1039s
progress: nodes=22,250,000,000 tested=1,274 found=0 n=500661110352864260957157 elapsed=1039s
progress: nodes=22,260,000,000 tested=1,274 found=0 n=479012444200270063590507 elapsed=1040s
progress: nodes=22,270,000,000 tested=1,274 found=0 n=460377652721989292843553 elapsed=1040s
progress: nodes=22,280,000,000 tested=1,274 found=0 n=444325440932481883605831 elapsed=1041s
progress: nodes=22,290,000,000 tested=1,274 found=0 n=430669200402720066054267 elapsed=1041s
progress: nodes=22,300,000,000 tested=1,274 found=0 n=419881555001552624067087 elapsed=1042s
progress: nodes=22,310,000,000 tested=1,274 found=0 n=412593765401175704349003 elapsed=1042s
progress: nodes=22,320,000,000 tested=1,274 found=0 n=407541712478947443824427 elapsed=1043s
progress: nodes=22,330,000,000 tested=1,274 found=0 n=405251141968793043957033 elapsed=1043s
progress: nodes=22,340,000,000 tested=1,274 found=0 n=407429226934925387305113 elapsed=1044s
progress: nodes=22,350,000,000 tested=1,274 found=0 n=413006697511118725581567 elapsed=1044s
progress: nodes=22,360,000,000 tested=1,274 found=0 n=420736129133865564800781 elapsed=1045s
progress: nodes=22,370,000,000 tested=1,274 found=0 n=431391438270220222693899 elapsed=1045s
progress: nodes=22,380,000,000 tested=1,274 found=0 n=445457640511537603160211 elapsed=1046s
progress: nodes=22,390,000,000 tested=1,274 found=0 n=462568764481128713779371 elapsed=1046s
progress: nodes=22,400,000,000 tested=1,274 found=0 n=482785497580998604345353 elapsed=1046s
progress: nodes=22,410,000,000 tested=1,274 found=0 n=507317110738421834149299 elapsed=1047s
progress: nodes=22,420,000,000 tested=1,274 found=0 n=535233648049847351942337 elapsed=1047s
progress: nodes=22,430,000,000 tested=1,274 found=0 n=566384051908836776571957 elapsed=1048s
progress: nodes=22,440,000,000 tested=1,274 found=0 n=53938870713586963893789 elapsed=1048s
progress: nodes=22,450,000,000 tested=1,274 found=0 n=87232179193906595962113 elapsed=1049s
progress: nodes=22,460,000,000 tested=1,274 found=0 n=124270892306536516473933 elapsed=1049s
progress: nodes=22,470,000,000 tested=1,274 found=0 n=165316986855870845382387 elapsed=1050s
progress: nodes=22,480,000,000 tested=1,274 found=0 n=210707983822255484063499 elapsed=1050s
progress: nodes=22,490,000,000 tested=1,274 found=0 n=260954753380364751026319 elapsed=1051s
progress: nodes=22,500,000,000 tested=1,274 found=0 n=315404257905622581398703 elapsed=1051s
progress: nodes=22,510,000,000 tested=1,274 found=0 n=373380982303820364850977 elapsed=1052s
progress: nodes=22,520,000,000 tested=1,274 found=0 n=435087707924220507879723 elapsed=1052s
progress: nodes=22,530,000,000 tested=1,274 found=0 n=499785770125926784370871 elapsed=1053s
progress: nodes=22,540,000,000 tested=1,274 found=0 n=568823781379249854210753 elapsed=1053s
progress: nodes=22,550,000,000 tested=1,274 found=0 n=92787226557091815345597 elapsed=1054s
progress: nodes=22,560,000,000 tested=1,274 found=0 n=161664339010056547091427 elapsed=1054s
progress: nodes=22,570,000,000 tested=1,274 found=0 n=236557052893087780947093 elapsed=1055s
progress: nodes=22,580,000,000 tested=1,274 found=0 n=316035488030569008140439 elapsed=1055s
progress: nodes=22,590,000,000 tested=1,274 found=0 n=400885590683761499084769 elapsed=1056s
progress: nodes=22,600,000,000 tested=1,274 found=0 n=491772600946421127594261 elapsed=1056s
progress: nodes=22,610,000,000 tested=1,274 found=0 n=46370475508659883547967 elapsed=1057s
progress: nodes=22,620,000,000 tested=1,274 found=0 n=133175591611215142870881 elapsed=1057s
progress: nodes=22,630,000,000 tested=1,274 found=0 n=227498563421096263977681 elapsed=1058s
progress: nodes=22,640,000,000 tested=1,274 found=0 n=327190223711655483766587 elapsed=1058s
progress: nodes=22,650,000,000 tested=1,274 found=0 n=432251201504538688989717 elapsed=1059s
progress: nodes=22,660,000,000 tested=1,274 found=0 n=542501361465488405553573 elapsed=1059s
progress: nodes=22,670,000,000 tested=1,274 found=0 n=110093810104498752094563 elapsed=1060s
progress: nodes=22,680,000,000 tested=1,274 found=0 n=219118386390936103620549 elapsed=1060s
progress: nodes=22,690,000,000 tested=1,274 found=0 n=335536356336006991328163 elapsed=1061s
progress: nodes=22,700,000,000 tested=1,274 found=0 n=457425546366170802879459 elapsed=1061s
progress: nodes=22,710,000,000 tested=1,274 found=0 n=47694644243362968134283 elapsed=1061s
progress: nodes=22,720,000,000 tested=1,274 found=0 n=165352176377821025539947 elapsed=1062s
progress: nodes=22,730,000,000 tested=1,274 found=0 n=291868844150236489357221 elapsed=1062s
progress: nodes=22,740,000,000 tested=1,274 found=0 n=424868797387991028651579 elapsed=1063s
progress: nodes=22,750,000,000 tested=1,274 found=0 n=563209272815558557659471 elapsed=1063s
progress: nodes=22,760,000,000 tested=1,274 found=0 n=157116462225976659214809 elapsed=1064s
progress: nodes=22,770,000,000 tested=1,274 found=0 n=295266799692208159913097 elapsed=1064s
progress: nodes=22,780,000,000 tested=1,274 found=0 n=441214487277117621440373 elapsed=1065s
progress: nodes=22,790,000,000 tested=1,274 found=0 n=57337195647159108641961 elapsed=1065s
progress: nodes=22,800,000,000 tested=1,274 found=0 n=198700070946863773217931 elapsed=1066s
progress: nodes=22,810,000,000 tested=1,274 found=0 n=350452814640260279088141 elapsed=1066s
progress: nodes=22,820,000,000 tested=1,274 found=0 n=511909755763753643843547 elapsed=1067s
progress: nodes=22,830,000,000 tested=1,274 found=0 n=136546211741197281886863 elapsed=1067s
progress: nodes=22,840,000,000 tested=1,274 found=0 n=299296228975846197814719 elapsed=1068s
progress: nodes=22,850,000,000 tested=1,274 found=0 n=471336415792583394826773 elapsed=1068s
progress: nodes=22,860,000,000 tested=1,274 found=0 n=109742658314802546402369 elapsed=1069s
progress: nodes=22,870,000,000 tested=1,274 found=0 n=280914414957115721891109 elapsed=1069s
progress: nodes=22,880,000,000 tested=1,274 found=0 n=462542967710920343676429 elapsed=1070s
progress: nodes=22,890,000,000 tested=1,274 found=0 n=112281874284787006172373 elapsed=1070s
progress: nodes=22,900,000,000 tested=1,274 found=0 n=292912711977492028935513 elapsed=1071s
progress: nodes=22,910,000,000 tested=1,274 found=0 n=484494303383405990265591 elapsed=1071s
progress: nodes=22,920,000,000 tested=1,274 found=0 n=141864714108133327578267 elapsed=1072s
progress: nodes=22,930,000,000 tested=1,274 found=0 n=333696147014372011012143 elapsed=1072s
progress: nodes=22,940,000,000 tested=1,274 found=0 n=536695959542899992306471 elapsed=1073s
progress: nodes=22,950,000,000 tested=1,274 found=0 n=200346141908284606535301 elapsed=1073s
progress: nodes=22,960,000,000 tested=1,274 found=0 n=404487367577080155499131 elapsed=1074s
progress: nodes=22,970,000,000 tested=1,274 found=0 n=83345250377647648721331 elapsed=1074s
progress: nodes=22,980,000,000 tested=1,274 found=0 n=284256250413936910312203 elapsed=1075s
progress: nodes=22,990,000,000 tested=1,274 found=0 n=499145711786797850207433 elapsed=1075s
progress: nodes=23,000,000,000 tested=1,274 found=0 n=180425797100965394111133 elapsed=1076s
progress: nodes=23,010,000,000 tested=1,274 found=0 n=397797899074095147418791 elapsed=1076s
progress: nodes=23,020,000,000 tested=1,274 found=0 n=93344735735102543392701 elapsed=1077s
progress: nodes=23,030,000,000 tested=1,274 found=0 n=311836825634795246742957 elapsed=1077s
progress: nodes=23,040,000,000 tested=1,274 found=0 n=544830625131445163628117 elapsed=1078s
progress: nodes=23,050,000,000 tested=1,274 found=0 n=240653097723533927695263 elapsed=1078s
progress: nodes=23,060,000,000 tested=1,274 found=0 n=477101482696428690989889 elapsed=1079s
progress: nodes=23,070,000,000 tested=1,274 found=0 n=183377687931175262277753 elapsed=1079s
progress: nodes=23,080,000,000 tested=1,274 found=0 n=424602153664522644277467 elapsed=1079s
progress: nodes=23,090,000,000 tested=1,274 found=0 n=140977285665740129995389 elapsed=1080s
progress: nodes=23,100,000,000 tested=1,274 found=0 n=385198116038836481283903 elapsed=1080s
progress: nodes=23,110,000,000 tested=1,274 found=0 n=110201316065663802072093 elapsed=1081s
progress: nodes=23,120,000,000 tested=1,274 found=0 n=358130962410326775947277 elapsed=1081s
progress: nodes=23,130,000,000 tested=1,274 found=0 n=90936133635581666382951 elapsed=1082s
progress: nodes=23,140,000,000 tested=1,274 found=0 n=342445632444859253571261 elapsed=1082s
progress: nodes=23,150,000,000 tested=1,274 found=0 n=81938288934886122445707 elapsed=1083s
progress: nodes=23,160,000,000 tested=1,274 found=0 n=339163464245154007339881 elapsed=1083s
progress: nodes=23,170,000,000 tested=1,274 found=0 n=85376981357904996568809 elapsed=1084s
progress: nodes=23,180,000,000 tested=1,274 found=0 n=348202292629225521349863 elapsed=1084s
progress: nodes=23,190,000,000 tested=1,274 found=0 n=98491207973219975176263 elapsed=1085s
progress: nodes=23,200,000,000 tested=1,274 found=0 n=367997621971444763186889 elapsed=1085s
progress: nodes=23,210,000,000 tested=1,274 found=0 n=123150347956784342176983 elapsed=1086s
progress: nodes=23,220,000,000 tested=1,274 found=0 n=399627595804629135024081 elapsed=1086s
progress: nodes=23,230,000,000 tested=1,274 found=0 n=157263766361308333335609 elapsed=1087s
progress: nodes=23,240,000,000 tested=1,274 found=0 n=441251055467480008077327 elapsed=1087s
progress: nodes=23,250,000,000 tested=1,274 found=0 n=203762490020959716049203 elapsed=1088s
progress: nodes=23,260,000,000 tested=1,274 found=0 n=497107278217444012915797 elapsed=1088s
progress: nodes=23,270,000,000 tested=1,274 found=0 n=263900794522462293857661 elapsed=1089s
progress: nodes=23,280,000,000 tested=1,274 found=0 n=48517585446800160782091 elapsed=1089s
progress: nodes=23,290,000,000 tested=1,274 found=0 n=338919053298686309786337 elapsed=1090s
progress: nodes=23,300,000,000 tested=1,274 found=0 n=121984901951853617149473 elapsed=1090s
progress: nodes=23,310,000,000 tested=1,274 found=0 n=424764183993904323459891 elapsed=1091s
progress: nodes=23,320,000,000 tested=1,274 found=0 n=208187604056607225931881 elapsed=1091s
progress: nodes=23,330,000,000 tested=1,274 found=0 n=521893434029342088783069 elapsed=1092s
progress: nodes=23,340,000,000 tested=1,274 found=0 n=307997728710620911801839 elapsed=1092s
progress: nodes=23,350,000,000 tested=1,274 found=0 n=106800941935885636335897 elapsed=1093s
progress: nodes=23,360,000,000 tested=1,274 found=0 n=422461086677652337568253 elapsed=1093s
progress: nodes=23,370,000,000 tested=1,274 found=0 n=223080822986553029130633 elapsed=1093s
progress: nodes=23,380,000,000 tested=1,274 found=0 n=554097905226818125182009 elapsed=1094s
progress: nodes=23,390,000,000 tested=1,274 found=0 n=356896472816614227934437 elapsed=1094s
progress: nodes=23,400,000,000 tested=1,274 found=0 n=169510687661765984322789 elapsed=1095s
progress: nodes=23,410,000,000 tested=1,274 found=0 n=505272370350042742297851 elapsed=1095s
progress: nodes=23,420,000,000 tested=1,274 found=0 n=316838215862727630118047 elapsed=1096s
progress: nodes=23,430,000,000 tested=1,274 found=0 n=137599150878017780558607 elapsed=1096s
progress: nodes=23,440,000,000 tested=1,274 found=0 n=477872696146317058049463 elapsed=1097s
progress: nodes=23,450,000,000 tested=1,274 found=0 n=298413362224285344783747 elapsed=1097s
progress: nodes=23,460,000,000 tested=1,274 found=0 n=129770179081212991964643 elapsed=1098s
progress: nodes=23,470,000,000 tested=1,274 found=0 n=479409754557219121817181 elapsed=1098s
progress: nodes=23,480,000,000 tested=1,274 found=0 n=311372042467437478614087 elapsed=1099s
progress: nodes=23,490,000,000 tested=1,274 found=0 n=152374208248446342895737 elapsed=1099s
progress: nodes=23,500,000,000 tested=1,274 found=0 n=514831808936610388119897 elapsed=1100s
progress: nodes=23,510,000,000 tested=1,274 found=0 n=357860727419524822011519 elapsed=1100s
progress: nodes=23,520,000,000 tested=1,274 found=0 n=207889283793108955048011 elapsed=1101s
progress: nodes=23,530,000,000 tested=1,274 found=0 n=68692817789693578203723 elapsed=1101s
progress: nodes=23,540,000,000 tested=1,274 found=0 n=436064986735340655155463 elapsed=1102s
progress: nodes=23,550,000,000 tested=1,274 found=0 n=294989737400296495427871 elapsed=1102s
progress: nodes=23,560,000,000 tested=1,274 found=0 n=161838867900078218919069 elapsed=1103s
progress: nodes=23,570,000,000 tested=1,274 found=0 n=548673763726646764635429 elapsed=1103s
progress: nodes=23,580,000,000 tested=1,274 found=0 n=415373728437050765102721 elapsed=1104s
progress: nodes=23,590,000,000 tested=1,274 found=0 n=288887306970837895647327 elapsed=1104s
progress: nodes=23,600,000,000 tested=1,274 found=0 n=169160678281455654372579 elapsed=1105s
progress: nodes=23,610,000,000 tested=1,274 found=0 n=58558779375467971558959 elapsed=1105s
progress: nodes=23,620,000,000 tested=1,274 found=0 n=450865351164866771412279 elapsed=1106s
progress: nodes=23,630,000,000 tested=1,274 found=0 n=336888188626810599555777 elapsed=1106s
progress: nodes=23,640,000,000 tested=1,274 found=0 n=229601603778525274533237 elapsed=1107s
progress: nodes=23,650,000,000 tested=1,274 found=0 n=128877603874645147000479 elapsed=1107s
progress: nodes=23,660,000,000 tested=1,274 found=0 n=543668490305617129105653 elapsed=1108s
progress: nodes=23,670,000,000 tested=1,274 found=0 n=445134096674595991429767 elapsed=1108s
progress: nodes=23,680,000,000 tested=1,274 found=0 n=351182683804243231019079 elapsed=1109s
progress: nodes=23,690,000,000 tested=1,274 found=0 n=260992519297683800265639 elapsed=1109s
progress: nodes=23,700,000,000 tested=1,274 found=0 n=175899390562221394725657 elapsed=1110s
progress: nodes=23,710,000,000 tested=1,274 found=0 n=96427554692698199191221 elapsed=1110s
progress: nodes=23,720,000,000 tested=1,274 found=0 n=526330287386164128616749 elapsed=1111s
progress: nodes=23,730,000,000 tested=1,274 found=0 n=445851021939483458589291 elapsed=1111s
progress: nodes=23,740,000,000 tested=1,274 found=0 n=370588937649932859921063 elapsed=1111s
progress: nodes=23,750,000,000 tested=1,274 found=0 n=300895306222157415019251 elapsed=1112s
progress: nodes=23,760,000,000 tested=1,274 found=0 n=235832726916697821447537 elapsed=1112s
progress: nodes=23,770,000,000 tested=1,274 found=0 n=175119043899503084548167 elapsed=1113s
progress: nodes=23,780,000,000 tested=1,274 found=0 n=119298935150011008961569 elapsed=1113s
progress: nodes=23,790,000,000 tested=1,274 found=0 n=68170124774953576502127 elapsed=1114s
progress: nodes=23,800,000,000 tested=1,274 found=0 n=521222305140505897019091 elapsed=1114s
progress: nodes=23,810,000,000 tested=1,274 found=0 n=470389702001599180741941 elapsed=1115s
progress: nodes=23,820,000,000 tested=1,274 found=0 n=422918434224713615807619 elapsed=1115s
progress: nodes=23,830,000,000 tested=1,274 found=0 n=378760488962147607822507 elapsed=1116s
progress: nodes=23,840,000,000 tested=1,274 found=0 n=339114499656330490695603 elapsed=1116s
progress: nodes=23,850,000,000 tested=1,274 found=0 n=303256069574028036923457 elapsed=1117s
progress: nodes=23,860,000,000 tested=1,274 found=0 n=271623126731796044454249 elapsed=1117s
progress: nodes=23,870,000,000 tested=1,274 found=0 n=244284121394941776070923 elapsed=1118s
progress: nodes=23,880,000,000 tested=1,274 found=0 n=221289460006715266873707 elapsed=1118s
progress: nodes=23,890,000,000 tested=1,274 found=0 n=202632463357348344282963 elapsed=1119s
progress: nodes=23,900,000,000 tested=1,274 found=0 n=186919884587628887245551 elapsed=1119s
progress: nodes=23,910,000,000 tested=1,274 found=0 n=174715554561288587819973 elapsed=1120s
progress: nodes=23,920,000,000 tested=1,274 found=0 n=165836096826605550888543 elapsed=1120s
progress: nodes=23,930,000,000 tested=1,274 found=0 n=160104796726050158641659 elapsed=1121s
progress: nodes=23,940,000,000 tested=1,274 found=0 n=157087083207528604771641 elapsed=1121s
progress: nodes=23,950,000,000 tested=1,274 found=0 n=157264952050863818324163 elapsed=1122s
progress: nodes=23,960,000,000 tested=1,274 found=0 n=159930278192060420987943 elapsed=1122s
progress: nodes=23,970,000,000 tested=1,274 found=0 n=165677855744278132213959 elapsed=1123s
progress: nodes=23,980,000,000 tested=1,274 found=0 n=173496911891056189777341 elapsed=1123s
progress: nodes=23,990,000,000 tested=1,274 found=0 n=184346319179817378895311 elapsed=1124s
progress: nodes=24,000,000,000 tested=1,274 found=0 n=198657734482363350433239 elapsed=1124s
progress: nodes=24,010,000,000 tested=1,274 found=0 n=216816958148538033935649 elapsed=1125s
progress: nodes=24,020,000,000 tested=1,274 found=0 n=238749763955132055162537 elapsed=1125s
progress: nodes=24,030,000,000 tested=1,274 found=0 n=264683856832607185244271 elapsed=1126s
progress: nodes=24,040,000,000 tested=1,274 found=0 n=294661230838550905085757 elapsed=1126s
progress: nodes=24,050,000,000 tested=1,274 found=0 n=327272127539652682406019 elapsed=1127s
progress: nodes=24,060,000,000 tested=1,274 found=0 n=362934053476398114888177 elapsed=1127s
progress: nodes=24,070,000,000 tested=1,274 found=0 n=401942689048969053912927 elapsed=1127s
progress: nodes=24,080,000,000 tested=1,274 found=0 n=444174594164439440981679 elapsed=1128s
progress: nodes=24,090,000,000 tested=1,274 found=0 n=490434902691004762548057 elapsed=1128s
progress: nodes=24,100,000,000 tested=1,274 found=0 n=45710755143516179493777 elapsed=1129s
progress: nodes=24,110,000,000 tested=1,274 found=0 n=92672474829231808389879 elapsed=1129s
progress: nodes=24,120,000,000 tested=1,274 found=0 n=144351176688660363829407 elapsed=1130s
progress: nodes=24,130,000,000 tested=1,274 found=0 n=200354317844701890158289 elapsed=1130s
progress: nodes=24,140,000,000 tested=1,274 found=0 n=260740504992481164401751 elapsed=1131s
progress: nodes=24,150,000,000 tested=1,274 found=0 n=325691400416138998324083 elapsed=1131s
progress: nodes=24,160,000,000 tested=1,274 found=0 n=394360034735502498095433 elapsed=1132s
progress: nodes=24,170,000,000 tested=1,274 found=0 n=466787929992011083673217 elapsed=1132s
progress: nodes=24,180,000,000 tested=1,274 found=0 n=50146748791231464104733 elapsed=1133s
progress: nodes=24,190,000,000 tested=1,274 found=0 n=122086063991784730434597 elapsed=1133s
progress: nodes=24,200,000,000 tested=1,274 found=0 n=199743494458593196982871 elapsed=1134s
progress: nodes=24,210,000,000 tested=1,274 found=0 n=282585390831297138786201 elapsed=1134s
progress: nodes=24,220,000,000 tested=1,274 found=0 n=369416446965771121223307 elapsed=1135s
progress: nodes=24,230,000,000 tested=1,274 found=0 n=460922433251236242166881 elapsed=1135s
progress: nodes=24,240,000,000 tested=1,274 found=0 n=63730288817543072401677 elapsed=1136s
progress: nodes=24,250,000,000 tested=1,274 found=0 n=154770261180690649515021 elapsed=1136s
progress: nodes=24,260,000,000 tested=1,274 found=0 n=252893589431372553082419 elapsed=1136s
progress: nodes=24,270,000,000 tested=1,274 found=0 n=356812084439154331620633 elapsed=1137s
progress: nodes=24,280,000,000 tested=1,274 found=0 n=465937384121987736297339 elapsed=1137s
progress: nodes=24,290,000,000 tested=1,274 found=0 n=84535044134146706751651 elapsed=1138s
progress: nodes=24,300,000,000 tested=1,274 found=0 n=191838914507049814681677 elapsed=1138s
progress: nodes=24,310,000,000 tested=1,274 found=0 n=306097556924092484990439 elapsed=1139s
progress: nodes=24,320,000,000 tested=1,274 found=0 n=425569806352959254187201 elapsed=1139s
progress: nodes=24,330,000,000 tested=1,274 found=0 n=59976477406784990758707 elapsed=1140s
progress: nodes=24,340,000,000 tested=1,274 found=0 n=176321445146335553205141 elapsed=1140s
progress: nodes=24,350,000,000 tested=1,274 found=0 n=300814314886119010859883 elapsed=1141s
progress: nodes=24,360,000,000 tested=1,274 found=0 n=431492425114933883479779 elapsed=1141s
progress: nodes=24,370,000,000 tested=1,274 found=0 n=75795735946542683294223 elapsed=1142s
progress: nodes=24,380,000,000 tested=1,274 found=0 n=204158334774661019421669 elapsed=1142s
progress: nodes=24,390,000,000 tested=1,274 found=0 n=342373096399754623212009 elapsed=1143s
progress: nodes=24,400,000,000 tested=1,274 found=0 n=487302268081282569502587 elapsed=1143s
progress: nodes=24,410,000,000 tested=1,274 found=0 n=140138602416691962970887 elapsed=1144s
progress: nodes=24,420,000,000 tested=1,274 found=0 n=285667764766679640432087 elapsed=1144s
progress: nodes=24,430,000,000 tested=1,274 found=0 n=440462450512924860157137 elapsed=1144s
progress: nodes=24,440,000,000 tested=1,274 found=0 n=109486312654068757914507 elapsed=1145s
progress: nodes=24,450,000,000 tested=1,274 found=0 n=265255048742725083393351 elapsed=1145s
progress: nodes=24,460,000,000 tested=1,274 found=0 n=431189569219123806308217 elapsed=1146s
progress: nodes=24,470,000,000 tested=1,274 found=0 n=111788282635540146795159 elapsed=1146s
progress: nodes=24,480,000,000 tested=1,274 found=0 n=280328819118051651957009 elapsed=1147s
progress: nodes=24,490,000,000 tested=1,274 found=0 n=459320586886945521494757 elapsed=1147s
progress: nodes=24,500,000,000 tested=1,274 found=0 n=150421750473721953755529 elapsed=1148s
progress: nodes=24,510,000,000 tested=1,274 found=0 n=331217457929394177113973 elapsed=1148s
progress: nodes=24,520,000,000 tested=1,274 found=0 n=522812560041009518637357 elapsed=1149s
progress: nodes=24,530,000,000 tested=1,274 found=0 n=221720208432083429405337 elapsed=1149s
progress: nodes=24,540,000,000 tested=1,274 found=0 n=417222330039260649100197 elapsed=1150s
progress: nodes=24,550,000,000 tested=1,274 found=0 n=128828065077697611216591 elapsed=1150s
progress: nodes=24,560,000,000 tested=1,274 found=0 n=324684349710257675094957 elapsed=1151s
progress: nodes=24,570,000,000 tested=1,274 found=0 n=51083144527863630751569 elapsed=1151s
progress: nodes=24,580,000,000 tested=1,274 found=0 n=249125519622335898841299 elapsed=1152s
progress: nodes=24,590,000,000 tested=1,274 found=0 n=462832420975094615832387 elapsed=1152s
progress: nodes=24,600,000,000 tested=1,274 found=0 n=190192785090517846587951 elapsed=1153s
progress: nodes=24,610,000,000 tested=1,274 found=0 n=408199825507406861467539 elapsed=1153s
progress: nodes=24,620,000,000 tested=1,274 found=0 n=146529768634727606195067 elapsed=1153s
progress: nodes=24,630,000,000 tested=1,274 found=0 n=368683063360256926554273 elapsed=1154s
progress: nodes=24,640,000,000 tested=1,274 found=0 n=114533966004983954962533 elapsed=1154s
progress: nodes=24,650,000,000 tested=1,274 found=0 n=340128444986754134433723 elapsed=1155s
progress: nodes=24,660,000,000 tested=1,274 found=0 n=94581812172332253031263 elapsed=1155s
progress: nodes=24,670,000,000 tested=1,274 found=0 n=325697444414193890927889 elapsed=1156s
progress: nodes=24,680,000,000 tested=1,274 found=0 n=87679606386529236830751 elapsed=1156s
progress: nodes=24,690,000,000 tested=1,274 found=0 n=323755922217496436500833 elapsed=1157s
progress: nodes=24,700,000,000 tested=1,274 found=0 n=91926581462720190687501 elapsed=1157s
progress: nodes=24,710,000,000 tested=1,274 found=0 n=336109179647470690500039 elapsed=1158s
progress: nodes=24,720,000,000 tested=1,274 found=0 n=112004077523820292503693 elapsed=1158s
progress: nodes=24,730,000,000 tested=1,274 found=0 n=365707650604803317531721 elapsed=1159s
progress: nodes=24,740,000,000 tested=1,274 found=0 n=147011545707666398289531 elapsed=1159s
progress: nodes=24,750,000,000 tested=1,274 found=0 n=409943548851649363932381 elapsed=1160s
progress: nodes=24,760,000,000 tested=1,274 found=0 n=195360175856534048148789 elapsed=1160s
progress: nodes=24,770,000,000 tested=1,274 found=0 n=467529349737227894819703 elapsed=1161s
progress: nodes=24,780,000,000 tested=1,274 found=0 n=257362121486525944960071 elapsed=1161s
progress: nodes=24,790,000,000 tested=1,274 found=0 n=61578719055101369658537 elapsed=1161s
progress: nodes=24,800,000,000 tested=1,274 found=0 n=332725844706683576030883 elapsed=1162s
progress: nodes=24,810,000,000 tested=1,274 found=0 n=137856665088812194033509 elapsed=1162s
progress: nodes=24,820,000,000 tested=1,274 found=0 n=421917873793437444239817 elapsed=1163s
progress: nodes=24,830,000,000 tested=1,274 found=0 n=230186579495223534426243 elapsed=1163s
progress: nodes=24,840,000,000 tested=1,274 found=0 n=52964223066326860180893 elapsed=1164s
progress: nodes=24,850,000,000 tested=1,274 found=0 n=339232959241394054577741 elapsed=1164s
progress: nodes=24,860,000,000 tested=1,274 found=0 n=160636256091600946603947 elapsed=1165s
progress: nodes=24,870,000,000 tested=1,274 found=0 n=462142340778824554615767 elapsed=1165s
progress: nodes=24,880,000,000 tested=1,274 found=0 n=285557294191248187577469 elapsed=1166s
progress: nodes=24,890,000,000 tested=1,274 found=0 n=119432839615636457431521 elapsed=1166s
progress: nodes=24,900,000,000 tested=1,274 found=0 n=428032638320321067342309 elapsed=1167s
progress: nodes=24,910,000,000 tested=1,274 found=0 n=262662266754614906612433 elapsed=1167s
progress: nodes=24,920,000,000 tested=1,274 found=0 n=106738275535030340722521 elapsed=1168s
progress: nodes=24,930,000,000 tested=1,274 found=0 n=423822571911116533752597 elapsed=1168s
progress: nodes=24,940,000,000 tested=1,274 found=0 n=268843664496420736483761 elapsed=1169s
progress: nodes=24,950,000,000 tested=1,274 found=0 n=122722067381192721563121 elapsed=1169s
progress: nodes=24,960,000,000 tested=1,274 found=0 n=451989645148333282407417 elapsed=1170s
progress: nodes=24,970,000,000 tested=1,274 found=0 n=307813120515587004038721 elapsed=1170s
progress: nodes=24,980,000,000 tested=1,274 found=0 n=171321494818372521123501 elapsed=1170s
progress: nodes=24,990,000,000 tested=1,274 found=0 n=45994461519781154927547 elapsed=1171s
progress: nodes=25,000,000,000 tested=1,274 found=0 n=380489334677022869180883 elapsed=1171s
progress: nodes=25,010,000,000 tested=1,274 found=0 n=252150993324163324780389 elapsed=1172s
progress: nodes=25,020,000,000 tested=1,274 found=0 n=130077302426986959121077 elapsed=1172s
progress: nodes=25,030,000,000 tested=1,274 found=0 n=480822479280089730706923 elapsed=1173s
progress: nodes=25,040,000,000 tested=1,274 found=0 n=357539609328125594637267 elapsed=1173s
progress: nodes=25,050,000,000 tested=1,274 found=0 n=240609861983136411436671 elapsed=1174s
progress: nodes=25,060,000,000 tested=1,274 found=0 n=130941226130672267781471 elapsed=1174s
progress: nodes=25,070,000,000 tested=1,274 found=0 n=494300486843640976810311 elapsed=1175s
progress: nodes=25,080,000,000 tested=1,274 found=0 n=385949494283911669478367 elapsed=1175s
progress: nodes=25,090,000,000 tested=1,274 found=0 n=282750996436755529073391 elapsed=1176s
progress: nodes=25,100,000,000 tested=1,274 found=0 n=184451573310141834397701 elapsed=1176s
progress: nodes=25,110,000,000 tested=1,274 found=0 n=92700269510734806443523 elapsed=1177s
progress: nodes=25,120,000,000 tested=1,274 found=0 n=468261133076636070924753 elapsed=1177s
progress: nodes=25,130,000,000 tested=1,274 found=0 n=375206160580581876206661 elapsed=1178s
progress: nodes=25,140,000,000 tested=1,274 found=0 n=286972911844301777931837 elapsed=1178s
progress: nodes=25,150,000,000 tested=1,274 found=0 n=203826974748203726320401 elapsed=1178s
progress: nodes=25,160,000,000 tested=1,274 found=0 n=126245365835382424017387 elapsed=1179s
progress: nodes=25,170,000,000 tested=1,274 found=0 n=54673386032267869777911 elapsed=1179s
progress: nodes=25,180,000,000 tested=1,274 found=0 n=444230094426311901284577 elapsed=1180s
progress: nodes=25,190,000,000 tested=1,274 found=0 n=372446188338203898829911 elapsed=1180s
progress: nodes=25,200,000,000 tested=1,274 found=0 n=304634066823633013914447 elapsed=1181s
progress: nodes=25,210,000,000 tested=1,274 found=0 n=240229928410329484069443 elapsed=1181s
progress: nodes=25,220,000,000 tested=1,274 found=0 n=178930216375912629394767 elapsed=1182s
progress: nodes=25,230,000,000 tested=1,274 found=0 n=121799873367289164256209 elapsed=1182s
progress: nodes=25,240,000,000 tested=1,274 found=0 n=69584718459395720762181 elapsed=1183s
progress: nodes=25,250,000,000 tested=1,274 found=0 n=480641325562947711002841 elapsed=1183s
progress: nodes=25,260,000,000 tested=1,274 found=0 n=428774568025986452449179 elapsed=1184s
progress: nodes=25,270,000,000 tested=1,274 found=0 n=380190383043090266335689 elapsed=1184s
progress: nodes=25,280,000,000 tested=1,274 found=0 n=334990411278592543931457 elapsed=1185s
progress: nodes=25,290,000,000 tested=1,274 found=0 n=294674539593744730258839 elapsed=1185s
progress: nodes=25,300,000,000 tested=1,274 found=0 n=257629325960642098179717 elapsed=1186s
progress: nodes=25,310,000,000 tested=1,274 found=0 n=223593012482223791756349 elapsed=1186s
progress: nodes=25,320,000,000 tested=1,274 found=0 n=193241957622364565835921 elapsed=1187s
progress: nodes=25,330,000,000 tested=1,274 found=0 n=166648531686324996517209 elapsed=1187s
progress: nodes=25,340,000,000 tested=1,274 found=0 n=143684647158027201533307 elapsed=1187s
progress: nodes=25,350,000,000 tested=1,274 found=0 n=124084003307610274992063 elapsed=1188s
progress: nodes=25,360,000,000 tested=1,274 found=0 n=108786130753858532253279 elapsed=1188s
progress: nodes=25,370,000,000 tested=1,274 found=0 n=98001235176269439505491 elapsed=1189s
progress: nodes=25,380,000,000 tested=1,274 found=0 n=90090532861694729493129 elapsed=1189s
progress: nodes=25,390,000,000 tested=1,274 found=0 n=85201586632815371377659 elapsed=1190s
progress: nodes=25,400,000,000 tested=1,274 found=0 n=83178036546416822517507 elapsed=1190s
progress: nodes=25,410,000,000 tested=1,274 found=0 n=84549876105741610595031 elapsed=1191s
progress: nodes=25,420,000,000 tested=1,274 found=0 n=88990762804208213075127 elapsed=1191s
progress: nodes=25,430,000,000 tested=1,274 found=0 n=96205856307039794656341 elapsed=1192s
progress: nodes=25,440,000,000 tested=1,274 found=0 n=105863193293043758278707 elapsed=1192s
progress: nodes=25,450,000,000 tested=1,274 found=0 n=118436573647334584594953 elapsed=1193s
progress: nodes=25,460,000,000 tested=1,274 found=0 n=133018765073315691110541 elapsed=1193s
progress: nodes=25,470,000,000 tested=1,274 found=0 n=152003626463388547670823 elapsed=1194s
progress: nodes=25,480,000,000 tested=1,274 found=0 n=174450070528494014585331 elapsed=1194s
progress: nodes=25,490,000,000 tested=1,274 found=0 n=201483943194105975073671 elapsed=1195s
progress: nodes=25,500,000,000 tested=1,274 found=0 n=232439520385960173178893 elapsed=1195s
progress: nodes=25,510,000,000 tested=1,274 found=0 n=266383095607655326577277 elapsed=1196s
progress: nodes=25,520,000,000 tested=1,274 found=0 n=303378334572030675574617 elapsed=1196s
progress: nodes=25,530,000,000 tested=1,274 found=0 n=343409413935830247196191 elapsed=1196s
progress: nodes=25,540,000,000 tested=1,274 found=0 n=386540915203065121011513 elapsed=1197s
progress: nodes=25,550,000,000 tested=1,274 found=0 n=432836382272429373809571 elapsed=1197s
progress: nodes=25,560,000,000 tested=1,274 found=0 n=482107128916068534509631 elapsed=1198s
progress: nodes=25,570,000,000 tested=1,274 found=0 n=75932449039398754481679 elapsed=1198s
progress: nodes=25,580,000,000 tested=1,274 found=0 n=126717398429653185173019 elapsed=1199s
progress: nodes=25,590,000,000 tested=1,274 found=0 n=181773920167026181385391 elapsed=1199s
progress: nodes=25,600,000,000 tested=1,274 found=0 n=241164765523882571570199 elapsed=1200s
progress: nodes=25,610,000,000 tested=1,274 found=0 n=305432238483497538580167 elapsed=1200s
progress: nodes=25,620,000,000 tested=1,274 found=0 n=374215625357043198930201 elapsed=1201s
progress: nodes=25,630,000,000 tested=1,274 found=0 n=446286813478690213806777 elapsed=1201s
progress: nodes=25,640,000,000 tested=1,274 found=0 n=66266012460801987470637 elapsed=1202s
progress: nodes=25,650,000,000 tested=1,274 found=0 n=137955394986653506273011 elapsed=1202s
progress: nodes=25,660,000,000 tested=1,274 found=0 n=215318575342189600722441 elapsed=1203s
progress: nodes=25,670,000,000 tested=1,274 found=0 n=297226968175802127824361 elapsed=1203s
progress: nodes=25,680,000,000 tested=1,274 found=0 n=384087580060614020313723 elapsed=1204s
progress: nodes=25,690,000,000 tested=1,274 found=0 n=475904685954429761786757 elapsed=1204s
progress: nodes=25,700,000,000 tested=1,274 found=0 n=112285466568259609431807 elapsed=1204s
progress: nodes=25,710,000,000 tested=1,274 found=0 n=204121294050744333892629 elapsed=1205s
progress: nodes=25,720,000,000 tested=1,274 found=0 n=301876253650833405773229 elapsed=1205s
progress: nodes=25,730,000,000 tested=1,274 found=0 n=405396716335150723646463 elapsed=1206s
progress: nodes=25,740,000,000 tested=1,274 found=0 n=61208735411712953085021 elapsed=1206s
progress: nodes=25,750,000,000 tested=1,274 found=0 n=163110030370016457060333 elapsed=1207s
progress: nodes=25,760,000,000 tested=1,274 found=0 n=272421562490912928360267 elapsed=1207s
progress: nodes=25,770,000,000 tested=1,274 found=0 n=387482236226662031065611 elapsed=1208s
progress: nodes=25,780,000,000 tested=1,274 found=0 n=57022232982130907660169 elapsed=1208s
progress: nodes=25,790,000,000 tested=1,274 found=0 n=169893991504621910919393 elapsed=1209s
progress: nodes=25,800,000,000 tested=1,274 found=0 n=291293267474879560021131 elapsed=1209s
progress: nodes=25,810,000,000 tested=1,274 found=0 n=418151254472703270191673 elapsed=1210s
progress: nodes=25,820,000,000 tested=1,274 found=0 n=95568674500309892730849 elapsed=1210s
progress: nodes=25,830,000,000 tested=1,274 found=0 n=222204292368328559616327 elapsed=1211s
progress: nodes=25,840,000,000 tested=1,274 found=0 n=356265142163772516756081 elapsed=1211s
progress: nodes=25,850,000,000 tested=1,274 found=0 n=49362857677688150242647 elapsed=1212s
progress: nodes=25,860,000,000 tested=1,274 found=0 n=182438302370638327984971 elapsed=1212s
progress: nodes=25,870,000,000 tested=1,274 found=0 n=325581082266521337178923 elapsed=1213s
progress: nodes=25,880,000,000 tested=1,274 found=0 n=475424652917153491583031 elapsed=1213s
progress: nodes=25,890,000,000 tested=1,274 found=0 n=170688982184306512297371 elapsed=1213s
progress: nodes=25,900,000,000 tested=1,274 found=0 n=322889952197514495156363 elapsed=1214s
progress: nodes=25,910,000,000 tested=1,274 found=0 n=483598549295231476519413 elapsed=1214s
progress: nodes=25,920,000,000 tested=1,274 found=0 n=189764590640728190410323 elapsed=1215s
progress: nodes=25,930,000,000 tested=1,274 found=0 n=353528008537945445070867 elapsed=1215s
progress: nodes=25,940,000,000 tested=1,274 found=0 n=75361984099698013080363 elapsed=1216s
progress: nodes=25,950,000,000 tested=1,274 found=0 n=237999955020822509065551 elapsed=1216s
progress: nodes=25,960,000,000 tested=1,274 found=0 n=412062283623429015794217 elapsed=1217s
progress: nodes=25,970,000,000 tested=1,274 found=0 n=138505120392958970133483 elapsed=1217s
progress: nodes=25,980,000,000 tested=1,274 found=0 n=314649867846743492992929 elapsed=1218s
progress: nodes=25,990,000,000 tested=1,274 found=0 n=55281893936561880597009 elapsed=1218s
progress: nodes=26,000,000,000 tested=1,274 found=0 n=231189394115465466774093 elapsed=1219s
progress: nodes=26,010,000,000 tested=1,274 found=0 n=420900116685379376704659 elapsed=1219s
progress: nodes=26,020,000,000 tested=1,274 found=0 n=164356011773743411458837 elapsed=1220s
progress: nodes=26,030,000,000 tested=1,274 found=0 n=359286181446918678351399 elapsed=1220s
progress: nodes=26,040,000,000 tested=1,274 found=0 n=112483233431455175171883 elapsed=1221s
progress: nodes=26,050,000,000 tested=1,274 found=0 n=309182869535302699599663 elapsed=1221s
progress: nodes=26,060,000,000 tested=1,274 found=0 n=71750476184115416660973 elapsed=1221s
progress: nodes=26,070,000,000 tested=1,274 found=0 n=271273078043934574905297 elapsed=1222s
progress: nodes=26,080,000,000 tested=1,274 found=0 n=484255306425129081539697 elapsed=1222s
progress: nodes=26,090,000,000 tested=1,274 found=0 n=246145001628601171745649 elapsed=1223s
progress: nodes=26,100,000,000 tested=1,274 found=0 n=465484826175344115229089 elapsed=1223s
progress: nodes=26,110,000,000 tested=1,274 found=0 n=236061643812839292659211 elapsed=1224s
progress: nodes=26,120,000,000 tested=1,274 found=0 n=463887797607653987841273 elapsed=1224s
progress: nodes=26,130,000,000 tested=1,274 found=0 n=242622634428176255784531 elapsed=1225s
progress: nodes=26,140,000,000 tested=1,274 found=0 n=476741773164717574573059 elapsed=1225s
progress: nodes=26,150,000,000 tested=1,274 found=0 n=260746111693275766919361 elapsed=1226s
progress: nodes=26,160,000,000 tested=1,274 found=0 n=59898843009655446820023 elapsed=1226s
progress: nodes=26,170,000,000 tested=1,274 found=0 n=291301413374216285943903 elapsed=1227s
progress: nodes=26,180,000,000 tested=1,274 found=0 n=94398567905663666728083 elapsed=1227s
progress: nodes=26,190,000,000 tested=1,274 found=0 n=335325269502428632209783 elapsed=1228s
progress: nodes=26,200,000,000 tested=1,274 found=0 n=141463050704707752451431 elapsed=1228s
progress: nodes=26,210,000,000 tested=1,274 found=0 n=391783431087883930536441 elapsed=1229s
progress: nodes=26,220,000,000 tested=1,274 found=0 n=201320358471447912938241 elapsed=1229s
progress: nodes=26,230,000,000 tested=1,274 found=0 n=461797343898629217051573 elapsed=1230s
progress: nodes=26,240,000,000 tested=1,274 found=0 n=276705530314792960508127 elapsed=1230s
progress: nodes=26,250,000,000 tested=1,274 found=0 n=103081184063098231911921 elapsed=1230s
progress: nodes=26,260,000,000 tested=1,274 found=0 n=368077908436414744524957 elapsed=1231s
progress: nodes=26,270,000,000 tested=1,274 found=0 n=196463019277902286206297 elapsed=1231s
progress: nodes=26,280,000,000 tested=1,274 found=0 n=474273374865192678714939 elapsed=1232s
progress: nodes=26,290,000,000 tested=1,274 found=0 n=306239061626503507885383 elapsed=1232s
progress: nodes=26,300,000,000 tested=1,274 found=0 n=147317393239911314953533 elapsed=1233s
progress: nodes=26,310,000,000 tested=1,274 found=0 n=431791619913403216734267 elapsed=1233s
progress: nodes=26,320,000,000 tested=1,274 found=0 n=274838861537822822743503 elapsed=1234s
progress: nodes=26,330,000,000 tested=1,274 found=0 n=126735837621776859745269 elapsed=1234s
progress: nodes=26,340,000,000 tested=1,274 found=0 n=419189799062106019378431 elapsed=1235s
progress: nodes=26,350,000,000 tested=1,274 found=0 n=273597550488547416304173 elapsed=1235s
progress: nodes=26,360,000,000 tested=1,274 found=0 n=136967898238484234318397 elapsed=1236s
progress: nodes=26,370,000,000 tested=1,274 found=0 n=442033158191066205036273 elapsed=1236s
progress: nodes=26,380,000,000 tested=1,274 found=0 n=307376929184415887023227 elapsed=1237s
progress: nodes=26,390,000,000 tested=1,274 found=0 n=179325289112778640644813 elapsed=1237s
progress: nodes=26,400,000,000 tested=1,274 found=0 n=60199594662230261385147 elapsed=1238s
progress: nodes=26,410,000,000 tested=1,274 found=0 n=369182885249323366530309 elapsed=1238s
progress: nodes=26,420,000,000 tested=1,274 found=0 n=248141206901066065614027 elapsed=1239s
progress: nodes=26,430,000,000 tested=1,274 found=0 n=133917291922443847995177 elapsed=1239s
progress: nodes=26,440,000,000 tested=1,274 found=0 n=458926927549128567241713 elapsed=1240s
progress: nodes=26,450,000,000 tested=1,274 found=0 n=345286646963755833657321 elapsed=1240s
progress: nodes=26,460,000,000 tested=1,274 found=0 n=237985838139404277249327 elapsed=1241s
progress: nodes=26,470,000,000 tested=1,274 found=0 n=136386559458998347359861 elapsed=1241s
progress: nodes=26,480,000,000 tested=1,274 found=0 n=473546640740254528550103 elapsed=1242s
progress: nodes=26,490,000,000 tested=1,274 found=0 n=372257826545057073149529 elapsed=1242s
progress: nodes=26,500,000,000 tested=1,274 found=0 n=276575440349461284632601 elapsed=1242s
progress: nodes=26,510,000,000 tested=1,274 found=0 n=186585177072364681974363 elapsed=1243s
progress: nodes=26,520,000,000 tested=1,274 found=0 n=102719205913256010867789 elapsed=1243s
progress: nodes=26,530,000,000 tested=1,274 found=0 n=453300671480827730236677 elapsed=1244s
progress: nodes=26,540,000,000 tested=1,274 found=0 n=369739555662681749041497 elapsed=1244s
progress: nodes=26,550,000,000 tested=1,274 found=0 n=289964386504723283384031 elapsed=1245s
progress: nodes=26,560,000,000 tested=1,274 found=0 n=214139178529260279103809 elapsed=1245s
progress: nodes=26,570,000,000 tested=1,274 found=0 n=143199733957444470543237 elapsed=1246s
progress: nodes=26,580,000,000 tested=1,274 found=0 n=78237359885064457254177 elapsed=1246s
progress: nodes=26,590,000,000 tested=1,274 found=0 n=444105507266450359409079 elapsed=1247s
progress: nodes=26,600,000,000 tested=1,274 found=0 n=379654891095698515706409 elapsed=1247s
progress: nodes=26,610,000,000 tested=1,274 found=0 n=320368139804800559523051 elapsed=1248s
progress: nodes=26,620,000,000 tested=1,274 found=0 n=265903948114773836390523 elapsed=1248s
progress: nodes=26,630,000,000 tested=1,274 found=0 n=216393400078614117418059 elapsed=1249s
progress: nodes=26,640,000,000 tested=1,274 found=0 n=170150971014175739250663 elapsed=1249s
progress: nodes=26,650,000,000 tested=1,274 found=0 n=128654579662082626911759 elapsed=1250s
progress: nodes=26,660,000,000 tested=1,274 found=0 n=91164732682084263064863 elapsed=1250s
progress: nodes=26,670,000,000 tested=1,274 found=0 n=57979917147984747472557 elapsed=1251s
progress: nodes=26,680,000,000 tested=1,274 found=0 n=452369461085200073237823 elapsed=1251s
progress: nodes=26,690,000,000 tested=1,274 found=0 n=420632164062616243204467 elapsed=1252s
progress: nodes=26,700,000,000 tested=1,274 found=0 n=392678649156285212537817 elapsed=1252s
progress: nodes=26,710,000,000 tested=1,274 found=0 n=367697384259665474285271 elapsed=1252s
progress: nodes=26,720,000,000 tested=1,274 found=0 n=346132958135960735410671 elapsed=1253s
progress: nodes=26,730,000,000 tested=1,274 found=0 n=327877460047394025007239 elapsed=1253s
progress: nodes=26,740,000,000 tested=1,274 found=0 n=312390118094429901328803 elapsed=1254s
progress: nodes=26,750,000,000 tested=1,274 found=0 n=300266928380983829003739 elapsed=1254s
progress: nodes=26,760,000,000 tested=1,274 found=0 n=291379167326719261146357 elapsed=1255s
progress: nodes=26,770,000,000 tested=1,274 found=0 n=285231778486075522049949 elapsed=1255s
progress: nodes=26,780,000,000 tested=1,274 found=0 n=282378476690953181720181 elapsed=1256s
progress: nodes=26,790,000,000 tested=1,274 found=0 n=283092034555515524031693 elapsed=1256s
progress: nodes=26,800,000,000 tested=1,274 found=0 n=288480272005862943549543 elapsed=1257s
progress: nodes=26,810,000,000 tested=1,274 found=0 n=297093217656848523609699 elapsed=1257s
progress: nodes=26,820,000,000 tested=1,274 found=0 n=309115195674151504478841 elapsed=1258s
progress: nodes=26,830,000,000 tested=1,274 found=0 n=325796927648280574817331 elapsed=1258s
progress: nodes=26,840,000,000 tested=1,274 found=0 n=344941003825523347154913 elapsed=1259s
progress: nodes=26,850,000,000 tested=1,274 found=0 n=367158025648433962281339 elapsed=1259s
progress: nodes=26,860,000,000 tested=1,274 found=0 n=392477765849710809509241 elapsed=1260s
progress: nodes=26,870,000,000 tested=1,274 found=0 n=421631446147744262090661 elapsed=1260s
progress: nodes=26,880,000,000 tested=1,274 found=0 n=454219772522439739036221 elapsed=1260s
progress: nodes=26,890,000,000 tested=1,274 found=0 n=65042905278296034436347 elapsed=1261s
progress: nodes=26,900,000,000 tested=1,274 found=0 n=101113477154760781363653 elapsed=1261s
progress: nodes=26,910,000,000 tested=1,274 found=0 n=140757595106884810433379 elapsed=1262s
progress: nodes=26,920,000,000 tested=1,274 found=0 n=184014548736430483620549 elapsed=1262s
progress: nodes=26,930,000,000 tested=1,274 found=0 n=231831020126430440939223 elapsed=1263s
progress: nodes=26,940,000,000 tested=1,274 found=0 n=282733610747749158168171 elapsed=1263s
progress: nodes=26,950,000,000 tested=1,274 found=0 n=337418683939856897797419 elapsed=1264s
progress: nodes=26,960,000,000 tested=1,274 found=0 n=396458950256825678233011 elapsed=1264s
progress: nodes=26,970,000,000 tested=1,274 found=0 n=459134396662878926940951 elapsed=1265s
progress: nodes=26,980,000,000 tested=1,274 found=0 n=97976472881164146562293 elapsed=1265s
progress: nodes=26,990,000,000 tested=1,274 found=0 n=161743581080081683499817 elapsed=1266s
progress: nodes=27,000,000,000 tested=1,274 found=0 n=230058257685655468640571 elapsed=1266s
progress: nodes=27,010,000,000 tested=1,274 found=0 n=301444127944293229034139 elapsed=1267s
progress: nodes=27,020,000,000 tested=1,274 found=0 n=376562121462506107671543 elapsed=1267s
progress: nodes=27,030,000,000 tested=1,274 found=0 n=455368004794811484809433 elapsed=1268s
progress: nodes=27,040,000,000 tested=1,274 found=0 n=110825366823861286147551 elapsed=1268s
progress: nodes=27,050,000,000 tested=1,274 found=0 n=191661776461070574447789 elapsed=1269s
progress: nodes=27,060,000,000 tested=1,274 found=0 n=277822643619410838397449 elapsed=1269s
progress: nodes=27,070,000,000 tested=1,274 found=0 n=368217954614554862068251 elapsed=1269s
progress: nodes=27,080,000,000 tested=1,274 found=0 n=463586013373856259423537 elapsed=1270s
progress: nodes=27,090,000,000 tested=1,274 found=0 n=135710057583400275676701 elapsed=1270s
progress: nodes=27,100,000,000 tested=1,274 found=0 n=233836723175928232493133 elapsed=1271s
progress: nodes=27,110,000,000 tested=1,274 found=0 n=338012233628114344692393 elapsed=1271s
progress: nodes=27,120,000,000 tested=1,274 found=0 n=447985992845075489321517 elapsed=1272s
progress: nodes=27,130,000,000 tested=1,274 found=0 n=135433604247359357306367 elapsed=1272s
progress: nodes=27,140,000,000 tested=1,274 found=0 n=247068042398854252829253 elapsed=1273s
progress: nodes=27,150,000,000 tested=1,274 found=0 n=365183307600869378998377 elapsed=1273s
progress: nodes=27,160,000,000 tested=1,274 found=0 n=70874027484137522115471 elapsed=1274s
progress: nodes=27,170,000,000 tested=1,274 found=0 n=190076003547206474680983 elapsed=1274s
progress: nodes=27,180,000,000 tested=1,274 found=0 n=317310385975687130987961 elapsed=1275s
progress: nodes=27,190,000,000 tested=1,274 found=0 n=451217214978542571980421 elapsed=1275s
progress: nodes=27,200,000,000 tested=1,274 found=0 n=162799949620739191229469 elapsed=1276s
progress: nodes=27,210,000,000 tested=1,274 found=0 n=298962235975902554238183 elapsed=1276s
progress: nodes=27,220,000,000 tested=1,274 found=0 n=441864962096302095131781 elapsed=1277s
progress: nodes=27,230,000,000 tested=1,274 found=0 n=164214363306645275665041 elapsed=1277s
progress: nodes=27,240,000,000 tested=1,274 found=0 n=311001150650212091055987 elapsed=1278s
progress: nodes=27,250,000,000 tested=1,274 found=0 n=51450207685858733963211 elapsed=1278s
progress: nodes=27,260,000,000 tested=1,274 found=0 n=198753151341486235082589 elapsed=1279s
progress: nodes=27,270,000,000 tested=1,274 found=0 n=358209723907836076757481 elapsed=1279s
progress: nodes=27,280,000,000 tested=1,274 found=0 n=104791961036297007772299 elapsed=1280s
progress: nodes=27,290,000,000 tested=1,274 found=0 n=265469144478747946517781 elapsed=1280s
progress: nodes=27,300,000,000 tested=1,274 found=0 n=435378718873066379103693 elapsed=1281s
progress: nodes=27,310,000,000 tested=1,274 found=0 n=186058454982816985055487 elapsed=1281s
progress: nodes=27,320,000,000 tested=1,274 found=0 n=360893095419154003416711 elapsed=1282s
progress: nodes=27,330,000,000 tested=1,274 found=0 n=122915427859949222364867 elapsed=1282s
progress: nodes=27,340,000,000 tested=1,274 found=0 n=301039411346939224078119 elapsed=1283s
progress: nodes=27,350,000,000 tested=1,274 found=0 n=74141268961727966199201 elapsed=1283s
progress: nodes=27,360,000,000 tested=1,274 found=0 n=255479357460833866066707 elapsed=1284s
progress: nodes=27,370,000,000 tested=1,274 found=0 n=448615988565610371222717 elapsed=1284s
progress: nodes=27,380,000,000 tested=1,274 found=0 n=221764198644009059921883 elapsed=1285s
progress: nodes=27,390,000,000 tested=1,275 found=0 n=418855043476040816631987 elapsed=1285s
progress: nodes=27,400,000,000 tested=1,275 found=0 n=198568403528520233499291 elapsed=1286s
progress: nodes=27,410,000,000 tested=1,275 found=0 n=400515331936789762585893 elapsed=1286s
progress: nodes=27,420,000,000 tested=1,275 found=0 n=187075148719066917299991 elapsed=1287s
progress: nodes=27,430,000,000 tested=1,275 found=0 n=394833052016922776846589 elapsed=1287s
progress: nodes=27,440,000,000 tested=1,275 found=0 n=188344271491773680009727 elapsed=1288s
progress: nodes=27,450,000,000 tested=1,275 found=0 n=402076660489173260493903 elapsed=1288s
progress: nodes=27,460,000,000 tested=1,275 found=0 n=201236093162425611739449 elapsed=1289s
progress: nodes=27,470,000,000 tested=1,275 found=0 n=422423591723415852110541 elapsed=1289s
progress: nodes=27,480,000,000 tested=1,275 found=0 n=227342485758231759082167 elapsed=1290s
progress: nodes=27,490,000,000 tested=1,275 found=0 n=456500961016473349865889 elapsed=1290s
progress: nodes=27,500,000,000 tested=1,275 found=0 n=267104513736551738694447 elapsed=1291s
progress: nodes=27,510,000,000 tested=1,275 found=0 n=90838577324850326995023 elapsed=1291s
progress: nodes=27,520,000,000 tested=1,275 found=0 n=321612665127931157163183 elapsed=1292s
progress: nodes=27,530,000,000 tested=1,275 found=0 n=148209247385938416909231 elapsed=1292s
progress: nodes=27,540,000,000 tested=1,275 found=0 n=388819081803522625952697 elapsed=1293s
progress: nodes=27,550,000,000 tested=1,275 found=0 n=218724178821897537191403 elapsed=1293s
progress: nodes=27,560,000,000 tested=1,275 found=0 n=61453970347226159039337 elapsed=1294s
progress: nodes=27,570,000,000 tested=1,275 found=0 n=305670383024378827986531 elapsed=1294s
progress: nodes=27,580,000,000 tested=1,275 found=0 n=149156880443677729806183 elapsed=1294s
progress: nodes=27,590,000,000 tested=1,275 found=0 n=406499089558753175777793 elapsed=1295s
progress: nodes=27,600,000,000 tested=1,275 found=0 n=252600196243513551686253 elapsed=1296s
progress: nodes=27,610,000,000 tested=1,275 found=0 n=107397561290861944199097 elapsed=1296s
progress: nodes=27,620,000,000 tested=1,275 found=0 n=370538497029414224123613 elapsed=1296s
progress: nodes=27,630,000,000 tested=1,275 found=0 n=226798434957665940726357 elapsed=1297s
progress: nodes=27,640,000,000 tested=1,275 found=0 n=92345686938002594623527 elapsed=1297s
progress: nodes=27,650,000,000 tested=1,275 found=0 n=363551106779517074607189 elapsed=1298s
progress: nodes=27,660,000,000 tested=1,275 found=0 n=229570164677299074820191 elapsed=1298s
progress: nodes=27,670,000,000 tested=1,275 found=0 n=104568572883036874420809 elapsed=1299s
progress: nodes=27,680,000,000 tested=1,275 found=0 n=386463599812791787789503 elapsed=1299s
progress: nodes=27,690,000,000 tested=1,275 found=0 n=262103755198199790188313 elapsed=1300s
progress: nodes=27,700,000,000 tested=1,275 found=0 n=144908992071676501105437 elapsed=1300s
progress: nodes=27,710,000,000 tested=1,275 found=0 n=439160818479610892401737 elapsed=1301s
progress: nodes=27,720,000,000 tested=1,275 found=0 n=322907049063228985642287 elapsed=1301s
progress: nodes=27,730,000,000 tested=1,275 found=0 n=213222188176928973399357 elapsed=1302s
progress: nodes=27,740,000,000 tested=1,275 found=0 n=111307667658083937623583 elapsed=1302s
progress: nodes=27,750,000,000 tested=1,275 found=0 n=418772272851472084998453 elapsed=1303s
progress: nodes=27,760,000,000 tested=1,275 found=0 n=321705936193310257918329 elapsed=1303s
progress: nodes=27,770,000,000 tested=1,275 found=0 n=229398079242480060481569 elapsed=1304s
progress: nodes=27,780,000,000 tested=1,275 found=0 n=142149722253833306329317 elapsed=1304s
progress: nodes=27,790,000,000 tested=1,275 found=0 n=61666710858941427231993 elapsed=1305s
progress: nodes=27,800,000,000 tested=1,275 found=0 n=381325076348935421039337 elapsed=1305s
progress: nodes=27,810,000,000 tested=1,275 found=0 n=301242116942335297489761 elapsed=1306s
progress: nodes=27,820,000,000 tested=1,275 found=0 n=225949125656743886580183 elapsed=1306s
progress: nodes=27,830,000,000 tested=1,275 found=0 n=154973692356136555935033 elapsed=1307s
progress: nodes=27,840,000,000 tested=1,275 found=0 n=88882823314646390900871 elapsed=1307s
progress: nodes=27,850,000,000 tested=1,275 found=0 n=426711620040482779659657 elapsed=1308s
progress: nodes=27,860,000,000 tested=1,275 found=0 n=362795489901039142378431 elapsed=1308s
progress: nodes=27,870,000,000 tested=1,275 found=0 n=303375351026110368694689 elapsed=1309s
progress: nodes=27,880,000,000 tested=1,275 found=0 n=248676180727178924959239 elapsed=1309s
progress: nodes=27,890,000,000 tested=1,275 found=0 n=199429207040468234746917 elapsed=1310s
progress: nodes=27,900,000,000 tested=1,275 found=0 n=153978038824158079189659 elapsed=1310s
progress: nodes=27,910,000,000 tested=1,275 found=0 n=113092815646218521150037 elapsed=1311s
progress: nodes=27,920,000,000 tested=1,275 found=0 n=75846897128288513360133 elapsed=1311s
progress: nodes=27,930,000,000 tested=1,275 found=0 n=440195339246759325650421 elapsed=1312s
progress: nodes=27,940,000,000 tested=1,275 found=0 n=404334033188374527701463 elapsed=1312s
progress: nodes=27,950,000,000 tested=1,275 found=0 n=372253775479099392779901 elapsed=1313s
progress: nodes=27,960,000,000 tested=1,275 found=0 n=344338066082073494570139 elapsed=1313s
progress: nodes=27,970,000,000 tested=1,275 found=0 n=319995089307726730188291 elapsed=1314s
progress: nodes=27,980,000,000 tested=1,275 found=0 n=299102098904451391772223 elapsed=1314s
progress: nodes=27,990,000,000 tested=1,275 found=0 n=281214677852220797928243 elapsed=1315s
progress: nodes=28,000,000,000 tested=1,275 found=0 n=266876774630742319054011 elapsed=1315s
progress: nodes=28,010,000,000 tested=1,275 found=0 n=255257291969954823119571 elapsed=1316s
progress: nodes=28,020,000,000 tested=1,275 found=0 n=246143998481726561893677 elapsed=1316s
progress: nodes=28,030,000,000 tested=1,275 found=0 n=240853835002718234584287 elapsed=1317s
progress: nodes=28,040,000,000 tested=1,275 found=0 n=238764748054167735413013 elapsed=1317s
progress: nodes=28,050,000,000 tested=1,275 found=0 n=240129760742184696490107 elapsed=1318s
progress: nodes=28,060,000,000 tested=1,275 found=0 n=245367906377506687017243 elapsed=1318s
progress: nodes=28,070,000,000 tested=1,275 found=0 n=253601223405281484673941 elapsed=1319s
progress: nodes=28,080,000,000 tested=1,275 found=0 n=264370800400715707381683 elapsed=1319s
progress: nodes=28,090,000,000 tested=1,275 found=0 n=278568081779446231950177 elapsed=1320s
progress: nodes=28,100,000,000 tested=1,275 found=0 n=296827403550592189464189 elapsed=1320s
progress: nodes=28,110,000,000 tested=1,275 found=0 n=318753471451830493487409 elapsed=1321s
progress: nodes=28,120,000,000 tested=1,275 found=0 n=345322304741880544901823 elapsed=1321s
progress: nodes=28,130,000,000 tested=1,275 found=0 n=375384831665728867469487 elapsed=1321s
progress: nodes=28,140,000,000 tested=1,275 found=0 n=409195878198954370677153 elapsed=1322s
progress: nodes=28,150,000,000 tested=1,275 found=0 n=52803853072342924534983 elapsed=1322s
progress: nodes=28,160,000,000 tested=1,275 found=0 n=90466186164906989329893 elapsed=1323s
progress: nodes=28,170,000,000 tested=1,275 found=0 n=132484197420525685982247 elapsed=1323s
progress: nodes=28,180,000,000 tested=1,275 found=0 n=178302071920512308507739 elapsed=1324s
progress: nodes=28,190,000,000 tested=1,275 found=0 n=228462367604186097839457 elapsed=1324s
progress: nodes=28,200,000,000 tested=1,275 found=0 n=282683038831801442741907 elapsed=1325s
progress: nodes=28,210,000,000 tested=1,275 found=0 n=340514778766034281305897 elapsed=1325s
progress: nodes=28,220,000,000 tested=1,275 found=0 n=401328767307480030837819 elapsed=1326s
progress: nodes=28,230,000,000 tested=1,275 found=0 n=69415446184718411144367 elapsed=1326s
progress: nodes=28,240,000,000 tested=1,275 found=0 n=130908221345393482011021 elapsed=1327s
progress: nodes=28,250,000,000 tested=1,275 found=0 n=197320399184251098746991 elapsed=1327s
progress: nodes=28,260,000,000 tested=1,275 found=0 n=268238319548548356566559 elapsed=1328s
progress: nodes=28,270,000,000 tested=1,275 found=0 n=343627206605539718342481 elapsed=1328s
progress: nodes=28,280,000,000 tested=1,275 found=0 n=422978901179407173782181 elapsed=1329s
progress: nodes=28,290,000,000 tested=1,275 found=0 n=107325944482045217497569 elapsed=1329s
progress: nodes=28,300,000,000 tested=1,275 found=0 n=188026167530310610874373 elapsed=1330s
progress: nodes=28,310,000,000 tested=1,275 found=0 n=274571664192136869518961 elapsed=1330s
progress: nodes=28,320,000,000 tested=1,275 found=0 n=366448636014555398036733 elapsed=1331s
progress: nodes=28,330,000,000 tested=1,275 found=0 n=69164759099288919747681 elapsed=1331s
progress: nodes=28,340,000,000 tested=1,275 found=0 n=160485676471898063913627 elapsed=1332s
progress: nodes=28,350,000,000 tested=1,275 found=0 n=257893527159676169700939 elapsed=1332s
progress: nodes=28,360,000,000 tested=1,275 found=0 n=361352775200653988182431 elapsed=1333s
progress: nodes=28,370,000,000 tested=1,275 found=0 n=76133309179557820273083 elapsed=1333s
progress: nodes=28,380,000,000 tested=1,275 found=0 n=179596777385770035570279 elapsed=1334s
progress: nodes=28,390,000,000 tested=1,275 found=0 n=290101237579977017603409 elapsed=1334s
progress: nodes=28,400,000,000 tested=1,275 found=0 n=407404046476092381156441 elapsed=1335s
progress: nodes=28,410,000,000 tested=1,275 found=0 n=131410514761698396331107 elapsed=1335s
progress: nodes=28,420,000,000 tested=1,275 found=0 n=250679643368085866695761 elapsed=1336s
progress: nodes=28,430,000,000 tested=1,275 found=0 n=376296308025813294015897 elapsed=1336s
progress: nodes=28,440,000,000 tested=1,275 found=0 n=111550985504712877784661 elapsed=1337s
progress: nodes=28,450,000,000 tested=1,275 found=0 n=238883782006392290208441 elapsed=1337s
progress: nodes=28,460,000,000 tested=1,275 found=0 n=374549565934603714834179 elapsed=1338s
progress: nodes=28,470,000,000 tested=1,275 found=0 n=120962237644873986902541 elapsed=1338s
progress: nodes=28,480,000,000 tested=1,275 found=0 n=259753299166445067212229 elapsed=1339s
progress: nodes=28,490,000,000 tested=1,275 found=0 n=406716802121673984441501 elapsed=1339s
progress: nodes=28,500,000,000 tested=1,275 found=0 n=160343320002445420317477 elapsed=1339s
progress: nodes=28,510,000,000 tested=1,275 found=0 n=310133686810473104205627 elapsed=1340s
progress: nodes=28,520,000,000 tested=1,275 found=0 n=77357710770722708597271 elapsed=1340s
progress: nodes=28,530,000,000 tested=1,275 found=0 n=229058559141622465994739 elapsed=1341s
progress: nodes=28,540,000,000 tested=1,275 found=0 n=391107194701682175299583 elapsed=1341s
progress: nodes=28,550,000,000 tested=1,275 found=0 n=162138225830274615959037 elapsed=1342s
progress: nodes=28,560,000,000 tested=1,275 found=0 n=327659943862521842963391 elapsed=1342s
progress: nodes=28,570,000,000 tested=1,275 found=0 n=108223786797717163333761 elapsed=1343s
progress: nodes=28,580,000,000 tested=1,275 found=0 n=277054945767868990502781 elapsed=1343s
progress: nodes=28,590,000,000 tested=1,275 found=0 n=68054746226903562579453 elapsed=1344s
progress: nodes=28,600,000,000 tested=1,275 found=0 n=240544850493768512302611 elapsed=1344s
progress: nodes=28,610,000,000 tested=1,275 found=0 n=425328568707330061973199 elapsed=1345s
progress: nodes=28,620,000,000 tested=1,275 found=0 n=217166295572804261574891 elapsed=1345s
progress: nodes=28,630,000,000 tested=1,275 found=0 n=406796504873782544522001 elapsed=1346s
progress: nodes=28,640,000,000 tested=1,275 found=0 n=205215495267036171344427 elapsed=1346s
progress: nodes=28,650,000,000 tested=1,275 found=0 n=401704958477572733634651 elapsed=1347s
progress: nodes=28,660,000,000 tested=1,275 found=0 n=208416488163345715011759 elapsed=1347s
progress: nodes=28,670,000,000 tested=1,275 found=0 n=412157778917844120262101 elapsed=1348s
progress: nodes=28,680,000,000 tested=1,275 found=0 n=226026592595402595049053 elapsed=1348s
progress: nodes=28,690,000,000 tested=1,275 found=0 n=53864812657411742343357 elapsed=1349s
progress: nodes=28,700,000,000 tested=1,275 found=0 n=258817412389579404938577 elapsed=1349s
progress: nodes=28,710,000,000 tested=1,275 found=0 n=91191949036718386187331 elapsed=1350s
progress: nodes=28,720,000,000 tested=1,275 found=0 n=305761915946415211065783 elapsed=1350s
progress: nodes=28,730,000,000 tested=1,275 found=0 n=141622163533141044202449 elapsed=1351s
progress: nodes=28,740,000,000 tested=1,275 found=0 n=366261444366574285588059 elapsed=1351s
progress: nodes=28,750,000,000 tested=1,275 found=0 n=205789396311748616730363 elapsed=1352s
progress: nodes=28,760,000,000 tested=1,275 found=0 n=56906282534360650570179 elapsed=1352s
progress: nodes=28,770,000,000 tested=1,275 found=0 n=283955359558132307818773 elapsed=1352s
progress: nodes=28,780,000,000 tested=1,275 found=0 n=136625017550740229592081 elapsed=1353s
progress: nodes=28,790,000,000 tested=1,275 found=0 n=376869406465341285172677 elapsed=1353s
progress: nodes=28,800,000,000 tested=1,275 found=0 n=233141551972103568786993 elapsed=1354s
progress: nodes=28,810,000,000 tested=1,275 found=0 n=98484157590771264459147 elapsed=1354s
progress: nodes=28,820,000,000 tested=1,275 found=0 n=345989681303872106884383 elapsed=1355s
progress: nodes=28,830,000,000 tested=1,275 found=0 n=213659592517750294254339 elapsed=1355s
progress: nodes=28,840,000,000 tested=1,275 found=0 n=90133554256663039773651 elapsed=1356s
progress: nodes=28,850,000,000 tested=1,275 found=0 n=346919000231382304216491 elapsed=1356s
progress: nodes=28,860,000,000 tested=1,275 found=0 n=223905448960078479140547 elapsed=1357s
progress: nodes=28,870,000,000 tested=1,275 found=0 n=107806099391139890139399 elapsed=1357s
progress: nodes=28,880,000,000 tested=1,275 found=0 n=374208395508921630443787 elapsed=1358s
progress: nodes=28,890,000,000 tested=1,275 found=0 n=259353217612063426270419 elapsed=1358s
progress: nodes=28,900,000,000 tested=1,275 found=0 n=150275531138241369401541 elapsed=1359s
progress: nodes=28,910,000,000 tested=1,275 found=0 n=49667684752822218929847 elapsed=1359s
progress: nodes=28,920,000,000 tested=1,275 found=0 n=322275550154229874951749 elapsed=1360s
progress: nodes=28,930,000,000 tested=1,275 found=0 n=220815600609206502296397 elapsed=1360s
progress: nodes=28,940,000,000 tested=1,275 found=0 n=125339942388581337269853 elapsed=1361s
progress: nodes=28,950,000,000 tested=1,275 found=0 n=414585381971584777186233 elapsed=1361s
progress: nodes=28,960,000,000 tested=1,275 found=0 n=321136770478542318068769 elapsed=1362s
progress: nodes=28,970,000,000 tested=1,275 found=0 n=232645660727986714417209 elapsed=1362s
progress: nodes=28,980,000,000 tested=1,275 found=0 n=150597313544538958348251 elapsed=1363s
progress: nodes=28,990,000,000 tested=1,275 found=0 n=74950865530828441771617 elapsed=1363s
progress: nodes=29,000,000,000 tested=1,275 found=0 n=376447445498474581189959 elapsed=1364s
progress: nodes=29,010,000,000 tested=1,275 found=0 n=301275238442435309403351 elapsed=1364s
progress: nodes=29,020,000,000 tested=1,275 found=0 n=229953855108789554611869 elapsed=1365s
progress: nodes=29,030,000,000 tested=1,275 found=0 n=162796733444694601679427 elapsed=1365s
progress: nodes=29,040,000,000 tested=1,275 found=0 n=100529263248164070337017 elapsed=1365s
progress: nodes=29,050,000,000 tested=1,275 found=0 n=419681059098721927880373 elapsed=1366s
progress: nodes=29,060,000,000 tested=1,275 found=0 n=359782116058541456523243 elapsed=1366s
progress: nodes=29,070,000,000 tested=1,275 found=0 n=304160262457919893378353 elapsed=1367s
progress: nodes=29,080,000,000 tested=1,275 found=0 n=253516006265299241495031 elapsed=1367s
progress: nodes=29,090,000,000 tested=1,275 found=0 n=206085161488866610711761 elapsed=1368s
progress: nodes=29,100,000,000 tested=1,275 found=0 n=162196506436662567830961 elapsed=1368s
progress: nodes=29,110,000,000 tested=1,275 found=0 n=121256401376600012634111 elapsed=1369s
progress: nodes=29,120,000,000 tested=1,275 found=0 n=84082907433331573217451 elapsed=1369s
progress: nodes=29,130,000,000 tested=1,275 found=0 n=51441136308077635572453 elapsed=1370s
progress: nodes=29,140,000,000 tested=1,275 found=0 n=393300423949513595642127 elapsed=1370s
progress: nodes=29,150,000,000 tested=1,275 found=0 n=363007870856027074847169 elapsed=1371s
progress: nodes=29,160,000,000 tested=1,275 found=0 n=336480584764921059265803 elapsed=1371s
progress: nodes=29,170,000,000 tested=1,275 found=0 n=312945349335323731797771 elapsed=1372s
progress: nodes=29,180,000,000 tested=1,275 found=0 n=293291939543277691273257 elapsed=1372s
progress: nodes=29,190,000,000 tested=1,275 found=0 n=277795221939826267025349 elapsed=1373s
progress: nodes=29,200,000,000 tested=1,275 found=0 n=265286333464975850128101 elapsed=1373s
progress: nodes=29,210,000,000 tested=1,275 found=0 n=256702856173958923549821 elapsed=1374s
progress: nodes=29,220,000,000 tested=1,275 found=0 n=251631600789849817189653 elapsed=1374s
progress: nodes=29,230,000,000 tested=1,275 found=0 n=249645953769385384762551 elapsed=1375s
progress: nodes=29,240,000,000 tested=1,275 found=0 n=250864345186085412210429 elapsed=1375s
progress: nodes=29,250,000,000 tested=1,275 found=0 n=255283574579617212850221 elapsed=1376s
progress: nodes=29,260,000,000 tested=1,275 found=0 n=262325057952229537233969 elapsed=1376s
progress: nodes=29,270,000,000 tested=1,275 found=0 n=272627181374073163094457 elapsed=1377s
progress: nodes=29,280,000,000 tested=1,275 found=0 n=287277534282856380970707 elapsed=1377s
progress: nodes=29,290,000,000 tested=1,275 found=0 n=304962441199789215761919 elapsed=1378s
progress: nodes=29,300,000,000 tested=1,275 found=0 n=325978612662869923948191 elapsed=1378s
progress: nodes=29,310,000,000 tested=1,275 found=0 n=351120101731491365812539 elapsed=1379s
progress: nodes=29,320,000,000 tested=1,275 found=0 n=379783992796218908678781 elapsed=1379s
progress: nodes=29,330,000,000 tested=1,275 found=0 n=412713136080638336596653 elapsed=1380s
progress: nodes=29,340,000,000 tested=1,275 found=0 n=75781018289025504718263 elapsed=1380s
progress: nodes=29,350,000,000 tested=1,275 found=0 n=112242923159312024706627 elapsed=1381s
progress: nodes=29,360,000,000 tested=1,275 found=0 n=152987076260279724139677 elapsed=1381s
progress: nodes=29,370,000,000 tested=1,275 found=0 n=198117506917330999261263 elapsed=1381s
progress: nodes=29,380,000,000 tested=1,275 found=0 n=247713408425370635919171 elapsed=1382s
progress: nodes=29,390,000,000 tested=1,275 found=0 n=300907768638339747401517 elapsed=1382s
progress: nodes=29,400,000,000 tested=1,275 found=0 n=358163722534423710982077 elapsed=1383s
progress: nodes=29,410,000,000 tested=1,275 found=0 n=51047941069181966258349 elapsed=1383s
progress: nodes=29,420,000,000 tested=1,275 found=0 n=110835483065165543213529 elapsed=1384s
progress: nodes=29,430,000,000 tested=1,275 found=0 n=176364511937692683375771 elapsed=1384s
progress: nodes=29,440,000,000 tested=1,275 found=0 n=246175940371638028094343 elapsed=1385s
progress: nodes=29,450,000,000 tested=1,275 found=0 n=320266532634546889924533 elapsed=1385s
progress: nodes=29,460,000,000 tested=1,275 found=0 n=397847557535106269614023 elapsed=1386s
progress: nodes=29,470,000,000 tested=1,275 found=0 n=103962050788083385788891 elapsed=1386s
progress: nodes=29,480,000,000 tested=1,275 found=0 n=183704616579639910073319 elapsed=1387s
progress: nodes=29,490,000,000 tested=1,275 found=0 n=269483544205535687596569 elapsed=1387s
progress: nodes=29,500,000,000 tested=1,275 found=0 n=359727026817179644920297 elapsed=1388s
progress: nodes=29,510,000,000 tested=1,275 found=0 n=83190349785338878201119 elapsed=1388s
progress: nodes=29,520,000,000 tested=1,275 found=0 n=174143581009158760626627 elapsed=1389s
progress: nodes=29,530,000,000 tested=1,275 found=0 n=271477485273413483397333 elapsed=1389s
progress: nodes=29,540,000,000 tested=1,275 found=0 n=374786019794090787325443 elapsed=1390s
progress: nodes=29,550,000,000 tested=1,275 found=0 n=110306818347629578982307 elapsed=1390s
progress: nodes=29,560,000,000 tested=1,275 found=0 n=216446060385563567375817 elapsed=1391s
progress: nodes=29,570,000,000 tested=1,275 found=0 n=328796364338024643038979 elapsed=1391s
progress: nodes=29,580,000,000 tested=1,275 found=0 n=77243953074327777074337 elapsed=1392s
progress: nodes=29,590,000,000 tested=1,275 found=0 n=190459773258895423492209 elapsed=1392s
progress: nodes=29,600,000,000 tested=1,275 found=0 n=311779843195029461220969 elapsed=1393s
progress: nodes=29,610,000,000 tested=1,275 found=0 n=71095020863144018061321 elapsed=1393s
progress: nodes=29,620,000,000 tested=1,275 found=0 n=193177348085764199208051 elapsed=1394s
progress: nodes=29,630,000,000 tested=1,275 found=0 n=324376164770717851738947 elapsed=1394s
progress: nodes=29,640,000,000 tested=1,275 found=0 n=92619324248243204799387 elapsed=1395s
progress: nodes=29,650,000,000 tested=1,275 found=0 n=226079497170587490202773 elapsed=1395s
progress: nodes=29,660,000,000 tested=1,275 found=0 n=367441003591811740249659 elapsed=1396s
progress: nodes=29,670,000,000 tested=1,275 found=0 n=140803372248799222309347 elapsed=1396s
progress: nodes=29,680,000,000 tested=1,275 found=0 n=284741762144176688452101 elapsed=1397s
progress: nodes=29,690,000,000 tested=1,275 found=0 n=69265661251677680780991 elapsed=1397s
progress: nodes=29,700,000,000 tested=1,275 found=0 n=214303710627520061609061 elapsed=1398s
progress: nodes=29,710,000,000 tested=1,275 found=0 n=369875890522866587927067 elapsed=1398s
progress: nodes=29,720,000,000 tested=1,275 found=0 n=157413376429714080616941 elapsed=1399s
progress: nodes=29,730,000,000 tested=1,275 found=0 n=317137515909765237780093 elapsed=1399s
progress: nodes=29,740,000,000 tested=1,275 found=0 n=114959045113485249597921 elapsed=1400s
progress: nodes=29,750,000,000 tested=1,275 found=0 n=279607166453803773966381 elapsed=1400s
progress: nodes=29,760,000,000 tested=1,275 found=0 n=86058928659550618975203 elapsed=1400s
progress: nodes=29,770,000,000 tested=1,275 found=0 n=254313509556520210013217 elapsed=1401s
progress: nodes=29,780,000,000 tested=1,275 found=0 n=68584035348875801858103 elapsed=1401s
progress: nodes=29,790,000,000 tested=1,275 found=0 n=241651638188750697450543 elapsed=1402s
progress: nodes=29,800,000,000 tested=1,275 found=0 n=64361176610717059096023 elapsed=1402s
progress: nodes=29,810,000,000 tested=1,275 found=0 n=244729399045953569294547 elapsed=1403s
progress: nodes=29,820,000,000 tested=1,275 found=0 n=74086339980314371893183 elapsed=1403s
progress: nodes=29,830,000,000 tested=1,275 found=0 n=262747469284772953738257 elapsed=1404s
progress: nodes=29,840,000,000 tested=1,275 found=0 n=97444175686822114661511 elapsed=1404s
progress: nodes=29,850,000,000 tested=1,275 found=0 n=294317737258994469379359 elapsed=1405s
progress: nodes=29,860,000,000 tested=1,275 found=0 n=133267475290945685148459 elapsed=1405s
progress: nodes=29,870,000,000 tested=1,275 found=0 n=337966674558857134860069 elapsed=1406s
progress: nodes=29,880,000,000 tested=1,275 found=0 n=180054232082025420832713 elapsed=1406s
progress: nodes=29,890,000,000 tested=1,275 found=0 n=393968211037705667932569 elapsed=1407s
progress: nodes=29,900,000,000 tested=1,275 found=0 n=241871711816430737048007 elapsed=1407s
progress: nodes=29,910,000,000 tested=1,275 found=0 n=99665939771587442670417 elapsed=1408s
progress: nodes=29,920,000,000 tested=1,275 found=0 n=319009579204065448766067 elapsed=1408s
progress: nodes=29,930,000,000 tested=1,275 found=0 n=179573204354710188149127 elapsed=1409s
progress: nodes=29,940,000,000 tested=1,275 found=0 n=409723650252778709458611 elapsed=1409s
progress: nodes=29,950,000,000 tested=1,275 found=0 n=273023867181219006343491 elapsed=1410s
progress: nodes=29,960,000,000 tested=1,275 found=0 n=143964574526047093910091 elapsed=1410s
progress: nodes=29,970,000,000 tested=1,275 found=0 n=380735065539356762575341 elapsed=1411s
progress: nodes=29,980,000,000 tested=1,275 found=0 n=254656678506370016669793 elapsed=1411s
progress: nodes=29,990,000,000 tested=1,275 found=0 n=135926626858747345922301 elapsed=1412s
progress: nodes=30,000,000,000 tested=1,275 found=0 n=382877959077507623042313 elapsed=1412s
progress: nodes=30,010,000,000 tested=1,275 found=0 n=267458002597376218326699 elapsed=1413s
progress: nodes=30,020,000,000 tested=1,275 found=0 n=158436470472907499085213 elapsed=1413s
progress: nodes=30,030,000,000 tested=1,275 found=0 n=57729468225379224202929 elapsed=1414s
progress: nodes=30,040,000,000 tested=1,275 found=0 n=310588057295765846650053 elapsed=1414s
progress: nodes=30,050,000,000 tested=1,275 found=0 n=210706372242768569216049 elapsed=1415s
progress: nodes=30,060,000,000 tested=1,275 found=0 n=117217558088162552459439 elapsed=1415s
progress: nodes=30,070,000,000 tested=1,275 found=0 n=386551343924276789911653 elapsed=1416s
progress: nodes=30,080,000,000 tested=1,275 found=0 n=294861452569683458650191 elapsed=1416s
progress: nodes=30,090,000,000 tested=1,275 found=0 n=208491842210285027853459 elapsed=1417s
progress: nodes=30,100,000,000 tested=1,275 found=0 n=126822570983660555020017 elapsed=1417s
progress: nodes=30,110,000,000 tested=1,275 found=0 n=51387055996237270141833 elapsed=1418s
progress: nodes=30,120,000,000 tested=1,275 found=0 n=328827273441930757575081 elapsed=1418s
progress: nodes=30,130,000,000 tested=1,275 found=0 n=254745458799567757664643 elapsed=1419s
progress: nodes=30,140,000,000 tested=1,275 found=0 n=185620383575400304489959 elapsed=1419s
progress: nodes=30,150,000,000 tested=1,275 found=0 n=120934870688928590106813 elapsed=1420s
progress: nodes=30,160,000,000 tested=1,275 found=0 n=61334943483583214682237 elapsed=1420s
progress: nodes=30,170,000,000 tested=1,275 found=0 n=357073449806432905949403 elapsed=1421s
progress: nodes=30,180,000,000 tested=1,275 found=0 n=301054398272410344538977 elapsed=1421s
progress: nodes=30,190,000,000 tested=1,275 found=0 n=250057641842860535004321 elapsed=1421s
progress: nodes=30,200,000,000 tested=1,275 found=0 n=202555774175687449606089 elapsed=1422s
progress: nodes=30,210,000,000 tested=1,275 found=0 n=158673282287449842974061 elapsed=1422s
progress: nodes=30,220,000,000 tested=1,275 found=0 n=118622423042840835509391 elapsed=1423s
progress: nodes=30,230,000,000 tested=1,275 found=0 n=82501578356756004637191 elapsed=1423s
progress: nodes=30,240,000,000 tested=1,275 found=0 n=404443511341562758278213 elapsed=1424s
progress: nodes=30,250,000,000 tested=1,275 found=0 n=371438508884032652411349 elapsed=1424s
progress: nodes=30,260,000,000 tested=1,275 found=0 n=342614758591184793957243 elapsed=1425s
progress: nodes=30,270,000,000 tested=1,275 found=0 n=317311688178274515855129 elapsed=1425s
progress: nodes=30,280,000,000 tested=1,275 found=0 n=295659891104620926300417 elapsed=1426s
progress: nodes=30,290,000,000 tested=1,275 found=0 n=277066992147443107152543 elapsed=1426s
progress: nodes=30,300,000,000 tested=1,275 found=0 n=261773651580840039003363 elapsed=1427s
progress: nodes=30,310,000,000 tested=1,275 found=0 n=249833586158536672411119 elapsed=1427s
progress: nodes=30,320,000,000 tested=1,275 found=0 n=241713882202731906360393 elapsed=1428s
progress: nodes=30,330,000,000 tested=1,275 found=0 n=237154520600948246645349 elapsed=1428s
progress: nodes=30,340,000,000 tested=1,275 found=0 n=235897431338463432707169 elapsed=1429s
progress: nodes=30,350,000,000 tested=1,275 found=0 n=238355889775342091205453 elapsed=1429s
progress: nodes=30,360,000,000 tested=1,275 found=0 n=244354668716532069717021 elapsed=1430s
progress: nodes=30,370,000,000 tested=1,275 found=0 n=253831429016826341517837 elapsed=1430s
progress: nodes=30,380,000,000 tested=1,275 found=0 n=266440219328942473301487 elapsed=1431s
progress: nodes=30,390,000,000 tested=1,275 found=0 n=282359776255318277298783 elapsed=1431s
progress: nodes=30,400,000,000 tested=1,275 found=0 n=302441830899864857758557 elapsed=1432s
progress: nodes=30,410,000,000 tested=1,275 found=0 n=326503039659366086429913 elapsed=1432s
progress: nodes=30,420,000,000 tested=1,275 found=0 n=353738185824429385922943 elapsed=1433s
progress: nodes=30,430,000,000 tested=1,275 found=0 n=384078175559971247171817 elapsed=1433s
progress: nodes=30,440,000,000 tested=1,275 found=0 n=65963831631906396439251 elapsed=1434s
progress: nodes=30,450,000,000 tested=1,275 found=0 n=100273557399556010218749 elapsed=1434s
progress: nodes=30,460,000,000 tested=1,275 found=0 n=139025817807131131803927 elapsed=1435s
progress: nodes=30,470,000,000 tested=1,275 found=0 n=181866835316150380913517 elapsed=1435s
progress: nodes=30,480,000,000 tested=1,275 found=0 n=228734996499095021706771 elapsed=1436s
progress: nodes=30,490,000,000 tested=1,275 found=0 n=279541393379487791623071 elapsed=1436s
progress: nodes=30,500,000,000 tested=1,275 found=0 n=335392464598724673151011 elapsed=1437s
progress: nodes=30,510,000,000 tested=1,275 found=0 n=395068577631570960834717 elapsed=1437s
progress: nodes=30,520,000,000 tested=1,275 found=0 n=104371045580761082602479 elapsed=1438s
progress: nodes=30,530,000,000 tested=1,275 found=0 n=168132761866891672259409 elapsed=1438s
progress: nodes=30,540,000,000 tested=1,275 found=0 n=236793330906288629413941 elapsed=1438s
progress: nodes=30,550,000,000 tested=1,275 found=0 n=309449486250674738961993 elapsed=1439s
progress: nodes=30,560,000,000 tested=1,275 found=0 n=385635768983214293901357 elapsed=1439s
progress: nodes=30,570,000,000 tested=1,275 found=0 n=111571549360463664010539 elapsed=1440s
progress: nodes=30,580,000,000 tested=1,275 found=0 n=190314835858214390570247 elapsed=1440s
progress: nodes=30,590,000,000 tested=1,275 found=0 n=274195462054077277672959 elapsed=1441s
progress: nodes=30,600,000,000 tested=1,275 found=0 n=362587065330598597405917 elapsed=1441s
progress: nodes=30,610,000,000 tested=1,275 found=0 n=102202122250760709636459 elapsed=1442s
progress: nodes=30,620,000,000 tested=1,275 found=0 n=192434407492814376072183 elapsed=1442s
progress: nodes=30,630,000,000 tested=1,275 found=0 n=288968046077634238057743 elapsed=1443s
progress: nodes=30,640,000,000 tested=1,275 found=0 n=390615105403141024579173 elapsed=1443s
progress: nodes=30,650,000,000 tested=1,275 found=0 n=141594145708739229378873 elapsed=1444s
progress: nodes=30,660,000,000 tested=1,275 found=0 n=246742070762157595768143 elapsed=1444s
progress: nodes=30,670,000,000 tested=1,275 found=0 n=358394514409720473704019 elapsed=1445s
progress: nodes=30,680,000,000 tested=1,275 found=0 n=121941377368418618919909 elapsed=1445s
progress: nodes=30,690,000,000 tested=1,275 found=0 n=236416186568387282297841 elapsed=1446s
progress: nodes=30,700,000,000 tested=1,275 found=0 n=358317557234188343598807 elapsed=1446s
progress: nodes=30,710,000,000 tested=1,275 found=0 n=133378109543788642860327 elapsed=1447s
progress: nodes=30,720,000,000 tested=1,275 found=0 n=259846130722699117640043 elapsed=1447s
progress: nodes=30,730,000,000 tested=1,275 found=0 n=394563327285612511773747 elapsed=1448s
progress: nodes=30,740,000,000 tested=1,275 found=0 n=178227733716780056632323 elapsed=1448s
progress: nodes=30,750,000,000 tested=1,275 found=0 n=316630404795632411240757 elapsed=1449s
progress: nodes=30,760,000,000 tested=1,275 found=0 n=110414829247472125939563 elapsed=1449s
progress: nodes=30,770,000,000 tested=1,275 found=0 n=252038853909859548845313 elapsed=1450s
progress: nodes=30,780,000,000 tested=1,275 found=0 n=58025312744970276713007 elapsed=1450s
progress: nodes=30,790,000,000 tested=1,275 found=0 n=203284436575705857735363 elapsed=1451s
progress: nodes=30,800,000,000 tested=1,275 found=0 n=360164432378386357604883 elapsed=1451s
progress: nodes=30,810,000,000 tested=1,275 found=0 n=169347442564258730534763 elapsed=1452s
progress: nodes=30,820,000,000 tested=1,275 found=0 n=331235519134549806113337 elapsed=1452s
progress: nodes=30,830,000,000 tested=1,275 found=0 n=148030255112850362989737 elapsed=1453s
progress: nodes=30,840,000,000 tested=1,275 found=0 n=315724523769175029688179 elapsed=1453s
progress: nodes=30,850,000,000 tested=1,275 found=0 n=140090218518893383964223 elapsed=1454s
progress: nodes=30,860,000,000 tested=1,275 found=0 n=313709802506347564644327 elapsed=1454s
progress: nodes=30,870,000,000 tested=1,275 found=0 n=145894893559562460992679 elapsed=1455s
progress: nodes=30,880,000,000 tested=1,275 found=0 n=327259718408092969888389 elapsed=1455s
progress: nodes=30,890,000,000 tested=1,275 found=0 n=165098662360452193341969 elapsed=1456s
progress: nodes=30,900,000,000 tested=1,275 found=0 n=354865422193216303195827 elapsed=1456s
progress: nodes=30,910,000,000 tested=1,275 found=0 n=200138921702181937155681 elapsed=1456s
progress: nodes=30,920,000,000 tested=1,275 found=0 n=56977977598927577551359 elapsed=1457s
progress: nodes=30,930,000,000 tested=1,275 found=0 n=250924583987679462864003 elapsed=1457s
progress: nodes=30,940,000,000 tested=1,275 found=0 n=111255533186153243040153 elapsed=1458s
progress: nodes=30,950,000,000 tested=1,275 found=0 n=316887288108546730794219 elapsed=1458s
progress: nodes=30,960,000,000 tested=1,275 found=0 n=181941073390964650293531 elapsed=1459s
progress: nodes=30,970,000,000 tested=1,275 found=0 n=57424255359431186283057 elapsed=1459s
progress: nodes=30,980,000,000 tested=1,275 found=0 n=269115893794945035189351 elapsed=1460s
progress: nodes=30,990,000,000 tested=1,275 found=0 n=146575002627723813424281 elapsed=1460s
progress: nodes=31,000,000,000 tested=1,275 found=0 n=371483047281568448985759 elapsed=1461s
progress: nodes=31,010,000,000 tested=1,275 found=0 n=252422208968874649501797 elapsed=1461s
progress: nodes=31,020,000,000 tested=1,275 found=0 n=140161477347280401075063 elapsed=1462s
progress: nodes=31,030,000,000 tested=1,275 found=0 n=374569936335235657075059 elapsed=1462s
progress: nodes=31,040,000,000 tested=1,275 found=0 n=266221895835367396821897 elapsed=1463s
progress: nodes=31,050,000,000 tested=1,275 found=0 n=164763132008088365668917 elapsed=1463s
progress: nodes=31,060,000,000 tested=1,275 found=0 n=70308482987430207719199 elapsed=1464s
progress: nodes=31,070,000,000 tested=1,275 found=0 n=313808099405528175274827 elapsed=1464s
progress: nodes=31,080,000,000 tested=1,275 found=0 n=220684907487269386710549 elapsed=1465s
progress: nodes=31,090,000,000 tested=1,275 found=0 n=133024747245033033789399 elapsed=1465s
progress: nodes=31,100,000,000 tested=1,275 found=0 n=390344825468178134254701 elapsed=1465s
progress: nodes=31,110,000,000 tested=1,275 found=0 n=304507801218306607614693 elapsed=1466s
progress: nodes=31,120,000,000 tested=1,275 found=0 n=223503172423336577132361 elapsed=1466s
progress: nodes=31,130,000,000 tested=1,275 found=0 n=148485486495470471678331 elapsed=1467s
progress: nodes=31,140,000,000 tested=1,275 found=0 n=78186368333448246889017 elapsed=1467s
progress: nodes=31,150,000,000 tested=1,275 found=0 n=347142193597454935058379 elapsed=1468s
progress: nodes=31,160,000,000 tested=1,275 found=0 n=279104578100128880662563 elapsed=1468s
progress: nodes=31,170,000,000 tested=1,275 found=0 n=215734888003832499739437 elapsed=1469s
progress: nodes=31,180,000,000 tested=1,275 found=0 n=157078962783993804805251 elapsed=1469s
progress: nodes=31,190,000,000 tested=1,275 found=0 n=103093650435682623617901 elapsed=1470s
progress: nodes=31,200,000,000 tested=1,275 found=0 n=53504973867374330814513 elapsed=1470s
progress: nodes=31,210,000,000 tested=1,275 found=0 n=338868669084560964512163 elapsed=1471s
progress: nodes=31,220,000,000 tested=1,275 found=0 n=290962450206538384747473 elapsed=1471s
progress: nodes=31,230,000,000 tested=1,276 found=0 n=246346691991384939865911 elapsed=1472s
progress: nodes=31,240,000,000 tested=1,276 found=0 n=206381296416043691669727 elapsed=1472s
progress: nodes=31,250,000,000 tested=1,276 found=0 n=170893871671199691055041 elapsed=1473s
progress: nodes=31,260,000,000 tested=1,276 found=0 n=139627375722762449695173 elapsed=1473s
progress: nodes=31,270,000,000 tested=1,276 found=0 n=112075099492905757044837 elapsed=1474s
progress: nodes=31,280,000,000 tested=1,276 found=0 n=88028855606121173773029 elapsed=1474s
progress: nodes=31,290,000,000 tested=1,276 found=0 n=66857308961981922453069 elapsed=1475s
progress: nodes=31,300,000,000 tested=1,276 found=0 n=383890534475116141343871 elapsed=1475s
progress: nodes=31,310,000,000 tested=1,276 found=0 n=368076437327003248380537 elapsed=1475s
progress: nodes=31,320,000,000 tested=1,276 found=0 n=355150897273118321818443 elapsed=1476s
progress: nodes=31,330,000,000 tested=1,276 found=0 n=344830553717658755199453 elapsed=1476s
progress: nodes=31,340,000,000 tested=1,276 found=0 n=338788230025135458755187 elapsed=1477s
progress: nodes=31,350,000,000 tested=1,276 found=0 n=335908227896610412960917 elapsed=1477s
progress: nodes=31,360,000,000 tested=1,276 found=0 n=336920431735516350120399 elapsed=1478s
progress: nodes=31,370,000,000 tested=1,276 found=0 n=341094112302308428400337 elapsed=1478s
progress: nodes=31,380,000,000 tested=1,276 found=0 n=348453971548327419541767 elapsed=1479s
progress: nodes=31,390,000,000 tested=1,276 found=0 n=359816116671554305942179 elapsed=1479s
progress: nodes=31,400,000,000 tested=1,276 found=0 n=374318239014171252161361 elapsed=1480s
progress: nodes=31,410,000,000 tested=1,276 found=0 n=59569489263009301739163 elapsed=1480s
progress: nodes=31,420,000,000 tested=1,276 found=0 n=79748492457963508788609 elapsed=1481s
progress: nodes=31,430,000,000 tested=1,276 found=0 n=103810300770810607136163 elapsed=1481s
progress: nodes=31,440,000,000 tested=1,276 found=0 n=132083524661122360815489 elapsed=1482s
progress: nodes=31,450,000,000 tested=1,276 found=0 n=164700549338233083404229 elapsed=1482s
progress: nodes=31,460,000,000 tested=1,276 found=0 n=200601489592721646696267 elapsed=1483s
progress: nodes=31,470,000,000 tested=1,276 found=0 n=240816155906764534757661 elapsed=1483s
progress: nodes=31,480,000,000 tested=1,276 found=0 n=285047445038444660068497 elapsed=1484s
progress: nodes=31,490,000,000 tested=1,276 found=0 n=334502513280120086410509 elapsed=1484s
progress: nodes=31,500,000,000 tested=1,276 found=0 n=55415611536693933233709 elapsed=1485s
progress: nodes=31,510,000,000 tested=1,276 found=0 n=106355121504331725332307 elapsed=1485s
progress: nodes=31,520,000,000 tested=1,276 found=0 n=161754809620248342428931 elapsed=1485s
progress: nodes=31,530,000,000 tested=1,276 found=0 n=221655451873575813372279 elapsed=1486s
progress: nodes=31,540,000,000 tested=1,276 found=0 n=286187770245698774109657 elapsed=1486s
progress: nodes=31,550,000,000 tested=1,276 found=0 n=354870981810668679048693 elapsed=1487s
progress: nodes=31,560,000,000 tested=1,276 found=0 n=91504925965536268013829 elapsed=1487s
progress: nodes=31,570,000,000 tested=1,276 found=0 n=162204454815430848844023 elapsed=1488s
progress: nodes=31,580,000,000 tested=1,276 found=0 n=238511057125277681453709 elapsed=1488s
progress: nodes=31,590,000,000 tested=1,276 found=0 n=319925669989453067989449 elapsed=1489s
progress: nodes=31,600,000,000 tested=1,276 found=0 n=73519551995057292911787 elapsed=1489s
progress: nodes=31,610,000,000 tested=1,276 found=0 n=156373051366240791335253 elapsed=1490s
progress: nodes=31,620,000,000 tested=1,276 found=0 n=245440648228246545481407 elapsed=1490s
progress: nodes=31,630,000,000 tested=1,276 found=0 n=339610178803738377337803 elapsed=1491s
progress: nodes=31,640,000,000 tested=1,276 found=0 n=103392947195971039059453 elapsed=1491s
progress: nodes=31,650,000,000 tested=1,276 found=0 n=200219428491388450415271 elapsed=1492s
progress: nodes=31,660,000,000 tested=1,276 found=0 n=303479364245713548159267 elapsed=1492s
progress: nodes=31,670,000,000 tested=1,276 found=0 n=80019679394625149480301 elapsed=1493s
progress: nodes=31,680,000,000 tested=1,276 found=0 n=185046551779897373338773 elapsed=1493s
progress: nodes=31,690,000,000 tested=1,276 found=0 n=298390869182074171055553 elapsed=1494s
progress: nodes=31,700,000,000 tested=1,276 found=0 n=84770163629973470670021 elapsed=1494s
progress: nodes=31,710,000,000 tested=1,276 found=0 n=200706315839300321993943 elapsed=1495s
progress: nodes=31,720,000,000 tested=1,276 found=0 n=324648561683890866060639 elapsed=1495s
progress: nodes=31,730,000,000 tested=1,276 found=0 n=119405850229544441756193 elapsed=1495s
progress: nodes=31,740,000,000 tested=1,276 found=0 n=246082533353726973142239 elapsed=1496s
progress: nodes=31,750,000,000 tested=1,276 found=0 n=380704942862063068910661 elapsed=1496s
progress: nodes=31,760,000,000 tested=1,276 found=0 n=182284518989960168014233 elapsed=1497s
progress: nodes=31,770,000,000 tested=1,276 found=0 n=321796343257822949214699 elapsed=1497s
progress: nodes=31,780,000,000 tested=1,276 found=0 n=134692617290034586862079 elapsed=1498s
progress: nodes=31,790,000,000 tested=1,276 found=0 n=280456459612785906230781 elapsed=1498s
progress: nodes=31,800,000,000 tested=1,276 found=0 n=101842829186085118794663 elapsed=1499s
progress: nodes=31,810,000,000 tested=1,276 found=0 n=252829739428679413463463 elapsed=1499s
progress: nodes=31,820,000,000 tested=1,276 found=0 n=83169887906462078512791 elapsed=1500s
progress: nodes=31,830,000,000 tested=1,276 found=0 n=238644441663750489488121 elapsed=1500s
progress: nodes=31,840,000,000 tested=1,276 found=0 n=76133428727336789401593 elapsed=1501s
progress: nodes=31,850,000,000 tested=1,276 found=0 n=237647394151047862698717 elapsed=1501s
progress: nodes=31,860,000,000 tested=1,276 found=0 n=81001727157713874288777 elapsed=1502s
progress: nodes=31,870,000,000 tested=1,276 found=0 n=248690056613128158809781 elapsed=1502s
progress: nodes=31,880,000,000 tested=1,276 found=0 n=97667657819942932815093 elapsed=1503s
progress: nodes=31,890,000,000 tested=1,276 found=0 n=274451220234426326214123 elapsed=1503s
progress: nodes=31,900,000,000 tested=1,276 found=0 n=129519470104835742294363 elapsed=1504s
progress: nodes=31,910,000,000 tested=1,276 found=0 n=315679563201430683798543 elapsed=1504s
progress: nodes=31,920,000,000 tested=1,276 found=0 n=176776093085250913371117 elapsed=1504s
progress: nodes=31,930,000,000 tested=1,276 found=0 n=372536002383779961547821 elapsed=1505s
progress: nodes=31,940,000,000 tested=1,276 found=0 n=237605710896823267309311 elapsed=1505s
progress: nodes=31,950,000,000 tested=1,276 found=0 n=111495210045934559906061 elapsed=1506s
progress: nodes=31,960,000,000 tested=1,276 found=0 n=312423087437470734507783 elapsed=1506s
progress: nodes=31,970,000,000 tested=1,276 found=0 n=188770583795335434405513 elapsed=1507s
progress: nodes=31,980,000,000 tested=1,276 found=0 n=73845697384291636612809 elapsed=1507s
progress: nodes=31,990,000,000 tested=1,276 found=0 n=281434554610177797607779 elapsed=1508s
progress: nodes=32,000,000,000 tested=1,276 found=0 n=168526851796505584230849 elapsed=1508s
progress: nodes=32,010,000,000 tested=1,276 found=0 n=63868375158956437280211 elapsed=1509s
progress: nodes=32,020,000,000 tested=1,276 found=0 n=279837841552004721036051 elapsed=1509s
progress: nodes=32,030,000,000 tested=1,276 found=0 n=176913045049449596598711 elapsed=1510s
progress: nodes=32,040,000,000 tested=1,276 found=0 n=80790417712670354641953 elapsed=1510s
progress: nodes=32,050,000,000 tested=1,276 found=0 n=307938071810072983466187 elapsed=1511s
progress: nodes=32,060,000,000 tested=1,276 found=0 n=215749224588572973959661 elapsed=1511s
progress: nodes=32,070,000,000 tested=1,276 found=0 n=129280119677552345468967 elapsed=1512s
progress: nodes=32,080,000,000 tested=1,276 found=0 n=371660062280463934696719 elapsed=1512s
progress: nodes=32,090,000,000 tested=1,276 found=0 n=287861084517046227067881 elapsed=1513s
progress: nodes=32,100,000,000 tested=1,276 found=0 n=207924243404779783012131 elapsed=1513s
progress: nodes=32,110,000,000 tested=1,276 found=0 n=133523918255055482054901 elapsed=1514s
progress: nodes=32,120,000,000 tested=1,276 found=0 n=65012046184012427200701 elapsed=1514s
progress: nodes=32,130,000,000 tested=1,276 found=0 n=316773489208308137804799 elapsed=1514s
progress: nodes=32,140,000,000 tested=1,276 found=0 n=249613115312164082281803 elapsed=1515s
progress: nodes=32,150,000,000 tested=1,276 found=0 n=186946849083764720739789 elapsed=1515s
progress: nodes=32,160,000,000 tested=1,276 found=0 n=128689818549778945219761 elapsed=1516s
progress: nodes=32,170,000,000 tested=1,276 found=0 n=76190514489357865375779 elapsed=1516s
progress: nodes=32,180,000,000 tested=1,276 found=0 n=346385100870397767749571 elapsed=1517s
progress: nodes=32,190,000,000 tested=1,276 found=0 n=296760093553657906573401 elapsed=1517s
progress: nodes=32,200,000,000 tested=1,276 found=0 n=251067665965079222490231 elapsed=1518s
progress: nodes=32,210,000,000 tested=1,276 found=0 n=209403400492457933742981 elapsed=1518s
progress: nodes=32,220,000,000 tested=1,276 found=0 n=171903995037938908731987 elapsed=1519s
progress: nodes=32,230,000,000 tested=1,276 found=0 n=139432451181415702020711 elapsed=1519s
progress: nodes=32,240,000,000 tested=1,276 found=0 n=110509410506465690202483 elapsed=1520s
progress: nodes=32,250,000,000 tested=1,276 found=0 n=86354081694474268033359 elapsed=1520s
progress: nodes=32,260,000,000 tested=1,276 found=0 n=66776496640549998535233 elapsed=1521s
progress: nodes=32,270,000,000 tested=1,276 found=0 n=368793753172665973401249 elapsed=1521s
progress: nodes=32,280,000,000 tested=1,276 found=0 n=352704341284003826788671 elapsed=1522s
progress: nodes=32,290,000,000 tested=1,276 found=0 n=339739007692952162646351 elapsed=1522s
progress: nodes=32,300,000,000 tested=1,276 found=0 n=330849629160581939485077 elapsed=1523s
progress: nodes=32,310,000,000 tested=1,276 found=0 n=325282365693208940127111 elapsed=1523s
progress: nodes=32,320,000,000 tested=1,277 found=0 n=323422437241726235540127 elapsed=1524s
progress: nodes=32,330,000,000 tested=1,277 found=0 n=325047130985639026553589 elapsed=1524s
progress: nodes=32,340,000,000 tested=1,277 found=0 n=330461251417724856125697 elapsed=1524s
progress: nodes=32,350,000,000 tested=1,277 found=0 n=339114188655064856596563 elapsed=1525s
progress: nodes=32,360,000,000 tested=1,277 found=0 n=350500375928748426444063 elapsed=1525s
progress: nodes=32,370,000,000 tested=1,277 found=0 n=365522194925959760047359 elapsed=1526s
progress: nodes=32,380,000,000 tested=1,277 found=0 n=64950557413022665571187 elapsed=1526s
progress: nodes=32,390,000,000 tested=1,277 found=0 n=84624498902560986936567 elapsed=1527s
progress: nodes=32,400,000,000 tested=1,277 found=0 n=107786918405191783538781 elapsed=1527s
progress: nodes=32,410,000,000 tested=1,277 found=0 n=134526318430711828754133 elapsed=1528s
progress: nodes=32,420,000,000 tested=1,277 found=0 n=165550520564567671529997 elapsed=1528s
progress: nodes=32,430,000,000 tested=1,277 found=0 n=199962939746565376267887 elapsed=1529s
progress: nodes=32,440,000,000 tested=1,277 found=0 n=237858353768450794876497 elapsed=1529s
progress: nodes=32,450,000,000 tested=1,277 found=0 n=279246538821310863033231 elapsed=1530s
progress: nodes=32,460,000,000 tested=1,277 found=0 n=324543472165275451279191 elapsed=1530s
progress: nodes=32,470,000,000 tested=1,277 found=0 n=58262677754832070837317 elapsed=1531s
progress: nodes=32,480,000,000 tested=1,277 found=0 n=107438805161359461106317 elapsed=1531s
progress: nodes=32,490,000,000 tested=1,277 found=0 n=161627879721064702002057 elapsed=1532s
progress: nodes=32,500,000,000 tested=1,277 found=0 n=221746695857911977629877 elapsed=1532s
progress: nodes=32,510,000,000 tested=1,277 found=0 n=286356406995949657005639 elapsed=1533s
progress: nodes=32,520,000,000 tested=1,277 found=0 n=354680851378973818009311 elapsed=1533s
progress: nodes=32,530,000,000 tested=1,277 found=0 n=106023606703138175392341 elapsed=1534s
progress: nodes=32,540,000,000 tested=1,277 found=0 n=177800930378080022730717 elapsed=1534s
progress: nodes=32,550,000,000 tested=1,277 found=0 n=255185223407461745411013 elapsed=1534s
progress: nodes=32,560,000,000 tested=1,277 found=0 n=337684979600012268643419 elapsed=1535s
progress: nodes=32,570,000,000 tested=1,277 found=0 n=104815120171940228537487 elapsed=1535s
progress: nodes=32,580,000,000 tested=1,277 found=0 n=190374423756596190600489 elapsed=1536s
progress: nodes=32,590,000,000 tested=1,277 found=0 n=280943960223432674136969 elapsed=1536s
progress: nodes=32,600,000,000 tested=1,277 found=0 n=62040168229904906108067 elapsed=1537s
progress: nodes=32,610,000,000 tested=1,277 found=0 n=155109837150074922122007 elapsed=1537s
progress: nodes=32,620,000,000 tested=1,277 found=0 n=255056566228679451877641 elapsed=1538s
progress: nodes=32,630,000,000 tested=1,277 found=0 n=360687297992288614133787 elapsed=1538s
progress: nodes=32,640,000,000 tested=1,277 found=0 n=148852007964426359173581 elapsed=1539s
progress: nodes=32,650,000,000 tested=1,277 found=0 n=257829736272767697319281 elapsed=1539s
progress: nodes=32,660,000,000 tested=1,277 found=0 n=59121480116313323525817 elapsed=1540s
progress: nodes=32,670,000,000 tested=1,277 found=0 n=170217521481670125800337 elapsed=1540s
progress: nodes=32,680,000,000 tested=1,277 found=0 n=290204483420593584335493 elapsed=1541s
progress: nodes=32,690,000,000 tested=1,277 found=0 n=99691737658539133110003 elapsed=1541s
progress: nodes=32,700,000,000 tested=1,277 found=0 n=224211153537116599911057 elapsed=1542s
progress: nodes=32,710,000,000 tested=1,277 found=0 n=356605974667965016271277 elapsed=1542s
progress: nodes=32,720,000,000 tested=1,277 found=0 n=171786378668061194874837 elapsed=1543s
progress: nodes=32,730,000,000 tested=1,277 found=0 n=308850983303842325216871 elapsed=1543s
progress: nodes=32,740,000,000 tested=1,277 found=0 n=133528644281560505364387 elapsed=1543s
progress: nodes=32,750,000,000 tested=1,277 found=0 n=276531558998968259493507 elapsed=1544s
progress: nodes=32,760,000,000 tested=1,277 found=0 n=110554271452110717858627 elapsed=1544s
progress: nodes=32,770,000,000 tested=1,277 found=0 n=259154400670406246798793 elapsed=1545s
progress: nodes=32,780,000,000 tested=1,277 found=0 n=100121813540900616888423 elapsed=1545s
progress: nodes=32,790,000,000 tested=1,277 found=0 n=254856019926004914558141 elapsed=1546s
progress: nodes=32,800,000,000 tested=1,277 found=0 n=103255434690821088532857 elapsed=1546s
progress: nodes=32,810,000,000 tested=1,277 found=0 n=265712945305426565767821 elapsed=1547s
progress: nodes=32,820,000,000 tested=1,277 found=0 n=120613695290834922727551 elapsed=1547s
progress: nodes=32,830,000,000 tested=1,277 found=0 n=290327321858250020651307 elapsed=1548s
progress: nodes=32,840,000,000 tested=1,277 found=0 n=150861423540694434785217 elapsed=1548s
progress: nodes=32,850,000,000 tested=1,277 found=0 n=329274386104543269849459 elapsed=1549s
progress: nodes=32,860,000,000 tested=1,277 found=0 n=194710231975176785126259 elapsed=1549s
progress: nodes=32,870,000,000 tested=1,277 found=0 n=70026588843489489770559 elapsed=1550s
progress: nodes=32,880,000,000 tested=1,277 found=0 n=253146332318313844262853 elapsed=1550s
progress: nodes=32,890,000,000 tested=1,277 found=0 n=133134434398936059388299 elapsed=1551s
progress: nodes=32,900,000,000 tested=1,277 found=0 n=329336245566501303707577 elapsed=1551s
progress: nodes=32,910,000,000 tested=1,277 found=0 n=214057313244721982642607 elapsed=1552s
progress: nodes=32,920,000,000 tested=1,277 found=0 n=106148248242922470263679 elapsed=1552s
progress: nodes=32,930,000,000 tested=1,277 found=0 n=310769763063831219419271 elapsed=1552s
progress: nodes=32,940,000,000 tested=1,277 found=0 n=206222918118671998771227 elapsed=1553s
progress: nodes=32,950,000,000 tested=1,277 found=0 n=108342107397780042409623 elapsed=1553s
progress: nodes=32,960,000,000 tested=1,277 found=0 n=323563495750232616731853 elapsed=1554s
progress: nodes=32,970,000,000 tested=1,277 found=0 n=229263557528367293872941 elapsed=1554s
progress: nodes=32,980,000,000 tested=1,277 found=0 n=140292470029917350364219 elapsed=1555s
progress: nodes=32,990,000,000 tested=1,277 found=0 n=58631748049114957699983 elapsed=1555s
progress: nodes=33,000,000,000 tested=1,277 found=0 n=282318711658175032912071 elapsed=1556s
progress: nodes=33,010,000,000 tested=1,277 found=0 n=202486191911304312868857 elapsed=1556s
progress: nodes=33,020,000,000 tested=1,277 found=0 n=127919722338280499409783 elapsed=1557s
progress: nodes=33,030,000,000 tested=1,277 found=0 n=60179745875704366354443 elapsed=1557s
progress: nodes=33,040,000,000 tested=1,277 found=0 n=298744106881125252009663 elapsed=1558s
progress: nodes=33,050,000,000 tested=1,277 found=0 n=233425274265378366978807 elapsed=1558s
progress: nodes=33,060,000,000 tested=1,277 found=0 n=173402459557304746035267 elapsed=1559s
progress: nodes=33,070,000,000 tested=1,277 found=0 n=117748954771033174786197 elapsed=1559s
progress: nodes=33,080,000,000 tested=1,277 found=0 n=66999632063869648890747 elapsed=1560s
progress: nodes=33,090,000,000 tested=1,277 found=0 n=324084943386876001288959 elapsed=1560s
progress: nodes=33,100,000,000 tested=1,277 found=0 n=276258207483973456488747 elapsed=1561s
progress: nodes=33,110,000,000 tested=1,277 found=0 n=232517107782661147647201 elapsed=1561s
progress: nodes=33,120,000,000 tested=1,277 found=0 n=192678080416822864660797 elapsed=1562s
progress: nodes=33,130,000,000 tested=1,277 found=0 n=156548621130727375332783 elapsed=1562s
progress: nodes=33,140,000,000 tested=1,277 found=0 n=124310291412937753376253 elapsed=1563s
progress: nodes=33,150,000,000 tested=1,277 found=0 n=96300161553124881563211 elapsed=1563s
progress: nodes=33,160,000,000 tested=1,277 found=0 n=72355477272566961369897 elapsed=1563s
progress: nodes=33,170,000,000 tested=1,277 found=0 n=356371839083401779564927 elapsed=1564s
progress: nodes=33,180,000,000 tested=1,277 found=0 n=336908428013946700612701 elapsed=1564s
progress: nodes=33,190,000,000 tested=1,277 found=0 n=321506238209970225118707 elapsed=1565s
progress: nodes=33,200,000,000 tested=1,277 found=0 n=310275822445654073537529 elapsed=1565s
progress: nodes=33,210,000,000 tested=1,277 found=0 n=302382936103100796390447 elapsed=1566s
progress: nodes=33,220,000,000 tested=1,277 found=0 n=298353179684611110856797 elapsed=1566s
progress: nodes=33,230,000,000 tested=1,277 found=0 n=299119616589900370697433 elapsed=1567s
progress: nodes=33,240,000,000 tested=1,277 found=0 n=302908608893200001428737 elapsed=1567s
progress: nodes=33,250,000,000 tested=1,277 found=0 n=310023154845475020816867 elapsed=1568s
progress: nodes=33,260,000,000 tested=1,277 found=0 n=319949807117906127345183 elapsed=1568s
progress: nodes=33,270,000,000 tested=1,277 found=0 n=333485204944197208885983 elapsed=1569s
progress: nodes=33,280,000,000 tested=1,277 found=0 n=351085634132634134002269 elapsed=1569s
progress: nodes=33,290,000,000 tested=1,277 found=0 n=66229093100366147690739 elapsed=1570s
progress: nodes=33,300,000,000 tested=1,277 found=0 n=88069491454196687602167 elapsed=1570s
progress: nodes=33,310,000,000 tested=1,277 found=0 n=113235433813822636657341 elapsed=1571s
progress: nodes=33,320,000,000 tested=1,277 found=0 n=141904021876474543388703 elapsed=1571s
progress: nodes=33,330,000,000 tested=1,277 found=0 n=173745664212741648150123 elapsed=1572s
progress: nodes=33,340,000,000 tested=1,277 found=0 n=209302422878589631832241 elapsed=1572s
progress: nodes=33,350,000,000 tested=1,277 found=0 n=248535201923714159294841 elapsed=1572s
progress: nodes=33,360,000,000 tested=1,277 found=0 n=292029693108363200273283 elapsed=1573s
progress: nodes=33,370,000,000 tested=1,277 found=0 n=340350759448895656409949 elapsed=1573s
progress: nodes=33,380,000,000 tested=1,277 found=0 n=87133636650865407599997 elapsed=1574s
progress: nodes=33,390,000,000 tested=1,277 found=0 n=139679287045942124333853 elapsed=1574s
progress: nodes=33,400,000,000 tested=1,277 found=0 n=197814442907883977772597 elapsed=1575s
progress: nodes=33,410,000,000 tested=1,277 found=0 n=260643586083259251731859 elapsed=1575s
progress: nodes=33,420,000,000 tested=1,277 found=0 n=328640263280776916928459 elapsed=1576s
progress: nodes=33,430,000,000 tested=1,277 found=0 n=95213190855947678901387 elapsed=1576s
progress: nodes=33,440,000,000 tested=1,277 found=0 n=165976748923725026576289 elapsed=1577s
progress: nodes=33,450,000,000 tested=1,277 found=0 n=242394554374394743754433 elapsed=1577s
progress: nodes=33,460,000,000 tested=1,277 found=0 n=323728891375960696148523 elapsed=1578s
progress: nodes=33,470,000,000 tested=1,277 found=0 n=104040483691666169556909 elapsed=1578s
progress: nodes=33,480,000,000 tested=1,277 found=0 n=189418636226310540512463 elapsed=1579s
progress: nodes=33,490,000,000 tested=1,277 found=0 n=280445346333949767369399 elapsed=1579s
progress: nodes=33,500,000,000 tested=1,277 found=0 n=74271521618978001615297 elapsed=1580s
progress: nodes=33,510,000,000 tested=1,277 found=0 n=167989836442047082029567 elapsed=1580s
progress: nodes=33,520,000,000 tested=1,277 found=0 n=268118666451499288458033 elapsed=1581s
progress: nodes=33,530,000,000 tested=1,277 found=0 n=72040549288409547266421 elapsed=1581s
progress: nodes=33,540,000,000 tested=1,277 found=0 n=174545175769725613059207 elapsed=1582s
progress: nodes=33,550,000,000 tested=1,277 found=0 n=285031197991702905976233 elapsed=1582s
progress: nodes=33,560,000,000 tested=1,277 found=0 n=97277832581671550155347 elapsed=1582s
progress: nodes=33,570,000,000 tested=1,277 found=0 n=211706529511568736744099 elapsed=1583s
progress: nodes=33,580,000,000 tested=1,277 found=0 n=333752149892356754105547 elapsed=1583s
progress: nodes=33,590,000,000 tested=1,277 found=0 n=154387000883989200125799 elapsed=1584s
progress: nodes=33,600,000,000 tested=1,277 found=0 n=282390196755386154972537 elapsed=1584s
progress: nodes=33,610,000,000 tested=1,277 found=0 n=112885002512670155268501 elapsed=1585s
progress: nodes=33,620,000,000 tested=1,277 found=0 n=245601382378834185564861 elapsed=1585s
progress: nodes=33,630,000,000 tested=1,277 found=0 n=84235534020623226650409 elapsed=1586s
progress: nodes=33,640,000,000 tested=1,277 found=0 n=221561590946367340279611 elapsed=1586s
progress: nodes=33,650,000,000 tested=1,277 found=0 n=68669653973538670171119 elapsed=1587s
progress: nodes=33,660,000,000 tested=1,277 found=0 n=211802627148999019702569 elapsed=1587s
progress: nodes=33,670,000,000 tested=1,277 found=0 n=66262219500457802580759 elapsed=1588s
progress: nodes=33,680,000,000 tested=1,277 found=0 n=216521646316091534991573 elapsed=1588s
progress: nodes=33,690,000,000 tested=1,277 found=0 n=77756302750830330870243 elapsed=1589s
progress: nodes=33,700,000,000 tested=1,277 found=0 n=236645803180208239076259 elapsed=1589s
progress: nodes=33,710,000,000 tested=1,277 found=0 n=104590670112915865147269 elapsed=1590s
progress: nodes=33,720,000,000 tested=1,277 found=0 n=271831082451683712989031 elapsed=1590s
progress: nodes=33,730,000,000 tested=1,277 found=0 n=144811019899366961549409 elapsed=1591s
progress: nodes=33,740,000,000 tested=1,277 found=0 n=321749994080872848243753 elapsed=1591s
progress: nodes=33,750,000,000 tested=1,277 found=0 n=199729259324207116793289 elapsed=1592s
progress: nodes=33,760,000,000 tested=1,277 found=0 n=85492872443025893718873 elapsed=1592s
progress: nodes=33,770,000,000 tested=1,277 found=0 n=267414200839035362739627 elapsed=1593s
progress: nodes=33,780,000,000 tested=1,277 found=0 n=155391098234170869467397 elapsed=1593s
progress: nodes=33,790,000,000 tested=1,277 found=0 n=348489480536241383145807 elapsed=1594s
progress: nodes=33,800,000,000 tested=1,277 found=0 n=241544330954869452368859 elapsed=1594s
progress: nodes=33,810,000,000 tested=1,277 found=0 n=140717172019184908340193 elapsed=1595s
progress: nodes=33,820,000,000 tested=1,277 found=0 n=342525020379306263357859 elapsed=1595s
progress: nodes=33,830,000,000 tested=1,277 found=0 n=244602373919451828389109 elapsed=1596s
progress: nodes=33,840,000,000 tested=1,277 found=0 n=152502562822891745446983 elapsed=1596s
progress: nodes=33,850,000,000 tested=1,277 found=0 n=67004399562258173734719 elapsed=1597s
progress: nodes=33,860,000,000 tested=1,277 found=0 n=275395778919113919615549 elapsed=1597s
progress: nodes=33,870,000,000 tested=1,277 found=0 n=191899041003078008310711 elapsed=1598s
progress: nodes=33,880,000,000 tested=1,277 found=0 n=113368689487496308106241 elapsed=1598s
progress: nodes=33,890,000,000 tested=1,277 found=0 n=334449809364964936269627 elapsed=1599s
progress: nodes=33,900,000,000 tested=1,277 found=0 n=258839966564932428869193 elapsed=1599s
progress: nodes=33,910,000,000 tested=1,277 found=0 n=188861786372966451571827 elapsed=1600s
progress: nodes=33,920,000,000 tested=1,277 found=0 n=124046377437757163281893 elapsed=1600s
progress: nodes=33,930,000,000 tested=1,277 found=0 n=65002993790153001626043 elapsed=1601s
progress: nodes=33,940,000,000 tested=1,277 found=0 n=300012716993462805060729 elapsed=1601s
progress: nodes=33,950,000,000 tested=1,277 found=0 n=244629285736377694118967 elapsed=1602s
progress: nodes=33,960,000,000 tested=1,277 found=0 n=193014757383492232449261 elapsed=1602s
progress: nodes=33,970,000,000 tested=1,277 found=0 n=145690683088882771937097 elapsed=1603s
progress: nodes=33,980,000,000 tested=1,277 found=0 n=102222722592853972132023 elapsed=1603s
progress: nodes=33,990,000,000 tested=1,277 found=0 n=63038025111107251642437 elapsed=1604s
progress: nodes=34,000,000,000 tested=1,277 found=0 n=318487063691338436495601 elapsed=1604s
progress: nodes=34,010,000,000 tested=1,277 found=0 n=283271092283217749649939 elapsed=1605s
progress: nodes=34,020,000,000 tested=1,277 found=0 n=251911963925426632384557 elapsed=1605s
progress: nodes=34,030,000,000 tested=1,277 found=0 n=225047803808736755315469 elapsed=1606s
progress: nodes=34,040,000,000 tested=1,277 found=0 n=201303973288989707295159 elapsed=1606s
progress: nodes=34,050,000,000 tested=1,277 found=0 n=181221371073939720426903 elapsed=1607s
progress: nodes=34,060,000,000 tested=1,277 found=0 n=165299961015040462968357 elapsed=1607s
progress: nodes=34,070,000,000 tested=1,277 found=0 n=153434237972038650137511 elapsed=1608s
progress: nodes=34,080,000,000 tested=1,277 found=0 n=144968305739302047085083 elapsed=1608s
progress: nodes=34,090,000,000 tested=1,277 found=0 n=140047711422330419304597 elapsed=1609s
progress: nodes=34,100,000,000 tested=1,277 found=0 n=138464660311427827908531 elapsed=1609s
progress: nodes=34,110,000,000 tested=1,277 found=0 n=139846893734321223483033 elapsed=1610s
progress: nodes=34,120,000,000 tested=1,277 found=0 n=144659591597314284273783 elapsed=1610s
progress: nodes=34,130,000,000 tested=1,277 found=0 n=152630934240201251657823 elapsed=1611s
progress: nodes=34,140,000,000 tested=1,277 found=0 n=163820446515445103431047 elapsed=1611s
progress: nodes=34,150,000,000 tested=1,277 found=0 n=178074157757079220936299 elapsed=1612s
progress: nodes=34,160,000,000 tested=1,277 found=0 n=196168832728614775086057 elapsed=1612s
progress: nodes=34,170,000,000 tested=1,277 found=0 n=218303093404219977089937 elapsed=1613s
progress: nodes=34,180,000,000 tested=1,277 found=0 n=244092975203757630779829 elapsed=1613s
progress: nodes=34,190,000,000 tested=1,277 found=0 n=273841745700916169794017 elapsed=1614s
progress: nodes=34,200,000,000 tested=1,277 found=0 n=307802579306408366947767 elapsed=1614s
progress: nodes=34,210,000,000 tested=1,277 found=0 n=346517685070856435463327 elapsed=1615s
progress: nodes=34,220,000,000 tested=1,277 found=0 n=94665905421935190686343 elapsed=1615s
progress: nodes=34,230,000,000 tested=1,277 found=0 n=138372216329971575592641 elapsed=1616s
progress: nodes=34,240,000,000 tested=1,277 found=0 n=186659424874925500408911 elapsed=1616s
progress: nodes=34,250,000,000 tested=1,277 found=0 n=238666552694330745715731 elapsed=1617s
progress: nodes=34,260,000,000 tested=1,277 found=0 n=294523036480030431043971 elapsed=1617s
progress: nodes=34,270,000,000 tested=1,277 found=0 n=64075895304767274219291 elapsed=1618s
progress: nodes=34,280,000,000 tested=1,277 found=0 n=123127367866259470114401 elapsed=1618s
progress: nodes=34,290,000,000 tested=1,277 found=0 n=187767369830219593493079 elapsed=1619s
progress: nodes=34,300,000,000 tested=1,277 found=0 n=257094652238947888115751 elapsed=1619s
progress: nodes=34,310,000,000 tested=1,277 found=0 n=331083503948501033042313 elapsed=1620s
progress: nodes=34,320,000,000 tested=1,277 found=0 n=115373706842702014583877 elapsed=1620s
progress: nodes=34,330,000,000 tested=1,277 found=0 n=193064058557716077843111 elapsed=1621s
progress: nodes=34,340,000,000 tested=1,277 found=0 n=276318181024139074673853 elapsed=1621s
progress: nodes=34,350,000,000 tested=1,277 found=0 n=75170061359794979717139 elapsed=1622s
progress: nodes=34,360,000,000 tested=1,277 found=0 n=162485049367447550881137 elapsed=1622s
progress: nodes=34,370,000,000 tested=1,277 found=0 n=256419448511611253737869 elapsed=1623s
progress: nodes=34,380,000,000 tested=1,277 found=0 n=66517951477500125914311 elapsed=1623s
progress: nodes=34,390,000,000 tested=1,277 found=0 n=162515918824508761599087 elapsed=1623s
progress: nodes=34,400,000,000 tested=1,277 found=0 n=265758889526982172484163 elapsed=1624s
progress: nodes=34,410,000,000 tested=1,277 found=0 n=84742438278493998631629 elapsed=1624s
progress: nodes=34,420,000,000 tested=1,277 found=0 n=192457330881789420389943 elapsed=1625s
progress: nodes=34,430,000,000 tested=1,277 found=0 n=308154933917337088961379 elapsed=1625s
progress: nodes=34,440,000,000 tested=1,277 found=0 n=135247337371582312053177 elapsed=1626s
progress: nodes=34,450,000,000 tested=1,277 found=0 n=255753030036182767855767 elapsed=1626s
progress: nodes=34,460,000,000 tested=1,277 found=0 n=92957263548494699527173 elapsed=1627s
progress: nodes=34,470,000,000 tested=1,277 found=0 n=218100934895068665697257 elapsed=1627s
progress: nodes=34,480,000,000 tested=1,277 found=0 n=64419572658513630254697 elapsed=1628s
progress: nodes=34,490,000,000 tested=1,277 found=0 n=194812802521491734727147 elapsed=1628s
progress: nodes=34,500,000,000 tested=1,277 found=0 n=335280777292847976552963 elapsed=1629s
progress: nodes=34,510,000,000 tested=1,277 found=0 n=185333767172165168774217 elapsed=1629s
progress: nodes=34,520,000,000 tested=1,277 found=0 n=332062411706972898904953 elapsed=1630s
progress: nodes=34,530,000,000 tested=1,277 found=0 n=189823668503610261261141 elapsed=1630s
progress: nodes=34,540,000,000 tested=1,277 found=0 n=344634204771591790642587 elapsed=1631s
progress: nodes=34,550,000,000 tested=1,277 found=0 n=208815576568247374264539 elapsed=1631s
progress: nodes=34,560,000,000 tested=1,277 found=0 n=82150681677462101584881 elapsed=1632s
progress: nodes=34,570,000,000 tested=1,277 found=0 n=241044530541601731707763 elapsed=1632s
progress: nodes=34,580,000,000 tested=1,277 found=0 n=120132835442857747727217 elapsed=1633s
progress: nodes=34,590,000,000 tested=1,277 found=0 n=289153225674415039448511 elapsed=1633s
progress: nodes=34,600,000,000 tested=1,277 found=0 n=173427048810267275132109 elapsed=1634s
progress: nodes=34,610,000,000 tested=1,277 found=0 n=66086907064313851172457 elapsed=1634s
progress: nodes=34,620,000,000 tested=1,277 found=0 n=241918467314974397100153 elapsed=1635s
progress: nodes=34,630,000,000 tested=1,277 found=0 n=138912424777062333914517 elapsed=1635s
progress: nodes=34,640,000,000 tested=1,277 found=0 n=327163270933149298685037 elapsed=1636s
progress: nodes=34,650,000,000 tested=1,277 found=0 n=228871699363774162432737 elapsed=1636s
progress: nodes=34,660,000,000 tested=1,277 found=0 n=136041808241783762785467 elapsed=1637s
progress: nodes=34,670,000,000 tested=1,277 found=0 n=333703241409230500734927 elapsed=1637s
progress: nodes=34,680,000,000 tested=1,277 found=0 n=243899931085991406076851 elapsed=1638s
progress: nodes=34,690,000,000 tested=1,277 found=0 n=159844276126310168091699 elapsed=1638s
progress: nodes=34,700,000,000 tested=1,277 found=0 n=82136494760539484694429 elapsed=1639s
progress: nodes=34,710,000,000 tested=1,277 found=0 n=288639278851432819026717 elapsed=1639s
progress: nodes=34,720,000,000 tested=1,277 found=0 n=213939522046886070486051 elapsed=1640s
progress: nodes=34,730,000,000 tested=1,277 found=0 n=143580832559653396911003 elapsed=1640s
progress: nodes=34,740,000,000 tested=1,277 found=0 n=78414769197011280546513 elapsed=1641s
progress: nodes=34,750,000,000 tested=1,277 found=0 n=297465827337522329298813 elapsed=1641s
progress: nodes=34,760,000,000 tested=1,277 found=0 n=234884409229052628384339 elapsed=1642s
progress: nodes=34,770,000,000 tested=1,277 found=0 n=177502435399825712669493 elapsed=1642s
progress: nodes=34,780,000,000 tested=1,277 found=0 n=124591510477544805928233 elapsed=1643s
progress: nodes=34,790,000,000 tested=1,277 found=0 n=76137295330688893534233 elapsed=1643s
progress: nodes=34,800,000,000 tested=1,277 found=0 n=311869240694185532397039 elapsed=1644s
progress: nodes=34,810,000,000 tested=1,277 found=0 n=267772301914906513848123 elapsed=1644s
progress: nodes=34,820,000,000 tested=1,277 found=0 n=227869081742405799608913 elapsed=1645s
progress: nodes=34,830,000,000 tested=1,277 found=0 n=191288092521882489266133 elapsed=1645s
progress: nodes=34,840,000,000 tested=1,277 found=0 n=159290392266476152404723 elapsed=1645s
progress: nodes=34,850,000,000 tested=1,277 found=0 n=131077686574446541060131 elapsed=1646s
progress: nodes=34,860,000,000 tested=1,277 found=0 n=106833186811107952868673 elapsed=1646s
progress: nodes=34,870,000,000 tested=1,277 found=0 n=86360894182719603678231 elapsed=1647s
progress: nodes=34,880,000,000 tested=1,277 found=0 n=69474794943315699306369 elapsed=1647s
progress: nodes=34,890,000,000 tested=1,277 found=0 n=337158647636867627363793 elapsed=1648s
progress: nodes=34,900,000,000 tested=1,277 found=0 n=325594844064752490699471 elapsed=1648s
progress: nodes=34,910,000,000 tested=1,277 found=0 n=317494280396083901777667 elapsed=1649s
progress: nodes=34,920,000,000 tested=1,277 found=0 n=312819902354806187924583 elapsed=1649s
progress: nodes=34,930,000,000 tested=1,277 found=0 n=311015497710664288040499 elapsed=1650s
progress: nodes=34,940,000,000 tested=1,277 found=0 n=313312087112385880862343 elapsed=1650s
progress: nodes=34,950,000,000 tested=1,277 found=0 n=318886739097950354640309 elapsed=1651s
progress: nodes=34,960,000,000 tested=1,277 found=0 n=327689137551925538149761 elapsed=1651s
progress: nodes=34,970,000,000 tested=1,277 found=0 n=339624483750709042278393 elapsed=1652s
progress: nodes=34,980,000,000 tested=1,277 found=0 n=73017704978154231013719 elapsed=1652s
progress: nodes=34,990,000,000 tested=1,277 found=0 n=90167874923451041908191 elapsed=1653s
progress: nodes=35,000,000,000 tested=1,277 found=0 n=110746548912140866145421 elapsed=1653s
progress: nodes=35,010,000,000 tested=1,277 found=0 n=134847529901875212324903 elapsed=1654s
progress: nodes=35,020,000,000 tested=1,277 found=0 n=162878108285792565584919 elapsed=1654s
progress: nodes=35,030,000,000 tested=1,277 found=0 n=194869884203633731719627 elapsed=1655s
progress: nodes=35,040,000,000 tested=1,277 found=0 n=230685272644623228981549 elapsed=1655s
progress: nodes=35,050,000,000 tested=1,277 found=0 n=270063696515961561342129 elapsed=1656s
progress: nodes=35,060,000,000 tested=1,277 found=0 n=312828444455981657774571 elapsed=1656s
progress: nodes=35,070,000,000 tested=1,277 found=0 n=78815261893683004192503 elapsed=1657s
progress: nodes=35,080,000,000 tested=1,277 found=0 n=127181205129258458084907 elapsed=1657s
progress: nodes=35,090,000,000 tested=1,277 found=0 n=180315205460783497263159 elapsed=1658s
progress: nodes=35,100,000,000 tested=1,277 found=0 n=238285728724133713980357 elapsed=1658s
progress: nodes=35,110,000,000 tested=1,277 found=0 n=302036821789427207313831 elapsed=1659s
progress: nodes=35,120,000,000 tested=1,277 found=0 n=89477024107279988390211 elapsed=1659s
progress: nodes=35,130,000,000 tested=1,277 found=0 n=157790342526080519554299 elapsed=1660s
progress: nodes=35,140,000,000 tested=1,277 found=0 n=232198018724170972145673 elapsed=1660s
progress: nodes=35,150,000,000 tested=1,277 found=0 n=311839064919986453528679 elapsed=1661s
progress: nodes=35,160,000,000 tested=1,277 found=0 n=112791496985873911191987 elapsed=1661s
progress: nodes=35,170,000,000 tested=1,277 found=0 n=196485416228813608303407 elapsed=1662s
progress: nodes=35,180,000,000 tested=1,277 found=0 n=286338146613873391396359 elapsed=1662s
progress: nodes=35,190,000,000 tested=1,277 found=0 n=100122800466406165585137 elapsed=1663s
progress: nodes=35,200,000,000 tested=1,277 found=0 n=195267717185199034212837 elapsed=1663s
progress: nodes=35,210,000,000 tested=1,277 found=0 n=297338103712688709802131 elapsed=1664s
progress: nodes=35,220,000,000 tested=1,277 found=0 n=121868790593423757690807 elapsed=1664s
progress: nodes=35,230,000,000 tested=1,277 found=0 n=228759402721990899810051 elapsed=1665s
progress: nodes=35,240,000,000 tested=1,277 found=0 n=64928403887361491656179 elapsed=1665s
progress: nodes=35,250,000,000 tested=1,277 found=0 n=175127777623789764825051 elapsed=1666s
progress: nodes=35,260,000,000 tested=1,277 found=0 n=294012238945448296856583 elapsed=1666s
progress: nodes=35,270,000,000 tested=1,277 found=0 n=136388031364354148586207 elapsed=1667s
progress: nodes=35,280,000,000 tested=1,277 found=0 n=261094442115763078155333 elapsed=1667s
progress: nodes=35,290,000,000 tested=1,277 found=0 n=111330975871857367568943 elapsed=1668s
progress: nodes=35,300,000,000 tested=1,277 found=0 n=241454254543767389277153 elapsed=1668s
progress: nodes=35,310,000,000 tested=1,277 found=0 n=99883460028029468653863 elapsed=1668s
progress: nodes=35,320,000,000 tested=1,277 found=0 n=236504273743259467932987 elapsed=1669s
progress: nodes=35,330,000,000 tested=1,277 found=0 n=102280215136648339277487 elapsed=1669s
progress: nodes=35,340,000,000 tested=1,277 found=0 n=246325468704108964959789 elapsed=1670s
progress: nodes=35,350,000,000 tested=1,277 found=0 n=118397467561416410430063 elapsed=1670s
progress: nodes=35,360,000,000 tested=1,277 found=0 n=269882207423574417488817 elapsed=1671s
progress: nodes=35,370,000,000 tested=1,277 found=0 n=147680107404326303013207 elapsed=1671s
progress: nodes=35,380,000,000 tested=1,277 found=0 n=307408126369232871603621 elapsed=1672s
progress: nodes=35,390,000,000 tested=1,277 found=0 n=190843844209302951445779 elapsed=1672s
progress: nodes=35,400,000,000 tested=1,277 found=0 n=82041807460026452489451 elapsed=1673s
progress: nodes=35,410,000,000 tested=1,277 found=0 n=248455206133342560419067 elapsed=1673s
progress: nodes=35,420,000,000 tested=1,277 found=0 n=144661252064274915977007 elapsed=1674s
progress: nodes=35,430,000,000 tested=1,277 found=0 n=322152935313487071174381 elapsed=1674s
progress: nodes=35,440,000,000 tested=1,277 found=0 n=224109955773595048576419 elapsed=1675s
progress: nodes=35,450,000,000 tested=1,277 found=0 n=132744059669164409859393 elapsed=1675s
progress: nodes=35,460,000,000 tested=1,277 found=0 n=322392387102627041501301 elapsed=1676s
progress: nodes=35,470,000,000 tested=1,277 found=0 n=236305302306520931426943 elapsed=1676s
progress: nodes=35,480,000,000 tested=1,277 found=0 n=155458271817768039777657 elapsed=1677s
progress: nodes=35,490,000,000 tested=1,277 found=0 n=80311216202434668458007 elapsed=1677s
progress: nodes=35,500,000,000 tested=1,277 found=0 n=279186977386279106383239 elapsed=1678s
progress: nodes=35,510,000,000 tested=1,277 found=0 n=207017123503765770498303 elapsed=1678s
progress: nodes=35,520,000,000 tested=1,277 found=0 n=139658041926776502582453 elapsed=1679s
progress: nodes=35,530,000,000 tested=1,277 found=0 n=78256741285473142058667 elapsed=1679s
progress: nodes=35,540,000,000 tested=1,277 found=0 n=291099211670980827273159 elapsed=1680s
progress: nodes=35,550,000,000 tested=1,277 found=0 n=233306537647738100815269 elapsed=1680s
progress: nodes=35,560,000,000 tested=1,277 found=0 n=180397838356341561342387 elapsed=1681s
progress: nodes=35,570,000,000 tested=1,277 found=0 n=132868149362316383104089 elapsed=1681s
progress: nodes=35,580,000,000 tested=1,277 found=0 n=89868944328188852533707 elapsed=1682s
progress: nodes=35,590,000,000 tested=1,277 found=0 n=321871570426808439974937 elapsed=1682s
progress: nodes=35,600,000,000 tested=1,277 found=0 n=281767300147032254764209 elapsed=1683s
progress: nodes=35,610,000,000 tested=1,277 found=0 n=245328683349648195558261 elapsed=1683s
progress: nodes=35,620,000,000 tested=1,277 found=0 n=212390213751717995720727 elapsed=1684s
progress: nodes=35,630,000,000 tested=1,277 found=0 n=183813403345191159302763 elapsed=1684s
progress: nodes=35,640,000,000 tested=1,277 found=0 n=158588950662065284257897 elapsed=1685s
progress: nodes=35,650,000,000 tested=1,277 found=0 n=137271021373812090353589 elapsed=1685s
progress: nodes=35,660,000,000 tested=1,277 found=0 n=119454561929211810404103 elapsed=1686s
progress: nodes=35,670,000,000 tested=1,277 found=0 n=104600812901868695294883 elapsed=1686s
progress: nodes=35,680,000,000 tested=1,277 found=0 n=92683346722779675213351 elapsed=1687s
progress: nodes=35,690,000,000 tested=1,277 found=0 n=84242539725119235473013 elapsed=1687s
progress: nodes=35,700,000,000 tested=1,277 found=0 n=79465276755921168209097 elapsed=1688s
progress: nodes=35,710,000,000 tested=1,277 found=0 n=77527668367518785356941 elapsed=1688s
progress: nodes=35,720,000,000 tested=1,277 found=0 n=79560154994435579627163 elapsed=1689s
progress: nodes=35,730,000,000 tested=1,277 found=0 n=84682337396040208753929 elapsed=1689s
progress: nodes=35,740,000,000 tested=1,277 found=0 n=92442132802428886778301 elapsed=1690s
progress: nodes=35,750,000,000 tested=1,277 found=0 n=104102731448064298802853 elapsed=1690s
progress: nodes=35,760,000,000 tested=1,277 found=0 n=119679242366736453279879 elapsed=1691s
progress: nodes=35,770,000,000 tested=1,277 found=0 n=138961401354771817120299 elapsed=1691s
progress: nodes=35,780,000,000 tested=1,277 found=0 n=162189164295260301656457 elapsed=1692s
progress: nodes=35,790,000,000 tested=1,277 found=0 n=189711489503038585363281 elapsed=1692s
progress: nodes=35,800,000,000 tested=1,277 found=0 n=221069354867958915735417 elapsed=1693s
progress: nodes=35,810,000,000 tested=1,277 found=0 n=256515846418349360926083 elapsed=1693s
progress: nodes=35,820,000,000 tested=1,277 found=0 n=296065324658959742743857 elapsed=1693s
progress: nodes=35,830,000,000 tested=1,277 found=0 n=69510136858423483991769 elapsed=1694s
progress: nodes=35,840,000,000 tested=1,277 found=0 n=113680589784083760104667 elapsed=1694s
progress: nodes=35,850,000,000 tested=1,277 found=0 n=162517013625060304223013 elapsed=1695s
progress: nodes=35,860,000,000 tested=1,277 found=0 n=216245603115851099870079 elapsed=1695s
progress: nodes=35,870,000,000 tested=1,277 found=0 n=274842198406533884965839 elapsed=1696s
progress: nodes=35,880,000,000 tested=1,277 found=0 n=68898991849791800796099 elapsed=1696s
progress: nodes=35,890,000,000 tested=1,277 found=0 n=131246630683659017984457 elapsed=1697s
progress: nodes=35,900,000,000 tested=1,277 found=0 n=199333660136813530759431 elapsed=1697s
progress: nodes=35,910,000,000 tested=1,277 found=0 n=272378540006273321589969 elapsed=1698s
progress: nodes=35,920,000,000 tested=1,277 found=0 n=79164500358176358406281 elapsed=1698s
progress: nodes=35,930,000,000 tested=1,277 found=0 n=154798289724988481404833 elapsed=1699s
progress: nodes=35,940,000,000 tested=1,277 found=0 n=236564964424731960958941 elapsed=1699s
progress: nodes=35,950,000,000 tested=1,277 found=0 n=323916785936979199721757 elapsed=1700s
progress: nodes=35,960,000,000 tested=1,277 found=0 n=141902691057551773101753 elapsed=1700s
progress: nodes=35,970,000,000 tested=1,277 found=0 n=235873607758950013990137 elapsed=1701s
progress: nodes=35,980,000,000 tested=1,277 found=0 n=68167213468673932882269 elapsed=1701s
progress: nodes=35,990,000,000 tested=1,277 found=0 n=165969179888876481480363 elapsed=1702s
progress: nodes=36,000,000,000 tested=1,277 found=0 n=271655500792348472987187 elapsed=1702s
progress: nodes=36,010,000,000 tested=1,277 found=0 n=111557218247577831551823 elapsed=1703s
progress: nodes=36,020,000,000 tested=1,277 found=0 n=222148521322960228377381 elapsed=1703s
progress: nodes=36,030,000,000 tested=1,277 found=0 n=71910755646839249819679 elapsed=1704s
progress: nodes=36,040,000,000 tested=1,277 found=0 n=186475626506918131133751 elapsed=1704s
progress: nodes=36,050,000,000 tested=1,277 found=0 n=309576765039136160086521 elapsed=1705s
progress: nodes=36,060,000,000 tested=1,277 found=0 n=164398163864270098455693 elapsed=1705s
progress: nodes=36,070,000,000 tested=1,277 found=0 n=293762129862202087455369 elapsed=1706s
progress: nodes=36,080,000,000 tested=1,277 found=0 n=155509233542893660122693 elapsed=1706s
progress: nodes=36,090,000,000 tested=1,277 found=0 n=290083550708227720823379 elapsed=1707s
progress: nodes=36,100,000,000 tested=1,277 found=0 n=157897575828140917719951 elapsed=1707s
progress: nodes=36,110,000,000 tested=1,277 found=0 n=299654201742341434265277 elapsed=1708s
progress: nodes=36,120,000,000 tested=1,277 found=0 n=174123015521938814520189 elapsed=1708s
progress: nodes=36,130,000,000 tested=1,277 found=0 n=323854981555868100637299 elapsed=1709s
progress: nodes=36,140,000,000 tested=1,277 found=0 n=204353340917029191344457 elapsed=1709s
progress: nodes=36,150,000,000 tested=1,277 found=0 n=92682420403628344372083 elapsed=1710s
progress: nodes=36,160,000,000 tested=1,277 found=0 n=247548687695458278065937 elapsed=1710s
progress: nodes=36,170,000,000 tested=1,277 found=0 n=141556589033504851142937 elapsed=1711s
progress: nodes=36,180,000,000 tested=1,277 found=0 n=307283170641546630678147 elapsed=1711s
progress: nodes=36,190,000,000 tested=1,277 found=0 n=206105485874920515252369 elapsed=1712s
progress: nodes=36,200,000,000 tested=1,277 found=0 n=112104060246262365430149 elapsed=1712s
progress: nodes=36,210,000,000 tested=1,277 found=0 n=287084862598630102085079 elapsed=1713s
progress: nodes=36,220,000,000 tested=1,277 found=0 n=198683733573018928156923 elapsed=1713s
progress: nodes=36,230,000,000 tested=1,277 found=0 n=117654942792206496706029 elapsed=1714s
progress: nodes=36,240,000,000 tested=1,277 found=0 n=305644103318123985872457 elapsed=1714s
progress: nodes=36,250,000,000 tested=1,277 found=0 n=229253121075591111518019 elapsed=1715s
progress: nodes=36,260,000,000 tested=1,277 found=0 n=157725924852799733360931 elapsed=1715s
progress: nodes=36,270,000,000 tested=1,277 found=0 n=91879823914743913475427 elapsed=1716s
progress: nodes=36,280,000,000 tested=1,277 found=0 n=292161638691617746640589 elapsed=1716s
progress: nodes=36,290,000,000 tested=1,277 found=0 n=229848599167364573076681 elapsed=1717s
progress: nodes=36,300,000,000 tested=1,277 found=0 n=172688291177817927853341 elapsed=1717s
progress: nodes=36,310,000,000 tested=1,277 found=0 n=119938188232996797316653 elapsed=1718s
progress: nodes=36,320,000,000 tested=1,277 found=0 n=71702275376871145889883 elapsed=1718s
progress: nodes=36,330,000,000 tested=1,277 found=0 n=287358206101601372310573 elapsed=1719s
progress: nodes=36,340,000,000 tested=1,277 found=0 n=243003853310225627813193 elapsed=1719s
progress: nodes=36,350,000,000 tested=1,277 found=0 n=202145356167716326211847 elapsed=1720s
progress: nodes=36,360,000,000 tested=1,277 found=0 n=165808966109449476905091 elapsed=1720s
progress: nodes=36,370,000,000 tested=1,277 found=0 n=134016878607891678636237 elapsed=1720s
progress: nodes=36,380,000,000 tested=1,277 found=0 n=106066282519790829415179 elapsed=1721s
progress: nodes=36,390,000,000 tested=1,277 found=0 n=81910278596792367414693 elapsed=1721s
progress: nodes=36,400,000,000 tested=1,277 found=0 n=324027270638914343680179 elapsed=1722s
progress: nodes=36,410,000,000 tested=1,277 found=0 n=305798018130931543906689 elapsed=1722s
progress: nodes=36,420,000,000 tested=1,277 found=0 n=291226469985085044883473 elapsed=1723s
progress: nodes=36,430,000,000 tested=1,277 found=0 n=279645949144830188968047 elapsed=1723s
progress: nodes=36,440,000,000 tested=1,277 found=0 n=271519443604417414705299 elapsed=1724s
progress: nodes=36,450,000,000 tested=1,277 found=0 n=266330035907227410389271 elapsed=1724s
progress: nodes=36,460,000,000 tested=1,277 found=0 n=264521445143467479606639 elapsed=1725s
progress: nodes=36,470,000,000 tested=1,277 found=0 n=266467538018685829212387 elapsed=1725s
progress: nodes=36,480,000,000 tested=1,277 found=0 n=272100481551131060304477 elapsed=1726s
progress: nodes=36,490,000,000 tested=1,277 found=0 n=282203548348260912313941 elapsed=1726s
progress: nodes=36,500,000,000 tested=1,277 found=0 n=295728123169862716394061 elapsed=1727s
progress: nodes=36,510,000,000 tested=1,277 found=0 n=312788678476348264038849 elapsed=1727s
progress: nodes=36,520,000,000 tested=1,277 found=0 n=71370768262568802726699 elapsed=1728s
progress: nodes=36,530,000,000 tested=1,277 found=0 n=94063171595288486553963 elapsed=1728s
progress: nodes=36,540,000,000 tested=1,277 found=0 n=120518343361057469857029 elapsed=1729s
progress: nodes=36,550,000,000 tested=1,277 found=0 n=151166672931806052477957 elapsed=1729s
progress: nodes=36,560,000,000 tested=1,277 found=0 n=185973512196040529531571 elapsed=1730s
progress: nodes=36,570,000,000 tested=1,277 found=0 n=224576508046113540315999 elapsed=1730s
progress: nodes=36,580,000,000 tested=1,277 found=0 n=267647519454561175732803 elapsed=1731s
progress: nodes=36,590,000,000 tested=1,277 found=0 n=315732276468004447538487 elapsed=1731s
progress: nodes=36,600,000,000 tested=1,277 found=0 n=104852863452580011127359 elapsed=1732s
progress: nodes=36,610,000,000 tested=1,277 found=0 n=159496502891283011757303 elapsed=1732s
progress: nodes=36,620,000,000 tested=1,277 found=0 n=218990840910294257051247 elapsed=1733s
progress: nodes=36,630,000,000 tested=1,277 found=0 n=283304651165144621191179 elapsed=1733s
progress: nodes=36,640,000,000 tested=1,277 found=0 n=89639942993600883420537 elapsed=1734s
progress: nodes=36,650,000,000 tested=1,277 found=0 n=157514579666966552593563 elapsed=1734s
progress: nodes=36,660,000,000 tested=1,277 found=0 n=230734574405362917750861 elapsed=1735s
progress: nodes=36,670,000,000 tested=1,277 found=0 n=308816319566698103727567 elapsed=1735s
progress: nodes=36,680,000,000 tested=1,277 found=0 n=127010113404256711097469 elapsed=1736s
progress: nodes=36,690,000,000 tested=1,277 found=0 n=209820799237013963625627 elapsed=1736s
progress: nodes=36,700,000,000 tested=1,277 found=0 n=298665743237964982452573 elapsed=1737s
progress: nodes=36,710,000,000 tested=1,277 found=0 n=128298343662590202694593 elapsed=1737s
progress: nodes=36,720,000,000 tested=1,277 found=0 n=222793304708149124188239 elapsed=1738s
progress: nodes=36,730,000,000 tested=1,277 found=0 n=64723097704571437212081 elapsed=1738s
progress: nodes=36,740,000,000 tested=1,277 found=0 n=162746728755549904288323 elapsed=1739s
progress: nodes=36,750,000,000 tested=1,277 found=0 n=268998052739554551664251 elapsed=1739s
progress: nodes=36,760,000,000 tested=1,277 found=0 n=118953454124239421079393 elapsed=1740s
progress: nodes=36,770,000,000 tested=1,277 found=0 n=232089307885505772765063 elapsed=1740s
progress: nodes=36,780,000,000 tested=1,277 found=0 n=92359524479065774479549 elapsed=1741s
progress: nodes=36,790,000,000 tested=1,277 found=0 n=212053118223192405612453 elapsed=1741s
progress: nodes=36,800,000,000 tested=1,277 found=0 n=80528638504610607724413 elapsed=1742s
progress: nodes=36,810,000,000 tested=1,277 found=0 n=206604979421481808170003 elapsed=1742s
progress: nodes=36,820,000,000 tested=1,277 found=0 n=83005107672062612016981 elapsed=1742s
progress: nodes=36,830,000,000 tested=1,277 found=0 n=216861122455288226858943 elapsed=1743s
progress: nodes=36,840,000,000 tested=1,277 found=0 n=99414599668602768887337 elapsed=1743s
progress: nodes=36,850,000,000 tested=1,277 found=0 n=241073405147266455384621 elapsed=1744s
progress: nodes=36,860,000,000 tested=1,277 found=0 n=129131377853982060375819 elapsed=1744s
progress: nodes=36,870,000,000 tested=1,277 found=0 n=279944902255394270747853 elapsed=1745s
progress: nodes=36,880,000,000 tested=1,277 found=0 n=174451309567225047588231 elapsed=1745s
progress: nodes=36,890,000,000 tested=1,277 found=0 n=76983931485028140720147 elapsed=1746s
progress: nodes=36,900,000,000 tested=1,277 found=0 n=235880108495328816732213 elapsed=1746s
progress: nodes=36,910,000,000 tested=1,277 found=0 n=143050519340678628145467 elapsed=1747s
progress: nodes=36,920,000,000 tested=1,277 found=0 n=313300830839432495990931 elapsed=1747s
progress: nodes=36,930,000,000 tested=1,277 found=0 n=225171749071256633012367 elapsed=1748s
progress: nodes=36,940,000,000 tested=1,277 found=0 n=143213119997458848656319 elapsed=1748s
progress: nodes=36,950,000,000 tested=1,277 found=0 n=68588451528071375867967 elapsed=1749s
progress: nodes=36,960,000,000 tested=1,277 found=0 n=248960445573385343406609 elapsed=1749s
progress: nodes=36,970,000,000 tested=1,277 found=0 n=177744658565493552183651 elapsed=1750s
progress: nodes=36,980,000,000 tested=1,277 found=0 n=112030665762827861610561 elapsed=1750s
progress: nodes=36,990,000,000 tested=1,277 found=0 n=305840945591382575663289 elapsed=1751s
progress: nodes=37,000,000,000 tested=1,277 found=0 n=244541668776202477640961 elapsed=1751s
progress: nodes=37,010,000,000 tested=1,277 found=0 n=188199352723792782801429 elapsed=1752s
progress: nodes=37,020,000,000 tested=1,277 found=0 n=136041993751352954328063 elapsed=1752s
progress: nodes=37,030,000,000 tested=1,277 found=0 n=88379814558128307076863 elapsed=1753s
progress: nodes=37,040,000,000 tested=1,277 found=0 n=298049147876534794857117 elapsed=1753s
progress: nodes=37,050,000,000 tested=1,277 found=0 n=254160437014192085684307 elapsed=1754s
progress: nodes=37,060,000,000 tested=1,277 found=0 n=214925615941453039932309 elapsed=1754s
progress: nodes=37,070,000,000 tested=1,277 found=0 n=179556122271214184186691 elapsed=1755s
progress: nodes=37,080,000,000 tested=1,277 found=0 n=147911412629926823728851 elapsed=1755s
progress: nodes=37,090,000,000 tested=1,277 found=0 n=120028305935904262723827 elapsed=1756s
progress: nodes=37,100,000,000 tested=1,277 found=0 n=95843630266716403043973 elapsed=1756s
progress: nodes=37,110,000,000 tested=1,277 found=0 n=75470224302530981250327 elapsed=1757s
progress: nodes=37,120,000,000 tested=1,277 found=0 n=312379715404488053619297 elapsed=1757s
progress: nodes=37,130,000,000 tested=1,277 found=0 n=297670992189873751728279 elapsed=1758s
progress: nodes=37,140,000,000 tested=1,277 found=0 n=286956598887010084185153 elapsed=1758s
progress: nodes=37,150,000,000 tested=1,277 found=0 n=279736593218344683512091 elapsed=1759s
progress: nodes=37,160,000,000 tested=1,277 found=0 n=275754584690755438140873 elapsed=1759s
progress: nodes=37,170,000,000 tested=1,277 found=0 n=275179413476673527881059 elapsed=1760s
progress: nodes=37,180,000,000 tested=1,277 found=0 n=278833225096301867680689 elapsed=1760s
progress: nodes=37,190,000,000 tested=1,277 found=0 n=286019200207928359044873 elapsed=1761s
progress: nodes=37,200,000,000 tested=1,277 found=0 n=296508379307530513712589 elapsed=1761s
progress: nodes=37,210,000,000 tested=1,277 found=0 n=311471573456618901685359 elapsed=1762s
progress: nodes=37,220,000,000 tested=1,277 found=0 n=76759622858386895183757 elapsed=1762s
progress: nodes=37,230,000,000 tested=1,277 found=0 n=98732660292359137611567 elapsed=1763s
progress: nodes=37,240,000,000 tested=1,277 found=0 n=124764061408934177933703 elapsed=1763s
progress: nodes=37,250,000,000 tested=1,277 found=0 n=154839933377398866107511 elapsed=1763s
progress: nodes=37,260,000,000 tested=1,277 found=0 n=188635620634929019991439 elapsed=1764s
progress: nodes=37,270,000,000 tested=1,277 found=0 n=226732542468563423234943 elapsed=1764s
progress: nodes=37,280,000,000 tested=1,277 found=0 n=269245431984317560602831 elapsed=1765s
progress: nodes=37,290,000,000 tested=1,277 found=0 n=316116924242738853615381 elapsed=1765s
progress: nodes=37,300,000,000 tested=1,277 found=0 n=110658008870199507167451 elapsed=1766s
progress: nodes=37,310,000,000 tested=1,277 found=0 n=162140610630185051447583 elapsed=1766s
progress: nodes=37,320,000,000 tested=1,277 found=0 n=219107189090053358403309 elapsed=1767s
progress: nodes=37,330,000,000 tested=1,277 found=0 n=280403083054466523764613 elapsed=1767s
progress: nodes=37,340,000,000 tested=1,277 found=0 n=91993194648722734828461 elapsed=1768s
progress: nodes=37,350,000,000 tested=1,277 found=0 n=157586793033605242984677 elapsed=1768s
progress: nodes=37,360,000,000 tested=1,277 found=0 n=228660342068705126913333 elapsed=1769s
progress: nodes=37,370,000,000 tested=1,277 found=0 n=305029155015988916632119 elapsed=1769s
progress: nodes=37,380,000,000 tested=1,277 found=0 n=129298449785457634260579 elapsed=1770s
progress: nodes=37,390,000,000 tested=1,277 found=0 n=210354232799838649042521 elapsed=1770s
progress: nodes=37,400,000,000 tested=1,277 found=0 n=297761353982368108926093 elapsed=1771s
progress: nodes=37,410,000,000 tested=1,277 found=0 n=133567764428178589896387 elapsed=1771s
progress: nodes=37,420,000,000 tested=1,277 found=0 n=225730618305171766443657 elapsed=1772s
progress: nodes=37,430,000,000 tested=1,277 found=0 n=72903072628359301116789 elapsed=1772s
progress: nodes=37,440,000,000 tested=1,277 found=0 n=169785415068056884169073 elapsed=1773s
progress: nodes=37,450,000,000 tested=1,277 found=0 n=274619351968759564884117 elapsed=1773s
progress: nodes=37,460,000,000 tested=1,277 found=0 n=130129212770793731457963 elapsed=1773s
progress: nodes=37,470,000,000 tested=1,277 found=0 n=240918121041231503622753 elapsed=1774s
progress: nodes=37,480,000,000 tested=1,277 found=0 n=105264211039737020189919 elapsed=1774s
progress: nodes=37,490,000,000 tested=1,277 found=0 n=222766207327510019222049 elapsed=1775s
progress: nodes=37,500,000,000 tested=1,277 found=0 n=96635317980753786507273 elapsed=1775s
progress: nodes=37,510,000,000 tested=1,277 found=0 n=222287312438143554132531 elapsed=1776s
progress: nodes=37,520,000,000 tested=1,277 found=0 n=103651097790259566674127 elapsed=1776s
progress: nodes=37,530,000,000 tested=1,277 found=0 n=237173339668961393056359 elapsed=1777s
progress: nodes=37,540,000,000 tested=1,277 found=0 n=124872677911290378528459 elapsed=1777s
progress: nodes=37,550,000,000 tested=1,277 found=0 n=266346840552021681060609 elapsed=1778s
progress: nodes=37,560,000,000 tested=1,277 found=0 n=160698666663260435128419 elapsed=1778s
progress: nodes=37,570,000,000 tested=1,277 found=0 n=311597643134739692359629 elapsed=1779s
progress: nodes=37,580,000,000 tested=1,277 found=0 n=211776546869388598528431 elapsed=1779s
progress: nodes=37,590,000,000 tested=1,277 found=0 n=118648141541752694608737 elapsed=1780s
progress: nodes=37,600,000,000 tested=1,277 found=0 n=278037528292730631003579 elapsed=1780s
progress: nodes=37,610,000,000 tested=1,277 found=0 n=190128872509278019199883 elapsed=1781s
progress: nodes=37,620,000,000 tested=1,277 found=0 n=108814268828571737023593 elapsed=1781s
progress: nodes=37,630,000,000 tested=1,277 found=0 n=279963909147858014142063 elapsed=1782s
progress: nodes=37,640,000,000 tested=1,277 found=0 n=204435352305616978204659 elapsed=1782s
progress: nodes=37,650,000,000 tested=1,277 found=0 n=134092662643672328963367 elapsed=1783s
progress: nodes=37,660,000,000 tested=1,277 found=0 n=69452193152337999642639 elapsed=1783s
progress: nodes=37,670,000,000 tested=1,277 found=0 n=252610533275130949245327 elapsed=1784s
progress: nodes=37,680,000,000 tested=1,277 found=0 n=192789561860775966739653 elapsed=1784s
progress: nodes=37,690,000,000 tested=1,277 found=0 n=137837476531944784792197 elapsed=1785s
progress: nodes=37,700,000,000 tested=1,277 found=0 n=87437254147437918544821 elapsed=1785s
progress: nodes=37,710,000,000 tested=1,277 found=0 n=286703591215393889403867 elapsed=1785s
progress: nodes=37,720,000,000 tested=1,277 found=0 n=241243769009546418037923 elapsed=1786s
progress: nodes=37,730,000,000 tested=1,277 found=0 n=200718232031879444309427 elapsed=1786s
progress: nodes=37,740,000,000 tested=1,277 found=0 n=164265072894511172711127 elapsed=1787s
progress: nodes=37,750,000,000 tested=1,277 found=0 n=131535459784320158007441 elapsed=1787s
progress: nodes=37,760,000,000 tested=1,277 found=0 n=102830029885546561536939 elapsed=1788s
progress: nodes=37,770,000,000 tested=1,277 found=0 n=78328926758545875773361 elapsed=1788s
progress: nodes=37,780,000,000 tested=1,277 found=0 n=303690056768072175270069 elapsed=1789s
progress: nodes=37,790,000,000 tested=1,277 found=0 n=286297004823445199452869 elapsed=1789s
progress: nodes=37,800,000,000 tested=1,277 found=0 n=273249837052225766393661 elapsed=1790s
progress: nodes=37,810,000,000 tested=1,277 found=0 n=265012115843567428997661 elapsed=1790s
progress: nodes=37,820,000,000 tested=1,277 found=0 n=259985789473686715642203 elapsed=1791s
progress: nodes=37,830,000,000 tested=1,277 found=0 n=258367731906862606957929 elapsed=1791s
progress: nodes=37,840,000,000 tested=1,277 found=0 n=260435787344165070408771 elapsed=1792s
progress: nodes=37,850,000,000 tested=1,277 found=0 n=266555228089452495944751 elapsed=1792s
progress: nodes=37,860,000,000 tested=1,277 found=0 n=277021536551347617730701 elapsed=1793s
progress: nodes=37,870,000,000 tested=1,277 found=0 n=291112853979240270506529 elapsed=1793s
progress: nodes=37,880,000,000 tested=1,277 found=0 n=308258870836630048055721 elapsed=1794s
progress: nodes=37,890,000,000 tested=1,277 found=0 n=82383952692552163115463 elapsed=1794s
progress: nodes=37,900,000,000 tested=1,277 found=0 n=104954032619467105287213 elapsed=1795s
progress: nodes=37,910,000,000 tested=1,277 found=0 n=131276688358298383611711 elapsed=1795s
progress: nodes=37,920,000,000 tested=1,277 found=0 n=161382713099838048125307 elapsed=1795s
progress: nodes=37,930,000,000 tested=1,277 found=0 n=195341463551826985676283 elapsed=1796s
progress: nodes=37,940,000,000 tested=1,277 found=0 n=234179486157997068958269 elapsed=1796s
progress: nodes=37,950,000,000 tested=1,277 found=0 n=277420613725782037894383 elapsed=1797s
progress: nodes=37,960,000,000 tested=1,277 found=0 n=79024998327492196376397 elapsed=1797s
progress: nodes=37,970,000,000 tested=1,277 found=0 n=126966827083579868033649 elapsed=1798s
progress: nodes=37,980,000,000 tested=1,277 found=0 n=180050789642874909587829 elapsed=1798s
progress: nodes=37,990,000,000 tested=1,277 found=0 n=238255272185037179803731 elapsed=1799s
progress: nodes=38,000,000,000 tested=1,277 found=0 n=301800708773197996358997 elapsed=1799s
progress: nodes=38,010,000,000 tested=1,277 found=0 n=121145748488153154274509 elapsed=1800s
progress: nodes=38,020,000,000 tested=1,277 found=0 n=190025789710863209670567 elapsed=1800s
progress: nodes=38,030,000,000 tested=1,277 found=0 n=264731768069711234553261 elapsed=1801s
progress: nodes=38,040,000,000 tested=1,277 found=0 n=98146603453763126751489 elapsed=1801s
progress: nodes=38,050,000,000 tested=1,277 found=0 n=177189594118063713975789 elapsed=1802s
progress: nodes=38,060,000,000 tested=1,277 found=0 n=262685458380707341220241 elapsed=1802s
progress: nodes=38,070,000,000 tested=1,277 found=0 n=106376154005316870503829 elapsed=1803s
progress: nodes=38,080,000,000 tested=1,277 found=0 n=196652071578264565223961 elapsed=1803s
progress: nodes=38,090,000,000 tested=1,277 found=0 n=293877404926636827204909 elapsed=1804s
progress: nodes=38,100,000,000 tested=1,277 found=0 n=147235941610715295060723 elapsed=1804s
progress: nodes=38,110,000,000 tested=1,277 found=0 n=250892410142031951604311 elapsed=1805s
progress: nodes=38,120,000,000 tested=1,277 found=0 n=114161563690383979640871 elapsed=1805s
progress: nodes=38,130,000,000 tested=1,277 found=0 n=224528700242903374847529 elapsed=1806s
progress: nodes=38,140,000,000 tested=1,277 found=0 n=97162053647859582070689 elapsed=1806s
progress: nodes=38,150,000,000 tested=1,277 found=0 n=214028822084254587763353 elapsed=1806s
progress: nodes=38,160,000,000 tested=1,277 found=0 n=94587354043045511208561 elapsed=1807s
progress: nodes=38,170,000,000 tested=1,277 found=0 n=219112027938234950788269 elapsed=1807s
progress: nodes=38,180,000,000 tested=1,277 found=0 n=106583208964366731587991 elapsed=1808s
progress: nodes=38,190,000,000 tested=1,277 found=0 n=239766238293357122840493 elapsed=1808s
progress: nodes=38,200,000,000 tested=1,277 found=0 n=134604115008697103837067 elapsed=1809s
progress: nodes=38,210,000,000 tested=1,277 found=0 n=277181543521330193146401 elapsed=1809s
progress: nodes=38,220,000,000 tested=1,277 found=0 n=178462131310733692875453 elapsed=1810s
progress: nodes=38,230,000,000 tested=1,277 found=0 n=86674092354257202725931 elapsed=1810s
progress: nodes=38,240,000,000 tested=1,277 found=0 n=237089337955857304756839 elapsed=1811s
progress: nodes=38,250,000,000 tested=1,277 found=0 n=149567923598823525076281 elapsed=1811s
progress: nodes=38,260,000,000 tested=1,277 found=0 n=68696252714927926129041 elapsed=1812s
progress: nodes=38,270,000,000 tested=1,277 found=0 n=228065678524720540426923 elapsed=1812s
progress: nodes=38,280,000,000 tested=1,277 found=0 n=151366348303707236901201 elapsed=1813s
progress: nodes=38,290,000,000 tested=1,277 found=0 n=81052156754736700836303 elapsed=1813s
progress: nodes=38,300,000,000 tested=1,277 found=0 n=252881116862734545057873 elapsed=1814s
progress: nodes=38,310,000,000 tested=1,277 found=0 n=187488181260589573771407 elapsed=1814s
progress: nodes=38,320,000,000 tested=1,277 found=0 n=127951341770635527165021 elapsed=1815s
progress: nodes=38,330,000,000 tested=1,277 found=0 n=74349014957505984674979 elapsed=1815s
progress: nodes=38,340,000,000 tested=1,277 found=0 n=261518560301616422237433 elapsed=1816s
progress: nodes=38,350,000,000 tested=1,277 found=0 n=212285358492283664929341 elapsed=1816s
progress: nodes=38,360,000,000 tested=1,277 found=0 n=167862383098447346488179 elapsed=1816s
progress: nodes=38,370,000,000 tested=1,277 found=0 n=127699277871718869172857 elapsed=1817s
progress: nodes=38,380,000,000 tested=1,277 found=0 n=92369203156052714138247 elapsed=1817s
progress: nodes=38,390,000,000 tested=1,277 found=0 n=300176594821840599075213 elapsed=1818s
progress: nodes=38,400,000,000 tested=1,277 found=0 n=270300336940201329110349 elapsed=1818s
progress: nodes=38,410,000,000 tested=1,277 found=0 n=244893207424404682170027 elapsed=1819s
progress: nodes=38,420,000,000 tested=1,277 found=0 n=223391813491817095254129 elapsed=1819s
progress: nodes=38,430,000,000 tested=1,277 found=0 n=205750522798772892687747 elapsed=1820s
progress: nodes=38,440,000,000 tested=1,277 found=0 n=191879922076394072654133 elapsed=1820s
progress: nodes=38,450,000,000 tested=1,277 found=0 n=181545610353380340746679 elapsed=1821s
progress: nodes=38,460,000,000 tested=1,277 found=0 n=174476176752395328848037 elapsed=1821s
progress: nodes=38,470,000,000 tested=1,277 found=0 n=170941999938196617929799 elapsed=1822s
progress: nodes=38,480,000,000 tested=1,277 found=0 n=171520335291381280084881 elapsed=1822s
progress: nodes=38,490,000,000 tested=1,277 found=0 n=175936112794409768842041 elapsed=1823s
progress: nodes=38,500,000,000 tested=1,277 found=0 n=184271283154777211133741 elapsed=1823s
progress: nodes=38,510,000,000 tested=1,277 found=0 n=196304722060527241770609 elapsed=1824s
progress: nodes=38,520,000,000 tested=1,277 found=0 n=211666430580753185820783 elapsed=1824s
progress: nodes=38,530,000,000 tested=1,277 found=0 n=229863818466624542489289 elapsed=1825s
progress: nodes=38,540,000,000 tested=1,277 found=0 n=251626728825435331016649 elapsed=1825s
progress: nodes=38,550,000,000 tested=1,277 found=0 n=277906435984152459106623 elapsed=1826s
progress: nodes=38,560,000,000 tested=1,277 found=0 n=70232932779554538712719 elapsed=1826s
progress: nodes=38,570,000,000 tested=1,277 found=0 n=101896034100804276275943 elapsed=1827s
progress: nodes=38,580,000,000 tested=1,277 found=0 n=138029182239140522268939 elapsed=1827s
progress: nodes=38,590,000,000 tested=1,277 found=0 n=178830350767983857459517 elapsed=1827s
progress: nodes=38,600,000,000 tested=1,277 found=0 n=223560513125375964076539 elapsed=1828s
progress: nodes=38,610,000,000 tested=1,277 found=0 n=272739336830561367099333 elapsed=1828s
progress: nodes=38,620,000,000 tested=1,277 found=0 n=87019241716688718333897 elapsed=1829s
progress: nodes=38,630,000,000 tested=1,277 found=0 n=140381781383481182245701 elapsed=1829s
progress: nodes=38,640,000,000 tested=1,277 found=0 n=198718950774907312456707 elapsed=1830s
progress: nodes=38,650,000,000 tested=1,277 found=0 n=262614552002596726723791 elapsed=1830s
progress: nodes=38,660,000,000 tested=1,277 found=0 n=91891980899751854905083 elapsed=1831s
progress: nodes=38,670,000,000 tested=1,277 found=0 n=160652120798541672339039 elapsed=1831s
progress: nodes=38,680,000,000 tested=1,277 found=0 n=235119909309064141521159 elapsed=1832s
progress: nodes=38,690,000,000 tested=1,277 found=0 n=77915830055254542864513 elapsed=1832s
progress: nodes=38,700,000,000 tested=1,277 found=0 n=158131753693487219979333 elapsed=1833s
progress: nodes=38,710,000,000 tested=1,277 found=0 n=244536267228634132502751 elapsed=1833s
progress: nodes=38,720,000,000 tested=1,277 found=0 n=97980003661733940245499 elapsed=1834s
progress: nodes=38,730,000,000 tested=1,277 found=0 n=190238372657368792689933 elapsed=1834s
progress: nodes=38,740,000,000 tested=1,277 found=0 n=289357559787048234751269 elapsed=1835s
progress: nodes=38,750,000,000 tested=1,277 found=0 n=152614515989712650132259 elapsed=1835s
progress: nodes=38,760,000,000 tested=1,277 found=0 n=259348106322112819062051 elapsed=1836s
progress: nodes=38,770,000,000 tested=1,277 found=0 n=131684562458312066912709 elapsed=1836s
progress: nodes=38,780,000,000 tested=1,277 found=0 n=244906909034155728501141 elapsed=1837s
progress: nodes=38,790,000,000 tested=1,277 found=0 n=125582789175741078992811 elapsed=1837s
progress: nodes=38,800,000,000 tested=1,277 found=0 n=247207196131154461591389 elapsed=1838s
progress: nodes=38,810,000,000 tested=1,277 found=0 n=135967904201836723987971 elapsed=1838s
progress: nodes=38,820,000,000 tested=1,277 found=0 n=266825736347586172113357 elapsed=1839s
progress: nodes=38,830,000,000 tested=1,277 found=0 n=164032144195245180743889 elapsed=1839s
progress: nodes=38,840,000,000 tested=1,277 found=0 n=304163122329230506829487 elapsed=1840s
progress: nodes=38,850,000,000 tested=1,277 found=0 n=208597493170688939095779 elapsed=1840s
progress: nodes=38,860,000,000 tested=1,277 found=0 n=120214970041810225018437 elapsed=1840s
progress: nodes=38,870,000,000 tested=1,277 found=0 n=271054689448709122789833 elapsed=1841s
progress: nodes=38,880,000,000 tested=1,277 found=0 n=188941423534564641039099 elapsed=1841s
progress: nodes=38,890,000,000 tested=1,277 found=0 n=113196190241112463746261 elapsed=1842s
progress: nodes=38,900,000,000 tested=1,277 found=0 n=276252595860761211042351 elapsed=1842s
progress: nodes=38,910,000,000 tested=1,277 found=0 n=206354043096615977756193 elapsed=1843s
progress: nodes=38,920,000,000 tested=1,277 found=0 n=141464799916353605975283 elapsed=1843s
progress: nodes=38,930,000,000 tested=1,277 found=0 n=81452810270219708321001 elapsed=1844s
progress: nodes=38,940,000,000 tested=1,277 found=0 n=256824086915623667843403 elapsed=1844s
progress: nodes=38,950,000,000 tested=1,277 found=0 n=201813430451575151252043 elapsed=1845s
progress: nodes=38,960,000,000 tested=1,277 found=0 n=152653526780230604441313 elapsed=1845s
progress: nodes=38,970,000,000 tested=1,277 found=0 n=108231132215370394659429 elapsed=1846s
progress: nodes=38,980,000,000 tested=1,277 found=0 n=301816805882741853853149 elapsed=1846s
progress: nodes=38,990,000,000 tested=1,277 found=0 n=262860413130863347352553 elapsed=1847s
progress: nodes=39,000,000,000 tested=1,277 found=0 n=228276768862517748674301 elapsed=1847s
progress: nodes=39,010,000,000 tested=1,277 found=0 n=197846281386997659685269 elapsed=1848s
progress: nodes=39,020,000,000 tested=1,277 found=0 n=171462082738668416023329 elapsed=1848s
progress: nodes=39,030,000,000 tested=1,277 found=0 n=149059826742536370433773 elapsed=1849s
progress: nodes=39,040,000,000 tested=1,277 found=0 n=130584055607909761228371 elapsed=1849s
progress: nodes=39,050,000,000 tested=1,277 found=0 n=115556887209700214729451 elapsed=1850s
progress: nodes=39,060,000,000 tested=1,277 found=0 n=104595073901880485400477 elapsed=1850s
progress: nodes=39,070,000,000 tested=1,277 found=0 n=97559047687553531436357 elapsed=1851s
progress: nodes=39,080,000,000 tested=1,277 found=0 n=94597693357156166866689 elapsed=1851s
progress: nodes=39,090,000,000 tested=1,277 found=0 n=95358665833132661376417 elapsed=1851s
progress: nodes=39,100,000,000 tested=1,277 found=0 n=100093122631336873467429 elapsed=1852s
progress: nodes=39,110,000,000 tested=1,277 found=0 n=108300643699545124000173 elapsed=1852s
progress: nodes=39,120,000,000 tested=1,277 found=0 n=120164494419934500234699 elapsed=1853s
progress: nodes=39,130,000,000 tested=1,277 found=0 n=136455020236783464303087 elapsed=1853s
progress: nodes=39,140,000,000 tested=1,277 found=0 n=157210013232030707069121 elapsed=1854s
progress: nodes=39,150,000,000 tested=1,277 found=0 n=182013785768579774560551 elapsed=1854s
progress: nodes=39,160,000,000 tested=1,277 found=0 n=211252012469819927172567 elapsed=1855s
progress: nodes=39,170,000,000 tested=1,277 found=0 n=244477750203691471746279 elapsed=1855s
progress: nodes=39,180,000,000 tested=1,277 found=0 n=281384835903549408981951 elapsed=1856s
progress: nodes=39,190,000,000 tested=1,277 found=0 n=88598443108426117934067 elapsed=1856s
progress: nodes=39,200,000,000 tested=1,277 found=0 n=129966631790996863565703 elapsed=1857s
progress: nodes=39,210,000,000 tested=1,277 found=0 n=176112413231747820446619 elapsed=1857s
progress: nodes=39,220,000,000 tested=1,277 found=0 n=227504429974990099298367 elapsed=1858s
progress: nodes=39,230,000,000 tested=1,277 found=0 n=283809356332319156770431 elapsed=1858s
progress: nodes=39,240,000,000 tested=1,277 found=0 n=110353478937599181703419 elapsed=1859s
progress: nodes=39,250,000,000 tested=1,277 found=0 n=171944962163779184897517 elapsed=1859s
progress: nodes=39,260,000,000 tested=1,277 found=0 n=239193497068603038120159 elapsed=1860s
progress: nodes=39,270,000,000 tested=1,277 found=0 n=80373606995836418124861 elapsed=1860s
progress: nodes=39,280,000,000 tested=1,277 found=0 n=153258262621504501512051 elapsed=1861s
progress: nodes=39,290,000,000 tested=1,277 found=0 n=232705618999084149901983 elapsed=1861s
progress: nodes=39,300,000,000 tested=1,277 found=0 n=85496614488532358091981 elapsed=1862s
progress: nodes=39,310,000,000 tested=1,277 found=0 n=168897962080630105265943 elapsed=1862s
progress: nodes=39,320,000,000 tested=1,277 found=0 n=259131222426962273799411 elapsed=1862s
progress: nodes=39,330,000,000 tested=1,277 found=0 n=121009969759887580102731 elapsed=1863s
progress: nodes=39,340,000,000 tested=1,277 found=0 n=217285650672049130109939 elapsed=1863s
progress: nodes=39,350,000,000 tested=1,277 found=0 n=89019903234051013443219 elapsed=1864s
progress: nodes=39,360,000,000 tested=1,277 found=0 n=191266935652064464889697 elapsed=1864s
progress: nodes=39,370,000,000 tested=1,277 found=0 n=71109718054121821791717 elapsed=1865s
progress: nodes=39,380,000,000 tested=1,277 found=0 n=179931878907001268318271 elapsed=1865s
progress: nodes=39,390,000,000 tested=1,277 found=0 n=297770199220833018426747 elapsed=1866s
progress: nodes=39,400,000,000 tested=1,277 found=0 n=185162638456369966509117 elapsed=1866s
progress: nodes=39,410,000,000 tested=1,277 found=0 n=81496877294992406724477 elapsed=1867s
progress: nodes=39,420,000,000 tested=1,277 found=0 n=206876227038744702415977 elapsed=1867s
progress: nodes=39,430,000,000 tested=1,277 found=0 n=109367109482262271789149 elapsed=1868s
progress: nodes=39,440,000,000 tested=1,277 found=0 n=244301665066183149988563 elapsed=1868s
progress: nodes=39,450,000,000 tested=1,277 found=0 n=152859409256941366820841 elapsed=1869s
progress: nodes=39,460,000,000 tested=1,277 found=0 n=297396152825754014039007 elapsed=1869s
progress: nodes=39,470,000,000 tested=1,277 found=0 n=212880376968638246366499 elapsed=1870s
progress: nodes=39,480,000,000 tested=1,277 found=0 n=134300892199984973502039 elapsed=1870s
progress: nodes=39,490,000,000 tested=1,277 found=0 n=289991691506788839689121 elapsed=1871s
progress: nodes=39,500,000,000 tested=1,277 found=0 n=217625458395201428284713 elapsed=1871s
progress: nodes=39,510,000,000 tested=1,277 found=0 n=151318609884485951915007 elapsed=1872s
progress: nodes=39,520,000,000 tested=1,277 found=0 n=90415594347849941681511 elapsed=1872s
progress: nodes=39,530,000,000 tested=1,277 found=0 n=259696489420548946674909 elapsed=1873s
progress: nodes=39,540,000,000 tested=1,277 found=0 n=203589291958393416084009 elapsed=1873s
progress: nodes=39,550,000,000 tested=1,277 found=0 n=151967872769976813106557 elapsed=1873s
progress: nodes=39,560,000,000 tested=1,277 found=0 n=105768342500915503690281 elapsed=1874s
progress: nodes=39,570,000,000 tested=1,277 found=0 n=291682217929572928647189 elapsed=1874s
progress: nodes=39,580,000,000 tested=1,277 found=0 n=251596639547513948865177 elapsed=1875s
progress: nodes=39,590,000,000 tested=1,277 found=0 n=216611627098887896862987 elapsed=1875s
progress: nodes=39,600,000,000 tested=1,277 found=0 n=186757817287869453937311 elapsed=1876s
progress: nodes=39,610,000,000 tested=1,277 found=0 n=161338985788624631984997 elapsed=1876s
progress: nodes=39,620,000,000 tested=1,277 found=0 n=139542781894015993846353 elapsed=1877s
progress: nodes=39,630,000,000 tested=1,277 found=0 n=121356837530558488779921 elapsed=1877s
progress: nodes=39,640,000,000 tested=1,277 found=0 n=107039418109773822782109 elapsed=1878s
progress: nodes=39,650,000,000 tested=1,277 found=0 n=96548193699649861978809 elapsed=1878s
progress: nodes=39,660,000,000 tested=1,277 found=0 n=89514071274383022780513 elapsed=1879s
progress: nodes=39,670,000,000 tested=1,277 found=0 n=85790957554636393266207 elapsed=1879s
progress: nodes=39,680,000,000 tested=1,277 found=0 n=85889086592482288804689 elapsed=1880s
progress: nodes=39,690,000,000 tested=1,277 found=0 n=90213504255644441112441 elapsed=1880s
progress: nodes=39,700,000,000 tested=1,277 found=0 n=98278052757769269295911 elapsed=1881s
progress: nodes=39,710,000,000 tested=1,277 found=0 n=110316105954802572575751 elapsed=1881s
progress: nodes=39,720,000,000 tested=1,277 found=0 n=126358739011472228229969 elapsed=1882s
progress: nodes=39,730,000,000 tested=1,277 found=0 n=146430717055394539120353 elapsed=1882s
progress: nodes=39,740,000,000 tested=1,277 found=0 n=170114713610647114658349 elapsed=1883s
progress: nodes=39,750,000,000 tested=1,277 found=0 n=198071138300880843971973 elapsed=1883s
progress: nodes=39,760,000,000 tested=1,277 found=0 n=229894548680562702415479 elapsed=1884s
progress: nodes=39,770,000,000 tested=1,277 found=0 n=265742843065889107785867 elapsed=1884s
progress: nodes=39,780,000,000 tested=1,277 found=0 n=80534461072987994659587 elapsed=1885s
progress: nodes=39,790,000,000 tested=1,277 found=0 n=123264732915456323552361 elapsed=1885s
progress: nodes=39,800,000,000 tested=1,277 found=0 n=171010852243741747694457 elapsed=1886s
progress: nodes=39,810,000,000 tested=1,277 found=0 n=224096610724153965849051 elapsed=1886s
progress: nodes=39,820,000,000 tested=1,277 found=0 n=281505886911188742291489 elapsed=1886s
progress: nodes=39,830,000,000 tested=1,277 found=0 n=114794366204354918434353 elapsed=1887s
progress: nodes=39,840,000,000 tested=1,277 found=0 n=176881385073433033464471 elapsed=1887s
progress: nodes=39,850,000,000 tested=1,277 found=0 n=243622635721913089342701 elapsed=1888s
progress: nodes=39,860,000,000 tested=1,277 found=0 n=89704012294027314113931 elapsed=1888s
progress: nodes=39,870,000,000 tested=1,277 found=0 n=162032289817988720667537 elapsed=1889s
progress: nodes=39,880,000,000 tested=1,277 found=0 n=240607753107368592934989 elapsed=1889s
progress: nodes=39,890,000,000 tested=1,277 found=0 n=98087566445066745998451 elapsed=1890s
progress: nodes=39,900,000,000 tested=1,277 found=0 n=182402304562041896903571 elapsed=1890s
progress: nodes=39,910,000,000 tested=1,277 found=0 n=274095546084187628667867 elapsed=1891s
progress: nodes=39,920,000,000 tested=1,277 found=0 n=142330027014108061911783 elapsed=1891s
progress: nodes=39,930,000,000 tested=1,277 found=0 n=241271420832381635929233 elapsed=1892s
progress: nodes=39,940,000,000 tested=1,277 found=0 n=119568107886954327223623 elapsed=1892s
progress: nodes=39,950,000,000 tested=1,277 found=0 n=225901227232167559054983 elapsed=1893s
progress: nodes=39,960,000,000 tested=1,277 found=0 n=112369422920892216410331 elapsed=1893s
progress: nodes=39,970,000,000 tested=1,277 found=0 n=226998163978143174519903 elapsed=1894s
progress: nodes=39,980,000,000 tested=1,277 found=0 n=122469009169726542520197 elapsed=1894s
progress: nodes=39,990,000,000 tested=1,277 found=0 n=245616243472376959809627 elapsed=1895s
progress: nodes=40,000,000,000 tested=1,277 found=0 n=147992723854270452668511 elapsed=1895s
progress: nodes=40,010,000,000 tested=1,277 found=0 n=279717199283276244460971 elapsed=1896s
progress: nodes=40,020,000,000 tested=1,277 found=0 n=188469858620004061597497 elapsed=1896s
progress: nodes=40,030,000,000 tested=1,277 found=0 n=103499277797165940668979 elapsed=1897s
progress: nodes=40,040,000,000 tested=1,277 found=0 n=244087635876009320786391 elapsed=1897s
progress: nodes=40,050,000,000 tested=1,277 found=0 n=164981716467574744300563 elapsed=1897s
progress: nodes=40,060,000,000 tested=1,277 found=0 n=92224841884358540896539 elapsed=1898s
progress: nodes=40,070,000,000 tested=1,277 found=0 n=243970651949127358922667 elapsed=1898s
progress: nodes=40,080,000,000 tested=1,277 found=0 n=176917022150885569564011 elapsed=1899s
progress: nodes=40,090,000,000 tested=1,277 found=0 n=115666433078284648058499 elapsed=1899s
progress: nodes=40,100,000,000 tested=1,277 found=0 n=281171859477417697765977 elapsed=1900s
progress: nodes=40,110,000,000 tested=1,277 found=0 n=225133025085958603250637 elapsed=1900s
progress: nodes=40,120,000,000 tested=1,277 found=0 n=173911077256949387772417 elapsed=1901s
progress: nodes=40,130,000,000 tested=1,277 found=0 n=127196132608898521571403 elapsed=1901s
progress: nodes=40,140,000,000 tested=1,277 found=0 n=85197515106081172723929 elapsed=1902s
progress: nodes=40,150,000,000 tested=1,277 found=0 n=267746500227775317537789 elapsed=1902s
progress: nodes=40,160,000,000 tested=1,277 found=0 n=232279382620219453327809 elapsed=1903s
progress: nodes=40,170,000,000 tested=1,277 found=0 n=201353148185088219373053 elapsed=1903s
progress: nodes=40,180,000,000 tested=1,277 found=0 n=174869322381405239016429 elapsed=1904s
progress: nodes=40,190,000,000 tested=1,277 found=0 n=152443942145200671434469 elapsed=1904s
progress: nodes=40,200,000,000 tested=1,277 found=0 n=134591260307006130761133 elapsed=1905s
progress: nodes=40,210,000,000 tested=1,277 found=0 n=121309226914430533869891 elapsed=1905s
progress: nodes=40,220,000,000 tested=1,277 found=0 n=112005987838176293804943 elapsed=1906s
progress: nodes=40,230,000,000 tested=1,277 found=0 n=106490630576521669200723 elapsed=1906s
progress: nodes=40,240,000,000 tested=1,277 found=0 n=104699817536123419873263 elapsed=1907s
progress: nodes=40,250,000,000 tested=1,277 found=0 n=107109073615596525033561 elapsed=1907s
progress: nodes=40,260,000,000 tested=1,277 found=0 n=112884503454384689620593 elapsed=1908s
progress: nodes=40,270,000,000 tested=1,277 found=0 n=122268422203531988004621 elapsed=1908s
progress: nodes=40,280,000,000 tested=1,277 found=0 n=135484144277913124536843 elapsed=1909s
progress: nodes=40,290,000,000 tested=1,277 found=0 n=153397385064933426149733 elapsed=1909s
progress: nodes=40,300,000,000 tested=1,277 found=0 n=176077855710617002783641 elapsed=1910s
progress: nodes=40,310,000,000 tested=1,277 found=0 n=203503524014587849063011 elapsed=1910s
progress: nodes=40,320,000,000 tested=1,277 found=0 n=235915056729914613090039 elapsed=1911s
progress: nodes=40,330,000,000 tested=1,277 found=0 n=272571317835169733537157 elapsed=1911s
progress: nodes=40,340,000,000 tested=1,277 found=0 n=92340450025864816052277 elapsed=1912s
progress: nodes=40,350,000,000 tested=1,277 found=0 n=135577016434697829744753 elapsed=1912s
progress: nodes=40,360,000,000 tested=1,277 found=0 n=183871364338193415690807 elapsed=1913s
progress: nodes=40,370,000,000 tested=1,277 found=0 n=237168460633164519516057 elapsed=1913s
progress: nodes=40,380,000,000 tested=1,277 found=0 n=75367990392186543558507 elapsed=1914s
progress: nodes=40,390,000,000 tested=1,277 found=0 n=133011833234970768387309 elapsed=1914s
progress: nodes=40,400,000,000 tested=1,277 found=0 n=196818158924088374285613 elapsed=1915s
progress: nodes=40,410,000,000 tested=1,277 found=0 n=266395936818633109190703 elapsed=1915s
progress: nodes=40,420,000,000 tested=1,277 found=0 n=118751799747457094435217 elapsed=1916s
progress: nodes=40,430,000,000 tested=1,277 found=0 n=194776035679656144626913 elapsed=1916s
progress: nodes=40,440,000,000 tested=1,277 found=0 n=277197202615132969252083 elapsed=1917s
progress: nodes=40,450,000,000 tested=1,277 found=0 n=141006606565913782014321 elapsed=1917s
progress: nodes=40,460,000,000 tested=1,277 found=0 n=229135823430725716546041 elapsed=1918s
progress: nodes=40,470,000,000 tested=1,277 found=0 n=102907006139663101308933 elapsed=1918s
progress: nodes=40,480,000,000 tested=1,277 found=0 n=197439006690450902155779 elapsed=1919s
progress: nodes=40,490,000,000 tested=1,277 found=0 n=79813720150723438638759 elapsed=1919s
progress: nodes=40,500,000,000 tested=1,277 found=0 n=180627672725649541551159 elapsed=1920s
progress: nodes=40,510,000,000 tested=1,277 found=0 n=289361683987095524687883 elapsed=1920s
progress: nodes=40,520,000,000 tested=1,277 found=0 n=179275846429646303057721 elapsed=1921s
progress: nodes=40,530,000,000 tested=1,277 found=0 n=77329394751864798203661 elapsed=1921s
progress: nodes=40,540,000,000 tested=1,277 found=0 n=193150324905521860906029 elapsed=1922s
progress: nodes=40,550,000,000 tested=1,277 found=0 n=98194304466997244194689 elapsed=1922s
progress: nodes=40,560,000,000 tested=1,277 found=0 n=223453149308016440799987 elapsed=1923s
progress: nodes=40,570,000,000 tested=1,277 found=0 n=135740446027734886791453 elapsed=1923s
progress: nodes=40,580,000,000 tested=1,277 found=0 n=271137404395595542431627 elapsed=1924s
progress: nodes=40,590,000,000 tested=1,277 found=0 n=189388805775923289757221 elapsed=1924s
progress: nodes=40,600,000,000 tested=1,277 found=0 n=114592789086259260323547 elapsed=1925s
progress: nodes=40,610,000,000 tested=1,277 found=0 n=260914988233441793768517 elapsed=1925s
progress: nodes=40,620,000,000 tested=1,277 found=0 n=191997045215485157088441 elapsed=1926s
progress: nodes=40,630,000,000 tested=1,277 found=0 n=128789608505517830069199 elapsed=1926s
progress: nodes=40,640,000,000 tested=1,277 found=0 n=287833072339171683116793 elapsed=1927s
progress: nodes=40,650,000,000 tested=1,277 found=0 n=230568532566896422367469 elapsed=1927s
progress: nodes=40,660,000,000 tested=1,277 found=0 n=178134677262636336589347 elapsed=1928s
progress: nodes=40,670,000,000 tested=1,277 found=0 n=130069830169530909616959 elapsed=1928s
progress: nodes=40,680,000,000 tested=1,277 found=0 n=86408990247544164703503 elapsed=1929s
progress: nodes=40,690,000,000 tested=1,277 found=0 n=262538825072704002884061 elapsed=1929s
progress: nodes=40,700,000,000 tested=1,277 found=0 n=225828727010096147410473 elapsed=1930s
progress: nodes=40,710,000,000 tested=1,277 found=0 n=193109393259623808168201 elapsed=1930s
progress: nodes=40,720,000,000 tested=1,277 found=0 n=164996758447490875288383 elapsed=1931s
progress: nodes=40,730,000,000 tested=1,277 found=0 n=141125095185722921662389 elapsed=1931s
progress: nodes=40,740,000,000 tested=1,277 found=0 n=121450286682143410394403 elapsed=1932s
progress: nodes=40,750,000,000 tested=1,277 found=0 n=106213894255230607012167 elapsed=1932s
progress: nodes=40,760,000,000 tested=1,277 found=0 n=95995488924824998698189 elapsed=1933s
progress: nodes=40,770,000,000 tested=1,277 found=0 n=90445580496549391536423 elapsed=1933s
progress: nodes=40,780,000,000 tested=1,277 found=0 n=89273236175676341890101 elapsed=1934s
progress: nodes=40,790,000,000 tested=1,277 found=0 n=92369049986026306479987 elapsed=1934s
progress: nodes=40,800,000,000 tested=1,277 found=0 n=99820453385799772376751 elapsed=1935s
progress: nodes=40,810,000,000 tested=1,277 found=0 n=111322212185809324650951 elapsed=1935s
progress: nodes=40,820,000,000 tested=1,277 found=0 n=127310806999536186853827 elapsed=1936s
progress: nodes=40,830,000,000 tested=1,277 found=0 n=148247985416345373007449 elapsed=1936s
progress: nodes=40,840,000,000 tested=1,277 found=0 n=173549879566795361232603 elapsed=1937s
progress: nodes=40,850,000,000 tested=1,277 found=0 n=203203478928076059295863 elapsed=1937s
progress: nodes=40,860,000,000 tested=1,277 found=0 n=237471057196542753216633 elapsed=1938s
progress: nodes=40,870,000,000 tested=1,277 found=0 n=276157567319263867946709 elapsed=1938s
progress: nodes=40,880,000,000 tested=1,277 found=0 n=102335015737744807920903 elapsed=1939s
progress: nodes=40,890,000,000 tested=1,277 found=0 n=147221464171708964706669 elapsed=1939s
progress: nodes=40,900,000,000 tested=1,277 found=0 n=197154566678466740309967 elapsed=1940s
progress: nodes=40,910,000,000 tested=1,277 found=0 n=251813029217494731359373 elapsed=1940s
progress: nodes=40,920,000,000 tested=1,277 found=0 n=95071741343833192141203 elapsed=1941s
progress: nodes=40,930,000,000 tested=1,277 found=0 n=154860659841126868625997 elapsed=1941s
progress: nodes=40,940,000,000 tested=1,277 found=0 n=220603092945085173682359 elapsed=1942s
progress: nodes=40,950,000,000 tested=1,277 found=0 n=77894769111087748957137 elapsed=1942s
progress: nodes=40,960,000,000 tested=1,277 found=0 n=149455024189807363748721 elapsed=1943s
progress: nodes=40,970,000,000 tested=1,277 found=0 n=227852745243174952689789 elapsed=1943s
progress: nodes=40,980,000,000 tested=1,277 found=0 n=96722221385146395427389 elapsed=1944s
progress: nodes=40,990,000,000 tested=1,277 found=0 n=181902618170643802529097 elapsed=1944s
progress: nodes=41,000,000,000 tested=1,277 found=0 n=274044830353608043476747 elapsed=1945s
progress: nodes=41,010,000,000 tested=1,277 found=0 n=153318724782394866483789 elapsed=1945s
progress: nodes=41,020,000,000 tested=1,277 found=0 n=253277020545798806900343 elapsed=1946s
progress: nodes=41,030,000,000 tested=1,277 found=0 n=141713544877307669627361 elapsed=1946s
progress: nodes=41,040,000,000 tested=1,277 found=0 n=249164791718550325895277 elapsed=1947s
progress: nodes=41,050,000,000 tested=1,277 found=0 n=145924126675884371221407 elapsed=1947s
progress: nodes=41,060,000,000 tested=1,277 found=0 n=262412199754427707407423 elapsed=1948s
progress: nodes=41,070,000,000 tested=1,277 found=0 n=167085167752906638812577 elapsed=1948s
progress: nodes=41,080,000,000 tested=1,277 found=0 n=78920443238458988829663 elapsed=1949s
progress: nodes=41,090,000,000 tested=1,277 found=0 n=204146461772413486623297 elapsed=1949s
progress: nodes=41,100,000,000 tested=1,277 found=0 n=123745128015543087502449 elapsed=1950s
progress: nodes=41,110,000,000 tested=1,277 found=0 n=261334075212188300745423 elapsed=1950s
progress: nodes=41,120,000,000 tested=1,277 found=0 n=188256126938819110298127 elapsed=1951s
progress: nodes=41,130,000,000 tested=1,277 found=0 n=120261999943995835965039 elapsed=1951s
progress: nodes=41,140,000,000 tested=1,277 found=0 n=268529760612616349868021 elapsed=1952s
progress: nodes=41,150,000,000 tested=1,277 found=0 n=206065985275635896361951 elapsed=1952s
progress: nodes=41,160,000,000 tested=1,277 found=0 n=149756238513276541983837 elapsed=1952s
progress: nodes=41,170,000,000 tested=1,277 found=0 n=99084641771280763897299 elapsed=1953s
progress: nodes=41,180,000,000 tested=1,277 found=0 n=263167798986100708999299 elapsed=1954s
progress: nodes=41,190,000,000 tested=1,277 found=0 n=218042577020657324196261 elapsed=1954s
progress: nodes=41,200,000,000 tested=1,277 found=0 n=177815140494520897106739 elapsed=1954s
progress: nodes=41,210,000,000 tested=1,277 found=0 n=141802614009566968298841 elapsed=1955s
progress: nodes=41,220,000,000 tested=1,277 found=0 n=110065177494538362903807 elapsed=1955s
progress: nodes=41,230,000,000 tested=1,277 found=0 n=82431315792025177738761 elapsed=1956s
progress: nodes=41,240,000,000 tested=1,277 found=0 n=268253220684160778809743 elapsed=1957s
progress: nodes=41,250,000,000 tested=1,277 found=0 n=247951163126785518479079 elapsed=1957s
progress: nodes=41,260,000,000 tested=1,277 found=0 n=232312182841646916721713 elapsed=1958s
progress: nodes=41,270,000,000 tested=1,277 found=0 n=220795913991385198993527 elapsed=1958s
progress: nodes=41,280,000,000 tested=1,277 found=0 n=213439705453795463880237 elapsed=1958s
progress: nodes=41,290,000,000 tested=1,277 found=0 n=210468724348305591219051 elapsed=1959s
progress: nodes=41,300,000,000 tested=1,277 found=0 n=211837631265960219250731 elapsed=1959s
progress: nodes=41,310,000,000 tested=1,277 found=0 n=217543110339014428387419 elapsed=1960s
progress: nodes=41,320,000,000 tested=1,277 found=0 n=227169209380723127488971 elapsed=1960s
progress: nodes=41,330,000,000 tested=1,277 found=0 n=241204685363744961139281 elapsed=1961s
progress: nodes=41,340,000,000 tested=1,277 found=0 n=259405307429896964725389 elapsed=1961s
progress: nodes=41,350,000,000 tested=1,277 found=0 n=281626855482907222847559 elapsed=1962s
progress: nodes=41,360,000,000 tested=1,277 found=0 n=97156871875984236154839 elapsed=1962s
progress: nodes=41,370,000,000 tested=1,277 found=0 n=126765274790530077500799 elapsed=1963s
progress: nodes=41,380,000,000 tested=1,277 found=0 n=161232278326094993168151 elapsed=1963s
progress: nodes=41,390,000,000 tested=1,277 found=0 n=200774292779040231790539 elapsed=1964s
progress: nodes=41,400,000,000 tested=1,277 found=0 n=245109214549087225588251 elapsed=1964s
progress: nodes=41,410,000,000 tested=1,277 found=0 n=83400362329533702912459 elapsed=1965s
progress: nodes=41,420,000,000 tested=1,277 found=0 n=132958697937524498860821 elapsed=1965s
progress: nodes=41,430,000,000 tested=1,277 found=0 n=188457896464176530954763 elapsed=1966s
progress: nodes=41,440,000,000 tested=1,277 found=0 n=249055879631552605859247 elapsed=1966s
progress: nodes=41,450,000,000 tested=1,277 found=0 n=103333645991661976561671 elapsed=1967s
progress: nodes=41,460,000,000 tested=1,277 found=0 n=169307995139566377161067 elapsed=1967s
progress: nodes=41,470,000,000 tested=1,277 found=0 n=241153562821014236235843 elapsed=1968s
progress: nodes=41,480,000,000 tested=1,277 found=0 n=107043533224208673853761 elapsed=1968s
progress: nodes=41,490,000,000 tested=1,277 found=0 n=185436143020728575834859 elapsed=1969s
progress: nodes=41,500,000,000 tested=1,277 found=0 n=270201297737697223788891 elapsed=1969s
progress: nodes=41,510,000,000 tested=1,277 found=0 n=147642022245035430010899 elapsed=1970s
progress: nodes=41,520,000,000 tested=1,277 found=0 n=239659690071822249302073 elapsed=1970s
progress: nodes=41,530,000,000 tested=1,277 found=0 n=126064667289960795867471 elapsed=1971s
progress: nodes=41,540,000,000 tested=1,277 found=0 n=225908801628393658497723 elapsed=1971s
progress: nodes=41,550,000,000 tested=1,277 found=0 n=121941156544868538258381 elapsed=1972s
progress: nodes=41,560,000,000 tested=1,277 found=0 n=231595868757316194934803 elapsed=1972s
progress: nodes=41,570,000,000 tested=1,277 found=0 n=136777186512540775568367 elapsed=1973s
progress: nodes=41,580,000,000 tested=1,277 found=0 n=255900335970285135366237 elapsed=1973s
progress: nodes=41,590,000,000 tested=1,277 found=0 n=169073578410650618223519 elapsed=1974s
progress: nodes=41,600,000,000 tested=1,277 found=0 n=88890420221573032161099 elapsed=1974s
progress: nodes=41,610,000,000 tested=1,277 found=0 n=218442504311052623548947 elapsed=1975s
progress: nodes=41,620,000,000 tested=1,277 found=0 n=145378556073745036661619 elapsed=1975s
progress: nodes=41,630,000,000 tested=1,277 found=0 n=78938905973191916174523 elapsed=1976s
progress: nodes=41,640,000,000 tested=1,277 found=0 n=220601937713432795300781 elapsed=1976s
progress: nodes=41,650,000,000 tested=1,277 found=0 n=161055004141162089970011 elapsed=1977s
progress: nodes=41,660,000,000 tested=1,277 found=0 n=107661143902371003215271 elapsed=1977s
progress: nodes=41,670,000,000 tested=1,277 found=0 n=265066907689276541739891 elapsed=1978s
progress: nodes=41,680,000,000 tested=1,277 found=0 n=217216410320492163393813 elapsed=1978s
progress: nodes=41,690,000,000 tested=1,277 found=0 n=174761139584262758449923 elapsed=1979s
progress: nodes=41,700,000,000 tested=1,277 found=0 n=136761810494630282530569 elapsed=1979s
progress: nodes=41,710,000,000 tested=1,277 found=0 n=103432488463421699040459 elapsed=1980s
progress: nodes=41,720,000,000 tested=1,277 found=0 n=281681865815261070618459 elapsed=1980s
progress: nodes=41,730,000,000 tested=1,277 found=0 n=255362071360221016290099 elapsed=1981s
progress: nodes=41,740,000,000 tested=1,277 found=0 n=233829349639242865687179 elapsed=1981s
progress: nodes=41,750,000,000 tested=1,277 found=0 n=216497416644828720051651 elapsed=1982s
progress: nodes=41,760,000,000 tested=1,277 found=0 n=203662386641143082726073 elapsed=1982s
progress: nodes=41,770,000,000 tested=1,277 found=0 n=195817466874797175567159 elapsed=1982s
progress: nodes=41,780,000,000 tested=1,277 found=0 n=192686435023370760731259 elapsed=1983s
progress: nodes=41,790,000,000 tested=1,277 found=0 n=193783695009087741266709 elapsed=1983s
progress: nodes=41,800,000,000 tested=1,277 found=0 n=198862714392630596050743 elapsed=1984s
progress: nodes=41,810,000,000 tested=1,277 found=0 n=207398603053844835750117 elapsed=1984s
progress: nodes=41,820,000,000 tested=1,277 found=0 n=220066480483633289639133 elapsed=1985s
progress: nodes=41,830,000,000 tested=1,277 found=0 n=237126827949435796769397 elapsed=1985s
progress: nodes=41,840,000,000 tested=1,277 found=0 n=258455405839888642636251 elapsed=1986s
progress: nodes=41,850,000,000 tested=1,277 found=0 n=79648247228738439772521 elapsed=1986s
progress: nodes=41,860,000,000 tested=1,277 found=0 n=108575915181680668755033 elapsed=1987s
progress: nodes=41,870,000,000 tested=1,277 found=0 n=142127677580268016696059 elapsed=1987s
progress: nodes=41,880,000,000 tested=1,277 found=0 n=181093045943983462492203 elapsed=1988s
progress: nodes=41,890,000,000 tested=1,277 found=0 n=224387510069474994493251 elapsed=1988s
progress: nodes=41,900,000,000 tested=1,277 found=0 n=273251731130336495415879 elapsed=1989s
progress: nodes=41,910,000,000 tested=1,277 found=0 n=118538118065843156433753 elapsed=1989s
progress: nodes=41,920,000,000 tested=1,277 found=0 n=173800900911084042895299 elapsed=1990s
progress: nodes=41,930,000,000 tested=1,277 found=0 n=234682412690256427069173 elapsed=1990s
progress: nodes=41,940,000,000 tested=1,277 found=0 n=95100495788622485840679 elapsed=1991s
progress: nodes=41,950,000,000 tested=1,277 found=0 n=162611619651605190369303 elapsed=1991s
progress: nodes=41,960,000,000 tested=1,277 found=0 n=236565437351411358617427 elapsed=1992s
progress: nodes=41,970,000,000 tested=1,277 found=0 n=109440430328317693007403 elapsed=1992s
progress: nodes=41,980,000,000 tested=1,277 found=0 n=190922681183614737323967 elapsed=1993s
progress: nodes=41,990,000,000 tested=1,277 found=0 n=278860432215533954646861 elapsed=1993s
progress: nodes=42,000,000,000 tested=1,277 found=0 n=162291178592165189980413 elapsed=1994s
progress: nodes=42,010,000,000 tested=1,277 found=0 n=257820943373906278216851 elapsed=1994s
progress: nodes=42,020,000,000 tested=1,277 found=0 n=150708509743487371608933 elapsed=1995s
progress: nodes=42,030,000,000 tested=1,277 found=0 n=254518163984446095324591 elapsed=1995s
progress: nodes=42,040,000,000 tested=1,277 found=0 n=156294170153874354420819 elapsed=1995s
progress: nodes=42,050,000,000 tested=1,277 found=0 n=269048108985090326774883 elapsed=1996s
progress: nodes=42,060,000,000 tested=1,277 found=0 n=179540607481037292743253 elapsed=1996s
progress: nodes=42,070,000,000 tested=1,277 found=0 n=96667444894367560820607 elapsed=1997s
progress: nodes=42,080,000,000 tested=1,277 found=0 n=219881314025406002168199 elapsed=1997s
progress: nodes=42,090,000,000 tested=1,277 found=0 n=144259003242807803693343 elapsed=1998s
progress: nodes=42,100,000,000 tested=1,277 found=0 n=278317233209260474065837 elapsed=1998s
progress: nodes=42,110,000,000 tested=1,277 found=0 n=210573287940858051616407 elapsed=1999s
progress: nodes=42,120,000,000 tested=1,277 found=0 n=149064229953741115420407 elapsed=1999s
progress: nodes=42,130,000,000 tested=1,277 found=0 n=93551564502479100160143 elapsed=2000s
progress: nodes=42,140,000,000 tested=1,277 found=0 n=243762369211744819398963 elapsed=2000s
progress: nodes=42,150,000,000 tested=1,277 found=0 n=194458575728716165459593 elapsed=2001s
progress: nodes=42,160,000,000 tested=1,277 found=0 n=150380088625873759103451 elapsed=2001s
progress: nodes=42,170,000,000 tested=1,277 found=0 n=111382237403386008346287 elapsed=2002s
progress: nodes=42,180,000,000 tested=1,277 found=0 n=279931042914248838401289 elapsed=2002s
progress: nodes=42,190,000,000 tested=1,277 found=0 n=248075775617439432834171 elapsed=2003s
progress: nodes=42,200,000,000 tested=1,277 found=0 n=220844333419294124827287 elapsed=2003s
progress: nodes=42,210,000,000 tested=1,277 found=0 n=198390262367429104461489 elapsed=2004s
progress: nodes=42,220,000,000 tested=1,277 found=0 n=180918533216764146764961 elapsed=2004s
progress: nodes=42,230,000,000 tested=1,277 found=0 n=168432123705019590877461 elapsed=2005s
progress: nodes=42,240,000,000 tested=1,277 found=0 n=159994700194184624279511 elapsed=2005s
progress: nodes=42,250,000,000 tested=1,277 found=0 n=156539476940013069083181 elapsed=2006s
progress: nodes=42,260,000,000 tested=1,277 found=0 n=157782807656170742512467 elapsed=2006s
progress: nodes=42,270,000,000 tested=1,277 found=0 n=163274336531732189686923 elapsed=2007s
progress: nodes=42,280,000,000 tested=1,277 found=0 n=172789609634810071380477 elapsed=2007s
progress: nodes=42,290,000,000 tested=1,277 found=0 n=187059386537945770561713 elapsed=2008s
progress: nodes=42,300,000,000 tested=1,277 found=0 n=205978307537963024145081 elapsed=2008s
progress: nodes=42,310,000,000 tested=1,277 found=0 n=229488300829945727496927 elapsed=2009s
progress: nodes=42,320,000,000 tested=1,277 found=0 n=257933299079161765956897 elapsed=2009s
progress: nodes=42,330,000,000 tested=1,277 found=0 n=89000307704565946902213 elapsed=2010s
progress: nodes=42,340,000,000 tested=1,277 found=0 n=124368046379707993283421 elapsed=2010s
progress: nodes=42,350,000,000 tested=1,277 found=0 n=164929280793468235437393 elapsed=2011s
progress: nodes=42,360,000,000 tested=1,277 found=0 n=210773985457270223857869 elapsed=2011s
progress: nodes=42,370,000,000 tested=1,277 found=0 n=261523796933250508177521 elapsed=2012s
progress: nodes=42,380,000,000 tested=1,277 found=0 n=114159069501717226747761 elapsed=2012s
progress: nodes=42,390,000,000 tested=1,277 found=0 n=171500510425400812322667 elapsed=2013s
progress: nodes=42,400,000,000 tested=1,277 found=0 n=234100261424074015241271 elapsed=2013s
progress: nodes=42,410,000,000 tested=1,277 found=0 n=100723464908175441421089 elapsed=2014s
progress: nodes=42,420,000,000 tested=1,277 found=0 n=170357521367051524959453 elapsed=2014s
progress: nodes=42,430,000,000 tested=1,277 found=0 n=246175134373426585057731 elapsed=2015s
progress: nodes=42,440,000,000 tested=1,277 found=0 n=124887342600784661666769 elapsed=2015s
progress: nodes=42,450,000,000 tested=1,277 found=0 n=208724773564932368761017 elapsed=2016s
progress: nodes=42,460,000,000 tested=1,277 found=0 n=97963803275188851963963 elapsed=2016s
progress: nodes=42,470,000,000 tested=1,277 found=0 n=189072246841307758932003 elapsed=2017s
progress: nodes=42,480,000,000 tested=1,277 found=0 n=87748049334036152610549 elapsed=2017s
progress: nodes=42,490,000,000 tested=1,277 found=0 n=187549948556467847260911 elapsed=2018s
progress: nodes=42,500,000,000 tested=1,277 found=0 n=94198630296761585243649 elapsed=2018s
progress: nodes=42,510,000,000 tested=1,277 found=0 n=202488484109480901264933 elapsed=2019s
progress: nodes=42,520,000,000 tested=1,277 found=0 n=117799791508958004889443 elapsed=2019s
progress: nodes=42,530,000,000 tested=1,277 found=0 n=236629363158049608107361 elapsed=2020s
progress: nodes=42,540,000,000 tested=1,277 found=0 n=159529313263602585059757 elapsed=2020s
progress: nodes=42,550,000,000 tested=1,277 found=0 n=89354547094722592992309 elapsed=2021s
progress: nodes=42,560,000,000 tested=1,277 found=0 n=219843206111498332886523 elapsed=2021s
progress: nodes=42,570,000,000 tested=1,277 found=0 n=155981618915432241522591 elapsed=2022s
progress: nodes=42,580,000,000 tested=1,277 found=0 n=98210882917125099001881 elapsed=2022s
progress: nodes=42,590,000,000 tested=1,277 found=0 n=242018134605630972830241 elapsed=2023s
progress: nodes=42,600,000,000 tested=1,277 found=0 n=190828182237779779063371 elapsed=2023s
progress: nodes=42,610,000,000 tested=1,277 found=0 n=144843040196113751214723 elapsed=2024s
progress: nodes=42,620,000,000 tested=1,277 found=0 n=104277991745232580103829 elapsed=2024s
progress: nodes=42,630,000,000 tested=1,277 found=0 n=266473167231833885894571 elapsed=2025s
progress: nodes=42,640,000,000 tested=1,277 found=0 n=233757188443387239758127 elapsed=2025s
progress: nodes=42,650,000,000 tested=1,277 found=0 n=206588735671183353847359 elapsed=2026s
progress: nodes=42,660,000,000 tested=1,277 found=0 n=184245190500928879993671 elapsed=2026s
progress: nodes=42,670,000,000 tested=1,277 found=0 n=166220538964525154796687 elapsed=2027s
progress: nodes=42,680,000,000 tested=1,277 found=0 n=152749754651786220279351 elapsed=2027s
progress: nodes=42,690,000,000 tested=1,277 found=0 n=143764654667279301408753 elapsed=2028s
progress: nodes=42,700,000,000 tested=1,277 found=0 n=139753583907790197107763 elapsed=2028s
progress: nodes=42,710,000,000 tested=1,277 found=0 n=140587004994364838408499 elapsed=2029s
progress: nodes=42,720,000,000 tested=1,277 found=0 n=145412173223199828238293 elapsed=2029s
progress: nodes=42,730,000,000 tested=1,277 found=0 n=154748111383374304332537 elapsed=2030s
progress: nodes=42,740,000,000 tested=1,277 found=0 n=168674256468220471057089 elapsed=2030s
progress: nodes=42,750,000,000 tested=1,277 found=0 n=187377335040009484711341 elapsed=2031s
progress: nodes=42,760,000,000 tested=1,277 found=0 n=210820805401347404366103 elapsed=2031s
progress: nodes=42,770,000,000 tested=1,277 found=0 n=238864278628870219125801 elapsed=2032s
progress: nodes=42,780,000,000 tested=1,277 found=0 n=271559157156396230580459 elapsed=2032s
progress: nodes=42,790,000,000 tested=1,277 found=0 n=109491208449860751226713 elapsed=2032s
progress: nodes=42,800,000,000 tested=1,277 found=0 n=148427543279897894653641 elapsed=2033s
progress: nodes=42,810,000,000 tested=1,277 found=0 n=192399514403807135864439 elapsed=2033s
progress: nodes=42,820,000,000 tested=1,277 found=0 n=241246121650662268461321 elapsed=2034s
progress: nodes=42,830,000,000 tested=1,277 found=0 n=97595967679759274256531 elapsed=2034s
progress: nodes=42,840,000,000 tested=1,277 found=0 n=153604939759114022360181 elapsed=2035s
progress: nodes=42,850,000,000 tested=1,277 found=0 n=215530240812624909810639 elapsed=2035s
progress: nodes=42,860,000,000 tested=1,277 found=0 n=86444418894402645605529 elapsed=2036s
progress: nodes=42,870,000,000 tested=1,277 found=0 n=155073084102284274827901 elapsed=2036s
progress: nodes=42,880,000,000 tested=1,277 found=0 n=230097749867953029715653 elapsed=2037s
progress: nodes=42,890,000,000 tested=1,277 found=0 n=113753848162739680568673 elapsed=2037s
progress: nodes=42,900,000,000 tested=1,277 found=0 n=196982812210798986975603 elapsed=2038s
progress: nodes=42,910,000,000 tested=1,277 found=0 n=90511154798327509319073 elapsed=2038s
progress: nodes=42,920,000,000 tested=1,277 found=0 n=181748695862727543286737 elapsed=2039s
progress: nodes=42,930,000,000 tested=1,277 found=0 n=85190389392375610095753 elapsed=2039s
progress: nodes=42,940,000,000 tested=1,277 found=0 n=185886767805210881592183 elapsed=2040s
progress: nodes=42,950,000,000 tested=1,277 found=0 n=98461256532642029273247 elapsed=2040s
progress: nodes=42,960,000,000 tested=1,277 found=0 n=208843276994210712006153 elapsed=2041s
progress: nodes=42,970,000,000 tested=1,277 found=0 n=129373450770230262919323 elapsed=2041s
progress: nodes=42,980,000,000 tested=1,277 found=0 n=250678399392463039400403 elapsed=2042s
progress: nodes=42,990,000,000 tested=1,277 found=0 n=179571116008605126829023 elapsed=2042s
progress: nodes=43,000,000,000 tested=1,277 found=0 n=114973627658328639523323 elapsed=2043s
progress: nodes=43,010,000,000 tested=1,277 found=0 n=249954478615115788777263 elapsed=2043s
progress: nodes=43,020,000,000 tested=1,277 found=0 n=193322194384930369898139 elapsed=2044s
progress: nodes=43,030,000,000 tested=1,277 found=0 n=142198809704346354782823 elapsed=2044s
progress: nodes=43,040,000,000 tested=1,277 found=0 n=97087071352120128846567 elapsed=2045s
progress: nodes=43,050,000,000 tested=1,277 found=0 n=249621719764767148749951 elapsed=2045s
progress: nodes=43,060,000,000 tested=1,277 found=0 n=210691371025904582702889 elapsed=2046s
progress: nodes=43,070,000,000 tested=1,277 found=0 n=176292148617639686062431 elapsed=2046s
progress: nodes=43,080,000,000 tested=1,277 found=0 n=146761461004787961793461 elapsed=2047s
progress: nodes=43,090,000,000 tested=1,277 found=0 n=122054068534289919870843 elapsed=2047s
progress: nodes=43,100,000,000 tested=1,277 found=0 n=102047168665367318632239 elapsed=2048s
progress: nodes=43,110,000,000 tested=1,277 found=0 n=86804879915251922457033 elapsed=2048s
progress: nodes=43,120,000,000 tested=1,277 found=0 n=269124147666894256824087 elapsed=2049s
progress: nodes=43,130,000,000 tested=1,277 found=0 n=262205085811245413866029 elapsed=2049s
progress: nodes=43,140,000,000 tested=1,277 found=0 n=259770743955377081484057 elapsed=2050s
progress: nodes=43,150,000,000 tested=1,277 found=0 n=261683564701173982215849 elapsed=2050s
progress: nodes=43,160,000,000 tested=1,277 found=0 n=268429268514677980622913 elapsed=2051s
progress: nodes=43,170,000,000 tested=1,277 found=0 n=86255472534598161437643 elapsed=2051s
progress: nodes=43,180,000,000 tested=1,277 found=0 n=101654250071909475927987 elapsed=2052s
progress: nodes=43,190,000,000 tested=1,277 found=0 n=121021034307383208947949 elapsed=2052s
progress: nodes=43,200,000,000 tested=1,277 found=0 n=145193193340351747850259 elapsed=2053s
progress: nodes=43,210,000,000 tested=1,277 found=0 n=173954102096676375993519 elapsed=2053s
progress: nodes=43,220,000,000 tested=1,277 found=0 n=207540980112063021262839 elapsed=2054s
progress: nodes=43,230,000,000 tested=1,277 found=0 n=246188732612630496417729 elapsed=2054s
progress: nodes=43,240,000,000 tested=1,277 found=0 n=95800284122093635283199 elapsed=2055s
progress: nodes=43,250,000,000 tested=1,277 found=0 n=141298841834306235440361 elapsed=2055s
progress: nodes=43,260,000,000 tested=1,277 found=0 n=192941395540653926217051 elapsed=2056s
progress: nodes=43,270,000,000 tested=1,277 found=0 n=250932886868301082371927 elapsed=2056s
progress: nodes=43,280,000,000 tested=1,277 found=0 n=118868018861074466004021 elapsed=2057s
progress: nodes=43,290,000,000 tested=1,277 found=0 n=184380786348291974169729 elapsed=2057s
progress: nodes=43,300,000,000 tested=1,277 found=0 n=256236596870370498641259 elapsed=2058s
progress: nodes=43,310,000,000 tested=1,277 found=0 n=137785722159404115357561 elapsed=2058s
progress: nodes=43,320,000,000 tested=1,277 found=0 n=217772941993748928307521 elapsed=2059s
progress: nodes=43,330,000,000 tested=1,277 found=0 n=110514889738725356355471 elapsed=2059s
progress: nodes=43,340,000,000 tested=1,277 found=0 n=198901668170404468296027 elapsed=2060s
progress: nodes=43,350,000,000 tested=1,277 found=0 n=100935327592809658221273 elapsed=2060s
progress: nodes=43,360,000,000 tested=1,277 found=0 n=197572798725827294662893 elapsed=2061s
progress: nodes=43,370,000,000 tested=1,277 found=0 n=107887695242924416380561 elapsed=2061s
progress: nodes=43,380,000,000 tested=1,277 found=0 n=213433105641627210269931 elapsed=2062s
progress: nodes=43,390,000,000 tested=1,277 found=0 n=132459382424945931295941 elapsed=2062s
progress: nodes=43,400,000,000 tested=1,277 found=0 n=248596264024061783560731 elapsed=2063s
progress: nodes=43,410,000,000 tested=1,277 found=0 n=176183479622763266310657 elapsed=2063s
progress: nodes=43,420,000,000 tested=1,277 found=0 n=110321637445896390653139 elapsed=2064s
progress: nodes=43,430,000,000 tested=1,277 found=0 n=240117663353333489006283 elapsed=2064s
progress: nodes=43,440,000,000 tested=1,277 found=0 n=183013250172218015673123 elapsed=2065s
progress: nodes=43,450,000,000 tested=1,277 found=0 n=131472969823548678782457 elapsed=2065s
progress: nodes=43,460,000,000 tested=1,277 found=0 n=86060183696060813209971 elapsed=2066s
progress: nodes=43,470,000,000 tested=1,277 found=0 n=233776009205188808865507 elapsed=2066s
progress: nodes=43,480,000,000 tested=1,277 found=0 n=195685816900173714327213 elapsed=2067s
progress: nodes=43,490,000,000 tested=1,277 found=0 n=162888866352514463077917 elapsed=2067s
progress: nodes=43,500,000,000 tested=1,277 found=0 n=135041041471562427990789 elapsed=2068s
progress: nodes=43,510,000,000 tested=1,277 found=0 n=111898412149216595151249 elapsed=2068s
progress: nodes=43,520,000,000 tested=1,277 found=0 n=93181673077884945835281 elapsed=2069s
progress: nodes=43,530,000,000 tested=1,277 found=0 n=269274045059266365797679 elapsed=2069s
progress: nodes=43,540,000,000 tested=1,277 found=0 n=258512682962833292144151 elapsed=2070s
progress: nodes=43,550,000,000 tested=1,277 found=0 n=252946037382597203193549 elapsed=2070s
progress: nodes=43,560,000,000 tested=1,277 found=0 n=252753802760828314494549 elapsed=2071s
progress: nodes=43,570,000,000 tested=1,277 found=0 n=258035863324351481932563 elapsed=2071s
progress: nodes=43,580,000,000 tested=1,277 found=0 n=268495689597912020535291 elapsed=2072s
progress: nodes=43,590,000,000 tested=1,277 found=0 n=93582840124375236826191 elapsed=2072s
progress: nodes=43,600,000,000 tested=1,277 found=0 n=113180813015950531042191 elapsed=2073s
progress: nodes=43,610,000,000 tested=1,277 found=0 n=137236466022329758121037 elapsed=2073s
progress: nodes=43,620,000,000 tested=1,277 found=0 n=166660453389043784417247 elapsed=2074s
progress: nodes=43,630,000,000 tested=1,277 found=0 n=201465949917036161920563 elapsed=2074s
progress: nodes=43,640,000,000 tested=1,277 found=0 n=241770337759085775388749 elapsed=2075s
progress: nodes=43,650,000,000 tested=1,277 found=0 n=97661179679456667725451 elapsed=2075s
progress: nodes=43,660,000,000 tested=1,277 found=0 n=146521389944085307107957 elapsed=2076s
progress: nodes=43,670,000,000 tested=1,277 found=0 n=201575066796299821377753 elapsed=2076s
progress: nodes=43,680,000,000 tested=1,277 found=0 n=262469886388193279738943 elapsed=2077s
progress: nodes=43,690,000,000 tested=1,277 found=0 n=137220778897009854317271 elapsed=2077s
progress: nodes=43,700,000,000 tested=1,277 found=0 n=207441220988500206368661 elapsed=2078s
progress: nodes=43,710,000,000 tested=1,277 found=0 n=94785808009037848275573 elapsed=2078s
progress: nodes=43,720,000,000 tested=1,277 found=0 n=173131533915528637872423 elapsed=2079s
progress: nodes=43,730,000,000 tested=1,277 found=0 n=258865636431187112404077 elapsed=2079s
progress: nodes=43,740,000,000 tested=1,277 found=0 n=158350214564538713764047 elapsed=2080s
progress: nodes=43,750,000,000 tested=1,277 found=0 n=254653933844792254073301 elapsed=2080s
progress: nodes=43,760,000,000 tested=1,277 found=0 n=164890424039013412046307 elapsed=2081s
progress: nodes=43,770,000,000 tested=1,277 found=0 n=271332185184629683157043 elapsed=2081s
progress: nodes=43,780,000,000 tested=1,277 found=0 n=191445808120010629908723 elapsed=2082s
progress: nodes=43,790,000,000 tested=1,277 found=0 n=117849402551175040574829 elapsed=2082s
progress: nodes=43,800,000,000 tested=1,277 found=0 n=236597595008390669210157 elapsed=2083s
progress: nodes=43,810,000,000 tested=1,277 found=0 n=171207489517718294918277 elapsed=2083s
progress: nodes=43,820,000,000 tested=1,277 found=0 n=112267432584336671604963 elapsed=2084s
progress: nodes=43,830,000,000 tested=1,277 found=0 n=245346971792145218286291 elapsed=2084s
progress: nodes=43,840,000,000 tested=1,277 found=0 n=194018627326663289299149 elapsed=2085s
progress: nodes=43,850,000,000 tested=1,277 found=0 n=148314939817555730085867 elapsed=2085s
progress: nodes=43,860,000,000 tested=1,277 found=0 n=108117529453776177802467 elapsed=2086s
progress: nodes=43,870,000,000 tested=1,277 found=0 n=259519342084085483150751 elapsed=2086s
progress: nodes=43,880,000,000 tested=1,277 found=0 n=227028187437854341920381 elapsed=2087s
progress: nodes=43,890,000,000 tested=1,277 found=0 n=199331212112469739551249 elapsed=2087s
progress: nodes=43,900,000,000 tested=1,277 found=0 n=176526719795801989382769 elapsed=2088s
progress: nodes=43,910,000,000 tested=1,277 found=0 n=158137625659954219099821 elapsed=2088s
progress: nodes=43,920,000,000 tested=1,277 found=0 n=144395374095293020296597 elapsed=2089s
progress: nodes=43,930,000,000 tested=1,277 found=0 n=135631686854204774161929 elapsed=2089s
progress: nodes=43,940,000,000 tested=1,277 found=0 n=131193518748833248624917 elapsed=2090s
progress: nodes=43,950,000,000 tested=1,277 found=0 n=131851692374980262627943 elapsed=2090s
progress: nodes=43,960,000,000 tested=1,277 found=0 n=137937554741792949676533 elapsed=2091s
progress: nodes=43,970,000,000 tested=1,277 found=0 n=149279935813124462222877 elapsed=2091s
progress: nodes=43,980,000,000 tested=1,277 found=0 n=165473552403735409384551 elapsed=2092s
progress: nodes=43,990,000,000 tested=1,277 found=0 n=186432456792283012452141 elapsed=2092s
progress: nodes=44,000,000,000 tested=1,277 found=0 n=212120132638478280609393 elapsed=2093s
progress: nodes=44,010,000,000 tested=1,277 found=0 n=242809055068134687513381 elapsed=2093s
progress: nodes=44,020,000,000 tested=1,277 found=0 n=91567519034443878783357 elapsed=2094s
progress: nodes=44,030,000,000 tested=1,277 found=0 n=129634128928791655787619 elapsed=2094s
progress: nodes=44,040,000,000 tested=1,277 found=0 n=174232337552686472396337 elapsed=2095s
progress: nodes=44,050,000,000 tested=1,277 found=0 n=224167043212920097082793 elapsed=2095s
progress: nodes=44,060,000,000 tested=1,277 found=0 n=93214844934227651563929 elapsed=2096s
progress: nodes=44,070,000,000 tested=1,277 found=0 n=150765126302215141615899 elapsed=2096s
progress: nodes=44,080,000,000 tested=1,277 found=0 n=215000128083697954148151 elapsed=2097s
progress: nodes=44,090,000,000 tested=1,277 found=0 n=98893696680828533997513 elapsed=2097s
progress: nodes=44,100,000,000 tested=1,277 found=0 n=170885031910486299797391 elapsed=2098s
progress: nodes=44,110,000,000 tested=1,277 found=0 n=250122599366873967114381 elapsed=2098s
progress: nodes=44,120,000,000 tested=1,277 found=0 n=146526130681822932629589 elapsed=2099s
progress: nodes=44,130,000,000 tested=1,277 found=0 n=234683412381829458604557 elapsed=2099s
progress: nodes=44,140,000,000 tested=1,277 found=0 n=141648704742771741111597 elapsed=2100s
progress: nodes=44,150,000,000 tested=1,277 found=0 n=240063779167271587384857 elapsed=2100s
progress: nodes=44,160,000,000 tested=1,277 found=0 n=157087367037327611337453 elapsed=2101s
progress: nodes=44,170,000,000 tested=1,277 found=0 n=265209879645703347854499 elapsed=2101s
progress: nodes=44,180,000,000 tested=1,277 found=0 n=190024805477683834536879 elapsed=2102s
progress: nodes=44,190,000,000 tested=1,277 found=0 n=121261880490207376250331 elapsed=2102s
progress: nodes=44,200,000,000 tested=1,277 found=0 n=241775496239415852062349 elapsed=2103s
progress: nodes=44,210,000,000 tested=1,277 found=0 n=181143608072367071222091 elapsed=2103s
progress: nodes=44,220,000,000 tested=1,277 found=0 n=126447166115541747462987 elapsed=2104s
progress: nodes=44,230,000,000 tested=1,277 found=0 n=261557359949334526314237 elapsed=2104s
progress: nodes=44,240,000,000 tested=1,277 found=0 n=215576127380419156940589 elapsed=2105s
progress: nodes=44,250,000,000 tested=1,277 found=0 n=174855329452375321552803 elapsed=2105s
progress: nodes=44,260,000,000 tested=1,277 found=0 n=140224285352913105012669 elapsed=2106s
progress: nodes=44,270,000,000 tested=1,277 found=0 n=110488157749638845633457 elapsed=2106s
progress: nodes=44,280,000,000 tested=1,277 found=0 n=270143629850280679359867 elapsed=2107s
progress: nodes=44,290,000,000 tested=1,277 found=0 n=249440218278575186605743 elapsed=2107s
progress: nodes=44,300,000,000 tested=1,277 found=0 n=233604724443835794692643 elapsed=2107s
progress: nodes=44,310,000,000 tested=1,277 found=0 n=223075705487325506827011 elapsed=2108s
progress: nodes=44,320,000,000 tested=1,277 found=0 n=217887407659886853757869 elapsed=2108s
progress: nodes=44,330,000,000 tested=1,277 found=0 n=217363421450216985900957 elapsed=2109s
progress: nodes=44,340,000,000 tested=1,277 found=0 n=221364759283867879340661 elapsed=2109s
progress: nodes=44,350,000,000 tested=1,277 found=0 n=230625635316344422411257 elapsed=2110s
progress: nodes=44,360,000,000 tested=1,277 found=0 n=245227409641818004770369 elapsed=2110s
progress: nodes=44,370,000,000 tested=1,277 found=0 n=265184953927467011665227 elapsed=2111s
progress: nodes=44,380,000,000 tested=1,277 found=0 n=105612765089203099358631 elapsed=2111s
progress: nodes=44,390,000,000 tested=1,277 found=0 n=133098315855948287197353 elapsed=2112s
progress: nodes=44,400,000,000 tested=1,277 found=0 n=165364761503356913959461 elapsed=2112s
progress: nodes=44,410,000,000 tested=1,277 found=0 n=203255536661138681851131 elapsed=2113s
progress: nodes=44,420,000,000 tested=1,277 found=0 n=246618331829022793669029 elapsed=2113s
progress: nodes=44,430,000,000 tested=1,277 found=0 n=111017834774713013800653 elapsed=2114s
progress: nodes=44,440,000,000 tested=1,277 found=0 n=162373747661004377707209 elapsed=2114s
progress: nodes=44,450,000,000 tested=1,277 found=0 n=220173903754194965491917 elapsed=2115s
progress: nodes=44,460,000,000 tested=1,277 found=0 n=101117723765207859048339 elapsed=2115s
progress: nodes=44,470,000,000 tested=1,277 found=0 n=167816229163190970168807 elapsed=2116s
progress: nodes=44,480,000,000 tested=1,277 found=0 n=241707169333503430788231 elapsed=2116s
progress: nodes=44,490,000,000 tested=1,277 found=0 n=136559736942493212957609 elapsed=2117s
progress: nodes=44,500,000,000 tested=1,277 found=0 n=218959077957927817072563 elapsed=2117s
progress: nodes=44,510,000,000 tested=1,277 found=0 n=123481260071916391646001 elapsed=2118s
progress: nodes=44,520,000,000 tested=1,277 found=0 n=214306775105166312087519 elapsed=2118s
progress: nodes=44,530,000,000 tested=1,277 found=0 n=128095417014023252296503 elapsed=2119s
progress: nodes=44,540,000,000 tested=1,277 found=0 n=228937109665554827836299 elapsed=2119s
progress: nodes=44,550,000,000 tested=1,277 found=0 n=152282915783342245778877 elapsed=2120s
progress: nodes=44,560,000,000 tested=1,277 found=0 n=264508054123942972630287 elapsed=2120s
progress: nodes=44,570,000,000 tested=1,277 found=0 n=197712871778847956704173 elapsed=2121s
progress: nodes=44,580,000,000 tested=1,277 found=0 n=137141026203137539780197 elapsed=2121s
progress: nodes=44,590,000,000 tested=1,277 found=0 n=264354313820528262974643 elapsed=2122s
progress: nodes=44,600,000,000 tested=1,277 found=0 n=212690133283320613982061 elapsed=2122s
progress: nodes=44,610,000,000 tested=1,277 found=0 n=167267608214421080208843 elapsed=2123s
progress: nodes=44,620,000,000 tested=1,277 found=0 n=127066685227626580128693 elapsed=2123s
progress: nodes=44,630,000,000 tested=1,277 found=0 n=91841568319014908541147 elapsed=2123s
progress: nodes=44,640,000,000 tested=1,277 found=0 n=240589123291520251629381 elapsed=2124s
progress: nodes=44,650,000,000 tested=1,277 found=0 n=213284289228064250973777 elapsed=2124s
progress: nodes=44,660,000,000 tested=1,277 found=0 n=191697924306888435779343 elapsed=2125s
progress: nodes=44,670,000,000 tested=1,277 found=0 n=175653424646549044526331 elapsed=2125s
progress: nodes=44,680,000,000 tested=1,277 found=0 n=164650129224593818382577 elapsed=2126s
progress: nodes=44,690,000,000 tested=1,277 found=0 n=158877442013318416729341 elapsed=2126s
progress: nodes=44,700,000,000 tested=1,277 found=0 n=158496734169148429121067 elapsed=2127s
progress: nodes=44,710,000,000 tested=1,277 found=0 n=163849829046465915351999 elapsed=2127s
progress: nodes=44,720,000,000 tested=1,277 found=0 n=173932817099660181592029 elapsed=2128s
progress: nodes=44,730,000,000 tested=1,277 found=0 n=189752988836678834439873 elapsed=2128s
progress: nodes=44,740,000,000 tested=1,277 found=0 n=210855766459361209337151 elapsed=2129s
progress: nodes=44,750,000,000 tested=1,277 found=0 n=237144677248950190702983 elapsed=2129s
progress: nodes=44,760,000,000 tested=1,277 found=0 n=268486731714230103337263 elapsed=2130s
progress: nodes=44,770,000,000 tested=1,277 found=0 n=123349413300744766826691 elapsed=2130s
progress: nodes=44,780,000,000 tested=1,277 found=0 n=163265403957399457763049 elapsed=2131s
progress: nodes=44,790,000,000 tested=1,277 found=0 n=208637650890637938826857 elapsed=2131s
progress: nodes=44,800,000,000 tested=1,277 found=0 n=259720668031830467701239 elapsed=2132s
progress: nodes=44,810,000,000 tested=1,277 found=0 n=134603749033130371391397 elapsed=2132s
progress: nodes=44,820,000,000 tested=1,277 found=0 n=195439379497731987314697 elapsed=2133s
progress: nodes=44,830,000,000 tested=1,277 found=0 n=263382780083089754920833 elapsed=2133s
progress: nodes=44,840,000,000 tested=1,277 found=0 n=153874009055328440859981 elapsed=2134s
progress: nodes=44,850,000,000 tested=1,277 found=0 n=229436059219721212719861 elapsed=2134s
progress: nodes=44,860,000,000 tested=1,277 found=0 n=130101375159404521819947 elapsed=2135s
progress: nodes=44,870,000,000 tested=1,277 found=0 n=214581068341641102454353 elapsed=2135s
progress: nodes=44,880,000,000 tested=1,277 found=0 n=125572164505389200888289 elapsed=2136s
progress: nodes=44,890,000,000 tested=1,277 found=0 n=219817573009811479611909 elapsed=2136s
progress: nodes=44,900,000,000 tested=1,277 found=0 n=140292902713809933120033 elapsed=2137s
progress: nodes=44,910,000,000 tested=1,277 found=0 n=245658990357023462848629 elapsed=2137s
progress: nodes=44,920,000,000 tested=1,277 found=0 n=176105553632239441463253 elapsed=2138s
progress: nodes=44,930,000,000 tested=1,277 found=0 n=113269863606196506556347 elapsed=2138s
progress: nodes=44,940,000,000 tested=1,277 found=0 n=233360079770558808830763 elapsed=2139s
progress: nodes=44,950,000,000 tested=1,277 found=0 n=180065137153455344659869 elapsed=2139s
progress: nodes=44,960,000,000 tested=1,277 found=0 n=133224560635115199893643 elapsed=2140s
progress: nodes=44,970,000,000 tested=1,277 found=0 n=270401601852750901133601 elapsed=2140s
progress: nodes=44,980,000,000 tested=1,277 found=0 n=231799919009727861824031 elapsed=2140s
progress: nodes=44,990,000,000 tested=1,277 found=0 n=198836221966965564424443 elapsed=2141s
progress: nodes=45,000,000,000 tested=1,277 found=0 n=172135768851547282538757 elapsed=2141s
progress: nodes=45,010,000,000 tested=1,277 found=0 n=151001182460537951452911 elapsed=2142s
progress: nodes=45,020,000,000 tested=1,277 found=0 n=134689911681548809026441 elapsed=2142s
progress: nodes=45,030,000,000 tested=1,277 found=0 n=123263806010459248935801 elapsed=2143s
progress: nodes=45,040,000,000 tested=1,277 found=0 n=116696616631399817623611 elapsed=2143s
progress: nodes=45,050,000,000 tested=1,277 found=0 n=115420309245957709050057 elapsed=2144s
progress: nodes=45,060,000,000 tested=1,277 found=0 n=119574089609481571255191 elapsed=2144s
progress: nodes=45,070,000,000 tested=1,277 found=0 n=129297184481323979767647 elapsed=2145s
progress: nodes=45,080,000,000 tested=1,277 found=0 n=144092300777760492686529 elapsed=2145s
progress: nodes=45,090,000,000 tested=1,277 found=0 n=164312731711439447529393 elapsed=2146s
progress: nodes=45,100,000,000 tested=1,277 found=0 n=189550388434679501688459 elapsed=2146s
progress: nodes=45,110,000,000 tested=1,277 found=0 n=220919524558453660260321 elapsed=2147s
progress: nodes=45,120,000,000 tested=1,277 found=0 n=258378118255710931615137 elapsed=2147s
progress: nodes=45,130,000,000 tested=1,277 found=0 n=123774796444424292033867 elapsed=2148s
progress: nodes=45,140,000,000 tested=1,277 found=0 n=171392438516072128047693 elapsed=2148s
progress: nodes=45,150,000,000 tested=1,277 found=0 n=225269131830837552264807 elapsed=2149s
progress: nodes=45,160,000,000 tested=1,277 found=0 n=107719267962502721932407 elapsed=2149s
progress: nodes=45,170,000,000 tested=1,277 found=0 n=170338443553122378452919 elapsed=2150s
progress: nodes=45,180,000,000 tested=1,277 found=0 n=239993351684328162647727 elapsed=2150s
progress: nodes=45,190,000,000 tested=1,277 found=0 n=137911420793369471206959 elapsed=2151s
progress: nodes=45,200,000,000 tested=1,277 found=0 n=217955148821463905899047 elapsed=2151s
progress: nodes=45,210,000,000 tested=1,277 found=0 n=127550026435437029300877 elapsed=2152s
progress: nodes=45,220,000,000 tested=1,277 found=0 n=217736306501129079076413 elapsed=2152s
progress: nodes=45,230,000,000 tested=1,277 found=0 n=137407414598465924765853 elapsed=2153s
progress: nodes=45,240,000,000 tested=1,277 found=0 n=238314193139630540181249 elapsed=2153s
progress: nodes=45,250,000,000 tested=1,277 found=0 n=168868849749135699386223 elapsed=2154s
progress: nodes=45,260,000,000 tested=1,277 found=0 n=106867849032218838933369 elapsed=2154s
progress: nodes=45,270,000,000 tested=1,277 found=0 n=223530710631052626040239 elapsed=2155s
progress: nodes=45,280,000,000 tested=1,277 found=0 n=170029693502283974798439 elapsed=2155s
progress: nodes=45,290,000,000 tested=1,277 found=0 n=122310546651690721775451 elapsed=2156s
progress: nodes=45,300,000,000 tested=1,277 found=0 n=255130404476148100570671 elapsed=2156s
progress: nodes=45,310,000,000 tested=1,277 found=0 n=216696759176873627528877 elapsed=2157s
progress: nodes=45,320,000,000 tested=1,277 found=0 n=183855852549526653328833 elapsed=2157s
progress: nodes=45,330,000,000 tested=1,277 found=0 n=156398165305358647968297 elapsed=2158s
progress: nodes=45,340,000,000 tested=1,277 found=0 n=134726442758176800407877 elapsed=2158s
progress: nodes=45,350,000,000 tested=1,277 found=0 n=118460727091506728809881 elapsed=2159s
progress: nodes=45,360,000,000 tested=1,277 found=0 n=107325215486050989355929 elapsed=2159s
progress: nodes=45,370,000,000 tested=1,277 found=0 n=101280134924477474178213 elapsed=2160s
progress: nodes=45,380,000,000 tested=1,277 found=0 n=100534616309648359121283 elapsed=2160s
progress: nodes=45,390,000,000 tested=1,277 found=0 n=104404273709521832127081 elapsed=2161s
progress: nodes=45,400,000,000 tested=1,277 found=0 n=112896088549545188658771 elapsed=2161s
progress: nodes=45,410,000,000 tested=1,277 found=0 n=126750463511968213360443 elapsed=2161s
progress: nodes=45,420,000,000 tested=1,277 found=0 n=146358672087197730010851 elapsed=2162s
progress: nodes=45,430,000,000 tested=1,277 found=0 n=171383113779082348794651 elapsed=2162s
progress: nodes=45,440,000,000 tested=1,277 found=0 n=202078201310454542412339 elapsed=2163s
progress: nodes=45,450,000,000 tested=1,277 found=0 n=238138461587100610659123 elapsed=2163s
progress: nodes=45,460,000,000 tested=1,277 found=0 n=106107111791133119567901 elapsed=2164s
progress: nodes=45,470,000,000 tested=1,277 found=0 n=151896910019603314388823 elapsed=2164s
progress: nodes=45,480,000,000 tested=1,277 found=0 n=204003991176466332500649 elapsed=2165s
progress: nodes=45,490,000,000 tested=1,277 found=0 n=262285555443384424392441 elapsed=2165s
progress: nodes=45,500,000,000 tested=1,277 found=0 n=149470638897597497100621 elapsed=2166s
progress: nodes=45,510,000,000 tested=1,277 found=0 n=216666311440741520865507 elapsed=2166s
progress: nodes=45,520,000,000 tested=1,277 found=0 n=116544728914734773744091 elapsed=2167s
progress: nodes=45,530,000,000 tested=1,277 found=0 n=193546683287171523275967 elapsed=2167s
progress: nodes=45,540,000,000 tested=1,277 found=0 n=104516929862823044115549 elapsed=2168s
progress: nodes=45,550,000,000 tested=1,277 found=0 n=191946291611948329649193 elapsed=2168s
progress: nodes=45,560,000,000 tested=1,277 found=0 n=113817321154799892062433 elapsed=2169s
progress: nodes=45,570,000,000 tested=1,277 found=0 n=213073432781965505983233 elapsed=2169s
progress: nodes=45,580,000,000 tested=1,277 found=0 n=145690524538179941447127 elapsed=2170s
progress: nodes=45,590,000,000 tested=1,277 found=0 n=257899234332122363547567 elapsed=2170s
progress: nodes=45,600,000,000 tested=1,277 found=0 n=200727528568665689848257 elapsed=2171s
progress: nodes=45,610,000,000 tested=1,277 found=0 n=150316871228295801412383 elapsed=2171s
progress: nodes=45,620,000,000 tested=1,277 found=0 n=106918040941607660487723 elapsed=2172s
progress: nodes=45,630,000,000 tested=1,277 found=0 n=239947814937205467145053 elapsed=2172s
progress: nodes=45,640,000,000 tested=1,277 found=0 n=205747395897685675226193 elapsed=2173s
progress: nodes=45,650,000,000 tested=1,277 found=0 n=176669507716700031102069 elapsed=2173s
progress: nodes=45,660,000,000 tested=1,277 found=0 n=153019502740222168797747 elapsed=2174s
progress: nodes=45,670,000,000 tested=1,277 found=0 n=134952690354821942541939 elapsed=2174s
progress: nodes=45,680,000,000 tested=1,277 found=0 n=122492024227969503640533 elapsed=2175s
progress: nodes=45,690,000,000 tested=1,277 found=0 n=115705516537217663123067 elapsed=2175s
progress: nodes=45,700,000,000 tested=1,277 found=0 n=114578469873180820910403 elapsed=2176s
progress: nodes=45,710,000,000 tested=1,277 found=0 n=118315188168459161072193 elapsed=2176s
progress: nodes=45,720,000,000 tested=1,277 found=0 n=126991571017286016718677 elapsed=2177s
progress: nodes=45,730,000,000 tested=1,277 found=0 n=141586065645079981118193 elapsed=2177s
progress: nodes=45,740,000,000 tested=1,277 found=0 n=161788960155046797642069 elapsed=2178s
progress: nodes=45,750,000,000 tested=1,277 found=0 n=187435758746971172406969 elapsed=2178s
progress: nodes=45,760,000,000 tested=1,277 found=0 n=218729095688212011635733 elapsed=2179s
progress: nodes=45,770,000,000 tested=1,277 found=0 n=255609372684462318260739 elapsed=2179s
progress: nodes=45,780,000,000 tested=1,277 found=0 n=125213220942417751992849 elapsed=2179s
progress: nodes=45,790,000,000 tested=1,277 found=0 n=170939859632970619187997 elapsed=2180s
progress: nodes=45,800,000,000 tested=1,277 found=0 n=222939456177461095751679 elapsed=2180s
progress: nodes=45,810,000,000 tested=1,277 found=0 n=109176078751785614269701 elapsed=2181s
progress: nodes=45,820,000,000 tested=1,277 found=0 n=170356407046721995916817 elapsed=2181s
progress: nodes=45,830,000,000 tested=1,277 found=0 n=238791620007985219696521 elapsed=2182s
progress: nodes=45,840,000,000 tested=1,277 found=0 n=141071550999799564643499 elapsed=2182s
progress: nodes=45,850,000,000 tested=1,277 found=0 n=220765017339359201429721 elapsed=2183s
progress: nodes=45,860,000,000 tested=1,277 found=0 n=134878297075737572614257 elapsed=2183s
progress: nodes=45,870,000,000 tested=1,277 found=0 n=225354050340709613149827 elapsed=2184s
progress: nodes=45,880,000,000 tested=1,277 found=0 n=150137220436715600697609 elapsed=2184s
progress: nodes=45,890,000,000 tested=1,277 found=0 n=251379230652467443266741 elapsed=2185s
progress: nodes=45,900,000,000 tested=1,277 found=0 n=186469568110701169517223 elapsed=2185s
progress: nodes=45,910,000,000 tested=1,277 found=0 n=129150744450148318464567 elapsed=2186s
progress: nodes=45,920,000,000 tested=1,277 found=0 n=247159757994330279691593 elapsed=2186s
progress: nodes=45,930,000,000 tested=1,277 found=0 n=199900583907613743575421 elapsed=2187s
progress: nodes=45,940,000,000 tested=1,277 found=0 n=159107477566674029283891 elapsed=2187s
progress: nodes=45,950,000,000 tested=1,277 found=0 n=124415621534433147037119 elapsed=2188s
progress: nodes=45,960,000,000 tested=1,277 found=0 n=265170805821998463714327 elapsed=2188s
progress: nodes=45,970,000,000 tested=1,277 found=0 n=240911279292283007034627 elapsed=2189s
progress: nodes=45,980,000,000 tested=1,277 found=0 n=222605552849709867244407 elapsed=2189s
progress: nodes=45,990,000,000 tested=1,277 found=0 n=210231092393948535532623 elapsed=2190s
progress: nodes=46,000,000,000 tested=1,277 found=0 n=203352493055866247950857 elapsed=2190s
progress: nodes=46,010,000,000 tested=1,277 found=0 n=201595746815469209420217 elapsed=2191s
progress: nodes=46,020,000,000 tested=1,277 found=0 n=205023534039113809390371 elapsed=2191s
progress: nodes=46,030,000,000 tested=1,277 found=0 n=214335110557091320637841 elapsed=2192s
progress: nodes=46,040,000,000 tested=1,277 found=0 n=229039630801986412288881 elapsed=2192s
progress: nodes=46,050,000,000 tested=1,277 found=0 n=250173135681948817935597 elapsed=2193s
progress: nodes=46,060,000,000 tested=1,277 found=0 n=107876291437447886774421 elapsed=2193s
progress: nodes=46,070,000,000 tested=1,277 found=0 n=138901721991681171566043 elapsed=2194s
progress: nodes=46,080,000,000 tested=1,277 found=0 n=176091864405258906673569 elapsed=2194s
progress: nodes=46,090,000,000 tested=1,277 found=0 n=219824398932526312611687 elapsed=2195s
progress: nodes=46,100,000,000 tested=1,277 found=0 n=100833519044134798920999 elapsed=2195s
progress: nodes=46,110,000,000 tested=1,277 found=0 n=153493997093912899152729 elapsed=2196s
progress: nodes=46,120,000,000 tested=1,277 found=0 n=213775732696538530731213 elapsed=2196s
progress: nodes=46,130,000,000 tested=1,277 found=0 n=111590174702414361434481 elapsed=2197s
progress: nodes=46,140,000,000 tested=1,277 found=0 n=181018115619382066186161 elapsed=2197s
progress: nodes=46,150,000,000 tested=1,277 found=0 n=258411674114907853402863 elapsed=2198s
progress: nodes=46,160,000,000 tested=1,277 found=0 n=171244489559307501139803 elapsed=2198s
progress: nodes=46,170,000,000 tested=1,277 found=0 n=259825682551915818709371 elapsed=2199s
progress: nodes=46,180,000,000 tested=1,277 found=0 n=184170200864605693360623 elapsed=2199s
progress: nodes=46,190,000,000 tested=1,277 found=0 n=115978197650084663304411 elapsed=2199s
progress: nodes=46,200,000,000 tested=1,277 found=0 n=220278697809188848622793 elapsed=2200s
progress: nodes=46,210,000,000 tested=1,277 found=0 n=162918209304906510478023 elapsed=2200s
progress: nodes=46,220,000,000 tested=1,277 found=0 n=112535823087525440565963 elapsed=2201s
progress: nodes=46,230,000,000 tested=1,277 found=0 n=233948874289768967636307 elapsed=2201s
progress: nodes=46,240,000,000 tested=1,277 found=0 n=192952593086167698803019 elapsed=2202s
progress: nodes=46,250,000,000 tested=1,277 found=0 n=158053441140194686503417 elapsed=2202s
progress: nodes=46,260,000,000 tested=1,277 found=0 n=129537658693155618596691 elapsed=2203s
progress: nodes=46,270,000,000 tested=1,277 found=0 n=106294094716758810905043 elapsed=2203s
progress: nodes=46,280,000,000 tested=1,277 found=0 n=254820463145917367229531 elapsed=2204s
progress: nodes=46,290,000,000 tested=1,277 found=0 n=241517756490920670729969 elapsed=2204s
progress: nodes=46,300,000,000 tested=1,277 found=0 n=234380975307382842245307 elapsed=2205s
progress: nodes=46,310,000,000 tested=1,277 found=0 n=233446629195552400855227 elapsed=2205s
progress: nodes=46,320,000,000 tested=1,277 found=0 n=237836923060465535535729 elapsed=2206s
progress: nodes=46,330,000,000 tested=1,277 found=0 n=248405810616555453304443 elapsed=2206s
progress: nodes=46,340,000,000 tested=1,277 found=0 n=265238070080659110708273 elapsed=2207s
progress: nodes=46,350,000,000 tested=1,277 found=0 n=120575458934871617954277 elapsed=2207s
progress: nodes=46,360,000,000 tested=1,277 found=0 n=147989609488825802200503 elapsed=2208s
progress: nodes=46,370,000,000 tested=1,277 found=0 n=181812087847519249589469 elapsed=2208s
progress: nodes=46,380,000,000 tested=1,277 found=0 n=221810153012570198865789 elapsed=2209s
progress: nodes=46,390,000,000 tested=1,277 found=0 n=102380444889387062687289 elapsed=2209s
progress: nodes=46,400,000,000 tested=1,277 found=0 n=152882323264790048598669 elapsed=2210s
progress: nodes=46,410,000,000 tested=1,277 found=0 n=209828516989613152930299 elapsed=2210s
progress: nodes=46,420,000,000 tested=1,277 found=0 n=107194002206312950956027 elapsed=2211s
progress: nodes=46,430,000,000 tested=1,277 found=0 n=173685667517284346090667 elapsed=2211s
progress: nodes=46,440,000,000 tested=1,277 found=0 n=247818325972305061472499 elapsed=2212s
progress: nodes=46,450,000,000 tested=1,277 found=0 n=160650512737077658384089 elapsed=2212s
progress: nodes=46,460,000,000 tested=1,277 found=0 n=246294037285485334582437 elapsed=2213s
progress: nodes=46,470,000,000 tested=1,277 found=0 n=170342536828430506997457 elapsed=2213s
progress: nodes=46,480,000,000 tested=1,277 found=0 n=101887399741343341073949 elapsed=2214s
progress: nodes=46,490,000,000 tested=1,277 found=0 n=202340301729149391778971 elapsed=2214s
progress: nodes=46,500,000,000 tested=1,277 found=0 n=145007078416181343919557 elapsed=2215s
progress: nodes=46,510,000,000 tested=1,277 found=0 n=259052820205899982615353 elapsed=2215s
progress: nodes=46,520,000,000 tested=1,277 found=0 n=212159333114760154640517 elapsed=2216s
progress: nodes=46,530,000,000 tested=1,277 found=0 n=172007079265006065823743 elapsed=2216s
progress: nodes=46,540,000,000 tested=1,277 found=0 n=138363923995109423720109 elapsed=2217s
progress: nodes=46,550,000,000 tested=1,277 found=0 n=111336737344350442071147 elapsed=2217s
progress: nodes=46,560,000,000 tested=1,277 found=0 n=254191691435789785318641 elapsed=2218s
progress: nodes=46,570,000,000 tested=1,277 found=0 n=237734459826089549185863 elapsed=2218s
progress: nodes=46,580,000,000 tested=1,277 found=0 n=226816028003856153970107 elapsed=2219s
progress: nodes=46,590,000,000 tested=1,277 found=0 n=221905754027393042874267 elapsed=2219s
progress: nodes=46,600,000,000 tested=1,277 found=0 n=222520140884478464266239 elapsed=2220s
progress: nodes=46,610,000,000 tested=1,277 found=0 n=228873694437375676890201 elapsed=2220s
progress: nodes=46,620,000,000 tested=1,277 found=0 n=241516952124937833787443 elapsed=2221s
progress: nodes=46,630,000,000 tested=1,277 found=0 n=260765150459920458533181 elapsed=2221s
progress: nodes=46,640,000,000 tested=1,277 found=0 n=121161783696576346464741 elapsed=2222s
progress: nodes=46,650,000,000 tested=1,277 found=0 n=151571302864955400914487 elapsed=2222s
progress: nodes=46,660,000,000 tested=1,277 found=0 n=187879370730870743381457 elapsed=2223s
progress: nodes=46,670,000,000 tested=1,277 found=0 n=230209411134205996774281 elapsed=2223s
progress: nodes=46,680,000,000 tested=1,277 found=0 n=115141417387451309962107 elapsed=2224s
progress: nodes=46,690,000,000 tested=1,277 found=0 n=168366130809041776740129 elapsed=2224s
progress: nodes=46,700,000,000 tested=1,277 found=0 n=228006024632249717254401 elapsed=2225s
progress: nodes=46,710,000,000 tested=1,277 found=0 n=129120665011612078755951 elapsed=2225s
progress: nodes=46,720,000,000 tested=1,277 found=0 n=198576422205293249626509 elapsed=2226s
progress: nodes=46,730,000,000 tested=1,277 found=0 n=112637403653216744375073 elapsed=2226s
progress: nodes=46,740,000,000 tested=1,277 found=0 n=193902092032937860370799 elapsed=2227s
progress: nodes=46,750,000,000 tested=1,277 found=0 n=119539863886246825580559 elapsed=2227s
progress: nodes=46,760,000,000 tested=1,277 found=0 n=212691985859035973008719 elapsed=2228s
progress: nodes=46,770,000,000 tested=1,277 found=0 n=149138681430663046965843 elapsed=2228s
progress: nodes=46,780,000,000 tested=1,277 found=0 n=255094915316257939463541 elapsed=2229s
progress: nodes=46,790,000,000 tested=1,277 found=0 n=204096244558366176995979 elapsed=2229s
progress: nodes=46,800,000,000 tested=1,277 found=0 n=160424009537507007485193 elapsed=2230s
progress: nodes=46,810,000,000 tested=1,277 found=0 n=123123955285764329697801 elapsed=2230s
progress: nodes=46,820,000,000 tested=1,277 found=0 n=253646316025310071931067 elapsed=2231s
progress: nodes=46,830,000,000 tested=1,277 found=0 n=226664319869639991516177 elapsed=2231s
progress: nodes=46,840,000,000 tested=1,277 found=0 n=205623091923612750846459 elapsed=2232s
progress: nodes=46,850,000,000 tested=1,277 found=0 n=190700049133173184884279 elapsed=2232s
progress: nodes=46,860,000,000 tested=1,277 found=0 n=182138017030457797640331 elapsed=2233s
progress: nodes=46,870,000,000 tested=1,277 found=0 n=178607440804678094648439 elapsed=2233s
progress: nodes=46,880,000,000 tested=1,277 found=0 n=181162355036501733367473 elapsed=2234s
progress: nodes=46,890,000,000 tested=1,277 found=0 n=189701174344588970019957 elapsed=2234s
progress: nodes=46,900,000,000 tested=1,277 found=0 n=203785360553818498157703 elapsed=2235s
progress: nodes=46,910,000,000 tested=1,277 found=0 n=223205831619138783157743 elapsed=2235s
progress: nodes=46,920,000,000 tested=1,277 found=0 n=248279977688778020212227 elapsed=2236s
progress: nodes=46,930,000,000 tested=1,277 found=0 n=117039045084738018180939 elapsed=2236s
progress: nodes=46,940,000,000 tested=1,277 found=0 n=152598491374536650576133 elapsed=2237s
progress: nodes=46,950,000,000 tested=1,277 found=0 n=194743428470411689505637 elapsed=2237s
progress: nodes=46,960,000,000 tested=1,277 found=0 n=244187054607961404658719 elapsed=2238s
progress: nodes=46,970,000,000 tested=1,277 found=0 n=138040403498943065191071 elapsed=2238s
progress: nodes=46,980,000,000 tested=1,277 found=0 n=198727450042288853386701 elapsed=2239s
progress: nodes=46,990,000,000 tested=1,277 found=0 n=106118298327178501200837 elapsed=2239s
progress: nodes=47,000,000,000 tested=1,277 found=0 n=178002188140242251742957 elapsed=2240s
progress: nodes=47,010,000,000 tested=1,277 found=0 n=257858755832099591129961 elapsed=2240s
progress: nodes=47,020,000,000 tested=1,277 found=0 n=181581236329918227123321 elapsed=2241s
progress: nodes=47,030,000,000 tested=1,277 found=0 n=113679942380935741089279 elapsed=2241s
progress: nodes=47,040,000,000 tested=1,277 found=0 n=211065339907927110332727 elapsed=2242s
progress: nodes=47,050,000,000 tested=1,277 found=0 n=155416617452654040383901 elapsed=2242s
progress: nodes=47,060,000,000 tested=1,277 found=0 n=107077347174410919837531 elapsed=2243s
progress: nodes=47,070,000,000 tested=1,277 found=0 n=222814400141180832871887 elapsed=2244s
progress: nodes=47,080,000,000 tested=1,277 found=0 n=184318864147678121408547 elapsed=2244s
progress: nodes=47,090,000,000 tested=1,277 found=0 n=152970708421160676869823 elapsed=2245s
progress: nodes=47,100,000,000 tested=1,277 found=0 n=127646463705835949275401 elapsed=2245s
progress: nodes=47,110,000,000 tested=1,277 found=0 n=108677189625458913756297 elapsed=2246s
progress: nodes=47,120,000,000 tested=1,277 found=0 n=254958554016176543203671 elapsed=2246s
progress: nodes=47,130,000,000 tested=1,277 found=0 n=247262212456700440056057 elapsed=2247s
progress: nodes=47,140,000,000 tested=1,277 found=0 n=245107894088072668355703 elapsed=2247s
progress: nodes=47,150,000,000 tested=1,277 found=0 n=249746666199422787904509 elapsed=2248s
progress: nodes=47,160,000,000 tested=1,277 found=0 n=261153320671859209883289 elapsed=2248s
progress: nodes=47,170,000,000 tested=1,277 found=0 n=119374060111742270645811 elapsed=2249s
progress: nodes=47,180,000,000 tested=1,277 found=0 n=142790630970619350201483 elapsed=2249s
progress: nodes=47,190,000,000 tested=1,277 found=0 n=172391373618221708799849 elapsed=2250s
progress: nodes=47,200,000,000 tested=1,277 found=0 n=208313065908689869684557 elapsed=2250s
progress: nodes=47,210,000,000 tested=1,277 found=0 n=250656326689167554336181 elapsed=2251s
progress: nodes=47,220,000,000 tested=1,277 found=0 n=139179557227399241742189 elapsed=2251s
progress: nodes=47,230,000,000 tested=1,277 found=0 n=192936281813551073190393 elapsed=2252s
progress: nodes=47,240,000,000 tested=1,277 found=0 n=254281580528947202542311 elapsed=2252s
progress: nodes=47,250,000,000 tested=1,277 found=0 n=161380717171725523531059 elapsed=2253s
progress: nodes=47,260,000,000 tested=1,277 found=0 n=235070979355499965636959 elapsed=2253s
progress: nodes=47,270,000,000 tested=1,277 found=0 n=155468588514498297271233 elapsed=2254s
progress: nodes=47,280,000,000 tested=1,277 found=0 n=242049266664763342781997 elapsed=2254s
progress: nodes=47,290,000,000 tested=1,277 found=0 n=176068705550655458219679 elapsed=2255s
progress: nodes=47,300,000,000 tested=1,277 found=0 n=117387078851943342130689 elapsed=2255s
progress: nodes=47,310,000,000 tested=1,277 found=0 n=221691236438520801075123 elapsed=2256s
progress: nodes=47,320,000,000 tested=1,277 found=0 n=174658438739358894433113 elapsed=2256s
progress: nodes=47,330,000,000 tested=1,277 found=0 n=134767142130934964139489 elapsed=2257s
progress: nodes=47,340,000,000 tested=1,277 found=0 n=258907783523351535119547 elapsed=2257s
progress: nodes=47,350,000,000 tested=1,277 found=0 n=230638782946089386707839 elapsed=2258s
progress: nodes=47,360,000,000 tested=1,277 found=0 n=208796324730702916195989 elapsed=2258s
progress: nodes=47,370,000,000 tested=1,277 found=0 n=193223407704278485066533 elapsed=2259s
progress: nodes=47,380,000,000 tested=1,277 found=0 n=183732374780384595192027 elapsed=2259s
progress: nodes=47,390,000,000 tested=1,277 found=0 n=180721347029761980845403 elapsed=2260s
progress: nodes=47,400,000,000 tested=1,277 found=0 n=183770772155250924414771 elapsed=2260s
progress: nodes=47,410,000,000 tested=1,277 found=0 n=193310293940719337631249 elapsed=2261s
progress: nodes=47,420,000,000 tested=1,277 found=0 n=209368254560129358190497 elapsed=2261s
progress: nodes=47,430,000,000 tested=1,277 found=0 n=231548355556515554978421 elapsed=2262s
progress: nodes=47,440,000,000 tested=1,277 found=0 n=260062142253911958469509 elapsed=2262s
progress: nodes=47,450,000,000 tested=1,277 found=0 n=136605968702893786487391 elapsed=2263s
progress: nodes=47,460,000,000 tested=1,277 found=0 n=176902113208970191793751 elapsed=2263s
progress: nodes=47,470,000,000 tested=1,277 found=0 n=224323448706110287973439 elapsed=2264s
progress: nodes=47,480,000,000 tested=1,277 found=0 n=121333966224449441381919 elapsed=2264s
progress: nodes=47,490,000,000 tested=1,277 found=0 n=180242079229253248244037 elapsed=2265s
progress: nodes=47,500,000,000 tested=1,277 found=0 n=246794223291619602585987 elapsed=2265s
progress: nodes=47,510,000,000 tested=1,277 found=0 n=162928007261453885970519 elapsed=2266s
progress: nodes=47,520,000,000 tested=1,277 found=0 n=244339450683447631478967 elapsed=2266s
progress: nodes=47,530,000,000 tested=1,277 found=0 n=175326342952115761717311 elapsed=2267s
progress: nodes=47,540,000,000 tested=1,277 found=0 n=114234128142172167180051 elapsed=2267s
progress: nodes=47,550,000,000 tested=1,277 found=0 n=214094844763970637429963 elapsed=2268s
progress: nodes=47,560,000,000 tested=1,277 found=0 n=165389587667486704679157 elapsed=2268s
progress: nodes=47,570,000,000 tested=1,277 found=0 n=123585615655233425432739 elapsed=2269s
progress: nodes=47,580,000,000 tested=1,277 found=0 n=243234200415892112339913 elapsed=2269s
progress: nodes=47,590,000,000 tested=1,277 found=0 n=212742488147927346317709 elapsed=2270s
progress: nodes=47,600,000,000 tested=1,277 found=0 n=188653434402948194590911 elapsed=2270s
progress: nodes=47,610,000,000 tested=1,277 found=0 n=171398984975803682256159 elapsed=2271s
progress: nodes=47,620,000,000 tested=1,277 found=0 n=161293774841515180575711 elapsed=2271s
progress: nodes=47,630,000,000 tested=1,277 found=0 n=156855307361552816955939 elapsed=2272s
progress: nodes=47,640,000,000 tested=1,277 found=0 n=158261508543304376731521 elapsed=2272s
progress: nodes=47,650,000,000 tested=1,277 found=0 n=166542625903750957321461 elapsed=2273s
progress: nodes=47,660,000,000 tested=1,277 found=0 n=181469745321142125444597 elapsed=2273s
progress: nodes=47,670,000,000 tested=1,277 found=0 n=202491958809683196560907 elapsed=2274s
progress: nodes=47,680,000,000 tested=1,277 found=0 n=228697387654015718449011 elapsed=2274s
progress: nodes=47,690,000,000 tested=1,277 found=0 n=261343900660420566039051 elapsed=2275s
progress: nodes=47,700,000,000 tested=1,277 found=0 n=145433545472455414961787 elapsed=2275s
progress: nodes=47,710,000,000 tested=1,277 found=0 n=191134485498061775342673 elapsed=2276s
progress: nodes=47,720,000,000 tested=1,277 found=0 n=244690382695976618828427 elapsed=2276s
progress: nodes=47,730,000,000 tested=1,277 found=0 n=150027654522056954976333 elapsed=2277s
progress: nodes=47,740,000,000 tested=1,277 found=0 n=217800483252562476709443 elapsed=2277s
progress: nodes=47,750,000,000 tested=1,277 found=0 n=137519817902146865167983 elapsed=2278s
progress: nodes=47,760,000,000 tested=1,277 found=0 n=217927622261195740612719 elapsed=2278s
progress: nodes=47,770,000,000 tested=1,277 found=0 n=150767943470982001167003 elapsed=2279s
progress: nodes=47,780,000,000 tested=1,277 found=0 n=244913532526616366065653 elapsed=2279s
progress: nodes=47,790,000,000 tested=1,277 found=0 n=191259287813056206734991 elapsed=2280s
progress: nodes=47,800,000,000 tested=1,277 found=0 n=145435722793134534267507 elapsed=2280s
progress: nodes=47,810,000,000 tested=1,277 found=0 n=260395230959716622819049 elapsed=2281s
progress: nodes=47,820,000,000 tested=1,277 found=0 n=227118208994067055415751 elapsed=2281s
progress: nodes=47,830,000,000 tested=1,277 found=0 n=201440720857487394482199 elapsed=2282s
progress: nodes=47,840,000,000 tested=1,277 found=0 n=182599833969949325682753 elapsed=2282s
progress: nodes=47,850,000,000 tested=1,277 found=0 n=170155491350749398751257 elapsed=2283s
progress: nodes=47,860,000,000 tested=1,277 found=0 n=163803215483594846188029 elapsed=2284s
progress: nodes=47,870,000,000 tested=1,277 found=0 n=164093980518753367345263 elapsed=2284s
progress: nodes=47,880,000,000 tested=1,277 found=0 n=170896488664508163129573 elapsed=2285s
progress: nodes=47,890,000,000 tested=1,277 found=0 n=184394985150101099675301 elapsed=2285s
progress: nodes=47,900,000,000 tested=1,277 found=0 n=204756105834019430291601 elapsed=2286s
progress: nodes=47,910,000,000 tested=1,277 found=0 n=231879927134444107802283 elapsed=2286s
progress: nodes=47,920,000,000 tested=1,277 found=0 n=112320591906461846266359 elapsed=2287s
progress: nodes=47,930,000,000 tested=1,277 found=0 n=150449525336582543714643 elapsed=2287s
progress: nodes=47,940,000,000 tested=1,277 found=0 n=196163689831316880445773 elapsed=2288s
progress: nodes=47,950,000,000 tested=1,277 found=0 n=249271864580450387624949 elapsed=2288s
progress: nodes=47,960,000,000 tested=1,277 found=0 n=155716635059230020006231 elapsed=2289s
progress: nodes=47,970,000,000 tested=1,277 found=0 n=222791679906256898786349 elapsed=2289s
progress: nodes=47,980,000,000 tested=1,277 found=0 n=143850250337635692591741 elapsed=2290s
progress: nodes=47,990,000,000 tested=1,277 found=0 n=223884018600991744954959 elapsed=2290s
progress: nodes=48,000,000,000 tested=1,277 found=0 n=157835967842813748006519 elapsed=2291s
progress: nodes=48,010,000,000 tested=1,277 found=0 n=250790496291404216416269 elapsed=2291s
progress: nodes=48,020,000,000 tested=1,277 found=0 n=197073404943158395374723 elapsed=2292s
progress: nodes=48,030,000,000 tested=1,277 found=0 n=150644484565947807335901 elapsed=2292s
progress: nodes=48,040,000,000 tested=1,277 found=0 n=262762957527748005166839 elapsed=2293s
progress: nodes=48,050,000,000 tested=1,277 found=0 n=229013860768260682595481 elapsed=2293s
progress: nodes=48,060,000,000 tested=1,277 found=0 n=202981266201125934729207 elapsed=2293s
progress: nodes=48,070,000,000 tested=1,277 found=0 n=183986070078949468553223 elapsed=2294s
progress: nodes=48,080,000,000 tested=1,277 found=0 n=171715796878513093977771 elapsed=2294s
progress: nodes=48,090,000,000 tested=1,277 found=0 n=166939647578575784231319 elapsed=2295s
progress: nodes=48,100,000,000 tested=1,277 found=0 n=168974050155475563845847 elapsed=2295s
progress: nodes=48,110,000,000 tested=1,277 found=0 n=177633670177297063963233 elapsed=2296s
progress: nodes=48,120,000,000 tested=1,277 found=0 n=193490294143584907576107 elapsed=2296s
progress: nodes=48,130,000,000 tested=1,277 found=0 n=216276619392449480741877 elapsed=2297s
progress: nodes=48,140,000,000 tested=1,277 found=0 n=245866704749787504640257 elapsed=2297s
progress: nodes=48,150,000,000 tested=1,277 found=0 n=131444497085995571456979 elapsed=2298s
progress: nodes=48,160,000,000 tested=1,277 found=0 n=174116725943772152814273 elapsed=2298s
progress: nodes=48,170,000,000 tested=1,277 found=0 n=224532173242482231525399 elapsed=2299s
progress: nodes=48,180,000,000 tested=1,277 found=0 n=131345400374605640105883 elapsed=2299s
progress: nodes=48,190,000,000 tested=1,277 found=0 n=195420420320782433385609 elapsed=2300s
progress: nodes=48,200,000,000 tested=1,277 found=0 n=116975096346219291513333 elapsed=2300s
progress: nodes=48,210,000,000 tested=1,277 found=0 n=193590627464594821313853 elapsed=2301s
progress: nodes=48,220,000,000 tested=1,277 found=0 n=128964188061412884297117 elapsed=2301s
progress: nodes=48,230,000,000 tested=1,277 found=0 n=221251162588238609755929 elapsed=2302s
progress: nodes=48,240,000,000 tested=1,277 found=0 n=170872113075036813571131 elapsed=2302s
progress: nodes=48,250,000,000 tested=1,277 found=0 n=128334049347788242439481 elapsed=2303s
progress: nodes=48,260,000,000 tested=1,277 found=0 n=242390927049403748805189 elapsed=2303s
progress: nodes=48,270,000,000 tested=1,277 found=0 n=212606012759815156581099 elapsed=2304s
progress: nodes=48,280,000,000 tested=1,277 found=0 n=190087889620595501622087 elapsed=2304s
progress: nodes=48,290,000,000 tested=1,277 found=0 n=174359763543222588758427 elapsed=2305s
progress: nodes=48,300,000,000 tested=1,277 found=0 n=165504012291408992224023 elapsed=2305s
progress: nodes=48,310,000,000 tested=1,277 found=0 n=163301225765676103394289 elapsed=2306s
progress: nodes=48,320,000,000 tested=1,277 found=0 n=167512739918589174800691 elapsed=2306s
progress: nodes=48,330,000,000 tested=1,277 found=0 n=178639591196437540198029 elapsed=2307s
progress: nodes=48,340,000,000 tested=1,277 found=0 n=196364558762735967400797 elapsed=2307s
progress: nodes=48,350,000,000 tested=1,277 found=0 n=221361632711665545642543 elapsed=2308s
progress: nodes=48,360,000,000 tested=1,277 found=0 n=253737469576846101619773 elapsed=2308s
progress: nodes=48,370,000,000 tested=1,277 found=0 n=142260261719256214420887 elapsed=2309s
progress: nodes=48,380,000,000 tested=1,277 found=0 n=187042572273737719529991 elapsed=2309s
progress: nodes=48,390,000,000 tested=1,277 found=0 n=240417694612340029265481 elapsed=2310s
progress: nodes=48,400,000,000 tested=1,277 found=0 n=152279700858016223292801 elapsed=2310s
progress: nodes=48,410,000,000 tested=1,277 found=0 n=219818368239835061063367 elapsed=2311s
progress: nodes=48,420,000,000 tested=1,277 found=0 n=145750412083391710455861 elapsed=2311s
progress: nodes=48,430,000,000 tested=1,277 found=0 n=226906084744318473991497 elapsed=2312s
progress: nodes=48,440,000,000 tested=1,277 found=0 n=166954852484275035219039 elapsed=2312s
progress: nodes=48,450,000,000 tested=1,277 found=0 n=114856700051754506214369 elapsed=2313s
progress: nodes=48,460,000,000 tested=1,277 found=0 n=215791308228827563351119 elapsed=2313s
progress: nodes=48,470,000,000 tested=1,277 found=0 n=176342783136391694783961 elapsed=2314s
progress: nodes=48,480,000,000 tested=1,277 found=0 n=144181372712197626042237 elapsed=2314s
progress: nodes=48,490,000,000 tested=1,277 found=0 n=119553842735009924352111 elapsed=2315s
progress: nodes=48,500,000,000 tested=1,277 found=0 n=248422787250095916354897 elapsed=2315s
progress: nodes=48,510,000,000 tested=1,277 found=0 n=236407527178204575572379 elapsed=2316s
progress: nodes=48,520,000,000 tested=1,277 found=0 n=230860554384710675882457 elapsed=2316s
progress: nodes=48,530,000,000 tested=1,277 found=0 n=232100188946194863140847 elapsed=2317s
progress: nodes=48,540,000,000 tested=1,277 found=0 n=240172264285254154754901 elapsed=2317s
progress: nodes=48,550,000,000 tested=1,277 found=0 n=255145272707502469212921 elapsed=2318s
progress: nodes=48,560,000,000 tested=1,277 found=0 n=129698178776584079999337 elapsed=2318s
progress: nodes=48,570,000,000 tested=1,277 found=0 n=158256209873491920599409 elapsed=2319s
progress: nodes=48,580,000,000 tested=1,277 found=0 n=194349873402862266718629 elapsed=2319s
progress: nodes=48,590,000,000 tested=1,277 found=0 n=238847330682293639353047 elapsed=2320s
progress: nodes=48,600,000,000 tested=1,277 found=0 n=143032904726573337216741 elapsed=2320s
progress: nodes=48,610,000,000 tested=1,277 found=0 n=200775131882048202105627 elapsed=2321s
progress: nodes=48,620,000,000 tested=1,277 found=0 n=120642360809386676267007 elapsed=2321s
progress: nodes=48,630,000,000 tested=1,277 found=0 n=193096734661240625642427 elapsed=2322s
progress: nodes=48,640,000,000 tested=1,277 found=0 n=127832532849248402658483 elapsed=2322s
progress: nodes=48,650,000,000 tested=1,277 found=0 n=215135365132171687085883 elapsed=2323s
progress: nodes=48,660,000,000 tested=1,277 found=0 n=164398032251660541413079 elapsed=2323s
progress: nodes=48,670,000,000 tested=1,277 found=0 n=122888518318726272119007 elapsed=2324s
progress: nodes=48,680,000,000 tested=1,277 found=0 n=233353333409350257001899 elapsed=2324s
progress: nodes=48,690,000,000 tested=1,277 found=0 n=205696364987769448876083 elapsed=2325s
progress: nodes=48,700,000,000 tested=1,277 found=0 n=185170496732205809463639 elapsed=2325s
progress: nodes=48,710,000,000 tested=1,277 found=0 n=172343689849554068664819 elapsed=2326s
progress: nodes=48,720,000,000 tested=1,277 found=0 n=166763807076874875016149 elapsed=2326s
progress: nodes=48,730,000,000 tested=1,277 found=0 n=168410655196090459653501 elapsed=2327s
progress: nodes=48,740,000,000 tested=1,277 found=0 n=177387075588475292406867 elapsed=2327s
progress: nodes=48,750,000,000 tested=1,277 found=0 n=194235979390518031173207 elapsed=2328s
progress: nodes=48,760,000,000 tested=1,277 found=0 n=218375009823859987587489 elapsed=2328s
progress: nodes=48,770,000,000 tested=1,277 found=0 n=250093488161236236133617 elapsed=2329s
progress: nodes=48,780,000,000 tested=1,277 found=0 n=142968343515501162742083 elapsed=2329s
progress: nodes=48,790,000,000 tested=1,277 found=0 n=188237251766270206587087 elapsed=2330s
progress: nodes=48,800,000,000 tested=1,277 found=0 n=242150531093232963642441 elapsed=2330s
progress: nodes=48,810,000,000 tested=1,277 found=0 n=158016396565126252184031 elapsed=2331s
progress: nodes=48,820,000,000 tested=1,277 found=0 n=227099178229528422498681 elapsed=2331s
progress: nodes=48,830,000,000 tested=1,277 found=0 n=158340827532499050920481 elapsed=2332s
progress: nodes=48,840,000,000 tested=1,277 found=0 n=242705868805582165522539 elapsed=2332s
progress: nodes=48,850,000,000 tested=1,277 found=0 n=188931970331082927541593 elapsed=2333s
progress: nodes=48,860,000,000 tested=1,277 found=0 n=143006086702192981388121 elapsed=2333s
progress: nodes=48,870,000,000 tested=1,277 found=0 n=248864924605846317385617 elapsed=2334s
progress: nodes=48,880,000,000 tested=1,277 found=0 n=216968887844485996598379 elapsed=2334s
progress: nodes=48,890,000,000 tested=1,277 found=0 n=192288722085502804799037 elapsed=2335s
progress: nodes=48,900,000,000 tested=1,277 found=0 n=174528500934526241906403 elapsed=2335s
progress: nodes=48,910,000,000 tested=1,277 found=0 n=163900660011661383217407 elapsed=2336s
progress: nodes=48,920,000,000 tested=1,277 found=0 n=161197202697578682597963 elapsed=2336s
progress: nodes=48,930,000,000 tested=1,277 found=0 n=166044254529746308238523 elapsed=2337s
progress: nodes=48,940,000,000 tested=1,277 found=0 n=178390137806052156901917 elapsed=2337s
progress: nodes=48,950,000,000 tested=1,277 found=0 n=198569536650057611045007 elapsed=2338s
progress: nodes=48,960,000,000 tested=1,277 found=0 n=227256101167509621648441 elapsed=2338s
progress: nodes=48,970,000,000 tested=1,277 found=0 n=120547124524549427908203 elapsed=2339s
progress: nodes=48,980,000,000 tested=1,277 found=0 n=163055618134211948196051 elapsed=2339s
progress: nodes=48,990,000,000 tested=1,277 found=0 n=213639834448995557091489 elapsed=2340s
progress: nodes=49,000,000,000 tested=1,277 found=0 n=128880023168468580919911 elapsed=2340s
progress: nodes=49,010,000,000 tested=1,277 found=0 n=193663963661247209919789 elapsed=2341s
progress: nodes=49,020,000,000 tested=1,277 found=0 n=124344342890441506685853 elapsed=2341s
progress: nodes=49,030,000,000 tested=1,277 found=0 n=204000423808324349615409 elapsed=2342s
progress: nodes=49,040,000,000 tested=1,277 found=0 n=150189041393792387637651 elapsed=2343s
progress: nodes=49,050,000,000 tested=1,277 found=0 n=247653723589308515936457 elapsed=2343s
progress: nodes=49,060,000,000 tested=1,277 found=0 n=209023751034421036240527 elapsed=2344s
progress: nodes=49,070,000,000 tested=1,277 found=0 n=178467470618110975023723 elapsed=2344s
progress: nodes=49,080,000,000 tested=1,277 found=0 n=156449184045596035631037 elapsed=2345s
progress: nodes=49,090,000,000 tested=1,277 found=0 n=142192573403922623713131 elapsed=2345s
progress: nodes=49,100,000,000 tested=1,277 found=0 n=136272944378025041137551 elapsed=2346s
progress: nodes=49,110,000,000 tested=1,277 found=0 n=137769142100143754008809 elapsed=2346s
progress: nodes=49,120,000,000 tested=1,277 found=0 n=146414229680379622298337 elapsed=2347s
progress: nodes=49,130,000,000 tested=1,277 found=0 n=162592664553239189528259 elapsed=2347s
progress: nodes=49,140,000,000 tested=1,277 found=0 n=187289636023815215469579 elapsed=2348s
progress: nodes=49,150,000,000 tested=1,277 found=0 n=220641393197189673385677 elapsed=2348s
progress: nodes=49,160,000,000 tested=1,277 found=0 n=120862404244657070844849 elapsed=2349s
progress: nodes=49,170,000,000 tested=1,277 found=0 n=168999904174258401965721 elapsed=2349s
progress: nodes=49,180,000,000 tested=1,277 found=0 n=225775795758916269089223 elapsed=2350s
progress: nodes=49,190,000,000 tested=1,277 found=0 n=149116605529696943197059 elapsed=2350s
progress: nodes=49,200,000,000 tested=1,277 found=0 n=221706085596651556851951 elapsed=2351s
progress: nodes=49,210,000,000 tested=1,277 found=0 n=160462138580503862953851 elapsed=2351s
progress: nodes=49,220,000,000 tested=1,277 found=0 n=248290971546037281310449 elapsed=2352s
progress: nodes=49,230,000,000 tested=1,277 found=0 n=201335624463382042116483 elapsed=2352s
progress: nodes=49,240,000,000 tested=1,277 found=0 n=163175827443815599572159 elapsed=2353s
progress: nodes=49,250,000,000 tested=1,277 found=0 n=133266886504581497777109 elapsed=2353s
progress: nodes=49,260,000,000 tested=1,277 found=0 n=252239395507228713691107 elapsed=2354s
progress: nodes=49,270,000,000 tested=1,277 found=0 n=238209750549911320721541 elapsed=2354s
progress: nodes=49,280,000,000 tested=1,277 found=0 n=232370672525141018035167 elapsed=2355s
progress: nodes=49,290,000,000 tested=1,277 found=0 n=234306691873660657278027 elapsed=2355s
progress: nodes=49,300,000,000 tested=1,277 found=0 n=243865433951690177253627 elapsed=2356s
progress: nodes=49,310,000,000 tested=1,277 found=0 n=261790144137779837246667 elapsed=2356s
progress: nodes=49,320,000,000 tested=1,277 found=0 n=146333061161340311695437 elapsed=2357s
progress: nodes=49,330,000,000 tested=1,277 found=0 n=178910789587960439422413 elapsed=2357s
progress: nodes=49,340,000,000 tested=1,277 found=0 n=220154528479747478828211 elapsed=2358s
progress: nodes=49,350,000,000 tested=1,277 found=0 n=129906277242250082721147 elapsed=2358s
progress: nodes=49,360,000,000 tested=1,277 found=0 n=186967375136740029508677 elapsed=2359s
progress: nodes=49,370,000,000 tested=1,277 found=0 n=253308171355434822275649 elapsed=2359s
progress: nodes=49,380,000,000 tested=1,277 found=0 n=186243640159249117221777 elapsed=2360s
progress: nodes=49,390,000,000 tested=1,277 found=0 n=128371755476900012324247 elapsed=2360s
progress: nodes=49,400,000,000 tested=1,277 found=0 n=216591337003796158515111 elapsed=2361s
progress: nodes=49,410,000,000 tested=1,277 found=0 n=173644123724277884695017 elapsed=2361s
progress: nodes=49,420,000,000 tested=1,277 found=0 n=139465675473766893958707 elapsed=2362s
progress: nodes=49,430,000,000 tested=1,277 found=0 n=252126317404851820443513 elapsed=2362s
progress: nodes=49,440,000,000 tested=1,277 found=0 n=233812854240902069496363 elapsed=2363s
progress: nodes=49,450,000,000 tested=1,277 found=0 n=224501336093424450177117 elapsed=2363s
progress: nodes=49,460,000,000 tested=1,277 found=0 n=222882853622117383643949 elapsed=2364s
progress: nodes=49,470,000,000 tested=1,277 found=0 n=229040933822363349203517 elapsed=2364s
progress: nodes=49,480,000,000 tested=1,277 found=0 n=243556616926987788394971 elapsed=2365s
progress: nodes=49,490,000,000 tested=1,277 found=0 n=128524810685761779055767 elapsed=2365s
progress: nodes=49,500,000,000 tested=1,277 found=0 n=158958231084170493628653 elapsed=2366s
progress: nodes=49,510,000,000 tested=1,277 found=0 n=198957457241318024187939 elapsed=2366s
progress: nodes=49,520,000,000 tested=1,277 found=0 n=247974966422205346823499 elapsed=2367s
progress: nodes=49,530,000,000 tested=1,277 found=0 n=166142348841780070380621 elapsed=2367s
progress: nodes=49,540,000,000 tested=1,277 found=0 n=230694644840166337687857 elapsed=2368s
progress: nodes=49,550,000,000 tested=1,277 found=0 n=165007023144179446443213 elapsed=2369s
progress: nodes=49,560,000,000 tested=1,277 found=0 n=247340264566848706125873 elapsed=2369s
progress: nodes=49,570,000,000 tested=1,277 found=0 n=199161678005487018068247 elapsed=2370s
progress: nodes=49,580,000,000 tested=1,277 found=0 n=159723047351253730377033 elapsed=2370s
progress: nodes=49,590,000,000 tested=1,277 found=0 n=128464409551020694792641 elapsed=2371s
progress: nodes=49,600,000,000 tested=1,277 found=0 n=241404046970711067135693 elapsed=2371s
progress: nodes=49,610,000,000 tested=1,277 found=0 n=225218189924533033241013 elapsed=2372s
progress: nodes=49,620,000,000 tested=1,277 found=0 n=218220782432014950200613 elapsed=2372s
progress: nodes=49,630,000,000 tested=1,277 found=0 n=219943471135108204470987 elapsed=2373s
progress: nodes=49,640,000,000 tested=1,277 found=0 n=230570270626119303568689 elapsed=2373s
progress: nodes=49,650,000,000 tested=1,277 found=0 n=248937159245422241466873 elapsed=2374s
progress: nodes=49,660,000,000 tested=1,277 found=0 n=137516576981066300300283 elapsed=2374s
progress: nodes=49,670,000,000 tested=1,277 found=0 n=171009871093020533342769 elapsed=2375s
progress: nodes=49,680,000,000 tested=1,277 found=0 n=213446456636147272398861 elapsed=2375s
progress: nodes=49,690,000,000 tested=1,277 found=0 n=128323886496366096348813 elapsed=2376s
progress: nodes=49,700,000,000 tested=1,277 found=0 n=187104787311897444182193 elapsed=2376s
progress: nodes=49,710,000,000 tested=1,277 found=0 n=255207601158589976823927 elapsed=2377s
progress: nodes=49,720,000,000 tested=1,277 found=0 n=193719143730901940111961 elapsed=2377s
progress: nodes=49,730,000,000 tested=1,277 found=0 n=142169068227639695879637 elapsed=2378s
progress: nodes=49,740,000,000 tested=1,277 found=0 n=235206850715207135842077 elapsed=2378s
progress: nodes=49,750,000,000 tested=1,277 found=0 n=200728693564920095293719 elapsed=2379s
progress: nodes=49,760,000,000 tested=1,277 found=0 n=174526085682296863145631 elapsed=2379s
progress: nodes=49,770,000,000 tested=1,277 found=0 n=156858794054304289961013 elapsed=2380s
progress: nodes=49,780,000,000 tested=1,277 found=0 n=148529370486289941407259 elapsed=2380s
progress: nodes=49,790,000,000 tested=1,277 found=0 n=149160275465106313901493 elapsed=2381s
progress: nodes=49,800,000,000 tested=1,277 found=0 n=157870803039593517580707 elapsed=2381s
progress: nodes=49,810,000,000 tested=1,277 found=0 n=174994311840699173219397 elapsed=2382s
progress: nodes=49,820,000,000 tested=1,277 found=0 n=201229523336991099203253 elapsed=2382s
progress: nodes=49,830,000,000 tested=1,277 found=0 n=236260235794823619380001 elapsed=2383s
progress: nodes=49,840,000,000 tested=1,277 found=0 n=144503352130860123129729 elapsed=2383s
progress: nodes=49,850,000,000 tested=1,277 found=0 n=195912796752490252976541 elapsed=2384s
progress: nodes=49,860,000,000 tested=1,277 found=0 n=256516683940324334600073 elapsed=2384s
progress: nodes=49,870,000,000 tested=1,277 found=0 n=189432958150075882533291 elapsed=2385s
progress: nodes=49,880,000,000 tested=1,277 found=0 n=131590342283828253454629 elapsed=2385s
progress: nodes=49,890,000,000 tested=1,277 found=0 n=216434511724120389340641 elapsed=2386s
progress: nodes=49,900,000,000 tested=1,277 found=0 n=175917472198937199441711 elapsed=2386s
progress: nodes=49,910,000,000 tested=1,277 found=0 n=144379812175000950096549 elapsed=2387s
progress: nodes=49,920,000,000 tested=1,277 found=0 n=254990309489874058831731 elapsed=2387s
progress: nodes=49,930,000,000 tested=1,277 found=0 n=239152575158358709718871 elapsed=2388s
progress: nodes=49,940,000,000 tested=1,277 found=0 n=232221627742215073789827 elapsed=2388s
progress: nodes=49,950,000,000 tested=1,277 found=0 n=233718304387332446480799 elapsed=2389s
progress: nodes=49,960,000,000 tested=1,277 found=0 n=242923824954398333182437 elapsed=2389s
progress: nodes=49,970,000,000 tested=1,277 found=0 n=261631858628787066741321 elapsed=2390s
progress: nodes=49,980,000,000 tested=1,277 found=0 n=154793601264177697012191 elapsed=2391s
progress: nodes=49,990,000,000 tested=1,277 found=0 n=191443189623177348279423 elapsed=2391s
progress: nodes=50,000,000,000 tested=1,277 found=0 n=238211314729992364157397 elapsed=2392s
progress: nodes=50,010,000,000 tested=1,277 found=0 n=160041887404261673934123 elapsed=2392s
progress: nodes=50,020,000,000 tested=1,277 found=0 n=225688381881225525545283 elapsed=2393s
progress: nodes=50,030,000,000 tested=1,277 found=0 n=166926859260927128289927 elapsed=2393s
progress: nodes=50,040,000,000 tested=1,277 found=0 n=250304197173361150921101 elapsed=2394s
progress: nodes=50,050,000,000 tested=1,277 found=0 n=207822728607532630314723 elapsed=2394s
progress: nodes=50,060,000,000 tested=1,277 found=0 n=174264031727370150126561 elapsed=2395s
progress: nodes=50,070,000,000 tested=1,277 found=0 n=149992864365932464215339 elapsed=2395s
progress: nodes=50,080,000,000 tested=1,277 found=0 n=135428159113073172497151 elapsed=2396s
progress: nodes=50,090,000,000 tested=1,277 found=0 n=130208972189338900234377 elapsed=2396s
progress: nodes=50,100,000,000 tested=1,277 found=0 n=133496315354047753854747 elapsed=2397s
progress: nodes=50,110,000,000 tested=1,277 found=0 n=144644198823518615678457 elapsed=2397s
progress: nodes=50,120,000,000 tested=1,277 found=0 n=164915432848483336648629 elapsed=2398s
progress: nodes=50,130,000,000 tested=1,277 found=0 n=194170355560472285545551 elapsed=2398s
progress: nodes=50,140,000,000 tested=1,277 found=0 n=233240769617619195404973 elapsed=2399s
progress: nodes=50,150,000,000 tested=1,277 found=0 n=149217041799180590412177 elapsed=2399s
progress: nodes=50,160,000,000 tested=1,277 found=0 n=206581783538872039975677 elapsed=2400s
progress: nodes=50,170,000,000 tested=1,277 found=0 n=142129954934085548979549 elapsed=2400s
progress: nodes=50,180,000,000 tested=1,277 found=0 n=218341961765335955105559 elapsed=2401s
progress: nodes=50,190,000,000 tested=1,277 found=0 n=172009270226009279656593 elapsed=2401s
progress: nodes=50,200,000,000 tested=1,277 found=0 n=135794812400046481140459 elapsed=2402s
progress: nodes=50,210,000,000 tested=1,277 found=0 n=239131159364914271281827 elapsed=2402s
progress: nodes=50,220,000,000 tested=1,277 found=0 n=219089805346614166631667 elapsed=2403s
progress: nodes=50,230,000,000 tested=1,277 found=0 n=208329948579077464630491 elapsed=2403s
progress: nodes=50,240,000,000 tested=1,277 found=0 n=207080753066429167286361 elapsed=2404s
progress: nodes=50,250,000,000 tested=1,277 found=0 n=215118682942450510840617 elapsed=2404s
progress: nodes=50,260,000,000 tested=1,277 found=0 n=232383808472101513127901 elapsed=2405s
progress: nodes=50,270,000,000 tested=1,277 found=0 n=258284251056548894157981 elapsed=2405s
progress: nodes=50,280,000,000 tested=1,277 found=0 n=161265023864223277915917 elapsed=2406s
progress: nodes=50,290,000,000 tested=1,277 found=0 n=204596582315389919417763 elapsed=2406s
progress: nodes=50,300,000,000 tested=1,277 found=0 n=257756748282114863770989 elapsed=2407s
progress: nodes=50,310,000,000 tested=1,277 found=0 n=188320068396169601438547 elapsed=2407s
progress: nodes=50,320,000,000 tested=1,277 found=0 n=260643295276249188275973 elapsed=2408s
progress: nodes=50,330,000,000 tested=1,277 found=0 n=210756762574099144522119 elapsed=2408s
progress: nodes=50,340,000,000 tested=1,277 found=0 n=171857511002104074348201 elapsed=2409s
progress: nodes=50,350,000,000 tested=1,277 found=0 n=142493196215419827538761 elapsed=2409s
progress: nodes=50,360,000,000 tested=1,277 found=0 n=252158239937819503066779 elapsed=2410s
progress: nodes=50,370,000,000 tested=1,277 found=0 n=240012501187835547288117 elapsed=2410s
progress: nodes=50,380,000,000 tested=1,277 found=0 n=236691155189135729445363 elapsed=2411s
progress: nodes=50,390,000,000 tested=1,277 found=0 n=243143132564689474286169 elapsed=2412s
progress: nodes=50,400,000,000 tested=1,277 found=0 n=259844833900028709391059 elapsed=2412s
progress: nodes=50,410,000,000 tested=1,277 found=0 n=155739641914873122058953 elapsed=2413s
progress: nodes=50,420,000,000 tested=1,277 found=0 n=191373356895532636081257 elapsed=2413s
progress: nodes=50,430,000,000 tested=1,277 found=0 n=237240006745892675295771 elapsed=2414s
progress: nodes=50,440,000,000 tested=1,277 found=0 n=162849265866128470740111 elapsed=2414s
progress: nodes=50,450,000,000 tested=1,277 found=0 n=226963972730371351618143 elapsed=2415s
progress: nodes=50,460,000,000 tested=1,277 found=0 n=170639323637522641280379 elapsed=2415s
progress: nodes=50,470,000,000 tested=1,277 found=0 n=253748552279886277550937 elapsed=2416s
progress: nodes=50,480,000,000 tested=1,277 found=0 n=216858409504163743507191 elapsed=2416s
progress: nodes=50,490,000,000 tested=1,277 found=0 n=190852275228871820635071 elapsed=2417s
progress: nodes=50,500,000,000 tested=1,277 found=0 n=175311890858018568753099 elapsed=2417s
progress: nodes=50,510,000,000 tested=1,277 found=0 n=168708447028023371117649 elapsed=2418s
progress: nodes=50,520,000,000 tested=1,277 found=0 n=171177756628516705420353 elapsed=2418s
progress: nodes=50,530,000,000 tested=1,277 found=0 n=183917724527202959402109 elapsed=2419s
progress: nodes=50,540,000,000 tested=1,277 found=0 n=206834017770495411793497 elapsed=2419s
progress: nodes=50,550,000,000 tested=1,277 found=0 n=238824099804447025187319 elapsed=2420s
progress: nodes=50,560,000,000 tested=1,277 found=0 n=151306394655984329442681 elapsed=2420s
progress: nodes=50,570,000,000 tested=1,277 found=0 n=200725890599718380865969 elapsed=2421s
progress: nodes=50,580,000,000 tested=1,277 found=0 n=261404852710310854385841 elapsed=2421s
progress: nodes=50,590,000,000 tested=1,277 found=0 n=202625553557909171550861 elapsed=2422s
progress: nodes=50,600,000,000 tested=1,277 found=0 n=153829030384754049764439 elapsed=2422s
progress: nodes=50,610,000,000 tested=1,277 found=0 n=242232605240043477730671 elapsed=2423s
progress: nodes=50,620,000,000 tested=1,277 found=0 n=213119399061323671415499 elapsed=2423s
progress: nodes=50,630,000,000 tested=1,277 found=0 n=193449601608791103819243 elapsed=2424s
progress: nodes=50,640,000,000 tested=1,277 found=0 n=182659681662550940314467 elapsed=2424s
progress: nodes=50,650,000,000 tested=1,277 found=0 n=181544369332494690440919 elapsed=2425s
progress: nodes=50,660,000,000 tested=1,277 found=0 n=190555922202769633306797 elapsed=2425s
progress: nodes=50,670,000,000 tested=1,277 found=0 n=208932215165152591693581 elapsed=2426s
progress: nodes=50,680,000,000 tested=1,277 found=0 n=237371068151889645912939 elapsed=2426s
progress: nodes=50,690,000,000 tested=1,277 found=0 n=148964146063101253441557 elapsed=2427s
progress: nodes=50,700,000,000 tested=1,277 found=0 n=196559334618764891514741 elapsed=2427s
progress: nodes=50,710,000,000 tested=1,277 found=0 n=254746726004282571466407 elapsed=2428s
progress: nodes=50,720,000,000 tested=1,277 found=0 n=194764188540662126603217 elapsed=2428s
progress: nodes=50,730,000,000 tested=1,277 found=0 n=145278585858488634374823 elapsed=2429s
progress: nodes=50,740,000,000 tested=1,277 found=0 n=232316100295194466608057 elapsed=2429s
progress: nodes=50,750,000,000 tested=1,277 found=0 n=203405249661310345912263 elapsed=2430s
progress: nodes=50,760,000,000 tested=1,277 found=0 n=184374182108016216022707 elapsed=2430s
progress: nodes=50,770,000,000 tested=1,277 found=0 n=174800092306317047280711 elapsed=2431s
progress: nodes=50,780,000,000 tested=1,277 found=0 n=175066827169406624483031 elapsed=2431s
progress: nodes=50,790,000,000 tested=1,277 found=0 n=185293585074216081391929 elapsed=2432s
progress: nodes=50,800,000,000 tested=1,277 found=0 n=205811401443406599932091 elapsed=2432s
progress: nodes=50,810,000,000 tested=1,277 found=0 n=237169445587549757659377 elapsed=2433s
progress: nodes=50,820,000,000 tested=1,277 found=0 n=152478543604404885790923 elapsed=2433s
progress: nodes=50,830,000,000 tested=1,277 found=0 n=203115335068719249066891 elapsed=2434s
progress: nodes=50,840,000,000 tested=1,277 found=0 n=139500434491703164020141 elapsed=2434s
progress: nodes=50,850,000,000 tested=1,277 found=0 n=209295781343875952917191 elapsed=2435s
progress: nodes=50,860,000,000 tested=1,277 found=0 n=166010026177576811176947 elapsed=2435s
progress: nodes=50,870,000,000 tested=1,277 found=0 n=258307167995859960146169 elapsed=2436s
progress: nodes=50,880,000,000 tested=1,277 found=0 n=235603025994330043786737 elapsed=2436s
progress: nodes=50,890,000,000 tested=1,277 found=0 n=223847380980180238890609 elapsed=2437s
progress: nodes=50,900,000,000 tested=1,277 found=0 n=222883189040070188977347 elapsed=2437s
progress: nodes=50,910,000,000 tested=1,277 found=0 n=232402666945321647535761 elapsed=2438s
progress: nodes=50,920,000,000 tested=1,277 found=0 n=252244436180564562557823 elapsed=2438s
progress: nodes=50,930,000,000 tested=1,277 found=0 n=157588333735049208810819 elapsed=2439s
progress: nodes=50,940,000,000 tested=1,277 found=0 n=197355538796602305256137 elapsed=2439s
progress: nodes=50,950,000,000 tested=1,277 found=0 n=248283867586713178441221 elapsed=2440s
progress: nodes=50,960,000,000 tested=1,277 found=0 n=185233004615505868142121 elapsed=2440s
progress: nodes=50,970,000,000 tested=1,277 found=0 n=257688455606319564994167 elapsed=2441s
progress: nodes=50,980,000,000 tested=1,277 found=0 n=215603377785405016488081 elapsed=2441s
progress: nodes=50,990,000,000 tested=1,277 found=0 n=183669733385412712589151 elapsed=2442s
progress: nodes=51,000,000,000 tested=1,277 found=0 n=161814149945642162451483 elapsed=2442s
progress: nodes=51,010,000,000 tested=1,277 found=0 n=150418135094060451356739 elapsed=2443s
progress: nodes=51,020,000,000 tested=1,277 found=0 n=149858865830384944680447 elapsed=2443s
progress: nodes=51,030,000,000 tested=1,277 found=0 n=158975770092456789803331 elapsed=2444s
progress: nodes=51,040,000,000 tested=1,277 found=0 n=178886910821054249504691 elapsed=2444s
progress: nodes=51,050,000,000 tested=1,277 found=0 n=210328302268592057138589 elapsed=2445s
progress: nodes=51,060,000,000 tested=1,277 found=0 n=252773570678930341489449 elapsed=2445s
progress: nodes=51,070,000,000 tested=1,277 found=0 n=181474540863600977163171 elapsed=2446s
progress: nodes=51,080,000,000 tested=1,277 found=0 n=244873216563004172642499 elapsed=2446s
progress: nodes=51,090,000,000 tested=1,277 found=0 n=196014008152359974543967 elapsed=2447s
progress: nodes=51,100,000,000 tested=1,277 found=0 n=158255332990893918993213 elapsed=2447s
progress: nodes=51,110,000,000 tested=1,277 found=0 n=253750279854016041585489 elapsed=2448s
progress: nodes=51,120,000,000 tested=1,277 found=0 n=236458444889535544404729 elapsed=2448s
progress: nodes=51,130,000,000 tested=1,277 found=0 n=229800413498519062972773 elapsed=2449s
progress: nodes=51,140,000,000 tested=1,277 found=0 n=234215451326265342292359 elapsed=2449s
progress: nodes=51,150,000,000 tested=1,277 found=0 n=249782024227298825210949 elapsed=2450s
progress: nodes=51,160,000,000 tested=1,277 found=0 n=154154874128295990486537 elapsed=2450s
progress: nodes=51,170,000,000 tested=1,277 found=0 n=190771041540144688325703 elapsed=2451s
progress: nodes=51,180,000,000 tested=1,277 found=0 n=239485916747914051956741 elapsed=2451s
progress: nodes=51,190,000,000 tested=1,277 found=0 n=176975071237727642780901 elapsed=2452s
progress: nodes=51,200,000,000 tested=1,277 found=0 n=247417763239905586218891 elapsed=2452s
progress: nodes=51,210,000,000 tested=1,277 found=0 n=207400023696223837518039 elapsed=2453s
progress: nodes=51,220,000,000 tested=1,277 found=0 n=178943273365662662749893 elapsed=2453s
progress: nodes=51,230,000,000 tested=1,277 found=0 n=161402737428067562249823 elapsed=2454s
progress: nodes=51,240,000,000 tested=1,277 found=0 n=154727369246061327144429 elapsed=2454s
progress: nodes=51,250,000,000 tested=1,277 found=0 n=159078258751885825723371 elapsed=2455s
progress: nodes=51,260,000,000 tested=1,277 found=0 n=173901927499449663070557 elapsed=2455s
progress: nodes=51,270,000,000 tested=1,277 found=0 n=199609579484287125420267 elapsed=2456s
progress: nodes=51,280,000,000 tested=1,277 found=0 n=237471985230523634199609 elapsed=2456s
progress: nodes=51,290,000,000 tested=1,277 found=0 n=166737786688130991942609 elapsed=2457s
progress: nodes=51,300,000,000 tested=1,277 found=0 n=227570753984111540663661 elapsed=2457s
progress: nodes=51,310,000,000 tested=1,277 found=0 n=178692056227160799442119 elapsed=2458s
progress: nodes=51,320,000,000 tested=1,277 found=0 n=261375659366187146513733 elapsed=2458s
progress: nodes=51,330,000,000 tested=1,277 found=0 n=234146170256329537779573 elapsed=2459s
progress: nodes=51,340,000,000 tested=1,277 found=0 n=217756043431681275489969 elapsed=2459s
progress: nodes=51,350,000,000 tested=1,277 found=0 n=211918547105941943163897 elapsed=2460s
progress: nodes=51,360,000,000 tested=1,277 found=0 n=216358266175422157743957 elapsed=2460s
progress: nodes=51,370,000,000 tested=1,277 found=0 n=232515876164032333940067 elapsed=2461s
progress: nodes=51,380,000,000 tested=1,277 found=0 n=259939845467456447113821 elapsed=2461s
progress: nodes=51,390,000,000 tested=1,277 found=0 n=178801997545776898614321 elapsed=2462s
progress: nodes=51,400,000,000 tested=1,277 found=0 n=228825563020151183002917 elapsed=2462s
progress: nodes=51,410,000,000 tested=1,277 found=0 n=170099122243721581121211 elapsed=2463s
progress: nodes=51,420,000,000 tested=1,277 found=0 n=241464304691405822615589 elapsed=2463s
progress: nodes=51,430,000,000 tested=1,277 found=0 n=204826401177520992332463 elapsed=2464s
progress: nodes=51,440,000,000 tested=1,277 found=0 n=180332786647819026538317 elapsed=2464s
progress: nodes=51,450,000,000 tested=1,277 found=0 n=167729873319965046561471 elapsed=2465s
progress: nodes=51,460,000,000 tested=1,277 found=0 n=166241307939059078953227 elapsed=2465s
progress: nodes=51,470,000,000 tested=1,277 found=0 n=176740910131259627626473 elapsed=2466s
progress: nodes=51,480,000,000 tested=1,277 found=0 n=198773294632363747467171 elapsed=2466s
progress: nodes=51,490,000,000 tested=1,277 found=0 n=232466359786339081203801 elapsed=2467s
progress: nodes=51,500,000,000 tested=1,277 found=0 n=159719911593817483922013 elapsed=2467s
progress: nodes=51,510,000,000 tested=1,277 found=0 n=216378617468744754124101 elapsed=2468s
progress: nodes=51,520,000,000 tested=1,277 found=0 n=167567582933505816284223 elapsed=2468s
progress: nodes=51,530,000,000 tested=1,277 found=0 n=249308312154582329315667 elapsed=2469s
progress: nodes=51,540,000,000 tested=1,277 found=0 n=223811751497636571117849 elapsed=2469s
progress: nodes=51,550,000,000 tested=1,277 found=0 n=209639123029454312915721 elapsed=2470s
progress: nodes=51,560,000,000 tested=1,277 found=0 n=207168896088742230289647 elapsed=2470s
progress: nodes=51,570,000,000 tested=1,277 found=0 n=217814066796526829648019 elapsed=2471s
progress: nodes=51,580,000,000 tested=1,277 found=0 n=241028057033851307337117 elapsed=2471s
progress: nodes=51,590,000,000 tested=1,277 found=0 n=158422303856875635878301 elapsed=2472s
progress: nodes=51,600,000,000 tested=1,277 found=0 n=204944678526987991182591 elapsed=2472s
progress: nodes=51,610,000,000 tested=1,277 found=0 n=147561809682982666168197 elapsed=2473s
progress: nodes=51,620,000,000 tested=1,277 found=0 n=217420588300007865699927 elapsed=2473s
progress: nodes=51,630,000,000 tested=1,277 found=0 n=182355061706626009292091 elapsed=2474s
progress: nodes=51,640,000,000 tested=1,277 found=0 n=158791198622588855810487 elapsed=2474s
progress: nodes=51,650,000,000 tested=1,277 found=0 n=147096510799512164992101 elapsed=2475s
progress: nodes=51,660,000,000 tested=1,277 found=0 n=148036272361109969793957 elapsed=2475s
progress: nodes=51,670,000,000 tested=1,277 found=0 n=161151930298047258158589 elapsed=2476s
progress: nodes=51,680,000,000 tested=1,277 found=0 n=187002196250527908683433 elapsed=2477s
progress: nodes=51,690,000,000 tested=1,277 found=0 n=224742297502376571884967 elapsed=2477s
progress: nodes=51,700,000,000 tested=1,277 found=0 n=158274007636137471831753 elapsed=2478s
progress: nodes=51,710,000,000 tested=1,277 found=0 n=218858564756498066366967 elapsed=2478s
progress: nodes=51,720,000,000 tested=1,277 found=0 n=176249501146780872217407 elapsed=2479s
progress: nodes=51,730,000,000 tested=1,277 found=0 n=261943833729397005237051 elapsed=2479s
progress: nodes=51,740,000,000 tested=1,277 found=0 n=244453226703135376663737 elapsed=2480s
progress: nodes=51,750,000,000 tested=1,277 found=0 n=239666847618743337926133 elapsed=2480s
progress: nodes=51,760,000,000 tested=1,277 found=0 n=246940915869396496278531 elapsed=2481s
progress: nodes=51,770,000,000 tested=1,277 found=0 n=151633024336965982912101 elapsed=2481s
progress: nodes=51,780,000,000 tested=1,277 found=0 n=183761873803664219386323 elapsed=2482s
progress: nodes=51,790,000,000 tested=1,277 found=0 n=227679636787131306977199 elapsed=2482s
progress: nodes=51,800,000,000 tested=1,277 found=0 n=168325796119764296406393 elapsed=2483s
progress: nodes=51,810,000,000 tested=1,277 found=0 n=236618199275525329741479 elapsed=2483s
progress: nodes=51,820,000,000 tested=1,277 found=0 n=202695096794351395186953 elapsed=2484s
progress: nodes=51,830,000,000 tested=1,277 found=0 n=181168020976200636326949 elapsed=2484s
progress: nodes=51,840,000,000 tested=1,277 found=0 n=172286569057719007350459 elapsed=2485s
progress: nodes=51,850,000,000 tested=1,277 found=0 n=175883375579012374706433 elapsed=2485s
progress: nodes=51,860,000,000 tested=1,277 found=0 n=191394488003416205228721 elapsed=2486s
progress: nodes=51,870,000,000 tested=1,277 found=0 n=219580641258028278975747 elapsed=2486s
progress: nodes=51,880,000,000 tested=1,277 found=0 n=259435813228774553612241 elapsed=2487s
progress: nodes=51,890,000,000 tested=1,277 found=0 n=197129053439639688163797 elapsed=2487s
progress: nodes=51,900,000,000 tested=1,277 found=0 n=149376363136609590580599 elapsed=2488s
progress: nodes=51,910,000,000 tested=1,277 found=0 n=226782627753267431472627 elapsed=2488s
progress: nodes=51,920,000,000 tested=1,277 found=0 n=203965831100442220252443 elapsed=2489s
progress: nodes=51,930,000,000 tested=1,277 found=0 n=193462670703488354485317 elapsed=2489s
progress: nodes=51,940,000,000 tested=1,277 found=0 n=196347951766320472044927 elapsed=2490s
progress: nodes=51,950,000,000 tested=1,277 found=0 n=212211270278677997488161 elapsed=2490s
progress: nodes=51,960,000,000 tested=1,277 found=0 n=240508484995356551620647 elapsed=2491s
progress: nodes=51,970,000,000 tested=1,277 found=0 n=169530516034064946627867 elapsed=2491s
progress: nodes=51,980,000,000 tested=1,277 found=0 n=224543155009849179663159 elapsed=2492s
progress: nodes=51,990,000,000 tested=1,277 found=0 n=179895724380871146278631 elapsed=2492s
progress: nodes=52,000,000,000 tested=1,277 found=0 n=260424451669680515580363 elapsed=2493s
progress: nodes=52,010,000,000 tested=1,277 found=0 n=240343697304490794193179 elapsed=2493s
progress: nodes=52,020,000,000 tested=1,277 found=0 n=233080421407367082005457 elapsed=2494s
progress: nodes=52,030,000,000 tested=1,277 found=0 n=239011505419385089438047 elapsed=2494s
progress: nodes=52,040,000,000 tested=1,277 found=0 n=258524870737667008798323 elapsed=2495s
progress: nodes=52,050,000,000 tested=1,277 found=0 n=178958113986456472520853 elapsed=2495s
progress: nodes=52,060,000,000 tested=1,277 found=0 n=225251744557894419784419 elapsed=2496s
progress: nodes=52,070,000,000 tested=1,277 found=0 n=172785181211465256451017 elapsed=2496s
progress: nodes=52,080,000,000 tested=1,277 found=0 n=245331375231411703751517 elapsed=2497s
progress: nodes=52,090,000,000 tested=1,277 found=0 n=219407302544280975034911 elapsed=2497s
progress: nodes=52,100,000,000 tested=1,277 found=0 n=207478453470307468572123 elapsed=2498s
progress: nodes=52,110,000,000 tested=1,277 found=0 n=209366359821300423400659 elapsed=2498s
progress: nodes=52,120,000,000 tested=1,277 found=0 n=224694846966118735052847 elapsed=2499s
progress: nodes=52,130,000,000 tested=1,277 found=0 n=253412876069935592421411 elapsed=2499s
progress: nodes=52,140,000,000 tested=1,277 found=0 n=183970635185775391432479 elapsed=2500s
progress: nodes=52,150,000,000 tested=1,277 found=0 n=238356440293256252308341 elapsed=2500s
progress: nodes=52,160,000,000 tested=1,277 found=0 n=195052060631610247998933 elapsed=2501s
progress: nodes=52,170,000,000 tested=1,277 found=0 n=165456356898823694194491 elapsed=2501s
progress: nodes=52,180,000,000 tested=1,277 found=0 n=259681699496944507285503 elapsed=2502s
progress: nodes=52,190,000,000 tested=1,277 found=0 n=256875346896184447373943 elapsed=2502s
progress: nodes=52,200,000,000 tested=1,277 found=0 n=157404530913068490432381 elapsed=2503s
progress: nodes=52,210,000,000 tested=1,277 found=0 n=182037478301226392005161 elapsed=2503s
progress: nodes=52,220,000,000 tested=1,277 found=0 n=220807518659663612623947 elapsed=2504s
progress: nodes=52,230,000,000 tested=1,277 found=0 n=164679652557657390930777 elapsed=2504s
progress: nodes=52,240,000,000 tested=1,277 found=0 n=231053941502740701762417 elapsed=2505s
progress: nodes=52,250,000,000 tested=1,277 found=0 n=201474304678868472003753 elapsed=2505s
progress: nodes=52,260,000,000 tested=1,277 found=0 n=185649222381172582311279 elapsed=2506s
progress: nodes=52,270,000,000 tested=1,277 found=0 n=184611979305762868856997 elapsed=2506s
progress: nodes=52,280,000,000 tested=1,277 found=0 n=198509813246949082958079 elapsed=2507s
progress: nodes=52,290,000,000 tested=1,277 found=0 n=227919500752122983310507 elapsed=2507s
progress: nodes=52,300,000,000 tested=1,277 found=0 n=162141714889326470391093 elapsed=2508s
progress: nodes=52,310,000,000 tested=1,277 found=0 n=217975096223867559547971 elapsed=2508s
progress: nodes=52,320,000,000 tested=1,277 found=0 n=178610132106939468614679 elapsed=2509s
progress: nodes=52,330,000,000 tested=1,277 found=0 n=261491640709569569041743 elapsed=2509s
progress: nodes=52,340,000,000 tested=1,277 found=0 n=250371171775885461097797 elapsed=2510s
progress: nodes=52,350,000,000 tested=1,277 found=0 n=254483768163798942097329 elapsed=2510s
progress: nodes=52,360,000,000 tested=1,277 found=0 n=164805757627624644263733 elapsed=2511s
progress: nodes=52,370,000,000 tested=1,277 found=0 n=197654816989770999187329 elapsed=2511s
progress: nodes=52,380,000,000 tested=1,277 found=0 n=245522162915289160491591 elapsed=2512s
progress: nodes=52,390,000,000 tested=1,277 found=0 n=199743209437714487768223 elapsed=2512s
progress: nodes=52,400,000,000 tested=1,277 found=0 n=168410467308069747267507 elapsed=2513s
progress: nodes=52,410,000,000 tested=1,277 found=0 n=258632207268972872912577 elapsed=2513s
progress: nodes=52,420,000,000 tested=1,277 found=0 n=255651511090348990505889 elapsed=2514s
progress: nodes=52,430,000,000 tested=1,277 found=0 n=159541858912677561331011 elapsed=2514s
progress: nodes=52,440,000,000 tested=1,277 found=0 n=185311491660589967165493 elapsed=2515s
progress: nodes=52,450,000,000 tested=1,277 found=0 n=225584370486794963717073 elapsed=2515s
progress: nodes=52,460,000,000 tested=1,277 found=0 n=173786888896053946856343 elapsed=2516s
progress: nodes=52,470,000,000 tested=1,277 found=0 n=243601399847173511696553 elapsed=2516s
progress: nodes=52,480,000,000 tested=1,277 found=0 n=220732082008295734239363 elapsed=2517s
progress: nodes=52,490,000,000 tested=1,277 found=0 n=213912266270381815975839 elapsed=2517s
progress: nodes=52,500,000,000 tested=1,277 found=0 n=221727057992740351628577 elapsed=2518s
progress: nodes=52,510,000,000 tested=1,277 found=0 n=244217702273804038762983 elapsed=2518s
progress: nodes=52,520,000,000 tested=1,277 found=0 n=174670431733170024899247 elapsed=2519s
progress: nodes=52,530,000,000 tested=1,277 found=0 n=225568346622219862964703 elapsed=2519s
progress: nodes=52,540,000,000 tested=1,277 found=0 n=186024532377304770706557 elapsed=2520s
progress: nodes=52,550,000,000 tested=1,277 found=0 n=162824557927179731640057 elapsed=2520s
progress: nodes=52,560,000,000 tested=1,277 found=0 n=261060069279264170919003 elapsed=2521s
progress: nodes=52,570,000,000 tested=1,277 found=0 n=164482665283958678914257 elapsed=2521s
progress: nodes=52,580,000,000 tested=1,277 found=0 n=187664770408910812806789 elapsed=2522s
progress: nodes=52,590,000,000 tested=1,277 found=0 n=224967008897028523494369 elapsed=2522s
progress: nodes=52,600,000,000 tested=1,277 found=0 n=173068200512854277231601 elapsed=2523s
progress: nodes=52,610,000,000 tested=1,277 found=0 n=242119577676667775917833 elapsed=2523s
progress: nodes=52,620,000,000 tested=1,277 found=0 n=222335813745745991271981 elapsed=2524s
progress: nodes=52,630,000,000 tested=1,277 found=0 n=220105680286420392192729 elapsed=2524s
progress: nodes=52,640,000,000 tested=1,277 found=0 n=233766698335418848757157 elapsed=2525s
progress: nodes=52,650,000,000 tested=1,277 found=0 n=160080122500839790147899 elapsed=2525s
progress: nodes=52,660,000,000 tested=1,277 found=0 n=205352684055780574546233 elapsed=2526s
progress: nodes=52,670,000,000 tested=1,277 found=0 n=162944015725799975615949 elapsed=2526s
progress: nodes=52,680,000,000 tested=1,277 found=0 n=239724205967721675427227 elapsed=2527s
progress: nodes=52,690,000,000 tested=1,277 found=0 n=228774999100546669711941 elapsed=2527s
progress: nodes=52,700,000,000 tested=1,277 found=0 n=234198665718822019224009 elapsed=2528s
progress: nodes=52,710,000,000 tested=1,277 found=0 n=255636806980503468406887 elapsed=2528s
progress: nodes=52,720,000,000 tested=1,277 found=0 n=189450488692591870000257 elapsed=2529s
progress: nodes=52,730,000,000 tested=1,277 found=0 n=242280635088663334810647 elapsed=2529s
progress: nodes=52,740,000,000 tested=1,277 found=0 n=206979956378782811675451 elapsed=2530s
progress: nodes=52,750,000,000 tested=1,277 found=0 n=188250132614175418936149 elapsed=2530s
progress: nodes=52,760,000,000 tested=1,277 found=0 n=185619551457510566346951 elapsed=2531s
progress: nodes=52,770,000,000 tested=1,277 found=0 n=198825985079767786778037 elapsed=2531s
progress: nodes=52,780,000,000 tested=1,277 found=0 n=227365711110035010485973 elapsed=2532s
progress: nodes=52,790,000,000 tested=1,277 found=0 n=169217986294562325903783 elapsed=2532s
progress: nodes=52,800,000,000 tested=1,277 found=0 n=229677580912663741714857 elapsed=2533s
progress: nodes=52,810,000,000 tested=1,277 found=0 n=203264503604567193347559 elapsed=2533s
progress: nodes=52,820,000,000 tested=1,277 found=0 n=192951239283945475352019 elapsed=2534s
progress: nodes=52,830,000,000 tested=1,277 found=0 n=199098057068971100961921 elapsed=2534s
progress: nodes=52,840,000,000 tested=1,277 found=0 n=221315366986373271362751 elapsed=2535s
progress: nodes=52,850,000,000 tested=1,277 found=0 n=259731833368024145369241 elapsed=2535s
progress: nodes=52,860,000,000 tested=1,277 found=0 n=211864107487455412792803 elapsed=2536s
progress: nodes=52,870,000,000 tested=1,277 found=0 n=181764626567107790164959 elapsed=2536s
progress: nodes=52,880,000,000 tested=1,277 found=0 n=169731569509305681360483 elapsed=2537s
progress: nodes=52,890,000,000 tested=1,277 found=0 n=174650632924459242814263 elapsed=2537s
progress: nodes=52,900,000,000 tested=1,277 found=0 n=194944010401745888183901 elapsed=2538s
progress: nodes=52,910,000,000 tested=1,277 found=0 n=231835202386944874458741 elapsed=2538s
progress: nodes=52,920,000,000 tested=1,277 found=0 n=183966360535769990847669 elapsed=2539s
progress: nodes=52,930,000,000 tested=1,277 found=0 n=254555345058043638059451 elapsed=2539s
progress: nodes=52,940,000,000 tested=1,277 found=0 n=242559836519425633981773 elapsed=2540s
progress: nodes=52,950,000,000 tested=1,277 found=0 n=247229518262899046227353 elapsed=2541s
progress: nodes=52,960,000,000 tested=1,277 found=0 n=169255299563756077829157 elapsed=2541s
progress: nodes=52,970,000,000 tested=1,277 found=0 n=207875893250427323552631 elapsed=2542s
progress: nodes=52,980,000,000 tested=1,277 found=0 n=263927423577817262306043 elapsed=2542s
progress: nodes=52,990,000,000 tested=1,277 found=0 n=236352337688244992883669 elapsed=2543s
progress: nodes=53,000,000,000 tested=1,277 found=0 n=225358185593379708290421 elapsed=2543s
progress: nodes=53,010,000,000 tested=1,277 found=0 n=231885553192271840510649 elapsed=2544s
progress: nodes=53,020,000,000 tested=1,277 found=0 n=256429492009136581682547 elapsed=2544s
progress: nodes=53,030,000,000 tested=1,277 found=0 n=198813115999615672934379 elapsed=2545s
progress: nodes=53,040,000,000 tested=1,277 found=0 n=258143831058164718205539 elapsed=2545s
progress: nodes=53,050,000,000 tested=1,277 found=0 n=236701555802930322601497 elapsed=2546s
progress: nodes=53,060,000,000 tested=1,277 found=0 n=233549891583831860718681 elapsed=2546s
progress: nodes=53,070,000,000 tested=1,277 found=0 n=248346302857127096564943 elapsed=2547s
progress: nodes=53,080,000,000 tested=1,277 found=0 n=182305589655261861587799 elapsed=2547s
progress: nodes=53,090,000,000 tested=1,277 found=0 n=231705274674571646705757 elapsed=2548s
progress: nodes=53,100,000,000 tested=1,277 found=0 n=200222811729115565521131 elapsed=2548s
progress: nodes=53,110,000,000 tested=1,277 found=0 n=187299802166766597595287 elapsed=2549s
progress: nodes=53,120,000,000 tested=1,277 found=0 n=193589510966754304865463 elapsed=2549s
progress: nodes=53,130,000,000 tested=1,277 found=0 n=219078056738439931311279 elapsed=2550s
progress: nodes=53,140,000,000 tested=1,277 found=0 n=263390385518374007544651 elapsed=2550s
progress: nodes=53,150,000,000 tested=1,277 found=0 n=226344744905311262663433 elapsed=2551s
progress: nodes=53,160,000,000 tested=1,277 found=0 n=207962804803365090459981 elapsed=2551s
progress: nodes=53,170,000,000 tested=1,277 found=0 n=206818394678999834101371 elapsed=2552s
progress: nodes=53,180,000,000 tested=1,277 found=0 n=224383428167186626647309 elapsed=2552s
progress: nodes=53,190,000,000 tested=1,277 found=0 n=261489012037541898671061 elapsed=2553s
progress: nodes=53,200,000,000 tested=1,277 found=0 n=220483863771805961920593 elapsed=2554s
progress: nodes=53,210,000,000 tested=1,277 found=0 n=197963050098214401483483 elapsed=2554s
progress: nodes=53,220,000,000 tested=1,277 found=0 n=193997661206772023021421 elapsed=2555s
progress: nodes=53,230,000,000 tested=1,277 found=0 n=207929649918322245090177 elapsed=2555s
progress: nodes=53,240,000,000 tested=1,277 found=0 n=241291565022398791821921 elapsed=2556s
progress: nodes=53,250,000,000 tested=1,277 found=0 n=198814051310565498616809 elapsed=2556s
progress: nodes=53,260,000,000 tested=1,277 found=0 n=175085568660301772359887 elapsed=2557s
progress: nodes=53,270,000,000 tested=1,277 found=0 n=170410403196196898715981 elapsed=2557s
progress: nodes=53,280,000,000 tested=1,277 found=0 n=185049589252038330592773 elapsed=2558s
progress: nodes=53,290,000,000 tested=1,277 found=0 n=218144028306802512221307 elapsed=2558s
progress: nodes=53,300,000,000 tested=1,277 found=0 n=174856789984845382000587 elapsed=2559s
progress: nodes=53,310,000,000 tested=1,277 found=0 n=245137872527231544948087 elapsed=2559s
progress: nodes=53,320,000,000 tested=1,277 found=0 n=239274983056441283822871 elapsed=2560s
progress: nodes=53,330,000,000 tested=1,277 found=0 n=254085279554774534475609 elapsed=2560s
progress: nodes=53,340,000,000 tested=1,277 found=0 n=193344602033445729029163 elapsed=2561s
progress: nodes=53,350,000,000 tested=1,277 found=0 n=247175481994695101170323 elapsed=2561s
progress: nodes=53,360,000,000 tested=1,277 found=0 n=226947567346063113196647 elapsed=2562s
progress: nodes=53,370,000,000 tested=1,277 found=0 n=225794625305187516745167 elapsed=2563s
progress: nodes=53,380,000,000 tested=1,277 found=0 n=244029592213936224092397 elapsed=2563s
progress: nodes=53,390,000,000 tested=1,277 found=0 n=188509547188391444494479 elapsed=2564s
progress: nodes=53,400,000,000 tested=1,277 found=0 n=247008645314550079287327 elapsed=2564s
progress: nodes=53,410,000,000 tested=1,277 found=0 n=230879545239680688408057 elapsed=2565s
progress: nodes=53,420,000,000 tested=1,277 found=0 n=235335357186087645968481 elapsed=2565s
progress: nodes=53,430,000,000 tested=1,277 found=0 n=259972680979947393300843 elapsed=2566s
progress: nodes=53,440,000,000 tested=1,277 found=0 n=210400034412137546779803 elapsed=2566s
progress: nodes=53,450,000,000 tested=1,277 found=0 n=181780604935672597135281 elapsed=2567s
progress: nodes=53,460,000,000 tested=1,277 found=0 n=266103770933961496406871 elapsed=2567s
progress: nodes=53,470,000,000 tested=1,277 found=0 n=184708290712694088100761 elapsed=2568s
progress: nodes=53,480,000,000 tested=1,277 found=0 n=216000258775231146267051 elapsed=2568s
progress: nodes=53,490,000,000 tested=1,277 found=0 n=177357077579414979303057 elapsed=2569s
progress: nodes=53,500,000,000 tested=1,277 found=0 n=251898995221030881586863 elapsed=2569s
progress: nodes=53,510,000,000 tested=1,277 found=0 n=254963934433226156341203 elapsed=2570s
progress: nodes=53,520,000,000 tested=1,277 found=0 n=186840099548852992022781 elapsed=2570s
progress: nodes=53,530,000,000 tested=1,277 found=0 n=231099339141206999574111 elapsed=2571s
progress: nodes=53,540,000,000 tested=1,277 found=0 n=205069728642982959867111 elapsed=2571s
progress: nodes=53,550,000,000 tested=1,277 found=0 n=199922945919710606035443 elapsed=2572s
progress: nodes=53,560,000,000 tested=1,277 found=0 n=215006114168260882139673 elapsed=2572s
progress: nodes=53,570,000,000 tested=1,277 found=0 n=252039743435360726778933 elapsed=2573s
progress: nodes=53,580,000,000 tested=1,277 found=0 n=217985579768339876916423 elapsed=2573s
progress: nodes=53,590,000,000 tested=1,277 found=0 n=204697215615241817364897 elapsed=2574s
progress: nodes=53,600,000,000 tested=1,277 found=0 n=212649859347149163941001 elapsed=2574s
progress: nodes=53,610,000,000 tested=1,277 found=0 n=243905741886437001279909 elapsed=2575s
progress: nodes=53,620,000,000 tested=1,277 found=0 n=205300160876807124096969 elapsed=2575s
progress: nodes=53,630,000,000 tested=1,277 found=0 n=188953794234393391380177 elapsed=2576s
progress: nodes=53,640,000,000 tested=1,277 found=0 n=194125473356676888709683 elapsed=2576s
progress: nodes=53,650,000,000 tested=1,277 found=0 n=219672877623150836914029 elapsed=2577s
progress: nodes=53,660,000,000 tested=1,277 found=0 n=177577631399753727815673 elapsed=2577s
progress: nodes=53,670,000,000 tested=1,277 found=0 n=247612777936988620445289 elapsed=2578s
progress: nodes=53,680,000,000 tested=1,277 found=0 n=250840349708601960283977 elapsed=2578s
progress: nodes=53,690,000,000 tested=1,277 found=0 n=186920791399466084231271 elapsed=2579s
progress: nodes=53,700,000,000 tested=1,277 found=0 n=233449892888538331686681 elapsed=2579s
progress: nodes=53,710,000,000 tested=1,277 found=0 n=211643708610896713588437 elapsed=2580s
progress: nodes=53,720,000,000 tested=1,277 found=0 n=212599994383822595997447 elapsed=2581s
progress: nodes=53,730,000,000 tested=1,277 found=0 n=237407996356657395189921 elapsed=2581s
progress: nodes=53,740,000,000 tested=1,277 found=0 n=197816969013528706682841 elapsed=2582s
progress: nodes=53,750,000,000 tested=1,277 found=0 n=180820682440412946912981 elapsed=2582s
progress: nodes=53,760,000,000 tested=1,277 found=0 n=185929599640930076662731 elapsed=2583s
progress: nodes=53,770,000,000 tested=1,277 found=0 n=213597148154263495050429 elapsed=2583s
progress: nodes=53,780,000,000 tested=1,277 found=0 n=263592283487663342573361 elapsed=2584s
progress: nodes=53,790,000,000 tested=1,277 found=0 n=248888124162254806858629 elapsed=2584s
progress: nodes=53,800,000,000 tested=1,277 found=0 n=257852432058214253068809 elapsed=2585s
progress: nodes=53,810,000,000 tested=1,277 found=0 n=202279963054660079201613 elapsed=2585s
progress: nodes=53,820,000,000 tested=1,277 found=0 n=258206305399852656908061 elapsed=2586s
progress: nodes=53,830,000,000 tested=1,277 found=0 n=250486354542766898925369 elapsed=2586s
progress: nodes=53,840,000,000 tested=1,277 found=0 n=265745726434867627491543 elapsed=2587s
progress: nodes=53,850,000,000 tested=1,277 found=0 n=219594447299451513800511 elapsed=2587s
progress: nodes=53,860,000,000 tested=1,277 found=0 n=198332691094392159556251 elapsed=2588s
progress: nodes=53,870,000,000 tested=1,277 found=0 n=200207902368789997404723 elapsed=2588s
progress: nodes=53,880,000,000 tested=1,277 found=0 n=227211742061420786799129 elapsed=2589s
progress: nodes=53,890,000,000 tested=1,277 found=0 n=193184135251660417335471 elapsed=2589s
progress: nodes=53,900,000,000 tested=1,277 found=0 n=184041332051349136296933 elapsed=2590s
progress: nodes=53,910,000,000 tested=1,277 found=0 n=199672241537357521903971 elapsed=2590s
progress: nodes=53,920,000,000 tested=1,277 found=0 n=240813141053031461721807 elapsed=2591s
progress: nodes=53,930,000,000 tested=1,277 found=0 n=221443082485177079437911 elapsed=2591s
progress: nodes=53,940,000,000 tested=1,277 found=0 n=227918303190770268563487 elapsed=2592s
progress: nodes=53,950,000,000 tested=1,277 found=0 n=258944679905267965549941 elapsed=2592s
progress: nodes=53,960,000,000 tested=1,277 found=0 n=230481669638395942595829 elapsed=2593s
progress: nodes=53,970,000,000 tested=1,277 found=0 n=228013910461464286532373 elapsed=2593s
progress: nodes=53,980,000,000 tested=1,277 found=0 n=250601070870515881486971 elapsed=2594s
progress: nodes=53,990,000,000 tested=1,277 found=0 n=215684337520037683003707 elapsed=2594s
progress: nodes=54,000,000,000 tested=1,277 found=0 n=208249681272523091992791 elapsed=2595s
progress: nodes=54,010,000,000 tested=1,277 found=0 n=227905950254656492435617 elapsed=2595s
progress: nodes=54,020,000,000 tested=1,277 found=0 n=189088577307989291974041 elapsed=2596s
progress: nodes=54,030,000,000 tested=1,277 found=0 n=261941235143411836685673 elapsed=2596s
progress: nodes=54,040,000,000 tested=1,277 found=0 n=193926015490215931439517 elapsed=2597s
progress: nodes=54,050,000,000 tested=1,277 found=0 n=236334419112270367641753 elapsed=2598s
progress: nodes=54,060,000,000 tested=1,277 found=0 n=221655358999960221837501 elapsed=2598s
progress: nodes=54,070,000,000 tested=1,277 found=0 n=233663126877815575391451 elapsed=2599s
progress: nodes=54,080,000,000 tested=1,277 found=0 n=189279367228927253921643 elapsed=2599s
progress: nodes=54,090,000,000 tested=1,277 found=0 n=253528128738301495289211 elapsed=2600s
progress: nodes=54,100,000,000 tested=1,277 found=0 n=263056116177128409222087 elapsed=2600s
progress: nodes=54,110,000,000 tested=1,277 found=0 n=217591214506951394508399 elapsed=2601s
progress: nodes=54,120,000,000 tested=1,277 found=0 n=202267640269499119496181 elapsed=2601s
progress: nodes=54,130,000,000 tested=1,277 found=0 n=215368447868796335864751 elapsed=2602s
progress: nodes=54,140,000,000 tested=1,277 found=0 n=256715511067093376895597 elapsed=2602s
progress: nodes=54,150,000,000 tested=1,277 found=0 n=245173874068818828656523 elapsed=2603s
progress: nodes=54,160,000,000 tested=1,277 found=0 n=262955400022052002041777 elapsed=2603s
progress: nodes=54,170,000,000 tested=1,277 found=0 n=226259324335509587129007 elapsed=2604s
progress: nodes=54,180,000,000 tested=1,277 found=0 n=219027630883253272113033 elapsed=2604s
progress: nodes=54,190,000,000 tested=1,277 found=0 n=241516225369354608854181 elapsed=2605s
progress: nodes=54,200,000,000 tested=1,277 found=0 n=211642309919461720962663 elapsed=2605s
progress: nodes=54,210,000,000 tested=1,277 found=0 n=209752612873994450939679 elapsed=2606s
progress: nodes=54,220,000,000 tested=1,277 found=0 n=236860659973140700475979 elapsed=2606s
progress: nodes=54,230,000,000 tested=1,277 found=0 n=214081314806263071045879 elapsed=2607s
progress: nodes=54,240,000,000 tested=1,277 found=0 n=221487358343809772421207 elapsed=2607s
progress: nodes=54,250,000,000 tested=1,277 found=0 n=259086171008722375901583 elapsed=2608s
progress: nodes=54,260,000,000 tested=1,277 found=0 n=246418469140740529111479 elapsed=2608s
progress: nodes=54,270,000,000 tested=1,277 found=0 n=262122587470972291015953 elapsed=2609s
progress: nodes=54,280,000,000 tested=1,277 found=0 n=227036936314120468094559 elapsed=2609s
progress: nodes=54,290,000,000 tested=1,277 found=0 n=221051200598522022299571 elapsed=2610s
progress: nodes=54,300,000,000 tested=1,277 found=0 n=245792642202426069523773 elapsed=2610s
progress: nodes=54,310,000,000 tested=1,277 found=0 n=222365667587523351694803 elapsed=2611s
progress: nodes=54,320,000,000 tested=1,277 found=0 n=231519161065494044762019 elapsed=2611s
progress: nodes=54,330,000,000 tested=1,277 found=0 n=192490343694012623370111 elapsed=2612s
progress: nodes=54,340,000,000 tested=1,277 found=0 n=262641840036936287204277 elapsed=2612s
progress: nodes=54,350,000,000 tested=1,277 found=0 n=208304817148126378226547 elapsed=2613s
progress: nodes=54,360,000,000 tested=1,277 found=0 n=261552693066132927155697 elapsed=2613s
progress: nodes=54,370,000,000 tested=1,277 found=0 n=268205917107803641713747 elapsed=2614s
progress: nodes=54,380,000,000 tested=1,277 found=0 n=227769921557618174421687 elapsed=2614s
progress: nodes=54,390,000,000 tested=1,277 found=0 n=220776840320592533724747 elapsed=2615s
progress: nodes=54,400,000,000 tested=1,277 found=0 n=248070490335904274951913 elapsed=2615s
progress: nodes=54,410,000,000 tested=1,277 found=0 n=231019691848819688203389 elapsed=2616s
progress: nodes=54,420,000,000 tested=1,277 found=0 n=248890553347686478727499 elapsed=2616s
progress: nodes=54,430,000,000 tested=1,277 found=0 n=223098063572013285997341 elapsed=2617s
progress: nodes=54,440,000,000 tested=1,277 found=0 n=228889031091670030448367 elapsed=2617s
progress: nodes=54,450,000,000 tested=1,277 found=0 n=267186017041595258363757 elapsed=2618s
progress: nodes=54,460,000,000 tested=1,277 found=0 n=264247682129064180313767 elapsed=2618s
progress: nodes=54,470,000,000 tested=1,277 found=0 n=221312860674085858967289 elapsed=2619s
progress: nodes=54,480,000,000 tested=1,277 found=0 n=213278654923410085586577 elapsed=2619s
progress: nodes=54,490,000,000 tested=1,277 found=0 n=239146166120955572720241 elapsed=2620s
progress: nodes=54,500,000,000 tested=1,277 found=0 n=223656336619475654153259 elapsed=2620s
progress: nodes=54,510,000,000 tested=1,277 found=0 n=242310099562545713679981 elapsed=2621s
progress: nodes=54,520,000,000 tested=1,277 found=0 n=221978106260826848601669 elapsed=2621s
progress: nodes=54,530,000,000 tested=1,277 found=0 n=237197798062908375461769 elapsed=2622s
progress: nodes=54,540,000,000 tested=1,277 found=0 n=213408936952555142267469 elapsed=2622s
progress: nodes=54,550,000,000 tested=1,277 found=0 n=224723503791825762040317 elapsed=2623s
progress: nodes=54,560,000,000 tested=1,277 found=0 n=198957441693801120963633 elapsed=2623s
progress: nodes=54,570,000,000 tested=1,277 found=0 n=210398079082411358245107 elapsed=2624s
progress: nodes=54,580,000,000 tested=1,277 found=0 n=257620307553117560560509 elapsed=2624s
progress: nodes=54,590,000,000 tested=1,277 found=0 n=269025447985005422223513 elapsed=2625s
progress: nodes=54,600,000,000 tested=1,277 found=0 n=244013464418163989560011 elapsed=2625s
progress: nodes=54,610,000,000 tested=1,277 found=0 n=254875500640133081597889 elapsed=2626s
progress: nodes=54,620,000,000 tested=1,277 found=0 n=231864791813048844440991 elapsed=2626s
progress: nodes=54,630,000,000 tested=1,277 found=0 n=247684102731767210558049 elapsed=2627s
progress: nodes=54,640,000,000 tested=1,277 found=0 n=228997497117398156308161 elapsed=2627s
progress: nodes=54,650,000,000 tested=1,277 found=0 n=248349467270255911623063 elapsed=2628s
progress: nodes=54,660,000,000 tested=1,277 found=0 n=233944409932065053750529 elapsed=2628s
progress: nodes=54,670,000,000 tested=1,277 found=0 n=258174590744378819501991 elapsed=2629s
progress: nodes=54,680,000,000 tested=1,277 found=0 n=250294544946322262639253 elapsed=2629s
progress: nodes=54,690,000,000 tested=1,277 found=0 n=209598805711034747868861 elapsed=2630s
progress: nodes=54,700,000,000 tested=1,277 found=0 n=207380866334905174750839 elapsed=2630s
progress: nodes=54,710,000,000 tested=1,277 found=0 n=244837729337244824159379 elapsed=2631s
progress: nodes=54,720,000,000 tested=1,277 found=0 n=252632925321225911244783 elapsed=2631s
progress: nodes=54,730,000,000 tested=1,277 found=0 n=231669809274715721973063 elapsed=2632s
progress: nodes=54,740,000,000 tested=1,277 found=0 n=251799660318494105674857 elapsed=2632s
progress: nodes=54,750,000,000 tested=1,277 found=0 n=244673874065804444374113 elapsed=2633s
progress: nodes=54,760,000,000 tested=1,277 found=0 n=211780034997806128244391 elapsed=2633s
progress: nodes=54,770,000,000 tested=1,277 found=0 n=222454914298052974296759 elapsed=2634s
progress: nodes=54,780,000,000 tested=1,277 found=0 n=207772214372239605095007 elapsed=2634s
progress: nodes=54,790,000,000 tested=1,277 found=0 n=237027642347815010440749 elapsed=2635s
progress: nodes=54,800,000,000 tested=1,277 found=0 n=240724875955591777588839 elapsed=2635s
progress: nodes=54,810,000,000 tested=1,277 found=0 n=220203308785060705707603 elapsed=2636s
progress: nodes=54,820,000,000 tested=1,277 found=0 n=243558541231415202205413 elapsed=2636s
progress: nodes=54,830,000,000 tested=1,277 found=0 n=243377384328887723133219 elapsed=2637s
progress: nodes=54,840,000,000 tested=1,277 found=0 n=221568504902925739239681 elapsed=2637s
progress: nodes=54,850,000,000 tested=1,277 found=0 n=245949862660653819859191 elapsed=2638s
progress: nodes=54,860,000,000 tested=1,277 found=0 n=249060050945409317615001 elapsed=2638s
progress: nodes=54,870,000,000 tested=1,277 found=0 n=229574302163009077567293 elapsed=2639s
progress: nodes=54,880,000,000 tested=1,277 found=0 n=255567482856936392811669 elapsed=2639s
progress: nodes=54,890,000,000 tested=1,277 found=0 n=262867726791781753715073 elapsed=2640s
progress: nodes=54,900,000,000 tested=1,277 found=0 n=250775184892136307211809 elapsed=2640s
progress: nodes=54,910,000,000 tested=1,277 found=0 n=221552151190265709766953 elapsed=2641s
progress: nodes=54,920,000,000 tested=1,277 found=0 n=239937075464943354849351 elapsed=2642s
progress: nodes=54,930,000,000 tested=1,277 found=0 n=243480254453369769348513 elapsed=2642s
progress: nodes=54,940,000,000 tested=1,277 found=0 n=228587097934222387342983 elapsed=2643s
progress: nodes=54,950,000,000 tested=1,277 found=0 n=262176548710178977145271 elapsed=2643s
progress: nodes=54,960,000,000 tested=1,277 found=0 n=219651359115812198365791 elapsed=2644s
progress: nodes=54,970,000,000 tested=1,277 found=0 n=226410630164173114240581 elapsed=2644s
progress: nodes=54,980,000,000 tested=1,277 found=0 n=217532221131522438984843 elapsed=2645s
progress: nodes=54,990,000,000 tested=1,277 found=0 n=256949053524163849795947 elapsed=2645s
progress: nodes=55,000,000,000 tested=1,277 found=0 n=221688208860177073797783 elapsed=2646s
progress: nodes=55,010,000,000 tested=1,277 found=0 n=234949667408261907808707 elapsed=2646s
progress: nodes=55,020,000,000 tested=1,277 found=0 n=236634298492621776383637 elapsed=2647s
progress: nodes=55,030,000,000 tested=1,277 found=0 n=227277155435206059222039 elapsed=2647s
progress: nodes=55,040,000,000 tested=1,277 found=0 n=269105804273683641675411 elapsed=2648s
progress: nodes=55,050,000,000 tested=1,277 found=0 n=239954987833427997263133 elapsed=2648s
progress: nodes=55,060,000,000 tested=1,277 found=0 n=262172028544614735608061 elapsed=2649s
progress: nodes=55,070,000,000 tested=1,277 found=0 n=216615528078036776569881 elapsed=2649s
progress: nodes=55,080,000,000 tested=1,277 found=0 n=226611488154250602926523 elapsed=2650s
progress: nodes=55,090,000,000 tested=1,277 found=0 n=233100791241496822262619 elapsed=2650s
progress: nodes=55,100,000,000 tested=1,277 found=0 n=236661403763862366578289 elapsed=2651s
progress: nodes=55,110,000,000 tested=1,277 found=0 n=239925304664991314085717 elapsed=2651s
progress: nodes=55,120,000,000 tested=1,277 found=0 n=238301494327319498866791 elapsed=2652s
progress: nodes=55,130,000,000 tested=1,277 found=0 n=233811671828937748859313 elapsed=2652s
progress: nodes=55,140,000,000 tested=1,277 found=0 n=226691322041545091581851 elapsed=2653s
progress: nodes=55,150,000,000 tested=1,277 found=0 n=219341216132285419333161 elapsed=2653s
progress: nodes=55,160,000,000 tested=1,277 found=0 n=270926078029777672278777 elapsed=2654s
progress: nodes=55,170,000,000 tested=1,277 found=0 n=264799989237078553775517 elapsed=2654s
progress: nodes=55,180,000,000 tested=1,277 found=0 n=259265520911688701909499 elapsed=2655s
progress: nodes=55,190,000,000 tested=1,277 found=0 n=256304912250748490218089 elapsed=2655s
progress: nodes=55,200,000,000 tested=1,277 found=0 n=260017281299466289397799 elapsed=2656s
progress: nodes=55,210,000,000 tested=1,277 found=0 n=271692308875106569096647 elapsed=2656s
progress: nodes=55,220,000,000 tested=1,277 found=0 n=231625267357057379092287 elapsed=2657s
progress: nodes=55,230,000,000 tested=1,277 found=0 n=258631169389227747209097 elapsed=2657s
progress: nodes=55,240,000,000 tested=1,277 found=0 n=238901590583373228824313 elapsed=2658s
progress: nodes=55,250,000,000 tested=1,277 found=0 n=231321127282954289119539 elapsed=2658s
progress: nodes=55,260,000,000 tested=1,277 found=0 n=236159455617359252597619 elapsed=2659s
progress: nodes=55,270,000,000 tested=1,277 found=0 n=252662965983287281142721 elapsed=2659s
progress: nodes=55,280,000,000 tested=1,277 found=0 n=227037973872351805636473 elapsed=2660s
progress: nodes=55,290,000,000 tested=1,277 found=0 n=272121184586836841679423 elapsed=2660s
progress: nodes=55,300,000,000 tested=1,277 found=0 n=223962771915512768329191 elapsed=2661s
progress: nodes=55,310,000,000 tested=1,277 found=0 n=247266173874633964269219 elapsed=2662s
progress: nodes=55,320,000,000 tested=1,277 found=0 n=237818964433173887813049 elapsed=2662s
progress: nodes=55,330,000,000 tested=1,277 found=0 n=250347974553478552323573 elapsed=2663s
progress: nodes=55,340,000,000 tested=1,277 found=0 n=229135833908715777950907 elapsed=2663s
progress: nodes=55,350,000,000 tested=1,277 found=0 n=230238181840168267879113 elapsed=2664s
progress: nodes=55,360,000,000 tested=1,277 found=0 n=253905151036725520004673 elapsed=2664s
progress: nodes=55,370,000,000 tested=1,277 found=0 n=248217518488839340177737 elapsed=2665s
progress: nodes=55,380,000,000 tested=1,277 found=0 n=273238007823564515100369 elapsed=2665s
progress: nodes=55,390,000,000 tested=1,277 found=0 n=227713695267220555369977 elapsed=2666s
progress: nodes=55,400,000,000 tested=1,277 found=0 n=260181426118174157626029 elapsed=2666s
progress: nodes=55,410,000,000 tested=1,277 found=0 n=271168627478689914222249 elapsed=2667s
progress: nodes=55,420,000,000 tested=1,277 found=0 n=262094501176240063888557 elapsed=2667s
progress: nodes=55,430,000,000 tested=1,277 found=0 n=236371771858952517768981 elapsed=2668s
progress: nodes=55,440,000,000 tested=1,277 found=0 n=247527921298752842456709 elapsed=2668s
progress: nodes=55,450,000,000 tested=1,277 found=0 n=249549820768833575339349 elapsed=2669s
progress: nodes=55,460,000,000 tested=1,277 found=0 n=240907707669857355896769 elapsed=2669s
progress: nodes=55,470,000,000 tested=1,277 found=0 n=275118937527188363517909 elapsed=2670s
progress: nodes=55,480,000,000 tested=1,277 found=0 n=255445268996914641533889 elapsed=2670s
progress: nodes=55,490,000,000 tested=1,277 found=0 n=232111520642789498133423 elapsed=2671s
progress: nodes=55,500,000,000 tested=1,277 found=0 n=256758269126052772529451 elapsed=2671s
progress: nodes=55,510,000,000 tested=1,277 found=0 n=235866479070448959673941 elapsed=2672s
progress: nodes=55,520,000,000 tested=1,277 found=0 n=265876940308805318015523 elapsed=2672s
progress: nodes=55,530,000,000 tested=1,277 found=0 n=257271845320207290311739 elapsed=2673s
progress: nodes=55,540,000,000 tested=1,277 found=0 n=256212280427374378007901 elapsed=2673s
progress: nodes=55,550,000,000 tested=1,277 found=0 n=266923292389920284979861 elapsed=2674s
progress: nodes=55,560,000,000 tested=1,277 found=0 n=244187258901941281393467 elapsed=2674s
progress: nodes=55,570,000,000 tested=1,277 found=0 n=238580231164582334866839 elapsed=2675s
progress: nodes=55,580,000,000 tested=1,277 found=0 n=255898192945928979054609 elapsed=2675s
progress: nodes=55,590,000,000 tested=1,277 found=0 n=253802688629609826718011 elapsed=2676s
progress: nodes=55,600,000,000 tested=1,277 found=0 n=279312662977783230977181 elapsed=2676s
progress: nodes=55,610,000,000 tested=1,277 found=0 n=248984428238207053629237 elapsed=2677s
progress: nodes=55,620,000,000 tested=1,277 found=0 n=250579647015326519938047 elapsed=2677s
progress: nodes=55,630,000,000 tested=1,277 found=0 n=247291390603590642366057 elapsed=2678s
progress: nodes=55,640,000,000 tested=1,277 found=0 n=243078521000278370930523 elapsed=2678s
progress: nodes=55,650,000,000 tested=1,277 found=0 n=244165274212028987831013 elapsed=2679s
progress: nodes=55,660,000,000 tested=1,277 found=0 n=254721171505725551199573 elapsed=2680s
progress: nodes=55,670,000,000 tested=1,277 found=0 n=274725335008412033572827 elapsed=2680s
progress: nodes=55,680,000,000 tested=1,277 found=0 n=269539746123472709025141 elapsed=2681s
progress: nodes=55,690,000,000 tested=1,277 found=0 n=246231633393691373699271 elapsed=2681s
progress: nodes=55,700,000,000 tested=1,277 found=0 n=250311059579336002029783 elapsed=2682s
progress: nodes=55,710,000,000 tested=1,277 found=0 n=246596753715877986932511 elapsed=2682s
progress: nodes=55,720,000,000 tested=1,277 found=0 n=246419025706482274975329 elapsed=2683s
progress: nodes=55,730,000,000 tested=1,277 found=0 n=255189097800140948533089 elapsed=2683s
progress: nodes=55,740,000,000 tested=1,277 found=0 n=277703122622535796415229 elapsed=2684s
progress: nodes=55,750,000,000 tested=1,277 found=0 n=281891880481482635841477 elapsed=2684s
progress: nodes=55,760,000,000 tested=1,277 found=0 n=279345769329477661527717 elapsed=2685s
progress: nodes=55,770,000,000 tested=1,277 found=0 n=272470688466256110107277 elapsed=2685s
progress: nodes=55,780,000,000 tested=1,277 found=0 n=272829428061184127790657 elapsed=2686s
progress: nodes=55,790,000,000 tested=1,277 found=0 n=254348356765103352474723 elapsed=2686s
progress: nodes=55,800,000,000 tested=1,277 found=0 n=267555695006319164988543 elapsed=2687s
progress: nodes=55,810,000,000 tested=1,277 found=0 n=274467899353795807787127 elapsed=2687s
progress: nodes=55,820,000,000 tested=1,277 found=0 n=259418707012222202514069 elapsed=2688s
progress: nodes=55,830,000,000 tested=1,277 found=0 n=265438021058584295264343 elapsed=2688s
progress: nodes=55,840,000,000 tested=1,277 found=0 n=282125235796442597958399 elapsed=2689s
progress: nodes=55,850,000,000 tested=1,277 found=0 n=255833662592451986034993 elapsed=2689s
progress: nodes=55,860,000,000 tested=1,277 found=0 n=258433563742659261275319 elapsed=2690s
progress: nodes=55,870,000,000 tested=1,277 found=0 n=280700039826638432419419 elapsed=2690s
progress: nodes=55,880,000,000 tested=1,277 found=0 n=271446153622077417956973 elapsed=2691s
progress: nodes=55,890,000,000 tested=1,277 found=0 n=258015854563786532344131 elapsed=2691s
progress: nodes=55,900,000,000 tested=1,277 found=0 n=284045412248780684252751 elapsed=2692s
progress: nodes=55,910,000,000 tested=1,277 found=0 n=283575022426418452951221 elapsed=2692s
progress: nodes=55,920,000,000 tested=1,277 found=0 n=265379716380253079792187 elapsed=2693s
progress: nodes=55,930,000,000 tested=1,277 found=0 n=264217641415673181042807 elapsed=2693s
progress: nodes=55,940,000,000 tested=1,277 found=0 n=265108898798738495043543 elapsed=2694s
progress: nodes=55,950,000,000 tested=1,277 found=0 n=272030290212626934675687 elapsed=2694s
progress: nodes=55,960,000,000 tested=1,277 found=0 n=278164153965400268356791 elapsed=2695s
progress: nodes=55,970,000,000 tested=1,277 found=0 n=266975808090448177611891 elapsed=2695s
progress: nodes=55,980,000,000 tested=1,277 found=0 n=283766946898796992593963 elapsed=2696s
progress: nodes=55,990,000,000 tested=1,277 found=0 n=286362121297049417380761 elapsed=2697s
progress: nodes=56,000,000,000 tested=1,277 found=0 n=281087021039891179914801 elapsed=2697s
progress: nodes=56,010,000,000 tested=1,277 found=0 n=280305294755879031816177 elapsed=2698s
progress: nodes=56,020,000,000 tested=1,277 found=0 n=276681087074478336347097 elapsed=2698s
progress: nodes=56,030,000,000 tested=1,277 found=0 n=279461238938523848525319 elapsed=2699s
progress: nodes=56,040,000,000 tested=1,277 found=0 n=283788047241023045429709 elapsed=2699s
progress: nodes=56,050,000,000 tested=1,277 found=0 n=284858790241924648108359 elapsed=2700s
progress: nodes=56,060,000,000 tested=1,277 found=0 n=285502941084094258273749 elapsed=2700s
progress: nodes=56,070,000,000 tested=1,277 found=0 n=283732816531137410870433 elapsed=2701s
progress: nodes=56,080,000,000 tested=1,277 found=0 n=292202640909367904428713 elapsed=2701s
progress: nodes=56,090,000,000 tested=1,289 found=0 n=214291149361200315463059 elapsed=2702s
progress: nodes=56,100,000,000 tested=1,289 found=0 n=51028694554122184402503 elapsed=2702s
progress: nodes=56,110,000,000 tested=1,289 found=0 n=864207357238076481026397 elapsed=2703s
progress: nodes=56,120,000,000 tested=1,289 found=0 n=682232451895567066082589 elapsed=2703s
progress: nodes=56,130,000,000 tested=1,289 found=0 n=503155191648564617173011 elapsed=2703s
progress: nodes=56,140,000,000 tested=1,289 found=0 n=327949843616639083378539 elapsed=2704s
progress: nodes=56,150,000,000 tested=1,289 found=0 n=158472382304393056012113 elapsed=2704s
progress: nodes=56,160,000,000 tested=1,289 found=0 n=987675493934068897206249 elapsed=2705s
progress: nodes=56,170,000,000 tested=1,289 found=0 n=804792780181675264226247 elapsed=2705s
progress: nodes=56,180,000,000 tested=1,289 found=0 n=624395816239426287673617 elapsed=2706s
progress: nodes=56,190,000,000 tested=1,289 found=0 n=446994188974491813656001 elapsed=2706s
progress: nodes=56,200,000,000 tested=1,289 found=0 n=273968082296813372316849 elapsed=2707s
progress: nodes=56,210,000,000 tested=1,289 found=0 n=107921058656488364426139 elapsed=2707s
progress: nodes=56,220,000,000 tested=1,289 found=0 n=931697431138089517412511 elapsed=2708s
progress: nodes=56,230,000,000 tested=1,289 found=0 n=750345197756154628735107 elapsed=2708s
progress: nodes=56,240,000,000 tested=1,289 found=0 n=571817986392397872206079 elapsed=2708s
progress: nodes=56,250,000,000 tested=1,289 found=0 n=396455013508719848383701 elapsed=2709s
progress: nodes=56,260,000,000 tested=1,289 found=0 n=225790956673536847523931 elapsed=2709s
progress: nodes=56,270,000,000 tested=1,289 found=0 n=63534623350214121666561 elapsed=2710s
progress: nodes=56,280,000,000 tested=1,289 found=0 n=881208968569810691447637 elapsed=2710s
progress: nodes=56,290,000,000 tested=1,289 found=0 n=701341505994174803428671 elapsed=2711s
progress: nodes=56,300,000,000 tested=1,289 found=0 n=524536727760382743419013 elapsed=2711s
progress: nodes=56,310,000,000 tested=1,289 found=0 n=351373059679901459903703 elapsed=2712s
progress: nodes=56,320,000,000 tested=1,289 found=0 n=183429506018208193372629 elapsed=2712s
progress: nodes=56,330,000,000 tested=1,289 found=0 n=26345909395478594180259 elapsed=2713s
progress: nodes=56,340,000,000 tested=1,289 found=0 n=837962702447498300609937 elapsed=2713s
progress: nodes=56,350,000,000 tested=1,289 found=0 n=660030602191909500098547 elapsed=2713s
progress: nodes=56,360,000,000 tested=1,289 found=0 n=484997938906514764818087 elapsed=2714s
progress: nodes=56,370,000,000 tested=1,289 found=0 n=313733434275626041788111 elapsed=2714s
progress: nodes=56,380,000,000 tested=1,289 found=0 n=148280894292362983270119 elapsed=2715s
progress: nodes=56,390,000,000 tested=1,289 found=0 n=980078946756589221240699 elapsed=2715s
progress: nodes=56,400,000,000 tested=1,289 found=0 n=801110140865090380264941 elapsed=2716s
progress: nodes=56,410,000,000 tested=1,289 found=0 n=624504453854467599075663 elapsed=2716s
progress: nodes=56,420,000,000 tested=1,289 found=0 n=450838751599730235418677 elapsed=2717s
progress: nodes=56,430,000,000 tested=1,289 found=0 n=281188069701369810576597 elapsed=2717s
progress: nodes=56,440,000,000 tested=1,289 found=0 n=117988709174039780565489 elapsed=2717s
progress: nodes=56,450,000,000 tested=1,289 found=0 n=946717120518400841288679 elapsed=2718s
progress: nodes=56,460,000,000 tested=1,289 found=0 n=768995094631855422199869 elapsed=2718s
progress: nodes=56,470,000,000 tested=1,289 found=0 n=593734864628048048682777 elapsed=2719s
progress: nodes=56,480,000,000 tested=1,289 found=0 n=421419726667413970627131 elapsed=2719s
progress: nodes=56,490,000,000 tested=1,289 found=0 n=253387042403056408053207 elapsed=2720s
progress: nodes=56,500,000,000 tested=1,289 found=0 n=92552830736458922266437 elapsed=2720s
progress: nodes=56,510,000,000 tested=1,289 found=0 n=918750852149541882930459 elapsed=2721s
progress: nodes=56,520,000,000 tested=1,289 found=0 n=742205680101157070555757 elapsed=2721s
progress: nodes=56,530,000,000 tested=1,289 found=0 n=568142063931363901328349 elapsed=2722s
progress: nodes=56,540,000,000 tested=1,289 found=0 n=397209515570079648034599 elapsed=2722s
progress: nodes=56,550,000,000 tested=1,289 found=0 n=230756312996102010246129 elapsed=2722s
progress: nodes=56,560,000,000 tested=1,289 found=0 n=72107170145648747352243 elapsed=2723s
progress: nodes=56,570,000,000 tested=1,289 found=0 n=895833028756147516063029 elapsed=2723s
progress: nodes=56,580,000,000 tested=1,289 found=0 n=720275520583183723845687 elapsed=2724s
progress: nodes=56,590,000,000 tested=1,289 found=0 n=547284074542964574873057 elapsed=2724s
progress: nodes=56,600,000,000 tested=1,289 found=0 n=377608851576717824782719 elapsed=2725s
progress: nodes=56,610,000,000 tested=1,289 found=0 n=212512995626546144651121 elapsed=2725s
progress: nodes=56,620,000,000 tested=1,289 found=0 n=55950968786455863627507 elapsed=2726s
progress: nodes=56,630,000,000 tested=1,289 found=0 n=877688694487709451123777 elapsed=2726s
progress: nodes=56,640,000,000 tested=1,289 found=0 n=703157241154289742441621 elapsed=2727s
progress: nodes=56,650,000,000 tested=1,289 found=0 n=531229614731793148844673 elapsed=2727s
progress: nodes=56,660,000,000 tested=1,289 found=0 n=362696724388737166851423 elapsed=2727s
progress: nodes=56,670,000,000 tested=1,289 found=0 n=199022318602552414308339 elapsed=2728s
progress: nodes=56,680,000,000 tested=1,289 found=0 n=44395606951563636812043 elapsed=2728s
progress: nodes=56,690,000,000 tested=1,289 found=0 n=864862686417300178310703 elapsed=2729s
progress: nodes=56,700,000,000 tested=1,289 found=0 n=691456824553146734931849 elapsed=2729s
progress: nodes=56,710,000,000 tested=1,289 found=0 n=520726655065052238285483 elapsed=2730s
progress: nodes=56,720,000,000 tested=1,289 found=0 n=353339985735847799029341 elapsed=2730s
progress: nodes=56,730,000,000 tested=1,289 found=0 n=190863508483404366761151 elapsed=2731s
progress: nodes=56,740,000,000 tested=1,289 found=0 n=37818757083934139622309 elapsed=2731s
progress: nodes=56,750,000,000 tested=1,289 found=0 n=857871878889603177849249 elapsed=2732s
progress: nodes=56,760,000,000 tested=1,289 found=0 n=685465870411221644357613 elapsed=2732s
progress: nodes=56,770,000,000 tested=1,289 found=0 n=515628233284453784445951 elapsed=2732s
progress: nodes=56,780,000,000 tested=1,289 found=0 n=349184416718684315279511 elapsed=2733s
progress: nodes=56,790,000,000 tested=1,289 found=0 n=187630006961787713774451 elapsed=2733s
progress: nodes=56,800,000,000 tested=1,289 found=0 n=35583916807331424581049 elapsed=2734s
progress: nodes=56,810,000,000 tested=1,289 found=0 n=856016671133714249488329 elapsed=2734s
progress: nodes=56,820,000,000 tested=1,289 found=0 n=684531472994705568731499 elapsed=2735s
progress: nodes=56,830,000,000 tested=1,289 found=0 n=515787643883759849675073 elapsed=2735s
progress: nodes=56,840,000,000 tested=1,289 found=0 n=350410417657033088333979 elapsed=2736s
progress: nodes=56,850,000,000 tested=1,289 found=0 n=189847242599688058365981 elapsed=2736s
progress: nodes=56,860,000,000 tested=1,289 found=0 n=38506017745726385271417 elapsed=2736s
progress: nodes=56,870,000,000 tested=1,289 found=0 n=860601301189843029049233 elapsed=2737s
progress: nodes=56,880,000,000 tested=1,289 found=0 n=690095119532579974934721 elapsed=2737s
progress: nodes=56,890,000,000 tested=1,289 found=0 n=522110381211715194705807 elapsed=2738s
progress: nodes=56,900,000,000 tested=1,289 found=0 n=357336965677258837012743 elapsed=2738s
progress: nodes=56,910,000,000 tested=1,289 found=0 n=197218462720388342654421 elapsed=2739s
progress: nodes=56,920,000,000 tested=1,289 found=0 n=45832104330192059576697 elapsed=2739s
progress: nodes=56,930,000,000 tested=1,289 found=0 n=870191322582538106809659 elapsed=2739s
progress: nodes=56,940,000,000 tested=1,289 found=0 n=700280899596518461260039 elapsed=2740s
progress: nodes=56,950,000,000 tested=1,289 found=0 n=532823364482936884976619 elapsed=2740s
progress: nodes=56,960,000,000 tested=1,289 found=0 n=368535105634874727678129 elapsed=2741s
progress: nodes=56,970,000,000 tested=1,289 found=0 n=208686229312927177959147 elapsed=2741s
progress: nodes=56,980,000,000 tested=1,289 found=0 n=56898305603844591657771 elapsed=2742s
progress: nodes=56,990,000,000 tested=1,289 found=0 n=884097551548909469060289 elapsed=2742s
progress: nodes=57,000,000,000 tested=1,289 found=0 n=714855926841018199123887 elapsed=2743s
progress: nodes=57,010,000,000 tested=1,289 found=0 n=547928159250876803145747 elapsed=2743s
progress: nodes=57,020,000,000 tested=1,289 found=0 n=384060114968474475377847 elapsed=2743s
progress: nodes=57,030,000,000 tested=1,289 found=0 n=224431884708071399738379 elapsed=2744s
progress: nodes=57,040,000,000 tested=1,289 found=0 n=72098314064907645922407 elapsed=2744s
progress: nodes=57,050,000,000 tested=1,289 found=0 n=902555243003392015084047 elapsed=2745s
progress: nodes=57,060,000,000 tested=1,289 found=0 n=733655958216873391056357 elapsed=2745s
progress: nodes=57,070,000,000 tested=1,289 found=0 n=567131653539978345287469 elapsed=2746s
progress: nodes=57,080,000,000 tested=1,289 found=0 n=403526000111124048715557 elapsed=2746s
progress: nodes=57,090,000,000 tested=1,289 found=0 n=243986438394272079667161 elapsed=2747s
progress: nodes=57,100,000,000 tested=1,289 found=0 n=91134232427512344299229 elapsed=2747s
progress: nodes=57,110,000,000 tested=1,289 found=0 n=925506055852554558599217 elapsed=2747s
progress: nodes=57,120,000,000 tested=1,289 found=0 n=757146483972449338498731 elapsed=2748s
progress: nodes=57,130,000,000 tested=1,289 found=0 n=591272830556677129009149 elapsed=2748s
progress: nodes=57,140,000,000 tested=1,289 found=0 n=428134910855335688271267 elapsed=2749s
progress: nodes=57,150,000,000 tested=1,289 found=0 n=268761756258088679102517 elapsed=2749s
progress: nodes=57,160,000,000 tested=1,289 found=0 n=115334876939619117848067 elapsed=2750s
progress: nodes=57,170,000,000 tested=1,289 found=0 n=953949220742227691948967 elapsed=2750s
progress: nodes=57,180,000,000 tested=1,289 found=0 n=786372026159925786694113 elapsed=2750s
progress: nodes=57,190,000,000 tested=1,289 found=0 n=620986976955284157144927 elapsed=2751s
progress: nodes=57,200,000,000 tested=1,289 found=0 n=458149080071079105085377 elapsed=2751s
progress: nodes=57,210,000,000 tested=1,289 found=0 n=298872177927746300236359 elapsed=2752s
progress: nodes=57,220,000,000 tested=1,289 found=0 n=144914826275225739019287 elapsed=2752s
progress: nodes=57,230,000,000 tested=1,289 found=0 n=988353034487068294827783 elapsed=2753s
progress: nodes=57,240,000,000 tested=1,289 found=0 n=821285331468184306554831 elapsed=2753s
progress: nodes=57,250,000,000 tested=1,289 found=0 n=656212690512793852264827 elapsed=2754s
progress: nodes=57,260,000,000 tested=1,289 found=0 n=493779131686337037578037 elapsed=2754s
progress: nodes=57,270,000,000 tested=1,289 found=0 n=334573342017603428152413 elapsed=2754s
progress: nodes=57,280,000,000 tested=1,289 found=0 n=180078790966114159536417 elapsed=2755s
progress: nodes=57,290,000,000 tested=1,289 found=0 n=34642106955921456342351 elapsed=2755s
progress: nodes=57,300,000,000 tested=1,289 found=0 n=861910558377567925255029 elapsed=2756s
progress: nodes=57,310,000,000 tested=1,289 found=0 n=697511487049961535718767 elapsed=2756s
progress: nodes=57,320,000,000 tested=1,289 found=0 n=535358840240057758647723 elapsed=2757s
progress: nodes=57,330,000,000 tested=1,289 found=0 n=376206890795013069963171 elapsed=2757s
progress: nodes=57,340,000,000 tested=1,289 found=0 n=221150728334103364379583 elapsed=2758s
progress: nodes=57,350,000,000 tested=1,289 found=0 n=73167078603208073937453 elapsed=2758s
progress: nodes=57,360,000,000 tested=1,289 found=0 n=908660709088123956555591 elapsed=2758s
progress: nodes=57,370,000,000 tested=1,289 found=0 n=744494914419802141322727 elapsed=2759s
progress: nodes=57,380,000,000 tested=1,289 found=0 n=582508145353504244497623 elapsed=2759s
progress: nodes=57,390,000,000 tested=1,289 found=0 n=423165120863629450313007 elapsed=2760s
progress: nodes=57,400,000,000 tested=1,289 found=0 n=267655047501511775254149 elapsed=2760s
progress: nodes=57,410,000,000 tested=1,289 found=0 n=117958492482656171463117 elapsed=2761s
progress: nodes=57,420,000,000 tested=1,289 found=0 n=961094380919700721470777 elapsed=2761s
progress: nodes=57,430,000,000 tested=1,289 found=0 n=797495268946576977167391 elapsed=2761s
progress: nodes=57,440,000,000 tested=1,289 found=0 n=635916663649757232321579 elapsed=2762s
progress: nodes=57,450,000,000 tested=1,289 found=0 n=476774817456457013681187 elapsed=2762s
progress: nodes=57,460,000,000 tested=1,289 found=0 n=320853825862354038607353 elapsed=2763s
progress: nodes=57,470,000,000 tested=1,289 found=0 n=169607913678019153005669 elapsed=2763s
progress: nodes=57,480,000,000 tested=1,289 found=0 n=27678406114235496546927 elapsed=2764s
progress: nodes=57,490,000,000 tested=1,289 found=0 n=856155384836399555494587 elapsed=2764s
progress: nodes=57,500,000,000 tested=1,289 found=0 n=694572988884395832650439 elapsed=2765s
progress: nodes=57,510,000,000 tested=1,289 found=0 n=535266475622246759472081 elapsed=2765s
progress: nodes=57,520,000,000 tested=1,289 found=0 n=378967685036980191253101 elapsed=2765s
progress: nodes=57,530,000,000 tested=1,289 found=0 n=226602675223995175454349 elapsed=2766s
progress: nodes=57,540,000,000 tested=1,289 found=0 n=80880365250324634283289 elapsed=2766s
progress: nodes=57,550,000,000 tested=1,289 found=0 n=920605340948967596581659 elapsed=2767s
progress: nodes=57,560,000,000 tested=1,289 found=0 n=759269049157970841923433 elapsed=2767s
progress: nodes=57,570,000,000 tested=1,289 found=0 n=600063809140684941419367 elapsed=2768s
progress: nodes=57,580,000,000 tested=1,289 found=0 n=443313935421168460155507 elapsed=2768s
progress: nodes=57,590,000,000 tested=1,289 found=0 n=289986974068459811330187 elapsed=2769s
progress: nodes=57,600,000,000 tested=1,289 found=0 n=141791908169085766080489 elapsed=2769s
progress: nodes=57,610,000,000 tested=1,289 found=0 n=990809734539897253350369 elapsed=2769s
progress: nodes=57,620,000,000 tested=1,289 found=0 n=829625496346770899092317 elapsed=2770s
progress: nodes=57,630,000,000 tested=1,289 found=0 n=670383101257197181220367 elapsed=2770s
progress: nodes=57,640,000,000 tested=1,289 found=0 n=513550831767680420676963 elapsed=2771s
progress: nodes=57,650,000,000 tested=1,289 found=0 n=359705143287403771498641 elapsed=2771s
progress: nodes=57,660,000,000 tested=1,289 found=0 n=209791336595856169651497 elapsed=2772s
progress: nodes=57,670,000,000 tested=1,289 found=0 n=66869798533005639534363 elapsed=2772s
progress: nodes=57,680,000,000 tested=1,289 found=0 n=906227247594765426242913 elapsed=2772s
progress: nodes=57,690,000,000 tested=1,289 found=0 n=747070846995157852194027 elapsed=2773s
progress: nodes=57,700,000,000 tested=1,289 found=0 n=590049666010234991427867 elapsed=2773s
progress: nodes=57,710,000,000 tested=1,289 found=0 n=435519093743551147487157 elapsed=2774s
progress: nodes=57,720,000,000 tested=1,289 found=0 n=284361581012225509179387 elapsed=2774s
progress: nodes=57,730,000,000 tested=1,289 found=0 n=138280143401019194563989 elapsed=2775s
progress: nodes=57,740,000,000 tested=1,289 found=0 n=988914667670966695890231 elapsed=2775s
progress: nodes=57,750,000,000 tested=1,289 found=0 n=829788307624512287080029 elapsed=2776s
progress: nodes=57,760,000,000 tested=1,289 found=0 n=672483457911447919854117 elapsed=2776s
progress: nodes=57,770,000,000 tested=1,289 found=0 n=517409067852668538367821 elapsed=2776s
progress: nodes=57,780,000,000 tested=1,289 found=0 n=365134711085564408197209 elapsed=2777s
progress: nodes=57,790,000,000 tested=1,289 found=0 n=216784906441255229270193 elapsed=2777s
progress: nodes=57,800,000,000 tested=1,289 found=0 n=75037810631249590513389 elapsed=2778s
progress: nodes=57,810,000,000 tested=1,289 found=0 n=917702278971435576205587 elapsed=2778s
progress: nodes=57,820,000,000 tested=1,289 found=0 n=760408816269067764571773 elapsed=2779s
progress: nodes=57,830,000,000 tested=1,289 found=0 n=605163891199884630294681 elapsed=2779s
progress: nodes=57,840,000,000 tested=1,289 found=0 n=452179903113636663116151 elapsed=2780s
progress: nodes=57,850,000,000 tested=1,289 found=0 n=302384036842135764633117 elapsed=2780s
progress: nodes=57,860,000,000 tested=1,289 found=0 n=157253989459281629841927 elapsed=2780s
progress: nodes=57,870,000,000 tested=1,289 found=0 n=21620222802382797561969 elapsed=2781s
progress: nodes=57,880,000,000 tested=1,289 found=0 n=854574988603124100735423 elapsed=2781s
progress: nodes=57,890,000,000 tested=1,289 found=0 n=698940850486014867003273 elapsed=2782s
progress: nodes=57,900,000,000 tested=1,289 found=0 n=545350621176506128030047 elapsed=2782s
progress: nodes=57,910,000,000 tested=1,289 found=0 n=394497258081209845218657 elapsed=2783s
progress: nodes=57,920,000,000 tested=1,289 found=0 n=247295888429496787529649 elapsed=2783s
progress: nodes=57,930,000,000 tested=1,289 found=0 n=105686136618084787916151 elapsed=2784s
progress: nodes=57,940,000,000 tested=1,289 found=0 n=955033770828281774641011 elapsed=2784s
progress: nodes=57,950,000,000 tested=1,289 found=0 n=799386722354026832802777 elapsed=2784s
progress: nodes=57,960,000,000 tested=1,289 found=0 n=645594917136300577028583 elapsed=2785s
progress: nodes=57,970,000,000 tested=1,289 found=0 n=494059189501320845455053 elapsed=2785s
progress: nodes=57,980,000,000 tested=1,289 found=0 n=345291450153998381854821 elapsed=2786s
progress: nodes=57,990,000,000 tested=1,289 found=0 n=200438255053210361388201 elapsed=2786s
progress: nodes=58,000,000,000 tested=1,289 found=0 n=62397701895829310433423 elapsed=2787s
progress: nodes=58,010,000,000 tested=1,289 found=0 n=905803453084708272203109 elapsed=2787s
progress: nodes=58,020,000,000 tested=1,289 found=0 n=751434832811879075969109 elapsed=2787s
progress: nodes=58,030,000,000 tested=1,289 found=0 n=599065386647995863234639 elapsed=2788s
progress: nodes=58,040,000,000 tested=1,289 found=0 n=448933527026113868045307 elapsed=2788s
progress: nodes=58,050,000,000 tested=1,289 found=0 n=301922785875102685241949 elapsed=2789s
progress: nodes=58,060,000,000 tested=1,289 found=0 n=159439851722828992916601 elapsed=2789s
progress: nodes=58,070,000,000 tested=1,289 found=0 n=25961002088344454492361 elapsed=2790s
progress: nodes=58,080,000,000 tested=1,289 found=0 n=863249489481966466140261 elapsed=2790s
progress: nodes=58,090,000,000 tested=1,289 found=0 n=710763480714788289479691 elapsed=2791s
progress: nodes=58,100,000,000 tested=1,289 found=0 n=560351223331669675168263 elapsed=2791s
progress: nodes=58,110,000,000 tested=1,289 found=0 n=412412132567590418270007 elapsed=2791s
progress: nodes=58,120,000,000 tested=1,289 found=0 n=267767072958312777941091 elapsed=2792s
progress: nodes=58,130,000,000 tested=1,289 found=0 n=128042526602008550012481 elapsed=2792s
progress: nodes=58,140,000,000 tested=1,289 found=0 n=983618526911509077818229 elapsed=2793s
progress: nodes=58,150,000,000 tested=1,289 found=0 n=830861415001244858374143 elapsed=2793s
progress: nodes=58,160,000,000 tested=1,289 found=0 n=679845239380777286195379 elapsed=2794s
progress: nodes=58,170,000,000 tested=1,289 found=0 n=530909729885494008218169 elapsed=2794s
progress: nodes=58,180,000,000 tested=1,289 found=0 n=384522323829357109637241 elapsed=2795s
progress: nodes=58,190,000,000 tested=1,289 found=0 n=241624237465175064048549 elapsed=2795s
progress: nodes=58,200,000,000 tested=1,289 found=0 n=104168819332484681375601 elapsed=2795s
progress: nodes=58,210,000,000 tested=1,289 found=0 n=957682054396753892369163 elapsed=2796s
progress: nodes=58,220,000,000 tested=1,289 found=0 n=806502645580399687742823 elapsed=2796s
progress: nodes=58,230,000,000 tested=1,289 found=0 n=656975344625769057661773 elapsed=2797s
progress: nodes=58,240,000,000 tested=1,289 found=0 n=509571550110065947360857 elapsed=2797s
progress: nodes=58,250,000,000 tested=1,289 found=0 n=364844969302956055142229 elapsed=2798s
progress: nodes=58,260,000,000 tested=1,289 found=0 n=223743502440497707749081 elapsed=2798s
progress: nodes=58,270,000,000 tested=1,289 found=0 n=88275691568074327307991 elapsed=2798s
progress: nodes=58,280,000,000 tested=1,289 found=0 n=940631270830321253169987 elapsed=2799s
progress: nodes=58,290,000,000 tested=1,289 found=0 n=790690604825065852430523 elapsed=2799s
progress: nodes=58,300,000,000 tested=1,289 found=0 n=642646179435471422057847 elapsed=2800s
progress: nodes=58,310,000,000 tested=1,289 found=0 n=496697491097438173033491 elapsed=2800s
progress: nodes=58,320,000,000 tested=1,289 found=0 n=353413362465689781648393 elapsed=2801s
progress: nodes=58,330,000,000 tested=1,289 found=0 n=213654892178933237663631 elapsed=2801s
progress: nodes=58,340,000,000 tested=1,289 found=0 n=79869410665305026636871 elapsed=2802s
progress: nodes=58,350,000,000 tested=1,289 found=0 n=932114438461621193737959 elapsed=2802s
progress: nodes=58,360,000,000 tested=1,289 found=0 n=783380521565148706870671 elapsed=2802s
progress: nodes=58,370,000,000 tested=1,289 found=0 n=636511738495815424431189 elapsed=2803s
progress: nodes=58,380,000,000 tested=1,289 found=0 n=491575128269094227637279 elapsed=2803s
progress: nodes=58,390,000,000 tested=1,289 found=0 n=349330745292881079618891 elapsed=2804s
progress: nodes=58,400,000,000 tested=1,289 found=0 n=210679927222606277769333 elapsed=2804s
progress: nodes=58,410,000,000 tested=1,289 found=0 n=77997589590795040429263 elapsed=2805s
progress: nodes=58,420,000,000 tested=1,289 found=0 n=931060071240013618092189 elapsed=2805s
progress: nodes=58,430,000,000 tested=1,289 found=0 n=783401093862019510995117 elapsed=2806s
progress: nodes=58,440,000,000 tested=1,289 found=0 n=637655078828379375714951 elapsed=2806s
progress: nodes=58,450,000,000 tested=1,289 found=0 n=493905587756389762096143 elapsed=2806s
progress: nodes=58,460,000,000 tested=1,289 found=0 n=352718147338345607289471 elapsed=2807s
progress: nodes=58,470,000,000 tested=1,289 found=0 n=215043004227337806226707 elapsed=2807s
progress: nodes=58,480,000,000 tested=1,289 found=0 n=83075659079622565905549 elapsed=2808s
progress: nodes=58,490,000,000 tested=1,289 found=0 n=938107835123681748977451 elapsed=2808s
progress: nodes=58,500,000,000 tested=1,289 found=0 n=791615109550846552360389 elapsed=2809s
progress: nodes=58,510,000,000 tested=1,289 found=0 n=646871304381749404758801 elapsed=2809s
progress: nodes=58,520,000,000 tested=1,289 found=0 n=504213058450782094276863 elapsed=2810s
progress: nodes=58,530,000,000 tested=1,289 found=0 n=364098078619283084625549 elapsed=2810s
progress: nodes=58,540,000,000 tested=1,289 found=0 n=227340478261865302266933 elapsed=2810s
progress: nodes=58,550,000,000 tested=1,289 found=0 n=95825403715202570730321 elapsed=2811s
progress: nodes=58,560,000,000 tested=1,289 found=0 n=954080418540099126609333 elapsed=2811s
progress: nodes=58,570,000,000 tested=1,289 found=0 n=808776146613539743856217 elapsed=2812s
progress: nodes=58,580,000,000 tested=1,289 found=0 n=664948185431927090060367 elapsed=2812s
progress: nodes=58,590,000,000 tested=1,289 found=0 n=523034959546696001091687 elapsed=2813s
progress: nodes=58,600,000,000 tested=1,289 found=0 n=383500531722236343632217 elapsed=2813s
progress: nodes=58,610,000,000 tested=1,289 found=0 n=247187410618290099484527 elapsed=2814s
progress: nodes=58,620,000,000 tested=1,289 found=0 n=115737985049529544450749 elapsed=2814s
progress: nodes=58,630,000,000 tested=1,289 found=0 n=977911178820899131511703 elapsed=2814s
progress: nodes=58,640,000,000 tested=1,289 found=0 n=833437376061560948364687 elapsed=2815s
progress: nodes=58,650,000,000 tested=1,289 found=0 n=690498143091871687754181 elapsed=2815s
progress: nodes=58,660,000,000 tested=1,289 found=0 n=549359108209245609772497 elapsed=2816s
progress: nodes=58,670,000,000 tested=1,289 found=0 n=410476220674499360572191 elapsed=2816s
progress: nodes=58,680,000,000 tested=1,289 found=0 n=274461917093864800673373 elapsed=2817s
progress: nodes=58,690,000,000 tested=1,289 found=0 n=142658391345880038099471 elapsed=2817s
progress: nodes=58,700,000,000 tested=1,289 found=0 n=19495759010013902667051 elapsed=2818s
progress: nodes=58,710,000,000 tested=1,289 found=0 n=865220962979341547559981 elapsed=2818s
progress: nodes=58,720,000,000 tested=1,289 found=0 n=722768363641363041361359 elapsed=2818s
progress: nodes=58,730,000,000 tested=1,289 found=0 n=582029908370909345384037 elapsed=2819s
progress: nodes=58,740,000,000 tested=1,289 found=0 n=443346862862310669869607 elapsed=2819s
progress: nodes=58,750,000,000 tested=1,289 found=0 n=307394921007845219277729 elapsed=2820s
progress: nodes=58,760,000,000 tested=1,289 found=0 n=175278883508584516491831 elapsed=2820s
progress: nodes=58,770,000,000 tested=1,289 found=0 n=49860156747944291065317 elapsed=2821s
progress: nodes=58,780,000,000 tested=1,289 found=0 n=903585905584004173267737 elapsed=2821s
progress: nodes=58,790,000,000 tested=1,289 found=0 n=761816096592921594733509 elapsed=2822s
progress: nodes=58,800,000,000 tested=1,289 found=0 n=621771773012412446084661 elapsed=2822s
progress: nodes=58,810,000,000 tested=1,289 found=0 n=483702157033575192675963 elapsed=2823s
progress: nodes=58,820,000,000 tested=1,289 found=0 n=348159596329081020515031 elapsed=2823s
progress: nodes=58,830,000,000 tested=1,289 found=0 n=215935411563985030090173 elapsed=2823s
progress: nodes=58,840,000,000 tested=1,289 found=0 n=88895499981152826528567 elapsed=2824s
progress: nodes=58,850,000,000 tested=1,289 found=0 n=950430966001253805505437 elapsed=2824s
progress: nodes=58,860,000,000 tested=1,289 found=0 n=809469337076854651620423 elapsed=2825s
progress: nodes=58,870,000,000 tested=1,289 found=0 n=669998323548756571412043 elapsed=2825s
progress: nodes=58,880,000,000 tested=1,289 found=0 n=532332544725569047056597 elapsed=2826s
progress: nodes=58,890,000,000 tested=1,289 found=0 n=396902388283099235980443 elapsed=2826s
progress: nodes=58,900,000,000 tested=1,289 found=0 n=264262683110272024321143 elapsed=2827s
progress: nodes=58,910,000,000 tested=1,289 found=0 n=135821152548647515388439 elapsed=2827s
progress: nodes=58,920,000,000 tested=1,289 found=0 n=16213621073446408294683 elapsed=2827s
progress: nodes=58,930,000,000 tested=1,289 found=0 n=864560299230466113964689 elapsed=2828s
progress: nodes=58,940,000,000 tested=1,289 found=0 n=725740917289048587227301 elapsed=2828s
progress: nodes=58,950,000,000 tested=1,289 found=0 n=588633416199669346839333 elapsed=2829s
progress: nodes=58,960,000,000 tested=1,289 found=0 n=453452800045430339721567 elapsed=2829s
progress: nodes=58,970,000,000 tested=1,289 found=0 n=320808084360872371776513 elapsed=2830s
progress: nodes=58,980,000,000 tested=1,289 found=0 n=191625350395348401352821 elapsed=2830s
progress: nodes=58,990,000,000 tested=1,289 found=0 n=68142269930992450426233 elapsed=2831s
progress: nodes=59,000,000,000 tested=1,289 found=0 n=928799887275152665355583 elapsed=2831s
progress: nodes=59,010,000,000 tested=1,289 found=0 n=790418257501064884779087 elapsed=2832s
progress: nodes=59,020,000,000 tested=1,289 found=0 n=653592517904807268750963 elapsed=2832s
progress: nodes=59,030,000,000 tested=1,289 found=0 n=518432506068134924705439 elapsed=2832s
progress: nodes=59,040,000,000 tested=1,289 found=0 n=385540740186804568907541 elapsed=2833s
progress: nodes=59,050,000,000 tested=1,289 found=0 n=255454841276986961889279 elapsed=2833s
progress: nodes=59,060,000,000 tested=1,289 found=0 n=129496958013147435413703 elapsed=2834s
progress: nodes=59,070,000,000 tested=1,289 found=0 n=12632660027244874379763 elapsed=2834s
progress: nodes=59,080,000,000 tested=1,289 found=0 n=862243504131415165056297 elapsed=2835s
progress: nodes=59,090,000,000 tested=1,289 found=0 n=725738665644315078374619 elapsed=2835s
progress: nodes=59,100,000,000 tested=1,289 found=0 n=590892925339834585487019 elapsed=2836s
progress: nodes=59,110,000,000 tested=1,289 found=0 n=457823346504230723829813 elapsed=2836s
progress: nodes=59,120,000,000 tested=1,289 found=0 n=327095209838672644466097 elapsed=2837s
progress: nodes=59,130,000,000 tested=1,289 found=0 n=199583050867268333021757 elapsed=2837s
progress: nodes=59,140,000,000 tested=1,289 found=0 n=77409542588918933650257 elapsed=2837s
progress: nodes=59,150,000,000 tested=1,289 found=0 n=941679407651949496971441 elapsed=2838s
progress: nodes=59,160,000,000 tested=1,289 found=0 n=805365116476576825528359 elapsed=2838s
progress: nodes=59,170,000,000 tested=1,289 found=0 n=670427593647507575822943 elapsed=2839s
progress: nodes=59,180,000,000 tested=1,289 found=0 n=537297820871378435317449 elapsed=2839s
progress: nodes=59,190,000,000 tested=1,289 found=0 n=406354540732647177351681 elapsed=2840s
progress: nodes=59,200,000,000 tested=1,289 found=0 n=278028713403698715066609 elapsed=2840s
progress: nodes=59,210,000,000 tested=1,289 found=0 n=153335720976097179893373 elapsed=2841s
progress: nodes=59,220,000,000 tested=1,289 found=0 n=35608038747188877628659 elapsed=2841s
progress: nodes=59,230,000,000 tested=1,289 found=0 n=893372901648674469341319 elapsed=2842s
progress: nodes=59,240,000,000 tested=1,289 found=0 n=758812526319580974350109 elapsed=2842s
progress: nodes=59,250,000,000 tested=1,289 found=0 n=625809087510853233514527 elapsed=2842s
progress: nodes=59,260,000,000 tested=1,289 found=0 n=494579706398003466363123 elapsed=2843s
progress: nodes=59,270,000,000 tested=1,289 found=0 n=365464199214070713607851 elapsed=2843s
progress: nodes=59,280,000,000 tested=1,289 found=0 n=239204201132433183207561 elapsed=2844s
progress: nodes=59,290,000,000 tested=1,289 found=0 n=117200025991277802443871 elapsed=2844s
progress: nodes=59,300,000,000 tested=1,289 found=0 n=989795032347376120682817 elapsed=2845s
progress: nodes=59,310,000,000 tested=1,289 found=0 n=855471046935821783059593 elapsed=2845s
progress: nodes=59,320,000,000 tested=1,289 found=0 n=722468673901891051496361 elapsed=2846s
progress: nodes=59,330,000,000 tested=1,289 found=0 n=590998691780814022092387 elapsed=2846s
progress: nodes=59,340,000,000 tested=1,289 found=0 n=461244032220575155823271 elapsed=2847s
progress: nodes=59,350,000,000 tested=1,289 found=0 n=333786673310459347587609 elapsed=2847s
progress: nodes=59,360,000,000 tested=1,289 found=0 n=209334748985813833200819 elapsed=2848s
progress: nodes=59,370,000,000 tested=1,289 found=0 n=89615591701533938000961 elapsed=2848s
progress: nodes=59,380,000,000 tested=1,289 found=0 n=959161413281329250973981 elapsed=2849s
progress: nodes=59,390,000,000 tested=1,289 found=0 n=826045420589556826007349 elapsed=2849s
progress: nodes=59,400,000,000 tested=1,289 found=0 n=694159476700983612332013 elapsed=2849s
progress: nodes=59,410,000,000 tested=1,289 found=0 n=563933445696115045794243 elapsed=2850s
progress: nodes=59,420,000,000 tested=1,289 found=0 n=435603456982433889538389 elapsed=2850s
progress: nodes=59,430,000,000 tested=1,289 found=0 n=309597447749550187854627 elapsed=2851s
progress: nodes=59,440,000,000 tested=1,289 found=0 n=186856353483707871400437 elapsed=2851s
progress: nodes=59,450,000,000 tested=1,289 found=0 n=69391664273285170305489 elapsed=2852s
progress: nodes=59,460,000,000 tested=1,289 found=0 n=936858147003654640045281 elapsed=2852s
progress: nodes=59,470,000,000 tested=1,289 found=0 n=805036332014550938825523 elapsed=2853s
progress: nodes=59,480,000,000 tested=1,289 found=0 n=674567549796069822219327 elapsed=2853s
progress: nodes=59,490,000,000 tested=1,289 found=0 n=545684013480571209220977 elapsed=2854s
progress: nodes=59,500,000,000 tested=1,289 found=0 n=418696655318879420073591 elapsed=2854s
progress: nodes=59,510,000,000 tested=1,289 found=0 n=294057357737330555747379 elapsed=2855s
progress: nodes=59,520,000,000 tested=1,289 found=0 n=172812529489180592198187 elapsed=2855s
progress: nodes=59,530,000,000 tested=1,289 found=0 n=57147302442896261284689 elapsed=2856s
progress: nodes=59,540,000,000 tested=1,289 found=0 n=923579303756139000039069 elapsed=2856s
progress: nodes=59,550,000,000 tested=1,289 found=0 n=792926038020472482777651 elapsed=2857s
progress: nodes=59,560,000,000 tested=1,289 found=0 n=663597437741045975798631 elapsed=2857s
progress: nodes=59,570,000,000 tested=1,289 found=0 n=536051089246860220082049 elapsed=2858s
progress: nodes=59,580,000,000 tested=1,289 found=0 n=410583213099427758759369 elapsed=2858s
progress: nodes=59,590,000,000 tested=1,289 found=0 n=287499381020358206378679 elapsed=2859s
progress: nodes=59,600,000,000 tested=1,289 found=0 n=167798331853814408523777 elapsed=2859s
progress: nodes=59,610,000,000 tested=1,289 found=0 n=53699190176436241103667 elapsed=2860s
progress: nodes=59,620,000,000 tested=1,289 found=0 n=920898358491049293644289 elapsed=2860s
progress: nodes=59,630,000,000 tested=1,289 found=0 n=791734985362750959877347 elapsed=2860s
progress: nodes=59,640,000,000 tested=1,289 found=0 n=663988848007182408629919 elapsed=2861s
progress: nodes=59,650,000,000 tested=1,289 found=0 n=537775864895431951435647 elapsed=2861s
progress: nodes=59,660,000,000 tested=1,289 found=0 n=413346172766463780652809 elapsed=2862s
progress: nodes=59,670,000,000 tested=1,289 found=0 n=291251638597074657238737 elapsed=2862s
progress: nodes=59,680,000,000 tested=1,289 found=0 n=172500218806150855268649 elapsed=2863s
progress: nodes=59,690,000,000 tested=1,289 found=0 n=59133787092909475109163 elapsed=2863s
progress: nodes=59,700,000,000 tested=1,289 found=0 n=928579705557176175892389 elapsed=2864s
progress: nodes=59,710,000,000 tested=1,289 found=0 n=800547687094498111581813 elapsed=2864s
progress: nodes=59,720,000,000 tested=1,289 found=0 n=673772636001983197112433 elapsed=2865s
progress: nodes=59,730,000,000 tested=1,289 found=0 n=548450418307694014771659 elapsed=2865s
progress: nodes=59,740,000,000 tested=1,289 found=0 n=424948050366937011803889 elapsed=2866s
progress: nodes=59,750,000,000 tested=1,289 found=0 n=303717196925164784821059 elapsed=2866s
progress: nodes=59,760,000,000 tested=1,289 found=0 n=185694969253278868241859 elapsed=2867s
progress: nodes=59,770,000,000 tested=1,289 found=0 n=72624815610177460312683 elapsed=2867s
progress: nodes=59,780,000,000 tested=1,289 found=0 n=945664430382496357614081 elapsed=2868s
progress: nodes=59,790,000,000 tested=1,289 found=0 n=818971725927300478830297 elapsed=2868s
progress: nodes=59,800,000,000 tested=1,289 found=0 n=693457997294737429733979 elapsed=2869s
progress: nodes=59,810,000,000 tested=1,289 found=0 n=569515776046737035106591 elapsed=2869s
progress: nodes=59,820,000,000 tested=1,289 found=0 n=447373828024522094797101 elapsed=2870s
progress: nodes=59,830,000,000 tested=1,289 found=0 n=327202494301497811977981 elapsed=2870s
progress: nodes=59,840,000,000 tested=1,289 found=0 n=209775352426894759245741 elapsed=2871s
progress: nodes=59,850,000,000 tested=1,289 found=0 n=96605011271217536944857 elapsed=2871s
progress: nodes=59,860,000,000 tested=1,289 found=0 n=974745307860172939030941 elapsed=2872s
progress: nodes=59,870,000,000 tested=1,289 found=0 n=848976290238268895105403 elapsed=2872s
progress: nodes=59,880,000,000 tested=1,289 found=0 n=724419390720085638637059 elapsed=2873s
progress: nodes=59,890,000,000 tested=1,289 found=0 n=601264694163263449468149 elapsed=2873s
progress: nodes=59,900,000,000 tested=1,289 found=0 n=479716619184017044100271 elapsed=2873s
progress: nodes=59,910,000,000 tested=1,289 found=0 n=360157931396341277556357 elapsed=2874s
progress: nodes=59,920,000,000 tested=1,289 found=0 n=243029040699516354956673 elapsed=2874s
progress: nodes=59,930,000,000 tested=1,289 found=0 n=129533234292360980248167 elapsed=2875s
progress: nodes=59,940,000,000 tested=1,289 found=0 n=23109669322164452386359 elapsed=2875s
progress: nodes=59,950,000,000 tested=1,289 found=0 n=888754793143629300607719 elapsed=2876s
progress: nodes=59,960,000,000 tested=1,289 found=0 n=765071313554576630993391 elapsed=2876s
progress: nodes=59,970,000,000 tested=1,289 found=0 n=642673969942234800747177 elapsed=2877s
progress: nodes=59,980,000,000 tested=1,289 found=0 n=521552136005607643275339 elapsed=2877s
progress: nodes=59,990,000,000 tested=1,289 found=0 n=402352782308586511120719 elapsed=2878s
progress: nodes=60,000,000,000 tested=1,289 found=0 n=285257563549821476032419 elapsed=2878s
progress: nodes=60,010,000,000 tested=1,289 found=0 n=171165930312827219098329 elapsed=2879s
progress: nodes=60,020,000,000 tested=1,289 found=0 n=62010384706097315320833 elapsed=2879s
progress: nodes=60,030,000,000 tested=1,289 found=0 n=936728608055072193680319 elapsed=2880s
progress: nodes=60,040,000,000 tested=1,289 found=0 n=813471500644376927444091 elapsed=2880s
progress: nodes=60,050,000,000 tested=1,289 found=0 n=691450836317510135529663 elapsed=2881s
progress: nodes=60,060,000,000 tested=1,289 found=0 n=570835118053491903278667 elapsed=2881s
progress: nodes=60,070,000,000 tested=1,289 found=0 n=451981017260665387892397 elapsed=2882s
progress: nodes=60,080,000,000 tested=1,289 found=0 n=335061476319888646597269 elapsed=2882s
progress: nodes=60,090,000,000 tested=1,289 found=0 n=220705628200171069466511 elapsed=2883s
progress: nodes=60,100,000,000 tested=1,289 found=0 n=110062217753430587025381 elapsed=2883s
progress: nodes=60,110,000,000 tested=1,289 found=0 n=993504898020137301295497 elapsed=2884s
progress: nodes=60,120,000,000 tested=1,289 found=0 n=871121026191994618513473 elapsed=2884s
progress: nodes=60,130,000,000 tested=1,289 found=0 n=749862934965279519332949 elapsed=2885s
progress: nodes=60,140,000,000 tested=1,289 found=0 n=629761736642521997030517 elapsed=2885s
progress: nodes=60,150,000,000 tested=1,289 found=0 n=511049297300432462002431 elapsed=2886s
progress: nodes=60,160,000,000 tested=1,289 found=0 n=394204722871003373906577 elapsed=2886s
progress: nodes=60,170,000,000 tested=1,289 found=0 n=279469760705093164839633 elapsed=2886s
progress: nodes=60,180,000,000 tested=1,289 found=0 n=167674950172747113459363 elapsed=2887s
progress: nodes=60,190,000,000 tested=1,289 found=0 n=60787564102841931938583 elapsed=2887s
progress: nodes=60,200,000,000 tested=1,289 found=0 n=937708255221596701723881 elapsed=2888s
progress: nodes=60,210,000,000 tested=1,289 found=0 n=816910775779934718121239 elapsed=2888s
progress: nodes=60,220,000,000 tested=1,289 found=0 n=697305703548955209265557 elapsed=2889s
progress: nodes=60,230,000,000 tested=1,289 found=0 n=579076143714161513467047 elapsed=2889s
progress: nodes=60,240,000,000 tested=1,289 found=0 n=462293702212941018056637 elapsed=2890s
progress: nodes=60,250,000,000 tested=1,289 found=0 n=347393920858003279863603 elapsed=2890s
progress: nodes=60,260,000,000 tested=1,289 found=0 n=234790721667998571828753 elapsed=2891s
progress: nodes=60,270,000,000 tested=1,289 found=0 n=125660906678604474173997 elapsed=2891s
progress: nodes=60,280,000,000 tested=1,289 found=0 n=23212145089631661254091 elapsed=2892s
progress: nodes=60,290,000,000 tested=1,289 found=0 n=893291602609425480159699 elapsed=2892s
progress: nodes=60,300,000,000 tested=1,289 found=0 n=774017642271575655116163 elapsed=2893s
progress: nodes=60,310,000,000 tested=1,289 found=0 n=656111612468747347821909 elapsed=2893s
progress: nodes=60,320,000,000 tested=1,289 found=0 n=539538656251803173244279 elapsed=2894s
progress: nodes=60,330,000,000 tested=1,289 found=0 n=424561854153696831889317 elapsed=2894s
progress: nodes=60,340,000,000 tested=1,289 found=0 n=311493254983104970058283 elapsed=2895s
progress: nodes=60,350,000,000 tested=1,289 found=0 n=201058348911196881631527 elapsed=2895s
progress: nodes=60,360,000,000 tested=1,289 found=0 n=94567544879619454714071 elapsed=2896s
progress: nodes=60,370,000,000 tested=1,289 found=0 n=979576762532801236294491 elapsed=2896s
progress: nodes=60,380,000,000 tested=1,289 found=0 n=861025596204651588323613 elapsed=2897s
progress: nodes=60,390,000,000 tested=1,289 found=0 n=743593830392675520074817 elapsed=2897s
progress: nodes=60,400,000,000 tested=1,289 found=0 n=627414989252375257981047 elapsed=2898s
progress: nodes=60,410,000,000 tested=1,289 found=0 n=512466849597786930067221 elapsed=2898s
progress: nodes=60,420,000,000 tested=1,289 found=0 n=399206309447548618688673 elapsed=2898s
progress: nodes=60,430,000,000 tested=1,289 found=0 n=287923079809659422837709 elapsed=2899s
progress: nodes=60,440,000,000 tested=1,289 found=0 n=179373196716552812044071 elapsed=2899s
progress: nodes=60,450,000,000 tested=1,289 found=0 n=75093617465857502963451 elapsed=2900s
progress: nodes=60,460,000,000 tested=1,289 found=0 n=958335804116138300369517 elapsed=2900s
progress: nodes=60,470,000,000 tested=1,289 found=0 n=841243287759842672271567 elapsed=2901s
progress: nodes=60,480,000,000 tested=1,289 found=0 n=725393399719681869679503 elapsed=2901s
progress: nodes=60,490,000,000 tested=1,289 found=0 n=610722666683443442819691 elapsed=2902s
progress: nodes=60,500,000,000 tested=1,289 found=0 n=497358399005765069311539 elapsed=2902s
progress: nodes=60,510,000,000 tested=1,289 found=0 n=385657861804279032149181 elapsed=2903s
progress: nodes=60,520,000,000 tested=1,289 found=0 n=276221873550776568992577 elapsed=2903s
progress: nodes=60,530,000,000 tested=1,289 found=0 n=169545451669303987209933 elapsed=2904s
progress: nodes=60,540,000,000 tested=1,289 found=0 n=67272972404533274940561 elapsed=2904s
progress: nodes=60,550,000,000 tested=1,289 found=0 n=950853206980004490621459 elapsed=2905s
progress: nodes=60,560,000,000 tested=1,289 found=0 n=835479467768978132259159 elapsed=2905s
progress: nodes=60,570,000,000 tested=1,289 found=0 n=721194707388666759391143 elapsed=2906s
progress: nodes=60,580,000,000 tested=1,289 found=0 n=608202310790781814380273 elapsed=2906s
progress: nodes=60,590,000,000 tested=1,289 found=0 n=496472040667607185071891 elapsed=2907s
progress: nodes=60,600,000,000 tested=1,289 found=0 n=386314722217162026188901 elapsed=2907s
progress: nodes=60,610,000,000 tested=1,289 found=0 n=278141765388919470847809 elapsed=2908s
progress: nodes=60,620,000,000 tested=1,289 found=0 n=172601155921962088682361 elapsed=2908s
progress: nodes=60,630,000,000 tested=1,289 found=0 n=71219506273792154170893 elapsed=2909s
progress: nodes=60,640,000,000 tested=1,289 found=0 n=956666522128805890499097 elapsed=2909s
progress: nodes=60,650,000,000 tested=1,289 found=0 n=842462618987153410817571 elapsed=2910s
progress: nodes=60,660,000,000 tested=1,289 found=0 n=729311575526333674523649 elapsed=2910s
progress: nodes=60,670,000,000 tested=1,289 found=0 n=617252082080839982866089 elapsed=2910s
progress: nodes=60,680,000,000 tested=1,289 found=0 n=506513321956564735255443 elapsed=2911s
progress: nodes=60,690,000,000 tested=1,289 found=0 n=397413397802138366688039 elapsed=2911s
progress: nodes=60,700,000,000 tested=1,289 found=0 n=290189222433006992696601 elapsed=2912s
progress: nodes=60,710,000,000 tested=1,289 found=0 n=185480948073386281885569 elapsed=2912s
progress: nodes=60,720,000,000 tested=1,289 found=0 n=84603769001250571949877 elapsed=2913s
progress: nodes=60,730,000,000 tested=1,289 found=0 n=973567636817649484848237 elapsed=2913s
progress: nodes=60,740,000,000 tested=1,289 found=0 n=860557419429656053712607 elapsed=2914s
progress: nodes=60,750,000,000 tested=1,289 found=0 n=748471438834330499455167 elapsed=2914s
progress: nodes=60,760,000,000 tested=1,289 found=0 n=637434207159203559546441 elapsed=2915s
progress: nodes=60,770,000,000 tested=1,289 found=0 n=527575254946060452021891 elapsed=2915s
progress: nodes=60,780,000,000 tested=1,289 found=0 n=419190908456922304479777 elapsed=2916s
progress: nodes=60,790,000,000 tested=1,289 found=0 n=312572918017838941443981 elapsed=2916s
progress: nodes=60,800,000,000 tested=1,289 found=0 n=208201162275006664676913 elapsed=2917s
progress: nodes=60,810,000,000 tested=1,289 found=0 n=107196500757176065107873 elapsed=2917s
progress: nodes=60,820,000,000 tested=1,290 found=0 n=13179974413354440522831 elapsed=2918s
progress: nodes=60,830,000,000 tested=1,290 found=0 n=888420811932918274002993 elapsed=2918s
progress: nodes=60,840,000,000 tested=1,290 found=0 n=777153866031959640775551 elapsed=2919s
progress: nodes=60,850,000,000 tested=1,290 found=0 n=666948251659762007778843 elapsed=2919s
progress: nodes=60,860,000,000 tested=1,290 found=0 n=557928756562147286997681 elapsed=2920s
progress: nodes=60,870,000,000 tested=1,290 found=0 n=453643495303803774112143 elapsed=2920s
progress: nodes=60,880,000,000 tested=1,290 found=0 n=357507173466188812036971 elapsed=2921s
progress: nodes=60,890,000,000 tested=1,290 found=0 n=269048682646932540034683 elapsed=2921s
progress: nodes=60,900,000,000 tested=1,290 found=0 n=191686603396695703563267 elapsed=2921s
progress: nodes=60,910,000,000 tested=1,290 found=0 n=120177835016809076505999 elapsed=2922s
progress: nodes=60,920,000,000 tested=1,290 found=0 n=56149368616934347451697 elapsed=2922s
progress: nodes=60,930,000,000 tested=1,290 found=0 n=971652701216685773884599 elapsed=2923s
progress: nodes=60,940,000,000 tested=1,290 found=0 n=913165205407503735864177 elapsed=2923s
progress: nodes=60,950,000,000 tested=1,290 found=0 n=861472290079903736971737 elapsed=2924s
progress: nodes=60,960,000,000 tested=1,290 found=0 n=814289331409215840449271 elapsed=2924s
progress: nodes=60,970,000,000 tested=1,290 found=0 n=771421129900530789000321 elapsed=2925s
progress: nodes=60,980,000,000 tested=1,290 found=0 n=731596066627936764751497 elapsed=2925s
progress: nodes=60,990,000,000 tested=1,290 found=0 n=694704782347127429854977 elapsed=2926s
progress: nodes=61,000,000,000 tested=1,290 found=0 n=666045866417590130985513 elapsed=2926s
progress: nodes=61,010,000,000 tested=1,290 found=0 n=641547221062156345737801 elapsed=2927s
progress: nodes=61,020,000,000 tested=1,290 found=0 n=623775783902001283672119 elapsed=2927s
progress: nodes=61,030,000,000 tested=1,290 found=0 n=610995764825960168123469 elapsed=2928s
progress: nodes=61,040,000,000 tested=1,290 found=0 n=605710312816054227865083 elapsed=2928s
progress: nodes=61,050,000,000 tested=1,290 found=0 n=605785434409325443364091 elapsed=2928s
progress: nodes=61,060,000,000 tested=1,290 found=0 n=611922111068532018123369 elapsed=2929s
progress: nodes=61,070,000,000 tested=1,290 found=0 n=622061490736983570876603 elapsed=2929s
progress: nodes=61,080,000,000 tested=1,290 found=0 n=636939979529823787857039 elapsed=2930s
progress: nodes=61,090,000,000 tested=1,290 found=0 n=656498074522154859195201 elapsed=2930s
progress: nodes=61,100,000,000 tested=1,290 found=0 n=679488406961244616344609 elapsed=2931s
progress: nodes=61,110,000,000 tested=1,290 found=0 n=707754164542006200337719 elapsed=2931s
progress: nodes=61,120,000,000 tested=1,290 found=0 n=743861076288355376932581 elapsed=2932s
progress: nodes=61,130,000,000 tested=1,290 found=0 n=786821467221540514502739 elapsed=2932s
progress: nodes=61,140,000,000 tested=1,290 found=0 n=833806580086075491348453 elapsed=2933s
progress: nodes=61,150,000,000 tested=1,290 found=0 n=887732308070011566603441 elapsed=2933s
progress: nodes=61,160,000,000 tested=1,290 found=0 n=19478253761998269431193 elapsed=2934s
progress: nodes=61,170,000,000 tested=1,290 found=0 n=78090039085332365712621 elapsed=2934s
progress: nodes=61,180,000,000 tested=1,290 found=0 n=143741210658520925340891 elapsed=2935s
progress: nodes=61,190,000,000 tested=1,290 found=0 n=216850317528199034861181 elapsed=2935s
progress: nodes=61,200,000,000 tested=1,290 found=0 n=297015028097502596334453 elapsed=2936s
progress: nodes=61,210,000,000 tested=1,290 found=0 n=385005133331338231062351 elapsed=2936s
progress: nodes=61,220,000,000 tested=1,290 found=0 n=482672048136046512476733 elapsed=2937s
progress: nodes=61,230,000,000 tested=1,290 found=0 n=588656237558114500816041 elapsed=2937s
progress: nodes=61,240,000,000 tested=1,290 found=0 n=704578424357665732475601 elapsed=2937s
progress: nodes=61,250,000,000 tested=1,290 found=0 n=825864581606762756127069 elapsed=2938s
progress: nodes=61,260,000,000 tested=1,290 found=0 n=38192443558819861914603 elapsed=2938s
progress: nodes=61,270,000,000 tested=1,290 found=0 n=156347763826776053655123 elapsed=2939s
progress: nodes=61,280,000,000 tested=1,290 found=0 n=284453756359157438720667 elapsed=2939s
progress: nodes=61,290,000,000 tested=1,290 found=0 n=420194628358756659519111 elapsed=2940s
progress: nodes=61,300,000,000 tested=1,290 found=0 n=563959419317040457597887 elapsed=2940s
progress: nodes=61,310,000,000 tested=1,290 found=0 n=719130373433639786700081 elapsed=2941s
progress: nodes=61,320,000,000 tested=1,290 found=0 n=880310651054963763207573 elapsed=2941s
progress: nodes=61,330,000,000 tested=1,290 found=0 n=134864201144092207274487 elapsed=2942s
progress: nodes=61,340,000,000 tested=1,290 found=0 n=299034835394009173910451 elapsed=2942s
progress: nodes=61,350,000,000 tested=1,290 found=0 n=473643619993821199193271 elapsed=2943s
progress: nodes=61,360,000,000 tested=1,290 found=0 n=657145697730498867281391 elapsed=2943s
progress: nodes=61,370,000,000 tested=1,290 found=0 n=847320755503067152924617 elapsed=2944s
progress: nodes=61,380,000,000 tested=1,290 found=0 n=134779792556818329497577 elapsed=2944s
progress: nodes=61,390,000,000 tested=1,290 found=0 n=322041058886135412997173 elapsed=2945s
progress: nodes=61,400,000,000 tested=1,290 found=0 n=524907925190014136103333 elapsed=2945s
progress: nodes=61,410,000,000 tested=1,290 found=0 n=737409513751902299549241 elapsed=2945s
progress: nodes=61,420,000,000 tested=1,290 found=0 n=70589517921963373610277 elapsed=2946s
progress: nodes=61,430,000,000 tested=1,290 found=0 n=281145002369130934693659 elapsed=2946s
progress: nodes=61,440,000,000 tested=1,290 found=0 n=511139640416781908228697 elapsed=2947s
progress: nodes=61,450,000,000 tested=1,290 found=0 n=754859352098909563875369 elapsed=2947s
progress: nodes=61,460,000,000 tested=1,290 found=0 n=121888739814300850053663 elapsed=2948s
progress: nodes=61,470,000,000 tested=1,290 found=0 n=363731252089905818559441 elapsed=2948s
progress: nodes=61,480,000,000 tested=1,290 found=0 n=620852107198772701228977 elapsed=2949s
progress: nodes=61,490,000,000 tested=1,290 found=0 n=22497355706279016856293 elapsed=2949s
progress: nodes=61,500,000,000 tested=1,290 found=0 n=266675909183087529682557 elapsed=2950s
progress: nodes=61,510,000,000 tested=1,290 found=0 n=533343184370606067216759 elapsed=2950s
progress: nodes=61,520,000,000 tested=1,290 found=0 n=811506740382816471820827 elapsed=2951s
progress: nodes=61,530,000,000 tested=1,290 found=0 n=214150853606247815360103 elapsed=2951s
progress: nodes=61,540,000,000 tested=1,290 found=0 n=492653419742450022259203 elapsed=2952s
progress: nodes=61,550,000,000 tested=1,290 found=0 n=786432496329315273374937 elapsed=2952s
progress: nodes=61,560,000,000 tested=1,290 found=0 n=210115703168668785228741 elapsed=2953s
progress: nodes=61,570,000,000 tested=1,290 found=0 n=506323227616639277005161 elapsed=2953s
progress: nodes=61,580,000,000 tested=1,290 found=0 n=817235031377068638623289 elapsed=2954s
progress: nodes=61,590,000,000 tested=1,290 found=0 n=259390345594134613341483 elapsed=2954s
progress: nodes=61,600,000,000 tested=1,290 found=0 n=572265880761562914443517 elapsed=2955s
progress: nodes=61,610,000,000 tested=1,290 found=0 n=52172762894997555403593 elapsed=2955s
progress: nodes=61,620,000,000 tested=1,290 found=0 n=363147775695143821014633 elapsed=2956s
progress: nodes=61,630,000,000 tested=1,290 found=0 n=699138246533172832232847 elapsed=2956s
progress: nodes=61,640,000,000 tested=1,290 found=0 n=186324718705602269789997 elapsed=2956s
progress: nodes=61,650,000,000 tested=1,290 found=0 n=524945119144242870680607 elapsed=2957s
progress: nodes=61,660,000,000 tested=1,290 found=0 n=41578908581322023484573 elapsed=2957s
progress: nodes=61,670,000,000 tested=1,290 found=0 n=376521352874349990217911 elapsed=2958s
progress: nodes=61,680,000,000 tested=1,290 found=0 n=738380203208440137348003 elapsed=2958s
progress: nodes=61,690,000,000 tested=1,290 found=0 n=251592728331702636641763 elapsed=2959s
progress: nodes=61,700,000,000 tested=1,290 found=0 n=614608667827607040434847 elapsed=2959s
progress: nodes=61,710,000,000 tested=1,290 found=0 n=147316389018658722021159 elapsed=2960s
progress: nodes=61,720,000,000 tested=1,290 found=0 n=513572416147473911461233 elapsed=2960s
progress: nodes=61,730,000,000 tested=1,290 found=0 n=68025531521171723688189 elapsed=2961s
progress: nodes=61,740,000,000 tested=1,290 found=0 n=436805899910898230629917 elapsed=2961s
progress: nodes=61,750,000,000 tested=1,290 found=0 n=13425174098264138467257 elapsed=2962s
progress: nodes=61,760,000,000 tested=1,290 found=0 n=383177826732276306189459 elapsed=2962s
progress: nodes=61,770,000,000 tested=1,290 found=0 n=787086959370884855936253 elapsed=2963s
progress: nodes=61,780,000,000 tested=1,290 found=0 n=352969254095932620433287 elapsed=2963s
progress: nodes=61,790,000,000 tested=1,290 found=0 n=766864266605265488646987 elapsed=2964s
progress: nodes=61,800,000,000 tested=1,290 found=0 n=343312702228787345275221 elapsed=2964s
progress: nodes=61,810,000,000 tested=1,290 found=0 n=761873253180399541990809 elapsed=2965s
progress: nodes=61,820,000,000 tested=1,290 found=0 n=348573320129288603339991 elapsed=2965s
progress: nodes=61,830,000,000 tested=1,290 found=0 n=777440465143403813218467 elapsed=2966s
progress: nodes=61,840,000,000 tested=1,290 found=0 n=376302938884500132698193 elapsed=2966s
progress: nodes=61,850,000,000 tested=1,290 found=0 n=817049882354083072001307 elapsed=2967s
progress: nodes=61,860,000,000 tested=1,290 found=0 n=424745513256957545780127 elapsed=2967s
progress: nodes=61,870,000,000 tested=1,290 found=0 n=62384339117319772251699 elapsed=2968s
progress: nodes=61,880,000,000 tested=1,290 found=0 n=492857963443389504937977 elapsed=2968s
progress: nodes=61,890,000,000 tested=1,290 found=0 n=136997840949770095792497 elapsed=2969s
progress: nodes=61,900,000,000 tested=1,290 found=0 n=585250778854632413435913 elapsed=2969s
progress: nodes=61,910,000,000 tested=1,290 found=0 n=234241378869838636575279 elapsed=2970s
progress: nodes=61,920,000,000 tested=1,290 found=0 n=701467237735876855021779 elapsed=2970s
progress: nodes=61,930,000,000 tested=1,290 found=0 n=359782345876603953474171 elapsed=2970s
progress: nodes=61,940,000,000 tested=1,290 found=0 n=46525404080348532930591 elapsed=2971s
progress: nodes=61,950,000,000 tested=1,290 found=0 n=510705551794309813222281 elapsed=2971s
progress: nodes=61,960,000,000 tested=1,290 found=0 n=196533366060531914743329 elapsed=2972s
progress: nodes=61,970,000,000 tested=1,290 found=0 n=686464727884315856458983 elapsed=2972s
progress: nodes=61,980,000,000 tested=1,290 found=0 n=373626946707902633993247 elapsed=2973s
progress: nodes=61,990,000,000 tested=1,290 found=0 n=81861021389503125528759 elapsed=2973s
progress: nodes=62,000,000,000 tested=1,290 found=0 n=568807221950500252438719 elapsed=2974s
progress: nodes=62,010,000,000 tested=1,290 found=0 n=272651518789692231678489 elapsed=2974s
progress: nodes=62,020,000,000 tested=1,290 found=0 n=782472003790162127889447 elapsed=2975s
progress: nodes=62,030,000,000 tested=1,290 found=0 n=487318322485134634893399 elapsed=2975s
progress: nodes=62,040,000,000 tested=1,290 found=0 n=209896907649927596981883 elapsed=2976s
progress: nodes=62,050,000,000 tested=1,290 found=0 n=731516238991339110366057 elapsed=2976s
progress: nodes=62,060,000,000 tested=1,290 found=0 n=461310611010355456437087 elapsed=2977s
progress: nodes=62,070,000,000 tested=1,290 found=0 n=204519730542298349036859 elapsed=2977s
progress: nodes=62,080,000,000 tested=1,290 found=0 n=741637826174372166546507 elapsed=2978s
progress: nodes=62,090,000,000 tested=1,290 found=0 n=491856447821116942673109 elapsed=2978s
progress: nodes=62,100,000,000 tested=1,290 found=0 n=254749458968985292733421 elapsed=2979s
progress: nodes=62,110,000,000 tested=1,290 found=0 n=36079092868514573248371 elapsed=2979s
progress: nodes=62,120,000,000 tested=1,290 found=0 n=570999886461971602408773 elapsed=2980s
progress: nodes=62,130,000,000 tested=1,290 found=0 n=343928700890468453216457 elapsed=2980s
progress: nodes=62,140,000,000 tested=1,290 found=0 n=130346832528843032004903 elapsed=2981s
progress: nodes=62,150,000,000 tested=1,290 found=0 n=689115838012525470974427 elapsed=2981s
progress: nodes=62,160,000,000 tested=1,290 found=0 n=477850074040013035299939 elapsed=2982s
progress: nodes=62,170,000,000 tested=1,290 found=0 n=277589626542479509589331 elapsed=2982s
progress: nodes=62,180,000,000 tested=1,290 found=0 n=91374199933441104402723 elapsed=2983s
progress: nodes=62,190,000,000 tested=1,290 found=0 n=663531698687143614521193 elapsed=2983s
progress: nodes=62,200,000,000 tested=1,290 found=0 n=470975974677726633908793 elapsed=2984s
progress: nodes=62,210,000,000 tested=1,290 found=0 n=289380380486931395290629 elapsed=2984s
progress: nodes=62,220,000,000 tested=1,290 found=0 n=121128903596352986162829 elapsed=2984s
progress: nodes=62,230,000,000 tested=1,290 found=0 n=715997801205818879420673 elapsed=2985s
progress: nodes=62,240,000,000 tested=1,290 found=0 n=551063447122398876494829 elapsed=2985s
progress: nodes=62,250,000,000 tested=1,290 found=0 n=394870720336671599429409 elapsed=2986s
progress: nodes=62,260,000,000 tested=1,290 found=0 n=247424927890382381226087 elapsed=2986s
progress: nodes=62,270,000,000 tested=1,290 found=0 n=109204470914539820096277 elapsed=2987s
progress: nodes=62,280,000,000 tested=1,290 found=0 n=724307176955862588749661 elapsed=2987s
progress: nodes=62,290,000,000 tested=1,290 found=0 n=585379681792041494799441 elapsed=2988s
progress: nodes=62,300,000,000 tested=1,290 found=0 n=456530705791246775942253 elapsed=2988s
progress: nodes=62,310,000,000 tested=1,290 found=0 n=335792819981250044269857 elapsed=2989s
progress: nodes=62,320,000,000 tested=1,290 found=0 n=221235274359190901772963 elapsed=2989s
progress: nodes=62,330,000,000 tested=1,290 found=0 n=115050913782557858332227 elapsed=2990s
progress: nodes=62,340,000,000 tested=1,290 found=0 n=20507260173645711424959 elapsed=2990s
progress: nodes=62,350,000,000 tested=1,290 found=0 n=652097083060462786585839 elapsed=2991s
progress: nodes=62,360,000,000 tested=1,290 found=0 n=552688988137091662529673 elapsed=2991s
progress: nodes=62,370,000,000 tested=1,290 found=0 n=457415394104067943512969 elapsed=2992s
progress: nodes=62,380,000,000 tested=1,290 found=0 n=366621857569251869361777 elapsed=2992s
progress: nodes=62,390,000,000 tested=1,290 found=0 n=280868631117106636711107 elapsed=2993s
progress: nodes=62,400,000,000 tested=1,290 found=0 n=202036817818186403361309 elapsed=2993s
progress: nodes=62,410,000,000 tested=1,290 found=0 n=129823259817472930245537 elapsed=2994s
progress: nodes=62,420,000,000 tested=1,290 found=0 n=63857709343791783921501 elapsed=2994s
progress: nodes=62,430,000,000 tested=1,290 found=0 n=730387539148492081643787 elapsed=2995s
progress: nodes=62,440,000,000 tested=1,290 found=0 n=666250005987958337504559 elapsed=2995s
progress: nodes=62,450,000,000 tested=1,290 found=0 n=610373304065535208307109 elapsed=2996s
progress: nodes=62,460,000,000 tested=1,290 found=0 n=560850860573556861697389 elapsed=2996s
progress: nodes=62,470,000,000 tested=1,290 found=0 n=517020765120149570919639 elapsed=2997s
progress: nodes=62,480,000,000 tested=1,290 found=0 n=481052857857101727316119 elapsed=2997s
progress: nodes=62,490,000,000 tested=1,290 found=0 n=449265796556580307092789 elapsed=2998s
progress: nodes=62,500,000,000 tested=1,290 found=0 n=421503533821712538305109 elapsed=2998s
progress: nodes=62,510,000,000 tested=1,290 found=0 n=401660486429064828506541 elapsed=2999s
progress: nodes=62,520,000,000 tested=1,290 found=0 n=393022330922921065246881 elapsed=2999s
progress: nodes=62,530,000,000 tested=1,290 found=0 n=387439481926955383634709 elapsed=2999s
progress: nodes=62,540,000,000 tested=1,290 found=0 n=390968095853477189846799 elapsed=3000s
progress: nodes=62,550,000,000 tested=1,290 found=0 n=398352474351811759180401 elapsed=3000s
progress: nodes=62,560,000,000 tested=1,290 found=0 n=409769510021564783893803 elapsed=3001s
progress: nodes=62,570,000,000 tested=1,290 found=0 n=430195895981515295104473 elapsed=3001s
progress: nodes=62,580,000,000 tested=1,290 found=0 n=455141099199222161142417 elapsed=3002s
progress: nodes=62,590,000,000 tested=1,290 found=0 n=484461176310401545478223 elapsed=3002s
progress: nodes=62,600,000,000 tested=1,290 found=0 n=521303926191479467235199 elapsed=3003s
progress: nodes=62,610,000,000 tested=1,290 found=0 n=566279582835261412886769 elapsed=3003s
progress: nodes=62,620,000,000 tested=1,290 found=0 n=617123189840145664074399 elapsed=3004s
progress: nodes=62,630,000,000 tested=1,290 found=0 n=674236343547062992378683 elapsed=3004s
progress: nodes=62,640,000,000 tested=1,290 found=0 n=36674020911251169258813 elapsed=3005s
progress: nodes=62,650,000,000 tested=1,290 found=0 n=94839447650794915257189 elapsed=3005s
progress: nodes=62,660,000,000 tested=1,290 found=0 n=159757832379271851465741 elapsed=3006s
progress: nodes=62,670,000,000 tested=1,290 found=0 n=229951043419753910837583 elapsed=3006s
progress: nodes=62,680,000,000 tested=1,290 found=0 n=307275470695896605811909 elapsed=3007s
progress: nodes=62,690,000,000 tested=1,290 found=0 n=391429393392062416341951 elapsed=3007s
progress: nodes=62,700,000,000 tested=1,290 found=0 n=483460094245087598415777 elapsed=3008s
progress: nodes=62,710,000,000 tested=1,290 found=0 n=582231264650239557994641 elapsed=3008s
progress: nodes=62,720,000,000 tested=1,290 found=0 n=688611330675615494067921 elapsed=3009s
progress: nodes=62,730,000,000 tested=1,290 found=0 n=102888080532893064842433 elapsed=3009s
progress: nodes=62,740,000,000 tested=1,290 found=0 n=208584150382737257795667 elapsed=3010s
progress: nodes=62,750,000,000 tested=1,290 found=0 n=322952132778334484263839 elapsed=3010s
progress: nodes=62,760,000,000 tested=1,290 found=0 n=444889889886165285148587 elapsed=3011s
progress: nodes=62,770,000,000 tested=1,290 found=0 n=572007781373729325187563 elapsed=3011s
progress: nodes=62,780,000,000 tested=1,290 found=0 n=25686641560245274465857 elapsed=3011s
progress: nodes=62,790,000,000 tested=1,290 found=0 n=149781431767592374690941 elapsed=3012s
progress: nodes=62,800,000,000 tested=1,290 found=0 n=285914573806712011212051 elapsed=3012s
progress: nodes=62,810,000,000 tested=1,290 found=0 n=431254092796934878027557 elapsed=3013s
progress: nodes=62,820,000,000 tested=1,290 found=0 n=584759595049227846835587 elapsed=3013s
progress: nodes=62,830,000,000 tested=1,290 found=0 n=63530811801799456541427 elapsed=3014s
progress: nodes=62,840,000,000 tested=1,290 found=0 n=211303589499550975918491 elapsed=3014s
progress: nodes=62,850,000,000 tested=1,290 found=0 n=370625295047616640312281 elapsed=3015s
progress: nodes=62,860,000,000 tested=1,290 found=0 n=537713219492088231370779 elapsed=3015s
progress: nodes=62,870,000,000 tested=1,290 found=0 n=41623316706911974891857 elapsed=3016s
progress: nodes=62,880,000,000 tested=1,290 found=0 n=205795889462627026223661 elapsed=3016s
progress: nodes=62,890,000,000 tested=1,290 found=0 n=386019620440597843963263 elapsed=3017s
progress: nodes=62,900,000,000 tested=1,290 found=0 n=576272784379484791127529 elapsed=3017s
progress: nodes=62,910,000,000 tested=1,290 found=0 n=99389602230214411192077 elapsed=3018s
progress: nodes=62,920,000,000 tested=1,290 found=0 n=290470685566588991326863 elapsed=3018s
progress: nodes=62,930,000,000 tested=1,290 found=0 n=496768917526935859947141 elapsed=3019s
progress: nodes=62,940,000,000 tested=1,290 found=0 n=51139974802550909233959 elapsed=3019s
progress: nodes=62,950,000,000 tested=1,290 found=0 n=254150959423753415600577 elapsed=3020s
progress: nodes=62,960,000,000 tested=1,290 found=0 n=474834439395852788341089 elapsed=3020s
progress: nodes=62,970,000,000 tested=1,290 found=0 n=49808781798490156002561 elapsed=3021s
progress: nodes=62,980,000,000 tested=1,290 found=0 n=271547090585186410235241 elapsed=3021s
progress: nodes=62,990,000,000 tested=1,290 found=0 n=510891062470682224257927 elapsed=3022s
progress: nodes=63,000,000,000 tested=1,290 found=0 n=99856977860628338807457 elapsed=3022s
progress: nodes=63,010,000,000 tested=1,290 found=0 n=338878723044851222221989 elapsed=3023s
progress: nodes=63,020,000,000 tested=1,290 found=0 n=593360051559720995823273 elapsed=3023s
progress: nodes=63,030,000,000 tested=1,290 found=0 n=189482419529733244333419 elapsed=3024s
progress: nodes=63,040,000,000 tested=1,290 found=0 n=446028124028601158693649 elapsed=3024s
progress: nodes=63,050,000,000 tested=1,290 found=0 n=63236788651931941999953 elapsed=3025s
progress: nodes=63,060,000,000 tested=1,290 found=0 n=317423127773377518879987 elapsed=3025s
progress: nodes=63,070,000,000 tested=1,290 found=0 n=589914938476493638329321 elapsed=3026s
progress: nodes=63,080,000,000 tested=1,290 found=0 n=207404136546365317047489 elapsed=3026s
progress: nodes=63,090,000,000 tested=1,290 found=0 n=483819221010465734505111 elapsed=3027s
progress: nodes=63,100,000,000 tested=1,290 found=0 n=120678523520383615647861 elapsed=3027s
progress: nodes=63,110,000,000 tested=1,290 found=0 n=402235410265271991266859 elapsed=3027s
progress: nodes=63,120,000,000 tested=1,290 found=0 n=58200706014942238807059 elapsed=3028s
progress: nodes=63,130,000,000 tested=1,290 found=0 n=343767117966609255577659 elapsed=3028s
progress: nodes=63,140,000,000 tested=1,290 found=0 n=19243760221702981895931 elapsed=3029s
progress: nodes=63,150,000,000 tested=1,290 found=0 n=311144343001364300927499 elapsed=3029s
progress: nodes=63,160,000,000 tested=1,290 found=0 n=630541242606948472827027 elapsed=3030s
progress: nodes=63,170,000,000 tested=1,290 found=0 n=301359049867155046926159 elapsed=3030s
progress: nodes=63,180,000,000 tested=1,290 found=0 n=627200957527963401884301 elapsed=3031s
progress: nodes=63,190,000,000 tested=1,290 found=0 n=306988975364897785090131 elapsed=3031s
progress: nodes=63,200,000,000 tested=1,290 found=0 n=17255174902332884610093 elapsed=3032s
progress: nodes=63,210,000,000 tested=1,290 found=0 n=334826754057081328883841 elapsed=3032s
progress: nodes=63,220,000,000 tested=1,290 found=0 n=51002419771674988908291 elapsed=3033s
progress: nodes=63,230,000,000 tested=1,290 found=0 n=383581424608088642076141 elapsed=3033s
progress: nodes=63,240,000,000 tested=1,290 found=0 n=104131234546767732082779 elapsed=3034s
progress: nodes=63,250,000,000 tested=1,290 found=0 n=449753362861659378284763 elapsed=3034s
progress: nodes=63,260,000,000 tested=1,290 found=0 n=175826270022685921111473 elapsed=3035s
progress: nodes=63,270,000,000 tested=1,290 found=0 n=534635962013861482533759 elapsed=3035s
progress: nodes=63,280,000,000 tested=1,290 found=0 n=266120775513083678766579 elapsed=3036s
progress: nodes=63,290,000,000 tested=1,290 found=0 n=21220579745660825008479 elapsed=3036s
progress: nodes=63,300,000,000 tested=1,290 found=0 n=375654933199434787337439 elapsed=3037s
progress: nodes=63,310,000,000 tested=1,290 found=0 n=131591891415192483298023 elapsed=3037s
progress: nodes=63,320,000,000 tested=1,290 found=0 n=512502466266883846921167 elapsed=3038s
progress: nodes=63,330,000,000 tested=1,290 found=0 n=275131492436149280110179 elapsed=3038s
progress: nodes=63,340,000,000 tested=1,290 found=0 n=56121977567055528018891 elapsed=3039s
progress: nodes=63,350,000,000 tested=1,290 found=0 n=441903142357369279073487 elapsed=3039s
progress: nodes=63,360,000,000 tested=1,290 found=0 n=221810876334453996150561 elapsed=3040s
progress: nodes=63,370,000,000 tested=1,290 found=0 n=23857996706886531498309 elapsed=3040s
progress: nodes=63,380,000,000 tested=1,290 found=0 n=419603124898192623857469 elapsed=3041s
progress: nodes=63,390,000,000 tested=1,290 found=0 n=218549030262091494956991 elapsed=3041s
progress: nodes=63,400,000,000 tested=1,290 found=0 n=38729727172404053262477 elapsed=3042s
progress: nodes=63,410,000,000 tested=1,290 found=0 n=453485954782951467910533 elapsed=3042s
progress: nodes=63,420,000,000 tested=1,290 found=0 n=270292878905303404439289 elapsed=3042s
progress: nodes=63,430,000,000 tested=1,290 found=0 n=103190978338829490061953 elapsed=3043s
progress: nodes=63,440,000,000 tested=1,290 found=0 n=541641538080476428984389 elapsed=3043s
progress: nodes=63,450,000,000 tested=1,290 found=0 n=373789414838718653195421 elapsed=3044s
progress: nodes=63,460,000,000 tested=1,290 found=0 n=215560325460570738266619 elapsed=3044s
progress: nodes=63,470,000,000 tested=1,290 found=0 n=71533334418692089983039 elapsed=3045s
progress: nodes=63,480,000,000 tested=1,290 found=0 n=523589212348366825059399 elapsed=3045s
progress: nodes=63,490,000,000 tested=1,290 found=0 n=378708770178083997983331 elapsed=3046s
progress: nodes=63,500,000,000 tested=1,290 found=0 n=241239894020580461419413 elapsed=3046s
progress: nodes=63,510,000,000 tested=1,290 found=0 n=117086012677756567654209 elapsed=3047s
progress: nodes=63,520,000,000 tested=1,290 found=0 n=595747860118762644862569 elapsed=3047s
progress: nodes=63,530,000,000 tested=1,290 found=0 n=476197148966896694964627 elapsed=3048s
progress: nodes=63,540,000,000 tested=1,290 found=0 n=363158412473001890573829 elapsed=3048s
progress: nodes=63,550,000,000 tested=1,290 found=0 n=255231962014617614489463 elapsed=3049s
progress: nodes=63,560,000,000 tested=1,290 found=0 n=156633611760551762355519 elapsed=3049s
progress: nodes=63,570,000,000 tested=1,290 found=0 n=66073310415173872017207 elapsed=3050s
progress: nodes=63,580,000,000 tested=1,290 found=0 n=561514330828185978191949 elapsed=3050s
progress: nodes=63,590,000,000 tested=1,290 found=0 n=468226572434966706884523 elapsed=3051s
progress: nodes=63,600,000,000 tested=1,290 found=0 n=380982862427399662573143 elapsed=3051s
progress: nodes=63,610,000,000 tested=1,290 found=0 n=303035794464236790017061 elapsed=3052s
progress: nodes=63,620,000,000 tested=1,290 found=0 n=231046113699008078512041 elapsed=3052s
progress: nodes=63,630,000,000 tested=1,290 found=0 n=166723802489920434677919 elapsed=3052s
progress: nodes=63,640,000,000 tested=1,290 found=0 n=109998571208000692480263 elapsed=3053s
progress: nodes=63,650,000,000 tested=1,290 found=0 n=59627621782407630802851 elapsed=3053s
progress: nodes=63,660,000,000 tested=1,290 found=0 n=17077403026782606581073 elapsed=3054s
progress: nodes=63,670,000,000 tested=1,290 found=0 n=545986970476136296806699 elapsed=3054s
progress: nodes=63,680,000,000 tested=1,290 found=0 n=505515584791896215067531 elapsed=3055s
progress: nodes=63,690,000,000 tested=1,290 found=0 n=470756156642768439009567 elapsed=3055s
progress: nodes=63,700,000,000 tested=1,290 found=0 n=442049721935337028526013 elapsed=3056s
progress: nodes=63,710,000,000 tested=1,290 found=0 n=419378617095512200667541 elapsed=3056s
progress: nodes=63,720,000,000 tested=1,290 found=0 n=401257539319642319146833 elapsed=3057s
progress: nodes=63,730,000,000 tested=1,290 found=0 n=390402489873285768671793 elapsed=3057s
progress: nodes=63,740,000,000 tested=1,290 found=0 n=383927922295890544262691 elapsed=3058s
progress: nodes=63,750,000,000 tested=1,290 found=0 n=383807940576296456271051 elapsed=3058s
progress: nodes=63,760,000,000 tested=1,290 found=0 n=387851678296555151946267 elapsed=3059s
progress: nodes=63,770,000,000 tested=1,290 found=0 n=396803488537021492417491 elapsed=3059s
progress: nodes=63,780,000,000 tested=1,290 found=0 n=411716142655529961672423 elapsed=3060s
progress: nodes=63,790,000,000 tested=1,290 found=0 n=431697583878877757187747 elapsed=3060s
progress: nodes=63,800,000,000 tested=1,290 found=0 n=460201463515470485551743 elapsed=3060s
progress: nodes=63,810,000,000 tested=1,290 found=0 n=494670140955187112366451 elapsed=3061s
progress: nodes=63,820,000,000 tested=1,290 found=0 n=533633443193856120194079 elapsed=3061s
progress: nodes=63,830,000,000 tested=1,290 found=0 n=18729377256967915338801 elapsed=3062s
progress: nodes=63,840,000,000 tested=1,290 found=0 n=58882258709657640916659 elapsed=3062s
progress: nodes=63,850,000,000 tested=1,290 found=0 n=105446164771293405706647 elapsed=3063s
progress: nodes=63,860,000,000 tested=1,290 found=0 n=157833332544341998951407 elapsed=3063s
progress: nodes=63,870,000,000 tested=1,290 found=0 n=216957788299173300199821 elapsed=3064s
progress: nodes=63,880,000,000 tested=1,290 found=0 n=284099722313598792421821 elapsed=3064s
progress: nodes=63,890,000,000 tested=1,290 found=0 n=357727506835667829143283 elapsed=3065s
progress: nodes=63,900,000,000 tested=1,290 found=0 n=436825726821096535523601 elapsed=3065s
progress: nodes=63,910,000,000 tested=1,290 found=0 n=520029889826344917001983 elapsed=3066s
progress: nodes=63,920,000,000 tested=1,290 found=0 n=53174341106558324966313 elapsed=3066s
progress: nodes=63,930,000,000 tested=1,290 found=0 n=140372891575387078635027 elapsed=3067s
progress: nodes=63,940,000,000 tested=1,290 found=0 n=235837038517341269789781 elapsed=3067s
progress: nodes=63,950,000,000 tested=1,290 found=0 n=337438172953863077923827 elapsed=3068s
progress: nodes=63,960,000,000 tested=1,290 found=0 n=445584794923767524856831 elapsed=3068s
progress: nodes=63,970,000,000 tested=1,290 found=0 n=17288547682576816236591 elapsed=3068s
progress: nodes=63,980,000,000 tested=1,290 found=0 n=121311774452066513686371 elapsed=3069s
progress: nodes=63,990,000,000 tested=1,290 found=0 n=238390401064130424122013 elapsed=3069s
progress: nodes=64,000,000,000 tested=1,290 found=0 n=364796194359300470924157 elapsed=3070s
progress: nodes=64,010,000,000 tested=1,290 found=0 n=499311549979432626166731 elapsed=3070s
progress: nodes=64,020,000,000 tested=1,290 found=0 n=91390781668788418473657 elapsed=3071s
progress: nodes=64,030,000,000 tested=1,290 found=0 n=228283306164598612056129 elapsed=3071s
progress: nodes=64,040,000,000 tested=1,290 found=0 n=374665170945917714455593 elapsed=3072s
progress: nodes=64,050,000,000 tested=1,290 found=0 n=528713889923513535121881 elapsed=3072s
progress: nodes=64,060,000,000 tested=1,290 found=0 n=138164980453745601757401 elapsed=3073s
progress: nodes=64,070,000,000 tested=1,290 found=0 n=293874312909496958355717 elapsed=3073s
progress: nodes=64,080,000,000 tested=1,290 found=0 n=460723790624673194670051 elapsed=3074s
progress: nodes=64,090,000,000 tested=1,290 found=0 n=95157691360109655644367 elapsed=3074s
progress: nodes=64,100,000,000 tested=1,290 found=0 n=266395966814362703809491 elapsed=3075s
progress: nodes=64,110,000,000 tested=1,290 found=0 n=449210434940580420994887 elapsed=3075s
progress: nodes=64,120,000,000 tested=1,290 found=0 n=100626338413457321373909 elapsed=3076s
progress: nodes=64,130,000,000 tested=1,290 found=0 n=287130191566491186570657 elapsed=3076s
progress: nodes=64,140,000,000 tested=1,290 found=0 n=487243924883315331488757 elapsed=3076s
progress: nodes=64,150,000,000 tested=1,290 found=0 n=154832961132884797485723 elapsed=3077s
progress: nodes=64,160,000,000 tested=1,290 found=0 n=360448247212392905729163 elapsed=3077s
progress: nodes=64,170,000,000 tested=1,290 found=0 n=48464780044902189917949 elapsed=3078s
progress: nodes=64,180,000,000 tested=1,290 found=0 n=256491748990540968183279 elapsed=3078s
progress: nodes=64,190,000,000 tested=1,290 found=0 n=482446484600247695298771 elapsed=3079s
progress: nodes=64,200,000,000 tested=1,290 found=0 n=177657135565450763803581 elapsed=3079s
progress: nodes=64,210,000,000 tested=1,290 found=0 n=409381427278787335619247 elapsed=3080s
progress: nodes=64,220,000,000 tested=1,290 found=0 n=123535392036044719493763 elapsed=3080s
progress: nodes=64,230,000,000 tested=1,290 found=0 n=363647394174044678008311 elapsed=3081s
progress: nodes=64,240,000,000 tested=1,290 found=0 n=91688114612068368887493 elapsed=3081s
progress: nodes=64,250,000,000 tested=1,290 found=0 n=338356083272956472811087 elapsed=3082s
progress: nodes=64,260,000,000 tested=1,290 found=0 n=77396577768981044715141 elapsed=3082s
progress: nodes=64,270,000,000 tested=1,290 found=0 n=334064902856868906245523 elapsed=3083s
progress: nodes=64,280,000,000 tested=1,290 found=0 n=85516722769863256868997 elapsed=3083s
progress: nodes=64,290,000,000 tested=1,290 found=0 n=353253524155003679956749 elapsed=3084s
progress: nodes=64,300,000,000 tested=1,290 found=0 n=115432609124354263813071 elapsed=3084s
progress: nodes=64,310,000,000 tested=1,290 found=0 n=395853777577945632989043 elapsed=3084s
progress: nodes=64,320,000,000 tested=1,290 found=0 n=165145896839705136476121 elapsed=3085s
progress: nodes=64,330,000,000 tested=1,290 found=0 n=457888441960379331342441 elapsed=3085s
progress: nodes=64,340,000,000 tested=1,290 found=0 n=235684197762949095887727 elapsed=3086s
progress: nodes=64,350,000,000 tested=1,290 found=0 n=33711720437676596758443 elapsed=3086s
progress: nodes=64,360,000,000 tested=1,290 found=0 n=327656169532977717362931 elapsed=3087s
progress: nodes=64,370,000,000 tested=1,290 found=0 n=127059147035352578535489 elapsed=3087s
progress: nodes=64,380,000,000 tested=1,290 found=0 n=439463746367622061678593 elapsed=3088s
progress: nodes=64,390,000,000 tested=1,290 found=0 n=243809223182132435508681 elapsed=3088s
progress: nodes=64,400,000,000 tested=1,290 found=0 n=61933162990504325486967 elapsed=3089s
progress: nodes=64,410,000,000 tested=1,290 found=0 n=380223917128597857077763 elapsed=3089s
progress: nodes=64,420,000,000 tested=1,290 found=0 n=200037388217784505789401 elapsed=3090s
progress: nodes=64,430,000,000 tested=1,290 found=0 n=38501569439399833830063 elapsed=3090s
progress: nodes=64,440,000,000 tested=1,290 found=0 n=372081131703248526517959 elapsed=3091s
progress: nodes=64,450,000,000 tested=1,290 found=0 n=213649003924227855176193 elapsed=3091s
progress: nodes=64,460,000,000 tested=1,290 found=0 n=67883755005627189225597 elapsed=3092s
progress: nodes=64,470,000,000 tested=1,290 found=0 n=419432013762340411902069 elapsed=3092s
progress: nodes=64,480,000,000 tested=1,290 found=0 n=274973484603984043905027 elapsed=3092s
progress: nodes=64,490,000,000 tested=1,290 found=0 n=139095486574453574001837 elapsed=3093s
progress: nodes=64,500,000,000 tested=1,290 found=0 n=18858167555562911737161 elapsed=3093s
progress: nodes=64,510,000,000 tested=1,290 found=0 n=382400812168037244578997 elapsed=3094s
progress: nodes=64,520,000,000 tested=1,290 found=0 n=261333719420267006860347 elapsed=3094s
progress: nodes=64,530,000,000 tested=1,290 found=0 n=149052444617823265826307 elapsed=3095s
progress: nodes=64,540,000,000 tested=1,290 found=0 n=48829239172134720442143 elapsed=3095s
progress: nodes=64,550,000,000 tested=1,290 found=0 n=437188712381761408197129 elapsed=3096s
progress: nodes=64,560,000,000 tested=1,290 found=0 n=340781418628142720449221 elapsed=3096s
progress: nodes=64,570,000,000 tested=1,290 found=0 n=252420897082990170481947 elapsed=3097s
progress: nodes=64,580,000,000 tested=1,290 found=0 n=170770117035560829367581 elapsed=3097s
progress: nodes=64,590,000,000 tested=1,290 found=0 n=97370998662144356408259 elapsed=3098s
progress: nodes=64,600,000,000 tested=1,290 found=0 n=32702107557255629982489 elapsed=3098s
progress: nodes=64,610,000,000 tested=1,290 found=0 n=450612433011434662897929 elapsed=3099s
progress: nodes=64,620,000,000 tested=1,290 found=0 n=389567546083932817888287 elapsed=3099s
progress: nodes=64,630,000,000 tested=1,290 found=0 n=335231313426598718806677 elapsed=3100s
progress: nodes=64,640,000,000 tested=1,290 found=0 n=286414818859367157716757 elapsed=3100s
progress: nodes=64,650,000,000 tested=1,290 found=0 n=241825850200895839309431 elapsed=3100s
progress: nodes=64,660,000,000 tested=1,290 found=0 n=203298828673218159614733 elapsed=3101s
progress: nodes=64,670,000,000 tested=1,290 found=0 n=173498451420701295187299 elapsed=3101s
progress: nodes=64,680,000,000 tested=1,290 found=0 n=148208020065694600812801 elapsed=3102s
progress: nodes=64,690,000,000 tested=1,290 found=0 n=127489514479547348945817 elapsed=3102s
progress: nodes=64,700,000,000 tested=1,290 found=0 n=114274794086577442865547 elapsed=3103s
progress: nodes=64,710,000,000 tested=1,290 found=0 n=107207440975368868245111 elapsed=3103s
progress: nodes=64,720,000,000 tested=1,290 found=0 n=105112262125830125613447 elapsed=3104s
progress: nodes=64,730,000,000 tested=1,290 found=0 n=108187532756376192496377 elapsed=3104s
progress: nodes=64,740,000,000 tested=1,290 found=0 n=115272997407368684302419 elapsed=3105s
progress: nodes=64,750,000,000 tested=1,290 found=0 n=128201795391652961045067 elapsed=3105s
progress: nodes=64,760,000,000 tested=1,290 found=0 n=144976114553106167093763 elapsed=3106s
progress: nodes=64,770,000,000 tested=1,290 found=0 n=164810077691013480554829 elapsed=3106s
progress: nodes=64,780,000,000 tested=1,290 found=0 n=189702936631769437185309 elapsed=3107s
progress: nodes=64,790,000,000 tested=1,290 found=0 n=220312327855418476600923 elapsed=3107s
progress: nodes=64,800,000,000 tested=1,290 found=0 n=254628469787856224797737 elapsed=3108s
progress: nodes=64,810,000,000 tested=1,290 found=0 n=295204944129142628131551 elapsed=3108s
progress: nodes=64,820,000,000 tested=1,290 found=0 n=342182458211768569295901 elapsed=3108s
progress: nodes=64,830,000,000 tested=1,290 found=0 n=394517249560094545801917 elapsed=3109s
progress: nodes=64,840,000,000 tested=1,290 found=0 n=452693215122480140960151 elapsed=3109s
progress: nodes=64,850,000,000 tested=1,290 found=0 n=49840106500017060556329 elapsed=3110s
progress: nodes=64,860,000,000 tested=1,290 found=0 n=113234757420991131246321 elapsed=3110s
progress: nodes=64,870,000,000 tested=1,290 found=0 n=184248631387730312291889 elapsed=3111s
progress: nodes=64,880,000,000 tested=1,290 found=0 n=260098703636740559944353 elapsed=3111s
progress: nodes=64,890,000,000 tested=1,290 found=0 n=342633842528809127194899 elapsed=3112s
progress: nodes=64,900,000,000 tested=1,290 found=0 n=431651349952752205979703 elapsed=3112s
progress: nodes=64,910,000,000 tested=1,290 found=0 n=63286776199586977384347 elapsed=3113s
progress: nodes=64,920,000,000 tested=1,290 found=0 n=155257894082825514341361 elapsed=3113s
progress: nodes=64,930,000,000 tested=1,290 found=0 n=255483285714857155142187 elapsed=3114s
progress: nodes=64,940,000,000 tested=1,290 found=0 n=362068718256484879056417 elapsed=3114s
progress: nodes=64,950,000,000 tested=1,290 found=0 n=22350188892367948799187 elapsed=3115s
progress: nodes=64,960,000,000 tested=1,290 found=0 n=127255227372758793535227 elapsed=3115s
progress: nodes=64,970,000,000 tested=1,290 found=0 n=243697701969954608505129 elapsed=3116s
progress: nodes=64,980,000,000 tested=1,290 found=0 n=368407768571338519470447 elapsed=3116s
progress: nodes=64,990,000,000 tested=1,290 found=0 n=45178530506662631275197 elapsed=3116s
progress: nodes=65,000,000,000 tested=1,290 found=0 n=170709401983757706642573 elapsed=3117s
progress: nodes=65,010,000,000 tested=1,290 found=0 n=308165962916403414109287 elapsed=3117s
progress: nodes=65,020,000,000 tested=1,290 found=0 n=456071372984040085995723 elapsed=3118s
progress: nodes=65,030,000,000 tested=1,290 found=0 n=148915898923545125623251 elapsed=3118s
progress: nodes=65,040,000,000 tested=1,290 found=0 n=305431740358140439570527 elapsed=3119s
progress: nodes=65,050,000,000 tested=1,290 found=0 n=25950092299668035970471 elapsed=3119s
progress: nodes=65,060,000,000 tested=1,290 found=0 n=181280354660723871686133 elapsed=3120s
progress: nodes=65,070,000,000 tested=1,290 found=0 n=351769935892683834947421 elapsed=3120s
progress: nodes=65,080,000,000 tested=1,290 found=0 n=79507526665616979128199 elapsed=3121s
progress: nodes=65,090,000,000 tested=1,290 found=0 n=254027628301545252383229 elapsed=3121s
progress: nodes=65,100,000,000 tested=1,290 found=0 n=442352591672108116236237 elapsed=3122s
progress: nodes=65,110,000,000 tested=1,290 found=0 n=181181830226716505569383 elapsed=3122s
progress: nodes=65,120,000,000 tested=1,290 found=0 n=378471609767974294280709 elapsed=3123s
progress: nodes=65,130,000,000 tested=1,290 found=0 n=133536704978313616172193 elapsed=3123s
progress: nodes=65,140,000,000 tested=1,290 found=0 n=339688746568717583304267 elapsed=3124s
progress: nodes=65,150,000,000 tested=1,290 found=0 n=108634660602008840816517 elapsed=3124s
progress: nodes=65,160,000,000 tested=1,290 found=0 n=324858862634375617274727 elapsed=3124s
progress: nodes=65,170,000,000 tested=1,290 found=0 n=108553510273025151383049 elapsed=3125s
progress: nodes=65,180,000,000 tested=1,290 found=0 n=334270220637876106677093 elapsed=3125s
progress: nodes=65,190,000,000 tested=1,290 found=0 n=127239904817664615465489 elapsed=3126s
progress: nodes=65,200,000,000 tested=1,290 found=0 n=362500227745209802281033 elapsed=3126s
progress: nodes=65,210,000,000 tested=1,290 found=0 n=162989697660488486110323 elapsed=3127s
progress: nodes=65,220,000,000 tested=1,290 found=0 n=409379156356316280523389 elapsed=3127s
progress: nodes=65,230,000,000 tested=1,290 found=0 n=217443870634659341225553 elapsed=3128s
progress: nodes=65,240,000,000 tested=1,290 found=0 n=42243963917128046514441 elapsed=3128s
progress: nodes=65,250,000,000 tested=1,290 found=0 n=292301093417745313814913 elapsed=3129s
progress: nodes=65,260,000,000 tested=1,290 found=0 n=119831090907668297580423 elapsed=3129s
progress: nodes=65,270,000,000 tested=1,290 found=0 n=384197631099319752367653 elapsed=3130s
progress: nodes=65,280,000,000 tested=1,290 found=0 n=215816521688990786406843 elapsed=3130s
progress: nodes=65,290,000,000 tested=1,290 found=0 n=60838236895546578507039 elapsed=3131s
progress: nodes=65,300,000,000 tested=1,290 found=0 n=333184991469503293901781 elapsed=3131s
progress: nodes=65,310,000,000 tested=1,290 found=0 n=184027126384481491640529 elapsed=3132s
progress: nodes=65,320,000,000 tested=1,290 found=0 n=48068637619024094803731 elapsed=3132s
progress: nodes=65,330,000,000 tested=1,290 found=0 n=334321774616066082554709 elapsed=3132s
progress: nodes=65,340,000,000 tested=1,290 found=0 n=198645662813348010222963 elapsed=3133s
progress: nodes=65,350,000,000 tested=1,290 found=0 n=73407481037332510869801 elapsed=3133s
progress: nodes=65,360,000,000 tested=1,290 found=0 n=372716720523867090958587 elapsed=3134s
progress: nodes=65,370,000,000 tested=1,290 found=0 n=248938230975888488145111 elapsed=3134s
progress: nodes=65,380,000,000 tested=1,290 found=0 n=135158855024007695083203 elapsed=3135s
progress: nodes=65,390,000,000 tested=1,290 found=0 n=33041439854836866311859 elapsed=3135s
progress: nodes=65,400,000,000 tested=1,290 found=0 n=348045956315551120549923 elapsed=3136s
progress: nodes=65,410,000,000 tested=1,290 found=0 n=250559523404055128251989 elapsed=3136s
progress: nodes=65,420,000,000 tested=1,290 found=0 n=162119010161518932795273 elapsed=3137s
progress: nodes=65,430,000,000 tested=1,290 found=0 n=84133996755217064134479 elapsed=3137s
progress: nodes=65,440,000,000 tested=1,290 found=0 n=15376328234065430374743 elapsed=3138s
progress: nodes=65,450,000,000 tested=1,290 found=0 n=355572005625205186244427 elapsed=3138s
progress: nodes=65,460,000,000 tested=1,290 found=0 n=287571474347311227602529 elapsed=3139s
progress: nodes=65,470,000,000 tested=1,290 found=0 n=226014954005593949036841 elapsed=3139s
progress: nodes=65,480,000,000 tested=1,290 found=0 n=170302097413896828186807 elapsed=3140s
progress: nodes=65,490,000,000 tested=1,290 found=0 n=122656718351636240198427 elapsed=3140s
progress: nodes=65,500,000,000 tested=1,290 found=0 n=81002222713277681526711 elapsed=3140s
progress: nodes=65,510,000,000 tested=1,290 found=0 n=45035752110980051682261 elapsed=3141s
progress: nodes=65,520,000,000 tested=1,290 found=0 n=421166412207321813871839 elapsed=3141s
progress: nodes=65,530,000,000 tested=1,290 found=0 n=386076752009715899010879 elapsed=3142s
progress: nodes=65,540,000,000 tested=1,290 found=0 n=355254753195001215376821 elapsed=3142s
progress: nodes=65,550,000,000 tested=1,290 found=0 n=336127314773300861507697 elapsed=3143s
progress: nodes=65,560,000,000 tested=1,290 found=0 n=322119179234754581122443 elapsed=3143s
progress: nodes=65,570,000,000 tested=1,290 found=0 n=312786485989464611223099 elapsed=3144s
progress: nodes=65,580,000,000 tested=1,290 found=0 n=308694388726826962178319 elapsed=3144s
progress: nodes=65,590,000,000 tested=1,290 found=0 n=308343845574018585800469 elapsed=3145s
progress: nodes=65,600,000,000 tested=1,290 found=0 n=312023915437412038982121 elapsed=3145s
progress: nodes=65,610,000,000 tested=1,290 found=0 n=319673752588291349501253 elapsed=3146s
progress: nodes=65,620,000,000 tested=1,290 found=0 n=331912738773170993569131 elapsed=3146s
progress: nodes=65,630,000,000 tested=1,290 found=0 n=350644752423533504525589 elapsed=3147s
progress: nodes=65,640,000,000 tested=1,290 found=0 n=376068138305581791660591 elapsed=3147s
progress: nodes=65,650,000,000 tested=1,290 found=0 n=407398371283284334991037 elapsed=3147s
progress: nodes=65,660,000,000 tested=1,290 found=0 n=42526798031649806617743 elapsed=3148s
progress: nodes=65,670,000,000 tested=1,290 found=0 n=80716958668353415985577 elapsed=3148s
progress: nodes=65,680,000,000 tested=1,290 found=0 n=124527178792798468573887 elapsed=3149s
progress: nodes=65,690,000,000 tested=1,290 found=0 n=172886174628065345884437 elapsed=3149s
progress: nodes=65,700,000,000 tested=1,290 found=0 n=225112426830804012246747 elapsed=3150s
progress: nodes=65,710,000,000 tested=1,290 found=0 n=283774445842517382942189 elapsed=3150s
progress: nodes=65,720,000,000 tested=1,290 found=0 n=347923132582802332933377 elapsed=3151s
progress: nodes=65,730,000,000 tested=1,290 found=0 n=22487674871580109344153 elapsed=3151s
progress: nodes=65,740,000,000 tested=1,290 found=0 n=89281773384373801844613 elapsed=3152s
progress: nodes=65,750,000,000 tested=1,290 found=0 n=164579084019465192556479 elapsed=3152s
progress: nodes=65,760,000,000 tested=1,290 found=0 n=247707010833683500760661 elapsed=3153s
progress: nodes=65,770,000,000 tested=1,290 found=0 n=337312462529962958831793 elapsed=3153s
progress: nodes=65,780,000,000 tested=1,290 found=0 n=39490137667737835679601 elapsed=3154s
progress: nodes=65,790,000,000 tested=1,290 found=0 n=133051488673958277852429 elapsed=3154s
progress: nodes=65,800,000,000 tested=1,290 found=0 n=236737903523601356825949 elapsed=3155s
progress: nodes=65,810,000,000 tested=1,290 found=0 n=350011067615545637982681 elapsed=3155s
progress: nodes=65,820,000,000 tested=1,290 found=0 n=75601853284413515630571 elapsed=3155s
progress: nodes=65,830,000,000 tested=1,290 found=0 n=193591128301661126179143 elapsed=3156s
progress: nodes=65,840,000,000 tested=1,290 found=0 n=322879077949034534888961 elapsed=3156s
progress: nodes=65,850,000,000 tested=1,290 found=0 n=66490372019212394862609 elapsed=3157s
progress: nodes=65,860,000,000 tested=1,290 found=0 n=199058122069385224699053 elapsed=3157s
progress: nodes=65,870,000,000 tested=1,290 found=0 n=342073760043473547370281 elapsed=3158s
progress: nodes=65,880,000,000 tested=1,290 found=0 n=100088282630152133708391 elapsed=3158s
progress: nodes=65,890,000,000 tested=1,290 found=0 n=250965706836810707312571 elapsed=3159s
progress: nodes=65,900,000,000 tested=1,290 found=0 n=28743054127906090551579 elapsed=3159s
progress: nodes=65,910,000,000 tested=1,290 found=0 n=181793747269730179070487 elapsed=3160s
progress: nodes=65,920,000,000 tested=1,290 found=0 n=349970822684735630389011 elapsed=3160s
progress: nodes=65,930,000,000 tested=1,290 found=0 n=134240847211141319471823 elapsed=3161s
progress: nodes=65,940,000,000 tested=1,290 found=0 n=309268822967059222213947 elapsed=3161s
progress: nodes=65,950,000,000 tested=1,290 found=0 n=105851684858762124068787 elapsed=3162s
progress: nodes=65,960,000,000 tested=1,290 found=0 n=289649158046080650606789 elapsed=3162s
progress: nodes=65,970,000,000 tested=1,290 found=0 n=96357351776647969660653 elapsed=3163s
progress: nodes=65,980,000,000 tested=1,290 found=0 n=288216516381798901099203 elapsed=3163s
progress: nodes=65,990,000,000 tested=1,290 found=0 n=105544743977319805695537 elapsed=3164s
progress: nodes=66,000,000,000 tested=1,290 found=0 n=305919756219869236582137 elapsed=3164s
progress: nodes=66,010,000,000 tested=1,290 found=0 n=129605042481752218400019 elapsed=3165s
progress: nodes=66,020,000,000 tested=1,290 found=0 n=339824475274769282010213 elapsed=3165s
progress: nodes=66,030,000,000 tested=1,290 found=0 n=172924440375238491472533 elapsed=3166s
progress: nodes=66,040,000,000 tested=1,290 found=0 n=24151420098735134982777 elapsed=3166s
progress: nodes=66,050,000,000 tested=1,290 found=0 n=241091020275783891900687 elapsed=3167s
progress: nodes=66,060,000,000 tested=1,290 found=0 n=94392574001993796121593 elapsed=3167s
progress: nodes=66,070,000,000 tested=1,290 found=0 n=327119940048929341371057 elapsed=3168s
progress: nodes=66,080,000,000 tested=1,290 found=0 n=185727217427354303323623 elapsed=3168s
progress: nodes=66,090,000,000 tested=1,290 found=0 n=59442190857816759905913 elapsed=3169s
progress: nodes=66,100,000,000 tested=1,290 found=0 n=305936397052829403143283 elapsed=3169s
progress: nodes=66,110,000,000 tested=1,290 found=0 n=185104104687229346561943 elapsed=3170s
progress: nodes=66,120,000,000 tested=1,290 found=0 n=73979512832083180951629 elapsed=3170s
progress: nodes=66,130,000,000 tested=1,290 found=0 n=335449888023305844119331 elapsed=3171s
progress: nodes=66,140,000,000 tested=1,290 found=0 n=229881868826230377049293 elapsed=3171s
progress: nodes=66,150,000,000 tested=1,290 found=0 n=133465854199140418304349 elapsed=3172s
progress: nodes=66,160,000,000 tested=1,290 found=0 n=45916234446908539432719 elapsed=3172s
progress: nodes=66,170,000,000 tested=1,290 found=0 n=325884808130301470051001 elapsed=3173s
progress: nodes=66,180,000,000 tested=1,290 found=0 n=242561499309001594094373 elapsed=3173s
progress: nodes=66,190,000,000 tested=1,290 found=0 n=165820289945718326447529 elapsed=3174s
progress: nodes=66,200,000,000 tested=1,290 found=0 n=96150585450746468274633 elapsed=3174s
progress: nodes=66,210,000,000 tested=1,290 found=0 n=34236337550026311466767 elapsed=3175s
progress: nodes=66,220,000,000 tested=1,290 found=0 n=334680269737551640141239 elapsed=3175s
progress: nodes=66,230,000,000 tested=1,290 found=0 n=275686330484117431519641 elapsed=3176s
progress: nodes=66,240,000,000 tested=1,290 found=0 n=222626596202658611414451 elapsed=3176s
progress: nodes=66,250,000,000 tested=1,290 found=0 n=174796921362733688629611 elapsed=3176s
progress: nodes=66,260,000,000 tested=1,290 found=0 n=132221067878216974934277 elapsed=3177s
progress: nodes=66,270,000,000 tested=1,290 found=0 n=96253060602670446794319 elapsed=3177s
progress: nodes=66,280,000,000 tested=1,290 found=0 n=65608730958011320948869 elapsed=3178s
progress: nodes=66,290,000,000 tested=1,290 found=0 n=40526357003853911721531 elapsed=3178s
progress: nodes=66,300,000,000 tested=1,290 found=0 n=21766401223569050467419 elapsed=3179s
progress: nodes=66,310,000,000 tested=1,290 found=0 n=362807433600214106935431 elapsed=3179s
progress: nodes=66,320,000,000 tested=1,290 found=0 n=353611621351947766158351 elapsed=3180s
progress: nodes=66,330,000,000 tested=1,290 found=0 n=349132277120178491330391 elapsed=3180s
progress: nodes=66,340,000,000 tested=1,290 found=0 n=349175480504172927213609 elapsed=3181s
progress: nodes=66,350,000,000 tested=1,290 found=0 n=353326163759357051666403 elapsed=3181s
progress: nodes=66,360,000,000 tested=1,290 found=0 n=362816353494702946986147 elapsed=3182s
progress: nodes=66,370,000,000 tested=1,290 found=0 n=22825636403641565374881 elapsed=3182s
progress: nodes=66,380,000,000 tested=1,290 found=0 n=38644359559329441218301 elapsed=3183s
progress: nodes=66,390,000,000 tested=1,290 found=0 n=60334541950102438781763 elapsed=3183s
progress: nodes=66,400,000,000 tested=1,290 found=0 n=86458579970817925299429 elapsed=3184s
progress: nodes=66,410,000,000 tested=1,290 found=0 n=116387672175399546730809 elapsed=3184s
progress: nodes=66,420,000,000 tested=1,290 found=0 n=150239313786778724000493 elapsed=3185s
progress: nodes=66,430,000,000 tested=1,290 found=0 n=191342922914541381884901 elapsed=3185s
progress: nodes=66,440,000,000 tested=1,290 found=0 n=238382117341786645668441 elapsed=3186s
progress: nodes=66,450,000,000 tested=1,290 found=0 n=292432144867627887475353 elapsed=3186s
progress: nodes=66,460,000,000 tested=1,290 found=0 n=352981776535424093230173 elapsed=3187s
progress: nodes=66,470,000,000 tested=1,290 found=0 n=66706974467260729725123 elapsed=3187s
progress: nodes=66,480,000,000 tested=1,290 found=0 n=133689737477981779201107 elapsed=3188s
progress: nodes=66,490,000,000 tested=1,290 found=0 n=207280385355596852702403 elapsed=3188s
progress: nodes=66,500,000,000 tested=1,290 found=0 n=286904953230773582175471 elapsed=3189s
progress: nodes=66,510,000,000 tested=1,290 found=0 n=26186164944366360334401 elapsed=3189s
progress: nodes=66,520,000,000 tested=1,290 found=0 n=107910538758276189644709 elapsed=3190s
progress: nodes=66,530,000,000 tested=1,290 found=0 n=197950733302226936490459 elapsed=3190s
progress: nodes=66,540,000,000 tested=1,290 found=0 n=294379335968289689944827 elapsed=3191s
progress: nodes=66,550,000,000 tested=1,290 found=0 n=48506309104205148707511 elapsed=3191s
progress: nodes=66,560,000,000 tested=1,290 found=0 n=146581096521518206995447 elapsed=3192s
progress: nodes=66,570,000,000 tested=1,290 found=0 n=256070586437216359319511 elapsed=3192s
progress: nodes=66,580,000,000 tested=1,290 found=0 n=30025195156603513495629 elapsed=3193s
progress: nodes=66,590,000,000 tested=1,290 found=0 n=141164407013911455891717 elapsed=3193s
progress: nodes=66,600,000,000 tested=1,290 found=0 n=264441541118098580176941 elapsed=3194s
progress: nodes=66,610,000,000 tested=1,290 found=0 n=55473015436885897151301 elapsed=3194s
progress: nodes=66,620,000,000 tested=1,290 found=0 n=187640400335574716080551 elapsed=3195s
progress: nodes=66,630,000,000 tested=1,290 found=0 n=330088193700609492569421 elapsed=3195s
progress: nodes=66,640,000,000 tested=1,290 found=0 n=130637207238550328246931 elapsed=3196s
progress: nodes=66,650,000,000 tested=1,290 found=0 n=281307433226245376499549 elapsed=3196s
progress: nodes=66,660,000,000 tested=1,290 found=0 n=96866343626695222891311 elapsed=3197s
progress: nodes=66,670,000,000 tested=1,290 found=0 n=256315932407203865769573 elapsed=3197s
progress: nodes=66,680,000,000 tested=1,290 found=0 n=82060302878128198540917 elapsed=3198s
progress: nodes=66,690,000,000 tested=1,290 found=0 n=247752278291832302101113 elapsed=3198s
progress: nodes=66,700,000,000 tested=1,290 found=0 n=83346093075276422574183 elapsed=3199s
progress: nodes=66,710,000,000 tested=1,290 found=0 n=258513352941094019429661 elapsed=3199s
progress: nodes=66,720,000,000 tested=1,290 found=0 n=104250876364213910400069 elapsed=3200s
progress: nodes=66,730,000,000 tested=1,290 found=0 n=291739023749487023548839 elapsed=3200s
progress: nodes=66,740,000,000 tested=1,290 found=0 n=145742180395190084132427 elapsed=3201s
progress: nodes=66,750,000,000 tested=1,290 found=0 n=15413701780766767975497 elapsed=3201s
progress: nodes=66,760,000,000 tested=1,290 found=0 n=207495550502321652109539 elapsed=3201s
progress: nodes=66,770,000,000 tested=1,290 found=0 n=80820753255169430293791 elapsed=3202s
progress: nodes=66,780,000,000 tested=1,290 found=0 n=289197689912577689740497 elapsed=3202s
progress: nodes=66,790,000,000 tested=1,290 found=0 n=166787805934228784312007 elapsed=3203s
progress: nodes=66,800,000,000 tested=1,290 found=0 n=54289812750532747140753 elapsed=3203s
progress: nodes=66,810,000,000 tested=1,290 found=0 n=271186052998813623321651 elapsed=3204s
progress: nodes=66,820,000,000 tested=1,290 found=0 n=164220860428485246949563 elapsed=3204s
progress: nodes=66,830,000,000 tested=1,290 found=0 n=67869569421745739941293 elapsed=3205s
progress: nodes=66,840,000,000 tested=1,290 found=0 n=304275765048421156563573 elapsed=3205s
progress: nodes=66,850,000,000 tested=1,290 found=0 n=211912445245839397800741 elapsed=3206s
progress: nodes=66,860,000,000 tested=1,290 found=0 n=127040897717900988614793 elapsed=3206s
progress: nodes=66,870,000,000 tested=1,290 found=0 n=51938595385701915623733 elapsed=3207s
progress: nodes=66,880,000,000 tested=1,290 found=0 n=305118604091980747028961 elapsed=3207s
progress: nodes=66,890,000,000 tested=1,290 found=0 n=235015054450384670460999 elapsed=3208s
progress: nodes=66,900,000,000 tested=1,290 found=0 n=169918386058318485801213 elapsed=3208s
progress: nodes=66,910,000,000 tested=1,290 found=0 n=110535741061924203818793 elapsed=3209s
progress: nodes=66,920,000,000 tested=1,290 found=0 n=59086887951180577304817 elapsed=3209s
progress: nodes=66,930,000,000 tested=1,290 found=0 n=15375991888429319644497 elapsed=3210s
progress: nodes=66,940,000,000 tested=1,290 found=0 n=290496328155153246903777 elapsed=3210s
progress: nodes=66,950,000,000 tested=1,290 found=0 n=250988954178216298227183 elapsed=3211s
progress: nodes=66,960,000,000 tested=1,290 found=0 n=218934877956250188571839 elapsed=3211s
progress: nodes=66,970,000,000 tested=1,290 found=0 n=193995988477935695584533 elapsed=3212s
progress: nodes=66,980,000,000 tested=1,290 found=0 n=175954689107876804204079 elapsed=3212s
progress: nodes=66,990,000,000 tested=1,290 found=0 n=163001525117732271201231 elapsed=3213s
progress: nodes=67,000,000,000 tested=1,290 found=0 n=154773322454308919754393 elapsed=3213s
progress: nodes=67,010,000,000 tested=1,290 found=0 n=151210804169836371181221 elapsed=3214s
progress: nodes=67,020,000,000 tested=1,290 found=0 n=152266732745347998604827 elapsed=3214s
progress: nodes=67,030,000,000 tested=1,290 found=0 n=158234565003267488576841 elapsed=3215s
progress: nodes=67,040,000,000 tested=1,290 found=0 n=169919592353436397260789 elapsed=3215s
progress: nodes=67,050,000,000 tested=1,290 found=0 n=185914449306644928260391 elapsed=3216s
progress: nodes=67,060,000,000 tested=1,290 found=0 n=205878190021876270349451 elapsed=3216s
progress: nodes=67,070,000,000 tested=1,290 found=0 n=231055070578121090334033 elapsed=3217s
progress: nodes=67,080,000,000 tested=1,290 found=0 n=261716752425309772838247 elapsed=3217s
progress: nodes=67,090,000,000 tested=1,290 found=0 n=296141393925566329797657 elapsed=3217s
progress: nodes=67,100,000,000 tested=1,290 found=0 n=21889721736511052907483 elapsed=3218s
progress: nodes=67,110,000,000 tested=1,290 found=0 n=58505741937088043030433 elapsed=3218s
progress: nodes=67,120,000,000 tested=1,290 found=0 n=101675831009013477459243 elapsed=3219s
progress: nodes=67,130,000,000 tested=1,290 found=0 n=151081122039011912498751 elapsed=3219s
progress: nodes=67,140,000,000 tested=1,290 found=0 n=205148493956650913812143 elapsed=3220s
progress: nodes=67,150,000,000 tested=1,290 found=0 n=266161817363180946330123 elapsed=3220s
progress: nodes=67,160,000,000 tested=1,290 found=0 n=23858120102818944739797 elapsed=3221s
progress: nodes=67,170,000,000 tested=1,290 found=0 n=89577924465979662736023 elapsed=3221s
progress: nodes=67,180,000,000 tested=1,290 found=0 n=163941328165672717348689 elapsed=3222s
progress: nodes=67,190,000,000 tested=1,290 found=0 n=245925962646042193722207 elapsed=3222s
progress: nodes=67,200,000,000 tested=1,290 found=0 n=27619465346651877017319 elapsed=3223s
progress: nodes=67,210,000,000 tested=1,290 found=0 n=115360482260168417855583 elapsed=3223s
progress: nodes=67,220,000,000 tested=1,290 found=0 n=212032785337281323694279 elapsed=3224s
progress: nodes=67,230,000,000 tested=1,290 found=0 n=316686396836156253427521 elapsed=3224s
progress: nodes=67,240,000,000 tested=1,290 found=0 n=114647714774191579897917 elapsed=3225s
progress: nodes=67,250,000,000 tested=1,290 found=0 n=228804377328833015723013 elapsed=3225s
progress: nodes=67,260,000,000 tested=1,290 found=0 n=43715389503548978071857 elapsed=3226s
progress: nodes=67,270,000,000 tested=1,290 found=0 n=162192880601494768516491 elapsed=3226s
progress: nodes=67,280,000,000 tested=1,290 found=0 n=293342934777544937524239 elapsed=3227s
progress: nodes=67,290,000,000 tested=1,290 found=0 n=120355245456765648436107 elapsed=3227s
progress: nodes=67,300,000,000 tested=1,290 found=0 n=261542919227037978402873 elapsed=3228s
progress: nodes=67,310,000,000 tested=1,290 found=0 n=101591670162777729207273 elapsed=3228s
progress: nodes=67,320,000,000 tested=1,290 found=0 n=250791346575114301693737 elapsed=3229s
progress: nodes=67,330,000,000 tested=1,290 found=0 n=100893935780739582980499 elapsed=3229s
progress: nodes=67,340,000,000 tested=1,290 found=0 n=261266933167477540706403 elapsed=3230s
progress: nodes=67,350,000,000 tested=1,290 found=0 n=122454012348495973612467 elapsed=3230s
progress: nodes=67,360,000,000 tested=1,290 found=0 n=293465206992872855653713 elapsed=3231s
progress: nodes=67,370,000,000 tested=1,290 found=0 n=162649815580756791940653 elapsed=3231s
progress: nodes=67,380,000,000 tested=1,290 found=0 n=44012406866765561351127 elapsed=3232s
progress: nodes=67,390,000,000 tested=1,290 found=0 n=224065999783461736449549 elapsed=3232s
progress: nodes=67,400,000,000 tested=1,290 found=0 n=111490326570035817120717 elapsed=3232s
progress: nodes=67,410,000,000 tested=1,290 found=0 n=305851581437807146332591 elapsed=3233s
progress: nodes=67,420,000,000 tested=1,290 found=0 n=200455955585595704815821 elapsed=3233s
progress: nodes=67,430,000,000 tested=1,290 found=0 n=102742336203118325767053 elapsed=3234s
progress: nodes=67,440,000,000 tested=1,290 found=0 n=15338248956684727456383 elapsed=3234s
progress: nodes=67,450,000,000 tested=1,290 found=0 n=215934635368359663086331 elapsed=3235s
progress: nodes=67,460,000,000 tested=1,290 found=0 n=129970696121332681976361 elapsed=3235s
progress: nodes=67,470,000,000 tested=1,290 found=0 n=51356279571036303903039 elapsed=3236s
progress: nodes=67,480,000,000 tested=1,290 found=0 n=269432335717547632576947 elapsed=3236s
progress: nodes=67,490,000,000 tested=1,290 found=0 n=195738256387666880610723 elapsed=3237s
progress: nodes=67,500,000,000 tested=1,290 found=0 n=130067596499176553826609 elapsed=3237s
progress: nodes=67,510,000,000 tested=1,290 found=0 n=70962610722664785167043 elapsed=3238s
progress: nodes=67,520,000,000 tested=1,290 found=0 n=19577236615412196493773 elapsed=3238s
progress: nodes=67,530,000,000 tested=1,290 found=0 n=256831498660462558349517 elapsed=3239s
progress: nodes=67,540,000,000 tested=1,290 found=0 n=209232218503104255630171 elapsed=3239s
progress: nodes=67,550,000,000 tested=1,290 found=0 n=167540223166786953065583 elapsed=3240s
progress: nodes=67,560,000,000 tested=1,290 found=0 n=132552568678786527782511 elapsed=3240s
progress: nodes=67,570,000,000 tested=1,290 found=0 n=105530750262342399585591 elapsed=3240s
progress: nodes=67,580,000,000 tested=1,290 found=0 n=84594882632934748827753 elapsed=3241s
progress: nodes=67,590,000,000 tested=1,290 found=0 n=69218176970905467632127 elapsed=3241s
progress: nodes=67,600,000,000 tested=1,290 found=0 n=58238311188586510530549 elapsed=3242s
progress: nodes=67,610,000,000 tested=1,290 found=0 n=52777545363862902241659 elapsed=3242s
progress: nodes=67,620,000,000 tested=1,290 found=0 n=51337682191716577874217 elapsed=3243s
progress: nodes=67,630,000,000 tested=1,290 found=0 n=54440212330951650105903 elapsed=3243s
progress: nodes=67,640,000,000 tested=1,290 found=0 n=63399054742581967570161 elapsed=3244s
progress: nodes=67,650,000,000 tested=1,290 found=0 n=77949624630388114530927 elapsed=3244s
progress: nodes=67,660,000,000 tested=1,290 found=0 n=98589945294982057487571 elapsed=3245s
progress: nodes=67,670,000,000 tested=1,290 found=0 n=125097000481394024264181 elapsed=3245s
progress: nodes=67,680,000,000 tested=1,290 found=0 n=156117496955870860232823 elapsed=3246s
progress: nodes=67,690,000,000 tested=1,290 found=0 n=192680614674116260995303 elapsed=3246s
progress: nodes=67,700,000,000 tested=1,290 found=0 n=234274995370768619217951 elapsed=3247s
progress: nodes=67,710,000,000 tested=1,290 found=0 n=280801234397493828477459 elapsed=3247s
progress: nodes=67,720,000,000 tested=1,290 found=0 n=49525655522622678726327 elapsed=3248s
progress: nodes=67,730,000,000 tested=1,290 found=0 n=104471468139206703734199 elapsed=3248s
progress: nodes=67,740,000,000 tested=1,290 found=0 n=165442474815205563802827 elapsed=3248s
progress: nodes=67,750,000,000 tested=1,290 found=0 n=232284157244265779804151 elapsed=3249s
progress: nodes=67,760,000,000 tested=1,290 found=0 n=24468570120089028154221 elapsed=3249s
progress: nodes=67,770,000,000 tested=1,290 found=0 n=95034566519570944118853 elapsed=3250s
progress: nodes=67,780,000,000 tested=1,290 found=0 n=174119238206587397486763 elapsed=3250s
progress: nodes=67,790,000,000 tested=1,290 found=0 n=259069299617077077229101 elapsed=3251s
progress: nodes=67,800,000,000 tested=1,290 found=0 n=67331161186410812712021 elapsed=3251s
progress: nodes=67,810,000,000 tested=1,290 found=0 n=158976304979966552299221 elapsed=3252s
progress: nodes=67,820,000,000 tested=1,290 found=0 n=259273118452302512617059 elapsed=3252s
progress: nodes=67,830,000,000 tested=1,290 found=0 n=81115108492736603722437 elapsed=3253s
progress: nodes=67,840,000,000 tested=1,290 found=0 n=185307934132974686122089 elapsed=3253s
progress: nodes=67,850,000,000 tested=1,290 found=0 n=21869103652215042091869 elapsed=3254s
progress: nodes=67,860,000,000 tested=1,290 found=0 n=131898117493330912230507 elapsed=3254s
progress: nodes=67,870,000,000 tested=1,290 found=0 n=253949604179030163084681 elapsed=3255s
progress: nodes=67,880,000,000 tested=1,290 found=0 n=102042637332300989905581 elapsed=3255s
progress: nodes=67,890,000,000 tested=1,290 found=0 n=232732511103041700187437 elapsed=3256s
progress: nodes=67,900,000,000 tested=1,290 found=0 n=92009418915385188049833 elapsed=3256s
progress: nodes=67,910,000,000 tested=1,290 found=0 n=232952482342129287668931 elapsed=3257s
progress: nodes=67,920,000,000 tested=1,290 found=0 n=102358713487332332743713 elapsed=3257s
progress: nodes=67,930,000,000 tested=1,290 found=0 n=252756552787648032492369 elapsed=3258s
progress: nodes=67,940,000,000 tested=1,290 found=0 n=131326216755422116851423 elapsed=3258s
progress: nodes=67,950,000,000 tested=1,290 found=0 n=22716367322739237546399 elapsed=3258s
progress: nodes=67,960,000,000 tested=1,290 found=0 n=181008767955526896902517 elapsed=3259s
progress: nodes=67,970,000,000 tested=1,290 found=0 n=76638309049264951727739 elapsed=3259s
progress: nodes=67,980,000,000 tested=1,290 found=0 n=248433066180285548913351 elapsed=3260s
progress: nodes=67,990,000,000 tested=1,290 found=0 n=151196394379560929812413 elapsed=3260s
progress: nodes=68,000,000,000 tested=1,290 found=0 n=63342942574710677986107 elapsed=3261s
progress: nodes=68,010,000,000 tested=1,290 found=0 n=251958188552349231994041 elapsed=3261s
progress: nodes=68,020,000,000 tested=1,290 found=0 n=172549027283457140234919 elapsed=3262s
progress: nodes=68,030,000,000 tested=1,290 found=0 n=99601995228724745099343 elapsed=3262s
progress: nodes=68,040,000,000 tested=1,290 found=0 n=34832368532723137387011 elapsed=3263s
progress: nodes=68,050,000,000 tested=1,290 found=0 n=238222304821049942650257 elapsed=3263s
progress: nodes=68,060,000,000 tested=1,290 found=0 n=180209450154524623493661 elapsed=3264s
progress: nodes=68,070,000,000 tested=1,290 found=0 n=128965516806618960356889 elapsed=3264s
progress: nodes=68,080,000,000 tested=1,290 found=0 n=82846934071344511935867 elapsed=3265s
progress: nodes=68,090,000,000 tested=1,290 found=0 n=42402305412411070403277 elapsed=3265s
progress: nodes=68,100,000,000 tested=1,290 found=0 n=271054472557965521912487 elapsed=3266s
progress: nodes=68,110,000,000 tested=1,290 found=0 n=237580993133688923431713 elapsed=3266s
progress: nodes=68,120,000,000 tested=1,290 found=0 n=209415575653999762944897 elapsed=3267s
progress: nodes=68,130,000,000 tested=1,290 found=0 n=186908918310644491304343 elapsed=3267s
progress: nodes=68,140,000,000 tested=1,290 found=0 n=168889100464659045828357 elapsed=3268s
progress: nodes=68,150,000,000 tested=1,290 found=0 n=156982188465562118011353 elapsed=3268s
progress: nodes=68,160,000,000 tested=1,290 found=0 n=150982421787911517813009 elapsed=3269s
progress: nodes=68,170,000,000 tested=1,290 found=0 n=149910589444659098682627 elapsed=3269s
progress: nodes=68,180,000,000 tested=1,290 found=0 n=153339395339193149825739 elapsed=3270s
progress: nodes=68,190,000,000 tested=1,290 found=0 n=160984108537848271152477 elapsed=3270s
progress: nodes=68,200,000,000 tested=1,290 found=0 n=175216161585833611099857 elapsed=3271s
progress: nodes=68,210,000,000 tested=1,290 found=0 n=194649078752608050632061 elapsed=3271s
progress: nodes=68,220,000,000 tested=1,290 found=0 n=218612929858521008844033 elapsed=3272s
progress: nodes=68,230,000,000 tested=1,290 found=0 n=247034868517798589815587 elapsed=3272s
progress: nodes=68,240,000,000 tested=1,290 found=0 n=23465297862497956207743 elapsed=3273s
progress: nodes=68,250,000,000 tested=1,290 found=0 n=59825459866396768867323 elapsed=3273s
progress: nodes=68,260,000,000 tested=1,290 found=0 n=102860956446849094551057 elapsed=3273s
progress: nodes=68,270,000,000 tested=1,290 found=0 n=150202555951667561761419 elapsed=3274s
progress: nodes=68,280,000,000 tested=1,290 found=0 n=203080549536545176567071 elapsed=3274s
progress: nodes=68,290,000,000 tested=1,290 found=0 n=260975967488626861333863 elapsed=3275s
progress: nodes=68,300,000,000 tested=1,290 found=0 n=63098863732813900232241 elapsed=3275s
progress: nodes=68,310,000,000 tested=1,290 found=0 n=128697558008981848980093 elapsed=3276s
progress: nodes=68,320,000,000 tested=1,290 found=0 n=202494376378606785760287 elapsed=3276s
progress: nodes=68,330,000,000 tested=1,290 found=0 n=26570780850460598759007 elapsed=3277s
progress: nodes=68,340,000,000 tested=1,290 found=0 n=103145235043644014071851 elapsed=3277s
progress: nodes=68,350,000,000 tested=1,290 found=0 n=190095276641723638404219 elapsed=3278s
progress: nodes=68,360,000,000 tested=1,290 found=0 n=29743745303208872286351 elapsed=3278s
progress: nodes=68,370,000,000 tested=1,290 found=0 n=121098472064128098008469 elapsed=3279s
progress: nodes=68,380,000,000 tested=1,290 found=0 n=224507607330612552177231 elapsed=3279s
progress: nodes=68,390,000,000 tested=1,290 found=0 n=79037461387154753980497 elapsed=3280s
progress: nodes=68,400,000,000 tested=1,290 found=0 n=192732746581130239957473 elapsed=3280s
progress: nodes=68,410,000,000 tested=1,290 found=0 n=59839205836574815267617 elapsed=3281s
progress: nodes=68,420,000,000 tested=1,290 found=0 n=181666207511350042341861 elapsed=3281s
progress: nodes=68,430,000,000 tested=1,290 found=0 n=57335838517021979055141 elapsed=3282s
progress: nodes=68,440,000,000 tested=1,290 found=0 n=186015187981294912763523 elapsed=3282s
progress: nodes=68,450,000,000 tested=1,290 found=0 n=69443539080066576784359 elapsed=3283s
progress: nodes=68,460,000,000 tested=1,290 found=0 n=207558699594566788066599 elapsed=3283s
progress: nodes=68,470,000,000 tested=1,290 found=0 n=100169799120401820482673 elapsed=3284s
progress: nodes=68,480,000,000 tested=1,290 found=0 n=251323788942490325604543 elapsed=3284s
progress: nodes=68,490,000,000 tested=1,290 found=0 n=151479994809090691330587 elapsed=3285s
progress: nodes=68,500,000,000 tested=1,290 found=0 n=60455128034058223807341 elapsed=3285s
progress: nodes=68,510,000,000 tested=1,290 found=0 n=222408890569140223990041 elapsed=3286s
progress: nodes=68,520,000,000 tested=1,290 found=0 n=137930807135991143036763 elapsed=3286s
progress: nodes=68,530,000,000 tested=1,290 found=0 n=62273324793103962887349 elapsed=3287s
progress: nodes=68,540,000,000 tested=1,290 found=0 n=237842109552105837681903 elapsed=3287s
progress: nodes=68,550,000,000 tested=1,290 found=0 n=167412958354288542234339 elapsed=3287s
progress: nodes=68,560,000,000 tested=1,290 found=0 n=105101092972794893061087 elapsed=3288s
progress: nodes=68,570,000,000 tested=1,290 found=0 n=49996840384712583883521 elapsed=3289s
progress: nodes=68,580,000,000 tested=1,290 found=0 n=245764287935405172412479 elapsed=3289s
progress: nodes=68,590,000,000 tested=1,290 found=0 n=197378776757871253343799 elapsed=3289s
progress: nodes=68,600,000,000 tested=1,290 found=0 n=154988847508269450322647 elapsed=3290s
progress: nodes=68,610,000,000 tested=1,290 found=0 n=117727476461564690057337 elapsed=3290s
progress: nodes=68,620,000,000 tested=1,290 found=0 n=84786735793632560276589 elapsed=3291s
progress: nodes=68,630,000,000 tested=1,290 found=0 n=57656781016010204367339 elapsed=3291s
progress: nodes=68,640,000,000 tested=1,290 found=0 n=34970208910938976682007 elapsed=3292s
progress: nodes=68,650,000,000 tested=1,290 found=0 n=16494291757784115286011 elapsed=3292s
progress: nodes=68,660,000,000 tested=1,290 found=0 n=240393522266689524655923 elapsed=3293s
progress: nodes=68,670,000,000 tested=1,290 found=0 n=228895685061066781694937 elapsed=3293s
progress: nodes=68,680,000,000 tested=1,290 found=0 n=222863589075128007195189 elapsed=3294s
progress: nodes=68,690,000,000 tested=1,290 found=0 n=222144634907786112843321 elapsed=3294s
progress: nodes=68,700,000,000 tested=1,290 found=0 n=226309587533403354269289 elapsed=3295s
progress: nodes=68,710,000,000 tested=1,290 found=0 n=234620885950122745324251 elapsed=3295s
progress: nodes=68,720,000,000 tested=1,290 found=0 n=246468447981463807057959 elapsed=3296s
progress: nodes=68,730,000,000 tested=1,290 found=0 n=24160522153945145967999 elapsed=3296s
progress: nodes=68,740,000,000 tested=1,290 found=0 n=43974257315052629321757 elapsed=3297s
progress: nodes=68,750,000,000 tested=1,290 found=0 n=70396904089714793608017 elapsed=3297s
progress: nodes=68,760,000,000 tested=1,290 found=0 n=102527007326237579112027 elapsed=3298s
progress: nodes=68,770,000,000 tested=1,290 found=0 n=140291400104437591616607 elapsed=3298s
progress: nodes=68,780,000,000 tested=1,290 found=0 n=183345574434758325402813 elapsed=3299s
progress: nodes=68,790,000,000 tested=1,290 found=0 n=231151397945979286256481 elapsed=3299s
progress: nodes=68,800,000,000 tested=1,290 found=0 n=44068779692679742307307 elapsed=3300s
progress: nodes=68,810,000,000 tested=1,290 found=0 n=97051431092133843121797 elapsed=3300s
progress: nodes=68,820,000,000 tested=1,290 found=0 n=155975295439629062189793 elapsed=3301s
progress: nodes=68,830,000,000 tested=1,290 found=0 n=220872617394326450429877 elapsed=3301s
progress: nodes=68,840,000,000 tested=1,290 found=0 n=51924540640466213779059 elapsed=3302s
progress: nodes=68,850,000,000 tested=1,290 found=0 n=123257650290562957906737 elapsed=3302s
progress: nodes=68,860,000,000 tested=1,290 found=0 n=201873431737919720581803 elapsed=3303s
progress: nodes=68,870,000,000 tested=1,290 found=0 n=49490532282641988316779 elapsed=3303s
progress: nodes=68,880,000,000 tested=1,290 found=0 n=134351133063250206104001 elapsed=3303s
progress: nodes=68,890,000,000 tested=1,290 found=0 n=228278269697648211718677 elapsed=3304s
progress: nodes=68,900,000,000 tested=1,290 found=0 n=87375687280520742920817 elapsed=3304s
progress: nodes=68,910,000,000 tested=1,290 found=0 n=187812156517119973265427 elapsed=3305s
progress: nodes=68,920,000,000 tested=1,290 found=0 n=58928475488737768971057 elapsed=3305s
progress: nodes=68,930,000,000 tested=1,290 found=0 n=168448088107513081824957 elapsed=3306s
progress: nodes=68,940,000,000 tested=1,290 found=0 n=52720571873339006063427 elapsed=3306s
progress: nodes=68,950,000,000 tested=1,290 found=0 n=172883665637410335697089 elapsed=3307s
progress: nodes=68,960,000,000 tested=1,290 found=0 n=66973709860257255236181 elapsed=3307s
progress: nodes=68,970,000,000 tested=1,290 found=0 n=196592425189865228026503 elapsed=3308s
progress: nodes=68,980,000,000 tested=1,290 found=0 n=97422003381711294917631 elapsed=3308s
progress: nodes=68,990,000,000 tested=1,290 found=0 n=239578686507117740469687 elapsed=3309s
progress: nodes=69,000,000,000 tested=1,290 found=0 n=152447248728201407559579 elapsed=3309s
progress: nodes=69,010,000,000 tested=1,290 found=0 n=73589902114976273723697 elapsed=3310s
progress: nodes=69,020,000,000 tested=1,290 found=0 n=229808910043793977579683 elapsed=3310s
progress: nodes=69,030,000,000 tested=1,290 found=0 n=157265101175555795753331 elapsed=3311s
progress: nodes=69,040,000,000 tested=1,290 found=0 n=91475311582288247254641 elapsed=3311s
progress: nodes=69,050,000,000 tested=1,290 found=0 n=35177110882607060868501 elapsed=3312s
progress: nodes=69,060,000,000 tested=1,290 found=0 n=209223594420055920816111 elapsed=3312s
progress: nodes=69,070,000,000 tested=1,290 found=0 n=158957182464091483404933 elapsed=3313s
progress: nodes=69,080,000,000 tested=1,290 found=0 n=114940510270571696343633 elapsed=3313s
progress: nodes=69,090,000,000 tested=1,290 found=0 n=77767049469516956517969 elapsed=3314s
progress: nodes=69,100,000,000 tested=1,290 found=0 n=45863053960232988856377 elapsed=3314s
progress: nodes=69,110,000,000 tested=1,290 found=0 n=18884095395555716573247 elapsed=3315s
progress: nodes=69,120,000,000 tested=1,290 found=0 n=217388602857277897658613 elapsed=3315s
progress: nodes=69,130,000,000 tested=1,290 found=0 n=196655165404956147816927 elapsed=3316s
progress: nodes=69,140,000,000 tested=1,290 found=0 n=180843303784478576388147 elapsed=3316s
progress: nodes=69,150,000,000 tested=1,290 found=0 n=170521940378109581157897 elapsed=3317s
progress: nodes=69,160,000,000 tested=1,290 found=0 n=166002616818561022358859 elapsed=3317s
progress: nodes=69,170,000,000 tested=1,290 found=0 n=166404576484252913409603 elapsed=3318s
progress: nodes=69,180,000,000 tested=1,290 found=0 n=170280402925209093704187 elapsed=3318s
progress: nodes=69,190,000,000 tested=1,290 found=0 n=177850743627450416682159 elapsed=3318s
progress: nodes=69,200,000,000 tested=1,290 found=0 n=190372826109670563177819 elapsed=3319s
progress: nodes=69,210,000,000 tested=1,290 found=0 n=208486309417269888833829 elapsed=3319s
progress: nodes=69,220,000,000 tested=1,290 found=0 n=232037262303239520644517 elapsed=3320s
progress: nodes=69,230,000,000 tested=1,290 found=0 n=36485722162690327848321 elapsed=3320s
progress: nodes=69,240,000,000 tested=1,290 found=0 n=65789065211744722664817 elapsed=3321s
progress: nodes=69,250,000,000 tested=1,290 found=0 n=99458922890127084174891 elapsed=3321s
progress: nodes=69,260,000,000 tested=1,290 found=0 n=138209280284921437741149 elapsed=3322s
progress: nodes=69,270,000,000 tested=1,290 found=0 n=182812182635136471930513 elapsed=3322s
progress: nodes=69,280,000,000 tested=1,290 found=0 n=233713284000790295502801 elapsed=3323s
progress: nodes=69,290,000,000 tested=1,290 found=0 n=65465587328340314196081 elapsed=3323s
progress: nodes=69,300,000,000 tested=1,290 found=0 n=124068427220940103022121 elapsed=3324s
progress: nodes=69,310,000,000 tested=1,290 found=0 n=189392468178104864129457 elapsed=3324s
progress: nodes=69,320,000,000 tested=1,290 found=0 n=40524753286900853683713 elapsed=3325s
progress: nodes=69,330,000,000 tested=1,290 found=0 n=113472646439641904976561 elapsed=3325s
progress: nodes=69,340,000,000 tested=1,290 found=0 n=195886923720852450865779 elapsed=3326s
progress: nodes=69,350,000,000 tested=1,290 found=0 n=62415724091575302719271 elapsed=3326s
progress: nodes=69,360,000,000 tested=1,290 found=0 n=152220980263044360606939 elapsed=3327s
progress: nodes=69,370,000,000 tested=1,290 found=0 n=32446313512880684313897 elapsed=3327s
progress: nodes=69,380,000,000 tested=1,290 found=0 n=131308478073058116089259 elapsed=3328s
progress: nodes=69,390,000,000 tested=1,290 found=0 n=24197813284391569960137 elapsed=3328s
progress: nodes=69,400,000,000 tested=1,290 found=0 n=131714542179711447966009 elapsed=3329s
progress: nodes=69,410,000,000 tested=1,290 found=0 n=33664887689406802239411 elapsed=3329s
progress: nodes=69,420,000,000 tested=1,290 found=0 n=151326658663742537258283 elapsed=3330s
progress: nodes=69,430,000,000 tested=1,290 found=0 n=60456395498286511987263 elapsed=3330s
progress: nodes=69,440,000,000 tested=1,290 found=0 n=189541006576588361756061 elapsed=3331s
progress: nodes=69,450,000,000 tested=1,290 found=0 n=107621929156685265845523 elapsed=3331s
progress: nodes=69,460,000,000 tested=1,290 found=0 n=34017097275890504734959 elapsed=3332s
progress: nodes=69,470,000,000 tested=1,290 found=0 n=175191386614877994830469 elapsed=3332s
progress: nodes=69,480,000,000 tested=1,290 found=0 n=108460786264028157698739 elapsed=3333s
progress: nodes=69,490,000,000 tested=1,290 found=0 n=50187605952970827940599 elapsed=3333s
progress: nodes=69,500,000,000 tested=1,290 found=0 n=209388424374306333735579 elapsed=3334s
progress: nodes=69,510,000,000 tested=1,290 found=0 n=158910445512652984607457 elapsed=3334s
progress: nodes=69,520,000,000 tested=1,290 found=0 n=115084829493110264999211 elapsed=3334s
progress: nodes=69,530,000,000 tested=1,290 found=0 n=77225998839543179488863 elapsed=3335s
progress: nodes=69,540,000,000 tested=1,290 found=0 n=45668146067634224255121 elapsed=3335s
progress: nodes=69,550,000,000 tested=1,290 found=0 n=19423920970022292496773 elapsed=3336s
progress: nodes=69,560,000,000 tested=1,290 found=0 n=204117752598057620931609 elapsed=3336s
progress: nodes=69,570,000,000 tested=1,290 found=0 n=183612584297348416397187 elapsed=3337s
progress: nodes=69,580,000,000 tested=1,290 found=0 n=168587344537086997048527 elapsed=3337s
progress: nodes=69,590,000,000 tested=1,290 found=0 n=160349291745770241453339 elapsed=3338s
progress: nodes=69,600,000,000 tested=1,290 found=0 n=156477164777658861479343 elapsed=3338s
progress: nodes=69,610,000,000 tested=1,290 found=0 n=157324724135816401923759 elapsed=3339s
progress: nodes=69,620,000,000 tested=1,290 found=0 n=163250905617979350438267 elapsed=3339s
progress: nodes=69,630,000,000 tested=1,290 found=0 n=174569274065471858565993 elapsed=3340s
progress: nodes=69,640,000,000 tested=1,290 found=0 n=190527137062314434871489 elapsed=3340s
progress: nodes=69,650,000,000 tested=1,290 found=0 n=212588516387355854482737 elapsed=3341s
progress: nodes=69,660,000,000 tested=1,290 found=0 n=31993071421937480823969 elapsed=3341s
progress: nodes=69,670,000,000 tested=1,290 found=0 n=61537380938120174788701 elapsed=3342s
progress: nodes=69,680,000,000 tested=1,290 found=0 n=96115270820075286746967 elapsed=3342s
progress: nodes=69,690,000,000 tested=1,290 found=0 n=135580088238310040736411 elapsed=3343s
progress: nodes=69,700,000,000 tested=1,290 found=0 n=180322383339319826954349 elapsed=3343s
progress: nodes=69,710,000,000 tested=1,290 found=0 n=26372045821700316741003 elapsed=3344s
progress: nodes=69,720,000,000 tested=1,290 found=0 n=79764592551038404586577 elapsed=3344s
progress: nodes=69,730,000,000 tested=1,290 found=0 n=140111701669786156182873 elapsed=3345s
progress: nodes=69,740,000,000 tested=1,290 found=0 n=206321886495196461170181 elapsed=3345s
progress: nodes=69,750,000,000 tested=1,290 found=0 n=67661338080836394595701 elapsed=3346s
progress: nodes=69,760,000,000 tested=1,290 found=0 n=138914501306760801815193 elapsed=3346s
progress: nodes=69,770,000,000 tested=1,290 found=0 n=16173468795885239900061 elapsed=3347s
progress: nodes=69,780,000,000 tested=1,290 found=0 n=94628431626699865611717 elapsed=3347s
progress: nodes=69,790,000,000 tested=1,290 found=0 n=183275412739104471867081 elapsed=3348s
progress: nodes=69,800,000,000 tested=1,290 found=0 n=71083063036901871666711 elapsed=3348s
progress: nodes=69,810,000,000 tested=1,290 found=0 n=167899029961178917217817 elapsed=3348s
progress: nodes=69,820,000,000 tested=1,290 found=0 n=66200157615598281286011 elapsed=3349s
progress: nodes=69,830,000,000 tested=1,290 found=0 n=173455195199795978916447 elapsed=3349s
progress: nodes=69,840,000,000 tested=1,290 found=0 n=81528326167347706109463 elapsed=3350s
progress: nodes=69,850,000,000 tested=1,290 found=0 n=199132827898286766875391 elapsed=3350s
progress: nodes=69,860,000,000 tested=1,290 found=0 n=114644390886106345415151 elapsed=3351s
progress: nodes=69,870,000,000 tested=1,290 found=0 n=38724695970235603975647 elapsed=3351s
progress: nodes=69,880,000,000 tested=1,290 found=0 n=166460397045515161515927 elapsed=3352s
progress: nodes=69,890,000,000 tested=1,290 found=0 n=98647694661605861168397 elapsed=3352s
progress: nodes=69,900,000,000 tested=1,290 found=0 n=38313232496083785267027 elapsed=3353s
progress: nodes=69,910,000,000 tested=1,290 found=0 n=181798392094692036436773 elapsed=3353s
progress: nodes=69,920,000,000 tested=1,290 found=0 n=130534227619598051097849 elapsed=3354s
progress: nodes=69,930,000,000 tested=1,290 found=0 n=85435466536234692348471 elapsed=3354s
progress: nodes=69,940,000,000 tested=1,290 found=0 n=47503850300269228724859 elapsed=3355s
progress: nodes=69,950,000,000 tested=1,290 found=0 n=212218924314708210020121 elapsed=3355s
progress: nodes=69,960,000,000 tested=1,290 found=0 n=182192978441925743481189 elapsed=3356s
progress: nodes=69,970,000,000 tested=1,290 found=0 n=157445696173347841041783 elapsed=3356s
progress: nodes=69,980,000,000 tested=1,290 found=0 n=136551571739659746388719 elapsed=3357s
progress: nodes=69,990,000,000 tested=1,290 found=0 n=119807532107343431680329 elapsed=3357s
progress: nodes=70,000,000,000 tested=1,290 found=0 n=108557782254582152418927 elapsed=3357s
progress: nodes=70,010,000,000 tested=1,290 found=0 n=102098042437301003986893 elapsed=3358s
progress: nodes=70,020,000,000 tested=1,290 found=0 n=100947926323828674279189 elapsed=3358s
progress: nodes=70,030,000,000 tested=1,290 found=0 n=105012127240700491580769 elapsed=3359s
progress: nodes=70,040,000,000 tested=1,290 found=0 n=114716098525769854314201 elapsed=3359s
progress: nodes=70,050,000,000 tested=1,290 found=0 n=129480936964428532910427 elapsed=3360s
progress: nodes=70,060,000,000 tested=1,290 found=0 n=148695885398110761720009 elapsed=3360s
progress: nodes=70,070,000,000 tested=1,290 found=0 n=171981784380381528391839 elapsed=3361s
progress: nodes=70,080,000,000 tested=1,290 found=0 n=200218731978759118984359 elapsed=3361s
progress: nodes=70,090,000,000 tested=1,290 found=0 n=37256084649747427725261 elapsed=3362s
progress: nodes=70,100,000,000 tested=1,290 found=0 n=73511387422103781110961 elapsed=3362s
progress: nodes=70,110,000,000 tested=1,290 found=0 n=116265461006091269871999 elapsed=3363s
progress: nodes=70,120,000,000 tested=1,290 found=0 n=164974077908347740895863 elapsed=3363s
progress: nodes=70,130,000,000 tested=1,290 found=0 n=25451633528974586744811 elapsed=3364s
progress: nodes=70,140,000,000 tested=1,290 found=0 n=78823729629402449680989 elapsed=3364s
progress: nodes=70,150,000,000 tested=1,290 found=0 n=139240885373354655431541 elapsed=3365s
progress: nodes=70,160,000,000 tested=1,290 found=0 n=17295383355344487822429 elapsed=3365s
progress: nodes=70,170,000,000 tested=1,290 found=0 n=86270869123893368637723 elapsed=3366s
progress: nodes=70,180,000,000 tested=1,290 found=0 n=163913529622324624225083 elapsed=3366s
progress: nodes=70,190,000,000 tested=1,290 found=0 n=52982650583558198305803 elapsed=3366s
progress: nodes=70,200,000,000 tested=1,290 found=0 n=137684831698206602688879 elapsed=3367s
progress: nodes=70,210,000,000 tested=1,290 found=0 n=37981440736418877859161 elapsed=3367s
progress: nodes=70,220,000,000 tested=1,290 found=0 n=131955571096156459681029 elapsed=3368s
progress: nodes=70,230,000,000 tested=1,290 found=0 n=42408240264146456841141 elapsed=3368s
progress: nodes=70,240,000,000 tested=1,290 found=0 n=146735759060302897872387 elapsed=3369s
progress: nodes=70,250,000,000 tested=1,290 found=0 n=66659938396961873384421 elapsed=3369s
progress: nodes=70,260,000,000 tested=1,290 found=0 n=181559262634013024191431 elapsed=3370s
progress: nodes=70,270,000,000 tested=1,290 found=0 n=109328438350566048534921 elapsed=3370s
progress: nodes=70,280,000,000 tested=1,290 found=0 n=46617242371130059229601 elapsed=3371s
progress: nodes=70,290,000,000 tested=1,290 found=0 n=177547641527117373793281 elapsed=3371s
progress: nodes=70,300,000,000 tested=1,290 found=0 n=122762199948519401238969 elapsed=3372s
progress: nodes=70,310,000,000 tested=1,290 found=0 n=74101415168795935849929 elapsed=3372s
progress: nodes=70,320,000,000 tested=1,290 found=0 n=32176071015201932127309 elapsed=3373s
progress: nodes=70,330,000,000 tested=1,290 found=0 n=179733139427356320919113 elapsed=3373s
progress: nodes=70,340,000,000 tested=1,290 found=0 n=145081543246674824366577 elapsed=3374s
progress: nodes=70,350,000,000 tested=1,290 found=0 n=116799050163057983910189 elapsed=3374s
progress: nodes=70,360,000,000 tested=1,290 found=0 n=94210839936685289218401 elapsed=3374s
progress: nodes=70,370,000,000 tested=1,290 found=0 n=76180784883593099626917 elapsed=3375s
progress: nodes=70,380,000,000 tested=1,290 found=0 n=63752770291735780538283 elapsed=3375s
progress: nodes=70,390,000,000 tested=1,290 found=0 n=55528926454793780035047 elapsed=3376s
progress: nodes=70,400,000,000 tested=1,290 found=0 n=52245047534908977261513 elapsed=3376s
progress: nodes=70,410,000,000 tested=1,290 found=0 n=53303154897483619227099 elapsed=3377s
progress: nodes=70,420,000,000 tested=1,290 found=0 n=58652282584800978019947 elapsed=3377s
progress: nodes=70,430,000,000 tested=1,290 found=0 n=68656524442373354898411 elapsed=3378s
progress: nodes=70,440,000,000 tested=1,290 found=0 n=83054965852932606315783 elapsed=3378s
progress: nodes=70,450,000,000 tested=1,290 found=0 n=101722898336165029402479 elapsed=3379s
progress: nodes=70,460,000,000 tested=1,290 found=0 n=125786981490932653662771 elapsed=3379s
progress: nodes=70,470,000,000 tested=1,290 found=0 n=155213457955503709450689 elapsed=3380s
progress: nodes=70,480,000,000 tested=1,290 found=0 n=189931547879939045647467 elapsed=3380s
progress: nodes=70,490,000,000 tested=1,290 found=0 n=44074337955810092537607 elapsed=3381s
progress: nodes=70,500,000,000 tested=1,290 found=0 n=86031489006103419970191 elapsed=3381s
progress: nodes=70,510,000,000 tested=1,290 found=0 n=133962678850767673365459 elapsed=3382s
progress: nodes=70,520,000,000 tested=1,290 found=0 n=189156181596603801538959 elapsed=3382s
progress: nodes=70,530,000,000 tested=1,290 found=0 n=63881855507986571256201 elapsed=3382s
progress: nodes=70,540,000,000 tested=1,290 found=0 n=126725357492767545721209 elapsed=3383s
progress: nodes=70,550,000,000 tested=1,290 found=0 n=16834603127627439401247 elapsed=3383s
progress: nodes=70,560,000,000 tested=1,290 found=0 n=86769858671375482003401 elapsed=3384s
progress: nodes=70,570,000,000 tested=1,290 found=0 n=165813145573386262410459 elapsed=3384s
progress: nodes=70,580,000,000 tested=1,290 found=0 n=66563697959416907872623 elapsed=3385s
progress: nodes=70,590,000,000 tested=1,290 found=0 n=154521673167387435190281 elapsed=3385s
progress: nodes=70,600,000,000 tested=1,290 found=0 n=65215438370885537151417 elapsed=3386s
progress: nodes=70,610,000,000 tested=1,290 found=0 n=162075893310311518038501 elapsed=3386s
progress: nodes=70,620,000,000 tested=1,290 found=0 n=82010762614892091911931 elapsed=3387s
progress: nodes=70,630,000,000 tested=1,290 found=0 n=188305401860535123631467 elapsed=3387s
progress: nodes=70,640,000,000 tested=1,290 found=0 n=116658968031472373307801 elapsed=3388s
progress: nodes=70,650,000,000 tested=1,290 found=0 n=53768869329093436496979 elapsed=3388s
progress: nodes=70,660,000,000 tested=1,290 found=0 n=174325005776903276592297 elapsed=3389s
progress: nodes=70,670,000,000 tested=1,290 found=0 n=118094029573328652064221 elapsed=3389s
progress: nodes=70,680,000,000 tested=1,290 found=0 n=67844555626240689054759 elapsed=3390s
progress: nodes=70,690,000,000 tested=1,290 found=0 n=23439618989614768013073 elapsed=3390s
progress: nodes=70,700,000,000 tested=1,290 found=0 n=156738257077634981762013 elapsed=3391s
progress: nodes=70,710,000,000 tested=1,290 found=0 n=118231040341838516813721 elapsed=3391s
progress: nodes=70,720,000,000 tested=1,290 found=0 n=85485878052308411809131 elapsed=3391s
progress: nodes=70,730,000,000 tested=1,290 found=0 n=59722156865425531195719 elapsed=3392s
progress: nodes=70,740,000,000 tested=1,290 found=0 n=41112591863967504831951 elapsed=3392s
progress: nodes=70,750,000,000 tested=1,290 found=0 n=27348579742283792919927 elapsed=3393s
progress: nodes=70,760,000,000 tested=1,290 found=0 n=17665666913325608854677 elapsed=3393s
progress: nodes=70,770,000,000 tested=1,290 found=0 n=185241751342836756767199 elapsed=3394s
progress: nodes=70,780,000,000 tested=1,290 found=0 n=182620983312768463822359 elapsed=3394s
progress: nodes=70,790,000,000 tested=1,290 found=0 n=184878962333807507234469 elapsed=3395s
progress: nodes=70,800,000,000 tested=1,290 found=0 n=18507338125719112518849 elapsed=3395s
progress: nodes=70,810,000,000 tested=1,290 found=0 n=29447949597048912026097 elapsed=3396s
progress: nodes=70,820,000,000 tested=1,290 found=0 n=44658453580059973252599 elapsed=3396s
progress: nodes=70,830,000,000 tested=1,290 found=0 n=65159144528790290405427 elapsed=3397s
progress: nodes=70,840,000,000 tested=1,290 found=0 n=89969368654382472185931 elapsed=3397s
progress: nodes=70,850,000,000 tested=1,290 found=0 n=119564777360502888573159 elapsed=3398s
progress: nodes=70,860,000,000 tested=1,290 found=0 n=154403077160486658092589 elapsed=3398s
progress: nodes=70,870,000,000 tested=1,290 found=0 n=23044663483325053312743 elapsed=3399s
progress: nodes=70,880,000,000 tested=1,290 found=0 n=66164252329935990150921 elapsed=3399s
progress: nodes=70,890,000,000 tested=1,290 found=0 n=116090331558359265057951 elapsed=3399s
progress: nodes=70,900,000,000 tested=1,290 found=0 n=172041073136444518877871 elapsed=3400s
progress: nodes=70,910,000,000 tested=1,290 found=0 n=57239760743100320676291 elapsed=3400s
progress: nodes=70,920,000,000 tested=1,290 found=0 n=119544178229045778521313 elapsed=3401s
progress: nodes=70,930,000,000 tested=1,290 found=0 n=18103487750822910346911 elapsed=3401s
progress: nodes=70,940,000,000 tested=1,290 found=0 n=87687926448728714581473 elapsed=3402s
progress: nodes=70,950,000,000 tested=1,290 found=0 n=166219918290119772201123 elapsed=3402s
progress: nodes=70,960,000,000 tested=1,290 found=0 n=75223128030674572797849 elapsed=3403s
progress: nodes=70,970,000,000 tested=1,290 found=0 n=162625969535058836836029 elapsed=3403s
progress: nodes=70,980,000,000 tested=1,290 found=0 n=80654405199505357441221 elapsed=3404s
progress: nodes=70,990,000,000 tested=1,290 found=0 n=177467193164135070629433 elapsed=3404s
progress: nodes=71,000,000,000 tested=1,290 found=0 n=104542093756812548799963 elapsed=3405s
progress: nodes=71,010,000,000 tested=1,290 found=0 n=40058683037631929780109 elapsed=3405s
progress: nodes=71,020,000,000 tested=1,290 found=0 n=148613262407896475206017 elapsed=3406s
progress: nodes=71,030,000,000 tested=1,290 found=0 n=91266336083733142082751 elapsed=3406s
progress: nodes=71,040,000,000 tested=1,290 found=0 n=40700457945699393828987 elapsed=3407s
progress: nodes=71,050,000,000 tested=1,290 found=0 n=163228990845995036175213 elapsed=3407s
progress: nodes=71,060,000,000 tested=1,290 found=0 n=120025443842619093627849 elapsed=3407s
progress: nodes=71,070,000,000 tested=1,290 found=0 n=82797280283479835292219 elapsed=3408s
progress: nodes=71,080,000,000 tested=1,290 found=0 n=53427981843562941077463 elapsed=3408s
progress: nodes=71,090,000,000 tested=1,290 found=0 n=30276011075364984890961 elapsed=3409s
progress: nodes=71,100,000,000 tested=1,290 found=0 n=178987469458193599752549 elapsed=3409s
progress: nodes=71,110,000,000 tested=1,290 found=0 n=162733962582754984714293 elapsed=3410s
progress: nodes=71,120,000,000 tested=1,290 found=0 n=150795794098757034568341 elapsed=3410s
progress: nodes=71,130,000,000 tested=1,290 found=0 n=143546882863498354259019 elapsed=3411s
progress: nodes=71,140,000,000 tested=1,290 found=0 n=142776009438171646405869 elapsed=3411s
progress: nodes=71,150,000,000 tested=1,290 found=0 n=147941699381550139764699 elapsed=3412s
progress: nodes=71,160,000,000 tested=1,290 found=0 n=158250886666741724943087 elapsed=3412s
progress: nodes=71,170,000,000 tested=1,290 found=0 n=173499406760541224986623 elapsed=3413s
progress: nodes=71,180,000,000 tested=1,290 found=0 n=28919492772730227666999 elapsed=3413s
progress: nodes=71,190,000,000 tested=1,290 found=0 n=53496241820175308042889 elapsed=3414s
progress: nodes=71,200,000,000 tested=1,290 found=0 n=83869722274323841032177 elapsed=3414s
progress: nodes=71,210,000,000 tested=1,290 found=0 n=118904843117311477158933 elapsed=3415s
progress: nodes=71,220,000,000 tested=1,290 found=0 n=160174880760257894457927 elapsed=3415s
progress: nodes=71,230,000,000 tested=1,290 found=0 n=40047518088398300340861 elapsed=3416s
progress: nodes=71,240,000,000 tested=1,290 found=0 n=87582681527299703093349 elapsed=3416s
progress: nodes=71,250,000,000 tested=1,290 found=0 n=140882260118413505699007 elapsed=3416s
progress: nodes=71,260,000,000 tested=1,290 found=0 n=34771457711351610642393 elapsed=3417s
progress: nodes=71,270,000,000 tested=1,290 found=0 n=94516563876399892806579 elapsed=3417s
progress: nodes=71,280,000,000 tested=1,290 found=0 n=161699666936637859938909 elapsed=3418s
progress: nodes=71,290,000,000 tested=1,290 found=0 n=68054704803913616908119 elapsed=3418s
progress: nodes=71,300,000,000 tested=1,290 found=0 n=144262715861017078203879 elapsed=3419s
progress: nodes=71,310,000,000 tested=1,290 found=0 n=62030704024148298409971 elapsed=3419s
progress: nodes=71,320,000,000 tested=1,290 found=0 n=148289492172398247339669 elapsed=3420s
progress: nodes=71,330,000,000 tested=1,290 found=0 n=76449538137941560633041 elapsed=3420s
progress: nodes=71,340,000,000 tested=1,290 found=0 n=174638005859216587170483 elapsed=3421s
progress: nodes=71,350,000,000 tested=1,290 found=0 n=111186445864337825672691 elapsed=3421s
progress: nodes=71,360,000,000 tested=1,290 found=0 n=55495304786336512546449 elapsed=3422s
progress: nodes=71,370,000,000 tested=1,290 found=0 n=166449325833481089269871 elapsed=3422s
progress: nodes=71,380,000,000 tested=1,290 found=0 n=117748552799325368193273 elapsed=3423s
progress: nodes=71,390,000,000 tested=1,290 found=0 n=75010837847227176535641 elapsed=3423s
progress: nodes=71,400,000,000 tested=1,290 found=0 n=38705373203331142527219 elapsed=3424s
progress: nodes=71,410,000,000 tested=1,290 found=0 n=166486793448459793418109 elapsed=3424s
progress: nodes=71,420,000,000 tested=1,290 found=0 n=136999191520618142674959 elapsed=3425s
progress: nodes=71,430,000,000 tested=1,290 found=0 n=112447798164278020757313 elapsed=3425s
progress: nodes=71,440,000,000 tested=1,290 found=0 n=93048087962929735727091 elapsed=3426s
progress: nodes=71,450,000,000 tested=1,290 found=0 n=78473466022818527501841 elapsed=3426s
progress: nodes=71,460,000,000 tested=1,290 found=0 n=68276248604475675612849 elapsed=3426s
progress: nodes=71,470,000,000 tested=1,290 found=0 n=62703932997851852395689 elapsed=3427s
progress: nodes=71,480,000,000 tested=1,290 found=0 n=61610496090343262423361 elapsed=3427s
progress: nodes=71,490,000,000 tested=1,290 found=0 n=65697913580011474252491 elapsed=3428s
progress: nodes=71,500,000,000 tested=1,290 found=0 n=75626777743716537835497 elapsed=3428s
progress: nodes=71,510,000,000 tested=1,290 found=0 n=90296484748386080633469 elapsed=3429s
progress: nodes=71,520,000,000 tested=1,290 found=0 n=110258365655919107848221 elapsed=3429s
progress: nodes=71,530,000,000 tested=1,290 found=0 n=135511218390850209768861 elapsed=3430s
progress: nodes=71,540,000,000 tested=1,290 found=0 n=166369673039459633214471 elapsed=3430s
progress: nodes=71,550,000,000 tested=1,290 found=0 n=42031106189926623006237 elapsed=3431s
progress: nodes=71,560,000,000 tested=1,290 found=0 n=79760590073669030066541 elapsed=3431s
progress: nodes=71,570,000,000 tested=1,290 found=0 n=123863184632297480961591 elapsed=3432s
progress: nodes=71,580,000,000 tested=1,290 found=0 n=18282486106894087439361 elapsed=3432s
progress: nodes=71,590,000,000 tested=1,290 found=0 n=68986057880180868043617 elapsed=3433s
progress: nodes=71,600,000,000 tested=1,290 found=0 n=128048365666718705138931 elapsed=3433s
progress: nodes=71,610,000,000 tested=1,290 found=0 n=37085623224633103787667 elapsed=3434s
progress: nodes=71,620,000,000 tested=1,290 found=0 n=105114793839419978140527 elapsed=3434s
progress: nodes=71,630,000,000 tested=1,290 found=0 n=25209996975539404897869 elapsed=3434s
progress: nodes=71,640,000,000 tested=1,290 found=0 n=102364512809809719007539 elapsed=3435s
progress: nodes=71,650,000,000 tested=1,290 found=0 n=31231274094720524811987 elapsed=3435s
progress: nodes=71,660,000,000 tested=1,290 found=0 n=117273772228671679952331 elapsed=3436s
progress: nodes=71,670,000,000 tested=1,290 found=0 n=54045492890662465385193 elapsed=3436s
progress: nodes=71,680,000,000 tested=1,290 found=0 n=151210253979592438299669 elapsed=3437s
progress: nodes=71,690,000,000 tested=1,290 found=0 n=96737327483780042066007 elapsed=3437s
progress: nodes=71,700,000,000 tested=1,290 found=0 n=49479135562687923289197 elapsed=3438s
progress: nodes=71,710,000,000 tested=1,290 found=0 n=161536197750960385301949 elapsed=3438s
progress: nodes=71,720,000,000 tested=1,290 found=0 n=121637357349317328257739 elapsed=3439s
progress: nodes=71,730,000,000 tested=1,290 found=0 n=87791249084351377095531 elapsed=3439s
progress: nodes=71,740,000,000 tested=1,290 found=0 n=59415121758450603314169 elapsed=3440s
progress: nodes=71,750,000,000 tested=1,290 found=0 n=36678772447955212181607 elapsed=3440s
progress: nodes=71,760,000,000 tested=1,290 found=0 n=18954970409140972437231 elapsed=3441s
progress: nodes=71,770,000,000 tested=1,290 found=0 n=156222923603912392169943 elapsed=3441s
progress: nodes=71,780,000,000 tested=1,290 found=0 n=146452606875962494554447 elapsed=3442s
progress: nodes=71,790,000,000 tested=1,290 found=0 n=142917611836564866139839 elapsed=3442s
progress: nodes=71,800,000,000 tested=1,290 found=0 n=144299242208977694852013 elapsed=3443s
progress: nodes=71,810,000,000 tested=1,290 found=0 n=151736107538200638864411 elapsed=3443s
progress: nodes=71,820,000,000 tested=1,290 found=0 n=165466621547077449730131 elapsed=3443s
progress: nodes=71,830,000,000 tested=1,290 found=0 n=31222494389609107243659 elapsed=3444s
progress: nodes=71,840,000,000 tested=1,290 found=0 n=52711168404380906262843 elapsed=3444s
progress: nodes=71,850,000,000 tested=1,290 found=0 n=79199154949972992063129 elapsed=3445s
progress: nodes=71,860,000,000 tested=1,290 found=0 n=110166364557826326050301 elapsed=3445s
progress: nodes=71,870,000,000 tested=1,290 found=0 n=146038738131107898575499 elapsed=3446s
progress: nodes=71,880,000,000 tested=1,290 found=0 n=35322924261269413635867 elapsed=3446s
progress: nodes=71,890,000,000 tested=1,290 found=0 n=79038463208904178148169 elapsed=3447s
progress: nodes=71,900,000,000 tested=1,290 found=0 n=129632113959111382726107 elapsed=3447s
progress: nodes=71,910,000,000 tested=1,290 found=0 n=34729648371041015140749 elapsed=3448s
progress: nodes=71,920,000,000 tested=1,290 found=0 n=92436481673559901028151 elapsed=3448s
progress: nodes=71,930,000,000 tested=1,290 found=0 n=158316072544565481825279 elapsed=3449s
progress: nodes=71,940,000,000 tested=1,290 found=0 n=77198916834187292305161 elapsed=3449s
progress: nodes=71,950,000,000 tested=1,290 found=0 n=152209437990825501395109 elapsed=3450s
progress: nodes=71,960,000,000 tested=1,290 found=0 n=79819921679546899884033 elapsed=3450s
progress: nodes=71,970,000,000 tested=1,290 found=0 n=164482895095773613410051 elapsed=3451s
progress: nodes=71,980,000,000 tested=1,290 found=0 n=102678791758565399269893 elapsed=3451s
progress: nodes=71,990,000,000 tested=1,290 found=0 n=47500789305606582178233 elapsed=3452s
progress: nodes=72,000,000,000 tested=1,290 found=0 n=145188083814782132583459 elapsed=3452s
progress: nodes=72,010,000,000 tested=1,290 found=0 n=97247062417955273236413 elapsed=3452s
progress: nodes=72,020,000,000 tested=1,290 found=0 n=56424629482882063540137 elapsed=3453s
progress: nodes=72,030,000,000 tested=1,290 found=0 n=22441060475976396102849 elapsed=3453s
progress: nodes=72,040,000,000 tested=1,290 found=0 n=137874625908038102306223 elapsed=3454s
progress: nodes=72,050,000,000 tested=1,290 found=0 n=112136032715041587705453 elapsed=3454s
progress: nodes=72,060,000,000 tested=1,290 found=0 n=91520105511631517063343 elapsed=3455s
progress: nodes=72,070,000,000 tested=1,290 found=0 n=75491524753401840322239 elapsed=3455s
progress: nodes=72,080,000,000 tested=1,290 found=0 n=65042398385969856999147 elapsed=3456s
progress: nodes=72,090,000,000 tested=1,290 found=0 n=59019799789459157898249 elapsed=3456s
progress: nodes=72,100,000,000 tested=1,290 found=0 n=57089447138179499802759 elapsed=3457s
progress: nodes=72,110,000,000 tested=1,290 found=0 n=60225758899125809622633 elapsed=3457s
progress: nodes=72,120,000,000 tested=1,290 found=0 n=68919040555006037262867 elapsed=3458s
progress: nodes=72,130,000,000 tested=1,290 found=0 n=83173219975293283646811 elapsed=3458s
progress: nodes=72,140,000,000 tested=1,290 found=0 n=103602872696645570188941 elapsed=3459s
progress: nodes=72,150,000,000 tested=1,290 found=0 n=129475314260410087308339 elapsed=3459s
progress: nodes=72,160,000,000 tested=1,290 found=0 n=161049007594691078005143 elapsed=3460s
progress: nodes=72,170,000,000 tested=1,290 found=0 n=50337174840986781761013 elapsed=3460s
progress: nodes=72,180,000,000 tested=1,290 found=0 n=89673281129909942908443 elapsed=3461s
progress: nodes=72,190,000,000 tested=1,290 found=0 n=134892152308982003298363 elapsed=3461s
progress: nodes=72,200,000,000 tested=1,290 found=0 n=39777890889828146592537 elapsed=3461s
progress: nodes=72,210,000,000 tested=1,290 found=0 n=93088410055690418536167 elapsed=3462s
progress: nodes=72,220,000,000 tested=1,290 found=0 n=153776554490464314476067 elapsed=3462s
progress: nodes=72,230,000,000 tested=1,290 found=0 n=73359189665817805811061 elapsed=3463s
progress: nodes=72,240,000,000 tested=1,290 found=0 n=143586062105885317179261 elapsed=3463s
progress: nodes=72,250,000,000 tested=1,290 found=0 n=73843723719644855125149 elapsed=3464s
progress: nodes=72,260,000,000 tested=1,290 found=0 n=155109832412835021690969 elapsed=3464s
progress: nodes=72,270,000,000 tested=1,290 found=0 n=95719392400272265996371 elapsed=3465s
progress: nodes=72,280,000,000 tested=1,290 found=0 n=44413815117306222699111 elapsed=3465s
progress: nodes=72,290,000,000 tested=1,290 found=0 n=140164294111361356393557 elapsed=3466s
progress: nodes=72,300,000,000 tested=1,290 found=0 n=97060763441333676697713 elapsed=3466s
progress: nodes=72,310,000,000 tested=1,290 found=0 n=58938887881991178170109 elapsed=3467s
progress: nodes=72,320,000,000 tested=1,290 found=0 n=26802742121309944326537 elapsed=3467s
progress: nodes=72,330,000,000 tested=1,290 found=0 n=139124138654797344465417 elapsed=3468s
progress: nodes=72,340,000,000 tested=1,290 found=0 n=114991919654894150341473 elapsed=3468s
progress: nodes=72,350,000,000 tested=1,290 found=0 n=96567026985227551621869 elapsed=3469s
progress: nodes=72,360,000,000 tested=1,290 found=0 n=82963252150662121110873 elapsed=3469s
progress: nodes=72,370,000,000 tested=1,290 found=0 n=73912239698210580637971 elapsed=3469s
progress: nodes=72,380,000,000 tested=1,290 found=0 n=69203689749885722490459 elapsed=3470s
progress: nodes=72,390,000,000 tested=1,290 found=0 n=69326646747408056335329 elapsed=3470s
progress: nodes=72,400,000,000 tested=1,290 found=0 n=73458462556960021828287 elapsed=3471s
progress: nodes=72,410,000,000 tested=1,290 found=0 n=82136442739530809809179 elapsed=3471s
progress: nodes=72,420,000,000 tested=1,290 found=0 n=95544798950005974802233 elapsed=3472s
progress: nodes=72,430,000,000 tested=1,290 found=0 n=114435717919593660763173 elapsed=3472s
progress: nodes=72,440,000,000 tested=1,290 found=0 n=137657448094130699391657 elapsed=3473s
progress: nodes=72,450,000,000 tested=1,290 found=0 n=25577131367338688017881 elapsed=3473s
progress: nodes=72,460,000,000 tested=1,290 found=0 n=55004710078549876333689 elapsed=3474s
progress: nodes=72,470,000,000 tested=1,290 found=0 n=89696811898413113847453 elapsed=3474s
progress: nodes=72,480,000,000 tested=1,290 found=0 n=130038947264337747747111 elapsed=3475s
progress: nodes=72,490,000,000 tested=1,290 found=0 n=35601968454360517608399 elapsed=3475s
progress: nodes=72,500,000,000 tested=1,290 found=0 n=83234237304315481877493 elapsed=3476s
progress: nodes=72,510,000,000 tested=1,290 found=0 n=139126961748829885339509 elapsed=3476s
progress: nodes=72,520,000,000 tested=1,290 found=0 n=60334325239123780031187 elapsed=3477s
progress: nodes=72,530,000,000 tested=1,290 found=0 n=125457501990464509232367 elapsed=3477s
progress: nodes=72,540,000,000 tested=1,290 found=0 n=56492405742367083035547 elapsed=3478s
progress: nodes=72,550,000,000 tested=1,290 found=0 n=131113570029472825501707 elapsed=3478s
progress: nodes=72,560,000,000 tested=1,290 found=0 n=71337548098664358662151 elapsed=3479s
progress: nodes=72,570,000,000 tested=1,290 found=0 n=19965968131933451294667 elapsed=3479s
progress: nodes=72,580,000,000 tested=1,290 found=0 n=106983456703780594196259 elapsed=3480s
progress: nodes=72,590,000,000 tested=1,290 found=0 n=63891920519706742281819 elapsed=3480s
progress: nodes=72,600,000,000 tested=1,290 found=0 n=28496308848736367872233 elapsed=3481s
progress: nodes=72,610,000,000 tested=1,290 found=0 n=134654403828920964081093 elapsed=3481s
progress: nodes=72,620,000,000 tested=1,290 found=0 n=110365379605427545595997 elapsed=3482s
progress: nodes=72,630,000,000 tested=1,290 found=0 n=90946081013457309478839 elapsed=3482s
progress: nodes=72,640,000,000 tested=1,290 found=0 n=76108272786599721997329 elapsed=3483s
progress: nodes=72,650,000,000 tested=1,290 found=0 n=66064099131063150906789 elapsed=3483s
progress: nodes=72,660,000,000 tested=1,290 found=0 n=61499976846423730591977 elapsed=3484s
progress: nodes=72,670,000,000 tested=1,290 found=0 n=61861862331529041762981 elapsed=3484s
progress: nodes=72,680,000,000 tested=1,290 found=0 n=66929234519334628634193 elapsed=3485s
progress: nodes=72,690,000,000 tested=1,290 found=0 n=76564922018353800728697 elapsed=3485s
progress: nodes=72,700,000,000 tested=1,290 found=0 n=91706813573439180223107 elapsed=3486s
progress: nodes=72,710,000,000 tested=1,290 found=0 n=111923310452127390585369 elapsed=3486s
progress: nodes=72,720,000,000 tested=1,290 found=0 n=137357101338178953203973 elapsed=3487s
progress: nodes=72,730,000,000 tested=1,290 found=0 n=32461404994828296409923 elapsed=3487s
progress: nodes=72,740,000,000 tested=1,290 found=0 n=65103497367985900640817 elapsed=3488s
progress: nodes=72,750,000,000 tested=1,290 found=0 n=103387833065127286909233 elapsed=3488s
progress: nodes=72,760,000,000 tested=1,290 found=0 n=147715215134124853836621 elapsed=3489s
progress: nodes=72,770,000,000 tested=1,290 found=0 n=60478915097666824952193 elapsed=3489s
progress: nodes=72,780,000,000 tested=1,290 found=0 n=113242172943989335156911 elapsed=3490s
progress: nodes=72,790,000,000 tested=1,290 found=0 n=38476321828318870266771 elapsed=3490s
progress: nodes=72,800,000,000 tested=1,290 found=0 n=100977854106032156039787 elapsed=3491s
progress: nodes=72,810,000,000 tested=1,290 found=0 n=36864655225382060115039 elapsed=3491s
progress: nodes=72,820,000,000 tested=1,290 found=0 n=108867632482901043330579 elapsed=3492s
progress: nodes=72,830,000,000 tested=1,290 found=0 n=53755270628226540151779 elapsed=3492s
progress: nodes=72,840,000,000 tested=1,290 found=0 n=136600066671907300348887 elapsed=3493s
progress: nodes=72,850,000,000 tested=1,290 found=0 n=90565825876788471700491 elapsed=3493s
progress: nodes=72,860,000,000 tested=1,290 found=0 n=50835232793946769661493 elapsed=3494s
progress: nodes=72,870,000,000 tested=1,290 found=0 n=148449463345898807543451 elapsed=3494s
progress: nodes=72,880,000,000 tested=1,290 found=0 n=116734541042888820210159 elapsed=3495s
progress: nodes=72,890,000,000 tested=1,290 found=0 n=90718748193860190030627 elapsed=3495s
progress: nodes=72,900,000,000 tested=1,290 found=0 n=70764050181089225573613 elapsed=3496s
progress: nodes=72,910,000,000 tested=1,290 found=0 n=55552804768533255282099 elapsed=3496s
progress: nodes=72,920,000,000 tested=1,290 found=0 n=45114827813722868998797 elapsed=3497s
progress: nodes=72,930,000,000 tested=1,290 found=0 n=38818044998210747840571 elapsed=3497s
progress: nodes=72,940,000,000 tested=1,290 found=0 n=37453951947883058695107 elapsed=3497s
progress: nodes=72,950,000,000 tested=1,290 found=0 n=40360219252002431062281 elapsed=3498s
progress: nodes=72,960,000,000 tested=1,290 found=0 n=47550262749155607804363 elapsed=3498s
progress: nodes=72,970,000,000 tested=1,290 found=0 n=58730295486178353278241 elapsed=3499s
progress: nodes=72,980,000,000 tested=1,290 found=0 n=74709962874630778601907 elapsed=3499s
progress: nodes=72,990,000,000 tested=1,290 found=0 n=96123222037760174408151 elapsed=3500s
progress: nodes=73,000,000,000 tested=1,290 found=0 n=122576405360432811498711 elapsed=3500s
progress: nodes=73,010,000,000 tested=1,290 found=0 n=24716055299057611916427 elapsed=3501s
progress: nodes=73,020,000,000 tested=1,290 found=0 n=58836057643877810843547 elapsed=3501s
progress: nodes=73,030,000,000 tested=1,290 found=0 n=99820266897206537102421 elapsed=3502s
progress: nodes=73,040,000,000 tested=1,290 found=0 n=147512495227821092211843 elapsed=3502s
progress: nodes=73,050,000,000 tested=1,290 found=0 n=68898239231500876596399 elapsed=3503s
progress: nodes=73,060,000,000 tested=1,290 found=0 n=126692152768945028207943 elapsed=3503s
progress: nodes=73,070,000,000 tested=1,290 found=0 n=59384793522994775746911 elapsed=3504s
progress: nodes=73,080,000,000 tested=1,290 found=0 n=126780328671223302402327 elapsed=3504s
progress: nodes=73,090,000,000 tested=1,290 found=0 n=68850846910688006531367 elapsed=3505s
progress: nodes=73,100,000,000 tested=1,290 found=0 n=145808646017748235378857 elapsed=3505s
progress: nodes=73,110,000,000 tested=1,290 found=0 n=96951706345872046027359 elapsed=3506s
progress: nodes=73,120,000,000 tested=1,290 found=0 n=54727587574886254309281 elapsed=3506s
progress: nodes=73,130,000,000 tested=1,290 found=0 n=19869475110542610692139 elapsed=3507s
progress: nodes=73,140,000,000 tested=1,290 found=0 n=114687793426970402499861 elapsed=3507s
progress: nodes=73,150,000,000 tested=1,290 found=0 n=88924117955332930271001 elapsed=3508s
progress: nodes=73,160,000,000 tested=1,290 found=0 n=68720865453284775699969 elapsed=3508s
progress: nodes=73,170,000,000 tested=1,290 found=0 n=53465858381009729808153 elapsed=3509s
progress: nodes=73,180,000,000 tested=1,290 found=0 n=42989269779820641488211 elapsed=3509s
progress: nodes=73,190,000,000 tested=1,290 found=0 n=37269441956652131247021 elapsed=3510s
progress: nodes=73,200,000,000 tested=1,290 found=0 n=36382397137925296695237 elapsed=3510s
progress: nodes=73,210,000,000 tested=1,290 found=0 n=40937538938329278334089 elapsed=3511s
progress: nodes=73,220,000,000 tested=1,290 found=0 n=50513444681442016603329 elapsed=3511s
progress: nodes=73,230,000,000 tested=1,290 found=0 n=64558249091617431231081 elapsed=3512s
progress: nodes=73,240,000,000 tested=1,290 found=0 n=83647009884349600908219 elapsed=3512s
progress: nodes=73,250,000,000 tested=1,290 found=0 n=107485398558014918884443 elapsed=3513s
progress: nodes=73,260,000,000 tested=1,290 found=0 n=136411880408621754577641 elapsed=3513s
progress: nodes=73,270,000,000 tested=1,290 found=0 n=43648700129840016740529 elapsed=3514s
progress: nodes=73,280,000,000 tested=1,290 found=0 n=81520544734011290038131 elapsed=3514s
progress: nodes=73,290,000,000 tested=1,290 found=0 n=126548558079968060293257 elapsed=3515s
progress: nodes=73,300,000,000 tested=1,290 found=0 n=50183427223011701321703 elapsed=3515s
progress: nodes=73,310,000,000 tested=1,290 found=0 n=104246739511164788667129 elapsed=3516s
progress: nodes=73,320,000,000 tested=1,290 found=0 n=40291240011401505237111 elapsed=3516s
progress: nodes=73,330,000,000 tested=1,290 found=0 n=104638077037482606308691 elapsed=3517s
progress: nodes=73,340,000,000 tested=1,290 found=0 n=49499144705787197424003 elapsed=3517s
progress: nodes=73,350,000,000 tested=1,290 found=0 n=123635144129852977230609 elapsed=3518s
progress: nodes=73,360,000,000 tested=1,290 found=0 n=78452090045222334690249 elapsed=3518s
progress: nodes=73,370,000,000 tested=1,290 found=0 n=40069382424703771306167 elapsed=3519s
progress: nodes=73,380,000,000 tested=1,290 found=0 n=129985388550324990724041 elapsed=3519s
progress: nodes=73,390,000,000 tested=1,290 found=0 n=100499068213623542640177 elapsed=3519s
progress: nodes=73,400,000,000 tested=1,290 found=0 n=76667249917668282275403 elapsed=3520s
progress: nodes=73,410,000,000 tested=1,290 found=0 n=58329358884231120054369 elapsed=3520s
progress: nodes=73,420,000,000 tested=1,290 found=0 n=45035889263880524806797 elapsed=3521s
progress: nodes=73,430,000,000 tested=1,290 found=0 n=36485843844307754757861 elapsed=3521s
progress: nodes=73,440,000,000 tested=1,290 found=0 n=32018989113862588008171 elapsed=3522s
progress: nodes=73,450,000,000 tested=1,290 found=0 n=32204830020872030779257 elapsed=3522s
progress: nodes=73,460,000,000 tested=1,290 found=0 n=36880569910899440845119 elapsed=3523s
progress: nodes=73,470,000,000 tested=1,290 found=0 n=47047645767356986058307 elapsed=3523s
progress: nodes=73,480,000,000 tested=1,290 found=0 n=62043290451523512069939 elapsed=3524s
progress: nodes=73,490,000,000 tested=1,290 found=0 n=81945190019649517592031 elapsed=3524s
progress: nodes=73,500,000,000 tested=1,290 found=0 n=107172611826871851463203 elapsed=3525s
progress: nodes=73,510,000,000 tested=1,290 found=0 n=137988782892089625178683 elapsed=3525s
progress: nodes=73,520,000,000 tested=1,290 found=0 n=50687226315845018526627 elapsed=3526s
progress: nodes=73,530,000,000 tested=1,290 found=0 n=89962132174090392633417 elapsed=3526s
progress: nodes=73,540,000,000 tested=1,290 found=0 n=136748376725076423464157 elapsed=3527s
progress: nodes=73,550,000,000 tested=1,290 found=0 n=65531158438747720001283 elapsed=3527s
progress: nodes=73,560,000,000 tested=1,290 found=0 n=121820871393303061460481 elapsed=3528s
progress: nodes=73,570,000,000 tested=1,290 found=0 n=61329004747803537752007 elapsed=3528s
progress: nodes=73,580,000,000 tested=1,290 found=0 n=128511354254753190547827 elapsed=3529s
progress: nodes=73,590,000,000 tested=1,290 found=0 n=78790285047990716699499 elapsed=3529s
progress: nodes=73,600,000,000 tested=1,290 found=0 n=36360524925917254791729 elapsed=3530s
progress: nodes=73,610,000,000 tested=1,290 found=0 n=117890035215281673511167 elapsed=3530s
progress: nodes=73,620,000,000 tested=1,290 found=0 n=83999102580485813219499 elapsed=3531s
progress: nodes=73,630,000,000 tested=1,290 found=0 n=56599029736530056356581 elapsed=3531s
progress: nodes=73,640,000,000 tested=1,290 found=0 n=35460357172747579481409 elapsed=3532s
progress: nodes=73,650,000,000 tested=1,290 found=0 n=20329324764195104000343 elapsed=3532s
progress: nodes=73,660,000,000 tested=1,290 found=0 n=126946203628339710924309 elapsed=3533s
progress: nodes=73,670,000,000 tested=1,290 found=0 n=119622791139504179666139 elapsed=3533s
progress: nodes=73,680,000,000 tested=1,290 found=0 n=117389103018872097339927 elapsed=3534s
progress: nodes=73,690,000,000 tested=1,290 found=0 n=119801657265453547174791 elapsed=3534s
progress: nodes=73,700,000,000 tested=1,290 found=0 n=127086266155274185062303 elapsed=3535s
progress: nodes=73,710,000,000 tested=1,290 found=0 n=21707262278513283905433 elapsed=3535s
progress: nodes=73,720,000,000 tested=1,290 found=0 n=38633341963273439643261 elapsed=3536s
progress: nodes=73,730,000,000 tested=1,290 found=0 n=60662471970915001119933 elapsed=3536s
progress: nodes=73,740,000,000 tested=1,290 found=0 n=88459790790789574277121 elapsed=3536s
progress: nodes=73,750,000,000 tested=1,290 found=0 n=121533538177981412926443 elapsed=3537s
progress: nodes=73,760,000,000 tested=1,290 found=0 n=41612821399085429159667 elapsed=3537s
progress: nodes=73,770,000,000 tested=1,290 found=0 n=84529099818149049072009 elapsed=3538s
progress: nodes=73,780,000,000 tested=1,290 found=0 n=133901955295181315405163 elapsed=3538s
progress: nodes=73,790,000,000 tested=1,290 found=0 n=68821684833859800413571 elapsed=3539s
progress: nodes=73,800,000,000 tested=1,290 found=0 n=128222908753575504441573 elapsed=3539s
progress: nodes=73,810,000,000 tested=1,290 found=0 n=73142789827940943763653 elapsed=3540s
progress: nodes=73,820,000,000 tested=1,290 found=0 n=26174269613037299126373 elapsed=3540s
progress: nodes=73,830,000,000 tested=1,290 found=0 n=98218230004223466015879 elapsed=3541s
progress: nodes=73,840,000,000 tested=1,290 found=0 n=60754461436552682249451 elapsed=3541s
progress: nodes=73,850,000,000 tested=1,290 found=0 n=30050369259768926291223 elapsed=3542s
progress: nodes=73,860,000,000 tested=1,290 found=0 n=119377880512567084108701 elapsed=3542s
progress: nodes=73,870,000,000 tested=1,290 found=0 n=97718405930749314287577 elapsed=3543s
progress: nodes=73,880,000,000 tested=1,290 found=0 n=81531840964909850816301 elapsed=3543s
progress: nodes=73,890,000,000 tested=1,290 found=0 n=70064621442002861927253 elapsed=3544s
progress: nodes=73,900,000,000 tested=1,290 found=0 n=64056096956719990605483 elapsed=3544s
progress: nodes=73,910,000,000 tested=1,290 found=0 n=63127312428710098427859 elapsed=3545s
progress: nodes=73,920,000,000 tested=1,290 found=0 n=67395705264348844121739 elapsed=3545s
progress: nodes=73,930,000,000 tested=1,290 found=0 n=76943801166676534337247 elapsed=3546s
progress: nodes=73,940,000,000 tested=1,290 found=0 n=92229084977524333811973 elapsed=3546s
progress: nodes=73,950,000,000 tested=1,290 found=0 n=113118643317350658136149 elapsed=3547s
progress: nodes=73,960,000,000 tested=1,290 found=0 n=24021415992144039361893 elapsed=3547s
progress: nodes=73,970,000,000 tested=1,290 found=0 n=51950810516702069165193 elapsed=3548s
progress: nodes=73,980,000,000 tested=1,290 found=0 n=85251290994532097037603 elapsed=3548s
progress: nodes=73,990,000,000 tested=1,290 found=0 n=125340865142814079681923 elapsed=3549s
progress: nodes=74,000,000,000 tested=1,290 found=0 n=54004545055379363886441 elapsed=3549s
progress: nodes=74,010,000,000 tested=1,290 found=0 n=103064376104819524295901 elapsed=3550s
progress: nodes=74,020,000,000 tested=1,290 found=0 n=43187411263084416947619 elapsed=3550s
progress: nodes=74,030,000,000 tested=1,290 found=0 n=101475248049534719791431 elapsed=3550s
progress: nodes=74,040,000,000 tested=1,290 found=0 n=51107501092620941421453 elapsed=3551s
progress: nodes=74,050,000,000 tested=1,290 found=0 n=120163129268494705796403 elapsed=3551s
progress: nodes=74,060,000,000 tested=1,290 found=0 n=79246580666524789436919 elapsed=3552s
progress: nodes=74,070,000,000 tested=1,290 found=0 n=44276694795310438193733 elapsed=3552s
progress: nodes=74,080,000,000 tested=1,290 found=0 n=128440197369786801536037 elapsed=3553s
progress: nodes=74,090,000,000 tested=1,290 found=0 n=103119704552366249961213 elapsed=3553s
progress: nodes=74,100,000,000 tested=1,290 found=0 n=83266079102678656375191 elapsed=3554s
progress: nodes=74,110,000,000 tested=1,290 found=0 n=69880747306302012313233 elapsed=3554s
progress: nodes=74,120,000,000 tested=1,290 found=0 n=62178693119948633647419 elapsed=3555s
progress: nodes=74,130,000,000 tested=1,290 found=0 n=59298146573100138180477 elapsed=3555s
progress: nodes=74,140,000,000 tested=1,290 found=0 n=60828703742640397973409 elapsed=3556s
progress: nodes=74,150,000,000 tested=1,290 found=0 n=67430775519029168046801 elapsed=3556s
progress: nodes=74,160,000,000 tested=1,290 found=0 n=79669828047576392002377 elapsed=3557s
progress: nodes=74,170,000,000 tested=1,290 found=0 n=97083988974186349105971 elapsed=3557s
progress: nodes=74,180,000,000 tested=1,290 found=0 n=119888760158074222153839 elapsed=3558s
progress: nodes=74,190,000,000 tested=1,290 found=0 n=35613255733576015321827 elapsed=3558s
progress: nodes=74,200,000,000 tested=1,290 found=0 n=67460412305330971297371 elapsed=3559s
progress: nodes=74,210,000,000 tested=1,290 found=0 n=104481444351730008045483 elapsed=3559s
progress: nodes=74,220,000,000 tested=1,290 found=0 n=34836615748370434087089 elapsed=3559s
progress: nodes=74,230,000,000 tested=1,290 found=0 n=80275778018500184479359 elapsed=3560s
progress: nodes=74,240,000,000 tested=1,290 found=0 n=21690739145147192389269 elapsed=3560s
progress: nodes=74,250,000,000 tested=1,290 found=0 n=75509295659568130006647 elapsed=3561s
progress: nodes=74,260,000,000 tested=1,290 found=0 n=26817437673332273230263 elapsed=3561s
progress: nodes=74,270,000,000 tested=1,290 found=0 n=91907837976638931836589 elapsed=3562s
progress: nodes=74,280,000,000 tested=1,290 found=0 n=53712492314243466967263 elapsed=3562s
progress: nodes=74,290,000,000 tested=1,290 found=0 n=22082857107250538600001 elapsed=3563s
progress: nodes=74,300,000,000 tested=1,290 found=0 n=102582738438819105393927 elapsed=3563s
progress: nodes=74,310,000,000 tested=1,290 found=0 n=78261710641213411619307 elapsed=3564s
progress: nodes=74,320,000,000 tested=1,290 found=0 n=59472624529330868714859 elapsed=3564s
progress: nodes=74,330,000,000 tested=1,290 found=0 n=46334148730561363703031 elapsed=3565s
progress: nodes=74,340,000,000 tested=1,290 found=0 n=38537577931740767318439 elapsed=3565s
progress: nodes=74,350,000,000 tested=1,290 found=0 n=35914518236643822288513 elapsed=3566s
progress: nodes=74,360,000,000 tested=1,290 found=0 n=39052151997999366269043 elapsed=3566s
progress: nodes=74,370,000,000 tested=1,290 found=0 n=47989291059617963718663 elapsed=3567s
progress: nodes=74,380,000,000 tested=1,290 found=0 n=61653396374483849544609 elapsed=3567s
progress: nodes=74,390,000,000 tested=1,290 found=0 n=80415253901795541005277 elapsed=3568s
progress: nodes=74,400,000,000 tested=1,290 found=0 n=104896724009520152488779 elapsed=3568s
progress: nodes=74,410,000,000 tested=1,290 found=0 n=26098714646391322678743 elapsed=3569s
progress: nodes=74,420,000,000 tested=1,290 found=0 n=60742664202181504363821 elapsed=3569s
progress: nodes=74,430,000,000 tested=1,290 found=0 n=102796454092192725601737 elapsed=3570s
progress: nodes=74,440,000,000 tested=1,290 found=0 n=41737429406149749865593 elapsed=3570s
progress: nodes=74,450,000,000 tested=1,290 found=0 n=93559891225927096061091 elapsed=3571s
progress: nodes=74,460,000,000 tested=1,290 found=0 n=42872499670172811798159 elapsed=3571s
progress: nodes=74,470,000,000 tested=1,290 found=0 n=105255964069420169078073 elapsed=3572s
progress: nodes=74,480,000,000 tested=1,290 found=0 n=64749160772698096643949 elapsed=3572s
progress: nodes=74,490,000,000 tested=1,290 found=0 n=31131344984748010929927 elapsed=3573s
progress: nodes=74,500,000,000 tested=1,290 found=0 n=108712208500796971237167 elapsed=3573s
progress: nodes=74,510,000,000 tested=1,290 found=0 n=84230302266432327046041 elapsed=3574s
progress: nodes=74,520,000,000 tested=1,290 found=0 n=65709722676675783022317 elapsed=3574s
progress: nodes=74,530,000,000 tested=1,290 found=0 n=52294671754668534688497 elapsed=3574s
progress: nodes=74,540,000,000 tested=1,290 found=0 n=44527017285313895543211 elapsed=3575s
progress: nodes=74,550,000,000 tested=1,290 found=0 n=41851299697460361387279 elapsed=3575s
progress: nodes=74,560,000,000 tested=1,290 found=0 n=44118955164917323948257 elapsed=3576s
progress: nodes=74,570,000,000 tested=1,290 found=0 n=51286825251913457345139 elapsed=3576s
progress: nodes=74,580,000,000 tested=1,290 found=0 n=63145227702532780311507 elapsed=3577s
progress: nodes=74,590,000,000 tested=1,290 found=0 n=79838467972942726158111 elapsed=3577s
progress: nodes=74,600,000,000 tested=1,290 found=0 n=103171081716289432822977 elapsed=3578s
progress: nodes=74,610,000,000 tested=1,290 found=0 n=26276789562914286459063 elapsed=3578s
progress: nodes=74,620,000,000 tested=1,290 found=0 n=58555501711717787127351 elapsed=3579s
progress: nodes=74,630,000,000 tested=1,290 found=0 n=98075114326716672097953 elapsed=3579s
progress: nodes=74,640,000,000 tested=1,290 found=0 n=37693292118184534134303 elapsed=3580s
progress: nodes=74,650,000,000 tested=1,290 found=0 n=86706330271827534539271 elapsed=3580s
progress: nodes=74,660,000,000 tested=1,290 found=0 n=36268536238675115698323 elapsed=3581s
progress: nodes=74,670,000,000 tested=1,290 found=0 n=95627572790043441017871 elapsed=3581s
progress: nodes=74,680,000,000 tested=1,290 found=0 n=55160203585964052182607 elapsed=3582s
progress: nodes=74,690,000,000 tested=1,290 found=0 n=126141260233261360460373 elapsed=3582s
progress: nodes=74,700,000,000 tested=1,290 found=0 n=95092849691848347828489 elapsed=3583s
progress: nodes=74,710,000,000 tested=1,290 found=0 n=70573850486867466049311 elapsed=3583s
progress: nodes=74,720,000,000 tested=1,290 found=0 n=52122640189774659884379 elapsed=3584s
progress: nodes=74,730,000,000 tested=1,290 found=0 n=39356379655017505239159 elapsed=3584s
progress: nodes=74,740,000,000 tested=1,290 found=0 n=32201546198485361044347 elapsed=3585s
progress: nodes=74,750,000,000 tested=1,290 found=0 n=29700840016184373999963 elapsed=3585s
progress: nodes=74,760,000,000 tested=1,290 found=0 n=31881718226061279296721 elapsed=3586s
progress: nodes=74,770,000,000 tested=1,290 found=0 n=39303655745730809195763 elapsed=3586s
progress: nodes=74,780,000,000 tested=1,290 found=0 n=51531934798449236618487 elapsed=3587s
progress: nodes=74,790,000,000 tested=1,290 found=0 n=69307729946734307385357 elapsed=3587s
progress: nodes=74,800,000,000 tested=1,290 found=0 n=92926889058247384689549 elapsed=3588s
progress: nodes=74,810,000,000 tested=1,290 found=0 n=121920147353788214401971 elapsed=3588s
progress: nodes=74,820,000,000 tested=1,290 found=0 n=50400003817438383669561 elapsed=3589s
progress: nodes=74,830,000,000 tested=1,290 found=0 n=87979642482926520288963 elapsed=3589s
progress: nodes=74,840,000,000 tested=1,290 found=0 n=28686537099516209674761 elapsed=3590s
progress: nodes=74,850,000,000 tested=1,290 found=0 n=75817756888639729932969 elapsed=3590s
progress: nodes=74,860,000,000 tested=1,290 found=0 n=27230207283964714530501 elapsed=3591s
progress: nodes=74,870,000,000 tested=1,290 found=0 n=84980495076429108098943 elapsed=3591s
progress: nodes=74,880,000,000 tested=1,290 found=0 n=46980482126029421198229 elapsed=3592s
progress: nodes=74,890,000,000 tested=1,290 found=0 n=116768843987536652664753 elapsed=3592s
progress: nodes=74,900,000,000 tested=1,290 found=0 n=87960500127815970433779 elapsed=3593s
progress: nodes=74,910,000,000 tested=1,290 found=0 n=64461838905142245035469 elapsed=3593s
progress: nodes=74,920,000,000 tested=1,290 found=0 n=46456854148620611424729 elapsed=3594s
progress: nodes=74,930,000,000 tested=1,290 found=0 n=34006258676689440504363 elapsed=3594s
progress: nodes=74,940,000,000 tested=1,290 found=0 n=26149718438770244106789 elapsed=3595s
progress: nodes=74,950,000,000 tested=1,290 found=0 n=22723987542675241990167 elapsed=3595s
progress: nodes=74,960,000,000 tested=1,290 found=0 n=24148813657426961546043 elapsed=3595s
progress: nodes=74,970,000,000 tested=1,290 found=0 n=30513010201327328253579 elapsed=3596s
progress: nodes=74,980,000,000 tested=1,290 found=0 n=42587253013818679128963 elapsed=3596s
progress: nodes=74,990,000,000 tested=1,290 found=0 n=60713489073481568347023 elapsed=3597s
progress: nodes=75,000,000,000 tested=1,290 found=0 n=83833524329445375297813 elapsed=3597s
progress: nodes=75,010,000,000 tested=1,290 found=0 n=113303204099338468938723 elapsed=3598s
progress: nodes=75,020,000,000 tested=1,290 found=0 n=44975524100560111465407 elapsed=3598s
progress: nodes=75,030,000,000 tested=1,290 found=0 n=82856016749995131229587 elapsed=3599s
progress: nodes=75,040,000,000 tested=1,290 found=0 n=26685970027478862551451 elapsed=3599s
progress: nodes=75,050,000,000 tested=1,290 found=0 n=74190611290791529631097 elapsed=3600s

done in 3600.0s | nodes=75,052,462,080 | tested=1,290 | weird=0
