search v2: odd=True, N_CAP=1.00e+24, DELTA_MAX=1.0e+07, MIN_DEPTH=6
SPF shard: smallest prime factor = 3
P2 sub-shard: second prime factor = 7
P3 sub-sub-shard: third prime factor = 11
progress: nodes=10,000,000 tested=3,520 found=0 n=22095636717130132877721 elapsed=2s
progress: nodes=20,000,000 tested=3,521 found=0 n=980563876278138901337589 elapsed=2s
progress: nodes=30,000,000 tested=3,521 found=0 n=713252354992808286456801 elapsed=3s
progress: nodes=40,000,000 tested=3,521 found=0 n=891248413987591358770071 elapsed=3s
progress: nodes=50,000,000 tested=3,521 found=0 n=999771413203949817303873 elapsed=3s
progress: nodes=60,000,000 tested=3,521 found=0 n=854167913171360736205257 elapsed=4s
progress: nodes=70,000,000 tested=3,521 found=0 n=899573381237919025466829 elapsed=4s
progress: nodes=80,000,000 tested=3,521 found=0 n=778715335008709569510039 elapsed=5s
progress: nodes=90,000,000 tested=3,521 found=0 n=957392659848878981837109 elapsed=5s
progress: nodes=100,000,000 tested=3,521 found=0 n=761179529495686793689197 elapsed=6s
progress: nodes=110,000,000 tested=3,521 found=0 n=967469974248400676324271 elapsed=6s
progress: nodes=120,000,000 tested=3,521 found=0 n=856953921797237640316941 elapsed=7s
progress: nodes=130,000,000 tested=3,521 found=0 n=959432741799338511293589 elapsed=7s
progress: nodes=140,000,000 tested=3,521 found=0 n=787291351949111919082173 elapsed=7s
progress: nodes=150,000,000 tested=3,521 found=0 n=863826119060682888000891 elapsed=8s
progress: nodes=160,000,000 tested=3,521 found=0 n=915014911858433206073253 elapsed=8s
progress: nodes=170,000,000 tested=3,521 found=0 n=857419023137177545275231 elapsed=9s
progress: nodes=180,000,000 tested=3,521 found=0 n=869518436447521436839263 elapsed=9s
progress: nodes=190,000,000 tested=3,521 found=0 n=929596275740513589947739 elapsed=10s
progress: nodes=200,000,000 tested=3,521 found=0 n=994141081984105611484929 elapsed=10s
progress: nodes=210,000,000 tested=3,521 found=0 n=899361252840078710102421 elapsed=10s
progress: nodes=220,000,000 tested=3,521 found=0 n=903879894155880985654311 elapsed=11s
progress: nodes=230,000,000 tested=3,521 found=0 n=883400490840610942348149 elapsed=11s
progress: nodes=240,000,000 tested=3,521 found=0 n=964617246661359708095679 elapsed=12s
progress: nodes=250,000,000 tested=3,521 found=0 n=953693510430285407583801 elapsed=12s
progress: nodes=260,000,000 tested=3,521 found=0 n=930358784726748037203543 elapsed=13s
progress: nodes=270,000,000 tested=3,521 found=0 n=954768429876690343591677 elapsed=13s
progress: nodes=280,000,000 tested=3,521 found=0 n=782326565358659311659669 elapsed=14s
progress: nodes=290,000,000 tested=3,521 found=0 n=548159752866147569884737 elapsed=14s
progress: nodes=300,000,000 tested=3,521 found=0 n=569397483401747907865959 elapsed=14s
progress: nodes=310,000,000 tested=3,521 found=0 n=894922115769607759714881 elapsed=15s
progress: nodes=320,000,000 tested=3,521 found=0 n=633741805441181856045627 elapsed=15s
progress: nodes=330,000,000 tested=3,521 found=0 n=728463860333260474484061 elapsed=16s
progress: nodes=340,000,000 tested=3,521 found=0 n=702136311024624108696063 elapsed=16s
progress: nodes=350,000,000 tested=3,521 found=0 n=975011911824897706548789 elapsed=17s
progress: nodes=360,000,000 tested=3,521 found=0 n=716797489753200124926657 elapsed=17s
progress: nodes=370,000,000 tested=3,521 found=0 n=907515487313939303999199 elapsed=18s
progress: nodes=380,000,000 tested=3,521 found=0 n=639314793047019701214603 elapsed=18s
progress: nodes=390,000,000 tested=3,521 found=0 n=781773082119316983152457 elapsed=18s
progress: nodes=400,000,000 tested=3,521 found=0 n=921838655361434424655041 elapsed=19s
progress: nodes=410,000,000 tested=3,521 found=0 n=660166974684206501825313 elapsed=19s
progress: nodes=420,000,000 tested=3,521 found=0 n=917070434106053736261753 elapsed=20s
progress: nodes=430,000,000 tested=3,521 found=0 n=855867674734848708954021 elapsed=20s
progress: nodes=440,000,000 tested=3,521 found=0 n=936096859344607793263431 elapsed=21s
progress: nodes=450,000,000 tested=3,521 found=0 n=725950666150195658078907 elapsed=21s
progress: nodes=460,000,000 tested=3,521 found=0 n=713645995043824973799669 elapsed=21s
progress: nodes=470,000,000 tested=3,521 found=0 n=944251335587492785894041 elapsed=22s
progress: nodes=480,000,000 tested=3,521 found=0 n=602275863906310249556901 elapsed=22s
progress: nodes=490,000,000 tested=3,521 found=0 n=969126626896048674021969 elapsed=23s
progress: nodes=500,000,000 tested=3,521 found=0 n=834191346346948600537527 elapsed=23s
progress: nodes=510,000,000 tested=3,521 found=0 n=648477610361219754188073 elapsed=24s
progress: nodes=520,000,000 tested=3,521 found=0 n=875193791536621101045501 elapsed=24s
progress: nodes=530,000,000 tested=3,521 found=0 n=765763195922823038881941 elapsed=25s
progress: nodes=540,000,000 tested=3,521 found=0 n=713601795519729954094257 elapsed=25s
progress: nodes=550,000,000 tested=3,521 found=0 n=781756312602444178128129 elapsed=25s
progress: nodes=560,000,000 tested=3,521 found=0 n=676672434195118171437627 elapsed=26s
progress: nodes=570,000,000 tested=3,521 found=0 n=776996628592866233394843 elapsed=26s
progress: nodes=580,000,000 tested=3,521 found=0 n=811346507093031975316251 elapsed=27s
progress: nodes=590,000,000 tested=3,521 found=0 n=859657576728536548693731 elapsed=27s
progress: nodes=600,000,000 tested=3,521 found=0 n=966898734426559134072873 elapsed=28s
progress: nodes=610,000,000 tested=3,521 found=0 n=808340579242480316465433 elapsed=28s
progress: nodes=620,000,000 tested=3,521 found=0 n=836109243930757948828677 elapsed=29s
progress: nodes=630,000,000 tested=3,521 found=0 n=774992429802569429892441 elapsed=29s
progress: nodes=640,000,000 tested=3,521 found=0 n=698403878888827238928801 elapsed=29s
progress: nodes=650,000,000 tested=3,521 found=0 n=720511501187258872852761 elapsed=30s
progress: nodes=660,000,000 tested=3,521 found=0 n=910190609834128650684657 elapsed=30s
progress: nodes=670,000,000 tested=3,521 found=0 n=694559136817238573263383 elapsed=31s
progress: nodes=680,000,000 tested=3,521 found=0 n=879303722632252942811787 elapsed=31s
progress: nodes=690,000,000 tested=3,521 found=0 n=948533927446635340822011 elapsed=32s
progress: nodes=700,000,000 tested=3,521 found=0 n=707598603261556584799221 elapsed=32s
progress: nodes=710,000,000 tested=3,521 found=0 n=874519939838123966728341 elapsed=33s
progress: nodes=720,000,000 tested=3,521 found=0 n=785473168380393283319529 elapsed=33s
progress: nodes=730,000,000 tested=3,521 found=0 n=880104486634699234267359 elapsed=33s
progress: nodes=740,000,000 tested=3,521 found=0 n=828482250585054337533261 elapsed=34s
progress: nodes=750,000,000 tested=3,521 found=0 n=787046533042218646794597 elapsed=34s
progress: nodes=760,000,000 tested=3,521 found=0 n=786721679421408913791609 elapsed=35s
progress: nodes=770,000,000 tested=3,521 found=0 n=894686553421647145238079 elapsed=35s
progress: nodes=780,000,000 tested=3,521 found=0 n=857019947113661725867473 elapsed=36s
progress: nodes=790,000,000 tested=3,521 found=0 n=898101462614328865643751 elapsed=36s
progress: nodes=800,000,000 tested=3,521 found=0 n=961038388393352341631559 elapsed=36s
progress: nodes=810,000,000 tested=3,521 found=0 n=846591164298603833718609 elapsed=37s
progress: nodes=820,000,000 tested=3,521 found=0 n=940609626106032611067339 elapsed=37s
progress: nodes=830,000,000 tested=3,521 found=0 n=798382945508800579788861 elapsed=38s
progress: nodes=840,000,000 tested=3,521 found=0 n=818443242617424958180647 elapsed=38s
progress: nodes=850,000,000 tested=3,521 found=0 n=954508942621045869390333 elapsed=39s
progress: nodes=860,000,000 tested=3,521 found=0 n=937164872905066951456311 elapsed=39s
progress: nodes=870,000,000 tested=3,521 found=0 n=846470970841977785871567 elapsed=40s
progress: nodes=880,000,000 tested=3,521 found=0 n=949981245429868638269283 elapsed=40s
progress: nodes=890,000,000 tested=3,521 found=0 n=900075182046685183566027 elapsed=40s
progress: nodes=900,000,000 tested=3,521 found=0 n=931653363455585672452551 elapsed=41s
progress: nodes=910,000,000 tested=3,521 found=0 n=991031701826396584577223 elapsed=41s
progress: nodes=920,000,000 tested=3,521 found=0 n=987908843299722606112851 elapsed=42s
progress: nodes=930,000,000 tested=3,521 found=0 n=514240888790094852835449 elapsed=42s
progress: nodes=940,000,000 tested=3,521 found=0 n=789496975224310347591597 elapsed=43s
progress: nodes=950,000,000 tested=3,521 found=0 n=994878777191061602832993 elapsed=43s
progress: nodes=960,000,000 tested=3,521 found=0 n=591579383887392430298769 elapsed=43s
progress: nodes=970,000,000 tested=3,521 found=0 n=676950654325665960669429 elapsed=44s
progress: nodes=980,000,000 tested=3,521 found=0 n=690717768611370243837093 elapsed=44s
progress: nodes=990,000,000 tested=3,521 found=0 n=676443452024188166016699 elapsed=45s
progress: nodes=1,000,000,000 tested=3,521 found=0 n=638695915880353502758587 elapsed=45s
progress: nodes=1,010,000,000 tested=3,521 found=0 n=598926843967039919850519 elapsed=46s
progress: nodes=1,020,000,000 tested=3,521 found=0 n=551656537027218118026531 elapsed=46s
progress: nodes=1,030,000,000 tested=3,521 found=0 n=494645610356532907028757 elapsed=47s
progress: nodes=1,040,000,000 tested=3,521 found=0 n=950555317906909523155347 elapsed=47s
progress: nodes=1,050,000,000 tested=3,521 found=0 n=911290079357516941159077 elapsed=47s
progress: nodes=1,060,000,000 tested=3,521 found=0 n=896761411514497137527919 elapsed=48s
progress: nodes=1,070,000,000 tested=3,521 found=0 n=915353089446796444865421 elapsed=48s
progress: nodes=1,080,000,000 tested=3,521 found=0 n=982710703086511122136413 elapsed=49s
progress: nodes=1,090,000,000 tested=3,521 found=0 n=590191923154164922988397 elapsed=49s
progress: nodes=1,100,000,000 tested=3,521 found=0 n=731390254718974033706523 elapsed=50s
progress: nodes=1,110,000,000 tested=3,521 found=0 n=941558846702020158524913 elapsed=50s
progress: nodes=1,120,000,000 tested=3,521 found=0 n=727401980716338197287017 elapsed=51s
progress: nodes=1,130,000,000 tested=3,521 found=0 n=616670065389404654246619 elapsed=51s
progress: nodes=1,140,000,000 tested=3,521 found=0 n=592068897758045580131259 elapsed=51s
progress: nodes=1,150,000,000 tested=3,521 found=0 n=672604592442625684442601 elapsed=52s
progress: nodes=1,160,000,000 tested=3,521 found=0 n=850033794667823875198089 elapsed=52s
progress: nodes=1,170,000,000 tested=3,521 found=0 n=678375367091363638924227 elapsed=53s
progress: nodes=1,180,000,000 tested=3,521 found=0 n=667709727962870174400819 elapsed=53s
progress: nodes=1,190,000,000 tested=3,521 found=0 n=791044435167645487461633 elapsed=54s
progress: nodes=1,200,000,000 tested=3,521 found=0 n=598510181429319087567639 elapsed=54s
progress: nodes=1,210,000,000 tested=3,521 found=0 n=568154888133116849093529 elapsed=54s
progress: nodes=1,220,000,000 tested=3,521 found=0 n=740743301687430714860187 elapsed=55s
progress: nodes=1,230,000,000 tested=3,521 found=0 n=653508132778749772797273 elapsed=55s
progress: nodes=1,240,000,000 tested=3,521 found=0 n=801255788970699015044091 elapsed=56s
progress: nodes=1,250,000,000 tested=3,521 found=0 n=732404896316275654428957 elapsed=56s
progress: nodes=1,260,000,000 tested=3,521 found=0 n=902167714713860445189339 elapsed=57s
progress: nodes=1,270,000,000 tested=3,521 found=0 n=855091415742493119569379 elapsed=57s
progress: nodes=1,280,000,000 tested=3,521 found=0 n=645716665526131082224341 elapsed=58s
progress: nodes=1,290,000,000 tested=3,521 found=0 n=775801574991248294067579 elapsed=58s
progress: nodes=1,300,000,000 tested=3,521 found=0 n=801026015889502518013899 elapsed=58s
progress: nodes=1,310,000,000 tested=3,521 found=0 n=710983848703375884397761 elapsed=59s
progress: nodes=1,320,000,000 tested=3,521 found=0 n=924172898421184728659343 elapsed=59s
progress: nodes=1,330,000,000 tested=3,521 found=0 n=594242116031202481753911 elapsed=60s
progress: nodes=1,340,000,000 tested=3,521 found=0 n=696805538427141300956799 elapsed=60s
progress: nodes=1,350,000,000 tested=3,521 found=0 n=797955536203231550100957 elapsed=61s
progress: nodes=1,360,000,000 tested=3,521 found=0 n=863946106557657361038801 elapsed=61s
progress: nodes=1,370,000,000 tested=3,521 found=0 n=927183656959268835813687 elapsed=62s
progress: nodes=1,380,000,000 tested=3,521 found=0 n=597687021384698140016121 elapsed=62s
progress: nodes=1,390,000,000 tested=3,521 found=0 n=768236252726078647233723 elapsed=62s
progress: nodes=1,400,000,000 tested=3,521 found=0 n=623922217879450091374773 elapsed=63s
progress: nodes=1,410,000,000 tested=3,521 found=0 n=623678559610767754382289 elapsed=63s
progress: nodes=1,420,000,000 tested=3,521 found=0 n=743322415937014784159289 elapsed=64s
progress: nodes=1,430,000,000 tested=3,521 found=0 n=642222493198645932551979 elapsed=64s
progress: nodes=1,440,000,000 tested=3,521 found=0 n=790592499411901782474879 elapsed=65s
progress: nodes=1,450,000,000 tested=3,521 found=0 n=758142931363685548291611 elapsed=65s
progress: nodes=1,460,000,000 tested=3,521 found=0 n=621446216396806376022447 elapsed=65s
progress: nodes=1,470,000,000 tested=3,521 found=0 n=795314919405990713961231 elapsed=66s
progress: nodes=1,480,000,000 tested=3,521 found=0 n=903455688405717105357699 elapsed=66s
progress: nodes=1,490,000,000 tested=3,521 found=0 n=629182791034209892703223 elapsed=67s
progress: nodes=1,500,000,000 tested=3,521 found=0 n=808212393840648735815877 elapsed=67s
progress: nodes=1,510,000,000 tested=3,521 found=0 n=652946529493940059210833 elapsed=68s
progress: nodes=1,520,000,000 tested=3,521 found=0 n=989720635208708297333439 elapsed=68s
progress: nodes=1,530,000,000 tested=3,521 found=0 n=772408803689382550708017 elapsed=69s
progress: nodes=1,540,000,000 tested=3,521 found=0 n=760078371684091731109839 elapsed=69s
progress: nodes=1,550,000,000 tested=3,521 found=0 n=671109698487197070099999 elapsed=69s
progress: nodes=1,560,000,000 tested=3,521 found=0 n=950225722964600638392837 elapsed=70s
progress: nodes=1,570,000,000 tested=3,521 found=0 n=925272348025671853388181 elapsed=70s
progress: nodes=1,580,000,000 tested=3,521 found=0 n=981996492337364308828023 elapsed=71s
progress: nodes=1,590,000,000 tested=3,521 found=0 n=873633590585231455970991 elapsed=71s
progress: nodes=1,600,000,000 tested=3,521 found=0 n=671615076700939037645979 elapsed=72s
progress: nodes=1,610,000,000 tested=3,521 found=0 n=791162410983100387364133 elapsed=72s
progress: nodes=1,620,000,000 tested=3,521 found=0 n=672512304959561853127341 elapsed=72s
progress: nodes=1,630,000,000 tested=3,521 found=0 n=713745238039977186404361 elapsed=73s
progress: nodes=1,640,000,000 tested=3,521 found=0 n=982674453592439626457439 elapsed=73s
progress: nodes=1,650,000,000 tested=3,521 found=0 n=686117861763450083668701 elapsed=74s
progress: nodes=1,660,000,000 tested=3,521 found=0 n=892771282059042223116279 elapsed=74s
progress: nodes=1,670,000,000 tested=3,521 found=0 n=773611954663208413729977 elapsed=75s
progress: nodes=1,680,000,000 tested=3,521 found=0 n=752340069305564133947553 elapsed=75s
progress: nodes=1,690,000,000 tested=3,521 found=0 n=753111820384464619295217 elapsed=76s
progress: nodes=1,700,000,000 tested=3,521 found=0 n=920970039408972069734217 elapsed=76s
progress: nodes=1,710,000,000 tested=3,521 found=0 n=916700186049780406783509 elapsed=76s
progress: nodes=1,720,000,000 tested=3,521 found=0 n=911762065159099172257239 elapsed=77s
progress: nodes=1,730,000,000 tested=3,521 found=0 n=909721554695687532181383 elapsed=77s
progress: nodes=1,740,000,000 tested=3,521 found=0 n=744706608556799606180463 elapsed=78s
progress: nodes=1,750,000,000 tested=3,521 found=0 n=920557544754258370942983 elapsed=78s
progress: nodes=1,760,000,000 tested=3,521 found=0 n=896332458796961044017159 elapsed=79s
progress: nodes=1,770,000,000 tested=3,521 found=0 n=868425578461664922221523 elapsed=79s
progress: nodes=1,780,000,000 tested=3,521 found=0 n=850430642266412616428019 elapsed=79s
progress: nodes=1,790,000,000 tested=3,521 found=0 n=975425617452860540213247 elapsed=80s
progress: nodes=1,800,000,000 tested=3,521 found=0 n=823586031161755593722991 elapsed=80s
progress: nodes=1,810,000,000 tested=3,521 found=0 n=941946254678268958867749 elapsed=81s
progress: nodes=1,820,000,000 tested=3,521 found=0 n=917382544709970290234283 elapsed=81s
progress: nodes=1,830,000,000 tested=3,521 found=0 n=979713557402086279043271 elapsed=82s
progress: nodes=1,840,000,000 tested=3,521 found=0 n=938545079331464702184087 elapsed=82s
progress: nodes=1,850,000,000 tested=3,521 found=0 n=912260373008995246052817 elapsed=83s
progress: nodes=1,860,000,000 tested=3,521 found=0 n=905264074791222960130317 elapsed=83s
progress: nodes=1,870,000,000 tested=3,521 found=0 n=918822294711369711750087 elapsed=83s
progress: nodes=1,880,000,000 tested=3,521 found=0 n=973562476987894472988309 elapsed=84s
progress: nodes=1,890,000,000 tested=3,521 found=0 n=957622761523904454709731 elapsed=84s
progress: nodes=1,900,000,000 tested=3,522 found=0 n=537308113758590070425529 elapsed=85s
progress: nodes=1,910,000,000 tested=3,522 found=0 n=980670277680946313462001 elapsed=85s
progress: nodes=1,920,000,000 tested=3,522 found=0 n=589745453147469026821413 elapsed=86s
progress: nodes=1,930,000,000 tested=3,522 found=0 n=594774282355636309153227 elapsed=86s
progress: nodes=1,940,000,000 tested=3,522 found=0 n=981446922413284211145261 elapsed=87s
progress: nodes=1,950,000,000 tested=3,522 found=0 n=581540386428341765023599 elapsed=87s
progress: nodes=1,960,000,000 tested=3,522 found=0 n=559838491416781037834373 elapsed=87s
progress: nodes=1,970,000,000 tested=3,522 found=0 n=912387201338778780774159 elapsed=88s
progress: nodes=1,980,000,000 tested=3,522 found=0 n=490840106589607584128319 elapsed=88s
progress: nodes=1,990,000,000 tested=3,522 found=0 n=466837020870700584145041 elapsed=89s
progress: nodes=2,000,000,000 tested=3,522 found=0 n=848150086348234488497679 elapsed=89s
progress: nodes=2,010,000,000 tested=3,522 found=0 n=481633038600293705852727 elapsed=90s
progress: nodes=2,020,000,000 tested=3,522 found=0 n=533136761039297887074603 elapsed=90s
progress: nodes=2,030,000,000 tested=3,522 found=0 n=441677796692086022008941 elapsed=90s
progress: nodes=2,040,000,000 tested=3,522 found=0 n=738417956251590564048099 elapsed=91s
progress: nodes=2,050,000,000 tested=3,522 found=0 n=930804862666746389793471 elapsed=91s
progress: nodes=2,060,000,000 tested=3,522 found=0 n=989172041172036341266647 elapsed=92s
progress: nodes=2,070,000,000 tested=3,522 found=0 n=910157308696302433145379 elapsed=92s
progress: nodes=2,080,000,000 tested=3,522 found=0 n=722125792318336472815749 elapsed=93s
progress: nodes=2,090,000,000 tested=3,522 found=0 n=987862080454054485210531 elapsed=93s
progress: nodes=2,100,000,000 tested=3,522 found=0 n=589079607414101733368439 elapsed=94s
progress: nodes=2,110,000,000 tested=3,522 found=0 n=650927023893880770777741 elapsed=94s
progress: nodes=2,120,000,000 tested=3,522 found=0 n=586019069297388303289713 elapsed=94s
progress: nodes=2,130,000,000 tested=3,522 found=0 n=976338096148863657730521 elapsed=95s
progress: nodes=2,140,000,000 tested=3,522 found=0 n=723339592871769185581269 elapsed=95s
progress: nodes=2,150,000,000 tested=3,522 found=0 n=948180876003655954853193 elapsed=96s
progress: nodes=2,160,000,000 tested=3,522 found=0 n=560650916734826827362453 elapsed=96s
progress: nodes=2,170,000,000 tested=3,522 found=0 n=665116702294258926040329 elapsed=97s
progress: nodes=2,180,000,000 tested=3,522 found=0 n=702591969638150671510431 elapsed=97s
progress: nodes=2,190,000,000 tested=3,522 found=0 n=705546948963478718533437 elapsed=97s
progress: nodes=2,200,000,000 tested=3,522 found=0 n=686536243024117819285953 elapsed=98s
progress: nodes=2,210,000,000 tested=3,522 found=0 n=665272945746613725441921 elapsed=98s
progress: nodes=2,220,000,000 tested=3,522 found=0 n=640534899402597772195623 elapsed=99s
progress: nodes=2,230,000,000 tested=3,522 found=0 n=601896756480863976110979 elapsed=99s
progress: nodes=2,240,000,000 tested=3,522 found=0 n=553850203136848252061427 elapsed=100s
progress: nodes=2,250,000,000 tested=3,522 found=0 n=539577361598865035567121 elapsed=100s
progress: nodes=2,260,000,000 tested=3,522 found=0 n=549190626997689635467509 elapsed=101s
progress: nodes=2,270,000,000 tested=3,522 found=0 n=590050337822392001013459 elapsed=101s
progress: nodes=2,280,000,000 tested=3,522 found=0 n=678672694491741928551573 elapsed=101s
progress: nodes=2,290,000,000 tested=3,522 found=0 n=822570162422235739112601 elapsed=102s
progress: nodes=2,300,000,000 tested=3,522 found=0 n=989353114760125970103249 elapsed=102s
progress: nodes=2,310,000,000 tested=3,522 found=0 n=708073639728337919647611 elapsed=103s
progress: nodes=2,320,000,000 tested=3,522 found=0 n=529464407330454570275301 elapsed=103s
progress: nodes=2,330,000,000 tested=3,522 found=0 n=946153263515630834492829 elapsed=104s
progress: nodes=2,340,000,000 tested=3,522 found=0 n=945877921761015832449861 elapsed=104s
progress: nodes=2,350,000,000 tested=3,522 found=0 n=552859500423074223205827 elapsed=105s
progress: nodes=2,360,000,000 tested=3,522 found=0 n=755439188905527398194923 elapsed=105s
progress: nodes=2,370,000,000 tested=3,522 found=0 n=611344839405547579335003 elapsed=105s
progress: nodes=2,380,000,000 tested=3,522 found=0 n=626671728329936798041533 elapsed=106s
progress: nodes=2,390,000,000 tested=3,522 found=0 n=775865161034650559745873 elapsed=106s
progress: nodes=2,400,000,000 tested=3,522 found=0 n=610844280194159870615757 elapsed=107s
progress: nodes=2,410,000,000 tested=3,522 found=0 n=608719016526575839465581 elapsed=107s
progress: nodes=2,420,000,000 tested=3,522 found=0 n=807678142533598937117517 elapsed=108s
progress: nodes=2,430,000,000 tested=3,522 found=0 n=752996146547978694788427 elapsed=108s
progress: nodes=2,440,000,000 tested=3,522 found=0 n=931907999175805297596951 elapsed=108s
progress: nodes=2,450,000,000 tested=3,522 found=0 n=889526145358947844350603 elapsed=109s
progress: nodes=2,460,000,000 tested=3,522 found=0 n=621208862620131864050973 elapsed=109s
progress: nodes=2,470,000,000 tested=3,522 found=0 n=604239117828347156264109 elapsed=110s
progress: nodes=2,480,000,000 tested=3,522 found=0 n=892754295670434610043631 elapsed=110s
progress: nodes=2,490,000,000 tested=3,522 found=0 n=593548979680342540417563 elapsed=111s
progress: nodes=2,500,000,000 tested=3,522 found=0 n=654922000274597777080359 elapsed=111s
progress: nodes=2,510,000,000 tested=3,522 found=0 n=599795251910510873970753 elapsed=112s
progress: nodes=2,520,000,000 tested=3,522 found=0 n=848171013112211739593643 elapsed=112s
progress: nodes=2,530,000,000 tested=3,522 found=0 n=558186706973289409112097 elapsed=112s
progress: nodes=2,540,000,000 tested=3,522 found=0 n=693163132322984912856267 elapsed=113s
progress: nodes=2,550,000,000 tested=3,522 found=0 n=832980146366020639333347 elapsed=113s
progress: nodes=2,560,000,000 tested=3,522 found=0 n=931426368719566187466999 elapsed=114s
progress: nodes=2,570,000,000 tested=3,522 found=0 n=602893571709647610511119 elapsed=114s
progress: nodes=2,580,000,000 tested=3,522 found=0 n=747762757299618530543073 elapsed=115s
progress: nodes=2,590,000,000 tested=3,522 found=0 n=960981810057734131828161 elapsed=115s
progress: nodes=2,600,000,000 tested=3,522 found=0 n=855422140405637271700233 elapsed=116s
progress: nodes=2,610,000,000 tested=3,522 found=0 n=893459282946399049757877 elapsed=116s
progress: nodes=2,620,000,000 tested=3,522 found=0 n=638572869671592322566099 elapsed=116s
progress: nodes=2,630,000,000 tested=3,522 found=0 n=997707543030764038361889 elapsed=117s
progress: nodes=2,640,000,000 tested=3,522 found=0 n=779651218167581098087749 elapsed=117s
progress: nodes=2,650,000,000 tested=3,522 found=0 n=794181822652091958957873 elapsed=118s
progress: nodes=2,660,000,000 tested=3,522 found=0 n=700669553087589857823051 elapsed=118s
progress: nodes=2,670,000,000 tested=3,522 found=0 n=922912147901716297546221 elapsed=119s
progress: nodes=2,680,000,000 tested=3,522 found=0 n=682984492309558612932759 elapsed=119s
progress: nodes=2,690,000,000 tested=3,522 found=0 n=851375021024759579701353 elapsed=120s
progress: nodes=2,700,000,000 tested=3,522 found=0 n=696480207799321674107379 elapsed=120s
progress: nodes=2,710,000,000 tested=3,522 found=0 n=979160305569893801154801 elapsed=121s
progress: nodes=2,720,000,000 tested=3,522 found=0 n=990854807167004990863653 elapsed=121s
progress: nodes=2,730,000,000 tested=3,522 found=0 n=833427924158983811925267 elapsed=121s
progress: nodes=2,740,000,000 tested=3,522 found=0 n=883312253199444509752311 elapsed=122s
progress: nodes=2,750,000,000 tested=3,522 found=0 n=849797898563414052170919 elapsed=122s
progress: nodes=2,760,000,000 tested=3,522 found=0 n=830780533031134181835339 elapsed=123s
progress: nodes=2,770,000,000 tested=3,522 found=0 n=868975040276441843315571 elapsed=123s
progress: nodes=2,780,000,000 tested=3,522 found=0 n=995285338880584618747881 elapsed=124s
progress: nodes=2,790,000,000 tested=3,522 found=0 n=954162390215734850587437 elapsed=124s
progress: nodes=2,800,000,000 tested=3,522 found=0 n=821132819793137573554833 elapsed=125s
progress: nodes=2,810,000,000 tested=3,522 found=0 n=682817735766214873033209 elapsed=125s
progress: nodes=2,820,000,000 tested=3,522 found=0 n=983392085717654876942679 elapsed=126s
progress: nodes=2,830,000,000 tested=3,522 found=0 n=772467791817900423868623 elapsed=126s
progress: nodes=2,840,000,000 tested=3,522 found=0 n=813673226313311926981419 elapsed=127s
progress: nodes=2,850,000,000 tested=3,522 found=0 n=923558115376669678624719 elapsed=127s
progress: nodes=2,860,000,000 tested=3,522 found=0 n=916756836551976316603707 elapsed=127s
progress: nodes=2,870,000,000 tested=3,522 found=0 n=891017251629382428141591 elapsed=128s
progress: nodes=2,880,000,000 tested=3,522 found=0 n=969011233935571749891969 elapsed=128s
progress: nodes=2,890,000,000 tested=3,522 found=0 n=782261159083374008351313 elapsed=129s
progress: nodes=2,900,000,000 tested=3,522 found=0 n=779428215078897632441193 elapsed=129s
progress: nodes=2,910,000,000 tested=3,522 found=0 n=902931075741422038932621 elapsed=130s
progress: nodes=2,920,000,000 tested=3,522 found=0 n=752484135672791807986701 elapsed=130s
progress: nodes=2,930,000,000 tested=3,522 found=0 n=896695761293795719879623 elapsed=131s
progress: nodes=2,940,000,000 tested=3,522 found=0 n=878221374533743713670197 elapsed=131s
progress: nodes=2,950,000,000 tested=3,522 found=0 n=951412030395994045357479 elapsed=132s
progress: nodes=2,960,000,000 tested=3,522 found=0 n=847723850584338256630101 elapsed=132s
progress: nodes=2,970,000,000 tested=3,522 found=0 n=995215158987987755524707 elapsed=132s
progress: nodes=2,980,000,000 tested=3,522 found=0 n=956045232193068356410071 elapsed=133s
progress: nodes=2,990,000,000 tested=3,522 found=0 n=858432147854626142700903 elapsed=133s
progress: nodes=3,000,000,000 tested=3,522 found=0 n=951719567489942641871481 elapsed=134s
progress: nodes=3,010,000,000 tested=3,522 found=0 n=937507859823841445027889 elapsed=134s
progress: nodes=3,020,000,000 tested=3,522 found=0 n=841641865771461869497383 elapsed=135s
progress: nodes=3,030,000,000 tested=3,522 found=0 n=902754412491018283333137 elapsed=135s
progress: nodes=3,040,000,000 tested=3,522 found=0 n=950078711723170063501467 elapsed=136s
progress: nodes=3,050,000,000 tested=3,522 found=0 n=956824306405648268755167 elapsed=136s
progress: nodes=3,060,000,000 tested=3,522 found=0 n=910975466207958603330879 elapsed=136s
progress: nodes=3,070,000,000 tested=3,522 found=0 n=952355493722926182961071 elapsed=137s
progress: nodes=3,080,000,000 tested=3,522 found=0 n=979538508990908865269271 elapsed=137s
progress: nodes=3,090,000,000 tested=3,522 found=0 n=963091164458579739626043 elapsed=138s
progress: nodes=3,100,000,000 tested=3,522 found=0 n=310305673917592568756541 elapsed=138s
progress: nodes=3,110,000,000 tested=3,522 found=0 n=843573576400706551206807 elapsed=139s
progress: nodes=3,120,000,000 tested=3,522 found=0 n=924526549866130416728523 elapsed=139s
progress: nodes=3,130,000,000 tested=3,522 found=0 n=518448348009215778251097 elapsed=140s
progress: nodes=3,140,000,000 tested=3,522 found=0 n=340571712798331653281643 elapsed=140s
progress: nodes=3,150,000,000 tested=3,522 found=0 n=383487623351438562887931 elapsed=141s
progress: nodes=3,160,000,000 tested=3,522 found=0 n=641135134535163726727269 elapsed=141s
progress: nodes=3,170,000,000 tested=3,522 found=0 n=441379607978149327467981 elapsed=142s
progress: nodes=3,180,000,000 tested=3,522 found=0 n=479995144394204242504701 elapsed=142s
progress: nodes=3,190,000,000 tested=3,522 found=0 n=747489982517796519140139 elapsed=142s
progress: nodes=3,200,000,000 tested=3,522 found=0 n=562773887231955455927871 elapsed=143s
progress: nodes=3,210,000,000 tested=3,522 found=0 n=601510518715769626776813 elapsed=143s
progress: nodes=3,220,000,000 tested=3,522 found=0 n=870698675826011318108823 elapsed=144s
progress: nodes=3,230,000,000 tested=3,522 found=0 n=698874926226016566024999 elapsed=144s
progress: nodes=3,240,000,000 tested=3,522 found=0 n=779584470682236122846943 elapsed=145s
progress: nodes=3,250,000,000 tested=3,522 found=0 n=430669451945688984761733 elapsed=145s
progress: nodes=3,260,000,000 tested=3,522 found=0 n=331976985242680533668913 elapsed=146s
progress: nodes=3,270,000,000 tested=3,522 found=0 n=469602381666277465204599 elapsed=146s
progress: nodes=3,280,000,000 tested=3,522 found=0 n=852334568399509517403081 elapsed=146s
progress: nodes=3,290,000,000 tested=3,522 found=0 n=789442875816468865532541 elapsed=147s
progress: nodes=3,300,000,000 tested=3,522 found=0 n=979485998260771777917141 elapsed=147s
progress: nodes=3,310,000,000 tested=3,522 found=0 n=741998148506024549418279 elapsed=148s
progress: nodes=3,320,000,000 tested=3,522 found=0 n=751176620009984812310667 elapsed=148s
progress: nodes=3,330,000,000 tested=3,522 found=0 n=346086761371518349040859 elapsed=149s
progress: nodes=3,340,000,000 tested=3,522 found=0 n=843579276972508293037821 elapsed=149s
progress: nodes=3,350,000,000 tested=3,522 found=0 n=933400655987717937026007 elapsed=150s
progress: nodes=3,360,000,000 tested=3,522 found=0 n=631123171657212581317971 elapsed=150s
progress: nodes=3,370,000,000 tested=3,522 found=0 n=594648776002665621630393 elapsed=151s
progress: nodes=3,380,000,000 tested=3,522 found=0 n=822876547966526723769099 elapsed=151s
progress: nodes=3,390,000,000 tested=3,522 found=0 n=667647964265580733454019 elapsed=152s
progress: nodes=3,400,000,000 tested=3,522 found=0 n=784256648196946361954517 elapsed=152s
progress: nodes=3,410,000,000 tested=3,522 found=0 n=501321673007361614130723 elapsed=152s
progress: nodes=3,420,000,000 tested=3,522 found=0 n=480214270483309807606161 elapsed=153s
progress: nodes=3,430,000,000 tested=3,522 found=0 n=714681340259942220336171 elapsed=153s
progress: nodes=3,440,000,000 tested=3,522 found=0 n=564026106170676442320027 elapsed=154s
progress: nodes=3,450,000,000 tested=3,522 found=0 n=687424756539310820911881 elapsed=154s
progress: nodes=3,460,000,000 tested=3,522 found=0 n=446941064019627316528389 elapsed=155s
progress: nodes=3,470,000,000 tested=3,522 found=0 n=481409813164244121794637 elapsed=155s
progress: nodes=3,480,000,000 tested=3,522 found=0 n=803779751371035702742479 elapsed=156s
progress: nodes=3,490,000,000 tested=3,522 found=0 n=758494293055722486892629 elapsed=156s
progress: nodes=3,500,000,000 tested=3,522 found=0 n=999753518742951202196967 elapsed=157s
progress: nodes=3,510,000,000 tested=3,522 found=0 n=860946150314021995300077 elapsed=157s
progress: nodes=3,520,000,000 tested=3,522 found=0 n=383891411411719120152243 elapsed=157s
progress: nodes=3,530,000,000 tested=3,522 found=0 n=824291326449789634392957 elapsed=158s
progress: nodes=3,540,000,000 tested=3,522 found=0 n=922157330595819243594669 elapsed=158s
progress: nodes=3,550,000,000 tested=3,522 found=0 n=689532338358544816093959 elapsed=159s
progress: nodes=3,560,000,000 tested=3,522 found=0 n=760812021227457136094157 elapsed=159s
progress: nodes=3,570,000,000 tested=3,522 found=0 n=529602828538125058850133 elapsed=160s
progress: nodes=3,580,000,000 tested=3,522 found=0 n=617209422766850832775857 elapsed=160s
progress: nodes=3,590,000,000 tested=3,522 found=0 n=396494767825942533226479 elapsed=161s
progress: nodes=3,600,000,000 tested=3,522 found=0 n=478884995909642164549707 elapsed=161s
progress: nodes=3,610,000,000 tested=3,522 found=0 n=882664097892651400034709 elapsed=162s
progress: nodes=3,620,000,000 tested=3,522 found=0 n=959906306467259135141157 elapsed=162s
progress: nodes=3,630,000,000 tested=3,522 found=0 n=738254891559308310728541 elapsed=162s
progress: nodes=3,640,000,000 tested=3,522 found=0 n=832330454223613190766921 elapsed=163s
progress: nodes=3,650,000,000 tested=3,522 found=0 n=643000349291459481214893 elapsed=163s
progress: nodes=3,660,000,000 tested=3,522 found=0 n=786631686592335170858271 elapsed=164s
progress: nodes=3,670,000,000 tested=3,522 found=0 n=633158154043513182032949 elapsed=164s
progress: nodes=3,680,000,000 tested=3,522 found=0 n=792654958238955830959941 elapsed=165s
progress: nodes=3,690,000,000 tested=3,522 found=0 n=659641776651612856284183 elapsed=165s
progress: nodes=3,700,000,000 tested=3,522 found=0 n=843837696217371323755287 elapsed=166s
progress: nodes=3,710,000,000 tested=3,522 found=0 n=731782327955634020972907 elapsed=166s
progress: nodes=3,720,000,000 tested=3,522 found=0 n=964064113786371498217317 elapsed=167s
progress: nodes=3,730,000,000 tested=3,522 found=0 n=921717309936169099265913 elapsed=167s
progress: nodes=3,740,000,000 tested=3,522 found=0 n=609815090094198145768611 elapsed=167s
progress: nodes=3,750,000,000 tested=3,522 found=0 n=652121237373430111013727 elapsed=168s
progress: nodes=3,760,000,000 tested=3,522 found=0 n=452932178606585237116557 elapsed=168s
progress: nodes=3,770,000,000 tested=3,522 found=0 n=625487959865046934034379 elapsed=169s
progress: nodes=3,780,000,000 tested=3,522 found=0 n=556306667567929219180239 elapsed=169s
progress: nodes=3,790,000,000 tested=3,522 found=0 n=838970771833978120744407 elapsed=170s
progress: nodes=3,800,000,000 tested=3,522 found=0 n=911177120820641098993569 elapsed=170s
progress: nodes=3,810,000,000 tested=3,522 found=0 n=743610232197999698691159 elapsed=171s
progress: nodes=3,820,000,000 tested=3,522 found=0 n=947718018657901873465083 elapsed=171s
progress: nodes=3,830,000,000 tested=3,522 found=0 n=938127707803360487660247 elapsed=172s
progress: nodes=3,840,000,000 tested=3,522 found=0 n=732531184454687703728643 elapsed=172s
progress: nodes=3,850,000,000 tested=3,522 found=0 n=912443549543119358751987 elapsed=172s
progress: nodes=3,860,000,000 tested=3,522 found=0 n=881976521436789965473287 elapsed=173s
progress: nodes=3,870,000,000 tested=3,522 found=0 n=645619987952511903187857 elapsed=173s
progress: nodes=3,880,000,000 tested=3,522 found=0 n=797016402751927627205937 elapsed=174s
progress: nodes=3,890,000,000 tested=3,522 found=0 n=771928998716634153928533 elapsed=174s
progress: nodes=3,900,000,000 tested=3,522 found=0 n=564692391872648988727779 elapsed=175s
progress: nodes=3,910,000,000 tested=3,522 found=0 n=774876340244231378986833 elapsed=175s
progress: nodes=3,920,000,000 tested=3,522 found=0 n=809425571212005031280997 elapsed=176s
progress: nodes=3,930,000,000 tested=3,522 found=0 n=705046987729986801987087 elapsed=176s
progress: nodes=3,940,000,000 tested=3,522 found=0 n=441970721622878781624291 elapsed=177s
progress: nodes=3,950,000,000 tested=3,522 found=0 n=611632580528237074237431 elapsed=177s
progress: nodes=3,960,000,000 tested=3,522 found=0 n=667743460197593530611861 elapsed=177s
progress: nodes=3,970,000,000 tested=3,522 found=0 n=590100650727644384781453 elapsed=178s
progress: nodes=3,980,000,000 tested=3,522 found=0 n=959454448415510538748257 elapsed=178s
progress: nodes=3,990,000,000 tested=3,522 found=0 n=650790539553911851231137 elapsed=179s
progress: nodes=4,000,000,000 tested=3,522 found=0 n=809094807217115874934479 elapsed=179s
progress: nodes=4,010,000,000 tested=3,522 found=0 n=856723581049626031602861 elapsed=180s
progress: nodes=4,020,000,000 tested=3,522 found=0 n=786255742777862169275463 elapsed=180s
progress: nodes=4,030,000,000 tested=3,522 found=0 n=629337465469634994603531 elapsed=181s
progress: nodes=4,040,000,000 tested=3,522 found=0 n=931450012119102362287401 elapsed=181s
progress: nodes=4,050,000,000 tested=3,522 found=0 n=610802245579850150960133 elapsed=182s
progress: nodes=4,060,000,000 tested=3,522 found=0 n=752407480497782537651223 elapsed=182s
progress: nodes=4,070,000,000 tested=3,522 found=0 n=849666113657700555669453 elapsed=182s
progress: nodes=4,080,000,000 tested=3,522 found=0 n=892447093704803633543547 elapsed=183s
progress: nodes=4,090,000,000 tested=3,522 found=0 n=884898530378979785271603 elapsed=183s
progress: nodes=4,100,000,000 tested=3,522 found=0 n=857878916718709165182903 elapsed=184s
progress: nodes=4,110,000,000 tested=3,522 found=0 n=823503401204096535345423 elapsed=184s
progress: nodes=4,120,000,000 tested=3,522 found=0 n=789116154957957067432191 elapsed=185s
progress: nodes=4,130,000,000 tested=3,522 found=0 n=746003976338114823496167 elapsed=185s
progress: nodes=4,140,000,000 tested=3,522 found=0 n=694570671390886293414411 elapsed=185s
progress: nodes=4,150,000,000 tested=3,522 found=0 n=666203853486660934486041 elapsed=186s
progress: nodes=4,160,000,000 tested=3,522 found=0 n=675872830210532752294497 elapsed=186s
progress: nodes=4,170,000,000 tested=3,522 found=0 n=707697332994354595271379 elapsed=187s
progress: nodes=4,180,000,000 tested=3,522 found=0 n=789031256955108743178603 elapsed=187s
progress: nodes=4,190,000,000 tested=3,522 found=0 n=916361333715500649915939 elapsed=188s
progress: nodes=4,200,000,000 tested=3,522 found=0 n=567958686535166687912151 elapsed=188s
progress: nodes=4,210,000,000 tested=3,522 found=0 n=791902410965956888506909 elapsed=189s
progress: nodes=4,220,000,000 tested=3,522 found=0 n=618418563496159960324791 elapsed=189s
progress: nodes=4,230,000,000 tested=3,522 found=0 n=526498282759635051222357 elapsed=189s
progress: nodes=4,240,000,000 tested=3,522 found=0 n=534709100086193187838683 elapsed=190s
progress: nodes=4,250,000,000 tested=3,522 found=0 n=637330532847667030829457 elapsed=190s
progress: nodes=4,260,000,000 tested=3,522 found=0 n=842991470152663151357037 elapsed=191s
progress: nodes=4,270,000,000 tested=3,522 found=0 n=686828610438439046597019 elapsed=191s
progress: nodes=4,280,000,000 tested=3,522 found=0 n=689310738572317576587873 elapsed=192s
progress: nodes=4,290,000,000 tested=3,522 found=0 n=840729499330782643210629 elapsed=192s
progress: nodes=4,300,000,000 tested=3,522 found=0 n=671430076523401865516847 elapsed=193s
progress: nodes=4,310,000,000 tested=3,522 found=0 n=672097658451663177672939 elapsed=193s
progress: nodes=4,320,000,000 tested=3,522 found=0 n=863952698401596724507587 elapsed=193s
progress: nodes=4,330,000,000 tested=3,522 found=0 n=811785959268176330719281 elapsed=194s
progress: nodes=4,340,000,000 tested=3,522 found=0 n=990548286394467909921813 elapsed=194s
progress: nodes=4,350,000,000 tested=3,522 found=0 n=936712077400239416413137 elapsed=195s
progress: nodes=4,360,000,000 tested=3,522 found=0 n=664066223275613057832933 elapsed=195s
progress: nodes=4,370,000,000 tested=3,522 found=0 n=647387168017628990888937 elapsed=196s
progress: nodes=4,380,000,000 tested=3,522 found=0 n=937216962560959470807417 elapsed=196s
progress: nodes=4,390,000,000 tested=3,522 found=0 n=623750791582538952379047 elapsed=197s
progress: nodes=4,400,000,000 tested=3,522 found=0 n=674042971997185191502101 elapsed=197s
progress: nodes=4,410,000,000 tested=3,522 found=0 n=624060925016936401847853 elapsed=198s
progress: nodes=4,420,000,000 tested=3,522 found=0 n=885552587295047841812643 elapsed=198s
progress: nodes=4,430,000,000 tested=3,522 found=0 n=598449446469705483916263 elapsed=198s
progress: nodes=4,440,000,000 tested=3,522 found=0 n=713804555116785211612533 elapsed=199s
progress: nodes=4,450,000,000 tested=3,522 found=0 n=852317687164014373112811 elapsed=199s
progress: nodes=4,460,000,000 tested=3,522 found=0 n=946593230798394893094381 elapsed=200s
progress: nodes=4,470,000,000 tested=3,522 found=0 n=623721495285556555991103 elapsed=200s
progress: nodes=4,480,000,000 tested=3,522 found=0 n=780690363378333676855587 elapsed=201s
progress: nodes=4,490,000,000 tested=3,522 found=0 n=994590832487471760367827 elapsed=201s
progress: nodes=4,500,000,000 tested=3,522 found=0 n=889722325473257543860593 elapsed=202s
progress: nodes=4,510,000,000 tested=3,522 found=0 n=916829303678721703391121 elapsed=202s
progress: nodes=4,520,000,000 tested=3,522 found=0 n=662933450342403707149683 elapsed=203s
progress: nodes=4,530,000,000 tested=3,522 found=0 n=610160420148523066113291 elapsed=203s
progress: nodes=4,540,000,000 tested=3,522 found=0 n=812382582681357694913907 elapsed=203s
progress: nodes=4,550,000,000 tested=3,522 found=0 n=825690700313597764542897 elapsed=204s
progress: nodes=4,560,000,000 tested=3,522 found=0 n=721681213955943619787409 elapsed=204s
progress: nodes=4,570,000,000 tested=3,522 found=0 n=943420617702240391865151 elapsed=205s
progress: nodes=4,580,000,000 tested=3,522 found=0 n=696934590818063482315431 elapsed=205s
progress: nodes=4,590,000,000 tested=3,522 found=0 n=854868465733164151181913 elapsed=206s
progress: nodes=4,600,000,000 tested=3,522 found=0 n=697895952956822712859767 elapsed=206s
progress: nodes=4,610,000,000 tested=3,522 found=0 n=992279137981688410514661 elapsed=207s
progress: nodes=4,620,000,000 tested=3,522 found=0 n=626486127756768664143759 elapsed=207s
progress: nodes=4,630,000,000 tested=3,522 found=0 n=850680971853874989969141 elapsed=208s
progress: nodes=4,640,000,000 tested=3,522 found=0 n=912228588382536850295871 elapsed=208s
progress: nodes=4,650,000,000 tested=3,522 found=0 n=871683348516443307003159 elapsed=208s
progress: nodes=4,660,000,000 tested=3,522 found=0 n=848406187487101168196271 elapsed=209s
progress: nodes=4,670,000,000 tested=3,522 found=0 n=879251539308153779094327 elapsed=209s
progress: nodes=4,680,000,000 tested=3,522 found=0 n=654061078658873773726839 elapsed=210s
progress: nodes=4,690,000,000 tested=3,522 found=0 n=964039820379372073510173 elapsed=210s
progress: nodes=4,700,000,000 tested=3,522 found=0 n=830235720323856639259467 elapsed=211s
progress: nodes=4,710,000,000 tested=3,522 found=0 n=704902763270452429746063 elapsed=211s
progress: nodes=4,720,000,000 tested=3,522 found=0 n=700022554354630828448127 elapsed=212s
progress: nodes=4,730,000,000 tested=3,522 found=0 n=821301248081677152586797 elapsed=212s
progress: nodes=4,740,000,000 tested=3,522 found=0 n=885542599772464623716727 elapsed=212s
progress: nodes=4,750,000,000 tested=3,522 found=0 n=689187271019790305916153 elapsed=213s
progress: nodes=4,760,000,000 tested=3,522 found=0 n=701558019641791215820917 elapsed=213s
progress: nodes=4,770,000,000 tested=3,522 found=0 n=996118719993795680821539 elapsed=214s
progress: nodes=4,780,000,000 tested=3,522 found=0 n=781878560005932187059261 elapsed=214s
progress: nodes=4,790,000,000 tested=3,522 found=0 n=894103639823327581805157 elapsed=215s
progress: nodes=4,800,000,000 tested=3,522 found=0 n=909651232248991035200397 elapsed=215s
progress: nodes=4,810,000,000 tested=3,522 found=0 n=764281292922360239249223 elapsed=216s
progress: nodes=4,820,000,000 tested=3,522 found=0 n=897851975195525131268487 elapsed=216s
progress: nodes=4,830,000,000 tested=3,522 found=0 n=795139883584499707154901 elapsed=217s
progress: nodes=4,840,000,000 tested=3,522 found=0 n=793676453068238254181667 elapsed=217s
progress: nodes=4,850,000,000 tested=3,522 found=0 n=866069163964517335785963 elapsed=217s
progress: nodes=4,860,000,000 tested=3,522 found=0 n=785114343166138695066357 elapsed=218s
progress: nodes=4,870,000,000 tested=3,522 found=0 n=941921742342261969387099 elapsed=218s
progress: nodes=4,880,000,000 tested=3,522 found=0 n=962899130693326322246751 elapsed=219s
progress: nodes=4,890,000,000 tested=3,522 found=0 n=885388879539902149999587 elapsed=219s
progress: nodes=4,900,000,000 tested=3,522 found=0 n=812883414858738106700817 elapsed=220s
progress: nodes=4,910,000,000 tested=3,522 found=0 n=840521311026048692133093 elapsed=220s
progress: nodes=4,920,000,000 tested=3,522 found=0 n=983722522363981872845373 elapsed=221s
progress: nodes=4,930,000,000 tested=3,522 found=0 n=917754733152086684595741 elapsed=221s
progress: nodes=4,940,000,000 tested=3,522 found=0 n=849234766989336175380933 elapsed=222s
progress: nodes=4,950,000,000 tested=3,522 found=0 n=933084663895409398660287 elapsed=222s
progress: nodes=4,960,000,000 tested=3,522 found=0 n=960022973988024511708143 elapsed=222s
progress: nodes=4,970,000,000 tested=3,522 found=0 n=895834834408855571747517 elapsed=223s
progress: nodes=4,980,000,000 tested=3,522 found=0 n=942115164724685791540701 elapsed=223s
progress: nodes=4,990,000,000 tested=3,522 found=0 n=982446371853888939090093 elapsed=224s
progress: nodes=5,000,000,000 tested=3,522 found=0 n=412728625076328594300267 elapsed=224s
progress: nodes=5,010,000,000 tested=3,522 found=0 n=586394498032635529946709 elapsed=225s
progress: nodes=5,020,000,000 tested=3,522 found=0 n=980989379208366664939803 elapsed=225s
progress: nodes=5,030,000,000 tested=3,522 found=0 n=871572740384831151890223 elapsed=226s
progress: nodes=5,040,000,000 tested=3,522 found=0 n=970137593833923419845941 elapsed=226s
progress: nodes=5,050,000,000 tested=3,522 found=0 n=564077879009317056573189 elapsed=226s
progress: nodes=5,060,000,000 tested=3,522 found=0 n=375711212116517577561261 elapsed=227s
progress: nodes=5,070,000,000 tested=3,522 found=0 n=402228908484358049997903 elapsed=227s
progress: nodes=5,080,000,000 tested=3,522 found=0 n=641995015564608603400503 elapsed=228s
progress: nodes=5,090,000,000 tested=3,522 found=0 n=408650352851839709732121 elapsed=228s
progress: nodes=5,100,000,000 tested=3,522 found=0 n=389265124710217698601659 elapsed=229s
progress: nodes=5,110,000,000 tested=3,522 found=0 n=558817158795536716412337 elapsed=229s
progress: nodes=5,120,000,000 tested=3,522 found=0 n=949651098474361297257243 elapsed=230s
progress: nodes=5,130,000,000 tested=3,522 found=0 n=860970331896832267641531 elapsed=230s
progress: nodes=5,140,000,000 tested=3,522 found=0 n=320335789563050144506623 elapsed=231s
progress: nodes=5,150,000,000 tested=3,522 found=0 n=667304502575650236846549 elapsed=231s
progress: nodes=5,160,000,000 tested=3,522 found=0 n=554526417965036998323843 elapsed=231s
progress: nodes=5,170,000,000 tested=3,522 found=0 n=666076956363003741707151 elapsed=232s
progress: nodes=5,180,000,000 tested=3,522 found=0 n=318009709791732384573147 elapsed=232s
progress: nodes=5,190,000,000 tested=3,522 found=0 n=865054124227427975249409 elapsed=233s
progress: nodes=5,200,000,000 tested=3,522 found=0 n=980638451909844851055933 elapsed=233s
progress: nodes=5,210,000,000 tested=3,522 found=0 n=630057526706316735193167 elapsed=234s
progress: nodes=5,220,000,000 tested=3,522 found=0 n=518420041321290614482977 elapsed=234s
progress: nodes=5,230,000,000 tested=3,522 found=0 n=625493555544705498780129 elapsed=235s
progress: nodes=5,240,000,000 tested=3,522 found=0 n=971232576350893249225833 elapsed=235s
progress: nodes=5,250,000,000 tested=3,522 found=0 n=873837769081301923721823 elapsed=236s
progress: nodes=5,260,000,000 tested=3,522 found=0 n=356375561704321675426911 elapsed=236s
progress: nodes=5,270,000,000 tested=3,522 found=0 n=750318120839123096339079 elapsed=236s
progress: nodes=5,280,000,000 tested=3,522 found=0 n=726326186361185295568683 elapsed=237s
progress: nodes=5,290,000,000 tested=3,522 found=0 n=942914618708558713546329 elapsed=237s
progress: nodes=5,300,000,000 tested=3,522 found=0 n=723921970315887753751341 elapsed=238s
progress: nodes=5,310,000,000 tested=3,522 found=0 n=737906841709623097130619 elapsed=238s
progress: nodes=5,320,000,000 tested=3,522 found=0 n=339516724382508414761019 elapsed=239s
progress: nodes=5,330,000,000 tested=3,522 found=0 n=843246061661581167847257 elapsed=239s
progress: nodes=5,340,000,000 tested=3,522 found=0 n=929695326341280786796509 elapsed=240s
progress: nodes=5,350,000,000 tested=3,522 found=0 n=593584247560727740764447 elapsed=240s
progress: nodes=5,360,000,000 tested=3,522 found=0 n=509993924846402379496113 elapsed=240s
progress: nodes=5,370,000,000 tested=3,522 found=0 n=677676733375056963865317 elapsed=241s
progress: nodes=5,380,000,000 tested=3,522 found=0 n=465169795266970425102471 elapsed=241s
progress: nodes=5,390,000,000 tested=3,522 found=0 n=509063721602938442497557 elapsed=242s
progress: nodes=5,400,000,000 tested=3,522 found=0 n=819117579233230072704909 elapsed=242s
progress: nodes=5,410,000,000 tested=3,522 found=0 n=746918233631731362954753 elapsed=243s
progress: nodes=5,420,000,000 tested=3,522 found=0 n=949810595529081679039647 elapsed=243s
progress: nodes=5,430,000,000 tested=3,522 found=0 n=740458697207011989883677 elapsed=244s
progress: nodes=5,440,000,000 tested=3,522 found=0 n=802040954147562364348113 elapsed=244s
progress: nodes=5,450,000,000 tested=3,522 found=0 n=466652095190292857478633 elapsed=245s
progress: nodes=5,460,000,000 tested=3,522 found=0 n=404198176788982478769867 elapsed=245s
progress: nodes=5,470,000,000 tested=3,522 found=0 n=607449745341743843570031 elapsed=245s
progress: nodes=5,480,000,000 tested=3,522 found=0 n=456222536983043517629943 elapsed=246s
progress: nodes=5,490,000,000 tested=3,522 found=0 n=578175298188999138791163 elapsed=246s
progress: nodes=5,500,000,000 tested=3,522 found=0 n=990600075237408401192427 elapsed=247s
progress: nodes=5,510,000,000 tested=3,522 found=0 n=391447484249672050118919 elapsed=247s
progress: nodes=5,520,000,000 tested=3,522 found=0 n=708651271096767910919007 elapsed=248s
progress: nodes=5,530,000,000 tested=3,522 found=0 n=660976982721734102955531 elapsed=248s
progress: nodes=5,540,000,000 tested=3,522 found=0 n=911996724089458795238451 elapsed=249s
progress: nodes=5,550,000,000 tested=3,522 found=0 n=804708112606463040952977 elapsed=249s
progress: nodes=5,560,000,000 tested=3,522 found=0 n=366299179288629448158297 elapsed=249s
progress: nodes=5,570,000,000 tested=3,522 found=0 n=862334423522693389687419 elapsed=250s
progress: nodes=5,580,000,000 tested=3,522 found=0 n=400106288226838170806829 elapsed=250s
progress: nodes=5,590,000,000 tested=3,522 found=0 n=896994887475811098071097 elapsed=251s
progress: nodes=5,600,000,000 tested=3,522 found=0 n=455102188841687459335263 elapsed=251s
progress: nodes=5,610,000,000 tested=3,522 found=0 n=954637531758140681039589 elapsed=252s
progress: nodes=5,620,000,000 tested=3,522 found=0 n=509019090826839315894171 elapsed=252s
progress: nodes=5,630,000,000 tested=3,522 found=0 n=384900331314139007478111 elapsed=253s
progress: nodes=5,640,000,000 tested=3,522 found=0 n=562199524525366792213149 elapsed=253s
progress: nodes=5,650,000,000 tested=3,522 found=0 n=443309167643119623602757 elapsed=254s
progress: nodes=5,660,000,000 tested=3,522 found=0 n=635048356142472108870033 elapsed=254s
progress: nodes=5,670,000,000 tested=3,522 found=0 n=552734576023099399438509 elapsed=254s
progress: nodes=5,680,000,000 tested=3,522 found=0 n=797293661432181947025993 elapsed=255s
progress: nodes=5,690,000,000 tested=3,522 found=0 n=745579485330315795786627 elapsed=255s
progress: nodes=5,700,000,000 tested=3,522 found=0 n=392821000496227208046141 elapsed=256s
progress: nodes=5,710,000,000 tested=3,522 found=0 n=968886295341253227149211 elapsed=256s
progress: nodes=5,720,000,000 tested=3,522 found=0 n=636484321858149363225627 elapsed=257s
progress: nodes=5,730,000,000 tested=3,522 found=0 n=632457903324754390376493 elapsed=257s
progress: nodes=5,740,000,000 tested=3,522 found=0 n=966552957827332125076827 elapsed=258s
progress: nodes=5,750,000,000 tested=3,522 found=0 n=428896842039160469235261 elapsed=258s
progress: nodes=5,760,000,000 tested=3,522 found=0 n=826586161692754666590387 elapsed=258s
progress: nodes=5,770,000,000 tested=3,522 found=0 n=985380646609457854576821 elapsed=259s
progress: nodes=5,780,000,000 tested=3,522 found=0 n=895206919246842279676599 elapsed=259s
progress: nodes=5,790,000,000 tested=3,522 found=0 n=582019064051094609592653 elapsed=260s
progress: nodes=5,800,000,000 tested=3,522 found=0 n=619151719013126090869077 elapsed=260s
progress: nodes=5,810,000,000 tested=3,522 found=0 n=431233191193264726779513 elapsed=261s
progress: nodes=5,820,000,000 tested=3,522 found=0 n=611384537826743065774389 elapsed=261s
progress: nodes=5,830,000,000 tested=3,522 found=0 n=559520865047352376889721 elapsed=262s
progress: nodes=5,840,000,000 tested=3,522 found=0 n=880990995502859834930337 elapsed=262s
progress: nodes=5,850,000,000 tested=3,522 found=0 n=996587805992507012357073 elapsed=262s
progress: nodes=5,860,000,000 tested=3,522 found=0 n=912659880133676371197501 elapsed=263s
progress: nodes=5,870,000,000 tested=3,522 found=0 n=622386812926561193670159 elapsed=263s
progress: nodes=5,880,000,000 tested=3,522 found=0 n=709660112785299751544469 elapsed=264s
progress: nodes=5,890,000,000 tested=3,522 found=0 n=596225425557632012012871 elapsed=264s
progress: nodes=5,900,000,000 tested=3,522 found=0 n=875136902782761009794403 elapsed=265s
progress: nodes=5,910,000,000 tested=3,522 found=0 n=974597243115005487110133 elapsed=265s
progress: nodes=5,920,000,000 tested=3,522 found=0 n=892644857545175501407641 elapsed=266s
progress: nodes=5,930,000,000 tested=3,522 found=0 n=651264004500364949312619 elapsed=266s
progress: nodes=5,940,000,000 tested=3,522 found=0 n=820297561540393114891713 elapsed=267s
progress: nodes=5,950,000,000 tested=3,522 found=0 n=847000885943230210703511 elapsed=267s
progress: nodes=5,960,000,000 tested=3,522 found=0 n=711397425402488375041491 elapsed=267s
progress: nodes=5,970,000,000 tested=3,522 found=0 n=462275106573862714235103 elapsed=268s
progress: nodes=5,980,000,000 tested=3,522 found=0 n=649881602599571652509199 elapsed=268s
progress: nodes=5,990,000,000 tested=3,522 found=0 n=712394652146763583538541 elapsed=269s
progress: nodes=6,000,000,000 tested=3,522 found=0 n=657774911517320263443777 elapsed=269s
progress: nodes=6,010,000,000 tested=3,522 found=0 n=498112949802687711531039 elapsed=270s
progress: nodes=6,020,000,000 tested=3,522 found=0 n=796807915383258433696041 elapsed=270s
progress: nodes=6,030,000,000 tested=3,522 found=0 n=984563612101711650025017 elapsed=271s
progress: nodes=6,040,000,000 tested=3,522 found=0 n=502891825339571052434049 elapsed=271s
progress: nodes=6,050,000,000 tested=3,522 found=0 n=491971632006672807536547 elapsed=271s
progress: nodes=6,060,000,000 tested=3,522 found=0 n=947594056698526976802063 elapsed=272s
progress: nodes=6,070,000,000 tested=3,522 found=0 n=769108506554299200091803 elapsed=272s
progress: nodes=6,080,000,000 tested=3,522 found=0 n=521772078624896452836483 elapsed=273s
progress: nodes=6,090,000,000 tested=3,522 found=0 n=768898109807158067629893 elapsed=273s
progress: nodes=6,100,000,000 tested=3,522 found=0 n=971276419802447723827863 elapsed=274s
progress: nodes=6,110,000,000 tested=3,522 found=0 n=581389143285782040826617 elapsed=274s
progress: nodes=6,120,000,000 tested=3,522 found=0 n=720366854023735048357227 elapsed=275s
progress: nodes=6,130,000,000 tested=3,522 found=0 n=852296264361322827227181 elapsed=275s
progress: nodes=6,140,000,000 tested=3,522 found=0 n=986392395612342167942493 elapsed=275s
progress: nodes=6,150,000,000 tested=3,522 found=0 n=573788287716330001141827 elapsed=276s
progress: nodes=6,160,000,000 tested=3,522 found=0 n=690304622869861242492249 elapsed=276s
progress: nodes=6,170,000,000 tested=3,522 found=0 n=841157222199306324963651 elapsed=277s
progress: nodes=6,180,000,000 tested=3,522 found=0 n=502351512710189551462053 elapsed=277s
progress: nodes=6,190,000,000 tested=3,522 found=0 n=711234711640198884044907 elapsed=278s
progress: nodes=6,200,000,000 tested=3,522 found=0 n=970286149134905765641479 elapsed=278s
progress: nodes=6,210,000,000 tested=3,522 found=0 n=752228544719941920427797 elapsed=279s
progress: nodes=6,220,000,000 tested=3,522 found=0 n=579644655508014873083307 elapsed=279s
progress: nodes=6,230,000,000 tested=3,522 found=0 n=494212313470654584204399 elapsed=280s
progress: nodes=6,240,000,000 tested=3,522 found=0 n=510663024888517155613959 elapsed=280s
progress: nodes=6,250,000,000 tested=3,522 found=0 n=601953985522778936966919 elapsed=280s
progress: nodes=6,260,000,000 tested=3,522 found=0 n=796709866526199439470657 elapsed=281s
progress: nodes=6,270,000,000 tested=3,522 found=0 n=594957436947708576592851 elapsed=281s
progress: nodes=6,280,000,000 tested=3,522 found=0 n=990617347369675529653149 elapsed=282s
progress: nodes=6,290,000,000 tested=3,522 found=0 n=543297068924971247083197 elapsed=282s
progress: nodes=6,300,000,000 tested=3,522 found=0 n=754345588681784277539361 elapsed=283s
progress: nodes=6,310,000,000 tested=3,522 found=0 n=619767816494779286451117 elapsed=283s
progress: nodes=6,320,000,000 tested=3,522 found=0 n=657310978594221270476157 elapsed=284s
progress: nodes=6,330,000,000 tested=3,522 found=0 n=867446779350710465309403 elapsed=284s
progress: nodes=6,340,000,000 tested=3,522 found=0 n=796006552656747810236859 elapsed=284s
progress: nodes=6,350,000,000 tested=3,522 found=0 n=973063413508974820971939 elapsed=285s
progress: nodes=6,360,000,000 tested=3,522 found=0 n=896097131419028632610517 elapsed=285s
progress: nodes=6,370,000,000 tested=3,522 found=0 n=602253033131570677127271 elapsed=286s
progress: nodes=6,380,000,000 tested=3,522 found=0 n=559010638994746044389283 elapsed=286s
progress: nodes=6,390,000,000 tested=3,522 found=0 n=779423679640635357238911 elapsed=287s
progress: nodes=6,400,000,000 tested=3,522 found=0 n=851353317782767305396891 elapsed=287s
progress: nodes=6,410,000,000 tested=3,522 found=0 n=790566837173482604556321 elapsed=288s
progress: nodes=6,420,000,000 tested=3,522 found=0 n=647985347903615956721487 elapsed=288s
progress: nodes=6,430,000,000 tested=3,522 found=0 n=839729034520928425530657 elapsed=289s
progress: nodes=6,440,000,000 tested=3,522 found=0 n=900053402606578826785179 elapsed=289s
progress: nodes=6,450,000,000 tested=3,522 found=0 n=877850567084743098145299 elapsed=289s
progress: nodes=6,460,000,000 tested=3,522 found=0 n=830732566670136324132939 elapsed=290s
progress: nodes=6,470,000,000 tested=3,522 found=0 n=798208670654108204089599 elapsed=290s
progress: nodes=6,480,000,000 tested=3,522 found=0 n=718890313925892437408079 elapsed=291s
progress: nodes=6,490,000,000 tested=3,522 found=0 n=689610825355404080747619 elapsed=291s
progress: nodes=6,500,000,000 tested=3,522 found=0 n=711748556855696464701597 elapsed=292s
progress: nodes=6,510,000,000 tested=3,522 found=0 n=792448666980983615223621 elapsed=292s
progress: nodes=6,520,000,000 tested=3,522 found=0 n=997187758279859157052041 elapsed=293s
progress: nodes=6,530,000,000 tested=3,522 found=0 n=912727146805089452517681 elapsed=293s
progress: nodes=6,540,000,000 tested=3,522 found=0 n=974033412895811796134607 elapsed=293s
progress: nodes=6,550,000,000 tested=3,522 found=0 n=849718251407384235847971 elapsed=294s
progress: nodes=6,560,000,000 tested=3,522 found=0 n=963434825515486405057977 elapsed=294s
progress: nodes=6,570,000,000 tested=3,522 found=0 n=907166384211713553328401 elapsed=295s
progress: nodes=6,580,000,000 tested=3,522 found=0 n=755294353787310133247451 elapsed=295s
progress: nodes=6,590,000,000 tested=3,522 found=0 n=932147948579487477965127 elapsed=296s
progress: nodes=6,600,000,000 tested=3,522 found=0 n=661469184235608900212061 elapsed=296s
progress: nodes=6,610,000,000 tested=3,522 found=0 n=824087888630121441499173 elapsed=297s
progress: nodes=6,620,000,000 tested=3,522 found=0 n=668907792496169257702671 elapsed=297s
progress: nodes=6,630,000,000 tested=3,522 found=0 n=960105208690113531384339 elapsed=297s
progress: nodes=6,640,000,000 tested=3,522 found=0 n=643506848835654756519567 elapsed=298s
progress: nodes=6,650,000,000 tested=3,522 found=0 n=912146208925835907376353 elapsed=298s
progress: nodes=6,660,000,000 tested=3,522 found=0 n=668423134495690558173189 elapsed=299s
progress: nodes=6,670,000,000 tested=3,522 found=0 n=713624931861683937003909 elapsed=299s
progress: nodes=6,680,000,000 tested=3,522 found=0 n=804213217939356854287659 elapsed=300s
progress: nodes=6,690,000,000 tested=3,522 found=0 n=948791031261128784557829 elapsed=300s
progress: nodes=6,700,000,000 tested=3,522 found=0 n=863797784907741035943591 elapsed=301s
progress: nodes=6,710,000,000 tested=3,522 found=0 n=985531529005907891244237 elapsed=301s
progress: nodes=6,720,000,000 tested=3,522 found=0 n=708272343970916133698289 elapsed=301s
progress: nodes=6,730,000,000 tested=3,522 found=0 n=806697313496392569153903 elapsed=302s
progress: nodes=6,740,000,000 tested=3,522 found=0 n=692983303522242093428067 elapsed=302s
progress: nodes=6,750,000,000 tested=3,522 found=0 n=758640511456972592090643 elapsed=303s
progress: nodes=6,760,000,000 tested=3,522 found=0 n=801185146620807927577599 elapsed=303s
progress: nodes=6,770,000,000 tested=3,522 found=0 n=926765649758376687380121 elapsed=304s
progress: nodes=6,780,000,000 tested=3,522 found=0 n=994443995152831877845191 elapsed=304s
progress: nodes=6,790,000,000 tested=3,522 found=0 n=756925236625436800902981 elapsed=305s
progress: nodes=6,800,000,000 tested=3,522 found=0 n=985815057360747550875939 elapsed=305s
progress: nodes=6,810,000,000 tested=3,522 found=0 n=714129449253211054292229 elapsed=305s
progress: nodes=6,820,000,000 tested=3,522 found=0 n=985869262098358137060561 elapsed=306s
progress: nodes=6,830,000,000 tested=3,522 found=0 n=870782524625795778475479 elapsed=306s
progress: nodes=6,840,000,000 tested=3,522 found=0 n=832035530121976057995117 elapsed=307s
progress: nodes=6,850,000,000 tested=3,522 found=0 n=940762333504261838130561 elapsed=307s
progress: nodes=6,860,000,000 tested=3,522 found=0 n=973132348744411416600039 elapsed=308s
progress: nodes=6,870,000,000 tested=3,522 found=0 n=877793147696463843177333 elapsed=308s
progress: nodes=6,880,000,000 tested=3,522 found=0 n=787616007369239076299271 elapsed=308s
progress: nodes=6,890,000,000 tested=3,522 found=0 n=822159965844427164451497 elapsed=309s
progress: nodes=6,900,000,000 tested=3,522 found=0 n=913616645996510461596591 elapsed=309s
progress: nodes=6,910,000,000 tested=3,522 found=0 n=874315514535234054710427 elapsed=310s
progress: nodes=6,920,000,000 tested=3,522 found=0 n=878985621756910590255333 elapsed=310s
progress: nodes=6,930,000,000 tested=3,522 found=0 n=853991183713612644016317 elapsed=311s
progress: nodes=6,940,000,000 tested=3,522 found=0 n=911386457331157781806833 elapsed=311s
progress: nodes=6,950,000,000 tested=3,522 found=0 n=873242608430006052845607 elapsed=312s
progress: nodes=6,960,000,000 tested=3,522 found=0 n=911480670293744127007431 elapsed=312s
progress: nodes=6,970,000,000 tested=3,522 found=0 n=978238663058025611999757 elapsed=312s
progress: nodes=6,980,000,000 tested=3,522 found=0 n=951106887328549323278907 elapsed=313s
progress: nodes=6,990,000,000 tested=3,522 found=0 n=979278622998602427461961 elapsed=313s
progress: nodes=7,000,000,000 tested=3,522 found=0 n=949607599907534551582599 elapsed=314s
progress: nodes=7,010,000,000 tested=3,522 found=0 n=998199843117641447850567 elapsed=314s
progress: nodes=7,020,000,000 tested=3,522 found=0 n=844008791166566736131421 elapsed=315s
progress: nodes=7,030,000,000 tested=3,522 found=0 n=979855032775142853177849 elapsed=315s
progress: nodes=7,040,000,000 tested=3,522 found=0 n=483579345645129942707499 elapsed=316s
progress: nodes=7,050,000,000 tested=3,522 found=0 n=914553746642337659334477 elapsed=316s
progress: nodes=7,060,000,000 tested=3,522 found=0 n=713902704183481812766767 elapsed=316s
progress: nodes=7,070,000,000 tested=3,522 found=0 n=661930212942868005923787 elapsed=317s
progress: nodes=7,080,000,000 tested=3,522 found=0 n=762275856227946999101163 elapsed=317s
progress: nodes=7,090,000,000 tested=3,522 found=0 n=260250489427287427629561 elapsed=318s
progress: nodes=7,100,000,000 tested=3,522 found=0 n=661182914953220509536687 elapsed=318s
progress: nodes=7,110,000,000 tested=3,522 found=0 n=458417973702078999822213 elapsed=319s
progress: nodes=7,120,000,000 tested=3,522 found=0 n=408901022080455801779883 elapsed=319s
progress: nodes=7,130,000,000 tested=3,522 found=0 n=497492289930613132266111 elapsed=319s
progress: nodes=7,140,000,000 tested=3,522 found=0 n=746421214180483365222699 elapsed=320s
progress: nodes=7,150,000,000 tested=3,522 found=0 n=390768751300601450589813 elapsed=320s
progress: nodes=7,160,000,000 tested=3,522 found=0 n=945282075857784759527433 elapsed=321s
progress: nodes=7,170,000,000 tested=3,522 found=0 n=893975733976787494251219 elapsed=321s
progress: nodes=7,180,000,000 tested=3,522 found=0 n=998152302548670571695393 elapsed=322s
progress: nodes=7,190,000,000 tested=3,522 found=0 n=489655840654327965008391 elapsed=322s
progress: nodes=7,200,000,000 tested=3,522 found=0 n=895467113271903709754217 elapsed=323s
progress: nodes=7,210,000,000 tested=3,522 found=0 n=706639447638604088908299 elapsed=323s
progress: nodes=7,220,000,000 tested=3,522 found=0 n=680212625559332561694999 elapsed=323s
progress: nodes=7,230,000,000 tested=3,522 found=0 n=816491484391903353462429 elapsed=324s
progress: nodes=7,240,000,000 tested=3,522 found=0 n=358266247314416704644381 elapsed=324s
progress: nodes=7,250,000,000 tested=3,522 found=0 n=816544519752603505726863 elapsed=325s
progress: nodes=7,260,000,000 tested=3,522 found=0 n=680232233491216429536513 elapsed=325s
progress: nodes=7,270,000,000 tested=3,522 found=0 n=694769120589284933233041 elapsed=326s
progress: nodes=7,280,000,000 tested=3,522 found=0 n=861374913646954552937091 elapsed=326s
progress: nodes=7,290,000,000 tested=3,522 found=0 n=446764059959238139921803 elapsed=327s
progress: nodes=7,300,000,000 tested=3,522 found=0 n=955605272717242862862147 elapsed=327s
progress: nodes=7,310,000,000 tested=3,522 found=0 n=875593120508022647647917 elapsed=327s
progress: nodes=7,320,000,000 tested=3,522 found=0 n=974945897514128389332483 elapsed=328s
progress: nodes=7,330,000,000 tested=3,522 found=0 n=492644429826996968413893 elapsed=328s
progress: nodes=7,340,000,000 tested=3,522 found=0 n=924077698618812512898123 elapsed=329s
progress: nodes=7,350,000,000 tested=3,522 found=0 n=772153722438488909349831 elapsed=329s
progress: nodes=7,360,000,000 tested=3,522 found=0 n=811951272230846476736007 elapsed=330s
progress: nodes=7,370,000,000 tested=3,522 found=0 n=287168969863374565035069 elapsed=330s
progress: nodes=7,380,000,000 tested=3,522 found=0 n=674542952230062613977279 elapsed=331s
progress: nodes=7,390,000,000 tested=3,522 found=0 n=510214960341576636619473 elapsed=331s
progress: nodes=7,400,000,000 tested=3,522 found=0 n=530773143097066656926139 elapsed=331s
progress: nodes=7,410,000,000 tested=3,522 found=0 n=712489874485218710527647 elapsed=332s
progress: nodes=7,420,000,000 tested=3,522 found=0 n=333517463584370135499429 elapsed=332s
progress: nodes=7,430,000,000 tested=3,522 found=0 n=858893272701101257100481 elapsed=333s
progress: nodes=7,440,000,000 tested=3,522 found=0 n=824640809150095915936959 elapsed=333s
progress: nodes=7,450,000,000 tested=3,522 found=0 n=970350781641298999282341 elapsed=334s
progress: nodes=7,460,000,000 tested=3,522 found=0 n=555443546790241669989429 elapsed=334s
progress: nodes=7,470,000,000 tested=3,522 found=0 n=346628670117225778090809 elapsed=334s
progress: nodes=7,480,000,000 tested=3,522 found=0 n=322869306604569279467913 elapsed=335s
progress: nodes=7,490,000,000 tested=3,522 found=0 n=474841614567001440575817 elapsed=335s
progress: nodes=7,500,000,000 tested=3,522 found=0 n=818360013941161983672381 elapsed=336s
progress: nodes=7,510,000,000 tested=3,522 found=0 n=628342408581845294784447 elapsed=336s
progress: nodes=7,520,000,000 tested=3,522 found=0 n=616109924137264082529003 elapsed=337s
progress: nodes=7,530,000,000 tested=3,522 found=0 n=782438578952211228760713 elapsed=337s
progress: nodes=7,540,000,000 tested=3,522 found=0 n=408198673138493046758949 elapsed=338s
progress: nodes=7,550,000,000 tested=3,522 found=0 n=934659000518457641940513 elapsed=338s
progress: nodes=7,560,000,000 tested=3,522 found=0 n=916400285487064919399859 elapsed=338s
progress: nodes=7,570,000,000 tested=3,522 found=0 n=361251079671245942979801 elapsed=339s
progress: nodes=7,580,000,000 tested=3,522 found=0 n=726595233197084710622163 elapsed=339s
progress: nodes=7,590,000,000 tested=3,522 found=0 n=565454755372953791392047 elapsed=340s
progress: nodes=7,600,000,000 tested=3,522 found=0 n=598358475849937180655277 elapsed=340s
progress: nodes=7,610,000,000 tested=3,522 found=0 n=816367667617865319984027 elapsed=341s
progress: nodes=7,620,000,000 tested=3,522 found=0 n=510447478761625552718571 elapsed=341s
progress: nodes=7,630,000,000 tested=3,522 found=0 n=412365506542445815301943 elapsed=341s
progress: nodes=7,640,000,000 tested=3,522 found=0 n=499824690626409528066687 elapsed=342s
progress: nodes=7,650,000,000 tested=3,522 found=0 n=781956865689655116363903 elapsed=342s
progress: nodes=7,660,000,000 tested=3,522 found=0 n=543028743862918782127659 elapsed=343s
progress: nodes=7,670,000,000 tested=3,522 found=0 n=510944162044457648536029 elapsed=343s
progress: nodes=7,680,000,000 tested=3,522 found=0 n=690278146886940601888899 elapsed=344s
progress: nodes=7,690,000,000 tested=3,522 found=0 n=366202520284903745876433 elapsed=344s
progress: nodes=7,700,000,000 tested=3,522 found=0 n=940978176123298401917829 elapsed=345s
progress: nodes=7,710,000,000 tested=3,522 found=0 n=317626008360942685064661 elapsed=345s
progress: nodes=7,720,000,000 tested=3,522 found=0 n=595301607117114307016607 elapsed=345s
progress: nodes=7,730,000,000 tested=3,522 found=0 n=399781500763247455185333 elapsed=346s
progress: nodes=7,740,000,000 tested=3,522 found=0 n=406737636324388907234697 elapsed=346s
progress: nodes=7,750,000,000 tested=3,522 found=0 n=614417535659985346197909 elapsed=347s
progress: nodes=7,760,000,000 tested=3,522 found=0 n=341207699116092933533409 elapsed=347s
progress: nodes=7,770,000,000 tested=3,522 found=0 n=965616917193507358943163 elapsed=348s
progress: nodes=7,780,000,000 tested=3,522 found=0 n=415822373191944067600251 elapsed=348s
progress: nodes=7,790,000,000 tested=3,522 found=0 n=774096483454760708315073 elapsed=348s
progress: nodes=7,800,000,000 tested=3,522 found=0 n=651076944361283261454633 elapsed=349s
progress: nodes=7,810,000,000 tested=3,522 found=0 n=744658287796825456475421 elapsed=349s
progress: nodes=7,820,000,000 tested=3,522 found=0 n=358505232727804586937513 elapsed=350s
progress: nodes=7,830,000,000 tested=3,522 found=0 n=868280714368455969628047 elapsed=350s
progress: nodes=7,840,000,000 tested=3,522 found=0 n=906241795129912255053039 elapsed=351s
progress: nodes=7,850,000,000 tested=3,522 found=0 n=475777890132841334459421 elapsed=351s
progress: nodes=7,860,000,000 tested=3,522 found=0 n=958398880243167984660039 elapsed=352s
progress: nodes=7,870,000,000 tested=3,522 found=0 n=973618533778916733909201 elapsed=352s
progress: nodes=7,880,000,000 tested=3,522 found=0 n=522582391103919482833497 elapsed=352s
progress: nodes=7,890,000,000 tested=3,522 found=0 n=980183250535917747518199 elapsed=353s
progress: nodes=7,900,000,000 tested=3,522 found=0 n=977794414444154956119471 elapsed=353s
progress: nodes=7,910,000,000 tested=3,522 found=0 n=534281801798426918903667 elapsed=354s
progress: nodes=7,920,000,000 tested=3,522 found=0 n=327429660671808653869911 elapsed=354s
progress: nodes=7,930,000,000 tested=3,522 found=0 n=340075216997469441306819 elapsed=355s
progress: nodes=7,940,000,000 tested=3,522 found=0 n=574679467497698761925727 elapsed=355s
progress: nodes=7,950,000,000 tested=3,522 found=0 n=384954979938315013986759 elapsed=356s
progress: nodes=7,960,000,000 tested=3,522 found=0 n=427476533774261112444303 elapsed=356s
progress: nodes=7,970,000,000 tested=3,522 found=0 n=712011886318958772776229 elapsed=356s
progress: nodes=7,980,000,000 tested=3,522 found=0 n=576769518452479307092137 elapsed=357s
progress: nodes=7,990,000,000 tested=3,522 found=0 n=692805533536036850070141 elapsed=357s
progress: nodes=8,000,000,000 tested=3,522 found=0 n=379517604583262806419759 elapsed=358s
progress: nodes=8,010,000,000 tested=3,522 found=0 n=972549245886721797393099 elapsed=358s
progress: nodes=8,020,000,000 tested=3,522 found=0 n=458095094479733907046851 elapsed=359s
progress: nodes=8,030,000,000 tested=3,522 found=0 n=866217802154161167503793 elapsed=359s
progress: nodes=8,040,000,000 tested=3,522 found=0 n=845924168176528402124163 elapsed=359s
progress: nodes=8,050,000,000 tested=3,522 found=0 n=412982975977809225135147 elapsed=360s
progress: nodes=8,060,000,000 tested=3,522 found=0 n=889033181215220526375891 elapsed=360s
progress: nodes=8,070,000,000 tested=3,522 found=0 n=950423267983178982269277 elapsed=361s
progress: nodes=8,080,000,000 tested=3,522 found=0 n=603879591683498371972731 elapsed=361s
progress: nodes=8,090,000,000 tested=3,522 found=0 n=543095669153794562326521 elapsed=362s
progress: nodes=8,100,000,000 tested=3,522 found=0 n=734767931084262371405109 elapsed=362s
progress: nodes=8,110,000,000 tested=3,522 found=0 n=535011487679720674589967 elapsed=363s
progress: nodes=8,120,000,000 tested=3,522 found=0 n=619721585202854225274183 elapsed=363s
progress: nodes=8,130,000,000 tested=3,522 found=0 n=976500780863860314048987 elapsed=363s
progress: nodes=8,140,000,000 tested=3,522 found=0 n=923358173440728807841059 elapsed=364s
progress: nodes=8,150,000,000 tested=3,522 found=0 n=481755756423846192248961 elapsed=364s
progress: nodes=8,160,000,000 tested=3,522 found=0 n=950587809827674713231537 elapsed=365s
progress: nodes=8,170,000,000 tested=3,522 found=0 n=396152880104486739903669 elapsed=365s
progress: nodes=8,180,000,000 tested=3,522 found=0 n=761652587763131357185893 elapsed=366s
progress: nodes=8,190,000,000 tested=3,522 found=0 n=769445643880315890937449 elapsed=366s
progress: nodes=8,200,000,000 tested=3,522 found=0 n=417303260085767302888641 elapsed=366s
progress: nodes=8,210,000,000 tested=3,522 found=0 n=986549344421122214880147 elapsed=367s
progress: nodes=8,220,000,000 tested=3,522 found=0 n=544490761070086058941713 elapsed=367s
progress: nodes=8,230,000,000 tested=3,522 found=0 n=392106449662857066634497 elapsed=368s
progress: nodes=8,240,000,000 tested=3,522 found=0 n=509904967187479457376783 elapsed=368s
progress: nodes=8,250,000,000 tested=3,522 found=0 n=924073675626633862433103 elapsed=369s
progress: nodes=8,260,000,000 tested=3,522 found=0 n=999389351157462325853793 elapsed=369s
progress: nodes=8,270,000,000 tested=3,522 found=0 n=725785000562933713673271 elapsed=370s
progress: nodes=8,280,000,000 tested=3,522 found=0 n=759571365130833184708779 elapsed=370s
progress: nodes=8,290,000,000 tested=3,522 found=0 n=475560004290690054496761 elapsed=370s
progress: nodes=8,300,000,000 tested=3,522 found=0 n=524863177557181965448947 elapsed=371s
progress: nodes=8,310,000,000 tested=3,522 found=0 n=891500401866271632768333 elapsed=371s
progress: nodes=8,320,000,000 tested=3,522 found=0 n=951007697358572793112173 elapsed=372s
progress: nodes=8,330,000,000 tested=3,522 found=0 n=687078246201569949830103 elapsed=372s
progress: nodes=8,340,000,000 tested=3,522 found=0 n=743920326020780395816329 elapsed=373s
progress: nodes=8,350,000,000 tested=3,522 found=0 n=496721410808791581634221 elapsed=373s
progress: nodes=8,360,000,000 tested=3,522 found=0 n=561277271770806965026653 elapsed=373s
progress: nodes=8,370,000,000 tested=3,522 found=0 n=945265423617064646899803 elapsed=374s
progress: nodes=8,380,000,000 tested=3,522 found=0 n=438731352635379137162829 elapsed=374s
progress: nodes=8,390,000,000 tested=3,522 found=0 n=878153160642396313898223 elapsed=375s
progress: nodes=8,400,000,000 tested=3,522 found=0 n=399888136528242667554249 elapsed=375s
progress: nodes=8,410,000,000 tested=3,522 found=0 n=837960590653823425081293 elapsed=376s
progress: nodes=8,420,000,000 tested=3,522 found=0 n=993406319155235473785297 elapsed=376s
progress: nodes=8,430,000,000 tested=3,522 found=0 n=859198526390417050530693 elapsed=377s
progress: nodes=8,440,000,000 tested=3,522 found=0 n=444905858048197335833043 elapsed=377s
progress: nodes=8,450,000,000 tested=3,522 found=0 n=981201996683242269446511 elapsed=377s
progress: nodes=8,460,000,000 tested=3,522 found=0 n=636980124289386899518497 elapsed=378s
progress: nodes=8,470,000,000 tested=3,522 found=0 n=642283265578002573756231 elapsed=378s
progress: nodes=8,480,000,000 tested=3,522 found=0 n=413479966586442300844299 elapsed=379s
progress: nodes=8,490,000,000 tested=3,522 found=0 n=539094785751529157479329 elapsed=379s
progress: nodes=8,500,000,000 tested=3,522 found=0 n=438063936035691397601169 elapsed=380s
progress: nodes=8,510,000,000 tested=3,522 found=0 n=687967635042695424648231 elapsed=380s
progress: nodes=8,520,000,000 tested=3,522 found=0 n=726056778829052185776261 elapsed=381s
progress: nodes=8,530,000,000 tested=3,522 found=0 n=527816691181265185182483 elapsed=381s
progress: nodes=8,540,000,000 tested=3,522 found=0 n=696683508563757092370993 elapsed=381s
progress: nodes=8,550,000,000 tested=3,522 found=0 n=655179363522947340700623 elapsed=382s
progress: nodes=8,560,000,000 tested=3,522 found=0 n=421519656960161010093843 elapsed=382s
progress: nodes=8,570,000,000 tested=3,522 found=0 n=561707065678267499771781 elapsed=383s
progress: nodes=8,580,000,000 tested=3,522 found=0 n=497357137818904435793721 elapsed=383s
progress: nodes=8,590,000,000 tested=3,522 found=0 n=812178731790763527359169 elapsed=384s
progress: nodes=8,600,000,000 tested=3,522 found=0 n=936527497526036223196389 elapsed=384s
progress: nodes=8,610,000,000 tested=3,522 found=0 n=875865515379149964792123 elapsed=384s
progress: nodes=8,620,000,000 tested=3,522 found=0 n=633980937653847370247661 elapsed=385s
progress: nodes=8,630,000,000 tested=3,522 found=0 n=801960267810167121096441 elapsed=385s
progress: nodes=8,640,000,000 tested=3,522 found=0 n=808095465461150692909083 elapsed=386s
progress: nodes=8,650,000,000 tested=3,522 found=0 n=651763246051026409409109 elapsed=386s
progress: nodes=8,660,000,000 tested=3,522 found=0 n=935120983735882551865257 elapsed=387s
progress: nodes=8,670,000,000 tested=3,522 found=0 n=494221268957116700786787 elapsed=387s
progress: nodes=8,680,000,000 tested=3,522 found=0 n=504543155516273794399479 elapsed=388s
progress: nodes=8,690,000,000 tested=3,522 found=0 n=964798038880417760911893 elapsed=388s
progress: nodes=8,700,000,000 tested=3,522 found=0 n=728110644533576870717151 elapsed=388s
progress: nodes=8,710,000,000 tested=3,522 found=0 n=942779163396917316643173 elapsed=389s
progress: nodes=8,720,000,000 tested=3,522 found=0 n=501010840922953186038213 elapsed=389s
progress: nodes=8,730,000,000 tested=3,522 found=0 n=503424800364290890738653 elapsed=390s
progress: nodes=8,740,000,000 tested=3,522 found=0 n=954882324401458687595361 elapsed=390s
progress: nodes=8,750,000,000 tested=3,522 found=0 n=758919352754064296157363 elapsed=391s
progress: nodes=8,760,000,000 tested=3,522 found=0 n=492420749790941605482849 elapsed=391s
progress: nodes=8,770,000,000 tested=3,522 found=0 n=687947364911207350406457 elapsed=391s
progress: nodes=8,780,000,000 tested=3,522 found=0 n=787587273331289488316259 elapsed=392s
progress: nodes=8,790,000,000 tested=3,522 found=0 n=831364125461198226178281 elapsed=392s
progress: nodes=8,800,000,000 tested=3,522 found=0 n=842010246067620160958427 elapsed=393s
progress: nodes=8,810,000,000 tested=3,522 found=0 n=804128670262891071967869 elapsed=393s
progress: nodes=8,820,000,000 tested=3,522 found=0 n=724129080843739052122641 elapsed=394s
progress: nodes=8,830,000,000 tested=3,522 found=0 n=641122352363019698320149 elapsed=394s
progress: nodes=8,840,000,000 tested=3,522 found=0 n=564205667140695850739469 elapsed=395s
progress: nodes=8,850,000,000 tested=3,522 found=0 n=479646777284136102940299 elapsed=395s
progress: nodes=8,860,000,000 tested=3,522 found=0 n=916186362481221047166951 elapsed=395s
progress: nodes=8,870,000,000 tested=3,522 found=0 n=838614215838468316143897 elapsed=396s
progress: nodes=8,880,000,000 tested=3,522 found=0 n=803919068579494850299317 elapsed=396s
progress: nodes=8,890,000,000 tested=3,522 found=0 n=794484308301955138608741 elapsed=397s
progress: nodes=8,900,000,000 tested=3,522 found=0 n=828871936116832064069613 elapsed=397s
progress: nodes=8,910,000,000 tested=3,522 found=0 n=897562644535017851773383 elapsed=398s
progress: nodes=8,920,000,000 tested=3,522 found=0 n=504873616542333249212001 elapsed=398s
progress: nodes=8,930,000,000 tested=3,522 found=0 n=685571537140849577261043 elapsed=398s
progress: nodes=8,940,000,000 tested=3,522 found=0 n=979660251260664004438407 elapsed=399s
progress: nodes=8,950,000,000 tested=3,522 found=0 n=842240609758619503595163 elapsed=399s
progress: nodes=8,960,000,000 tested=3,522 found=0 n=803561966955689925206223 elapsed=400s
progress: nodes=8,970,000,000 tested=3,522 found=0 n=863641950580821722030721 elapsed=400s
progress: nodes=8,980,000,000 tested=3,522 found=0 n=532800600050324598875883 elapsed=401s
progress: nodes=8,990,000,000 tested=3,522 found=0 n=816206080863587569848693 elapsed=401s
progress: nodes=9,000,000,000 tested=3,522 found=0 n=757751909879490194175507 elapsed=402s
progress: nodes=9,010,000,000 tested=3,522 found=0 n=874816798389804472188987 elapsed=402s
progress: nodes=9,020,000,000 tested=3,522 found=0 n=648563067134424586193049 elapsed=402s
progress: nodes=9,030,000,000 tested=3,522 found=0 n=611358256259171762293953 elapsed=403s
progress: nodes=9,040,000,000 tested=3,522 found=0 n=746722800621529257256731 elapsed=403s
progress: nodes=9,050,000,000 tested=3,522 found=0 n=642799693457914435415973 elapsed=404s
progress: nodes=9,060,000,000 tested=3,522 found=0 n=773483230428172017490737 elapsed=404s
progress: nodes=9,070,000,000 tested=3,522 found=0 n=658858505972780307721527 elapsed=405s
progress: nodes=9,080,000,000 tested=3,522 found=0 n=808650564482796369497163 elapsed=405s
progress: nodes=9,090,000,000 tested=3,522 found=0 n=740426734982058426132831 elapsed=405s
progress: nodes=9,100,000,000 tested=3,522 found=0 n=977516302218901763485167 elapsed=406s
progress: nodes=9,110,000,000 tested=3,522 found=0 n=592501804581110800158783 elapsed=406s
progress: nodes=9,120,000,000 tested=3,522 found=0 n=584407053415589512439331 elapsed=407s
progress: nodes=9,130,000,000 tested=3,522 found=0 n=927227339412208255858437 elapsed=407s
progress: nodes=9,140,000,000 tested=3,522 found=0 n=692399360488462705151073 elapsed=408s
progress: nodes=9,150,000,000 tested=3,522 found=0 n=811695213998642272998699 elapsed=408s
progress: nodes=9,160,000,000 tested=3,522 found=0 n=857875649514895594263681 elapsed=409s
progress: nodes=9,170,000,000 tested=3,522 found=0 n=915401382413311196724321 elapsed=409s
progress: nodes=9,180,000,000 tested=3,522 found=0 n=947484005361743668970151 elapsed=409s
progress: nodes=9,190,000,000 tested=3,522 found=0 n=997492460134943331265707 elapsed=410s
progress: nodes=9,200,000,000 tested=3,522 found=0 n=667791049441475206474227 elapsed=410s
progress: nodes=9,210,000,000 tested=3,522 found=0 n=829075296890417993122707 elapsed=411s
progress: nodes=9,220,000,000 tested=3,522 found=0 n=653992560512681888436939 elapsed=411s
progress: nodes=9,230,000,000 tested=3,522 found=0 n=606266177605096330453131 elapsed=412s
progress: nodes=9,240,000,000 tested=3,522 found=0 n=708206978022740439239997 elapsed=412s
progress: nodes=9,250,000,000 tested=3,522 found=0 n=998321241973101022325349 elapsed=413s
progress: nodes=9,260,000,000 tested=3,522 found=0 n=708221601895585427771121 elapsed=413s
progress: nodes=9,270,000,000 tested=3,522 found=0 n=657613992274336874679903 elapsed=413s
progress: nodes=9,280,000,000 tested=3,522 found=0 n=865516656349610377201089 elapsed=414s
progress: nodes=9,290,000,000 tested=3,522 found=0 n=604330357669750632954033 elapsed=414s
progress: nodes=9,300,000,000 tested=3,522 found=0 n=677271736616069929182849 elapsed=415s
progress: nodes=9,310,000,000 tested=3,522 found=0 n=745958031346042800846561 elapsed=415s
progress: nodes=9,320,000,000 tested=3,522 found=0 n=883643662852475942644227 elapsed=416s
progress: nodes=9,330,000,000 tested=3,522 found=0 n=713933042210033303877219 elapsed=416s
progress: nodes=9,340,000,000 tested=3,522 found=0 n=652315225628448469340253 elapsed=416s
progress: nodes=9,350,000,000 tested=3,522 found=0 n=782131222328442749219457 elapsed=417s
progress: nodes=9,360,000,000 tested=3,522 found=0 n=772514926612497654136551 elapsed=417s
progress: nodes=9,370,000,000 tested=3,522 found=0 n=636116926562552185551801 elapsed=418s
progress: nodes=9,380,000,000 tested=3,522 found=0 n=862066673315431991365959 elapsed=418s
progress: nodes=9,390,000,000 tested=3,522 found=0 n=778468850125892358812379 elapsed=419s
progress: nodes=9,400,000,000 tested=3,522 found=0 n=802489182005466846881991 elapsed=419s
progress: nodes=9,410,000,000 tested=3,522 found=0 n=996575157792986684525613 elapsed=420s
progress: nodes=9,420,000,000 tested=3,522 found=0 n=748480665461452662800061 elapsed=420s
progress: nodes=9,430,000,000 tested=3,522 found=0 n=861715494833037634272483 elapsed=420s
progress: nodes=9,440,000,000 tested=3,522 found=0 n=744186161483501943259053 elapsed=421s
progress: nodes=9,450,000,000 tested=3,522 found=0 n=750553814958903292864527 elapsed=421s
progress: nodes=9,460,000,000 tested=3,522 found=0 n=714765267901864756485909 elapsed=422s
progress: nodes=9,470,000,000 tested=3,522 found=0 n=706331141517847129971687 elapsed=422s
progress: nodes=9,480,000,000 tested=3,522 found=0 n=892254734965538049168063 elapsed=423s
progress: nodes=9,490,000,000 tested=3,522 found=0 n=753174885215368871326071 elapsed=423s
progress: nodes=9,500,000,000 tested=3,522 found=0 n=994566542535103365026199 elapsed=424s
progress: nodes=9,510,000,000 tested=3,522 found=0 n=939808915522336653474681 elapsed=424s
progress: nodes=9,520,000,000 tested=3,522 found=0 n=800909313282510323708817 elapsed=424s
progress: nodes=9,530,000,000 tested=3,522 found=0 n=751689577828387997615817 elapsed=425s
progress: nodes=9,540,000,000 tested=3,522 found=0 n=987927119409360432865563 elapsed=425s
progress: nodes=9,550,000,000 tested=3,522 found=0 n=952302688508683625342229 elapsed=426s
progress: nodes=9,560,000,000 tested=3,522 found=0 n=991144412222287075976223 elapsed=426s
progress: nodes=9,570,000,000 tested=3,522 found=0 n=819124230940819408463859 elapsed=427s
progress: nodes=9,580,000,000 tested=3,522 found=0 n=990979772575532156037621 elapsed=427s
progress: nodes=9,590,000,000 tested=3,522 found=0 n=887333308355399052738591 elapsed=428s
progress: nodes=9,600,000,000 tested=3,522 found=0 n=875893273145749812434481 elapsed=428s
progress: nodes=9,610,000,000 tested=3,522 found=0 n=946069385070260999741193 elapsed=429s
progress: nodes=9,620,000,000 tested=3,522 found=0 n=955980084924560088065673 elapsed=429s
progress: nodes=9,630,000,000 tested=3,522 found=0 n=817157939435712905863833 elapsed=429s
progress: nodes=9,640,000,000 tested=3,522 found=0 n=936955446314108601841461 elapsed=430s
progress: nodes=9,650,000,000 tested=3,522 found=0 n=953611998929415323965467 elapsed=430s
progress: nodes=9,660,000,000 tested=3,522 found=0 n=956845363477438865907477 elapsed=431s
progress: nodes=9,670,000,000 tested=3,522 found=0 n=973848946187830495916133 elapsed=431s
progress: nodes=9,680,000,000 tested=3,522 found=0 n=942951363506483000877207 elapsed=432s
progress: nodes=9,690,000,000 tested=3,522 found=0 n=898043779319976179679789 elapsed=432s
progress: nodes=9,700,000,000 tested=3,522 found=0 n=916379747618910904758429 elapsed=433s
progress: nodes=9,710,000,000 tested=3,522 found=0 n=954927899757227948250699 elapsed=433s
progress: nodes=9,720,000,000 tested=3,522 found=0 n=268570760351376111261633 elapsed=434s
progress: nodes=9,730,000,000 tested=3,522 found=0 n=885140279401487131014993 elapsed=434s
progress: nodes=9,740,000,000 tested=3,522 found=0 n=716056314269553027083313 elapsed=435s
progress: nodes=9,750,000,000 tested=3,522 found=0 n=629331284457432262987281 elapsed=435s
progress: nodes=9,760,000,000 tested=3,522 found=0 n=618754272298612544163069 elapsed=435s
progress: nodes=9,770,000,000 tested=3,522 found=0 n=699288894356912193160827 elapsed=436s
progress: nodes=9,780,000,000 tested=3,522 found=0 n=875968596549222520971627 elapsed=436s
progress: nodes=9,790,000,000 tested=3,522 found=0 n=285337316688281134450173 elapsed=437s
progress: nodes=9,800,000,000 tested=3,522 found=0 n=625786369211708213630121 elapsed=437s
progress: nodes=9,810,000,000 tested=3,522 found=0 n=204821749470917146795227 elapsed=438s
progress: nodes=9,820,000,000 tested=3,522 found=0 n=709294659030289060009281 elapsed=438s
progress: nodes=9,830,000,000 tested=3,522 found=0 n=455620513076417832946803 elapsed=439s
progress: nodes=9,840,000,000 tested=3,522 found=0 n=283961660484507607214613 elapsed=439s
progress: nodes=9,850,000,000 tested=3,522 found=0 n=195480197439364517909229 elapsed=440s
progress: nodes=9,860,000,000 tested=3,522 found=0 n=187485538545068578872057 elapsed=440s
progress: nodes=9,870,000,000 tested=3,522 found=0 n=264529421366479440167997 elapsed=440s
progress: nodes=9,880,000,000 tested=3,522 found=0 n=430789976356646382613137 elapsed=441s
progress: nodes=9,890,000,000 tested=3,522 found=0 n=688135267084420513290933 elapsed=441s
progress: nodes=9,900,000,000 tested=3,522 found=0 n=189755915642688698872569 elapsed=442s
progress: nodes=9,910,000,000 tested=3,522 found=0 n=610296723587456408876373 elapsed=442s
progress: nodes=9,920,000,000 tested=3,522 found=0 n=270142155357393490514343 elapsed=443s
progress: nodes=9,930,000,000 tested=3,522 found=0 n=862355966326423533081117 elapsed=443s
progress: nodes=9,940,000,000 tested=3,522 found=0 n=695317990530311620669197 elapsed=444s
progress: nodes=9,950,000,000 tested=3,522 found=0 n=626310841486642782222753 elapsed=444s
progress: nodes=9,960,000,000 tested=3,522 found=0 n=640054528594512572652111 elapsed=445s
progress: nodes=9,970,000,000 tested=3,522 found=0 n=745149156406315313449797 elapsed=445s
progress: nodes=9,980,000,000 tested=3,522 found=0 n=946810236008056155094359 elapsed=445s
progress: nodes=9,990,000,000 tested=3,522 found=0 n=375627972182604453381069 elapsed=446s
progress: nodes=10,000,000,000 tested=3,522 found=0 n=750896179626777305958837 elapsed=446s
progress: nodes=10,010,000,000 tested=3,522 found=0 n=370350194273609622159087 elapsed=447s
progress: nodes=10,020,000,000 tested=3,522 found=0 n=924583316127316390776231 elapsed=447s
progress: nodes=10,030,000,000 tested=3,522 found=0 n=712480177540360752415893 elapsed=448s
progress: nodes=10,040,000,000 tested=3,522 found=0 n=602202930831233601566697 elapsed=448s
progress: nodes=10,050,000,000 tested=3,522 found=0 n=605167075738588964063463 elapsed=449s
progress: nodes=10,060,000,000 tested=3,522 found=0 n=716122721370744030151809 elapsed=449s
progress: nodes=10,070,000,000 tested=3,522 found=0 n=921421033853622102089289 elapsed=450s
progress: nodes=10,080,000,000 tested=3,522 found=0 n=367404920478314700730749 elapsed=450s
progress: nodes=10,090,000,000 tested=3,522 found=0 n=745225746905916887924313 elapsed=450s
progress: nodes=10,100,000,000 tested=3,522 found=0 n=368388691787941393331763 elapsed=451s
progress: nodes=10,110,000,000 tested=3,522 found=0 n=933074523375100543776339 elapsed=451s
progress: nodes=10,120,000,000 tested=3,522 found=0 n=732607212635871100516989 elapsed=452s
progress: nodes=10,130,000,000 tested=3,522 found=0 n=630677806444117589778621 elapsed=452s
progress: nodes=10,140,000,000 tested=3,522 found=0 n=622981097212554376058763 elapsed=453s
progress: nodes=10,150,000,000 tested=3,522 found=0 n=719156400476365002848697 elapsed=453s
progress: nodes=10,160,000,000 tested=3,522 found=0 n=911470663001438599320261 elapsed=454s
progress: nodes=10,170,000,000 tested=3,522 found=0 n=348535593543022503368751 elapsed=454s
progress: nodes=10,180,000,000 tested=3,522 found=0 n=718985532057987681427941 elapsed=455s
progress: nodes=10,190,000,000 tested=3,522 found=0 n=341763212060672356107153 elapsed=455s
progress: nodes=10,200,000,000 tested=3,522 found=0 n=890814071792240610463449 elapsed=456s
progress: nodes=10,210,000,000 tested=3,522 found=0 n=699797882382269811481341 elapsed=456s
progress: nodes=10,220,000,000 tested=3,522 found=0 n=606402125586897842703501 elapsed=456s
progress: nodes=10,230,000,000 tested=3,522 found=0 n=616577860812245154944121 elapsed=457s
progress: nodes=10,240,000,000 tested=3,522 found=0 n=725660925850701549980271 elapsed=457s
progress: nodes=10,250,000,000 tested=3,522 found=0 n=932528237098728997768041 elapsed=458s
progress: nodes=10,260,000,000 tested=3,522 found=0 n=384675833138994575120943 elapsed=458s
progress: nodes=10,270,000,000 tested=3,522 found=0 n=773288712649835921011473 elapsed=459s
progress: nodes=10,280,000,000 tested=3,522 found=0 n=435022619798805682472829 elapsed=459s
progress: nodes=10,290,000,000 tested=3,522 found=0 n=216968459256898970758137 elapsed=460s
progress: nodes=10,300,000,000 tested=3,522 found=0 n=923304766513720384256463 elapsed=460s
progress: nodes=10,310,000,000 tested=3,522 found=0 n=898938736077965126066523 elapsed=461s
progress: nodes=10,320,000,000 tested=3,522 found=0 n=974831096107504694091033 elapsed=461s
progress: nodes=10,330,000,000 tested=3,522 found=0 n=305365378652530576118739 elapsed=462s
progress: nodes=10,340,000,000 tested=3,522 found=0 n=568740783890225344755357 elapsed=462s
progress: nodes=10,350,000,000 tested=3,522 found=0 n=948580873352414616096783 elapsed=462s
progress: nodes=10,360,000,000 tested=3,522 found=0 n=582192956085851086277301 elapsed=463s
progress: nodes=10,370,000,000 tested=3,522 found=0 n=334629096355238097664251 elapsed=463s
progress: nodes=10,380,000,000 tested=3,522 found=0 n=191441656277908100577513 elapsed=464s
progress: nodes=10,390,000,000 tested=3,522 found=0 n=966083656145640709403727 elapsed=464s
progress: nodes=10,400,000,000 tested=3,522 found=0 n=191221586745212652676047 elapsed=465s
progress: nodes=10,410,000,000 tested=3,522 found=0 n=345666287059389217644723 elapsed=465s
progress: nodes=10,420,000,000 tested=3,522 found=0 n=608170377977500131180387 elapsed=466s
progress: nodes=10,430,000,000 tested=3,522 found=0 n=980492568500001540782799 elapsed=466s
progress: nodes=10,440,000,000 tested=3,522 found=0 n=612629678607832147543281 elapsed=466s
progress: nodes=10,450,000,000 tested=3,522 found=0 n=372123339728171392450089 elapsed=467s
progress: nodes=10,460,000,000 tested=3,522 found=0 n=240946301873998303792209 elapsed=467s
progress: nodes=10,470,000,000 tested=3,522 found=0 n=200931182883236111713407 elapsed=468s
progress: nodes=10,480,000,000 tested=3,522 found=0 n=248378216842302949565163 elapsed=468s
progress: nodes=10,490,000,000 tested=3,522 found=0 n=398162985402253332029769 elapsed=469s
progress: nodes=10,500,000,000 tested=3,522 found=0 n=658996017905109695880069 elapsed=469s
progress: nodes=10,510,000,000 tested=3,522 found=0 n=211293873984992324589063 elapsed=470s
progress: nodes=10,520,000,000 tested=3,522 found=0 n=673620300045576169783497 elapsed=470s
progress: nodes=10,530,000,000 tested=3,522 found=0 n=424600076278096255736199 elapsed=471s
progress: nodes=10,540,000,000 tested=3,522 found=0 n=285079452242226332369679 elapsed=471s
progress: nodes=10,550,000,000 tested=3,522 found=0 n=251770226869385839802187 elapsed=471s
progress: nodes=10,560,000,000 tested=3,522 found=0 n=322263258386235000517683 elapsed=472s
progress: nodes=10,570,000,000 tested=3,522 found=0 n=504802509286130167189077 elapsed=472s
progress: nodes=10,580,000,000 tested=3,522 found=0 n=798462500297715086652819 elapsed=473s
progress: nodes=10,590,000,000 tested=3,522 found=0 n=374335082780943879265671 elapsed=473s
progress: nodes=10,600,000,000 tested=3,522 found=0 n=872617981228364107115379 elapsed=474s
progress: nodes=10,610,000,000 tested=3,522 found=0 n=666541636060112861251203 elapsed=474s
progress: nodes=10,620,000,000 tested=3,522 found=0 n=584801518136395657834737 elapsed=475s
progress: nodes=10,630,000,000 tested=3,522 found=0 n=609781745338439582871963 elapsed=475s
progress: nodes=10,640,000,000 tested=3,522 found=0 n=749196032994865554685587 elapsed=475s
progress: nodes=10,650,000,000 tested=3,522 found=0 n=195020292792741054437799 elapsed=476s
progress: nodes=10,660,000,000 tested=3,522 found=0 n=558924849434729134195839 elapsed=476s
progress: nodes=10,670,000,000 tested=3,522 found=0 n=240799692812042984356737 elapsed=477s
progress: nodes=10,680,000,000 tested=3,522 found=0 n=841121358196158955308393 elapsed=477s
progress: nodes=10,690,000,000 tested=3,522 found=0 n=749563347172013120223477 elapsed=478s
progress: nodes=10,700,000,000 tested=3,522 found=0 n=784970279671846283422407 elapsed=478s
progress: nodes=10,710,000,000 tested=3,522 found=0 n=933664038947385885308169 elapsed=479s
progress: nodes=10,720,000,000 tested=3,522 found=0 n=366384260247011554695147 elapsed=479s
progress: nodes=10,730,000,000 tested=3,522 found=0 n=736433186392841666902173 elapsed=479s
progress: nodes=10,740,000,000 tested=3,522 found=0 n=412494712405220445987987 elapsed=480s
progress: nodes=10,750,000,000 tested=3,522 found=0 n=215503126470806276185083 elapsed=480s
progress: nodes=10,760,000,000 tested=3,522 found=0 n=936456215714025704488791 elapsed=481s
progress: nodes=10,770,000,000 tested=3,522 found=0 n=976998612599415220661847 elapsed=481s
progress: nodes=10,780,000,000 tested=3,522 found=0 n=321818556312952963835571 elapsed=482s
progress: nodes=10,790,000,000 tested=3,522 found=0 n=587917609705857748277961 elapsed=482s
progress: nodes=10,800,000,000 tested=3,522 found=0 n=977004160002887298309027 elapsed=483s
progress: nodes=10,810,000,000 tested=3,522 found=0 n=671899939329232732489371 elapsed=483s
progress: nodes=10,820,000,000 tested=3,522 found=0 n=504963553498134463473741 elapsed=484s
progress: nodes=10,830,000,000 tested=3,522 found=0 n=458673916050846125112483 elapsed=484s
progress: nodes=10,840,000,000 tested=3,522 found=0 n=532455423411042350668449 elapsed=484s
progress: nodes=10,850,000,000 tested=3,522 found=0 n=728452835917026117076179 elapsed=485s
progress: nodes=10,860,000,000 tested=3,522 found=0 n=240551065043348691679047 elapsed=485s
progress: nodes=10,870,000,000 tested=3,522 found=0 n=654488621858720948336037 elapsed=486s
progress: nodes=10,880,000,000 tested=3,522 found=0 n=402569072322592718265723 elapsed=486s
progress: nodes=10,890,000,000 tested=3,522 found=0 n=276128901948172628315961 elapsed=487s
progress: nodes=10,900,000,000 tested=3,522 found=0 n=273553195703797122400287 elapsed=487s
progress: nodes=10,910,000,000 tested=3,522 found=0 n=388992100767742932100641 elapsed=488s
progress: nodes=10,920,000,000 tested=3,522 found=0 n=631007529002980686525969 elapsed=488s
progress: nodes=10,930,000,000 tested=3,522 found=0 n=214180136488570616745381 elapsed=488s
progress: nodes=10,940,000,000 tested=3,522 found=0 n=716184675521074833866793 elapsed=489s
progress: nodes=10,950,000,000 tested=3,522 found=0 n=546603456775068510594777 elapsed=489s
progress: nodes=10,960,000,000 tested=3,522 found=0 n=510335544359809181802789 elapsed=490s
progress: nodes=10,970,000,000 tested=3,522 found=0 n=603275170757452156440477 elapsed=490s
progress: nodes=10,980,000,000 tested=3,522 found=0 n=824336154901824735529359 elapsed=491s
progress: nodes=10,990,000,000 tested=3,522 found=0 n=356695193130455993660847 elapsed=491s
progress: nodes=11,000,000,000 tested=3,522 found=0 n=813959617616838107063649 elapsed=492s
progress: nodes=11,010,000,000 tested=3,522 found=0 n=616873166799058140824853 elapsed=492s
progress: nodes=11,020,000,000 tested=3,522 found=0 n=548465289208166891662101 elapsed=493s
progress: nodes=11,030,000,000 tested=3,522 found=0 n=617791806261206572036041 elapsed=493s
progress: nodes=11,040,000,000 tested=3,522 found=0 n=823073783662414675311921 elapsed=493s
progress: nodes=11,050,000,000 tested=3,522 found=0 n=367335965381511938488677 elapsed=494s
progress: nodes=11,060,000,000 tested=3,522 found=0 n=835999171510735002924153 elapsed=494s
progress: nodes=11,070,000,000 tested=3,522 found=0 n=648457792212160639732023 elapsed=495s
progress: nodes=11,080,000,000 tested=3,522 found=0 n=604937981671130674616049 elapsed=495s
progress: nodes=11,090,000,000 tested=3,522 found=0 n=688898531514190058922861 elapsed=496s
progress: nodes=11,100,000,000 tested=3,522 found=0 n=898108382241830022556293 elapsed=496s
progress: nodes=11,110,000,000 tested=3,522 found=0 n=444595233679170507484551 elapsed=497s
progress: nodes=11,120,000,000 tested=3,522 found=0 n=919599207426794728744911 elapsed=497s
progress: nodes=11,130,000,000 tested=3,522 found=0 n=731990417094673628510619 elapsed=497s
progress: nodes=11,140,000,000 tested=3,522 found=0 n=681818683060093964207823 elapsed=498s
progress: nodes=11,150,000,000 tested=3,522 found=0 n=770880303278845806413367 elapsed=498s
progress: nodes=11,160,000,000 tested=3,522 found=0 n=999005759021817925757379 elapsed=499s
progress: nodes=11,170,000,000 tested=3,522 found=0 n=564334424526371488306317 elapsed=499s
progress: nodes=11,180,000,000 tested=3,522 found=0 n=284201415997480460486007 elapsed=500s
progress: nodes=11,190,000,000 tested=3,522 found=0 n=909846072634508718842133 elapsed=500s
progress: nodes=11,200,000,000 tested=3,522 found=0 n=902399557652632687240593 elapsed=501s
progress: nodes=11,210,000,000 tested=3,522 found=0 n=268574699913190972173873 elapsed=501s
progress: nodes=11,220,000,000 tested=3,522 found=0 n=535315554180291457285713 elapsed=501s
progress: nodes=11,230,000,000 tested=3,522 found=0 n=959328632719218283523001 elapsed=502s
progress: nodes=11,240,000,000 tested=3,522 found=0 n=732189357729144093099321 elapsed=502s
progress: nodes=11,250,000,000 tested=3,522 found=0 n=661281088248995169588633 elapsed=503s
progress: nodes=11,260,000,000 tested=3,522 found=0 n=727854564965932162441683 elapsed=503s
progress: nodes=11,270,000,000 tested=3,522 found=0 n=937282004966701740022677 elapsed=504s
progress: nodes=11,280,000,000 tested=3,522 found=0 n=495068571990551920714353 elapsed=504s
progress: nodes=11,290,000,000 tested=3,522 found=0 n=965859313105629519758181 elapsed=505s
progress: nodes=11,300,000,000 tested=3,522 found=0 n=800557622353762433481321 elapsed=505s
progress: nodes=11,310,000,000 tested=3,522 found=0 n=790680683320522680336651 elapsed=506s
progress: nodes=11,320,000,000 tested=3,522 found=0 n=943720787207979155956581 elapsed=506s
progress: nodes=11,330,000,000 tested=3,522 found=0 n=476161122933356745377493 elapsed=506s
progress: nodes=11,340,000,000 tested=3,522 found=0 n=931185360996289383751767 elapsed=507s
progress: nodes=11,350,000,000 tested=3,522 found=0 n=753029310861384646218129 elapsed=507s
progress: nodes=11,360,000,000 tested=3,522 found=0 n=718947979586814976819821 elapsed=508s
progress: nodes=11,370,000,000 tested=3,522 found=0 n=837720785228903573140143 elapsed=508s
progress: nodes=11,380,000,000 tested=3,522 found=0 n=342606998724843473481861 elapsed=509s
progress: nodes=11,390,000,000 tested=3,522 found=0 n=758366232080778459897759 elapsed=509s
progress: nodes=11,400,000,000 tested=3,522 found=0 n=573041578541796148385601 elapsed=510s
progress: nodes=11,410,000,000 tested=3,522 found=0 n=539817470999289577032939 elapsed=510s
progress: nodes=11,420,000,000 tested=3,522 found=0 n=655286473318800398404329 elapsed=510s
progress: nodes=11,430,000,000 tested=3,522 found=0 n=934038739697274289385307 elapsed=511s
progress: nodes=11,440,000,000 tested=3,522 found=0 n=589420458331837589447991 elapsed=511s
progress: nodes=11,450,000,000 tested=3,522 found=0 n=407423446840693315785753 elapsed=512s
progress: nodes=11,460,000,000 tested=3,522 found=0 n=374498886085237297835451 elapsed=512s
progress: nodes=11,470,000,000 tested=3,522 found=0 n=492050475135367961331519 elapsed=513s
progress: nodes=11,480,000,000 tested=3,522 found=0 n=768911749586356243458591 elapsed=513s
progress: nodes=11,490,000,000 tested=3,522 found=0 n=451738045199455768380627 elapsed=514s
progress: nodes=11,500,000,000 tested=3,522 found=0 n=292562872881841187326701 elapsed=514s
progress: nodes=11,510,000,000 tested=3,522 found=0 n=288375078245550519416193 elapsed=515s
progress: nodes=11,520,000,000 tested=3,522 found=0 n=440472405878373858446457 elapsed=515s
progress: nodes=11,530,000,000 tested=3,522 found=0 n=759798976932662081267853 elapsed=516s
progress: nodes=11,540,000,000 tested=3,522 found=0 n=488284264313652311261757 elapsed=516s
progress: nodes=11,550,000,000 tested=3,522 found=0 n=378550696663725799532319 elapsed=517s
progress: nodes=11,560,000,000 tested=3,522 found=0 n=428306405666601440231253 elapsed=517s
progress: nodes=11,570,000,000 tested=3,522 found=0 n=631918487102024126523519 elapsed=517s
progress: nodes=11,580,000,000 tested=3,522 found=0 n=992919703306573693063413 elapsed=518s
progress: nodes=11,590,000,000 tested=3,522 found=0 n=757450793558748146034177 elapsed=518s
progress: nodes=11,600,000,000 tested=3,522 found=0 n=707312486243662152810957 elapsed=519s
progress: nodes=11,610,000,000 tested=3,522 found=0 n=828924110109486785907513 elapsed=519s
progress: nodes=11,620,000,000 tested=3,522 found=0 n=368255086477923258955341 elapsed=520s
progress: nodes=11,630,000,000 tested=3,522 found=0 n=817568952214951388945493 elapsed=520s
progress: nodes=11,640,000,000 tested=3,522 found=0 n=703930861375959106142253 elapsed=521s
progress: nodes=11,650,000,000 tested=3,522 found=0 n=752384401791579487599669 elapsed=521s
progress: nodes=11,660,000,000 tested=3,522 found=0 n=982753985433769850928627 elapsed=522s
progress: nodes=11,670,000,000 tested=3,522 found=0 n=648649165879387577131227 elapsed=522s
progress: nodes=11,680,000,000 tested=3,522 found=0 n=503711301652697297830671 elapsed=523s
progress: nodes=11,690,000,000 tested=3,522 found=0 n=542925466938281369375433 elapsed=523s
progress: nodes=11,700,000,000 tested=3,522 found=0 n=754867262854122528193083 elapsed=524s
progress: nodes=11,710,000,000 tested=3,522 found=0 n=411129096364950487875351 elapsed=524s
progress: nodes=11,720,000,000 tested=3,522 found=0 n=969850005161248491443163 elapsed=525s
progress: nodes=11,730,000,000 tested=3,522 found=0 n=977523406314281809001019 elapsed=525s
progress: nodes=11,740,000,000 tested=3,522 found=0 n=423510982227575273352321 elapsed=525s
progress: nodes=11,750,000,000 tested=3,522 found=0 n=775569633809147554109733 elapsed=526s
progress: nodes=11,760,000,000 tested=3,522 found=0 n=574399640468139879311919 elapsed=526s
progress: nodes=11,770,000,000 tested=3,522 found=0 n=551096994858917221203489 elapsed=527s
progress: nodes=11,780,000,000 tested=3,522 found=0 n=736692054303129304413033 elapsed=527s
progress: nodes=11,790,000,000 tested=3,522 found=0 n=378825454862692631807013 elapsed=528s
progress: nodes=11,800,000,000 tested=3,522 found=0 n=936593985020026189385529 elapsed=528s
progress: nodes=11,810,000,000 tested=3,522 found=0 n=959850176593848772681449 elapsed=529s
progress: nodes=11,820,000,000 tested=3,522 found=0 n=443268813083685259391721 elapsed=529s
progress: nodes=11,830,000,000 tested=3,522 found=0 n=824943197591953860356937 elapsed=530s
progress: nodes=11,840,000,000 tested=3,522 found=0 n=660013642529277526086597 elapsed=530s
progress: nodes=11,850,000,000 tested=3,522 found=0 n=681605888355190990572381 elapsed=531s
progress: nodes=11,860,000,000 tested=3,522 found=0 n=889974440495878076458119 elapsed=531s
progress: nodes=11,870,000,000 tested=3,522 found=0 n=558304250967428428095633 elapsed=532s
progress: nodes=11,880,000,000 tested=3,522 found=0 n=436040858023756489282779 elapsed=532s
progress: nodes=11,890,000,000 tested=3,522 found=0 n=508365211958129445816897 elapsed=533s
progress: nodes=11,900,000,000 tested=3,522 found=0 n=770046094407841390960821 elapsed=533s
progress: nodes=11,910,000,000 tested=3,522 found=0 n=508395940383798563419323 elapsed=534s
progress: nodes=11,920,000,000 tested=3,522 found=0 n=429862929990387495919317 elapsed=534s
progress: nodes=11,930,000,000 tested=3,522 found=0 n=546882708446951134126869 elapsed=534s
progress: nodes=11,940,000,000 tested=3,522 found=0 n=869722599629197467666513 elapsed=535s
progress: nodes=11,950,000,000 tested=3,522 found=0 n=684427349354920571378979 elapsed=535s
progress: nodes=11,960,000,000 tested=3,522 found=0 n=705789099544055049806283 elapsed=536s
progress: nodes=11,970,000,000 tested=3,522 found=0 n=921736196067648235567293 elapsed=536s
progress: nodes=11,980,000,000 tested=3,522 found=0 n=635813110226069910517383 elapsed=537s
progress: nodes=11,990,000,000 tested=3,522 found=0 n=567977780765320271997651 elapsed=537s
progress: nodes=12,000,000,000 tested=3,522 found=0 n=689868518926344228113643 elapsed=538s
progress: nodes=12,010,000,000 tested=3,522 found=0 n=312093067290174464112819 elapsed=538s
progress: nodes=12,020,000,000 tested=3,522 found=0 n=840353714405786355325551 elapsed=539s
progress: nodes=12,030,000,000 tested=3,522 found=0 n=881666224286726429834283 elapsed=539s
progress: nodes=12,040,000,000 tested=3,522 found=0 n=442050399107408567416941 elapsed=540s
progress: nodes=12,050,000,000 tested=3,522 found=0 n=911315923432519546312371 elapsed=540s
progress: nodes=12,060,000,000 tested=3,522 found=0 n=895701785781089048562801 elapsed=541s
progress: nodes=12,070,000,000 tested=3,522 found=0 n=392229405310603759265367 elapsed=541s
progress: nodes=12,080,000,000 tested=3,522 found=0 n=792853478677873282188519 elapsed=542s
progress: nodes=12,090,000,000 tested=3,522 found=0 n=703672073576211843344241 elapsed=542s
progress: nodes=12,100,000,000 tested=3,522 found=0 n=838474597707641497255653 elapsed=543s
progress: nodes=12,110,000,000 tested=3,522 found=0 n=514443693402075440050047 elapsed=543s
progress: nodes=12,120,000,000 tested=3,522 found=0 n=404246384889196674347523 elapsed=544s
progress: nodes=12,130,000,000 tested=3,522 found=0 n=484751444938303530100113 elapsed=544s
progress: nodes=12,140,000,000 tested=3,522 found=0 n=782829279022478137126677 elapsed=545s
progress: nodes=12,150,000,000 tested=3,522 found=0 n=625937891204758829057361 elapsed=545s
progress: nodes=12,160,000,000 tested=3,522 found=0 n=696255039584829807101019 elapsed=546s
progress: nodes=12,170,000,000 tested=3,522 found=0 n=990662679897469853192919 elapsed=546s
progress: nodes=12,180,000,000 tested=3,522 found=0 n=818130726576832665289293 elapsed=547s
progress: nodes=12,190,000,000 tested=3,522 found=0 n=869742836780050605909537 elapsed=547s
progress: nodes=12,200,000,000 tested=3,522 found=0 n=469905717045344614801767 elapsed=548s
progress: nodes=12,210,000,000 tested=3,522 found=0 n=993281372045951768016237 elapsed=548s
progress: nodes=12,220,000,000 tested=3,522 found=0 n=382132510412933288507499 elapsed=548s
progress: nodes=12,230,000,000 tested=3,522 found=0 n=686716087726602352956537 elapsed=549s
progress: nodes=12,240,000,000 tested=3,522 found=0 n=557207948476966948860699 elapsed=549s
progress: nodes=12,250,000,000 tested=3,522 found=0 n=659269986069110584577409 elapsed=550s
progress: nodes=12,260,000,000 tested=3,522 found=0 n=327788121256574961309327 elapsed=550s
progress: nodes=12,270,000,000 tested=3,522 found=0 n=913227452405099534201499 elapsed=551s
progress: nodes=12,280,000,000 tested=3,522 found=0 n=409527479038317028127739 elapsed=551s
progress: nodes=12,290,000,000 tested=3,522 found=0 n=824762749857004175754537 elapsed=552s
progress: nodes=12,300,000,000 tested=3,522 found=0 n=814193602194979840270437 elapsed=552s
progress: nodes=12,310,000,000 tested=3,522 found=0 n=385377872288461336947663 elapsed=553s
progress: nodes=12,320,000,000 tested=3,522 found=0 n=851855034688769739677049 elapsed=553s
progress: nodes=12,330,000,000 tested=3,522 found=0 n=900654051940830481883589 elapsed=554s
progress: nodes=12,340,000,000 tested=3,522 found=0 n=532281403279013428717677 elapsed=554s
progress: nodes=12,350,000,000 tested=3,522 found=0 n=416453622330650498977383 elapsed=555s
progress: nodes=12,360,000,000 tested=3,522 found=0 n=550194206638648270261563 elapsed=555s
progress: nodes=12,370,000,000 tested=3,522 found=0 n=943463791382687516910969 elapsed=556s
progress: nodes=12,380,000,000 tested=3,522 found=0 n=930784439493821407141647 elapsed=556s
progress: nodes=12,390,000,000 tested=3,522 found=0 n=527044568844556204014573 elapsed=557s
progress: nodes=12,400,000,000 tested=3,522 found=0 n=389888349846116831476767 elapsed=557s
progress: nodes=12,410,000,000 tested=3,522 found=0 n=522782463277255720091553 elapsed=558s
progress: nodes=12,420,000,000 tested=3,522 found=0 n=944586783338461964143443 elapsed=558s
progress: nodes=12,430,000,000 tested=3,522 found=0 n=978371237558958846491889 elapsed=559s
progress: nodes=12,440,000,000 tested=3,522 found=0 n=602371908309962065193919 elapsed=559s
progress: nodes=12,450,000,000 tested=3,522 found=0 n=504038112377456947593303 elapsed=560s
progress: nodes=12,460,000,000 tested=3,522 found=0 n=669967812418131723052557 elapsed=560s
progress: nodes=12,470,000,000 tested=3,522 found=0 n=471807236128597629361101 elapsed=561s
progress: nodes=12,480,000,000 tested=3,522 found=0 n=552172376818005834731841 elapsed=561s
progress: nodes=12,490,000,000 tested=3,522 found=0 n=920001982634416213014483 elapsed=562s
progress: nodes=12,500,000,000 tested=3,522 found=0 n=915411660054356565401301 elapsed=562s
progress: nodes=12,510,000,000 tested=3,522 found=0 n=546317857295156916106137 elapsed=563s
progress: nodes=12,520,000,000 tested=3,522 found=0 n=470728981677791456422803 elapsed=563s
progress: nodes=12,530,000,000 tested=3,522 found=0 n=675694871773876264909599 elapsed=564s
progress: nodes=12,540,000,000 tested=3,522 found=0 n=530617861546578138696363 elapsed=564s
progress: nodes=12,550,000,000 tested=3,522 found=0 n=689577392836979709271209 elapsed=565s
progress: nodes=12,560,000,000 tested=3,522 found=0 n=506359279571049575497827 elapsed=565s
progress: nodes=12,570,000,000 tested=3,522 found=0 n=614870948418805673297703 elapsed=565s
progress: nodes=12,580,000,000 tested=3,522 found=0 n=406035415905733858110867 elapsed=566s
progress: nodes=12,590,000,000 tested=3,522 found=0 n=510863526047789597840157 elapsed=566s
progress: nodes=12,600,000,000 tested=3,522 found=0 n=960364571338372516429113 elapsed=567s
progress: nodes=12,610,000,000 tested=3,522 found=0 n=473202201380090654901429 elapsed=567s
progress: nodes=12,620,000,000 tested=3,522 found=0 n=932467803529272134325201 elapsed=568s
progress: nodes=12,630,000,000 tested=3,522 found=0 n=461129765738683785422679 elapsed=568s
progress: nodes=12,640,000,000 tested=3,522 found=0 n=936103252407417956060199 elapsed=569s
progress: nodes=12,650,000,000 tested=3,522 found=0 n=473897299945526984365839 elapsed=569s
progress: nodes=12,660,000,000 tested=3,522 found=0 n=952847450311942513987659 elapsed=570s
progress: nodes=12,670,000,000 tested=3,522 found=0 n=519742814356796422202811 elapsed=570s
progress: nodes=12,680,000,000 tested=3,522 found=0 n=438761247556744829235519 elapsed=571s
progress: nodes=12,690,000,000 tested=3,522 found=0 n=664807229461985477786919 elapsed=571s
progress: nodes=12,700,000,000 tested=3,522 found=0 n=592117543084556226975237 elapsed=572s
progress: nodes=12,710,000,000 tested=3,522 found=0 n=839860180493590973055339 elapsed=572s
progress: nodes=12,720,000,000 tested=3,522 found=0 n=813947935680792140791563 elapsed=573s
progress: nodes=12,730,000,000 tested=3,522 found=0 n=511966017890691373112103 elapsed=573s
progress: nodes=12,740,000,000 tested=3,522 found=0 n=537510115128483857196837 elapsed=574s
progress: nodes=12,750,000,000 tested=3,522 found=0 n=910587807700288517326527 elapsed=574s
progress: nodes=12,760,000,000 tested=3,522 found=0 n=428136986702504854413639 elapsed=575s
progress: nodes=12,770,000,000 tested=3,522 found=0 n=902074018758938643807189 elapsed=575s
progress: nodes=12,780,000,000 tested=3,522 found=0 n=529181168516743335225633 elapsed=576s
progress: nodes=12,790,000,000 tested=3,522 found=0 n=518250603435812718732261 elapsed=576s
progress: nodes=12,800,000,000 tested=3,522 found=0 n=900318622177387672756497 elapsed=577s
progress: nodes=12,810,000,000 tested=3,522 found=0 n=450635979268142027761401 elapsed=577s
progress: nodes=12,820,000,000 tested=3,522 found=0 n=962253035125344734324553 elapsed=578s
progress: nodes=12,830,000,000 tested=3,522 found=0 n=656088557431103993349153 elapsed=578s
progress: nodes=12,840,000,000 tested=3,522 found=0 n=743233080428959844883159 elapsed=579s
progress: nodes=12,850,000,000 tested=3,522 found=0 n=618946765404176696105619 elapsed=579s
progress: nodes=12,860,000,000 tested=3,522 found=0 n=876982816091563649076609 elapsed=580s
progress: nodes=12,870,000,000 tested=3,522 found=0 n=925239463549271314006563 elapsed=580s
progress: nodes=12,880,000,000 tested=3,522 found=0 n=781671186857335004363133 elapsed=581s
progress: nodes=12,890,000,000 tested=3,522 found=0 n=461068705851551032948713 elapsed=581s
progress: nodes=12,900,000,000 tested=3,522 found=0 n=533087472045404460257073 elapsed=582s
progress: nodes=12,910,000,000 tested=3,522 found=0 n=431488582070751224568549 elapsed=582s
progress: nodes=12,920,000,000 tested=3,522 found=0 n=725132474230193214274089 elapsed=583s
progress: nodes=12,930,000,000 tested=3,522 found=0 n=860427673789922081877033 elapsed=583s
progress: nodes=12,940,000,000 tested=3,522 found=0 n=828322527381484772826189 elapsed=584s
progress: nodes=12,950,000,000 tested=3,522 found=0 n=671801900924375733384873 elapsed=584s
progress: nodes=12,960,000,000 tested=3,522 found=0 n=956580350424381209978451 elapsed=585s
progress: nodes=12,970,000,000 tested=3,522 found=0 n=524410117126033283658513 elapsed=585s
progress: nodes=12,980,000,000 tested=3,522 found=0 n=561097968900312277491057 elapsed=586s
progress: nodes=12,990,000,000 tested=3,522 found=0 n=478160428127299336127709 elapsed=586s
progress: nodes=13,000,000,000 tested=3,522 found=0 n=837333004560807403017369 elapsed=587s
progress: nodes=13,010,000,000 tested=3,522 found=0 n=528490979708529049629417 elapsed=587s
progress: nodes=13,020,000,000 tested=3,522 found=0 n=657375089484390924195549 elapsed=588s
progress: nodes=13,030,000,000 tested=3,522 found=0 n=704360976048238137748119 elapsed=588s
progress: nodes=13,040,000,000 tested=3,522 found=0 n=685454379028218071050779 elapsed=589s
progress: nodes=13,050,000,000 tested=3,522 found=0 n=590001034361753548955421 elapsed=589s
progress: nodes=13,060,000,000 tested=3,522 found=0 n=942729676890910598803113 elapsed=590s
progress: nodes=13,070,000,000 tested=3,522 found=0 n=663903638579469768561081 elapsed=590s
progress: nodes=13,080,000,000 tested=3,522 found=0 n=863464957674585793259733 elapsed=591s
progress: nodes=13,090,000,000 tested=3,522 found=0 n=497260008027134902693143 elapsed=591s
progress: nodes=13,100,000,000 tested=3,522 found=0 n=632743646142241757146023 elapsed=592s
progress: nodes=13,110,000,000 tested=3,522 found=0 n=721911160091449652335011 elapsed=592s
progress: nodes=13,120,000,000 tested=3,522 found=0 n=806383164047346109016793 elapsed=593s
progress: nodes=13,130,000,000 tested=3,522 found=0 n=880312962060573801250491 elapsed=593s
progress: nodes=13,140,000,000 tested=3,522 found=0 n=963605273200244893851633 elapsed=594s
progress: nodes=13,150,000,000 tested=3,522 found=0 n=537053755298372311002003 elapsed=594s
progress: nodes=13,160,000,000 tested=3,522 found=0 n=650935604839416677994213 elapsed=595s
progress: nodes=13,170,000,000 tested=3,522 found=0 n=784264512516002464367421 elapsed=595s
progress: nodes=13,180,000,000 tested=3,522 found=0 n=968931832796140708724229 elapsed=596s
progress: nodes=13,190,000,000 tested=3,522 found=0 n=655654481307583364946339 elapsed=596s
progress: nodes=13,200,000,000 tested=3,522 found=0 n=888154104167098984242027 elapsed=597s
progress: nodes=13,210,000,000 tested=3,522 found=0 n=679801422193831419733251 elapsed=597s
progress: nodes=13,220,000,000 tested=3,522 found=0 n=585739923718786737037137 elapsed=598s
progress: nodes=13,230,000,000 tested=3,522 found=0 n=565200013973079946007547 elapsed=598s
progress: nodes=13,240,000,000 tested=3,522 found=0 n=645786663305285771071803 elapsed=599s
progress: nodes=13,250,000,000 tested=3,522 found=0 n=811017411953857492252869 elapsed=599s
progress: nodes=13,260,000,000 tested=3,522 found=0 n=587120142922426441176849 elapsed=600s
progress: nodes=13,270,000,000 tested=3,522 found=0 n=978079588895977719788637 elapsed=600s
progress: nodes=13,280,000,000 tested=3,522 found=0 n=983373847610625848209833 elapsed=601s
progress: nodes=13,290,000,000 tested=3,522 found=0 n=638968678933939656409107 elapsed=601s
progress: nodes=13,300,000,000 tested=3,522 found=0 n=967886807737651530906177 elapsed=602s
progress: nodes=13,310,000,000 tested=3,522 found=0 n=979899272859385354028553 elapsed=602s
progress: nodes=13,320,000,000 tested=3,522 found=0 n=685108707116940923333517 elapsed=603s
progress: nodes=13,330,000,000 tested=3,522 found=0 n=598887782441872616079387 elapsed=603s
progress: nodes=13,340,000,000 tested=3,522 found=0 n=735557134924985906810277 elapsed=604s
progress: nodes=13,350,000,000 tested=3,522 found=0 n=638490996496347709683969 elapsed=604s
progress: nodes=13,360,000,000 tested=3,522 found=0 n=773292349932657746552361 elapsed=605s
progress: nodes=13,370,000,000 tested=3,522 found=0 n=689525976725604955395459 elapsed=605s
progress: nodes=13,380,000,000 tested=3,522 found=0 n=901533496241742930192627 elapsed=606s
progress: nodes=13,390,000,000 tested=3,522 found=0 n=937742008844679742707003 elapsed=606s
progress: nodes=13,400,000,000 tested=3,522 found=0 n=844186966081498020358377 elapsed=607s
progress: nodes=13,410,000,000 tested=3,522 found=0 n=638374818156635432241369 elapsed=607s
progress: nodes=13,420,000,000 tested=3,522 found=0 n=779602462936333440090687 elapsed=608s
progress: nodes=13,430,000,000 tested=3,522 found=0 n=865652261091458073081849 elapsed=608s
progress: nodes=13,440,000,000 tested=3,522 found=0 n=853444585820007216886851 elapsed=609s
progress: nodes=13,450,000,000 tested=3,522 found=0 n=759699767167950949188849 elapsed=609s
progress: nodes=13,460,000,000 tested=3,522 found=0 n=632765162250328511543139 elapsed=610s
progress: nodes=13,470,000,000 tested=3,522 found=0 n=990215153785865244324087 elapsed=610s
progress: nodes=13,480,000,000 tested=3,522 found=0 n=931053608642428119365517 elapsed=611s
progress: nodes=13,490,000,000 tested=3,522 found=0 n=951419859089248667607489 elapsed=611s
progress: nodes=13,500,000,000 tested=3,522 found=0 n=610238301713293817460897 elapsed=612s
progress: nodes=13,510,000,000 tested=3,522 found=0 n=765398194262753952619719 elapsed=612s
progress: nodes=13,520,000,000 tested=3,522 found=0 n=631856282972728006690497 elapsed=613s
progress: nodes=13,530,000,000 tested=3,522 found=0 n=678475245355289419120083 elapsed=613s
progress: nodes=13,540,000,000 tested=3,522 found=0 n=945525907024054396759719 elapsed=614s
progress: nodes=13,550,000,000 tested=3,522 found=0 n=619168435447724769553947 elapsed=614s
progress: nodes=13,560,000,000 tested=3,522 found=0 n=950095573000431377378859 elapsed=615s
progress: nodes=13,570,000,000 tested=3,522 found=0 n=729137952665796951854577 elapsed=615s
progress: nodes=13,580,000,000 tested=3,522 found=0 n=849586629084049364805297 elapsed=616s
progress: nodes=13,590,000,000 tested=3,522 found=0 n=944250080195135501506719 elapsed=616s
progress: nodes=13,600,000,000 tested=3,522 found=0 n=656010678181137765194709 elapsed=617s
progress: nodes=13,610,000,000 tested=3,522 found=0 n=833038422806921198156289 elapsed=617s
progress: nodes=13,620,000,000 tested=3,522 found=0 n=740173820904034771070817 elapsed=618s
progress: nodes=13,630,000,000 tested=3,522 found=0 n=781922364032697221823489 elapsed=618s
progress: nodes=13,640,000,000 tested=3,522 found=0 n=652012241650084620688383 elapsed=619s
progress: nodes=13,650,000,000 tested=3,522 found=0 n=762150736028561695606791 elapsed=619s
progress: nodes=13,660,000,000 tested=3,522 found=0 n=776922886897541203128309 elapsed=620s
progress: nodes=13,670,000,000 tested=3,522 found=0 n=781035776516076477699303 elapsed=620s
progress: nodes=13,680,000,000 tested=3,522 found=0 n=861298572353509812723201 elapsed=621s
progress: nodes=13,690,000,000 tested=3,522 found=0 n=730676583319472218880451 elapsed=621s
progress: nodes=13,700,000,000 tested=3,522 found=0 n=799302532467778053223509 elapsed=622s
progress: nodes=13,710,000,000 tested=3,522 found=0 n=831784155348669846676353 elapsed=622s
progress: nodes=13,720,000,000 tested=3,522 found=0 n=948455633811879095205303 elapsed=623s
progress: nodes=13,730,000,000 tested=3,522 found=0 n=804688466517110223285237 elapsed=623s
progress: nodes=13,740,000,000 tested=3,522 found=0 n=869323921916019366856059 elapsed=624s
progress: nodes=13,750,000,000 tested=3,522 found=0 n=918129654358959856800987 elapsed=624s
progress: nodes=13,760,000,000 tested=3,522 found=0 n=725720465675908032567237 elapsed=625s
progress: nodes=13,770,000,000 tested=3,522 found=0 n=760444347559607757617571 elapsed=625s
progress: nodes=13,780,000,000 tested=3,522 found=0 n=808072497196788307573089 elapsed=626s
progress: nodes=13,790,000,000 tested=3,522 found=0 n=733003743738060581129343 elapsed=626s
progress: nodes=13,800,000,000 tested=3,522 found=0 n=998498910205757154667473 elapsed=627s
progress: nodes=13,810,000,000 tested=3,522 found=0 n=953014841463942177930009 elapsed=627s
progress: nodes=13,820,000,000 tested=3,522 found=0 n=776835386610552399617487 elapsed=628s
progress: nodes=13,830,000,000 tested=3,522 found=0 n=743983695320677099216929 elapsed=628s
progress: nodes=13,840,000,000 tested=3,522 found=0 n=815855279586509367728523 elapsed=629s
progress: nodes=13,850,000,000 tested=3,522 found=0 n=782235740107754035390287 elapsed=629s
progress: nodes=13,860,000,000 tested=3,522 found=0 n=840465269466115557441177 elapsed=630s
progress: nodes=13,870,000,000 tested=3,522 found=0 n=935954809938118009802763 elapsed=630s
progress: nodes=13,880,000,000 tested=3,522 found=0 n=961107965157518483221917 elapsed=631s
progress: nodes=13,890,000,000 tested=3,522 found=0 n=805055929664339045259567 elapsed=631s
progress: nodes=13,900,000,000 tested=3,522 found=0 n=926067937585745051057961 elapsed=632s
progress: nodes=13,910,000,000 tested=3,522 found=0 n=912927148522885166720049 elapsed=632s
progress: nodes=13,920,000,000 tested=3,522 found=0 n=842129382254987310454971 elapsed=633s
progress: nodes=13,930,000,000 tested=3,522 found=0 n=892748842648097652500283 elapsed=633s
progress: nodes=13,940,000,000 tested=3,522 found=0 n=970489293388461248941539 elapsed=634s
progress: nodes=13,950,000,000 tested=3,522 found=0 n=898776162911036981567997 elapsed=634s
progress: nodes=13,960,000,000 tested=3,522 found=0 n=935700036257450911910463 elapsed=635s
progress: nodes=13,970,000,000 tested=3,522 found=0 n=988418061547228299388401 elapsed=635s
progress: nodes=13,980,000,000 tested=3,522 found=0 n=983130845729551308953163 elapsed=636s
progress: nodes=13,990,000,000 tested=3,522 found=0 n=934102816239252436663887 elapsed=636s
progress: nodes=14,000,000,000 tested=3,522 found=0 n=980654913380779487659809 elapsed=637s
progress: nodes=14,010,000,000 tested=3,523 found=0 n=219576945110117599051047 elapsed=637s
progress: nodes=14,020,000,000 tested=3,523 found=0 n=401055080324614655570631 elapsed=638s
progress: nodes=14,030,000,000 tested=3,523 found=0 n=656485483072869660657447 elapsed=638s
progress: nodes=14,040,000,000 tested=3,523 found=0 n=993899458629525966354837 elapsed=639s
progress: nodes=14,050,000,000 tested=3,523 found=0 n=496870615741728333492387 elapsed=639s
progress: nodes=14,060,000,000 tested=3,523 found=0 n=974092263485542196886891 elapsed=639s
progress: nodes=14,070,000,000 tested=3,523 found=0 n=609441821692555648679883 elapsed=640s
progress: nodes=14,080,000,000 tested=3,523 found=0 n=326675295953225858818179 elapsed=640s
progress: nodes=14,090,000,000 tested=3,523 found=0 n=122340924589977159309243 elapsed=641s
progress: nodes=14,100,000,000 tested=3,523 found=0 n=854054168850423758886669 elapsed=641s
progress: nodes=14,110,000,000 tested=3,523 found=0 n=775060946304730027215273 elapsed=642s
progress: nodes=14,120,000,000 tested=3,523 found=0 n=771765505173795422260971 elapsed=642s
progress: nodes=14,130,000,000 tested=3,523 found=0 n=841013066986993994764671 elapsed=643s
progress: nodes=14,140,000,000 tested=3,523 found=0 n=987295242369228430208571 elapsed=643s
progress: nodes=14,150,000,000 tested=3,523 found=0 n=304847752332092932183221 elapsed=643s
progress: nodes=14,160,000,000 tested=3,523 found=0 n=573777628596784931346027 elapsed=644s
progress: nodes=14,170,000,000 tested=3,523 found=0 n=921757535220578784630903 elapsed=644s
progress: nodes=14,180,000,000 tested=3,523 found=0 n=440552576361149045500707 elapsed=645s
progress: nodes=14,190,000,000 tested=3,523 found=0 n=931457666415792155276637 elapsed=645s
progress: nodes=14,200,000,000 tested=3,523 found=0 n=600546972083814378279657 elapsed=646s
progress: nodes=14,210,000,000 tested=3,523 found=0 n=357658496910903739908357 elapsed=646s
progress: nodes=14,220,000,000 tested=3,523 found=0 n=191024058206939815144287 elapsed=647s
progress: nodes=14,230,000,000 tested=3,523 found=0 n=971413682588275722736941 elapsed=647s
progress: nodes=14,240,000,000 tested=3,523 found=0 n=938513449323730155548673 elapsed=647s
progress: nodes=14,250,000,000 tested=3,523 found=0 n=986363098887807133774281 elapsed=648s
progress: nodes=14,260,000,000 tested=3,523 found=0 n=210516542824046624866701 elapsed=648s
progress: nodes=14,270,000,000 tested=3,523 found=0 n=384574395967126880425911 elapsed=649s
progress: nodes=14,280,000,000 tested=3,523 found=0 n=633210786976373157873321 elapsed=649s
progress: nodes=14,290,000,000 tested=3,523 found=0 n=959539905833309499491793 elapsed=650s
progress: nodes=14,300,000,000 tested=3,523 found=0 n=454892273899812835125039 elapsed=650s
progress: nodes=14,310,000,000 tested=3,523 found=0 n=913805787226578329053971 elapsed=650s
progress: nodes=14,320,000,000 tested=3,523 found=0 n=548414632271038411447569 elapsed=651s
progress: nodes=14,330,000,000 tested=3,523 found=0 n=271744447264680882933441 elapsed=651s
progress: nodes=14,340,000,000 tested=3,523 found=0 n=948415828064177532712653 elapsed=652s
progress: nodes=14,350,000,000 tested=3,523 found=0 n=809015832570401710623369 elapsed=652s
progress: nodes=14,360,000,000 tested=3,523 found=0 n=741342880375331943379671 elapsed=653s
progress: nodes=14,370,000,000 tested=3,523 found=0 n=750091796234272443514563 elapsed=653s
progress: nodes=14,380,000,000 tested=3,523 found=0 n=838347146607838629843081 elapsed=654s
progress: nodes=14,390,000,000 tested=3,523 found=0 n=137741749370129081650473 elapsed=654s
progress: nodes=14,400,000,000 tested=3,523 found=0 n=376907637070198161454527 elapsed=654s
progress: nodes=14,410,000,000 tested=3,523 found=0 n=710444756612038578161031 elapsed=655s
progress: nodes=14,420,000,000 tested=3,523 found=0 n=254337135339102021174969 elapsed=655s
progress: nodes=14,430,000,000 tested=3,523 found=0 n=737104170199372362053667 elapsed=656s
progress: nodes=14,440,000,000 tested=3,523 found=0 n=421482287644508480449059 elapsed=656s
progress: nodes=14,450,000,000 tested=3,523 found=0 n=193196619054803916050499 elapsed=657s
progress: nodes=14,460,000,000 tested=3,523 found=0 n=907952443206442999872507 elapsed=657s
progress: nodes=14,470,000,000 tested=3,523 found=0 n=822287270217124700449461 elapsed=657s
progress: nodes=14,480,000,000 tested=3,523 found=0 n=809038619409654095250789 elapsed=658s
progress: nodes=14,490,000,000 tested=3,523 found=0 n=872478980415170899309539 elapsed=658s
progress: nodes=14,500,000,000 tested=3,523 found=0 n=140117207263858861127091 elapsed=659s
progress: nodes=14,510,000,000 tested=3,523 found=0 n=329817392965563722380161 elapsed=659s
progress: nodes=14,520,000,000 tested=3,523 found=0 n=612729436670560751723181 elapsed=660s
progress: nodes=14,530,000,000 tested=3,523 found=0 n=992621989109523729827871 elapsed=660s
progress: nodes=14,540,000,000 tested=3,523 found=0 n=571846624207776777360501 elapsed=661s
progress: nodes=14,550,000,000 tested=3,523 found=0 n=248593539692456181422199 elapsed=661s
progress: nodes=14,560,000,000 tested=3,523 found=0 n=872635998215428340034141 elapsed=661s
progress: nodes=14,570,000,000 tested=3,523 found=0 n=707038142414362770454443 elapsed=662s
progress: nodes=14,580,000,000 tested=3,523 found=0 n=619907503696128340081389 elapsed=662s
progress: nodes=14,590,000,000 tested=3,523 found=0 n=606166890514117938718713 elapsed=663s
progress: nodes=14,600,000,000 tested=3,523 found=0 n=665630236187167047597801 elapsed=663s
progress: nodes=14,610,000,000 tested=3,523 found=0 n=811298090089285696146249 elapsed=664s
progress: nodes=14,620,000,000 tested=3,523 found=0 n=171548256782279774958561 elapsed=664s
progress: nodes=14,630,000,000 tested=3,523 found=0 n=471794457873094346309319 elapsed=664s
progress: nodes=14,640,000,000 tested=3,523 found=0 n=878163080804187769519929 elapsed=665s
progress: nodes=14,650,000,000 tested=3,523 found=0 n=489598253015269293654759 elapsed=665s
progress: nodes=14,660,000,000 tested=3,523 found=0 n=199970875351071708186303 elapsed=666s
progress: nodes=14,670,000,000 tested=3,523 found=0 n=838463172534125745529923 elapsed=666s
progress: nodes=14,680,000,000 tested=3,523 found=0 n=696983180172235346220831 elapsed=667s
progress: nodes=14,690,000,000 tested=3,523 found=0 n=639382262377704889060017 elapsed=667s
progress: nodes=14,700,000,000 tested=3,523 found=0 n=663440225689472841971361 elapsed=668s
progress: nodes=14,710,000,000 tested=3,523 found=0 n=784047745148592330545139 elapsed=668s
progress: nodes=14,720,000,000 tested=3,523 found=0 n=988043819088893023966509 elapsed=668s
progress: nodes=14,730,000,000 tested=3,523 found=0 n=401198465902138999327233 elapsed=669s
progress: nodes=14,740,000,000 tested=3,523 found=0 n=777772447815082908024837 elapsed=669s
progress: nodes=14,750,000,000 tested=3,523 found=0 n=372044506035785865669387 elapsed=670s
progress: nodes=14,760,000,000 tested=3,523 found=0 n=931085094431470012171137 elapsed=670s
progress: nodes=14,770,000,000 tested=3,523 found=0 n=703501448857179518334789 elapsed=671s
progress: nodes=14,780,000,000 tested=3,523 found=0 n=570914766986950820044611 elapsed=671s
progress: nodes=14,790,000,000 tested=3,523 found=0 n=519264341252348002458147 elapsed=671s
progress: nodes=14,800,000,000 tested=3,523 found=0 n=548316005667127576651773 elapsed=672s
progress: nodes=14,810,000,000 tested=3,523 found=0 n=653890546062114702352011 elapsed=672s
progress: nodes=14,820,000,000 tested=3,523 found=0 n=855126708240432371670927 elapsed=673s
progress: nodes=14,830,000,000 tested=3,523 found=0 n=290680370874527295144483 elapsed=673s
progress: nodes=14,840,000,000 tested=3,523 found=0 n=672213318952114439561061 elapsed=674s
progress: nodes=14,850,000,000 tested=3,523 found=0 n=281186790215819097442833 elapsed=674s
progress: nodes=14,860,000,000 tested=3,523 found=0 n=824623076736552623879349 elapsed=675s
progress: nodes=14,870,000,000 tested=3,523 found=0 n=596676176843723369836443 elapsed=675s
progress: nodes=14,880,000,000 tested=3,523 found=0 n=457933194401781740899257 elapsed=675s
progress: nodes=14,890,000,000 tested=3,523 found=0 n=399313722860346665197827 elapsed=676s
progress: nodes=14,900,000,000 tested=3,523 found=0 n=425788809861048306049377 elapsed=676s
progress: nodes=14,910,000,000 tested=3,523 found=0 n=536795202517801512125841 elapsed=677s
progress: nodes=14,920,000,000 tested=3,523 found=0 n=738079151492007211769883 elapsed=677s
progress: nodes=14,930,000,000 tested=3,523 found=0 n=186534365576272069509153 elapsed=678s
progress: nodes=14,940,000,000 tested=3,523 found=0 n=555462142175401859567169 elapsed=678s
progress: nodes=14,950,000,000 tested=3,523 found=0 n=179585231935836181085631 elapsed=679s
progress: nodes=14,960,000,000 tested=3,523 found=0 n=718104644047184793119721 elapsed=679s
progress: nodes=14,970,000,000 tested=3,523 found=0 n=487849546072889551409859 elapsed=679s
progress: nodes=14,980,000,000 tested=3,523 found=0 n=352513211985570328531839 elapsed=680s
progress: nodes=14,990,000,000 tested=3,523 found=0 n=316584548595716209751943 elapsed=680s
progress: nodes=15,000,000,000 tested=3,523 found=0 n=367207342430370154253541 elapsed=681s
progress: nodes=15,010,000,000 tested=3,523 found=0 n=503758286076241439302059 elapsed=681s
progress: nodes=15,020,000,000 tested=3,523 found=0 n=735185563819736397631263 elapsed=682s
progress: nodes=15,030,000,000 tested=3,523 found=0 n=212358138042173647142619 elapsed=682s
progress: nodes=15,040,000,000 tested=3,523 found=0 n=615127204252964344882941 elapsed=682s
progress: nodes=15,050,000,000 tested=3,523 found=0 n=270274506194440484449713 elapsed=683s
progress: nodes=15,060,000,000 tested=3,523 found=0 n=856186420608104100285771 elapsed=683s
progress: nodes=15,070,000,000 tested=3,523 found=0 n=682698103655921955625023 elapsed=684s
progress: nodes=15,080,000,000 tested=3,523 found=0 n=606214208879922219596019 elapsed=684s
progress: nodes=15,090,000,000 tested=3,523 found=0 n=628975541864304737191089 elapsed=685s
progress: nodes=15,100,000,000 tested=3,523 found=0 n=770180979235351689232227 elapsed=685s
progress: nodes=15,110,000,000 tested=3,523 found=0 n=177964695745288914170709 elapsed=686s
progress: nodes=15,120,000,000 tested=3,523 found=0 n=494788332456899963939457 elapsed=686s
progress: nodes=15,130,000,000 tested=3,523 found=0 n=920706089867255950066809 elapsed=686s
progress: nodes=15,140,000,000 tested=3,523 found=0 n=575059532872362983862417 elapsed=687s
progress: nodes=15,150,000,000 tested=3,523 found=0 n=330161877146042156083869 elapsed=687s
progress: nodes=15,160,000,000 tested=3,523 found=0 n=182122781738253605115867 elapsed=688s
progress: nodes=15,170,000,000 tested=3,523 found=0 n=957154783543330575262059 elapsed=688s
progress: nodes=15,180,000,000 tested=3,523 found=0 n=990041615481920715807093 elapsed=689s
progress: nodes=15,190,000,000 tested=3,523 found=0 n=268337988679658479751169 elapsed=689s
progress: nodes=15,200,000,000 tested=3,523 found=0 n=488308676167715412786777 elapsed=690s
progress: nodes=15,210,000,000 tested=3,523 found=0 n=810664479255233415809997 elapsed=690s
progress: nodes=15,220,000,000 tested=3,523 found=0 n=382101126592510980313659 elapsed=691s
progress: nodes=15,230,000,000 tested=3,523 found=0 n=886748569809782304427803 elapsed=691s
progress: nodes=15,240,000,000 tested=3,523 found=0 n=631153063549318526653437 elapsed=691s
progress: nodes=15,250,000,000 tested=3,523 found=0 n=476617289246768335799133 elapsed=692s
progress: nodes=15,260,000,000 tested=3,523 found=0 n=428554158423367794378561 elapsed=692s
progress: nodes=15,270,000,000 tested=3,523 found=0 n=474182750721635091473337 elapsed=693s
progress: nodes=15,280,000,000 tested=3,523 found=0 n=624449142380580515985987 elapsed=693s
progress: nodes=15,290,000,000 tested=3,523 found=0 n=871596327941082742051053 elapsed=694s
progress: nodes=15,300,000,000 tested=3,523 found=0 n=367568074952544364679781 elapsed=694s
progress: nodes=15,310,000,000 tested=3,523 found=0 n=803281338391760692430967 elapsed=695s
progress: nodes=15,320,000,000 tested=3,523 found=0 n=495539981404075811113911 elapsed=695s
progress: nodes=15,330,000,000 tested=3,523 found=0 n=304332789650451182121501 elapsed=695s
progress: nodes=15,340,000,000 tested=3,523 found=0 n=225002753534244023110773 elapsed=696s
progress: nodes=15,350,000,000 tested=3,523 found=0 n=243686385396943310760939 elapsed=696s
progress: nodes=15,360,000,000 tested=3,523 found=0 n=357218408206154858746383 elapsed=697s
progress: nodes=15,370,000,000 tested=3,523 found=0 n=560356541488147330417491 elapsed=697s
progress: nodes=15,380,000,000 tested=3,523 found=0 n=876833454387947162054949 elapsed=698s
progress: nodes=15,390,000,000 tested=3,523 found=0 n=450575808523346926060641 elapsed=698s
progress: nodes=15,400,000,000 tested=3,523 found=0 n=969542427247820979115563 elapsed=699s
progress: nodes=15,410,000,000 tested=3,523 found=0 n=751962946197055784912721 elapsed=699s
progress: nodes=15,420,000,000 tested=3,523 found=0 n=643689676963404516608163 elapsed=700s
progress: nodes=15,430,000,000 tested=3,523 found=0 n=632289502239825635706501 elapsed=700s
progress: nodes=15,440,000,000 tested=3,523 found=0 n=729933006764854659075309 elapsed=700s
progress: nodes=15,450,000,000 tested=3,523 found=0 n=933982981251400628350803 elapsed=701s
progress: nodes=15,460,000,000 tested=3,523 found=0 n=412210586797288435379223 elapsed=701s
progress: nodes=15,470,000,000 tested=3,523 found=0 n=823463767129804791271281 elapsed=702s
progress: nodes=15,480,000,000 tested=3,523 found=0 n=506548278884242752638481 elapsed=702s
progress: nodes=15,490,000,000 tested=3,523 found=0 n=303835225334303385834111 elapsed=703s
progress: nodes=15,500,000,000 tested=3,523 found=0 n=217486486857927553034769 elapsed=703s
progress: nodes=15,510,000,000 tested=3,523 found=0 n=223986073655093248275777 elapsed=704s
progress: nodes=15,520,000,000 tested=3,523 found=0 n=323188044952161779136747 elapsed=704s
progress: nodes=15,530,000,000 tested=3,523 found=0 n=520005434782327257384621 elapsed=705s
progress: nodes=15,540,000,000 tested=3,523 found=0 n=829968823536041194638633 elapsed=705s
progress: nodes=15,550,000,000 tested=3,523 found=0 n=414223808413525055918973 elapsed=706s
progress: nodes=15,560,000,000 tested=3,523 found=0 n=934842896557006274828991 elapsed=706s
progress: nodes=15,570,000,000 tested=3,523 found=0 n=731990056402012496865777 elapsed=706s
progress: nodes=15,580,000,000 tested=3,523 found=0 n=635182182566522074326843 elapsed=707s
progress: nodes=15,590,000,000 tested=3,523 found=0 n=640917931276861480899657 elapsed=707s
progress: nodes=15,600,000,000 tested=3,523 found=0 n=762385566184112685892077 elapsed=708s
progress: nodes=15,610,000,000 tested=3,523 found=0 n=185660592602972611915791 elapsed=708s
progress: nodes=15,620,000,000 tested=3,523 found=0 n=515933916474050241184017 elapsed=709s
progress: nodes=15,630,000,000 tested=3,523 found=0 n=968735091575396076210279 elapsed=709s
progress: nodes=15,640,000,000 tested=3,523 found=0 n=696420367127699207570577 elapsed=710s
progress: nodes=15,650,000,000 tested=3,523 found=0 n=542007874904037221212533 elapsed=710s
progress: nodes=15,660,000,000 tested=3,523 found=0 n=502037359082929483542729 elapsed=711s
progress: nodes=15,670,000,000 tested=3,523 found=0 n=578256345866230756511787 elapsed=711s
progress: nodes=15,680,000,000 tested=3,523 found=0 n=771960194558819914546899 elapsed=712s
progress: nodes=15,690,000,000 tested=3,523 found=0 n=262530897849116106056847 elapsed=712s
progress: nodes=15,700,000,000 tested=3,523 found=0 n=680293375604257209353559 elapsed=712s
progress: nodes=15,710,000,000 tested=3,523 found=0 n=410690617857802874835243 elapsed=713s
progress: nodes=15,720,000,000 tested=3,523 found=0 n=258710377108659303038211 elapsed=713s
progress: nodes=15,730,000,000 tested=3,523 found=0 n=221193121630867959455883 elapsed=714s
progress: nodes=15,740,000,000 tested=3,523 found=0 n=295230749022585922703157 elapsed=714s
progress: nodes=15,750,000,000 tested=3,523 found=0 n=489430918682014036911183 elapsed=715s
progress: nodes=15,760,000,000 tested=3,523 found=0 n=799356695329104563734083 elapsed=715s
progress: nodes=15,770,000,000 tested=3,523 found=0 n=402473667078977952619161 elapsed=716s
progress: nodes=15,780,000,000 tested=3,523 found=0 n=946055361966167637857673 elapsed=716s
progress: nodes=15,790,000,000 tested=3,523 found=0 n=783876023357087712438387 elapsed=717s
progress: nodes=15,800,000,000 tested=3,523 found=0 n=751588397402399696117979 elapsed=717s
progress: nodes=15,810,000,000 tested=3,523 found=0 n=846153994681642313850183 elapsed=718s
progress: nodes=15,820,000,000 tested=3,523 found=0 n=255446227651428719754849 elapsed=718s
progress: nodes=15,830,000,000 tested=3,523 found=0 n=569989302848391689402139 elapsed=718s
progress: nodes=15,840,000,000 tested=3,523 found=0 n=213915005792815462298163 elapsed=719s
progress: nodes=15,850,000,000 tested=3,523 found=0 n=759966558856236012778497 elapsed=719s
progress: nodes=15,860,000,000 tested=3,523 found=0 n=642468356819916325417719 elapsed=720s
progress: nodes=15,870,000,000 tested=3,523 found=0 n=644638966718732567989407 elapsed=720s
progress: nodes=15,880,000,000 tested=3,523 found=0 n=775829578176350156962503 elapsed=721s
progress: nodes=15,890,000,000 tested=3,523 found=0 n=226750652298366865087419 elapsed=721s
progress: nodes=15,900,000,000 tested=3,523 found=0 n=579626356004115953281749 elapsed=722s
progress: nodes=15,910,000,000 tested=3,523 found=0 n=269023672323579592812393 elapsed=722s
progress: nodes=15,920,000,000 tested=3,523 found=0 n=872491715327532513546333 elapsed=723s
progress: nodes=15,930,000,000 tested=3,523 found=0 n=796597635172290103611459 elapsed=723s
progress: nodes=15,940,000,000 tested=3,523 found=0 n=849526630988990187862629 elapsed=724s
progress: nodes=15,950,000,000 tested=3,523 found=0 n=236973654937652224122531 elapsed=724s
progress: nodes=15,960,000,000 tested=3,523 found=0 n=529691556200401259846181 elapsed=725s
progress: nodes=15,970,000,000 tested=3,523 found=0 n=965462203090114722383391 elapsed=725s
progress: nodes=15,980,000,000 tested=3,523 found=0 n=727006999506568362038457 elapsed=725s
progress: nodes=15,990,000,000 tested=3,523 found=0 n=623710073805249939719211 elapsed=726s
progress: nodes=16,000,000,000 tested=3,523 found=0 n=641852975634168567880611 elapsed=726s
progress: nodes=16,010,000,000 tested=3,523 found=0 n=795986675582975907219189 elapsed=727s
progress: nodes=16,020,000,000 tested=3,523 found=0 n=282168457077752095841991 elapsed=727s
progress: nodes=16,030,000,000 tested=3,523 found=0 n=668656472138414038111833 elapsed=728s
progress: nodes=16,040,000,000 tested=3,523 found=0 n=388158862757664338751411 elapsed=728s
progress: nodes=16,050,000,000 tested=3,523 found=0 n=264372764888832595804809 elapsed=729s
progress: nodes=16,060,000,000 tested=3,523 found=0 n=259282349003315949742431 elapsed=729s
progress: nodes=16,070,000,000 tested=3,523 found=0 n=385138111178815389021627 elapsed=730s
progress: nodes=16,080,000,000 tested=3,523 found=0 n=648741920829438913658181 elapsed=730s
progress: nodes=16,090,000,000 tested=3,523 found=0 n=262720992848077741000023 elapsed=731s
progress: nodes=16,100,000,000 tested=3,523 found=0 n=782210613625700748570081 elapsed=731s
progress: nodes=16,110,000,000 tested=3,523 found=0 n=665772813113354012833767 elapsed=732s
progress: nodes=16,120,000,000 tested=3,523 found=0 n=681839832417552627599781 elapsed=732s
progress: nodes=16,130,000,000 tested=3,523 found=0 n=835475515963517747797479 elapsed=732s
progress: nodes=16,140,000,000 tested=3,523 found=0 n=323855203619583835222023 elapsed=733s
progress: nodes=16,150,000,000 tested=3,523 found=0 n=720795179198974170792501 elapsed=733s
progress: nodes=16,160,000,000 tested=3,523 found=0 n=477288182029536888137127 elapsed=734s
progress: nodes=16,170,000,000 tested=3,523 found=0 n=359779147894969911189081 elapsed=734s
progress: nodes=16,180,000,000 tested=3,523 found=0 n=372666958108850537485353 elapsed=735s
progress: nodes=16,190,000,000 tested=3,523 found=0 n=522303620045782124408859 elapsed=735s
progress: nodes=16,200,000,000 tested=3,523 found=0 n=816459470080920273126519 elapsed=736s
progress: nodes=16,210,000,000 tested=3,523 found=0 n=456165284404457903468193 elapsed=736s
progress: nodes=16,220,000,000 tested=3,523 found=0 n=243261464043657228302133 elapsed=737s
progress: nodes=16,230,000,000 tested=3,523 found=0 n=940644922648256188213851 elapsed=737s
progress: nodes=16,240,000,000 tested=3,523 found=0 n=233289295719221945582379 elapsed=738s
progress: nodes=16,250,000,000 tested=3,523 found=0 n=435154224418318531355229 elapsed=738s
progress: nodes=16,260,000,000 tested=3,523 found=0 n=783099615630508135426467 elapsed=739s
progress: nodes=16,270,000,000 tested=3,523 found=0 n=489944690299791078695343 elapsed=739s
progress: nodes=16,280,000,000 tested=3,523 found=0 n=347656290022541046487941 elapsed=740s
progress: nodes=16,290,000,000 tested=3,523 found=0 n=343051315534067339940741 elapsed=740s
progress: nodes=16,300,000,000 tested=3,523 found=0 n=480919506118696145650149 elapsed=741s
progress: nodes=16,310,000,000 tested=3,523 found=0 n=759260949163083758874483 elapsed=741s
progress: nodes=16,320,000,000 tested=3,523 found=0 n=401629287153303587340963 elapsed=741s
progress: nodes=16,330,000,000 tested=3,523 found=0 n=944988645979738557003807 elapsed=742s
progress: nodes=16,340,000,000 tested=3,523 found=0 n=848250838706804771841603 elapsed=742s
progress: nodes=16,350,000,000 tested=3,523 found=0 n=910001383086295565744679 elapsed=743s
progress: nodes=16,360,000,000 tested=3,523 found=0 n=358249425474026619856323 elapsed=743s
progress: nodes=16,370,000,000 tested=3,523 found=0 n=740265958698795118172583 elapsed=744s
progress: nodes=16,380,000,000 tested=3,523 found=0 n=499620855826311395999823 elapsed=744s
progress: nodes=16,390,000,000 tested=3,523 found=0 n=400135284630985259663307 elapsed=745s
progress: nodes=16,400,000,000 tested=3,523 found=0 n=448949144301576758496657 elapsed=745s
progress: nodes=16,410,000,000 tested=3,523 found=0 n=636953632638466387597353 elapsed=746s
progress: nodes=16,420,000,000 tested=3,523 found=0 n=988318863017121858693471 elapsed=746s
progress: nodes=16,430,000,000 tested=3,523 found=0 n=714317476831337480138037 elapsed=747s
progress: nodes=16,440,000,000 tested=3,523 found=0 n=602964071228850392808747 elapsed=747s
progress: nodes=16,450,000,000 tested=3,523 found=0 n=646023391941771404523963 elapsed=748s
progress: nodes=16,460,000,000 tested=3,523 found=0 n=848664772314345705699981 elapsed=748s
progress: nodes=16,470,000,000 tested=3,523 found=0 n=438955143701719813030863 elapsed=749s
progress: nodes=16,480,000,000 tested=3,523 found=0 n=940406702417261100762741 elapsed=749s
progress: nodes=16,490,000,000 tested=3,523 found=0 n=829949733700110932992083 elapsed=750s
progress: nodes=16,500,000,000 tested=3,523 found=0 n=876466999571419147038147 elapsed=750s
progress: nodes=16,510,000,000 tested=3,523 found=0 n=321142150755047002814433 elapsed=750s
progress: nodes=16,520,000,000 tested=3,523 found=0 n=677416691118917094047703 elapsed=751s
progress: nodes=16,530,000,000 tested=3,523 found=0 n=440697304368188568399699 elapsed=751s
progress: nodes=16,540,000,000 tested=3,523 found=0 n=366801643654303880018997 elapsed=752s
progress: nodes=16,550,000,000 tested=3,523 found=0 n=441352908337086659230317 elapsed=752s
progress: nodes=16,560,000,000 tested=3,523 found=0 n=683425919975892673170591 elapsed=753s
progress: nodes=16,570,000,000 tested=3,523 found=0 n=342799324771977918687843 elapsed=753s
progress: nodes=16,580,000,000 tested=3,523 found=0 n=902913511780840971077667 elapsed=754s
progress: nodes=16,590,000,000 tested=3,523 found=0 n=869462090074959791747337 elapsed=754s
progress: nodes=16,600,000,000 tested=3,523 found=0 n=261854109963602054359461 elapsed=755s
progress: nodes=16,610,000,000 tested=3,523 found=0 n=547538883602427551807973 elapsed=755s
progress: nodes=16,620,000,000 tested=3,523 found=0 n=256747989969243950175999 elapsed=756s
progress: nodes=16,630,000,000 tested=3,523 found=0 n=855425731314117118962807 elapsed=756s
progress: nodes=16,640,000,000 tested=3,523 found=0 n=891332896036057707821589 elapsed=757s
progress: nodes=16,650,000,000 tested=3,523 found=0 n=352414686477483507810933 elapsed=757s
progress: nodes=16,660,000,000 tested=3,523 found=0 n=716535383921251044981831 elapsed=758s
progress: nodes=16,670,000,000 tested=3,523 found=0 n=513023961864302454889323 elapsed=758s
progress: nodes=16,680,000,000 tested=3,523 found=0 n=489829629708291635922159 elapsed=759s
progress: nodes=16,690,000,000 tested=3,523 found=0 n=627168699900667619671977 elapsed=759s
progress: nodes=16,700,000,000 tested=3,523 found=0 n=948284376684172020169677 elapsed=760s
progress: nodes=16,710,000,000 tested=3,523 found=0 n=706197695969261602002897 elapsed=760s
progress: nodes=16,720,000,000 tested=3,523 found=0 n=649139719916034829929447 elapsed=761s
progress: nodes=16,730,000,000 tested=3,523 found=0 n=774600183897310552064283 elapsed=761s
progress: nodes=16,740,000,000 tested=3,523 found=0 n=344545497596457935366589 elapsed=762s
progress: nodes=16,750,000,000 tested=3,523 found=0 n=828895410004542991551441 elapsed=762s
progress: nodes=16,760,000,000 tested=3,523 found=0 n=749545895887862907824991 elapsed=763s
progress: nodes=16,770,000,000 tested=3,523 found=0 n=853274919338792519101533 elapsed=763s
progress: nodes=16,780,000,000 tested=3,523 found=0 n=401315972779389771902799 elapsed=764s
progress: nodes=16,790,000,000 tested=3,523 found=0 n=851582297125742374775583 elapsed=764s
progress: nodes=16,800,000,000 tested=3,523 found=0 n=740110642192429808521221 elapsed=765s
progress: nodes=16,810,000,000 tested=3,523 found=0 n=813967024027272154556517 elapsed=765s
progress: nodes=16,820,000,000 tested=3,523 found=0 n=362729430113388846484977 elapsed=766s
progress: nodes=16,830,000,000 tested=3,523 found=0 n=828218674919098861064667 elapsed=766s
progress: nodes=16,840,000,000 tested=3,523 found=0 n=754082212091273112094047 elapsed=767s
progress: nodes=16,850,000,000 tested=3,523 found=0 n=873435708107959279125843 elapsed=767s
progress: nodes=16,860,000,000 tested=3,523 found=0 n=457682941006976045958597 elapsed=768s
progress: nodes=16,870,000,000 tested=3,523 found=0 n=942445069509956511698199 elapsed=768s
progress: nodes=16,880,000,000 tested=3,523 found=0 n=875968186313427565176819 elapsed=769s
progress: nodes=16,890,000,000 tested=3,523 found=0 n=289273419684625803998571 elapsed=769s
progress: nodes=16,900,000,000 tested=3,523 found=0 n=590992728897014233332543 elapsed=770s
progress: nodes=16,910,000,000 tested=3,523 found=0 n=473245752312783525324249 elapsed=770s
progress: nodes=16,920,000,000 tested=3,523 found=0 n=649597363467362088958179 elapsed=771s
progress: nodes=16,930,000,000 tested=3,523 found=0 n=437055966644853852409113 elapsed=771s
progress: nodes=16,940,000,000 tested=3,523 found=0 n=513749618080047073487763 elapsed=772s
progress: nodes=16,950,000,000 tested=3,523 found=0 n=913918641207226300885239 elapsed=772s
progress: nodes=16,960,000,000 tested=3,523 found=0 n=901561157152482827791791 elapsed=773s
progress: nodes=16,970,000,000 tested=3,523 found=0 n=511616743362488009923677 elapsed=773s
progress: nodes=16,980,000,000 tested=3,523 found=0 n=446764333641825923060337 elapsed=774s
progress: nodes=16,990,000,000 tested=3,523 found=0 n=695402529416912107529739 elapsed=774s
progress: nodes=17,000,000,000 tested=3,523 found=0 n=560557446026252316074433 elapsed=775s
progress: nodes=17,010,000,000 tested=3,523 found=0 n=725470407014940403593777 elapsed=775s
progress: nodes=17,020,000,000 tested=3,523 found=0 n=523443782717260158767013 elapsed=776s
progress: nodes=17,030,000,000 tested=3,523 found=0 n=633113143717812452744049 elapsed=776s
progress: nodes=17,040,000,000 tested=3,523 found=0 n=367886082893240225975661 elapsed=777s
progress: nodes=17,050,000,000 tested=3,523 found=0 n=402490313182183261434399 elapsed=777s
progress: nodes=17,060,000,000 tested=3,523 found=0 n=762578621483496899452371 elapsed=778s
progress: nodes=17,070,000,000 tested=3,523 found=0 n=780176989816123082440257 elapsed=778s
progress: nodes=17,080,000,000 tested=3,523 found=0 n=453945551226578627082867 elapsed=779s
progress: nodes=17,090,000,000 tested=3,523 found=0 n=449470616909662606937679 elapsed=779s
progress: nodes=17,100,000,000 tested=3,523 found=0 n=765066965228488966114071 elapsed=780s
progress: nodes=17,110,000,000 tested=3,523 found=0 n=724045852000559236531383 elapsed=780s
progress: nodes=17,120,000,000 tested=3,523 found=0 n=366234538363990270771797 elapsed=781s
progress: nodes=17,130,000,000 tested=3,523 found=0 n=329460234961753250015661 elapsed=781s
progress: nodes=17,140,000,000 tested=3,523 found=0 n=636333582072008513439747 elapsed=782s
progress: nodes=17,150,000,000 tested=3,523 found=0 n=633078556337667799476117 elapsed=782s
progress: nodes=17,160,000,000 tested=3,523 found=0 n=948523027817773372583619 elapsed=783s
progress: nodes=17,170,000,000 tested=3,523 found=0 n=913063916658563116273827 elapsed=783s
progress: nodes=17,180,000,000 tested=3,523 found=0 n=557664162562151245461861 elapsed=784s
progress: nodes=17,190,000,000 tested=3,523 found=0 n=566321988570833826944613 elapsed=784s
progress: nodes=17,200,000,000 tested=3,523 found=0 n=917336506825335230907273 elapsed=785s
progress: nodes=17,210,000,000 tested=3,523 found=0 n=957768543498361417803981 elapsed=785s
progress: nodes=17,220,000,000 tested=3,523 found=0 n=671570442244539860012991 elapsed=786s
progress: nodes=17,230,000,000 tested=3,523 found=0 n=741519190752637917763143 elapsed=786s
progress: nodes=17,240,000,000 tested=3,523 found=0 n=521043499855745176567257 elapsed=787s
progress: nodes=17,250,000,000 tested=3,523 found=0 n=658280483574823226368251 elapsed=787s
progress: nodes=17,260,000,000 tested=3,523 found=0 n=498670681374304386848901 elapsed=788s
progress: nodes=17,270,000,000 tested=3,523 found=0 n=692977593362731524648801 elapsed=788s
progress: nodes=17,280,000,000 tested=3,523 found=0 n=602813638357725337700157 elapsed=789s
progress: nodes=17,290,000,000 tested=3,523 found=0 n=859375519616021713265961 elapsed=789s
progress: nodes=17,300,000,000 tested=3,523 found=0 n=850439278630918032619563 elapsed=790s
progress: nodes=17,310,000,000 tested=3,523 found=0 n=587577362065868348515341 elapsed=790s
progress: nodes=17,320,000,000 tested=3,523 found=0 n=704692420983139983401007 elapsed=791s
progress: nodes=17,330,000,000 tested=3,523 found=0 n=548992981837331801470701 elapsed=791s
progress: nodes=17,340,000,000 tested=3,523 found=0 n=750844937278616870028339 elapsed=792s
progress: nodes=17,350,000,000 tested=3,523 found=0 n=694587202688836662932727 elapsed=792s
progress: nodes=17,360,000,000 tested=3,523 found=0 n=405269451444067566409053 elapsed=793s
progress: nodes=17,370,000,000 tested=3,523 found=0 n=471437109967006909745019 elapsed=793s
progress: nodes=17,380,000,000 tested=3,523 found=0 n=925148987641904511849363 elapsed=794s
progress: nodes=17,390,000,000 tested=3,523 found=0 n=515278159440164437494177 elapsed=794s
progress: nodes=17,400,000,000 tested=3,523 found=0 n=489133903127349010592061 elapsed=795s
progress: nodes=17,410,000,000 tested=3,523 found=0 n=871450016721306494138667 elapsed=795s
progress: nodes=17,420,000,000 tested=3,523 found=0 n=409355730570876517316889 elapsed=796s
progress: nodes=17,430,000,000 tested=3,523 found=0 n=938840219363526172982289 elapsed=796s
progress: nodes=17,440,000,000 tested=3,523 found=0 n=673466002985778751878129 elapsed=797s
progress: nodes=17,450,000,000 tested=3,523 found=0 n=791353419239211100244973 elapsed=797s
progress: nodes=17,460,000,000 tested=3,523 found=0 n=691313604069552312485637 elapsed=798s
progress: nodes=17,470,000,000 tested=3,523 found=0 n=390211076826166718032911 elapsed=798s
progress: nodes=17,480,000,000 tested=3,523 found=0 n=482762129748114493606329 elapsed=799s
progress: nodes=17,490,000,000 tested=3,523 found=0 n=385701180151849234251579 elapsed=799s
progress: nodes=17,500,000,000 tested=3,523 found=0 n=702797942639313962373933 elapsed=800s
progress: nodes=17,510,000,000 tested=3,523 found=0 n=838577908148820398099541 elapsed=800s
progress: nodes=17,520,000,000 tested=3,523 found=0 n=802150604495650206609813 elapsed=801s
progress: nodes=17,530,000,000 tested=3,523 found=0 n=611600521338694150506243 elapsed=801s
progress: nodes=17,540,000,000 tested=3,523 found=0 n=827967197399742004565961 elapsed=802s
progress: nodes=17,550,000,000 tested=3,523 found=0 n=871047100827081740613051 elapsed=802s
progress: nodes=17,560,000,000 tested=3,523 found=0 n=759043786617967389820281 elapsed=803s
progress: nodes=17,570,000,000 tested=3,523 found=0 n=498847188407010639635439 elapsed=803s
progress: nodes=17,580,000,000 tested=3,523 found=0 n=674911701272059889897259 elapsed=804s
progress: nodes=17,590,000,000 tested=3,523 found=0 n=728224455650665778483679 elapsed=804s
progress: nodes=17,600,000,000 tested=3,523 found=0 n=684860759569566718655517 elapsed=805s
progress: nodes=17,610,000,000 tested=3,523 found=0 n=539975300637572356920363 elapsed=805s
progress: nodes=17,620,000,000 tested=3,523 found=0 n=838082294796462344738109 elapsed=806s
progress: nodes=17,630,000,000 tested=3,523 found=0 n=478527913397122114819293 elapsed=806s
progress: nodes=17,640,000,000 tested=3,523 found=0 n=551111838022412220865311 elapsed=807s
progress: nodes=17,650,000,000 tested=3,523 found=0 n=525462471443147963521797 elapsed=807s
progress: nodes=17,660,000,000 tested=3,523 found=0 n=389988895978694351686347 elapsed=808s
progress: nodes=17,670,000,000 tested=3,523 found=0 n=712365375335311038934593 elapsed=808s
progress: nodes=17,680,000,000 tested=3,523 found=0 n=414408496393437443985087 elapsed=809s
progress: nodes=17,690,000,000 tested=3,523 found=0 n=569375355628541053200609 elapsed=809s
progress: nodes=17,700,000,000 tested=3,523 found=0 n=642019375541007454641651 elapsed=810s
progress: nodes=17,710,000,000 tested=3,523 found=0 n=632040394112550080090433 elapsed=810s
progress: nodes=17,720,000,000 tested=3,523 found=0 n=543975753534840701195121 elapsed=811s
progress: nodes=17,730,000,000 tested=3,523 found=0 n=404064434748779926047927 elapsed=811s
progress: nodes=17,740,000,000 tested=3,523 found=0 n=736232307715348415940969 elapsed=812s
progress: nodes=17,750,000,000 tested=3,523 found=0 n=496010744101584846841707 elapsed=812s
progress: nodes=17,760,000,000 tested=3,523 found=0 n=746542953072492881474169 elapsed=813s
progress: nodes=17,770,000,000 tested=3,523 found=0 n=448285483619354498380263 elapsed=813s
progress: nodes=17,780,000,000 tested=3,523 found=0 n=663907763637252298653489 elapsed=814s
progress: nodes=17,790,000,000 tested=3,523 found=0 n=859782687915410743374891 elapsed=814s
progress: nodes=17,800,000,000 tested=3,523 found=0 n=525589877174260765669803 elapsed=815s
progress: nodes=17,810,000,000 tested=3,523 found=0 n=692232141552713028786519 elapsed=815s
progress: nodes=17,820,000,000 tested=3,523 found=0 n=830657082376793532960099 elapsed=816s
progress: nodes=17,830,000,000 tested=3,523 found=0 n=466813616913413772169167 elapsed=816s
progress: nodes=17,840,000,000 tested=3,523 found=0 n=635646892116221248584321 elapsed=817s
progress: nodes=17,850,000,000 tested=3,523 found=0 n=841177792286772374927493 elapsed=817s
progress: nodes=17,860,000,000 tested=3,523 found=0 n=562881804973751257547553 elapsed=818s
progress: nodes=17,870,000,000 tested=3,523 found=0 n=812125193618458531869057 elapsed=818s
progress: nodes=17,880,000,000 tested=3,523 found=0 n=590104668308956855451397 elapsed=819s
progress: nodes=17,890,000,000 tested=3,523 found=0 n=431758489329419803992441 elapsed=819s
progress: nodes=17,900,000,000 tested=3,523 found=0 n=803552061930614200186983 elapsed=820s
progress: nodes=17,910,000,000 tested=3,523 found=0 n=771285137905285256472219 elapsed=820s
progress: nodes=17,920,000,000 tested=3,523 found=0 n=799736312125030121524683 elapsed=821s
progress: nodes=17,930,000,000 tested=3,523 found=0 n=440815460128252031513691 elapsed=821s
progress: nodes=17,940,000,000 tested=3,523 found=0 n=667572379343146790139627 elapsed=822s
progress: nodes=17,950,000,000 tested=3,523 found=0 n=523350756730868053518531 elapsed=822s
progress: nodes=17,960,000,000 tested=3,523 found=0 n=498684348681382640103327 elapsed=823s
progress: nodes=17,970,000,000 tested=3,523 found=0 n=595905877761448284411381 elapsed=823s
progress: nodes=17,980,000,000 tested=3,523 found=0 n=814524264632731874522301 elapsed=824s
progress: nodes=17,990,000,000 tested=3,523 found=0 n=702563013027469151148591 elapsed=824s
progress: nodes=18,000,000,000 tested=3,523 found=0 n=737172805529981384142579 elapsed=825s
progress: nodes=18,010,000,000 tested=3,523 found=0 n=915570447508120946182641 elapsed=825s
progress: nodes=18,020,000,000 tested=3,523 found=0 n=793628343951714635481117 elapsed=826s
progress: nodes=18,030,000,000 tested=3,523 found=0 n=858465109650116687581863 elapsed=826s
progress: nodes=18,040,000,000 tested=3,523 found=0 n=652651214550726791072673 elapsed=827s
progress: nodes=18,050,000,000 tested=3,523 found=0 n=644706914277437347337001 elapsed=827s
progress: nodes=18,060,000,000 tested=3,523 found=0 n=869555497089482246484441 elapsed=828s
progress: nodes=18,070,000,000 tested=3,523 found=0 n=876594644602183836628299 elapsed=828s
progress: nodes=18,080,000,000 tested=3,523 found=0 n=649112836756011880168917 elapsed=829s
progress: nodes=18,090,000,000 tested=3,523 found=0 n=677916004264833972150513 elapsed=829s
progress: nodes=18,100,000,000 tested=3,523 found=0 n=549658614632587507914867 elapsed=830s
progress: nodes=18,110,000,000 tested=3,523 found=0 n=698742455976410428101519 elapsed=830s
progress: nodes=18,120,000,000 tested=3,523 found=0 n=698136697787679368591373 elapsed=831s
progress: nodes=18,130,000,000 tested=3,523 found=0 n=568067707583818923572091 elapsed=831s
progress: nodes=18,140,000,000 tested=3,523 found=0 n=743801126237733346063281 elapsed=832s
progress: nodes=18,150,000,000 tested=3,523 found=0 n=816575513287376472626997 elapsed=832s
progress: nodes=18,160,000,000 tested=3,523 found=0 n=820498921666271558319609 elapsed=833s
progress: nodes=18,170,000,000 tested=3,523 found=0 n=740112281165674914970473 elapsed=833s
progress: nodes=18,180,000,000 tested=3,523 found=0 n=586020190464882534007647 elapsed=834s
progress: nodes=18,190,000,000 tested=3,523 found=0 n=790810232913959987349621 elapsed=834s
progress: nodes=18,200,000,000 tested=3,523 found=0 n=552472166676863860083657 elapsed=835s
progress: nodes=18,210,000,000 tested=3,523 found=0 n=738929733328529193331881 elapsed=835s
progress: nodes=18,220,000,000 tested=3,523 found=0 n=522515620464036079487607 elapsed=836s
progress: nodes=18,230,000,000 tested=3,523 found=0 n=741975307926554237062527 elapsed=836s
progress: nodes=18,240,000,000 tested=3,523 found=0 n=615652259152407625050903 elapsed=837s
progress: nodes=18,250,000,000 tested=3,523 found=0 n=566811876636235503654381 elapsed=837s
progress: nodes=18,260,000,000 tested=3,523 found=0 n=628282427648504906105829 elapsed=838s
progress: nodes=18,270,000,000 tested=3,523 found=0 n=828721147866022322334423 elapsed=838s
progress: nodes=18,280,000,000 tested=3,523 found=0 n=789943598411477267801043 elapsed=839s
progress: nodes=18,290,000,000 tested=3,523 found=0 n=909512942590870145611083 elapsed=839s
progress: nodes=18,300,000,000 tested=3,523 found=0 n=861289448443922983433949 elapsed=840s
progress: nodes=18,310,000,000 tested=3,523 found=0 n=680911360060745139547221 elapsed=840s
progress: nodes=18,320,000,000 tested=3,523 found=0 n=715289012465761976843601 elapsed=841s
progress: nodes=18,330,000,000 tested=3,523 found=0 n=597185981244794412960489 elapsed=841s
progress: nodes=18,340,000,000 tested=3,523 found=0 n=777746408035597091550459 elapsed=842s
progress: nodes=18,350,000,000 tested=3,523 found=0 n=584189192418329952226773 elapsed=843s
progress: nodes=18,360,000,000 tested=3,523 found=0 n=743944813863071255037603 elapsed=843s
progress: nodes=18,370,000,000 tested=3,523 found=0 n=589261622409923452198209 elapsed=844s
progress: nodes=18,380,000,000 tested=3,523 found=0 n=863156667878530560271737 elapsed=844s
progress: nodes=18,390,000,000 tested=3,523 found=0 n=888789881619388109508147 elapsed=845s
progress: nodes=18,400,000,000 tested=3,523 found=0 n=722383628525160840821583 elapsed=845s
progress: nodes=18,410,000,000 tested=3,523 found=0 n=768805755347204581937931 elapsed=846s
progress: nodes=18,420,000,000 tested=3,523 found=0 n=718303302025271236375101 elapsed=846s
progress: nodes=18,430,000,000 tested=3,523 found=0 n=934460142095683933572843 elapsed=847s
progress: nodes=18,440,000,000 tested=3,523 found=0 n=839346088003435013970969 elapsed=847s
progress: nodes=18,450,000,000 tested=3,523 found=0 n=795430944259701686225289 elapsed=848s
progress: nodes=18,460,000,000 tested=3,523 found=0 n=820101956423553616003191 elapsed=848s
progress: nodes=18,470,000,000 tested=3,523 found=0 n=722129427106242713941383 elapsed=849s
progress: nodes=18,480,000,000 tested=3,523 found=0 n=828243415754948700473967 elapsed=849s
progress: nodes=18,490,000,000 tested=3,523 found=0 n=890911930552247002598199 elapsed=850s
progress: nodes=18,500,000,000 tested=3,523 found=0 n=674796728105296759633671 elapsed=850s
progress: nodes=18,510,000,000 tested=3,523 found=0 n=855764926229699908184763 elapsed=851s
progress: nodes=18,520,000,000 tested=3,523 found=0 n=917712636176508475604301 elapsed=851s
progress: nodes=18,530,000,000 tested=3,523 found=0 n=702157265329788774577071 elapsed=852s
progress: nodes=18,540,000,000 tested=3,523 found=0 n=894258496441112193830439 elapsed=852s
progress: nodes=18,550,000,000 tested=3,523 found=0 n=693334654695963703021599 elapsed=853s
progress: nodes=18,560,000,000 tested=3,523 found=0 n=783707099326006681776951 elapsed=853s
progress: nodes=18,570,000,000 tested=3,523 found=0 n=902338724727656576383023 elapsed=854s
progress: nodes=18,580,000,000 tested=3,523 found=0 n=870050327452103481032349 elapsed=854s
progress: nodes=18,590,000,000 tested=3,523 found=0 n=881964358477545353547537 elapsed=855s
progress: nodes=18,600,000,000 tested=3,523 found=0 n=785891333054063003484717 elapsed=855s
progress: nodes=18,610,000,000 tested=3,523 found=0 n=806524816896352243691001 elapsed=856s
progress: nodes=18,620,000,000 tested=3,523 found=0 n=898792382676697139688057 elapsed=856s
progress: nodes=18,630,000,000 tested=3,523 found=0 n=950076341881674548700159 elapsed=857s
progress: nodes=18,640,000,000 tested=3,523 found=0 n=943036825100845999052529 elapsed=857s
progress: nodes=18,650,000,000 tested=3,523 found=0 n=937823840776332335222397 elapsed=858s
progress: nodes=18,660,000,000 tested=3,523 found=0 n=959436595334633082145479 elapsed=858s
progress: nodes=18,670,000,000 tested=3,523 found=0 n=877639442771395655950599 elapsed=859s
progress: nodes=18,680,000,000 tested=3,523 found=0 n=843089709187830431283957 elapsed=859s
progress: nodes=18,690,000,000 tested=3,523 found=0 n=838451816672800978210563 elapsed=860s
progress: nodes=18,700,000,000 tested=3,523 found=0 n=896674318491325367126133 elapsed=860s
progress: nodes=18,710,000,000 tested=3,523 found=0 n=906817066318935987424209 elapsed=861s
progress: nodes=18,720,000,000 tested=3,523 found=0 n=905328955795526366945841 elapsed=861s
progress: nodes=18,730,000,000 tested=3,523 found=0 n=943099582647743574064011 elapsed=862s
progress: nodes=18,740,000,000 tested=3,523 found=0 n=964820775694739123853693 elapsed=863s
progress: nodes=18,750,000,000 tested=3,523 found=0 n=952335376831402766601399 elapsed=863s
progress: nodes=18,760,000,000 tested=3,523 found=0 n=969811113913882201700739 elapsed=864s
progress: nodes=18,770,000,000 tested=3,523 found=0 n=934328328620148400921983 elapsed=864s
progress: nodes=18,780,000,000 tested=3,523 found=0 n=917106588064493841667653 elapsed=865s
progress: nodes=18,790,000,000 tested=3,523 found=0 n=915988135995622908991773 elapsed=865s
progress: nodes=18,800,000,000 tested=3,523 found=0 n=991540078961504463758367 elapsed=866s
progress: nodes=18,810,000,000 tested=3,524 found=0 n=949491425255196836761749 elapsed=866s
progress: nodes=18,820,000,000 tested=3,524 found=0 n=478426502841448189237209 elapsed=867s
progress: nodes=18,830,000,000 tested=3,524 found=0 n=982827906410988472455621 elapsed=867s
progress: nodes=18,840,000,000 tested=3,524 found=0 n=641446870895362037458953 elapsed=867s
progress: nodes=18,850,000,000 tested=3,524 found=0 n=379429503721340701109481 elapsed=868s
progress: nodes=18,860,000,000 tested=3,524 found=0 n=189902461968783670897791 elapsed=868s
progress: nodes=18,870,000,000 tested=3,524 found=0 n=956025952391498419259829 elapsed=869s
progress: nodes=18,880,000,000 tested=3,524 found=0 n=906754512074386935860901 elapsed=869s
progress: nodes=18,890,000,000 tested=3,524 found=0 n=939698016813807457569363 elapsed=870s
progress: nodes=18,900,000,000 tested=3,524 found=0 n=150327001203277885903917 elapsed=870s
progress: nodes=18,910,000,000 tested=3,524 found=0 n=299883296363638636431783 elapsed=871s
progress: nodes=18,920,000,000 tested=3,524 found=0 n=523116866924514270429021 elapsed=871s
progress: nodes=18,930,000,000 tested=3,524 found=0 n=825177431829132278944047 elapsed=872s
progress: nodes=18,940,000,000 tested=3,524 found=0 n=305569345553415087267123 elapsed=872s
progress: nodes=18,950,000,000 tested=3,524 found=0 n=745485483477563885873817 elapsed=872s
progress: nodes=18,960,000,000 tested=3,524 found=0 n=362098442841226763634963 elapsed=873s
progress: nodes=18,970,000,000 tested=3,524 found=0 n=944495049808627195711833 elapsed=873s
progress: nodes=18,980,000,000 tested=3,524 found=0 n=690519689903349036603873 elapsed=874s
progress: nodes=18,990,000,000 tested=3,524 found=0 n=511133793525173718188289 elapsed=874s
progress: nodes=19,000,000,000 tested=3,524 found=0 n=406813727092900705298721 elapsed=875s
progress: nodes=19,010,000,000 tested=3,524 found=0 n=373843118420179649994753 elapsed=875s
progress: nodes=19,020,000,000 tested=3,524 found=0 n=409863238969455296562537 elapsed=876s
progress: nodes=19,030,000,000 tested=3,524 found=0 n=518348031124722069061791 elapsed=876s
progress: nodes=19,040,000,000 tested=3,524 found=0 n=704509582601116924929297 elapsed=876s
progress: nodes=19,050,000,000 tested=3,524 found=0 n=957610797095364753213873 elapsed=877s
progress: nodes=19,060,000,000 tested=3,524 found=0 n=378013229625999588059439 elapsed=877s
progress: nodes=19,070,000,000 tested=3,524 found=0 n=760023134250215141557251 elapsed=878s
progress: nodes=19,080,000,000 tested=3,524 found=0 n=328793191316818383994839 elapsed=878s
progress: nodes=19,090,000,000 tested=3,524 found=0 n=857674349046676481783463 elapsed=879s
progress: nodes=19,100,000,000 tested=3,524 found=0 n=575480139854857164760833 elapsed=879s
progress: nodes=19,110,000,000 tested=3,524 found=0 n=372387403381100033457531 elapsed=880s
progress: nodes=19,120,000,000 tested=3,524 found=0 n=246013887857856083676711 elapsed=880s
progress: nodes=19,130,000,000 tested=3,524 found=0 n=187977277672955335912347 elapsed=881s
progress: nodes=19,140,000,000 tested=3,524 found=0 n=200604913022022263197443 elapsed=881s
progress: nodes=19,150,000,000 tested=3,524 found=0 n=279695111690576020365927 elapsed=881s
progress: nodes=19,160,000,000 tested=3,524 found=0 n=421962314820331439265111 elapsed=882s
progress: nodes=19,170,000,000 tested=3,524 found=0 n=647349673544818022527749 elapsed=882s
progress: nodes=19,180,000,000 tested=3,524 found=0 n=942834615014739066036417 elapsed=883s
progress: nodes=19,190,000,000 tested=3,524 found=0 n=414024388994591648271999 elapsed=883s
progress: nodes=19,200,000,000 tested=3,524 found=0 n=841003636283499586356459 elapsed=884s
progress: nodes=19,210,000,000 tested=3,524 found=0 n=450793877438530492807941 elapsed=884s
progress: nodes=19,220,000,000 tested=3,524 found=0 n=149830274007857142052353 elapsed=885s
progress: nodes=19,230,000,000 tested=3,524 found=0 n=782372447825053491382977 elapsed=885s
progress: nodes=19,240,000,000 tested=3,524 found=0 n=616234529427109314078357 elapsed=885s
progress: nodes=19,250,000,000 tested=3,524 found=0 n=522406957464511770341691 elapsed=886s
progress: nodes=19,260,000,000 tested=3,524 found=0 n=498287006035111283717727 elapsed=886s
progress: nodes=19,270,000,000 tested=3,524 found=0 n=552070045775969719099101 elapsed=887s
progress: nodes=19,280,000,000 tested=3,524 found=0 n=685337643091053040951863 elapsed=887s
progress: nodes=19,290,000,000 tested=3,524 found=0 n=906561011411022157393203 elapsed=888s
progress: nodes=19,300,000,000 tested=3,524 found=0 n=326301566470923866850027 elapsed=888s
progress: nodes=19,310,000,000 tested=3,524 found=0 n=705794127675267715565481 elapsed=889s
progress: nodes=19,320,000,000 tested=3,524 found=0 n=290243266305575570534547 elapsed=889s
progress: nodes=19,330,000,000 tested=3,524 found=0 n=820634412339039718060641 elapsed=890s
progress: nodes=19,340,000,000 tested=3,524 found=0 n=546210581690623822581609 elapsed=890s
progress: nodes=19,350,000,000 tested=3,524 found=0 n=358881532512013656428283 elapsed=890s
progress: nodes=19,360,000,000 tested=3,524 found=0 n=250230360743603661452031 elapsed=891s
progress: nodes=19,370,000,000 tested=3,524 found=0 n=213818594377610439914697 elapsed=891s
progress: nodes=19,380,000,000 tested=3,524 found=0 n=243731750612800569538419 elapsed=892s
progress: nodes=19,390,000,000 tested=3,524 found=0 n=342619753131649111921803 elapsed=892s
progress: nodes=19,400,000,000 tested=3,524 found=0 n=512432667761188031298441 elapsed=893s
progress: nodes=19,410,000,000 tested=3,524 found=0 n=763479738784394492769909 elapsed=893s
progress: nodes=19,420,000,000 tested=3,524 found=0 n=230922006525931265497953 elapsed=894s
progress: nodes=19,430,000,000 tested=3,524 found=0 n=645715324198608715088037 elapsed=894s
progress: nodes=19,440,000,000 tested=3,524 found=0 n=286449884082144454018347 elapsed=894s
progress: nodes=19,450,000,000 tested=3,524 found=0 n=873764003323441686014559 elapsed=895s
progress: nodes=19,460,000,000 tested=3,524 found=0 n=676462433204312158911507 elapsed=895s
progress: nodes=19,470,000,000 tested=3,524 found=0 n=558182355281292788127081 elapsed=896s
progress: nodes=19,480,000,000 tested=3,524 found=0 n=517030403260807347939027 elapsed=896s
progress: nodes=19,490,000,000 tested=3,524 found=0 n=546768992156701951425789 elapsed=897s
progress: nodes=19,500,000,000 tested=3,524 found=0 n=654196426174680058572903 elapsed=897s
progress: nodes=19,510,000,000 tested=3,524 found=0 n=845964970784111722404861 elapsed=898s
progress: nodes=19,520,000,000 tested=3,524 found=0 n=251695076262981056024319 elapsed=898s
progress: nodes=19,530,000,000 tested=3,524 found=0 n=608899975377065838016551 elapsed=899s
progress: nodes=19,540,000,000 tested=3,524 found=0 n=201084673100646322146159 elapsed=899s
progress: nodes=19,550,000,000 tested=3,524 found=0 n=726083035567785044119971 elapsed=899s
progress: nodes=19,560,000,000 tested=3,524 found=0 n=471213940149177128744841 elapsed=900s
progress: nodes=19,570,000,000 tested=3,524 found=0 n=302741514990727847787753 elapsed=900s
progress: nodes=19,580,000,000 tested=3,524 found=0 n=217622536894112586799563 elapsed=901s
progress: nodes=19,590,000,000 tested=3,524 found=0 n=208214484195744067230189 elapsed=901s
progress: nodes=19,600,000,000 tested=3,524 found=0 n=282143132269327104925149 elapsed=902s
progress: nodes=19,610,000,000 tested=3,524 found=0 n=444196959551383185546399 elapsed=902s
progress: nodes=19,620,000,000 tested=3,524 found=0 n=690515671574434315536927 elapsed=903s
progress: nodes=19,630,000,000 tested=3,524 found=0 n=176043463620787647906021 elapsed=903s
progress: nodes=19,640,000,000 tested=3,524 found=0 n=588820272864639324832323 elapsed=904s
progress: nodes=19,650,000,000 tested=3,524 found=0 n=244942812600227570381553 elapsed=904s
progress: nodes=19,660,000,000 tested=3,524 found=0 n=849681585772291032940179 elapsed=904s
progress: nodes=19,670,000,000 tested=3,524 found=0 n=676843645476821843189169 elapsed=905s
progress: nodes=19,680,000,000 tested=3,524 found=0 n=592156189239416800135137 elapsed=905s
progress: nodes=19,690,000,000 tested=3,524 found=0 n=588564087181212770444817 elapsed=906s
progress: nodes=19,700,000,000 tested=3,524 found=0 n=664629705298851175112229 elapsed=906s
progress: nodes=19,710,000,000 tested=3,524 found=0 n=826067072868785403648993 elapsed=907s
progress: nodes=19,720,000,000 tested=3,524 found=0 n=223874605253939410898127 elapsed=907s
progress: nodes=19,730,000,000 tested=3,524 found=0 n=566045180510817099769677 elapsed=908s
progress: nodes=19,740,000,000 tested=3,524 found=0 n=154022022227071865085219 elapsed=908s
progress: nodes=19,750,000,000 tested=3,524 found=0 n=652881484841614161914781 elapsed=908s
progress: nodes=19,760,000,000 tested=3,524 found=0 n=392183428373239808606301 elapsed=909s
progress: nodes=19,770,000,000 tested=3,524 found=0 n=226120523478836756746977 elapsed=909s
progress: nodes=19,780,000,000 tested=3,524 found=0 n=993466035923617609019667 elapsed=910s
progress: nodes=19,790,000,000 tested=3,524 found=0 n=982596419849412573518313 elapsed=910s
progress: nodes=19,800,000,000 tested=3,524 found=0 n=207184843895242434039819 elapsed=911s
progress: nodes=19,810,000,000 tested=3,524 found=0 n=361242742419997052565951 elapsed=911s
progress: nodes=19,820,000,000 tested=3,524 found=0 n=615043010382980911060329 elapsed=912s
progress: nodes=19,830,000,000 tested=3,524 found=0 n=969337083685495376118267 elapsed=912s
progress: nodes=19,840,000,000 tested=3,524 found=0 n=536890691007006769431999 elapsed=913s
progress: nodes=19,850,000,000 tested=3,524 found=0 n=210151461359796246198909 elapsed=913s
progress: nodes=19,860,000,000 tested=3,524 found=0 n=798690113289005689748997 elapsed=913s
progress: nodes=19,870,000,000 tested=3,524 found=0 n=618448406482316864991537 elapsed=914s
progress: nodes=19,880,000,000 tested=3,524 found=0 n=538513499866077020217933 elapsed=914s
progress: nodes=19,890,000,000 tested=3,524 found=0 n=555249314027991781805607 elapsed=915s
progress: nodes=19,900,000,000 tested=3,524 found=0 n=660810507050678710486761 elapsed=915s
progress: nodes=19,910,000,000 tested=3,524 found=0 n=856237717445548712210937 elapsed=916s
progress: nodes=19,920,000,000 tested=3,524 found=0 n=290521829008622659591143 elapsed=916s
progress: nodes=19,930,000,000 tested=3,524 found=0 n=661366079204435965156797 elapsed=917s
progress: nodes=19,940,000,000 tested=3,524 found=0 n=279834606076652450794971 elapsed=917s
progress: nodes=19,950,000,000 tested=3,524 found=0 n=830156746167987042103299 elapsed=918s
progress: nodes=19,960,000,000 tested=3,524 found=0 n=616715254568169752292297 elapsed=918s
progress: nodes=19,970,000,000 tested=3,524 found=0 n=505514544050668576615191 elapsed=919s
progress: nodes=19,980,000,000 tested=3,524 found=0 n=484571668133909857604103 elapsed=919s
progress: nodes=19,990,000,000 tested=3,524 found=0 n=572967662609811535619553 elapsed=919s
progress: nodes=20,000,000,000 tested=3,524 found=0 n=779094033779258208262251 elapsed=920s
progress: nodes=20,010,000,000 tested=3,524 found=0 n=234752246804813402371707 elapsed=920s
progress: nodes=20,020,000,000 tested=3,524 found=0 n=609330987815848156221363 elapsed=921s
progress: nodes=20,030,000,000 tested=3,524 found=0 n=245612392072809534886113 elapsed=921s
progress: nodes=20,040,000,000 tested=3,524 found=0 n=798536820972866645847177 elapsed=922s
progress: nodes=20,050,000,000 tested=3,524 found=0 n=602426669692361546033001 elapsed=922s
progress: nodes=20,060,000,000 tested=3,524 found=0 n=499910321655045544466223 elapsed=923s
progress: nodes=20,070,000,000 tested=3,524 found=0 n=493839078872534138226483 elapsed=923s
progress: nodes=20,080,000,000 tested=3,524 found=0 n=578635227660309846217191 elapsed=924s
progress: nodes=20,090,000,000 tested=3,524 found=0 n=764997404959401004762371 elapsed=924s
progress: nodes=20,100,000,000 tested=3,524 found=0 n=213476928938088644435607 elapsed=925s
progress: nodes=20,110,000,000 tested=3,524 found=0 n=579573419436900943433379 elapsed=925s
progress: nodes=20,120,000,000 tested=3,524 found=0 n=215097936830038545476193 elapsed=925s
progress: nodes=20,130,000,000 tested=3,524 found=0 n=764038528462191414182751 elapsed=926s
progress: nodes=20,140,000,000 tested=3,524 found=0 n=566905352925723672023163 elapsed=926s
progress: nodes=20,150,000,000 tested=3,524 found=0 n=475561692191687378478201 elapsed=927s
progress: nodes=20,160,000,000 tested=3,524 found=0 n=483335945333612464292199 elapsed=927s
progress: nodes=20,170,000,000 tested=3,524 found=0 n=591764714599952485074483 elapsed=928s
progress: nodes=20,180,000,000 tested=3,524 found=0 n=801466299839534753030607 elapsed=928s
progress: nodes=20,190,000,000 tested=3,524 found=0 n=265189011541511038878897 elapsed=929s
progress: nodes=20,200,000,000 tested=3,524 found=0 n=654426211193124589676457 elapsed=929s
progress: nodes=20,210,000,000 tested=3,524 found=0 n=313673553782825018974191 elapsed=930s
progress: nodes=20,220,000,000 tested=3,524 found=0 n=908908403655354219666549 elapsed=930s
progress: nodes=20,230,000,000 tested=3,524 found=0 n=775231117753916356523991 elapsed=931s
progress: nodes=20,240,000,000 tested=3,524 found=0 n=753943508535728250342603 elapsed=931s
progress: nodes=20,250,000,000 tested=3,524 found=0 n=834858943705730722157379 elapsed=932s
progress: nodes=20,260,000,000 tested=3,524 found=0 n=183122208689696143578711 elapsed=932s
progress: nodes=20,270,000,000 tested=3,524 found=0 n=438713496648847931550039 elapsed=932s
progress: nodes=20,280,000,000 tested=3,524 found=0 n=812822188246885837779759 elapsed=933s
progress: nodes=20,290,000,000 tested=3,524 found=0 n=447701795288768011322331 elapsed=933s
progress: nodes=20,300,000,000 tested=3,524 found=0 n=203483485471187662790049 elapsed=934s
progress: nodes=20,310,000,000 tested=3,524 found=0 n=878820497942297800658769 elapsed=934s
progress: nodes=20,320,000,000 tested=3,524 found=0 n=829533367226404789731783 elapsed=935s
progress: nodes=20,330,000,000 tested=3,524 found=0 n=881638507826712009565191 elapsed=935s
progress: nodes=20,340,000,000 tested=3,524 found=0 n=217381237824647683563777 elapsed=936s
progress: nodes=20,350,000,000 tested=3,524 found=0 n=473267829353041776322269 elapsed=936s
progress: nodes=20,360,000,000 tested=3,524 found=0 n=847924512850423378549179 elapsed=937s
progress: nodes=20,370,000,000 tested=3,524 found=0 n=489154994619064165118727 elapsed=937s
progress: nodes=20,380,000,000 tested=3,524 found=0 n=246369228356661190197417 elapsed=938s
progress: nodes=20,390,000,000 tested=3,524 found=0 n=931267841218054066840113 elapsed=938s
progress: nodes=20,400,000,000 tested=3,524 found=0 n=899523946843744765742199 elapsed=938s
progress: nodes=20,410,000,000 tested=3,524 found=0 n=967759285721359986053199 elapsed=939s
progress: nodes=20,420,000,000 tested=3,524 found=0 n=301908171776440097419551 elapsed=939s
progress: nodes=20,430,000,000 tested=3,524 found=0 n=561689967266911526226183 elapsed=940s
progress: nodes=20,440,000,000 tested=3,524 found=0 n=937054481133013405235073 elapsed=940s
progress: nodes=20,450,000,000 tested=3,524 found=0 n=580187825161396299865017 elapsed=941s
progress: nodes=20,460,000,000 tested=3,524 found=0 n=342724278866596736448339 elapsed=941s
progress: nodes=20,470,000,000 tested=3,524 found=0 n=215207745784631673740667 elapsed=942s
progress: nodes=20,480,000,000 tested=3,524 found=0 n=999934922787155751254859 elapsed=942s
progress: nodes=20,490,000,000 tested=3,524 found=0 n=250670899949358059157987 elapsed=943s
progress: nodes=20,500,000,000 tested=3,524 found=0 n=432719920483252580060883 elapsed=943s
progress: nodes=20,510,000,000 tested=3,524 found=0 n=732230490634834310276157 elapsed=944s
progress: nodes=20,520,000,000 tested=3,524 found=0 n=320369387225138748820323 elapsed=944s
progress: nodes=20,530,000,000 tested=3,524 found=0 n=831018024320709892768101 elapsed=944s
progress: nodes=20,540,000,000 tested=3,524 found=0 n=629717548809841019647119 elapsed=945s
progress: nodes=20,550,000,000 tested=3,524 found=0 n=543321645340558377586293 elapsed=945s
progress: nodes=20,560,000,000 tested=3,524 found=0 n=574010563589702965492767 elapsed=946s
progress: nodes=20,570,000,000 tested=3,524 found=0 n=720388234100438422940421 elapsed=946s
progress: nodes=20,580,000,000 tested=3,524 found=0 n=985272797448470223413721 elapsed=947s
progress: nodes=20,590,000,000 tested=3,524 found=0 n=534884926138528836343473 elapsed=947s
progress: nodes=20,600,000,000 tested=3,524 found=0 n=228403068649249429786851 elapsed=948s
progress: nodes=20,610,000,000 tested=3,524 found=0 n=832046079385742119679781 elapsed=948s
progress: nodes=20,620,000,000 tested=3,524 found=0 n=745206544712987087389659 elapsed=949s
progress: nodes=20,630,000,000 tested=3,524 found=0 n=773775581852014585296453 elapsed=949s
progress: nodes=20,640,000,000 tested=3,524 found=0 n=927360751278887637100389 elapsed=950s
progress: nodes=20,650,000,000 tested=3,524 found=0 n=380733273272100361912299 elapsed=950s
progress: nodes=20,660,000,000 tested=3,524 found=0 n=749117841811444917630819 elapsed=951s
progress: nodes=20,670,000,000 tested=3,524 found=0 n=429105623300026688254239 elapsed=951s
progress: nodes=20,680,000,000 tested=3,524 found=0 n=235542472761806431818597 elapsed=951s
progress: nodes=20,690,000,000 tested=3,524 found=0 n=957199081371718752576009 elapsed=952s
progress: nodes=20,700,000,000 tested=3,524 found=0 n=198544529277081814523697 elapsed=952s
progress: nodes=20,710,000,000 tested=3,524 found=0 n=357034892841738075345381 elapsed=953s
progress: nodes=20,720,000,000 tested=3,524 found=0 n=631578717263430044887779 elapsed=953s
progress: nodes=20,730,000,000 tested=3,524 found=0 n=229598544214242236650617 elapsed=954s
progress: nodes=20,740,000,000 tested=3,524 found=0 n=726389034120119020453803 elapsed=954s
progress: nodes=20,750,000,000 tested=3,524 found=0 n=556511702904074235999681 elapsed=955s
progress: nodes=20,760,000,000 tested=3,524 found=0 n=512841882183762790175517 elapsed=955s
progress: nodes=20,770,000,000 tested=3,524 found=0 n=589326992335164734920269 elapsed=956s
progress: nodes=20,780,000,000 tested=3,524 found=0 n=791660823790537288180593 elapsed=956s
progress: nodes=20,790,000,000 tested=3,524 found=0 n=309827117176751566154763 elapsed=957s
progress: nodes=20,800,000,000 tested=3,524 found=0 n=741958515793204639870941 elapsed=957s
progress: nodes=20,810,000,000 tested=3,524 found=0 n=497099973354883984978893 elapsed=958s
progress: nodes=20,820,000,000 tested=3,524 found=0 n=378552975119881650431343 elapsed=958s
progress: nodes=20,830,000,000 tested=3,524 found=0 n=382137984686885201081307 elapsed=958s
progress: nodes=20,840,000,000 tested=3,524 found=0 n=507438693711799504666011 elapsed=959s
progress: nodes=20,850,000,000 tested=3,524 found=0 n=763406537709299955732261 elapsed=959s
progress: nodes=20,860,000,000 tested=3,524 found=0 n=347907970015930856084553 elapsed=960s
progress: nodes=20,870,000,000 tested=3,524 found=0 n=853787673139753414052991 elapsed=960s
progress: nodes=20,880,000,000 tested=3,524 found=0 n=702209962270465051203801 elapsed=961s
progress: nodes=20,890,000,000 tested=3,524 found=0 n=669898653058290946052763 elapsed=961s
progress: nodes=20,900,000,000 tested=3,524 found=0 n=770656620668322998619009 elapsed=962s
progress: nodes=20,910,000,000 tested=3,524 found=0 n=213294805978858189789203 elapsed=962s
progress: nodes=20,920,000,000 tested=3,524 found=0 n=550651379534279348123799 elapsed=963s
progress: nodes=20,930,000,000 tested=3,524 found=0 n=232050901185105466094631 elapsed=963s
progress: nodes=20,940,000,000 tested=3,524 found=0 n=820149040636909502896377 elapsed=964s
progress: nodes=20,950,000,000 tested=3,524 found=0 n=770644741258372763781999 elapsed=964s
progress: nodes=20,960,000,000 tested=3,524 found=0 n=844922981617737118769673 elapsed=965s
progress: nodes=20,970,000,000 tested=3,524 found=0 n=272942583681381255428787 elapsed=965s
progress: nodes=20,980,000,000 tested=3,524 found=0 n=613984319280045629354439 elapsed=966s
progress: nodes=20,990,000,000 tested=3,524 found=0 n=302641535654242216252821 elapsed=966s
progress: nodes=21,000,000,000 tested=3,524 found=0 n=914237686114974496758483 elapsed=966s
progress: nodes=21,010,000,000 tested=3,524 found=0 n=877906548593251674988491 elapsed=967s
progress: nodes=21,020,000,000 tested=3,524 found=0 n=980139608052732733012407 elapsed=967s
progress: nodes=21,030,000,000 tested=3,524 found=0 n=414620196249393242329221 elapsed=968s
progress: nodes=21,040,000,000 tested=3,524 found=0 n=765289040526224247636603 elapsed=968s
progress: nodes=21,050,000,000 tested=3,524 found=0 n=466394047478851608967851 elapsed=969s
progress: nodes=21,060,000,000 tested=3,524 found=0 n=304655455777795788777111 elapsed=969s
progress: nodes=21,070,000,000 tested=3,524 found=0 n=266979833069064200502417 elapsed=970s
progress: nodes=21,080,000,000 tested=3,524 found=0 n=358687946802927175100667 elapsed=970s
progress: nodes=21,090,000,000 tested=3,524 found=0 n=594289234881131351372811 elapsed=971s
progress: nodes=21,100,000,000 tested=3,524 found=0 n=972903143055480742736631 elapsed=971s
progress: nodes=21,110,000,000 tested=3,524 found=0 n=689387793832489814693631 elapsed=972s
progress: nodes=21,120,000,000 tested=3,524 found=0 n=555447485735427790197693 elapsed=972s
progress: nodes=21,130,000,000 tested=3,524 found=0 n=563745680042849080573797 elapsed=973s
progress: nodes=21,140,000,000 tested=3,524 found=0 n=717439508109312696795087 elapsed=973s
progress: nodes=21,150,000,000 tested=3,524 found=0 n=246001238223994008855099 elapsed=974s
progress: nodes=21,160,000,000 tested=3,524 found=0 n=665985480142879644640893 elapsed=974s
progress: nodes=21,170,000,000 tested=3,524 found=0 n=464909653839551299996617 elapsed=975s
progress: nodes=21,180,000,000 tested=3,524 found=0 n=402987971759664332294253 elapsed=975s
progress: nodes=21,190,000,000 tested=3,524 found=0 n=489713360171489004327777 elapsed=975s
progress: nodes=21,200,000,000 tested=3,524 found=0 n=714676892285145016914687 elapsed=976s
progress: nodes=21,210,000,000 tested=3,524 found=0 n=309153409333117929496917 elapsed=976s
progress: nodes=21,220,000,000 tested=3,524 found=0 n=796312290510360790885719 elapsed=977s
progress: nodes=21,230,000,000 tested=3,524 found=0 n=644632200170162327326203 elapsed=977s
progress: nodes=21,240,000,000 tested=3,524 found=0 n=641776855768890043945743 elapsed=978s
progress: nodes=21,250,000,000 tested=3,524 found=0 n=799983304004815427413917 elapsed=978s
progress: nodes=21,260,000,000 tested=3,524 found=0 n=352477591461385323004071 elapsed=979s
progress: nodes=21,270,000,000 tested=3,524 found=0 n=826133316205703884487109 elapsed=979s
progress: nodes=21,280,000,000 tested=3,524 found=0 n=665102993013730578277971 elapsed=980s
progress: nodes=21,290,000,000 tested=3,524 found=0 n=658364866423693867114677 elapsed=980s
progress: nodes=21,300,000,000 tested=3,524 found=0 n=792775388786498724986379 elapsed=981s
progress: nodes=21,310,000,000 tested=3,524 found=0 n=318046003390858466486763 elapsed=981s
progress: nodes=21,320,000,000 tested=3,524 found=0 n=751509734179053900127077 elapsed=982s
progress: nodes=21,330,000,000 tested=3,524 found=0 n=577513070787747892937139 elapsed=982s
progress: nodes=21,340,000,000 tested=3,524 found=0 n=559904940801726097106529 elapsed=983s
progress: nodes=21,350,000,000 tested=3,524 found=0 n=699796430102549324654109 elapsed=983s
progress: nodes=21,360,000,000 tested=3,524 found=0 n=997259997433308465363507 elapsed=984s
progress: nodes=21,370,000,000 tested=3,524 found=0 n=674321710405686839595099 elapsed=984s
progress: nodes=21,380,000,000 tested=3,524 found=0 n=506936601196103220455313 elapsed=985s
progress: nodes=21,390,000,000 tested=3,524 found=0 n=493952152315794391892673 elapsed=985s
progress: nodes=21,400,000,000 tested=3,524 found=0 n=631217802147127220106081 elapsed=985s
progress: nodes=21,410,000,000 tested=3,524 found=0 n=933466075017394845930003 elapsed=986s
progress: nodes=21,420,000,000 tested=3,524 found=0 n=629823367847543944791717 elapsed=986s
progress: nodes=21,430,000,000 tested=3,524 found=0 n=492851258316042601872897 elapsed=987s
progress: nodes=21,440,000,000 tested=3,524 found=0 n=511564410226479364265511 elapsed=987s
progress: nodes=21,450,000,000 tested=3,524 found=0 n=690500395850457620789361 elapsed=988s
progress: nodes=21,460,000,000 tested=3,524 found=0 n=287525576500865309603997 elapsed=988s
progress: nodes=21,470,000,000 tested=3,524 found=0 n=781103513407004233034589 elapsed=989s
progress: nodes=21,480,000,000 tested=3,524 found=0 n=688010765420103278109957 elapsed=989s
progress: nodes=21,490,000,000 tested=3,524 found=0 n=757110345388263870300297 elapsed=990s
progress: nodes=21,500,000,000 tested=3,524 found=0 n=997191027269931015711189 elapsed=990s
progress: nodes=21,510,000,000 tested=3,524 found=0 n=631994826224685322189791 elapsed=991s
progress: nodes=21,520,000,000 tested=3,524 found=0 n=430963712756124839398107 elapsed=991s
progress: nodes=21,530,000,000 tested=3,524 found=0 n=397828987743044681236413 elapsed=992s
progress: nodes=21,540,000,000 tested=3,524 found=0 n=534301162445338828631091 elapsed=992s
progress: nodes=21,550,000,000 tested=3,524 found=0 n=840949355600612988857127 elapsed=993s
progress: nodes=21,560,000,000 tested=3,524 found=0 n=629872826405971896905157 elapsed=993s
progress: nodes=21,570,000,000 tested=3,524 found=0 n=720292167962344519100559 elapsed=994s
progress: nodes=21,580,000,000 tested=3,524 found=0 n=382807547873659858742793 elapsed=994s
progress: nodes=21,590,000,000 tested=3,524 found=0 n=325334475161297881568289 elapsed=995s
progress: nodes=21,600,000,000 tested=3,524 found=0 n=574041099849723456269319 elapsed=995s
progress: nodes=21,610,000,000 tested=3,524 found=0 n=412849371821866518015477 elapsed=996s
progress: nodes=21,620,000,000 tested=3,524 found=0 n=559469990524711397071941 elapsed=996s
progress: nodes=21,630,000,000 tested=3,524 found=0 n=300291340367642457050217 elapsed=997s
progress: nodes=21,640,000,000 tested=3,524 found=0 n=340199662341109103221689 elapsed=997s
progress: nodes=21,650,000,000 tested=3,524 found=0 n=671682275043175547544393 elapsed=997s
progress: nodes=21,660,000,000 tested=3,524 found=0 n=568222280410110297374403 elapsed=998s
progress: nodes=21,670,000,000 tested=3,524 found=0 n=768649416745213670934267 elapsed=998s
progress: nodes=21,680,000,000 tested=3,524 found=0 n=539758740754910695475457 elapsed=999s
progress: nodes=21,690,000,000 tested=3,524 found=0 n=610957055473137592862643 elapsed=999s
progress: nodes=21,700,000,000 tested=3,524 found=0 n=287414680743103051595457 elapsed=1000s
progress: nodes=21,710,000,000 tested=3,524 found=0 n=282201359743685610339111 elapsed=1000s
progress: nodes=21,720,000,000 tested=3,524 found=0 n=594793022446547974168119 elapsed=1001s
progress: nodes=21,730,000,000 tested=3,524 found=0 n=540112797894833956161369 elapsed=1001s
progress: nodes=21,740,000,000 tested=3,524 found=0 n=813071346249895654278357 elapsed=1002s
progress: nodes=21,750,000,000 tested=3,524 found=0 n=720926956122016480639803 elapsed=1002s
progress: nodes=21,760,000,000 tested=3,524 found=0 n=927972863478059627815587 elapsed=1003s
progress: nodes=21,770,000,000 tested=3,524 found=0 n=732181224180298672078299 elapsed=1003s
progress: nodes=21,780,000,000 tested=3,524 found=0 n=860863768336630471073661 elapsed=1004s
progress: nodes=21,790,000,000 tested=3,524 found=0 n=601471393637409484928739 elapsed=1004s
progress: nodes=21,800,000,000 tested=3,524 found=0 n=658875046169148678812943 elapsed=1005s
progress: nodes=21,810,000,000 tested=3,524 found=0 n=350485617024179479519677 elapsed=1005s
progress: nodes=21,820,000,000 tested=3,524 found=0 n=378961438789394115121467 elapsed=1006s
progress: nodes=21,830,000,000 tested=3,524 found=0 n=703316007361548656073999 elapsed=1006s
progress: nodes=21,840,000,000 tested=3,524 found=0 n=671559071307654112269687 elapsed=1007s
progress: nodes=21,850,000,000 tested=3,524 found=0 n=952528670794129905913437 elapsed=1007s
progress: nodes=21,860,000,000 tested=3,524 found=0 n=896901476323191488768619 elapsed=1008s
progress: nodes=21,870,000,000 tested=3,524 found=0 n=504059367543785506009557 elapsed=1008s
progress: nodes=21,880,000,000 tested=3,524 found=0 n=439139822233631340440619 elapsed=1009s
progress: nodes=21,890,000,000 tested=3,524 found=0 n=696407914546111520944191 elapsed=1009s
progress: nodes=21,900,000,000 tested=3,524 found=0 n=613651803099560237689677 elapsed=1010s
progress: nodes=21,910,000,000 tested=3,524 found=0 n=880316446346466495873507 elapsed=1010s
progress: nodes=21,920,000,000 tested=3,524 found=0 n=808503703865825719995243 elapsed=1011s
progress: nodes=21,930,000,000 tested=3,524 found=0 n=400250347496772678812907 elapsed=1011s
progress: nodes=21,940,000,000 tested=3,524 found=0 n=338465154733036265803869 elapsed=1011s
progress: nodes=21,950,000,000 tested=3,524 found=0 n=615161350002693475674693 elapsed=1012s
progress: nodes=21,960,000,000 tested=3,524 found=0 n=602757033681091913604981 elapsed=1012s
progress: nodes=21,970,000,000 tested=3,524 found=0 n=933249619550857010923521 elapsed=1013s
progress: nodes=21,980,000,000 tested=3,524 found=0 n=309819920651561995874199 elapsed=1013s
progress: nodes=21,990,000,000 tested=3,524 found=0 n=651002512504599127904031 elapsed=1014s
progress: nodes=22,000,000,000 tested=3,524 found=0 n=709848377121018034228329 elapsed=1014s
progress: nodes=22,010,000,000 tested=3,524 found=0 n=472221290243907334663533 elapsed=1015s
progress: nodes=22,020,000,000 tested=3,524 found=0 n=589760538306144386394213 elapsed=1015s
progress: nodes=22,030,000,000 tested=3,524 found=0 n=433003169384791147939797 elapsed=1016s
progress: nodes=22,040,000,000 tested=3,524 found=0 n=600459115228697905919739 elapsed=1016s
progress: nodes=22,050,000,000 tested=3,524 found=0 n=482851599700346361904419 elapsed=1017s
progress: nodes=22,060,000,000 tested=3,524 found=0 n=719603578374807503227851 elapsed=1017s
progress: nodes=22,070,000,000 tested=3,524 found=0 n=687687987974100081557589 elapsed=1018s
progress: nodes=22,080,000,000 tested=3,524 found=0 n=394033705219658640575439 elapsed=1018s
progress: nodes=22,090,000,000 tested=3,524 found=0 n=459238873413844429156251 elapsed=1019s
progress: nodes=22,100,000,000 tested=3,524 found=0 n=873093621212172468999891 elapsed=1019s
progress: nodes=22,110,000,000 tested=3,524 found=0 n=423314369199898311642507 elapsed=1020s
progress: nodes=22,120,000,000 tested=3,524 found=0 n=373568327179804149161769 elapsed=1020s
progress: nodes=22,130,000,000 tested=3,524 found=0 n=674811194335155055309131 elapsed=1021s
progress: nodes=22,140,000,000 tested=3,524 found=0 n=746535750492308690860947 elapsed=1021s
progress: nodes=22,150,000,000 tested=3,524 found=0 n=579788874029384800828047 elapsed=1022s
progress: nodes=22,160,000,000 tested=3,524 found=0 n=783824854225901108794173 elapsed=1022s
progress: nodes=22,170,000,000 tested=3,524 found=0 n=776074224483280085386023 elapsed=1023s
progress: nodes=22,180,000,000 tested=3,524 found=0 n=552334197020809374107937 elapsed=1023s
progress: nodes=22,190,000,000 tested=3,524 found=0 n=702911021987387654554113 elapsed=1024s
progress: nodes=22,200,000,000 tested=3,524 found=0 n=627653907682255713542283 elapsed=1024s
progress: nodes=22,210,000,000 tested=3,524 found=0 n=920917303887935940172587 elapsed=1025s
progress: nodes=22,220,000,000 tested=3,524 found=0 n=404811407114364894156513 elapsed=1025s
progress: nodes=22,230,000,000 tested=3,524 found=0 n=866302829881689344281137 elapsed=1026s
progress: nodes=22,240,000,000 tested=3,524 found=0 n=540598569965889048667053 elapsed=1026s
progress: nodes=22,250,000,000 tested=3,524 found=0 n=596034115850055025566423 elapsed=1027s
progress: nodes=22,260,000,000 tested=3,524 found=0 n=469889071858501572290013 elapsed=1027s
progress: nodes=22,270,000,000 tested=3,524 found=0 n=742117942420265550716577 elapsed=1027s
progress: nodes=22,280,000,000 tested=3,524 found=0 n=856958492033706529277811 elapsed=1028s
progress: nodes=22,290,000,000 tested=3,524 found=0 n=803844193459899854769507 elapsed=1028s
progress: nodes=22,300,000,000 tested=3,524 found=0 n=613746652036764559636323 elapsed=1029s
progress: nodes=22,310,000,000 tested=3,524 found=0 n=832294844786718781270803 elapsed=1029s
progress: nodes=22,320,000,000 tested=3,524 found=0 n=870042568033891880336709 elapsed=1030s
progress: nodes=22,330,000,000 tested=3,524 found=0 n=751695454756095757364457 elapsed=1030s
progress: nodes=22,340,000,000 tested=3,524 found=0 n=480291524371735163926839 elapsed=1031s
progress: nodes=22,350,000,000 tested=3,524 found=0 n=632959384357348062301287 elapsed=1031s
progress: nodes=22,360,000,000 tested=3,524 found=0 n=646630654494032458333083 elapsed=1032s
progress: nodes=22,370,000,000 tested=3,524 found=0 n=537522374348361423060039 elapsed=1032s
progress: nodes=22,380,000,000 tested=3,524 found=0 n=862681799311391873612799 elapsed=1033s
progress: nodes=22,390,000,000 tested=3,524 found=0 n=524903694883638904474641 elapsed=1033s
progress: nodes=22,400,000,000 tested=3,524 found=0 n=618403021988361803664471 elapsed=1034s
progress: nodes=22,410,000,000 tested=3,524 found=0 n=606496772912401773885483 elapsed=1034s
progress: nodes=22,420,000,000 tested=3,524 found=0 n=485808353527431591395739 elapsed=1035s
progress: nodes=22,430,000,000 tested=3,524 found=0 n=784308061797729927757299 elapsed=1035s
progress: nodes=22,440,000,000 tested=3,524 found=0 n=472786183384902216108279 elapsed=1036s
progress: nodes=22,450,000,000 tested=3,524 found=0 n=647243801979387768496341 elapsed=1036s
progress: nodes=22,460,000,000 tested=3,524 found=0 n=767667555812946052397133 elapsed=1037s
progress: nodes=22,470,000,000 tested=3,524 found=0 n=823246926892093144490049 elapsed=1037s
progress: nodes=22,480,000,000 tested=3,524 found=0 n=812350063218538806252291 elapsed=1038s
progress: nodes=22,490,000,000 tested=3,524 found=0 n=741118334248993156264809 elapsed=1038s
progress: nodes=22,500,000,000 tested=3,524 found=0 n=606549375887694061990167 elapsed=1039s
progress: nodes=22,510,000,000 tested=3,524 found=0 n=418295978158252909683969 elapsed=1039s
progress: nodes=22,520,000,000 tested=3,524 found=0 n=712594333410170095117233 elapsed=1040s
progress: nodes=22,530,000,000 tested=3,524 found=0 n=472976112599813583934173 elapsed=1040s
progress: nodes=22,540,000,000 tested=3,524 found=0 n=706512331705112171516277 elapsed=1041s
progress: nodes=22,550,000,000 tested=3,524 found=0 n=902446680046987411763427 elapsed=1041s
progress: nodes=22,560,000,000 tested=3,524 found=0 n=562243102412945967056043 elapsed=1042s
progress: nodes=22,570,000,000 tested=3,524 found=0 n=682201829600881536939993 elapsed=1042s
progress: nodes=22,580,000,000 tested=3,524 found=0 n=775684856226459501575253 elapsed=1043s
progress: nodes=22,590,000,000 tested=3,524 found=0 n=881697404106320455727073 elapsed=1043s
progress: nodes=22,600,000,000 tested=3,524 found=0 n=495873606886945731284841 elapsed=1044s
progress: nodes=22,610,000,000 tested=3,524 found=0 n=630153316942967002752567 elapsed=1044s
progress: nodes=22,620,000,000 tested=3,524 found=0 n=795918176617013006347791 elapsed=1045s
progress: nodes=22,630,000,000 tested=3,524 found=0 n=494005067426566603538631 elapsed=1045s
progress: nodes=22,640,000,000 tested=3,524 found=0 n=717676966870399232249553 elapsed=1046s
progress: nodes=22,650,000,000 tested=3,524 found=0 n=479059673175269046912051 elapsed=1046s
progress: nodes=22,660,000,000 tested=3,524 found=0 n=778661766783705806082081 elapsed=1047s
progress: nodes=22,670,000,000 tested=3,524 found=0 n=634261760647842055429701 elapsed=1047s
progress: nodes=22,680,000,000 tested=3,524 found=0 n=564983435633351704981011 elapsed=1048s
progress: nodes=22,690,000,000 tested=3,524 found=0 n=568028020768338452739417 elapsed=1048s
progress: nodes=22,700,000,000 tested=3,524 found=0 n=661563755565416492499711 elapsed=1049s
progress: nodes=22,710,000,000 tested=3,524 found=0 n=838545378771214072901943 elapsed=1049s
progress: nodes=22,720,000,000 tested=3,524 found=0 n=626127086360710477243701 elapsed=1050s
progress: nodes=22,730,000,000 tested=3,524 found=0 n=502278044166082489037733 elapsed=1050s
progress: nodes=22,740,000,000 tested=3,524 found=0 n=511758720231061359373317 elapsed=1051s
progress: nodes=22,750,000,000 tested=3,524 found=0 n=653936554843754058703827 elapsed=1051s
progress: nodes=22,760,000,000 tested=3,524 found=0 n=491434007443583238251217 elapsed=1052s
progress: nodes=22,770,000,000 tested=3,524 found=0 n=468628008374206874982789 elapsed=1052s
progress: nodes=22,780,000,000 tested=3,524 found=0 n=605034121552410348529731 elapsed=1053s
progress: nodes=22,790,000,000 tested=3,524 found=0 n=450869471201538708872553 elapsed=1053s
progress: nodes=22,800,000,000 tested=3,524 found=0 n=477516566193872626750329 elapsed=1054s
progress: nodes=22,810,000,000 tested=3,524 found=0 n=697895991374423284554111 elapsed=1054s
progress: nodes=22,820,000,000 tested=3,524 found=0 n=648792858536575184250819 elapsed=1055s
progress: nodes=22,830,000,000 tested=3,524 found=0 n=796659317388052771499847 elapsed=1055s
progress: nodes=22,840,000,000 tested=3,524 found=0 n=702845283566796937549983 elapsed=1056s
progress: nodes=22,850,000,000 tested=3,524 found=0 n=839548563559930986332571 elapsed=1056s
progress: nodes=22,860,000,000 tested=3,524 found=0 n=766048795240418450353593 elapsed=1057s
progress: nodes=22,870,000,000 tested=3,524 found=0 n=530522358011439242005557 elapsed=1057s
progress: nodes=22,880,000,000 tested=3,524 found=0 n=524700760107735764646093 elapsed=1058s
progress: nodes=22,890,000,000 tested=3,524 found=0 n=798802631316396417840129 elapsed=1058s
progress: nodes=22,900,000,000 tested=3,524 found=0 n=546758857541308942953423 elapsed=1059s
progress: nodes=22,910,000,000 tested=3,524 found=0 n=608200283068750830691233 elapsed=1059s
progress: nodes=22,920,000,000 tested=3,524 found=0 n=560018450070294738361839 elapsed=1060s
progress: nodes=22,930,000,000 tested=3,524 found=0 n=829601878341548032077357 elapsed=1060s
progress: nodes=22,940,000,000 tested=3,524 found=0 n=601255904052357190804167 elapsed=1061s
progress: nodes=22,950,000,000 tested=3,524 found=0 n=721282153039224695567649 elapsed=1061s
progress: nodes=22,960,000,000 tested=3,524 found=0 n=803799342189737607783069 elapsed=1062s
progress: nodes=22,970,000,000 tested=3,524 found=0 n=881977099054349325336309 elapsed=1062s
progress: nodes=22,980,000,000 tested=3,524 found=0 n=537629545141583466000429 elapsed=1063s
progress: nodes=22,990,000,000 tested=3,524 found=0 n=598951666683939526128171 elapsed=1063s
progress: nodes=23,000,000,000 tested=3,524 found=0 n=695104887956052818030787 elapsed=1064s
progress: nodes=23,010,000,000 tested=3,524 found=0 n=834995981614575298941423 elapsed=1064s
progress: nodes=23,020,000,000 tested=3,524 found=0 n=640136711452807917507159 elapsed=1065s
progress: nodes=23,030,000,000 tested=3,524 found=0 n=550034326803754365702129 elapsed=1065s
progress: nodes=23,040,000,000 tested=3,524 found=0 n=582360241021753173090111 elapsed=1066s
progress: nodes=23,050,000,000 tested=3,524 found=0 n=751073104681013624797287 elapsed=1066s
progress: nodes=23,060,000,000 tested=3,524 found=0 n=654731848130561941268529 elapsed=1067s
progress: nodes=23,070,000,000 tested=3,524 found=0 n=740269375029984962233071 elapsed=1067s
progress: nodes=23,080,000,000 tested=3,524 found=0 n=650803513690219979948859 elapsed=1068s
progress: nodes=23,090,000,000 tested=3,524 found=0 n=788732364851875340637741 elapsed=1068s
progress: nodes=23,100,000,000 tested=3,524 found=0 n=812240031406164876658143 elapsed=1069s
progress: nodes=23,110,000,000 tested=3,524 found=0 n=766487398219316810185149 elapsed=1069s
progress: nodes=23,120,000,000 tested=3,524 found=0 n=723638829649511166602211 elapsed=1070s
progress: nodes=23,130,000,000 tested=3,524 found=0 n=693305599202826330547827 elapsed=1070s
progress: nodes=23,140,000,000 tested=3,524 found=0 n=681879590854638135422463 elapsed=1071s
progress: nodes=23,150,000,000 tested=3,524 found=0 n=705794747442127426752669 elapsed=1071s
progress: nodes=23,160,000,000 tested=3,524 found=0 n=825832297859678769530871 elapsed=1072s
progress: nodes=23,170,000,000 tested=3,524 found=0 n=776505317802831986740371 elapsed=1072s
progress: nodes=23,180,000,000 tested=3,524 found=0 n=570017739986520181503147 elapsed=1073s
progress: nodes=23,190,000,000 tested=3,524 found=0 n=904327632076765301031627 elapsed=1073s
progress: nodes=23,200,000,000 tested=3,524 found=0 n=759871203931061000641863 elapsed=1074s
progress: nodes=23,210,000,000 tested=3,524 found=0 n=611605793690194763733273 elapsed=1074s
progress: nodes=23,220,000,000 tested=3,524 found=0 n=825694032129115629693213 elapsed=1075s
progress: nodes=23,230,000,000 tested=3,524 found=0 n=791059812450180464882691 elapsed=1075s
progress: nodes=23,240,000,000 tested=3,524 found=0 n=897267339697523847905853 elapsed=1076s
progress: nodes=23,250,000,000 tested=3,524 found=0 n=868017826383480913491351 elapsed=1076s
progress: nodes=23,260,000,000 tested=3,524 found=0 n=795317746558929346195443 elapsed=1077s
progress: nodes=23,270,000,000 tested=3,524 found=0 n=733055118777295721185779 elapsed=1077s
progress: nodes=23,280,000,000 tested=3,524 found=0 n=814207685464061759771901 elapsed=1078s
progress: nodes=23,290,000,000 tested=3,524 found=0 n=766358257283555705087319 elapsed=1078s
progress: nodes=23,300,000,000 tested=3,524 found=0 n=656642173461705233131329 elapsed=1079s
progress: nodes=23,310,000,000 tested=3,524 found=0 n=842528076968280019133817 elapsed=1079s
progress: nodes=23,320,000,000 tested=3,524 found=0 n=765334422560350812127959 elapsed=1080s
progress: nodes=23,330,000,000 tested=3,524 found=0 n=656284155101103557751723 elapsed=1081s
progress: nodes=23,340,000,000 tested=3,524 found=0 n=870636679608935319181101 elapsed=1081s
progress: nodes=23,350,000,000 tested=3,524 found=0 n=709321370948892002694393 elapsed=1082s
progress: nodes=23,360,000,000 tested=3,524 found=0 n=918412280627001369466257 elapsed=1082s
progress: nodes=23,370,000,000 tested=3,524 found=0 n=738940524559819793250039 elapsed=1083s
progress: nodes=23,380,000,000 tested=3,524 found=0 n=838890674637431445388359 elapsed=1083s
progress: nodes=23,390,000,000 tested=3,524 found=0 n=860522277498014241181071 elapsed=1084s
progress: nodes=23,400,000,000 tested=3,524 found=0 n=807647279279129576450163 elapsed=1084s
progress: nodes=23,410,000,000 tested=3,524 found=0 n=842695516843914219392907 elapsed=1085s
progress: nodes=23,420,000,000 tested=3,524 found=0 n=717003677719066888871721 elapsed=1085s
progress: nodes=23,430,000,000 tested=3,524 found=0 n=716157621880540460788167 elapsed=1086s
progress: nodes=23,440,000,000 tested=3,524 found=0 n=915975510759549378357219 elapsed=1086s
progress: nodes=23,450,000,000 tested=3,524 found=0 n=772379979170088974826141 elapsed=1087s
progress: nodes=23,460,000,000 tested=3,524 found=0 n=815184889463764734863949 elapsed=1087s
progress: nodes=23,470,000,000 tested=3,524 found=0 n=823627097776436229975699 elapsed=1088s
progress: nodes=23,480,000,000 tested=3,524 found=0 n=856331427522374179008633 elapsed=1088s
progress: nodes=23,490,000,000 tested=3,524 found=0 n=902823412373938685412783 elapsed=1089s
progress: nodes=23,500,000,000 tested=3,524 found=0 n=873282923401384174485807 elapsed=1089s
progress: nodes=23,510,000,000 tested=3,524 found=0 n=803304124941607689130731 elapsed=1090s
progress: nodes=23,520,000,000 tested=3,524 found=0 n=879298033321197683556363 elapsed=1090s
progress: nodes=23,530,000,000 tested=3,524 found=0 n=896371726237176597867459 elapsed=1091s
progress: nodes=23,540,000,000 tested=3,524 found=0 n=959123270182327201110159 elapsed=1091s
progress: nodes=23,550,000,000 tested=3,524 found=0 n=907376400012709053650223 elapsed=1092s
progress: nodes=23,560,000,000 tested=3,524 found=0 n=953855019880112461580469 elapsed=1092s
progress: nodes=23,570,000,000 tested=3,524 found=0 n=976490044868679212632761 elapsed=1093s
progress: nodes=23,580,000,000 tested=3,524 found=0 n=958034880769667544160317 elapsed=1094s
progress: nodes=23,590,000,000 tested=3,524 found=0 n=255862140587107516162701 elapsed=1094s
progress: nodes=23,600,000,000 tested=3,524 found=0 n=754284696702645102237243 elapsed=1094s
progress: nodes=23,610,000,000 tested=3,524 found=0 n=411351289976334545630793 elapsed=1095s
progress: nodes=23,620,000,000 tested=3,524 found=0 n=151324499237756013260091 elapsed=1095s
progress: nodes=23,630,000,000 tested=3,524 found=0 n=834930969856827567700977 elapsed=1096s
progress: nodes=23,640,000,000 tested=3,524 found=0 n=688501135964209813632387 elapsed=1096s
progress: nodes=23,650,000,000 tested=3,524 found=0 n=611480380370696363978451 elapsed=1097s
progress: nodes=23,660,000,000 tested=3,524 found=0 n=599346718659827268521391 elapsed=1097s
progress: nodes=23,670,000,000 tested=3,524 found=0 n=645272753759818899115401 elapsed=1098s
progress: nodes=23,680,000,000 tested=3,524 found=0 n=757883005347157926745509 elapsed=1098s
progress: nodes=23,690,000,000 tested=3,524 found=0 n=936789581876700223114443 elapsed=1099s
progress: nodes=23,700,000,000 tested=3,524 found=0 n=276099680499147883228851 elapsed=1099s
progress: nodes=23,710,000,000 tested=3,524 found=0 n=587199493919391644860569 elapsed=1100s
progress: nodes=23,720,000,000 tested=3,524 found=0 n=987095892149596359857727 elapsed=1100s
progress: nodes=23,730,000,000 tested=3,524 found=0 n=534040599733767559431999 elapsed=1100s
progress: nodes=23,740,000,000 tested=3,524 found=0 n=169237217329367542912557 elapsed=1101s
progress: nodes=23,750,000,000 tested=3,524 found=0 n=751235471381801482309233 elapsed=1101s
progress: nodes=23,760,000,000 tested=3,524 found=0 n=512147076387250078828053 elapsed=1102s
progress: nodes=23,770,000,000 tested=3,524 found=0 n=343751453389293704575821 elapsed=1102s
progress: nodes=23,780,000,000 tested=3,524 found=0 n=251892934346870236276857 elapsed=1103s
progress: nodes=23,790,000,000 tested=3,524 found=0 n=225707732880730481644263 elapsed=1103s
progress: nodes=23,800,000,000 tested=3,524 found=0 n=265100139921029054232591 elapsed=1104s
progress: nodes=23,810,000,000 tested=3,524 found=0 n=375860130748465935360789 elapsed=1104s
progress: nodes=23,820,000,000 tested=3,524 found=0 n=557524446133816126846881 elapsed=1105s
progress: nodes=23,830,000,000 tested=3,524 found=0 n=810489466411710378346053 elapsed=1105s
progress: nodes=23,840,000,000 tested=3,524 found=0 n=227205992656607736839067 elapsed=1105s
progress: nodes=23,850,000,000 tested=3,524 found=0 n=593404834613639860598787 elapsed=1106s
progress: nodes=23,860,000,000 tested=3,524 found=0 n=152797544847710356925331 elapsed=1106s
progress: nodes=23,870,000,000 tested=3,524 found=0 n=641804997397223842803621 elapsed=1107s
progress: nodes=23,880,000,000 tested=3,524 found=0 n=319559127633667419218721 elapsed=1107s
progress: nodes=23,890,000,000 tested=3,524 found=0 n=964866067874037488596437 elapsed=1108s
progress: nodes=23,900,000,000 tested=3,524 found=0 n=769668798816881087217093 elapsed=1108s
progress: nodes=23,910,000,000 tested=3,524 found=0 n=644718899477941188847947 elapsed=1109s
progress: nodes=23,920,000,000 tested=3,524 found=0 n=602123946921818973965313 elapsed=1109s
progress: nodes=23,930,000,000 tested=3,524 found=0 n=641188700480266490058507 elapsed=1110s
progress: nodes=23,940,000,000 tested=3,524 found=0 n=750624070357878173634177 elapsed=1110s
progress: nodes=23,950,000,000 tested=3,524 found=0 n=924376362398252114127777 elapsed=1110s
progress: nodes=23,960,000,000 tested=3,524 found=0 n=266441316245778338305641 elapsed=1111s
progress: nodes=23,970,000,000 tested=3,524 found=0 n=565352092715331168344097 elapsed=1111s
progress: nodes=23,980,000,000 tested=3,524 found=0 n=949344489252596786297949 elapsed=1112s
progress: nodes=23,990,000,000 tested=3,524 found=0 n=500943449416306414076559 elapsed=1112s
progress: nodes=24,000,000,000 tested=3,524 found=0 n=142229838950562003790149 elapsed=1113s
progress: nodes=24,010,000,000 tested=3,524 found=0 n=713250090028393788469599 elapsed=1113s
progress: nodes=24,020,000,000 tested=3,524 found=0 n=473562512721713369633679 elapsed=1114s
progress: nodes=24,030,000,000 tested=3,524 found=0 n=308850549596540028934857 elapsed=1114s
progress: nodes=24,040,000,000 tested=3,524 found=0 n=216113408194593334115691 elapsed=1115s
progress: nodes=24,050,000,000 tested=3,524 found=0 n=191528977447044366119991 elapsed=1115s
progress: nodes=24,060,000,000 tested=3,524 found=0 n=232534497570070004866557 elapsed=1115s
progress: nodes=24,070,000,000 tested=3,524 found=0 n=344740217243292265812417 elapsed=1116s
progress: nodes=24,080,000,000 tested=3,524 found=0 n=533092180095762905190573 elapsed=1116s
progress: nodes=24,090,000,000 tested=3,524 found=0 n=793154776005666675097497 elapsed=1117s
progress: nodes=24,100,000,000 tested=3,524 found=0 n=233096194352897656341561 elapsed=1117s
progress: nodes=24,110,000,000 tested=3,524 found=0 n=614571411064118863522167 elapsed=1118s
progress: nodes=24,120,000,000 tested=3,524 found=0 n=201454177675195088092449 elapsed=1118s
progress: nodes=24,130,000,000 tested=3,524 found=0 n=727961030731338833235807 elapsed=1119s
progress: nodes=24,140,000,000 tested=3,524 found=0 n=453143227257521504464761 elapsed=1119s
progress: nodes=24,150,000,000 tested=3,524 found=0 n=263643454630445986169073 elapsed=1119s
progress: nodes=24,160,000,000 tested=3,524 found=0 n=148135158086728995631449 elapsed=1120s
progress: nodes=24,170,000,000 tested=3,524 found=0 n=973120940487608410811313 elapsed=1120s
progress: nodes=24,180,000,000 tested=3,524 found=0 n=992473904429513925255837 elapsed=1121s
progress: nodes=24,190,000,000 tested=3,524 found=0 n=204881914837471016075931 elapsed=1121s
progress: nodes=24,200,000,000 tested=3,524 found=0 n=354690963226439637909111 elapsed=1122s
progress: nodes=24,210,000,000 tested=3,524 found=0 n=585775604852248597227441 elapsed=1122s
progress: nodes=24,220,000,000 tested=3,524 found=0 n=890818261803561984952059 elapsed=1123s
progress: nodes=24,230,000,000 tested=3,524 found=0 n=373809724208898390670257 elapsed=1123s
progress: nodes=24,240,000,000 tested=3,524 found=0 n=811716096926505646919043 elapsed=1124s
progress: nodes=24,250,000,000 tested=3,524 found=0 n=431523115504944165175473 elapsed=1124s
progress: nodes=24,260,000,000 tested=3,524 found=0 n=142034580899500839442893 elapsed=1124s
progress: nodes=24,270,000,000 tested=3,524 found=0 n=783169764241958741160513 elapsed=1125s
progress: nodes=24,280,000,000 tested=3,524 found=0 n=627742144816977107916999 elapsed=1125s
progress: nodes=24,290,000,000 tested=3,524 found=0 n=544606771492162854854379 elapsed=1126s
progress: nodes=24,300,000,000 tested=3,524 found=0 n=531835282048860290992491 elapsed=1126s
progress: nodes=24,310,000,000 tested=3,524 found=0 n=593615086377111551541789 elapsed=1127s
progress: nodes=24,320,000,000 tested=3,524 found=0 n=736531178651015300736183 elapsed=1127s
progress: nodes=24,330,000,000 tested=3,524 found=0 n=964745335391599457767071 elapsed=1128s
progress: nodes=24,340,000,000 tested=3,524 found=0 n=389896756800323490196479 elapsed=1128s
progress: nodes=24,350,000,000 tested=3,524 found=0 n=780223820445949095116901 elapsed=1129s
progress: nodes=24,360,000,000 tested=3,524 found=0 n=371145105158402546454483 elapsed=1129s
progress: nodes=24,370,000,000 tested=3,524 found=0 n=919237536105913853297469 elapsed=1129s
progress: nodes=24,380,000,000 tested=3,524 found=0 n=653120096138829992754081 elapsed=1130s
progress: nodes=24,390,000,000 tested=3,524 found=0 n=470901368548328572165311 elapsed=1130s
progress: nodes=24,400,000,000 tested=3,524 found=0 n=369954625064602500735813 elapsed=1131s
progress: nodes=24,410,000,000 tested=3,524 found=0 n=345135543619256430521481 elapsed=1131s
progress: nodes=24,420,000,000 tested=3,524 found=0 n=389516257370979748706697 elapsed=1132s
progress: nodes=24,430,000,000 tested=3,524 found=0 n=502261327898008924494249 elapsed=1132s
progress: nodes=24,440,000,000 tested=3,524 found=0 n=686424092463954110933667 elapsed=1133s
progress: nodes=24,450,000,000 tested=3,524 found=0 n=949890578541947352857547 elapsed=1133s
progress: nodes=24,460,000,000 tested=3,524 found=0 n=412499669103878073706989 elapsed=1133s
progress: nodes=24,470,000,000 tested=3,524 found=0 n=846525469190677559340057 elapsed=1134s
progress: nodes=24,480,000,000 tested=3,524 found=0 n=486463976081730927473193 elapsed=1134s
progress: nodes=24,490,000,000 tested=3,524 found=0 n=220822164381251512029951 elapsed=1135s
progress: nodes=24,500,000,000 tested=3,524 found=0 n=903851450495371909940409 elapsed=1135s
progress: nodes=24,510,000,000 tested=3,524 found=0 n=794968116704193170561823 elapsed=1136s
progress: nodes=24,520,000,000 tested=3,524 found=0 n=765246362680027189178217 elapsed=1136s
progress: nodes=24,530,000,000 tested=3,524 found=0 n=810616796446995739730529 elapsed=1137s
progress: nodes=24,540,000,000 tested=3,524 found=0 n=932062233672210654290277 elapsed=1137s
progress: nodes=24,550,000,000 tested=3,524 found=0 n=260369729856817170859269 elapsed=1138s
progress: nodes=24,560,000,000 tested=3,524 found=0 n=532223792873920434087801 elapsed=1138s
progress: nodes=24,570,000,000 tested=3,524 found=0 n=911578681276306937766873 elapsed=1138s
progress: nodes=24,580,000,000 tested=3,524 found=0 n=497813600090833847401581 elapsed=1139s
progress: nodes=24,590,000,000 tested=3,524 found=0 n=184568627638291923229203 elapsed=1139s
progress: nodes=24,600,000,000 tested=3,524 found=0 n=804719420780528223579609 elapsed=1140s
progress: nodes=24,610,000,000 tested=3,524 found=0 n=637702909544194494591591 elapsed=1140s
progress: nodes=24,620,000,000 tested=3,524 found=0 n=560018396996644294065357 elapsed=1141s
progress: nodes=24,630,000,000 tested=3,524 found=0 n=562676560887529379680389 elapsed=1141s
progress: nodes=24,640,000,000 tested=3,524 found=0 n=649940729464726279560981 elapsed=1142s
progress: nodes=24,650,000,000 tested=3,524 found=0 n=832111745572222984865997 elapsed=1142s
progress: nodes=24,660,000,000 tested=3,524 found=0 n=228842186562285669632259 elapsed=1143s
progress: nodes=24,670,000,000 tested=3,524 found=0 n=566300499761923039344231 elapsed=1143s
progress: nodes=24,680,000,000 tested=3,524 found=0 n=155255540286069672568119 elapsed=1144s
progress: nodes=24,690,000,000 tested=3,524 found=0 n=663249214067607098848917 elapsed=1144s
progress: nodes=24,700,000,000 tested=3,524 found=0 n=418550307881392440214461 elapsed=1145s
progress: nodes=24,710,000,000 tested=3,524 found=0 n=265314165109294431941811 elapsed=1145s
progress: nodes=24,720,000,000 tested=3,524 found=0 n=200044654205361746117337 elapsed=1145s
progress: nodes=24,730,000,000 tested=3,524 found=0 n=209341807791287923028277 elapsed=1146s
progress: nodes=24,740,000,000 tested=3,524 found=0 n=297124522735204454309019 elapsed=1146s
progress: nodes=24,750,000,000 tested=3,524 found=0 n=460738359550903329943047 elapsed=1147s
progress: nodes=24,760,000,000 tested=3,524 found=0 n=726311939916173261493843 elapsed=1147s
progress: nodes=24,770,000,000 tested=3,524 found=0 n=234182586422154764691297 elapsed=1148s
progress: nodes=24,780,000,000 tested=3,524 found=0 n=675834768102432816456579 elapsed=1148s
progress: nodes=24,790,000,000 tested=3,524 found=0 n=346536057926535813393057 elapsed=1149s
progress: nodes=24,800,000,000 tested=3,524 found=0 n=961589844984771732088359 elapsed=1149s
progress: nodes=24,810,000,000 tested=3,524 found=0 n=794274336826297962904269 elapsed=1150s
progress: nodes=24,820,000,000 tested=3,524 found=0 n=718784431841556000960039 elapsed=1150s
progress: nodes=24,830,000,000 tested=3,524 found=0 n=722701515759546794548077 elapsed=1150s
progress: nodes=24,840,000,000 tested=3,524 found=0 n=817746390941674847449797 elapsed=1151s
progress: nodes=24,850,000,000 tested=3,524 found=0 n=996991133887955042247411 elapsed=1151s
progress: nodes=24,860,000,000 tested=3,524 found=0 n=401615503273518346910097 elapsed=1152s
progress: nodes=24,870,000,000 tested=3,524 found=0 n=762842374574605778590137 elapsed=1152s
progress: nodes=24,880,000,000 tested=3,524 found=0 n=353548294784853886831113 elapsed=1153s
progress: nodes=24,890,000,000 tested=3,524 found=0 n=886914532268747181500301 elapsed=1153s
progress: nodes=24,900,000,000 tested=3,524 found=0 n=639610344216368332314507 elapsed=1154s
progress: nodes=24,910,000,000 tested=3,524 found=0 n=476134238472810222141837 elapsed=1154s
progress: nodes=24,920,000,000 tested=3,524 found=0 n=407680221111198735839139 elapsed=1155s
progress: nodes=24,930,000,000 tested=3,524 found=0 n=436868130033083188683243 elapsed=1155s
progress: nodes=24,940,000,000 tested=3,524 found=0 n=557968320467193227595003 elapsed=1155s
progress: nodes=24,950,000,000 tested=3,524 found=0 n=765707235191263457068977 elapsed=1156s
progress: nodes=24,960,000,000 tested=3,524 found=0 n=220117291652481137673759 elapsed=1156s
progress: nodes=24,970,000,000 tested=3,524 found=0 n=600188856857499506710113 elapsed=1157s
progress: nodes=24,980,000,000 tested=3,524 found=0 n=234292338030898156196187 elapsed=1157s
progress: nodes=24,990,000,000 tested=3,524 found=0 n=794920114843301665455237 elapsed=1158s
progress: nodes=25,000,000,000 tested=3,524 found=0 n=599134186926341426539179 elapsed=1158s
progress: nodes=25,010,000,000 tested=3,524 found=0 n=501989592991673571898113 elapsed=1159s
progress: nodes=25,020,000,000 tested=3,524 found=0 n=494824610236119955108317 elapsed=1159s
progress: nodes=25,030,000,000 tested=3,524 found=0 n=592217788070394053558991 elapsed=1160s
progress: nodes=25,040,000,000 tested=3,524 found=0 n=811096036381802077683777 elapsed=1160s
progress: nodes=25,050,000,000 tested=3,524 found=0 n=278627016706845959525373 elapsed=1161s
progress: nodes=25,060,000,000 tested=3,524 found=0 n=671379101166684597209523 elapsed=1161s
progress: nodes=25,070,000,000 tested=3,524 found=0 n=319210169718834387010017 elapsed=1161s
progress: nodes=25,080,000,000 tested=3,524 found=0 n=894595330110214829893797 elapsed=1162s
progress: nodes=25,090,000,000 tested=3,524 found=0 n=710422730302668390224217 elapsed=1162s
progress: nodes=25,100,000,000 tested=3,524 found=0 n=623551341904739096962113 elapsed=1163s
progress: nodes=25,110,000,000 tested=3,524 found=0 n=631916284415055580361421 elapsed=1163s
progress: nodes=25,120,000,000 tested=3,524 found=0 n=734144301060158262473199 elapsed=1164s
progress: nodes=25,130,000,000 tested=3,524 found=0 n=935860644274623484129713 elapsed=1164s
progress: nodes=25,140,000,000 tested=3,524 found=0 n=387629660373508882109781 elapsed=1165s
progress: nodes=25,150,000,000 tested=3,524 found=0 n=778919402265002469149679 elapsed=1165s
progress: nodes=25,160,000,000 tested=3,524 found=0 n=419890121419801431990591 elapsed=1166s
progress: nodes=25,170,000,000 tested=3,524 found=0 n=166150101347229558836277 elapsed=1166s
progress: nodes=25,180,000,000 tested=3,524 found=0 n=817071821849070228624183 elapsed=1167s
progress: nodes=25,190,000,000 tested=3,524 found=0 n=737157155222586565187721 elapsed=1167s
progress: nodes=25,200,000,000 tested=3,524 found=0 n=763089072249454061043933 elapsed=1168s
progress: nodes=25,210,000,000 tested=3,524 found=0 n=889462423185104143916541 elapsed=1168s
progress: nodes=25,220,000,000 tested=3,524 found=0 n=275732155030259670976233 elapsed=1169s
progress: nodes=25,230,000,000 tested=3,524 found=0 n=583991129696542664076981 elapsed=1169s
progress: nodes=25,240,000,000 tested=3,524 found=0 n=174033922582419623150427 elapsed=1170s
progress: nodes=25,250,000,000 tested=3,524 found=0 n=671211715101264792015561 elapsed=1170s
progress: nodes=25,260,000,000 tested=3,524 found=0 n=442824080633880475262733 elapsed=1171s
progress: nodes=25,270,000,000 tested=3,524 found=0 n=328980935644054998347043 elapsed=1171s
progress: nodes=25,280,000,000 tested=3,524 found=0 n=326319525594121901692851 elapsed=1171s
progress: nodes=25,290,000,000 tested=3,524 found=0 n=418438093348843722977823 elapsed=1172s
progress: nodes=25,300,000,000 tested=3,524 found=0 n=608518434995209905413247 elapsed=1172s
progress: nodes=25,310,000,000 tested=3,524 found=0 n=897994996155789232649949 elapsed=1173s
progress: nodes=25,320,000,000 tested=3,524 found=0 n=449628850109180953852641 elapsed=1173s
progress: nodes=25,330,000,000 tested=3,524 found=0 n=940192819958246830326351 elapsed=1174s
progress: nodes=25,340,000,000 tested=3,524 found=0 n=696441015548183139771537 elapsed=1174s
progress: nodes=25,350,000,000 tested=3,524 found=0 n=561795199215580232325423 elapsed=1175s
progress: nodes=25,360,000,000 tested=3,524 found=0 n=532067974568669510490519 elapsed=1175s
progress: nodes=25,370,000,000 tested=3,524 found=0 n=600228469306623074640723 elapsed=1176s
progress: nodes=25,380,000,000 tested=3,524 found=0 n=781266562080761951561367 elapsed=1176s
progress: nodes=25,390,000,000 tested=3,524 found=0 n=237089921387544984629871 elapsed=1177s
progress: nodes=25,400,000,000 tested=3,524 found=0 n=621249636242634310774863 elapsed=1177s
progress: nodes=25,410,000,000 tested=3,524 found=0 n=289159119590175782748801 elapsed=1178s
progress: nodes=25,420,000,000 tested=3,524 found=0 n=883459614379464520370973 elapsed=1178s
progress: nodes=25,430,000,000 tested=3,524 found=0 n=753891958441540210080789 elapsed=1179s
progress: nodes=25,440,000,000 tested=3,524 found=0 n=742184880105657863053179 elapsed=1179s
progress: nodes=25,450,000,000 tested=3,524 found=0 n=831029189950557469088217 elapsed=1180s
progress: nodes=25,460,000,000 tested=3,524 found=0 n=197782154710713464600709 elapsed=1180s
progress: nodes=25,470,000,000 tested=3,524 found=0 n=468930071341288407837987 elapsed=1181s
progress: nodes=25,480,000,000 tested=3,524 found=0 n=859240286628890732296731 elapsed=1181s
progress: nodes=25,490,000,000 tested=3,524 found=0 n=522134654587015817474127 elapsed=1182s
progress: nodes=25,500,000,000 tested=3,524 found=0 n=305137619849824897916781 elapsed=1182s
progress: nodes=25,510,000,000 tested=3,524 found=0 n=197733101988701945664999 elapsed=1183s
progress: nodes=25,520,000,000 tested=3,524 found=0 n=183284274164723060486157 elapsed=1183s
progress: nodes=25,530,000,000 tested=3,524 found=0 n=267130981583743668674283 elapsed=1184s
progress: nodes=25,540,000,000 tested=3,524 found=0 n=469393669274956141238523 elapsed=1184s
progress: nodes=25,550,000,000 tested=3,524 found=0 n=787903027398766501751529 elapsed=1184s
progress: nodes=25,560,000,000 tested=3,524 found=0 n=393476876208672418391229 elapsed=1185s
progress: nodes=25,570,000,000 tested=3,524 found=0 n=931726715494126841892603 elapsed=1185s
progress: nodes=25,580,000,000 tested=3,524 found=0 n=751150802259043225070031 elapsed=1186s
progress: nodes=25,590,000,000 tested=3,524 found=0 n=680509337834699268949053 elapsed=1186s
progress: nodes=25,600,000,000 tested=3,524 found=0 n=730786043027878631680887 elapsed=1187s
progress: nodes=25,610,000,000 tested=3,524 found=0 n=901036654741842870268017 elapsed=1187s
progress: nodes=25,620,000,000 tested=3,524 found=0 n=362717712281884337707329 elapsed=1188s
progress: nodes=25,630,000,000 tested=3,524 found=0 n=755368217519285574074871 elapsed=1188s
progress: nodes=25,640,000,000 tested=3,524 found=0 n=457558790882957128127763 elapsed=1189s
progress: nodes=25,650,000,000 tested=3,524 found=0 n=282899074455371471604507 elapsed=1189s
progress: nodes=25,660,000,000 tested=3,524 found=0 n=220316171741616431658177 elapsed=1190s
progress: nodes=25,670,000,000 tested=3,524 found=0 n=267029836351862211701073 elapsed=1190s
progress: nodes=25,680,000,000 tested=3,524 found=0 n=428851901188875526461099 elapsed=1191s
progress: nodes=25,690,000,000 tested=3,524 found=0 n=718853807174899700907603 elapsed=1191s
progress: nodes=25,700,000,000 tested=3,524 found=0 n=305948889198292566178953 elapsed=1192s
progress: nodes=25,710,000,000 tested=3,524 found=0 n=811128125256536630193651 elapsed=1192s
progress: nodes=25,720,000,000 tested=3,524 found=0 n=627828889490456962359051 elapsed=1193s
progress: nodes=25,730,000,000 tested=3,524 found=0 n=563540911077864770993943 elapsed=1193s
progress: nodes=25,740,000,000 tested=3,524 found=0 n=629618186067952763564883 elapsed=1194s
progress: nodes=25,750,000,000 tested=3,524 found=0 n=818958219516937450357407 elapsed=1194s
progress: nodes=25,760,000,000 tested=3,524 found=0 n=314304326915798041894071 elapsed=1195s
progress: nodes=25,770,000,000 tested=3,524 found=0 n=726256856154276408474513 elapsed=1195s
progress: nodes=25,780,000,000 tested=3,524 found=0 n=450514214279486971514901 elapsed=1196s
progress: nodes=25,790,000,000 tested=3,524 found=0 n=305754502267476671381973 elapsed=1196s
progress: nodes=25,800,000,000 tested=3,524 found=0 n=282485835513581103967563 elapsed=1197s
progress: nodes=25,810,000,000 tested=3,524 found=0 n=376886794141871986623651 elapsed=1197s
progress: nodes=25,820,000,000 tested=3,524 found=0 n=596488359991965843411009 elapsed=1198s
progress: nodes=25,830,000,000 tested=3,524 found=0 n=941513640308310436774407 elapsed=1198s
progress: nodes=25,840,000,000 tested=3,524 found=0 n=594116796586841278101351 elapsed=1199s
progress: nodes=25,850,000,000 tested=3,524 found=0 n=376717627703540124788787 elapsed=1199s
progress: nodes=25,860,000,000 tested=3,524 found=0 n=284032279813033370736117 elapsed=1200s
progress: nodes=25,870,000,000 tested=3,524 found=0 n=309026068460305965649881 elapsed=1200s
progress: nodes=25,880,000,000 tested=3,524 found=0 n=454843168635412255297599 elapsed=1201s
progress: nodes=25,890,000,000 tested=3,524 found=0 n=734777386753314118897683 elapsed=1201s
progress: nodes=25,900,000,000 tested=3,524 found=0 n=342325200806918745204789 elapsed=1202s
progress: nodes=25,910,000,000 tested=3,524 found=0 n=872184205383446157142941 elapsed=1202s
progress: nodes=25,920,000,000 tested=3,524 found=0 n=741968934235950384040077 elapsed=1203s
progress: nodes=25,930,000,000 tested=3,524 found=0 n=735543152737516060928991 elapsed=1203s
progress: nodes=25,940,000,000 tested=3,524 found=0 n=860973725444201778878469 elapsed=1203s
progress: nodes=25,950,000,000 tested=3,524 found=0 n=316219002899268045746169 elapsed=1204s
progress: nodes=25,960,000,000 tested=3,524 found=0 n=686691536154835173275313 elapsed=1204s
progress: nodes=25,970,000,000 tested=3,524 found=0 n=390905564350970322741087 elapsed=1205s
progress: nodes=25,980,000,000 tested=3,524 found=0 n=333304870583389211073567 elapsed=1205s
progress: nodes=25,990,000,000 tested=3,524 found=0 n=594705659052982614430293 elapsed=1206s
progress: nodes=26,000,000,000 tested=3,524 found=0 n=324892066436196137745867 elapsed=1206s
progress: nodes=26,010,000,000 tested=3,524 found=0 n=344841318052411853591919 elapsed=1207s
progress: nodes=26,020,000,000 tested=3,524 found=0 n=640115882913169359974277 elapsed=1207s
progress: nodes=26,030,000,000 tested=3,524 found=0 n=420993725390923564596717 elapsed=1208s
progress: nodes=26,040,000,000 tested=3,524 found=0 n=490219343210529265303971 elapsed=1208s
progress: nodes=26,050,000,000 tested=3,524 found=0 n=857540459526187124829141 elapsed=1209s
progress: nodes=26,060,000,000 tested=3,524 found=0 n=737195939910409309246917 elapsed=1209s
progress: nodes=26,070,000,000 tested=3,524 found=0 n=896625599015238435932589 elapsed=1210s
progress: nodes=26,080,000,000 tested=3,524 found=0 n=538083404497514164209921 elapsed=1210s
progress: nodes=26,090,000,000 tested=3,524 found=0 n=459881057148315704500599 elapsed=1211s
progress: nodes=26,100,000,000 tested=3,524 found=0 n=648072696286546775775531 elapsed=1211s
progress: nodes=26,110,000,000 tested=3,524 found=0 n=360127527299639614806291 elapsed=1212s
progress: nodes=26,120,000,000 tested=3,524 found=0 n=356677656431199126454431 elapsed=1212s
progress: nodes=26,130,000,000 tested=3,524 found=0 n=642205696226914566413667 elapsed=1213s
progress: nodes=26,140,000,000 tested=3,524 found=0 n=458833522009877419808403 elapsed=1213s
progress: nodes=26,150,000,000 tested=3,524 found=0 n=547230867976935909315549 elapsed=1214s
progress: nodes=26,160,000,000 tested=3,524 found=0 n=930423275608000242127059 elapsed=1214s
progress: nodes=26,170,000,000 tested=3,524 found=0 n=841627150226307698033781 elapsed=1215s
progress: nodes=26,180,000,000 tested=3,524 found=0 n=308272021470060323276601 elapsed=1215s
progress: nodes=26,190,000,000 tested=3,524 found=0 n=787000285825849278744561 elapsed=1216s
progress: nodes=26,200,000,000 tested=3,524 found=0 n=821510844893040570959691 elapsed=1216s
progress: nodes=26,210,000,000 tested=3,524 found=0 n=412881090550356174473727 elapsed=1217s
progress: nodes=26,220,000,000 tested=3,524 found=0 n=299805021780102022243059 elapsed=1217s
progress: nodes=26,230,000,000 tested=3,524 found=0 n=466390094597394209711469 elapsed=1218s
progress: nodes=26,240,000,000 tested=3,524 found=0 n=918383980501829596938183 elapsed=1218s
progress: nodes=26,250,000,000 tested=3,524 found=0 n=911018300320262314859679 elapsed=1219s
progress: nodes=26,260,000,000 tested=3,524 found=0 n=445891046565799546374663 elapsed=1219s
progress: nodes=26,270,000,000 tested=3,524 found=0 n=297007514932453047401679 elapsed=1220s
progress: nodes=26,280,000,000 tested=3,524 found=0 n=451499154981599469127383 elapsed=1220s
progress: nodes=26,290,000,000 tested=3,524 found=0 n=930384431176030012275093 elapsed=1221s
progress: nodes=26,300,000,000 tested=3,524 found=0 n=301368968777857220539299 elapsed=1221s
progress: nodes=26,310,000,000 tested=3,524 found=0 n=646029081726211186394391 elapsed=1222s
progress: nodes=26,320,000,000 tested=3,524 found=0 n=585734596951016436134211 elapsed=1222s
progress: nodes=26,330,000,000 tested=3,524 found=0 n=806337082444718491059393 elapsed=1223s
progress: nodes=26,340,000,000 tested=3,524 found=0 n=629320940715163745599551 elapsed=1223s
progress: nodes=26,350,000,000 tested=3,524 found=0 n=748872926865178316812611 elapsed=1224s
progress: nodes=26,360,000,000 tested=3,524 found=0 n=484150184243653000011939 elapsed=1224s
progress: nodes=26,370,000,000 tested=3,524 found=0 n=526027751571205358183709 elapsed=1225s
progress: nodes=26,380,000,000 tested=3,524 found=0 n=871092188981229445377147 elapsed=1225s
progress: nodes=26,390,000,000 tested=3,524 found=0 n=823348360876054191094917 elapsed=1226s
progress: nodes=26,400,000,000 tested=3,524 found=0 n=386988241422851836186419 elapsed=1226s
progress: nodes=26,410,000,000 tested=3,524 found=0 n=268956094061961622008693 elapsed=1227s
progress: nodes=26,420,000,000 tested=3,524 found=0 n=450427453087994587768563 elapsed=1227s
progress: nodes=26,430,000,000 tested=3,524 found=0 n=291457452281634540955053 elapsed=1228s
progress: nodes=26,440,000,000 tested=3,524 found=0 n=425114823052265586819579 elapsed=1228s
progress: nodes=26,450,000,000 tested=3,524 found=0 n=863050782808963247057559 elapsed=1229s
progress: nodes=26,460,000,000 tested=3,524 found=0 n=279025271104105084678119 elapsed=1229s
progress: nodes=26,470,000,000 tested=3,524 found=0 n=669163683355003660310487 elapsed=1230s
progress: nodes=26,480,000,000 tested=3,524 found=0 n=701364044176813288107837 elapsed=1230s
progress: nodes=26,490,000,000 tested=3,524 found=0 n=388840563124431768949599 elapsed=1231s
progress: nodes=26,500,000,000 tested=3,524 found=0 n=399744194164159583579841 elapsed=1231s
progress: nodes=26,510,000,000 tested=3,524 found=0 n=710266014751265106343209 elapsed=1232s
progress: nodes=26,520,000,000 tested=3,524 found=0 n=660502961790490930220109 elapsed=1232s
progress: nodes=26,530,000,000 tested=3,524 found=0 n=277164692824393584969759 elapsed=1233s
progress: nodes=26,540,000,000 tested=3,524 found=0 n=874094083884372097003257 elapsed=1233s
progress: nodes=26,550,000,000 tested=3,524 found=0 n=490098561325644275637633 elapsed=1234s
progress: nodes=26,560,000,000 tested=3,524 found=0 n=452898997166884259332341 elapsed=1234s
progress: nodes=26,570,000,000 tested=3,524 found=0 n=750618444616333078805019 elapsed=1235s
progress: nodes=26,580,000,000 tested=3,524 found=0 n=726797272061037540630267 elapsed=1235s
progress: nodes=26,590,000,000 tested=3,524 found=0 n=409711816741432544007669 elapsed=1236s
progress: nodes=26,600,000,000 tested=3,524 found=0 n=440912465208868093892451 elapsed=1236s
progress: nodes=26,610,000,000 tested=3,524 found=0 n=816601752125092368005571 elapsed=1237s
progress: nodes=26,620,000,000 tested=3,524 found=0 n=284533668096585829794873 elapsed=1237s
progress: nodes=26,630,000,000 tested=3,524 found=0 n=719088336093102765508719 elapsed=1238s
progress: nodes=26,640,000,000 tested=3,524 found=0 n=847939813339104233901153 elapsed=1238s
progress: nodes=26,650,000,000 tested=3,524 found=0 n=691300395557714073532401 elapsed=1239s
progress: nodes=26,660,000,000 tested=3,524 found=0 n=865790395298473012599231 elapsed=1239s
progress: nodes=26,670,000,000 tested=3,524 found=0 n=740175893890422285276981 elapsed=1240s
progress: nodes=26,680,000,000 tested=3,524 found=0 n=344097011713897941079581 elapsed=1240s
progress: nodes=26,690,000,000 tested=3,524 found=0 n=335830732007443817821677 elapsed=1241s
progress: nodes=26,700,000,000 tested=3,524 found=0 n=674827434879316056240903 elapsed=1241s
progress: nodes=26,710,000,000 tested=3,524 found=0 n=756846699394572257638167 elapsed=1242s
progress: nodes=26,720,000,000 tested=3,524 found=0 n=595747838338880489018757 elapsed=1242s
progress: nodes=26,730,000,000 tested=3,524 found=0 n=779946386210879556287619 elapsed=1243s
progress: nodes=26,740,000,000 tested=3,524 found=0 n=696901837377171916627137 elapsed=1243s
progress: nodes=26,750,000,000 tested=3,524 found=0 n=371241301861763920229643 elapsed=1244s
progress: nodes=26,760,000,000 tested=3,524 found=0 n=387602361232756680827817 elapsed=1244s
progress: nodes=26,770,000,000 tested=3,524 found=0 n=763250970636171089761689 elapsed=1245s
progress: nodes=26,780,000,000 tested=3,524 found=0 n=338063141317605672581613 elapsed=1245s
progress: nodes=26,790,000,000 tested=3,524 found=0 n=861748731101278064795751 elapsed=1246s
progress: nodes=26,800,000,000 tested=3,524 found=0 n=560177687711969389449387 elapsed=1246s
progress: nodes=26,810,000,000 tested=3,524 found=0 n=621933713020345479652899 elapsed=1247s
progress: nodes=26,820,000,000 tested=3,524 found=0 n=476066179038691090320471 elapsed=1247s
progress: nodes=26,830,000,000 tested=3,524 found=0 n=687621258013043701343997 elapsed=1248s
progress: nodes=26,840,000,000 tested=3,524 found=0 n=681436162469999228823531 elapsed=1248s
progress: nodes=26,850,000,000 tested=3,524 found=0 n=449836026090739635117771 elapsed=1249s
progress: nodes=26,860,000,000 tested=3,524 found=0 n=597597160564977256931247 elapsed=1249s
progress: nodes=26,870,000,000 tested=3,524 found=0 n=548056774233718559292483 elapsed=1250s
progress: nodes=26,880,000,000 tested=3,524 found=0 n=860925329352427467048921 elapsed=1250s
progress: nodes=26,890,000,000 tested=3,524 found=0 n=421858624933625136994737 elapsed=1251s
progress: nodes=26,900,000,000 tested=3,524 found=0 n=394377465693698480774781 elapsed=1251s
progress: nodes=26,910,000,000 tested=3,524 found=0 n=749442553948101854261421 elapsed=1252s
progress: nodes=26,920,000,000 tested=3,524 found=0 n=373659966629807410185633 elapsed=1252s
progress: nodes=26,930,000,000 tested=3,524 found=0 n=380071912635312846061113 elapsed=1253s
progress: nodes=26,940,000,000 tested=3,524 found=0 n=767732739362684919474651 elapsed=1253s
progress: nodes=26,950,000,000 tested=3,524 found=0 n=439148409211626943191363 elapsed=1254s
progress: nodes=26,960,000,000 tested=3,524 found=0 n=529499014854219125903187 elapsed=1254s
progress: nodes=26,970,000,000 tested=3,524 found=0 n=455751708430497241671909 elapsed=1255s
progress: nodes=26,980,000,000 tested=3,524 found=0 n=758220907780218124449207 elapsed=1255s
progress: nodes=26,990,000,000 tested=3,524 found=0 n=375316157387946209854419 elapsed=1256s
progress: nodes=27,000,000,000 tested=3,524 found=0 n=416588113203318645818229 elapsed=1256s
progress: nodes=27,010,000,000 tested=3,524 found=0 n=328145952102841004545413 elapsed=1257s
progress: nodes=27,020,000,000 tested=3,524 found=0 n=645543369414854854796853 elapsed=1257s
progress: nodes=27,030,000,000 tested=3,524 found=0 n=841388367960794392329591 elapsed=1258s
progress: nodes=27,040,000,000 tested=3,524 found=0 n=390213068555707207167357 elapsed=1258s
progress: nodes=27,050,000,000 tested=3,524 found=0 n=351109308615520228486713 elapsed=1259s
progress: nodes=27,060,000,000 tested=3,524 found=0 n=734089342650296555293371 elapsed=1259s
progress: nodes=27,070,000,000 tested=3,524 found=0 n=493611614516309737248801 elapsed=1260s
progress: nodes=27,080,000,000 tested=3,524 found=0 n=667559685281310418003407 elapsed=1260s
progress: nodes=27,090,000,000 tested=3,524 found=0 n=760776940383766424199081 elapsed=1261s
progress: nodes=27,100,000,000 tested=3,524 found=0 n=793247468243572622499219 elapsed=1261s
progress: nodes=27,110,000,000 tested=3,524 found=0 n=740495867655511848213333 elapsed=1262s
progress: nodes=27,120,000,000 tested=3,524 found=0 n=609613641420989020426611 elapsed=1262s
progress: nodes=27,130,000,000 tested=3,524 found=0 n=394222890117692641356351 elapsed=1263s
progress: nodes=27,140,000,000 tested=3,524 found=0 n=615520350602979338387871 elapsed=1263s
progress: nodes=27,150,000,000 tested=3,524 found=0 n=779915492288853239207889 elapsed=1264s
progress: nodes=27,160,000,000 tested=3,524 found=0 n=379096437445257285592839 elapsed=1264s
progress: nodes=27,170,000,000 tested=3,524 found=0 n=428762543852245059115659 elapsed=1265s
progress: nodes=27,180,000,000 tested=3,524 found=0 n=438808222058265713406753 elapsed=1265s
progress: nodes=27,190,000,000 tested=3,524 found=0 n=397759142924701765424217 elapsed=1266s
progress: nodes=27,200,000,000 tested=3,524 found=0 n=370037108993686019168283 elapsed=1266s
progress: nodes=27,210,000,000 tested=3,524 found=0 n=829769026954076388400221 elapsed=1267s
progress: nodes=27,220,000,000 tested=3,524 found=0 n=757685467123514602593921 elapsed=1267s
progress: nodes=27,230,000,000 tested=3,524 found=0 n=659356390256438702845017 elapsed=1268s
progress: nodes=27,240,000,000 tested=3,524 found=0 n=551062178304309158628141 elapsed=1268s
progress: nodes=27,250,000,000 tested=3,524 found=0 n=443863301817804842782809 elapsed=1269s
progress: nodes=27,260,000,000 tested=3,524 found=0 n=826229194989018513293601 elapsed=1269s
progress: nodes=27,270,000,000 tested=3,524 found=0 n=735015138048276059517543 elapsed=1270s
progress: nodes=27,280,000,000 tested=3,524 found=0 n=669362485511798999379459 elapsed=1270s
progress: nodes=27,290,000,000 tested=3,524 found=0 n=621640783268979383282373 elapsed=1271s
progress: nodes=27,300,000,000 tested=3,524 found=0 n=626544906694879979920113 elapsed=1271s
progress: nodes=27,310,000,000 tested=3,524 found=0 n=671136770654195772029103 elapsed=1272s
progress: nodes=27,320,000,000 tested=3,524 found=0 n=765391413843638390515707 elapsed=1272s
progress: nodes=27,330,000,000 tested=3,524 found=0 n=457001335004934543606783 elapsed=1273s
progress: nodes=27,340,000,000 tested=3,524 found=0 n=736586329715126933473431 elapsed=1273s
progress: nodes=27,350,000,000 tested=3,524 found=0 n=643246747462549007726949 elapsed=1274s
progress: nodes=27,360,000,000 tested=3,524 found=0 n=645174680741433873573543 elapsed=1274s
progress: nodes=27,370,000,000 tested=3,524 found=0 n=720520286857220868105087 elapsed=1275s
progress: nodes=27,380,000,000 tested=3,524 found=0 n=439800169264497488560113 elapsed=1275s
progress: nodes=27,390,000,000 tested=3,524 found=0 n=715839835199270712511581 elapsed=1276s
progress: nodes=27,400,000,000 tested=3,524 found=0 n=686219937772172571536769 elapsed=1276s
progress: nodes=27,410,000,000 tested=3,524 found=0 n=747520685706990045243393 elapsed=1277s
progress: nodes=27,420,000,000 tested=3,524 found=0 n=478349977747847479363089 elapsed=1277s
progress: nodes=27,430,000,000 tested=3,524 found=0 n=799823366230022648144631 elapsed=1278s
progress: nodes=27,440,000,000 tested=3,524 found=0 n=823680055200642214145571 elapsed=1278s
progress: nodes=27,450,000,000 tested=3,524 found=0 n=564888272828835287993661 elapsed=1279s
progress: nodes=27,460,000,000 tested=3,524 found=0 n=471251334001557942303471 elapsed=1279s
progress: nodes=27,470,000,000 tested=3,524 found=0 n=547411256311355091174519 elapsed=1280s
progress: nodes=27,480,000,000 tested=3,524 found=0 n=829142169195568875766119 elapsed=1280s
progress: nodes=27,490,000,000 tested=3,524 found=0 n=475170957451623654610389 elapsed=1281s
progress: nodes=27,500,000,000 tested=3,524 found=0 n=757433790779099740685379 elapsed=1281s
progress: nodes=27,510,000,000 tested=3,524 found=0 n=813248542193570453407437 elapsed=1282s
progress: nodes=27,520,000,000 tested=3,524 found=0 n=664275388121096453184483 elapsed=1282s
progress: nodes=27,530,000,000 tested=3,524 found=0 n=757843646087922665340069 elapsed=1283s
progress: nodes=27,540,000,000 tested=3,524 found=0 n=672176836821726238431429 elapsed=1283s
progress: nodes=27,550,000,000 tested=3,524 found=0 n=442625035783171005683919 elapsed=1284s
progress: nodes=27,560,000,000 tested=3,524 found=0 n=474015910104510956771589 elapsed=1284s
progress: nodes=27,570,000,000 tested=3,524 found=0 n=777375366363681910507683 elapsed=1285s
progress: nodes=27,580,000,000 tested=3,524 found=0 n=577313939145534819615387 elapsed=1285s
progress: nodes=27,590,000,000 tested=3,524 found=0 n=688453403557673755900899 elapsed=1286s
progress: nodes=27,600,000,000 tested=3,524 found=0 n=750917562057047764305927 elapsed=1286s
progress: nodes=27,610,000,000 tested=3,524 found=0 n=740874607389978547006521 elapsed=1287s
progress: nodes=27,620,000,000 tested=3,524 found=0 n=702330604920286352073063 elapsed=1287s
progress: nodes=27,630,000,000 tested=3,524 found=0 n=632745469807884860345919 elapsed=1288s
progress: nodes=27,640,000,000 tested=3,524 found=0 n=545720058291911539817781 elapsed=1288s
progress: nodes=27,650,000,000 tested=3,524 found=0 n=473394714191606948872131 elapsed=1289s
progress: nodes=27,660,000,000 tested=3,524 found=0 n=800505253777455512823537 elapsed=1289s
progress: nodes=27,670,000,000 tested=3,524 found=0 n=764768406530037725124309 elapsed=1290s
progress: nodes=27,680,000,000 tested=3,524 found=0 n=781830931493578360374981 elapsed=1290s
progress: nodes=27,690,000,000 tested=3,524 found=0 n=530283872270909194354917 elapsed=1291s
progress: nodes=27,700,000,000 tested=3,524 found=0 n=788590177426961325739323 elapsed=1291s
progress: nodes=27,710,000,000 tested=3,524 found=0 n=776428025887292057572293 elapsed=1292s
progress: nodes=27,720,000,000 tested=3,524 found=0 n=593560624800841355606949 elapsed=1292s
progress: nodes=27,730,000,000 tested=3,524 found=0 n=613166108929142827801743 elapsed=1293s
progress: nodes=27,740,000,000 tested=3,524 found=0 n=831378007001475320019633 elapsed=1293s
progress: nodes=27,750,000,000 tested=3,524 found=0 n=579160206043721423160039 elapsed=1294s
progress: nodes=27,760,000,000 tested=3,524 found=0 n=578757475265066856545787 elapsed=1294s
progress: nodes=27,770,000,000 tested=3,524 found=0 n=494658762894734359674753 elapsed=1295s
progress: nodes=27,780,000,000 tested=3,524 found=0 n=734598280242424202894289 elapsed=1295s
progress: nodes=27,790,000,000 tested=3,524 found=0 n=612461745615986177989077 elapsed=1296s
progress: nodes=27,800,000,000 tested=3,524 found=0 n=508108504267290011364279 elapsed=1296s
progress: nodes=27,810,000,000 tested=3,524 found=0 n=787554544986174600826191 elapsed=1297s
progress: nodes=27,820,000,000 tested=3,524 found=0 n=803779724615768160036777 elapsed=1297s
progress: nodes=27,830,000,000 tested=3,524 found=0 n=589417424797838381814069 elapsed=1298s
progress: nodes=27,840,000,000 tested=3,524 found=0 n=567113269209669232827777 elapsed=1298s
progress: nodes=27,850,000,000 tested=3,524 found=0 n=761274747777380732776881 elapsed=1299s
progress: nodes=27,860,000,000 tested=3,524 found=0 n=540687256279147812721887 elapsed=1299s
progress: nodes=27,870,000,000 tested=3,524 found=0 n=631727802819272745959373 elapsed=1300s
progress: nodes=27,880,000,000 tested=3,524 found=0 n=708797508371107811008353 elapsed=1300s
progress: nodes=27,890,000,000 tested=3,524 found=0 n=803139980569849123700499 elapsed=1301s
progress: nodes=27,900,000,000 tested=3,524 found=0 n=701027874434033997723873 elapsed=1301s
progress: nodes=27,910,000,000 tested=3,524 found=0 n=759459590832623489359551 elapsed=1302s
progress: nodes=27,920,000,000 tested=3,524 found=0 n=761857754068122659028081 elapsed=1302s
progress: nodes=27,930,000,000 tested=3,524 found=0 n=779362107516691526754927 elapsed=1303s
progress: nodes=27,940,000,000 tested=3,524 found=0 n=805441492426688411347053 elapsed=1303s
progress: nodes=27,950,000,000 tested=3,524 found=0 n=718005399424914642634593 elapsed=1304s
progress: nodes=27,960,000,000 tested=3,524 found=0 n=800448662580903499300137 elapsed=1304s
progress: nodes=27,970,000,000 tested=3,524 found=0 n=629687697320405814933843 elapsed=1305s
progress: nodes=27,980,000,000 tested=3,524 found=0 n=795199062013217331258789 elapsed=1305s
progress: nodes=27,990,000,000 tested=3,524 found=0 n=613755574167919729559013 elapsed=1306s
progress: nodes=28,000,000,000 tested=3,524 found=0 n=713179081273825556046657 elapsed=1306s
progress: nodes=28,010,000,000 tested=3,524 found=0 n=672227967175141351885911 elapsed=1307s
progress: nodes=28,020,000,000 tested=3,524 found=0 n=633342814011194791024521 elapsed=1307s
progress: nodes=28,030,000,000 tested=3,524 found=0 n=690115993860443583205773 elapsed=1308s
progress: nodes=28,040,000,000 tested=3,524 found=0 n=760965908594859162137943 elapsed=1308s
progress: nodes=28,050,000,000 tested=3,524 found=0 n=788670613999838745091917 elapsed=1309s
progress: nodes=28,060,000,000 tested=3,524 found=0 n=643434780457390576852197 elapsed=1309s
progress: nodes=28,070,000,000 tested=3,524 found=0 n=734911899568473193225659 elapsed=1310s
progress: nodes=28,080,000,000 tested=3,524 found=0 n=654900461368058910491487 elapsed=1310s
progress: nodes=28,090,000,000 tested=3,524 found=0 n=697121447957044855143399 elapsed=1311s
progress: nodes=28,100,000,000 tested=3,524 found=0 n=836068666082851309979871 elapsed=1311s
progress: nodes=28,110,000,000 tested=3,524 found=0 n=759438315220642177949829 elapsed=1312s
progress: nodes=28,120,000,000 tested=3,524 found=0 n=792898464921309387099459 elapsed=1312s
progress: nodes=28,130,000,000 tested=3,524 found=0 n=707564178572738002042527 elapsed=1313s
progress: nodes=28,140,000,000 tested=3,524 found=0 n=773020968349719414205881 elapsed=1313s
progress: nodes=28,150,000,000 tested=3,524 found=0 n=728284291527261328052193 elapsed=1314s
progress: nodes=28,160,000,000 tested=3,524 found=0 n=867060302688157190339727 elapsed=1314s
progress: nodes=28,170,000,000 tested=3,524 found=0 n=803422430717485634946891 elapsed=1315s
progress: nodes=28,180,000,000 tested=3,524 found=0 n=774072875137868078816043 elapsed=1315s
progress: nodes=28,190,000,000 tested=3,524 found=0 n=828525334618846430657091 elapsed=1316s
progress: nodes=28,200,000,000 tested=3,524 found=0 n=839874209139732019552299 elapsed=1316s
progress: nodes=28,210,000,000 tested=3,524 found=0 n=804372983595166064712633 elapsed=1317s
progress: nodes=28,220,000,000 tested=3,524 found=0 n=849743637039761816084733 elapsed=1317s
progress: nodes=28,230,000,000 tested=3,524 found=0 n=884871549563642270256627 elapsed=1318s
progress: nodes=28,240,000,000 tested=3,524 found=0 n=909878707767910372805313 elapsed=1318s
progress: nodes=28,250,000,000 tested=3,524 found=0 n=932059267388367707099511 elapsed=1319s
progress: nodes=28,260,000,000 tested=3,525 found=0 n=584794411790228240441841 elapsed=1319s
progress: nodes=28,270,000,000 tested=3,525 found=0 n=487163731457068825045887 elapsed=1320s
progress: nodes=28,280,000,000 tested=3,525 found=0 n=439661766717861330265623 elapsed=1320s
progress: nodes=28,290,000,000 tested=3,525 found=0 n=447873473457858432553569 elapsed=1320s
progress: nodes=28,300,000,000 tested=3,525 found=0 n=506132712175923813191211 elapsed=1321s
progress: nodes=28,310,000,000 tested=3,525 found=0 n=618581529684659977525089 elapsed=1321s
progress: nodes=28,320,000,000 tested=3,525 found=0 n=792332743401901850229081 elapsed=1322s
progress: nodes=28,330,000,000 tested=3,525 found=0 n=98571994208254223319663 elapsed=1322s
progress: nodes=28,340,000,000 tested=3,525 found=0 n=349203828127771977717357 elapsed=1323s
progress: nodes=28,350,000,000 tested=3,525 found=0 n=667510890119303675472027 elapsed=1323s
progress: nodes=28,360,000,000 tested=3,525 found=0 n=126136999319392469148741 elapsed=1324s
progress: nodes=28,370,000,000 tested=3,525 found=0 n=532218673269470334990843 elapsed=1324s
progress: nodes=28,380,000,000 tested=3,525 found=0 n=103224814349165416250343 elapsed=1324s
progress: nodes=28,390,000,000 tested=3,525 found=0 n=616886338804122426588549 elapsed=1325s
progress: nodes=28,400,000,000 tested=3,525 found=0 n=276036962686004877089733 elapsed=1325s
progress: nodes=28,410,000,000 tested=3,525 found=0 n=909261230382769460757561 elapsed=1326s
progress: nodes=28,420,000,000 tested=3,525 found=0 n=660196832438942323231707 elapsed=1326s
progress: nodes=28,430,000,000 tested=3,525 found=0 n=473100526031944712722821 elapsed=1327s
progress: nodes=28,440,000,000 tested=3,525 found=0 n=346964822580416128747659 elapsed=1327s
progress: nodes=28,450,000,000 tested=3,525 found=0 n=283566785071219156045539 elapsed=1327s
progress: nodes=28,460,000,000 tested=3,525 found=0 n=278274464921525369398101 elapsed=1328s
progress: nodes=28,470,000,000 tested=3,525 found=0 n=321918799975887744657027 elapsed=1328s
progress: nodes=28,480,000,000 tested=3,525 found=0 n=422663525614248276136779 elapsed=1329s
progress: nodes=28,490,000,000 tested=3,525 found=0 n=577618855207414166819673 elapsed=1329s
progress: nodes=28,500,000,000 tested=3,525 found=0 n=785733892023087782567793 elapsed=1330s
progress: nodes=28,510,000,000 tested=3,525 found=0 n=133071758389462026313179 elapsed=1330s
progress: nodes=28,520,000,000 tested=3,525 found=0 n=440618899170540100453443 elapsed=1331s
progress: nodes=28,530,000,000 tested=3,525 found=0 n=833408680748672221480287 elapsed=1331s
progress: nodes=28,540,000,000 tested=3,525 found=0 n=352987204964100284675097 elapsed=1331s
progress: nodes=28,550,000,000 tested=3,525 found=0 n=853213013669161459304991 elapsed=1332s
progress: nodes=28,560,000,000 tested=3,525 found=0 n=475499020066664917506183 elapsed=1332s
progress: nodes=28,570,000,000 tested=3,525 found=0 n=173743255446334600569543 elapsed=1333s
progress: nodes=28,580,000,000 tested=3,525 found=0 n=831807614492223965663067 elapsed=1333s
progress: nodes=28,590,000,000 tested=3,525 found=0 n=622687971579224651847747 elapsed=1334s
progress: nodes=28,600,000,000 tested=3,525 found=0 n=474589276714703711878317 elapsed=1334s
progress: nodes=28,610,000,000 tested=3,525 found=0 n=383720279762453174550009 elapsed=1335s
progress: nodes=28,620,000,000 tested=3,525 found=0 n=350022759295109625447723 elapsed=1335s
progress: nodes=28,630,000,000 tested=3,525 found=0 n=366779019962395415884509 elapsed=1335s
progress: nodes=28,640,000,000 tested=3,525 found=0 n=439842251527113137862159 elapsed=1336s
progress: nodes=28,650,000,000 tested=3,525 found=0 n=567422875744557417666081 elapsed=1336s
progress: nodes=28,660,000,000 tested=3,525 found=0 n=749257890535977295716243 elapsed=1337s
progress: nodes=28,670,000,000 tested=3,525 found=0 n=994960541431081169715771 elapsed=1337s
progress: nodes=28,680,000,000 tested=3,525 found=0 n=363372653773080540235647 elapsed=1338s
progress: nodes=28,690,000,000 tested=3,525 found=0 n=722298024170519150401047 elapsed=1338s
progress: nodes=28,700,000,000 tested=3,525 found=0 n=234065844793111096476711 elapsed=1338s
progress: nodes=28,710,000,000 tested=3,525 found=0 n=723558547998735805659303 elapsed=1339s
progress: nodes=28,720,000,000 tested=3,525 found=0 n=359720855931309983807697 elapsed=1339s
progress: nodes=28,730,000,000 tested=3,525 found=0 n=985025454487005644221509 elapsed=1340s
progress: nodes=28,740,000,000 tested=3,525 found=0 n=736464304510723594568763 elapsed=1340s
progress: nodes=28,750,000,000 tested=3,525 found=0 n=556566593633022280160853 elapsed=1341s
progress: nodes=28,760,000,000 tested=3,525 found=0 n=436480280840332679283333 elapsed=1341s
progress: nodes=28,770,000,000 tested=3,525 found=0 n=369405703966511929748031 elapsed=1342s
progress: nodes=28,780,000,000 tested=3,525 found=0 n=358060326987003527978091 elapsed=1342s
progress: nodes=28,790,000,000 tested=3,525 found=0 n=409290364826903174656041 elapsed=1342s
progress: nodes=28,800,000,000 tested=3,525 found=0 n=521661893300182141069563 elapsed=1343s
progress: nodes=28,810,000,000 tested=3,525 found=0 n=685880566699757689323063 elapsed=1343s
progress: nodes=28,820,000,000 tested=3,525 found=0 n=903594873977603702285391 elapsed=1344s
progress: nodes=28,830,000,000 tested=3,525 found=0 n=258084071798673669329781 elapsed=1344s
progress: nodes=28,840,000,000 tested=3,525 found=0 n=585679368022731192981771 elapsed=1345s
progress: nodes=28,850,000,000 tested=3,525 found=0 n=984478239888132868976097 elapsed=1345s
progress: nodes=28,860,000,000 tested=3,525 found=0 n=512471247217719810187167 elapsed=1345s
progress: nodes=28,870,000,000 tested=3,525 found=0 n=130596075024865371262341 elapsed=1346s
progress: nodes=28,880,000,000 tested=3,525 found=0 n=694398243226900407828633 elapsed=1346s
progress: nodes=28,890,000,000 tested=3,525 found=0 n=418404529518706572678837 elapsed=1347s
progress: nodes=28,900,000,000 tested=3,525 found=0 n=208606503688425648528723 elapsed=1347s
progress: nodes=28,910,000,000 tested=3,525 found=0 n=960967852145482959370593 elapsed=1348s
progress: nodes=28,920,000,000 tested=3,525 found=0 n=864281317977656780494293 elapsed=1348s
progress: nodes=28,930,000,000 tested=3,525 found=0 n=829215085771479226939119 elapsed=1349s
progress: nodes=28,940,000,000 tested=3,525 found=0 n=857817868360788210818943 elapsed=1349s
progress: nodes=28,950,000,000 tested=3,525 found=0 n=961375066647656475982167 elapsed=1349s
progress: nodes=28,960,000,000 tested=3,525 found=0 n=207959025705045901387101 elapsed=1350s
progress: nodes=28,970,000,000 tested=3,525 found=0 n=419388916563177853819527 elapsed=1350s
progress: nodes=28,980,000,000 tested=3,525 found=0 n=695383177831499094961023 elapsed=1351s
progress: nodes=28,990,000,000 tested=3,525 found=0 n=131620076352976389148971 elapsed=1351s
progress: nodes=29,000,000,000 tested=3,525 found=0 n=508544270516395814491791 elapsed=1352s
progress: nodes=29,010,000,000 tested=3,525 found=0 n=971876449316526149719323 elapsed=1352s
progress: nodes=29,020,000,000 tested=3,525 found=0 n=567079493951053633218669 elapsed=1353s
progress: nodes=29,030,000,000 tested=3,525 found=0 n=236778831344977571620971 elapsed=1353s
progress: nodes=29,040,000,000 tested=3,525 found=0 n=875285599917612763578699 elapsed=1353s
progress: nodes=29,050,000,000 tested=3,525 found=0 n=672140490692203528966971 elapsed=1354s
progress: nodes=29,060,000,000 tested=3,525 found=0 n=537376778613684952665723 elapsed=1354s
progress: nodes=29,070,000,000 tested=3,525 found=0 n=468828419587442661335589 elapsed=1355s
progress: nodes=29,080,000,000 tested=3,525 found=0 n=462964221569837623144509 elapsed=1355s
progress: nodes=29,090,000,000 tested=3,525 found=0 n=517825044106657708113693 elapsed=1356s
progress: nodes=29,100,000,000 tested=3,525 found=0 n=631333960182733702341447 elapsed=1356s
progress: nodes=29,110,000,000 tested=3,525 found=0 n=808652339753468525716401 elapsed=1357s
progress: nodes=29,120,000,000 tested=3,525 found=0 n=150551676497213626625991 elapsed=1357s
progress: nodes=29,130,000,000 tested=3,525 found=0 n=436050781632379742735907 elapsed=1357s
progress: nodes=29,140,000,000 tested=3,525 found=0 n=791363931644384725225599 elapsed=1358s
progress: nodes=29,150,000,000 tested=3,525 found=0 n=300028708270010017315017 elapsed=1358s
progress: nodes=29,160,000,000 tested=3,525 found=0 n=768573654029639776270953 elapsed=1359s
progress: nodes=29,170,000,000 tested=3,525 found=0 n=393595657979142228472863 elapsed=1359s
progress: nodes=29,180,000,000 tested=3,525 found=0 n=999416307621534267492027 elapsed=1360s
progress: nodes=29,190,000,000 tested=3,525 found=0 n=744354831451217548873311 elapsed=1360s
progress: nodes=29,200,000,000 tested=3,525 found=0 n=557429954454611614543167 elapsed=1361s
progress: nodes=29,210,000,000 tested=3,525 found=0 n=444489843888657043387911 elapsed=1361s
progress: nodes=29,220,000,000 tested=3,525 found=0 n=400345957379860659448281 elapsed=1362s
progress: nodes=29,230,000,000 tested=3,525 found=0 n=420043192497804496249629 elapsed=1362s
progress: nodes=29,240,000,000 tested=3,525 found=0 n=502961102286829645231773 elapsed=1363s
progress: nodes=29,250,000,000 tested=3,525 found=0 n=647027182819030865472621 elapsed=1363s
progress: nodes=29,260,000,000 tested=3,525 found=0 n=864691727786761716979137 elapsed=1363s
progress: nodes=29,270,000,000 tested=3,525 found=0 n=242854552442445256426113 elapsed=1364s
progress: nodes=29,280,000,000 tested=3,525 found=0 n=578385305510997050785719 elapsed=1364s
progress: nodes=29,290,000,000 tested=3,525 found=0 n=112001263534989673968123 elapsed=1365s
progress: nodes=29,300,000,000 tested=3,525 found=0 n=579496118222962864672749 elapsed=1365s
progress: nodes=29,310,000,000 tested=3,525 found=0 n=245462867945159287393971 elapsed=1366s
progress: nodes=29,320,000,000 tested=3,525 found=0 n=868963568196811694417811 elapsed=1366s
progress: nodes=29,330,000,000 tested=3,525 found=0 n=658726101277291659615003 elapsed=1367s
progress: nodes=29,340,000,000 tested=3,525 found=0 n=521461317289094683399899 elapsed=1367s
progress: nodes=29,350,000,000 tested=3,525 found=0 n=451889770288531607579547 elapsed=1368s
progress: nodes=29,360,000,000 tested=3,525 found=0 n=462434173663643621386947 elapsed=1368s
progress: nodes=29,370,000,000 tested=3,525 found=0 n=539543241376229882322531 elapsed=1369s
progress: nodes=29,380,000,000 tested=3,525 found=0 n=684012573510601339807803 elapsed=1369s
progress: nodes=29,390,000,000 tested=3,525 found=0 n=905501061270042907656987 elapsed=1369s
progress: nodes=29,400,000,000 tested=3,525 found=0 n=293482687811397917954121 elapsed=1370s
progress: nodes=29,410,000,000 tested=3,525 found=0 n=636365734338966250996377 elapsed=1370s
progress: nodes=29,420,000,000 tested=3,525 found=0 n=163652819551970421379707 elapsed=1371s
progress: nodes=29,430,000,000 tested=3,525 found=0 n=627397246432406053386783 elapsed=1371s
progress: nodes=29,440,000,000 tested=3,525 found=0 n=281834958827842507250163 elapsed=1372s
progress: nodes=29,450,000,000 tested=3,525 found=0 n=891713183434205502052683 elapsed=1372s
progress: nodes=29,460,000,000 tested=3,525 found=0 n=670029674327225264763711 elapsed=1373s
progress: nodes=29,470,000,000 tested=3,525 found=0 n=523478145344946214051629 elapsed=1373s
progress: nodes=29,480,000,000 tested=3,525 found=0 n=445970650986635022601353 elapsed=1374s
progress: nodes=29,490,000,000 tested=3,525 found=0 n=435008656767586647654909 elapsed=1374s
progress: nodes=29,500,000,000 tested=3,525 found=0 n=501652984615740723106341 elapsed=1375s
progress: nodes=29,510,000,000 tested=3,525 found=0 n=650230301514553402161519 elapsed=1375s
progress: nodes=29,520,000,000 tested=3,525 found=0 n=871030336962051440407233 elapsed=1375s
progress: nodes=29,530,000,000 tested=3,525 found=0 n=258270739914353764314717 elapsed=1376s
progress: nodes=29,540,000,000 tested=3,525 found=0 n=597000664845389959681527 elapsed=1376s
progress: nodes=29,550,000,000 tested=3,525 found=0 n=133753854770610557734251 elapsed=1377s
progress: nodes=29,560,000,000 tested=3,525 found=0 n=599609791042450981491699 elapsed=1377s
progress: nodes=29,570,000,000 tested=3,525 found=0 n=276847110232901410044843 elapsed=1378s
progress: nodes=29,580,000,000 tested=3,525 found=0 n=906638078400424044924249 elapsed=1378s
progress: nodes=29,590,000,000 tested=3,525 found=0 n=707542497965878996582161 elapsed=1379s
progress: nodes=29,600,000,000 tested=3,525 found=0 n=579337603007078230406091 elapsed=1379s
progress: nodes=29,610,000,000 tested=3,525 found=0 n=521776895387744105172063 elapsed=1380s
progress: nodes=29,620,000,000 tested=3,525 found=0 n=534377506620702948922719 elapsed=1380s
progress: nodes=29,630,000,000 tested=3,525 found=0 n=616380816598286027947659 elapsed=1381s
progress: nodes=29,640,000,000 tested=3,525 found=0 n=776199717162101543738427 elapsed=1381s
progress: nodes=29,650,000,000 tested=3,525 found=0 n=129855666520864149006141 elapsed=1382s
progress: nodes=29,660,000,000 tested=3,525 found=0 n=413891603114252423397237 elapsed=1382s
progress: nodes=29,670,000,000 tested=3,525 found=0 n=783878998500727497156789 elapsed=1382s
progress: nodes=29,680,000,000 tested=3,525 found=0 n=333985639102813728879849 elapsed=1383s
progress: nodes=29,690,000,000 tested=3,525 found=0 n=839961669481275575881647 elapsed=1383s
progress: nodes=29,700,000,000 tested=3,525 found=0 n=526342485113668288986921 elapsed=1384s
progress: nodes=29,710,000,000 tested=3,525 found=0 n=292803933297120472320093 elapsed=1384s
progress: nodes=29,720,000,000 tested=3,525 found=0 n=144803460839025911035113 elapsed=1385s
progress: nodes=29,730,000,000 tested=3,525 found=0 n=941652552577367854804581 elapsed=1385s
progress: nodes=29,740,000,000 tested=3,525 found=0 n=928516551769569680616699 elapsed=1386s
progress: nodes=29,750,000,000 tested=3,525 found=0 n=989297618407497288228339 elapsed=1386s
progress: nodes=29,760,000,000 tested=3,525 found=0 n=235937317618252911860199 elapsed=1387s
progress: nodes=29,770,000,000 tested=3,525 found=0 n=441345457216113004321767 elapsed=1387s
progress: nodes=29,780,000,000 tested=3,525 found=0 n=715942345832957034314523 elapsed=1388s
progress: nodes=29,790,000,000 tested=3,525 found=0 n=190300218400180373077593 elapsed=1388s
progress: nodes=29,800,000,000 tested=3,525 found=0 n=595608579375583600908081 elapsed=1389s
progress: nodes=29,810,000,000 tested=3,525 found=0 n=211310902385544023008947 elapsed=1389s
progress: nodes=29,820,000,000 tested=3,525 found=0 n=762370227831688643654487 elapsed=1390s
progress: nodes=29,830,000,000 tested=3,525 found=0 n=507227478684428797251957 elapsed=1390s
progress: nodes=29,840,000,000 tested=3,525 found=0 n=331957927623224002183083 elapsed=1391s
progress: nodes=29,850,000,000 tested=3,525 found=0 n=232336396435017078020817 elapsed=1391s
progress: nodes=29,860,000,000 tested=3,525 found=0 n=204752881172485006762401 elapsed=1392s
progress: nodes=29,870,000,000 tested=3,525 found=0 n=242187737959333285019901 elapsed=1392s
progress: nodes=29,880,000,000 tested=3,525 found=0 n=346164431041649733906393 elapsed=1393s
progress: nodes=29,890,000,000 tested=3,525 found=0 n=530404183035231909721317 elapsed=1393s
progress: nodes=29,900,000,000 tested=3,525 found=0 n=872585099879540920153281 elapsed=1394s
progress: nodes=29,910,000,000 tested=3,525 found=0 n=609805711085516678495763 elapsed=1394s
progress: nodes=29,920,000,000 tested=3,525 found=0 n=662282416890225932361561 elapsed=1395s
progress: nodes=29,930,000,000 tested=3,525 found=0 n=141640416481229863878681 elapsed=1395s
progress: nodes=29,940,000,000 tested=3,525 found=0 n=735457798479972551160177 elapsed=1395s
progress: nodes=29,950,000,000 tested=3,525 found=0 n=741511545491134048912281 elapsed=1396s
progress: nodes=29,960,000,000 tested=3,525 found=0 n=160852024930369287111597 elapsed=1396s
progress: nodes=29,970,000,000 tested=3,525 found=0 n=681109195440914365542417 elapsed=1397s
progress: nodes=29,980,000,000 tested=3,525 found=0 n=640666837599800820387579 elapsed=1397s
progress: nodes=29,990,000,000 tested=3,525 found=0 n=864771305623551471944799 elapsed=1398s
progress: nodes=30,000,000,000 tested=3,525 found=0 n=474392610861358201223211 elapsed=1398s
progress: nodes=30,010,000,000 tested=3,525 found=0 n=350545283439972508726839 elapsed=1399s
progress: nodes=30,020,000,000 tested=3,525 found=0 n=482372463267575307145719 elapsed=1399s
progress: nodes=30,030,000,000 tested=3,525 found=0 n=896516384415044802007599 elapsed=1400s
progress: nodes=30,040,000,000 tested=3,525 found=0 n=786167394036144550008579 elapsed=1400s
progress: nodes=30,050,000,000 tested=3,525 found=0 n=179840181826364423607243 elapsed=1401s
progress: nodes=30,060,000,000 tested=3,525 found=0 n=660759948181224585833139 elapsed=1401s
progress: nodes=30,070,000,000 tested=3,525 found=0 n=635162176886716796804487 elapsed=1402s
progress: nodes=30,080,000,000 tested=3,525 found=0 n=915287189334235325326719 elapsed=1402s
progress: nodes=30,090,000,000 tested=3,525 found=0 n=645131895784054053071697 elapsed=1403s
progress: nodes=30,100,000,000 tested=3,525 found=0 n=627435720106801251184539 elapsed=1403s
progress: nodes=30,110,000,000 tested=3,525 found=0 n=855435000519097340713371 elapsed=1404s
progress: nodes=30,120,000,000 tested=3,525 found=0 n=560937494342268956009097 elapsed=1404s
progress: nodes=30,130,000,000 tested=3,525 found=0 n=575155076191437992577327 elapsed=1405s
progress: nodes=30,140,000,000 tested=3,525 found=0 n=147544935839246649336633 elapsed=1405s
progress: nodes=30,150,000,000 tested=3,525 found=0 n=756669187765451948270283 elapsed=1406s
progress: nodes=30,160,000,000 tested=3,525 found=0 n=894396678899366253393783 elapsed=1406s
progress: nodes=30,170,000,000 tested=3,525 found=0 n=508814552131612713659673 elapsed=1407s
progress: nodes=30,180,000,000 tested=3,525 found=0 n=418132465636639600143297 elapsed=1407s
progress: nodes=30,190,000,000 tested=3,525 found=0 n=595986443717329805297157 elapsed=1408s
progress: nodes=30,200,000,000 tested=3,525 found=0 n=305681415123761702184159 elapsed=1408s
progress: nodes=30,210,000,000 tested=3,525 found=0 n=310863908810848087265571 elapsed=1409s
progress: nodes=30,220,000,000 tested=3,525 found=0 n=585909164755901436681231 elapsed=1409s
progress: nodes=30,230,000,000 tested=3,525 found=0 n=435211836248505772889433 elapsed=1410s
progress: nodes=30,240,000,000 tested=3,525 found=0 n=565258985263583367199443 elapsed=1410s
progress: nodes=30,250,000,000 tested=3,525 found=0 n=287220599933212870233309 elapsed=1411s
progress: nodes=30,260,000,000 tested=3,525 found=0 n=299971603682360491402521 elapsed=1411s
progress: nodes=30,270,000,000 tested=3,525 found=0 n=589097908806912650922777 elapsed=1412s
progress: nodes=30,280,000,000 tested=3,525 found=0 n=420148775741369901767541 elapsed=1412s
progress: nodes=30,290,000,000 tested=3,525 found=0 n=496409367548302125500583 elapsed=1413s
progress: nodes=30,300,000,000 tested=3,525 found=0 n=163601144405354759003901 elapsed=1413s
progress: nodes=30,310,000,000 tested=3,525 found=0 n=835085025957506162299461 elapsed=1414s
progress: nodes=30,320,000,000 tested=3,525 found=0 n=357623379458739163857087 elapsed=1414s
progress: nodes=30,330,000,000 tested=3,525 found=0 n=158673108521089283310189 elapsed=1415s
progress: nodes=30,340,000,000 tested=3,525 found=0 n=227319639861523524275961 elapsed=1415s
progress: nodes=30,350,000,000 tested=3,525 found=0 n=572139027018031070036439 elapsed=1416s
progress: nodes=30,360,000,000 tested=3,525 found=0 n=480449110511962196113509 elapsed=1416s
progress: nodes=30,370,000,000 tested=3,525 found=0 n=674572355380375562927817 elapsed=1417s
progress: nodes=30,380,000,000 tested=3,525 found=0 n=457813857170783358568323 elapsed=1417s
progress: nodes=30,390,000,000 tested=3,525 found=0 n=544597929499909357949877 elapsed=1418s
progress: nodes=30,400,000,000 tested=3,525 found=0 n=224223197284696889548269 elapsed=1418s
progress: nodes=30,410,000,000 tested=3,525 found=0 n=181042836314903764412211 elapsed=1419s
progress: nodes=30,420,000,000 tested=3,525 found=0 n=386529603731051073291999 elapsed=1419s
progress: nodes=30,430,000,000 tested=3,525 found=0 n=220114122398731806592347 elapsed=1420s
progress: nodes=30,440,000,000 tested=3,525 found=0 n=363113414022271254284943 elapsed=1420s
progress: nodes=30,450,000,000 tested=3,525 found=0 n=786863245044291658009767 elapsed=1420s
progress: nodes=30,460,000,000 tested=3,525 found=0 n=165761789083605564106257 elapsed=1421s
progress: nodes=30,470,000,000 tested=3,525 found=0 n=482684948998713993520989 elapsed=1421s
progress: nodes=30,480,000,000 tested=3,525 found=0 n=438420260975865149768787 elapsed=1422s
progress: nodes=30,490,000,000 tested=3,525 found=0 n=689864572614971086099767 elapsed=1422s
progress: nodes=30,500,000,000 tested=3,525 found=0 n=563376187042678346237901 elapsed=1423s
progress: nodes=30,510,000,000 tested=3,525 found=0 n=731604754076144608703043 elapsed=1423s
progress: nodes=30,520,000,000 tested=3,525 found=0 n=587407938768590742549747 elapsed=1424s
progress: nodes=30,530,000,000 tested=3,525 found=0 n=790002254494783741838427 elapsed=1424s
progress: nodes=30,540,000,000 tested=3,525 found=0 n=618460061901381565604739 elapsed=1425s
progress: nodes=30,550,000,000 tested=3,525 found=0 n=741406397392747696446837 elapsed=1425s
progress: nodes=30,560,000,000 tested=3,525 found=0 n=498103583369600688651171 elapsed=1426s
progress: nodes=30,570,000,000 tested=3,525 found=0 n=554969645500894271238591 elapsed=1426s
progress: nodes=30,580,000,000 tested=3,525 found=0 n=285134499718089120792693 elapsed=1427s
progress: nodes=30,590,000,000 tested=3,525 found=0 n=304479677139628316723397 elapsed=1427s
progress: nodes=30,600,000,000 tested=3,525 found=0 n=645825143697677872199271 elapsed=1428s
progress: nodes=30,610,000,000 tested=3,525 found=0 n=658394952784148917906569 elapsed=1428s
progress: nodes=30,620,000,000 tested=3,525 found=0 n=340148913294381852698037 elapsed=1429s
progress: nodes=30,630,000,000 tested=3,525 found=0 n=299054005790557790804031 elapsed=1429s
progress: nodes=30,640,000,000 tested=3,525 found=0 n=559980468810777181860693 elapsed=1430s
progress: nodes=30,650,000,000 tested=3,525 found=0 n=512517661053384114775647 elapsed=1430s
progress: nodes=30,660,000,000 tested=3,525 found=0 n=180709121317786869244437 elapsed=1431s
progress: nodes=30,670,000,000 tested=3,525 found=0 n=724198349323648452944691 elapsed=1431s
progress: nodes=30,680,000,000 tested=3,525 found=0 n=357920294281521445493019 elapsed=1432s
progress: nodes=30,690,000,000 tested=3,525 found=0 n=317393968776209595837567 elapsed=1432s
progress: nodes=30,700,000,000 tested=3,525 found=0 n=624432142047438712128141 elapsed=1433s
progress: nodes=30,710,000,000 tested=3,525 found=0 n=647760252093701257732221 elapsed=1433s
progress: nodes=30,720,000,000 tested=3,525 found=0 n=382298221058432075297901 elapsed=1434s
progress: nodes=30,730,000,000 tested=3,525 found=0 n=418910176786980128757507 elapsed=1434s
progress: nodes=30,740,000,000 tested=3,525 found=0 n=191620082419097920961373 elapsed=1435s
progress: nodes=30,750,000,000 tested=3,525 found=0 n=273892784629239367368777 elapsed=1435s
progress: nodes=30,760,000,000 tested=3,525 found=0 n=678123699614134377821217 elapsed=1436s
progress: nodes=30,770,000,000 tested=3,525 found=0 n=236495077505502169517163 elapsed=1436s
progress: nodes=30,780,000,000 tested=3,525 found=0 n=681261431358863203357509 elapsed=1437s
progress: nodes=30,790,000,000 tested=3,525 found=0 n=318097181307543304623957 elapsed=1437s
progress: nodes=30,800,000,000 tested=3,525 found=0 n=268076589079238746237431 elapsed=1438s
progress: nodes=30,810,000,000 tested=3,525 found=0 n=546497576357802294408183 elapsed=1438s
progress: nodes=30,820,000,000 tested=3,525 found=0 n=590808054654223564797639 elapsed=1439s
progress: nodes=30,830,000,000 tested=3,525 found=0 n=361194784218590733930519 elapsed=1439s
progress: nodes=30,840,000,000 tested=3,525 found=0 n=442034115377303693805561 elapsed=1440s
progress: nodes=30,850,000,000 tested=3,525 found=0 n=295847924136274835838513 elapsed=1440s
progress: nodes=30,860,000,000 tested=3,525 found=0 n=470565337845407286450969 elapsed=1441s
progress: nodes=30,870,000,000 tested=3,525 found=0 n=406354438381553831268099 elapsed=1441s
progress: nodes=30,880,000,000 tested=3,525 found=0 n=665551407732254731338651 elapsed=1442s
progress: nodes=30,890,000,000 tested=3,525 found=0 n=718733946752542702458477 elapsed=1442s
progress: nodes=30,900,000,000 tested=3,525 found=0 n=547466409572466188243439 elapsed=1443s
progress: nodes=30,910,000,000 tested=3,525 found=0 n=686756437760280992261157 elapsed=1443s
progress: nodes=30,920,000,000 tested=3,525 found=0 n=612086412858358978949409 elapsed=1444s
progress: nodes=30,930,000,000 tested=3,525 found=0 n=354878358968691816927669 elapsed=1444s
progress: nodes=30,940,000,000 tested=3,525 found=0 n=428362585534646318006451 elapsed=1445s
progress: nodes=30,950,000,000 tested=3,525 found=0 n=323968663261735094944341 elapsed=1445s
progress: nodes=30,960,000,000 tested=3,525 found=0 n=555772014969969213126711 elapsed=1446s
progress: nodes=30,970,000,000 tested=3,525 found=0 n=615001332545826598559187 elapsed=1446s
progress: nodes=30,980,000,000 tested=3,525 found=0 n=512484506662305465008721 elapsed=1446s
progress: nodes=30,990,000,000 tested=3,525 found=0 n=215666075607509665865727 elapsed=1447s
progress: nodes=31,000,000,000 tested=3,525 found=0 n=254212065703081022265729 elapsed=1447s
progress: nodes=31,010,000,000 tested=3,525 found=0 n=635636085332952733992963 elapsed=1448s
progress: nodes=31,020,000,000 tested=3,525 found=0 n=350948854907115931344879 elapsed=1448s
progress: nodes=31,030,000,000 tested=3,525 found=0 n=419287644571705527897279 elapsed=1449s
progress: nodes=31,040,000,000 tested=3,525 found=0 n=322576276091073964660701 elapsed=1449s
progress: nodes=31,050,000,000 tested=3,525 found=0 n=587870757870546183774741 elapsed=1450s
progress: nodes=31,060,000,000 tested=3,525 found=0 n=225125229787463177415243 elapsed=1450s
progress: nodes=31,070,000,000 tested=3,525 found=0 n=230589231241349542855293 elapsed=1451s
progress: nodes=31,080,000,000 tested=3,525 found=0 n=577116488449145141455959 elapsed=1451s
progress: nodes=31,090,000,000 tested=3,525 found=0 n=286930273145916959189631 elapsed=1452s
progress: nodes=31,100,000,000 tested=3,525 found=0 n=350624721375519639075027 elapsed=1452s
progress: nodes=31,110,000,000 tested=3,525 found=0 n=295183534606689833147043 elapsed=1453s
progress: nodes=31,120,000,000 tested=3,525 found=0 n=602504304271735233024657 elapsed=1453s
progress: nodes=31,130,000,000 tested=3,525 found=0 n=327419538949132543334421 elapsed=1454s
progress: nodes=31,140,000,000 tested=3,525 found=0 n=417051749712021021478881 elapsed=1454s
progress: nodes=31,150,000,000 tested=3,525 found=0 n=409487992637324201940339 elapsed=1455s
progress: nodes=31,160,000,000 tested=3,525 found=0 n=270662014292563490818221 elapsed=1455s
progress: nodes=31,170,000,000 tested=3,525 found=0 n=521339602001374650835341 elapsed=1456s
progress: nodes=31,180,000,000 tested=3,525 found=0 n=677086415108227220347251 elapsed=1456s
progress: nodes=31,190,000,000 tested=3,525 found=0 n=273699109421382053568159 elapsed=1457s
progress: nodes=31,200,000,000 tested=3,525 found=0 n=254320208767710096160149 elapsed=1457s
progress: nodes=31,210,000,000 tested=3,525 found=0 n=639157223720668307802147 elapsed=1458s
progress: nodes=31,220,000,000 tested=3,525 found=0 n=474347800043110000948941 elapsed=1458s
progress: nodes=31,230,000,000 tested=3,525 found=0 n=221603669791228818546453 elapsed=1459s
progress: nodes=31,240,000,000 tested=3,525 found=0 n=352270030685315040635337 elapsed=1459s
progress: nodes=31,250,000,000 tested=3,525 found=0 n=407358006780806657112537 elapsed=1460s
progress: nodes=31,260,000,000 tested=3,525 found=0 n=390794850227128605297039 elapsed=1460s
progress: nodes=31,270,000,000 tested=3,525 found=0 n=316740551368242953222271 elapsed=1461s
progress: nodes=31,280,000,000 tested=3,525 found=0 n=648129705486810048503001 elapsed=1461s
progress: nodes=31,290,000,000 tested=3,525 found=0 n=474286729265119223343891 elapsed=1461s
progress: nodes=31,300,000,000 tested=3,525 found=0 n=252436277032099565704299 elapsed=1462s
progress: nodes=31,310,000,000 tested=3,525 found=0 n=427461474852482087948931 elapsed=1462s
progress: nodes=31,320,000,000 tested=3,525 found=0 n=574309793239975753990029 elapsed=1463s
progress: nodes=31,330,000,000 tested=3,525 found=0 n=234443487755376334568133 elapsed=1463s
progress: nodes=31,340,000,000 tested=3,525 found=0 n=275941210859304708875157 elapsed=1464s
progress: nodes=31,350,000,000 tested=3,525 found=0 n=315390539365341666136911 elapsed=1464s
progress: nodes=31,360,000,000 tested=3,525 found=0 n=365865502758238485559557 elapsed=1465s
progress: nodes=31,370,000,000 tested=3,525 found=0 n=401341708969198175024847 elapsed=1465s
progress: nodes=31,380,000,000 tested=3,525 found=0 n=431336426555212297596477 elapsed=1466s
progress: nodes=31,390,000,000 tested=3,525 found=0 n=470308731294503063961999 elapsed=1466s
progress: nodes=31,400,000,000 tested=3,525 found=0 n=515893983007941111226653 elapsed=1467s
progress: nodes=31,410,000,000 tested=3,525 found=0 n=591903410717038628625417 elapsed=1467s
progress: nodes=31,420,000,000 tested=3,525 found=0 n=262160706533653769710869 elapsed=1468s
progress: nodes=31,430,000,000 tested=3,525 found=0 n=361396514463020434437039 elapsed=1468s
progress: nodes=31,440,000,000 tested=3,525 found=0 n=491143831235317134693819 elapsed=1469s
progress: nodes=31,450,000,000 tested=3,525 found=0 n=259843396814316694359981 elapsed=1469s
progress: nodes=31,460,000,000 tested=3,525 found=0 n=477931207277908188073269 elapsed=1470s
progress: nodes=31,470,000,000 tested=3,525 found=0 n=332550917243890001193537 elapsed=1470s
progress: nodes=31,480,000,000 tested=3,525 found=0 n=647222004230783424231789 elapsed=1471s
progress: nodes=31,490,000,000 tested=3,525 found=0 n=628565218165188216631719 elapsed=1471s
progress: nodes=31,500,000,000 tested=3,525 found=0 n=267245495273094981475833 elapsed=1472s
progress: nodes=31,510,000,000 tested=3,525 found=0 n=354893778941201186998311 elapsed=1472s
progress: nodes=31,520,000,000 tested=3,525 found=0 n=535583903600992736901411 elapsed=1473s
progress: nodes=31,530,000,000 tested=3,525 found=0 n=401693528293665076738269 elapsed=1473s
progress: nodes=31,540,000,000 tested=3,525 found=0 n=375862855633021839413331 elapsed=1474s
progress: nodes=31,550,000,000 tested=3,525 found=0 n=459046035197423862415227 elapsed=1474s
progress: nodes=31,560,000,000 tested=3,525 found=0 n=287889727515848238469689 elapsed=1475s
progress: nodes=31,570,000,000 tested=3,525 found=0 n=649790136744667930212201 elapsed=1475s
progress: nodes=31,580,000,000 tested=3,525 found=0 n=351410690411903067388443 elapsed=1476s
progress: nodes=31,590,000,000 tested=3,525 found=0 n=570597803739063168895827 elapsed=1476s
progress: nodes=31,600,000,000 tested=3,525 found=0 n=526785886845679641573393 elapsed=1477s
progress: nodes=31,610,000,000 tested=3,525 found=0 n=643865132595286744603461 elapsed=1477s
progress: nodes=31,620,000,000 tested=3,525 found=0 n=552720801715207993770903 elapsed=1478s
progress: nodes=31,630,000,000 tested=3,525 found=0 n=647984195546991641831493 elapsed=1478s
progress: nodes=31,640,000,000 tested=3,525 found=0 n=536646988655834388973641 elapsed=1479s
progress: nodes=31,650,000,000 tested=3,525 found=0 n=621994952010482461610199 elapsed=1479s
progress: nodes=31,660,000,000 tested=3,525 found=0 n=507234136687351371671373 elapsed=1480s
progress: nodes=31,670,000,000 tested=3,525 found=0 n=629349064867665120307329 elapsed=1480s
progress: nodes=31,680,000,000 tested=3,525 found=0 n=584733564646259083924869 elapsed=1481s
progress: nodes=31,690,000,000 tested=3,525 found=0 n=404728403135780659078143 elapsed=1481s
progress: nodes=31,700,000,000 tested=3,525 found=0 n=471411707402063272091247 elapsed=1482s
progress: nodes=31,710,000,000 tested=3,525 found=0 n=395897433379326843177213 elapsed=1482s
progress: nodes=31,720,000,000 tested=3,525 found=0 n=585028873726267643940267 elapsed=1483s
progress: nodes=31,730,000,000 tested=3,525 found=0 n=306990024119254836080721 elapsed=1483s
progress: nodes=31,740,000,000 tested=3,525 found=0 n=318586328417366729652933 elapsed=1484s
progress: nodes=31,750,000,000 tested=3,525 found=0 n=631236045568188398801463 elapsed=1484s
progress: nodes=31,760,000,000 tested=3,525 found=0 n=528334447582361402329347 elapsed=1485s
progress: nodes=31,770,000,000 tested=3,525 found=0 n=399771486106839207608247 elapsed=1485s
progress: nodes=31,780,000,000 tested=3,525 found=0 n=615193197056215259639157 elapsed=1486s
progress: nodes=31,790,000,000 tested=3,525 found=0 n=475451471345545146841389 elapsed=1486s
progress: nodes=31,800,000,000 tested=3,525 found=0 n=320315252688921901838427 elapsed=1487s
progress: nodes=31,810,000,000 tested=3,525 found=0 n=504560432050598114798607 elapsed=1487s
progress: nodes=31,820,000,000 tested=3,525 found=0 n=385659814234755649377789 elapsed=1488s
progress: nodes=31,830,000,000 tested=3,525 found=0 n=634815817325241335973189 elapsed=1488s
progress: nodes=31,840,000,000 tested=3,525 found=0 n=333579175568492529664989 elapsed=1489s
progress: nodes=31,850,000,000 tested=3,525 found=0 n=434526858937018415354787 elapsed=1490s
progress: nodes=31,860,000,000 tested=3,525 found=0 n=635522321459027212349139 elapsed=1490s
progress: nodes=31,870,000,000 tested=3,525 found=0 n=340437596629155727240539 elapsed=1491s
progress: nodes=31,880,000,000 tested=3,525 found=0 n=514903529661782684506083 elapsed=1491s
progress: nodes=31,890,000,000 tested=3,525 found=0 n=509714643920133554379477 elapsed=1492s
progress: nodes=31,900,000,000 tested=3,525 found=0 n=362977900191091572978591 elapsed=1492s
progress: nodes=31,910,000,000 tested=3,525 found=0 n=403928744420926037592279 elapsed=1493s
progress: nodes=31,920,000,000 tested=3,525 found=0 n=374984509848237864543969 elapsed=1493s
progress: nodes=31,930,000,000 tested=3,525 found=0 n=595823832154427227478127 elapsed=1494s
progress: nodes=31,940,000,000 tested=3,525 found=0 n=479665755945039871057851 elapsed=1494s
progress: nodes=31,950,000,000 tested=3,525 found=0 n=650499268735258941155157 elapsed=1495s
progress: nodes=31,960,000,000 tested=3,525 found=0 n=528648148438272689383557 elapsed=1495s
progress: nodes=31,970,000,000 tested=3,525 found=0 n=447592877145616186725741 elapsed=1496s
progress: nodes=31,980,000,000 tested=3,525 found=0 n=452311344632731145138577 elapsed=1496s
progress: nodes=31,990,000,000 tested=3,525 found=0 n=562957980828865254924291 elapsed=1497s
progress: nodes=32,000,000,000 tested=3,525 found=0 n=512776358657115872346027 elapsed=1497s
progress: nodes=32,010,000,000 tested=3,525 found=0 n=373196139327062440758369 elapsed=1498s
progress: nodes=32,020,000,000 tested=3,525 found=0 n=490429383390302254157259 elapsed=1498s
progress: nodes=32,030,000,000 tested=3,525 found=0 n=574319815168216703727141 elapsed=1499s
progress: nodes=32,040,000,000 tested=3,525 found=0 n=632944104804493521102063 elapsed=1499s
progress: nodes=32,050,000,000 tested=3,525 found=0 n=493005198563552345089419 elapsed=1500s
progress: nodes=32,060,000,000 tested=3,525 found=0 n=453672596800073509209351 elapsed=1500s
progress: nodes=32,070,000,000 tested=3,525 found=0 n=523631386609116642639783 elapsed=1501s
progress: nodes=32,080,000,000 tested=3,525 found=0 n=490778798116677263700507 elapsed=1501s
progress: nodes=32,090,000,000 tested=3,525 found=0 n=452823727314307061179467 elapsed=1502s
progress: nodes=32,100,000,000 tested=3,525 found=0 n=472321234588505073454683 elapsed=1502s
progress: nodes=32,110,000,000 tested=3,525 found=0 n=619144022233432784259171 elapsed=1503s
progress: nodes=32,120,000,000 tested=3,525 found=0 n=654692679928378021954023 elapsed=1503s
progress: nodes=32,130,000,000 tested=3,525 found=0 n=456596147029245433817607 elapsed=1504s
progress: nodes=32,140,000,000 tested=3,525 found=0 n=552974999988922059858309 elapsed=1504s
progress: nodes=32,150,000,000 tested=3,525 found=0 n=516998222827239260354247 elapsed=1505s
progress: nodes=32,160,000,000 tested=3,525 found=0 n=656581797283714633498167 elapsed=1506s
progress: nodes=32,170,000,000 tested=3,525 found=0 n=647788067581847935770027 elapsed=1506s
progress: nodes=32,180,000,000 tested=3,525 found=0 n=584867340049028667379749 elapsed=1507s
progress: nodes=32,190,000,000 tested=3,525 found=0 n=603045931498732238399883 elapsed=1507s
progress: nodes=32,200,000,000 tested=3,525 found=0 n=616697684151599709766107 elapsed=1508s
progress: nodes=32,210,000,000 tested=3,525 found=0 n=649807201891544228270739 elapsed=1508s
progress: nodes=32,220,000,000 tested=3,525 found=0 n=650831383936692946938951 elapsed=1509s
progress: nodes=32,230,000,000 tested=3,525 found=0 n=616436533610325922857363 elapsed=1509s
progress: nodes=32,240,000,000 tested=3,525 found=0 n=582435945935684711453583 elapsed=1510s
progress: nodes=32,250,000,000 tested=3,525 found=0 n=548557277150195994311631 elapsed=1510s
progress: nodes=32,260,000,000 tested=3,525 found=0 n=589270161420585416330559 elapsed=1511s
progress: nodes=32,270,000,000 tested=3,525 found=0 n=526538917878987571234677 elapsed=1511s
progress: nodes=32,280,000,000 tested=3,525 found=0 n=638809938414667704421737 elapsed=1512s
progress: nodes=32,290,000,000 tested=3,525 found=0 n=601025021044151576559687 elapsed=1512s
progress: nodes=32,300,000,000 tested=3,525 found=0 n=653820457208319384902919 elapsed=1513s
progress: nodes=32,310,000,000 tested=3,525 found=0 n=566807591156992598516103 elapsed=1513s
progress: nodes=32,320,000,000 tested=3,525 found=0 n=554011707792477022927839 elapsed=1514s
progress: nodes=32,330,000,000 tested=3,525 found=0 n=675533857943993683806171 elapsed=1514s
progress: nodes=32,340,000,000 tested=3,525 found=0 n=636242280859589793159771 elapsed=1515s
progress: nodes=32,350,000,000 tested=3,525 found=0 n=569528277047251853568237 elapsed=1515s
progress: nodes=32,360,000,000 tested=3,525 found=0 n=629981206475450170380039 elapsed=1516s
progress: nodes=32,370,000,000 tested=3,525 found=0 n=615279020051330263367739 elapsed=1516s
progress: nodes=32,380,000,000 tested=3,525 found=0 n=637401921057104206004001 elapsed=1517s
progress: nodes=32,390,000,000 tested=3,525 found=0 n=703938702622652257607847 elapsed=1517s
progress: nodes=32,400,000,000 tested=3,525 found=0 n=660009814627326297865731 elapsed=1518s
progress: nodes=32,410,000,000 tested=3,525 found=0 n=691029286093939132417077 elapsed=1518s
progress: nodes=32,420,000,000 tested=3,525 found=0 n=684170802417487508692569 elapsed=1519s
progress: nodes=32,430,000,000 tested=3,525 found=0 n=751754565247109739906591 elapsed=1519s
progress: nodes=32,440,000,000 tested=3,525 found=0 n=873551511265926422022093 elapsed=1520s
progress: nodes=32,450,000,000 tested=3,525 found=0 n=105188120714830847276583 elapsed=1520s
progress: nodes=32,460,000,000 tested=3,525 found=0 n=293601081847485757472127 elapsed=1521s
progress: nodes=32,470,000,000 tested=3,525 found=0 n=538507855946882617056261 elapsed=1521s
progress: nodes=32,480,000,000 tested=3,525 found=0 n=836691160968695013640659 elapsed=1522s
progress: nodes=32,490,000,000 tested=3,525 found=0 n=240820413761840585171499 elapsed=1522s
progress: nodes=32,500,000,000 tested=3,525 found=0 n=628076609871366419062299 elapsed=1522s
progress: nodes=32,510,000,000 tested=3,525 found=0 n=144574888588661280638889 elapsed=1523s
progress: nodes=32,520,000,000 tested=3,525 found=0 n=614979136934148016433403 elapsed=1523s
progress: nodes=32,530,000,000 tested=3,525 found=0 n=211158692958905869856679 elapsed=1524s
progress: nodes=32,540,000,000 tested=3,525 found=0 n=782183972084115734796663 elapsed=1524s
progress: nodes=32,550,000,000 tested=3,525 found=0 n=467300447037064178354817 elapsed=1525s
progress: nodes=32,560,000,000 tested=3,525 found=0 n=211939258663521911340819 elapsed=1525s
progress: nodes=32,570,000,000 tested=3,525 found=0 n=933954868781586688943907 elapsed=1526s
progress: nodes=32,580,000,000 tested=3,525 found=0 n=757560900093816628859049 elapsed=1526s
progress: nodes=32,590,000,000 tested=3,525 found=0 n=632676671248499399863341 elapsed=1526s
progress: nodes=32,600,000,000 tested=3,525 found=0 n=561138333417040216398561 elapsed=1527s
progress: nodes=32,610,000,000 tested=3,525 found=0 n=537376055671919939153679 elapsed=1527s
progress: nodes=32,620,000,000 tested=3,525 found=0 n=562419940406213383617123 elapsed=1528s
progress: nodes=32,630,000,000 tested=3,525 found=0 n=636002856767734029106533 elapsed=1528s
progress: nodes=32,640,000,000 tested=3,525 found=0 n=767285096339838917964123 elapsed=1529s
progress: nodes=32,650,000,000 tested=3,525 found=0 n=951100141843798200775521 elapsed=1529s
progress: nodes=32,660,000,000 tested=3,525 found=0 n=237687011815104413312751 elapsed=1530s
progress: nodes=32,670,000,000 tested=3,525 found=0 n=509816081806115949625761 elapsed=1530s
progress: nodes=32,680,000,000 tested=3,525 found=0 n=845397293490836576691201 elapsed=1531s
progress: nodes=32,690,000,000 tested=3,525 found=0 n=286628055432582118742487 elapsed=1531s
progress: nodes=32,700,000,000 tested=3,525 found=0 n=714535281268359449978079 elapsed=1531s
progress: nodes=32,710,000,000 tested=3,525 found=0 n=267336732645978509354841 elapsed=1532s
progress: nodes=32,720,000,000 tested=3,525 found=0 n=802159745259938955180291 elapsed=1532s
progress: nodes=32,730,000,000 tested=3,525 found=0 n=443663844386402195643087 elapsed=1533s
progress: nodes=32,740,000,000 tested=3,525 found=0 n=152388168301738460274183 elapsed=1533s
progress: nodes=32,750,000,000 tested=3,525 found=0 n=821422059868389981062061 elapsed=1534s
progress: nodes=32,760,000,000 tested=3,525 found=0 n=608715764915975091317943 elapsed=1534s
progress: nodes=32,770,000,000 tested=3,525 found=0 n=445882195296225854799633 elapsed=1535s
progress: nodes=32,780,000,000 tested=3,525 found=0 n=344228246860814916927327 elapsed=1535s
progress: nodes=32,790,000,000 tested=3,525 found=0 n=301742481581298635584707 elapsed=1536s
progress: nodes=32,800,000,000 tested=3,525 found=0 n=310271432166236455687773 elapsed=1536s
progress: nodes=32,810,000,000 tested=3,525 found=0 n=368316899553988876409919 elapsed=1537s
progress: nodes=32,820,000,000 tested=3,525 found=0 n=472691868898250475741267 elapsed=1537s
progress: nodes=32,830,000,000 tested=3,525 found=0 n=629303660009370682673337 elapsed=1537s
progress: nodes=32,840,000,000 tested=3,525 found=0 n=840884403713977954444113 elapsed=1538s
progress: nodes=32,850,000,000 tested=3,525 found=0 n=171240378153663465453807 elapsed=1538s
progress: nodes=32,860,000,000 tested=3,525 found=0 n=470396548297104603543369 elapsed=1539s
progress: nodes=32,870,000,000 tested=3,525 found=0 n=837396284883398639145747 elapsed=1539s
progress: nodes=32,880,000,000 tested=3,525 found=0 n=316069766382956573294307 elapsed=1540s
progress: nodes=32,890,000,000 tested=3,525 found=0 n=777325611108774452503779 elapsed=1540s
progress: nodes=32,900,000,000 tested=3,525 found=0 n=360797014556302159989153 elapsed=1541s
progress: nodes=32,910,000,000 tested=3,525 found=0 n=937336542144355533831651 elapsed=1541s
progress: nodes=32,920,000,000 tested=3,525 found=0 n=620356577108800898334969 elapsed=1542s
progress: nodes=32,930,000,000 tested=3,525 found=0 n=363342896004076828330491 elapsed=1542s
progress: nodes=32,940,000,000 tested=3,525 found=0 n=159283555245680050938753 elapsed=1542s
progress: nodes=32,950,000,000 tested=3,525 found=0 n=922267307624402625034149 elapsed=1543s
progress: nodes=32,960,000,000 tested=3,525 found=0 n=810314814784111497930069 elapsed=1543s
progress: nodes=32,970,000,000 tested=3,525 found=0 n=751896793816926355194597 elapsed=1544s
progress: nodes=32,980,000,000 tested=3,525 found=0 n=745008673759935996978567 elapsed=1544s
progress: nodes=32,990,000,000 tested=3,525 found=0 n=793742139355953363446871 elapsed=1545s
progress: nodes=33,000,000,000 tested=3,525 found=0 n=898939930813506203330709 elapsed=1545s
progress: nodes=33,010,000,000 tested=3,525 found=0 n=132383914396820309466243 elapsed=1546s
progress: nodes=33,020,000,000 tested=3,525 found=0 n=329491642065998267696841 elapsed=1546s
progress: nodes=33,030,000,000 tested=3,525 found=0 n=587564413329504919827519 elapsed=1547s
progress: nodes=33,040,000,000 tested=3,525 found=0 n=902512442774814832173213 elapsed=1547s
progress: nodes=33,050,000,000 tested=3,525 found=0 n=333981167663922616909071 elapsed=1548s
progress: nodes=33,060,000,000 tested=3,525 found=0 n=747823068581255391261537 elapsed=1548s
progress: nodes=33,070,000,000 tested=3,525 found=0 n=286161447058708319891793 elapsed=1548s
progress: nodes=33,080,000,000 tested=3,525 found=0 n=806007457112331199072347 elapsed=1549s
progress: nodes=33,090,000,000 tested=3,525 found=0 n=451570243482991200647079 elapsed=1549s
progress: nodes=33,100,000,000 tested=3,525 found=0 n=162771840198901601428761 elapsed=1550s
progress: nodes=33,110,000,000 tested=3,525 found=0 n=829908437380903609495767 elapsed=1550s
progress: nodes=33,120,000,000 tested=3,525 found=0 n=627346497361892058649899 elapsed=1551s
progress: nodes=33,130,000,000 tested=3,525 found=0 n=484146477351851058854109 elapsed=1551s
progress: nodes=33,140,000,000 tested=3,525 found=0 n=396115479811364015093391 elapsed=1552s
progress: nodes=33,150,000,000 tested=3,525 found=0 n=371567088058882921324119 elapsed=1552s
progress: nodes=33,160,000,000 tested=3,525 found=0 n=409479059830688704175319 elapsed=1553s
progress: nodes=33,170,000,000 tested=3,525 found=0 n=501193326933305012533527 elapsed=1553s
progress: nodes=33,180,000,000 tested=3,525 found=0 n=648240512764186938985389 elapsed=1554s
progress: nodes=33,190,000,000 tested=3,525 found=0 n=854346073281663181075857 elapsed=1554s
progress: nodes=33,200,000,000 tested=3,525 found=0 n=186023380493492817273999 elapsed=1554s
progress: nodes=33,210,000,000 tested=3,525 found=0 n=474899379809438898373059 elapsed=1555s
progress: nodes=33,220,000,000 tested=3,525 found=0 n=842661220120691772912111 elapsed=1555s
progress: nodes=33,230,000,000 tested=3,525 found=0 n=344675906678027183388129 elapsed=1556s
progress: nodes=33,240,000,000 tested=3,525 found=0 n=835501510861634531685771 elapsed=1556s
progress: nodes=33,250,000,000 tested=3,525 found=0 n=452585767200983610463269 elapsed=1557s
progress: nodes=33,260,000,000 tested=3,525 found=0 n=140618017942748996759109 elapsed=1557s
progress: nodes=33,270,000,000 tested=3,525 found=0 n=779829635273965175286387 elapsed=1558s
progress: nodes=33,280,000,000 tested=3,525 found=0 n=567132356416765336644447 elapsed=1558s
progress: nodes=33,290,000,000 tested=3,525 found=0 n=409858064009495285697513 elapsed=1559s
progress: nodes=33,300,000,000 tested=3,525 found=0 n=310761881727210024264153 elapsed=1559s
progress: nodes=33,310,000,000 tested=3,525 found=0 n=267470053880048067297249 elapsed=1560s
progress: nodes=33,320,000,000 tested=3,525 found=0 n=278420230699399412424801 elapsed=1560s
progress: nodes=33,330,000,000 tested=3,525 found=0 n=339655218404744583364023 elapsed=1561s
progress: nodes=33,340,000,000 tested=3,525 found=0 n=458914581386528618097747 elapsed=1561s
progress: nodes=33,350,000,000 tested=3,525 found=0 n=631873272173408965020321 elapsed=1562s
progress: nodes=33,360,000,000 tested=3,525 found=0 n=866982464651890418444613 elapsed=1562s
progress: nodes=33,370,000,000 tested=3,525 found=0 n=236231980434693075423591 elapsed=1562s
progress: nodes=33,380,000,000 tested=3,525 found=0 n=573438292009942921524963 elapsed=1563s
progress: nodes=33,390,000,000 tested=3,525 found=0 n=988526658569418250601319 elapsed=1563s
progress: nodes=33,400,000,000 tested=3,525 found=0 n=529520501354416150219641 elapsed=1564s
progress: nodes=33,410,000,000 tested=3,525 found=0 n=164734741229573969186733 elapsed=1564s
progress: nodes=33,420,000,000 tested=3,525 found=0 n=755729616203040310921089 elapsed=1565s
progress: nodes=33,430,000,000 tested=3,525 found=0 n=498294480054942639745677 elapsed=1565s
progress: nodes=33,440,000,000 tested=3,525 found=0 n=309088880905944109199229 elapsed=1566s
progress: nodes=33,450,000,000 tested=3,525 found=0 n=185173937800495981714377 elapsed=1566s
progress: nodes=33,460,000,000 tested=3,525 found=0 n=118124318016794138436387 elapsed=1567s
progress: nodes=33,470,000,000 tested=3,525 found=0 n=99361129477882107222387 elapsed=1567s
progress: nodes=33,480,000,000 tested=3,525 found=0 n=132482457158591222485803 elapsed=1568s
progress: nodes=33,490,000,000 tested=3,525 found=0 n=227443349888938193817807 elapsed=1568s
progress: nodes=33,500,000,000 tested=3,525 found=0 n=381527063475846776374887 elapsed=1569s
progress: nodes=33,510,000,000 tested=3,525 found=0 n=593862429139344745298919 elapsed=1569s
progress: nodes=33,520,000,000 tested=3,525 found=0 n=860442677051373250755921 elapsed=1570s
progress: nodes=33,530,000,000 tested=3,525 found=0 n=264679602937350898448151 elapsed=1570s
progress: nodes=33,540,000,000 tested=3,525 found=0 n=643366866873896362260063 elapsed=1571s
progress: nodes=33,550,000,000 tested=3,525 found=0 n=180256688898690392107119 elapsed=1571s
progress: nodes=33,560,000,000 tested=3,525 found=0 n=670939020831238716736179 elapsed=1571s
progress: nodes=33,570,000,000 tested=3,525 found=0 n=325280394082312474634829 elapsed=1572s
progress: nodes=33,580,000,000 tested=3,525 found=0 n=960627397818314526993693 elapsed=1572s
progress: nodes=33,590,000,000 tested=3,525 found=0 n=728624094907524315318819 elapsed=1573s
progress: nodes=33,600,000,000 tested=3,525 found=0 n=559426790378853749463111 elapsed=1573s
progress: nodes=33,610,000,000 tested=3,525 found=0 n=453991270184004846604311 elapsed=1574s
progress: nodes=33,620,000,000 tested=3,525 found=0 n=408894487075796473640889 elapsed=1574s
progress: nodes=33,630,000,000 tested=3,525 found=0 n=427617028051114561763103 elapsed=1575s
progress: nodes=33,640,000,000 tested=3,525 found=0 n=507174175544674870975743 elapsed=1575s
progress: nodes=33,650,000,000 tested=3,525 found=0 n=658175067321733026874809 elapsed=1576s
progress: nodes=33,660,000,000 tested=3,525 found=0 n=873355198716177063417531 elapsed=1576s
progress: nodes=33,670,000,000 tested=3,525 found=0 n=235206795032775892527201 elapsed=1577s
progress: nodes=33,680,000,000 tested=3,525 found=0 n=555490569712964146243983 elapsed=1577s
progress: nodes=33,690,000,000 tested=3,525 found=0 n=947667115267938560331837 elapsed=1578s
progress: nodes=33,700,000,000 tested=3,525 found=0 n=475552044413382631764069 elapsed=1578s
progress: nodes=33,710,000,000 tested=3,525 found=0 n=991214184298968360189459 elapsed=1579s
progress: nodes=33,720,000,000 tested=3,525 found=0 n=640356002127028475995707 elapsed=1579s
progress: nodes=33,730,000,000 tested=3,525 found=0 n=359109798880654664854011 elapsed=1580s
progress: nodes=33,740,000,000 tested=3,525 found=0 n=153877792411711374675669 elapsed=1580s
progress: nodes=33,750,000,000 tested=3,525 found=0 n=907439193726279101286399 elapsed=1581s
progress: nodes=33,760,000,000 tested=3,525 found=0 n=824587598624920126989993 elapsed=1581s
progress: nodes=33,770,000,000 tested=3,525 found=0 n=811389720280908534226461 elapsed=1582s
progress: nodes=33,780,000,000 tested=3,525 found=0 n=912988253243445497721603 elapsed=1582s
progress: nodes=33,790,000,000 tested=3,525 found=0 n=361621419187903175982681 elapsed=1582s
progress: nodes=33,800,000,000 tested=3,525 found=0 n=964219417169408870543073 elapsed=1583s
progress: nodes=33,810,000,000 tested=3,525 found=0 n=933244761926064631906863 elapsed=1583s
progress: nodes=33,820,000,000 tested=3,525 found=0 n=294857846691881766310017 elapsed=1584s
progress: nodes=33,830,000,000 tested=3,525 found=0 n=828227039559266670532209 elapsed=1584s
progress: nodes=33,840,000,000 tested=3,525 found=0 n=724835018538622081301211 elapsed=1585s
progress: nodes=33,850,000,000 tested=3,525 found=0 n=891081143194658676973713 elapsed=1585s
progress: nodes=33,860,000,000 tested=3,525 found=0 n=431175652933555850026707 elapsed=1586s
progress: nodes=33,870,000,000 tested=3,525 found=0 n=258230930632765993711809 elapsed=1586s
progress: nodes=33,880,000,000 tested=3,525 found=0 n=377771134142754659400093 elapsed=1587s
progress: nodes=33,890,000,000 tested=3,525 found=0 n=768291585122743621236297 elapsed=1587s
progress: nodes=33,900,000,000 tested=3,525 found=0 n=604386702678684690341577 elapsed=1588s
progress: nodes=33,910,000,000 tested=3,525 found=0 n=739995808050804216981069 elapsed=1588s
progress: nodes=33,920,000,000 tested=3,525 found=0 n=338109447508465932081783 elapsed=1589s
progress: nodes=33,930,000,000 tested=3,525 found=0 n=224855972021443306693149 elapsed=1589s
progress: nodes=33,940,000,000 tested=3,525 found=0 n=373050615600348394996287 elapsed=1590s
progress: nodes=33,950,000,000 tested=3,525 found=0 n=802109614811314678601733 elapsed=1590s
progress: nodes=33,960,000,000 tested=3,525 found=0 n=689808245532598236133089 elapsed=1590s
progress: nodes=33,970,000,000 tested=3,525 found=0 n=863320610611926370266363 elapsed=1591s
progress: nodes=33,980,000,000 tested=3,525 found=0 n=524962558880895389687433 elapsed=1591s
progress: nodes=33,990,000,000 tested=3,525 found=0 n=512912511117915081394221 elapsed=1592s
progress: nodes=34,000,000,000 tested=3,525 found=0 n=808029617587282826624889 elapsed=1592s
progress: nodes=34,010,000,000 tested=3,525 found=0 n=585165768147912151401201 elapsed=1593s
progress: nodes=34,020,000,000 tested=3,525 found=0 n=669755711968474078810863 elapsed=1593s
progress: nodes=34,030,000,000 tested=3,525 found=0 n=267514097630851349116839 elapsed=1594s
progress: nodes=34,040,000,000 tested=3,525 found=0 n=181370336792624172524331 elapsed=1594s
progress: nodes=34,050,000,000 tested=3,525 found=0 n=388413533171581310163771 elapsed=1595s
progress: nodes=34,060,000,000 tested=3,525 found=0 n=133668509011678593345393 elapsed=1595s
progress: nodes=34,070,000,000 tested=3,525 found=0 n=180129303499274448908589 elapsed=1596s
progress: nodes=34,080,000,000 tested=3,525 found=0 n=509524524881830929467997 elapsed=1596s
progress: nodes=34,090,000,000 tested=3,525 found=0 n=368191095224283673919577 elapsed=1597s
progress: nodes=34,100,000,000 tested=3,525 found=0 n=505762878258494548454763 elapsed=1597s
progress: nodes=34,110,000,000 tested=3,525 found=0 n=203594532016834778762943 elapsed=1598s
progress: nodes=34,120,000,000 tested=3,525 found=0 n=165869630922939050930823 elapsed=1598s
progress: nodes=34,130,000,000 tested=3,525 found=0 n=397270318162036402914831 elapsed=1599s
progress: nodes=34,140,000,000 tested=3,525 found=0 n=197790714742270410483723 elapsed=1599s
progress: nodes=34,150,000,000 tested=3,525 found=0 n=254538598901887169592723 elapsed=1599s
progress: nodes=34,160,000,000 tested=3,525 found=0 n=629829604145111026988331 elapsed=1600s
progress: nodes=34,170,000,000 tested=3,525 found=0 n=613132170405114029769099 elapsed=1600s
progress: nodes=34,180,000,000 tested=3,525 found=0 n=161425362345560038582857 elapsed=1601s
progress: nodes=34,190,000,000 tested=3,525 found=0 n=666284000190210187456671 elapsed=1601s
progress: nodes=34,200,000,000 tested=3,525 found=0 n=759973185088528013860257 elapsed=1602s
progress: nodes=34,210,000,000 tested=3,525 found=0 n=446410579586933701706967 elapsed=1602s
progress: nodes=34,220,000,000 tested=3,525 found=0 n=438768819228000756407913 elapsed=1603s
progress: nodes=34,230,000,000 tested=3,525 found=0 n=703325834116962182167041 elapsed=1603s
progress: nodes=34,240,000,000 tested=3,525 found=0 n=555707257238000363853357 elapsed=1604s
progress: nodes=34,250,000,000 tested=3,525 found=0 n=698983594510571342801829 elapsed=1604s
progress: nodes=34,260,000,000 tested=3,525 found=0 n=462929336897727268806237 elapsed=1605s
progress: nodes=34,270,000,000 tested=3,525 found=0 n=526697397841377147031647 elapsed=1605s
progress: nodes=34,280,000,000 tested=3,525 found=0 n=223437548898736647157683 elapsed=1606s
progress: nodes=34,290,000,000 tested=3,525 found=0 n=218833291303466959356237 elapsed=1606s
progress: nodes=34,300,000,000 tested=3,525 found=0 n=472138226652855938778603 elapsed=1607s
progress: nodes=34,310,000,000 tested=3,525 found=0 n=350889079916822480080047 elapsed=1607s
progress: nodes=34,320,000,000 tested=3,525 found=0 n=521180664048836795644641 elapsed=1608s
progress: nodes=34,330,000,000 tested=3,525 found=0 n=358357745204305441924329 elapsed=1608s
progress: nodes=34,340,000,000 tested=3,525 found=0 n=507541005751094917058457 elapsed=1608s
progress: nodes=34,350,000,000 tested=3,525 found=0 n=306458646385582923130899 elapsed=1609s
progress: nodes=34,360,000,000 tested=3,525 found=0 n=406284860931693690705759 elapsed=1609s
progress: nodes=34,370,000,000 tested=3,525 found=0 n=185082827614412592908043 elapsed=1610s
progress: nodes=34,380,000,000 tested=3,525 found=0 n=225813212665728740499447 elapsed=1610s
progress: nodes=34,390,000,000 tested=3,525 found=0 n=550512673692551129891331 elapsed=1611s
progress: nodes=34,400,000,000 tested=3,525 found=0 n=539844084036297596745189 elapsed=1611s
progress: nodes=34,410,000,000 tested=3,525 found=0 n=182105446437839970864819 elapsed=1612s
progress: nodes=34,420,000,000 tested=3,525 found=0 n=720535855009446584311203 elapsed=1612s
progress: nodes=34,430,000,000 tested=3,525 found=0 n=312606195619422559735881 elapsed=1613s
progress: nodes=34,440,000,000 tested=3,525 found=0 n=200572072134846558547401 elapsed=1613s
progress: nodes=34,450,000,000 tested=3,525 found=0 n=356329038009033213905781 elapsed=1614s
progress: nodes=34,460,000,000 tested=3,525 found=0 n=225017648150536667256831 elapsed=1614s
progress: nodes=34,470,000,000 tested=3,525 found=0 n=405876781332788634357489 elapsed=1615s
progress: nodes=34,480,000,000 tested=3,525 found=0 n=316288058864090963867217 elapsed=1615s
progress: nodes=34,490,000,000 tested=3,525 found=0 n=540904571888323530230343 elapsed=1616s
progress: nodes=34,500,000,000 tested=3,525 found=0 n=453681883485064798931367 elapsed=1616s
progress: nodes=34,510,000,000 tested=3,525 found=0 n=674305384640746870860849 elapsed=1617s
progress: nodes=34,520,000,000 tested=3,525 found=0 n=600223088072862713115657 elapsed=1617s
progress: nodes=34,530,000,000 tested=3,525 found=0 n=220876101302974780369707 elapsed=1617s
progress: nodes=34,540,000,000 tested=3,525 found=0 n=706285626364976592357423 elapsed=1618s
progress: nodes=34,550,000,000 tested=3,525 found=0 n=319736501275911822933831 elapsed=1618s
progress: nodes=34,560,000,000 tested=3,525 found=0 n=276307269801391847395377 elapsed=1619s
progress: nodes=34,570,000,000 tested=3,525 found=0 n=570198808599361726926141 elapsed=1619s
progress: nodes=34,580,000,000 tested=3,525 found=0 n=617077018172235469795947 elapsed=1620s
progress: nodes=34,590,000,000 tested=3,525 found=0 n=414264669871697926884603 elapsed=1620s
progress: nodes=34,600,000,000 tested=3,525 found=0 n=509850986445326616843753 elapsed=1621s
progress: nodes=34,610,000,000 tested=3,525 found=0 n=320195160064386232466841 elapsed=1621s
progress: nodes=34,620,000,000 tested=3,525 found=0 n=444317825657718248345109 elapsed=1622s
progress: nodes=34,630,000,000 tested=3,525 found=0 n=379131220495220076846963 elapsed=1622s
progress: nodes=34,640,000,000 tested=3,525 found=0 n=647485086109206214726857 elapsed=1623s
progress: nodes=34,650,000,000 tested=3,525 found=0 n=679782165375234219587289 elapsed=1623s
progress: nodes=34,660,000,000 tested=3,525 found=0 n=469877181086659151356551 elapsed=1624s
progress: nodes=34,670,000,000 tested=3,525 found=0 n=577343970308676566442447 elapsed=1624s
progress: nodes=34,680,000,000 tested=3,525 found=0 n=476335687374906855262767 elapsed=1625s
progress: nodes=34,690,000,000 tested=3,525 found=0 n=167900986595195315983521 elapsed=1625s
progress: nodes=34,700,000,000 tested=3,525 found=0 n=198802457469900963109431 elapsed=1626s
progress: nodes=34,710,000,000 tested=3,525 found=0 n=564784289259125023687599 elapsed=1626s
progress: nodes=34,720,000,000 tested=3,525 found=0 n=222244371349266473806599 elapsed=1627s
progress: nodes=34,730,000,000 tested=3,525 found=0 n=198977546258308954279143 elapsed=1627s
progress: nodes=34,740,000,000 tested=3,525 found=0 n=463711466893908393827667 elapsed=1627s
progress: nodes=34,750,000,000 tested=3,525 found=0 n=546611186759484309115653 elapsed=1628s
progress: nodes=34,760,000,000 tested=3,525 found=0 n=458218578681428605867827 elapsed=1628s
progress: nodes=34,770,000,000 tested=3,525 found=0 n=160877461297010207700951 elapsed=1629s
progress: nodes=34,780,000,000 tested=3,525 found=0 n=180752264902071607816071 elapsed=1629s
progress: nodes=34,790,000,000 tested=3,525 found=0 n=504640864775206953090297 elapsed=1630s
progress: nodes=34,800,000,000 tested=3,525 found=0 n=646814806344260167953339 elapsed=1630s
progress: nodes=34,810,000,000 tested=3,525 found=0 n=609382758841922362376079 elapsed=1631s
progress: nodes=34,820,000,000 tested=3,525 found=0 n=399103189880406400337949 elapsed=1631s
progress: nodes=34,830,000,000 tested=3,525 found=0 n=519204244740483524419197 elapsed=1632s
progress: nodes=34,840,000,000 tested=3,525 found=0 n=445273441247436111010701 elapsed=1632s
progress: nodes=34,850,000,000 tested=3,525 found=0 n=246028851314978080257909 elapsed=1633s
progress: nodes=34,860,000,000 tested=3,525 found=0 n=383302566544944754438731 elapsed=1633s
progress: nodes=34,870,000,000 tested=3,525 found=0 n=369047444701377183142401 elapsed=1634s
progress: nodes=34,880,000,000 tested=3,525 found=0 n=203039158633607172697821 elapsed=1634s
progress: nodes=34,890,000,000 tested=3,525 found=0 n=359785431392865933676221 elapsed=1635s
progress: nodes=34,900,000,000 tested=3,525 found=0 n=373973882181400472010039 elapsed=1635s
progress: nodes=34,910,000,000 tested=3,525 found=0 n=281858423314952872675287 elapsed=1636s
progress: nodes=34,920,000,000 tested=3,525 found=0 n=581790382644185235183663 elapsed=1636s
progress: nodes=34,930,000,000 tested=3,525 found=0 n=270246384187939943072289 elapsed=1637s
progress: nodes=34,940,000,000 tested=3,525 found=0 n=294590927135719286725653 elapsed=1637s
progress: nodes=34,950,000,000 tested=3,525 found=0 n=197103273516192194670519 elapsed=1638s
progress: nodes=34,960,000,000 tested=3,525 found=0 n=438249908712993498992871 elapsed=1638s
progress: nodes=34,970,000,000 tested=3,525 found=0 n=589216461049715718900681 elapsed=1638s
progress: nodes=34,980,000,000 tested=3,525 found=0 n=171363837600401495256207 elapsed=1639s
progress: nodes=34,990,000,000 tested=3,525 found=0 n=550982459380426624229679 elapsed=1639s
progress: nodes=35,000,000,000 tested=3,525 found=0 n=372231627551392576274307 elapsed=1640s
progress: nodes=35,010,000,000 tested=3,525 found=0 n=570420986805241952867487 elapsed=1640s
progress: nodes=35,020,000,000 tested=3,525 found=0 n=214138657069756993705131 elapsed=1641s
progress: nodes=35,030,000,000 tested=3,525 found=0 n=216961432164508046176161 elapsed=1641s
progress: nodes=35,040,000,000 tested=3,525 found=0 n=586332095938529163121899 elapsed=1642s
progress: nodes=35,050,000,000 tested=3,525 found=0 n=465123721753909432237023 elapsed=1642s
progress: nodes=35,060,000,000 tested=3,525 found=0 n=274293702886203616152537 elapsed=1643s
progress: nodes=35,070,000,000 tested=3,525 found=0 n=443953082993005039134681 elapsed=1643s
progress: nodes=35,080,000,000 tested=3,525 found=0 n=559956773603530386802719 elapsed=1644s
progress: nodes=35,090,000,000 tested=3,525 found=0 n=198593742683593078798977 elapsed=1644s
progress: nodes=35,100,000,000 tested=3,525 found=0 n=207214636072956034534011 elapsed=1645s
progress: nodes=35,110,000,000 tested=3,525 found=0 n=590555231194618207226709 elapsed=1645s
progress: nodes=35,120,000,000 tested=3,525 found=0 n=505171041664772961346869 elapsed=1646s
progress: nodes=35,130,000,000 tested=3,525 found=0 n=387846582283020506342697 elapsed=1646s
progress: nodes=35,140,000,000 tested=3,525 found=0 n=236447120413969051007421 elapsed=1647s
progress: nodes=35,150,000,000 tested=3,525 found=0 n=433490186636540278506261 elapsed=1647s
progress: nodes=35,160,000,000 tested=3,525 found=0 n=185494469160682580996097 elapsed=1648s
progress: nodes=35,170,000,000 tested=3,525 found=0 n=321764867634022887121047 elapsed=1648s
progress: nodes=35,180,000,000 tested=3,525 found=0 n=434622210707252249769087 elapsed=1649s
progress: nodes=35,190,000,000 tested=3,525 found=0 n=547899619752134303364711 elapsed=1649s
progress: nodes=35,200,000,000 tested=3,525 found=0 n=229070336822940036827403 elapsed=1650s
progress: nodes=35,210,000,000 tested=3,525 found=0 n=300759496096736899132911 elapsed=1650s
progress: nodes=35,220,000,000 tested=3,525 found=0 n=396125237865529316503359 elapsed=1650s
progress: nodes=35,230,000,000 tested=3,525 found=0 n=491087895130991660955453 elapsed=1651s
progress: nodes=35,240,000,000 tested=3,525 found=0 n=212248628033174901651483 elapsed=1651s
progress: nodes=35,250,000,000 tested=3,525 found=0 n=338841738713583598672179 elapsed=1652s
progress: nodes=35,260,000,000 tested=3,525 found=0 n=508756133853014164009893 elapsed=1652s
progress: nodes=35,270,000,000 tested=3,525 found=0 n=305256794090121777112209 elapsed=1653s
progress: nodes=35,280,000,000 tested=3,525 found=0 n=539751135044415673576197 elapsed=1653s
progress: nodes=35,290,000,000 tested=3,525 found=0 n=427182479978097625328547 elapsed=1654s
progress: nodes=35,300,000,000 tested=3,525 found=0 n=371792159395975043827101 elapsed=1654s
progress: nodes=35,310,000,000 tested=3,525 found=0 n=360018923682745677637287 elapsed=1655s
progress: nodes=35,320,000,000 tested=3,525 found=0 n=420315459395346522440433 elapsed=1655s
progress: nodes=35,330,000,000 tested=3,525 found=0 n=549791673519169086274269 elapsed=1656s
progress: nodes=35,340,000,000 tested=3,525 found=0 n=353388875000217650220627 elapsed=1656s
progress: nodes=35,350,000,000 tested=3,525 found=0 n=229051718114300014086153 elapsed=1657s
progress: nodes=35,360,000,000 tested=3,525 found=0 n=561221415728694708995007 elapsed=1657s
progress: nodes=35,370,000,000 tested=3,525 found=0 n=237580368580511119216053 elapsed=1658s
progress: nodes=35,380,000,000 tested=3,525 found=0 n=387370373771141667763857 elapsed=1658s
progress: nodes=35,390,000,000 tested=3,525 found=0 n=275791183543786938420393 elapsed=1659s
progress: nodes=35,400,000,000 tested=3,525 found=0 n=238521333199948238146707 elapsed=1659s
progress: nodes=35,410,000,000 tested=3,525 found=0 n=323589031598556929754549 elapsed=1660s
progress: nodes=35,420,000,000 tested=3,525 found=0 n=530774255489869865677203 elapsed=1660s
progress: nodes=35,430,000,000 tested=3,525 found=0 n=508648564827536743056447 elapsed=1661s
progress: nodes=35,440,000,000 tested=3,525 found=0 n=289596503319903116970633 elapsed=1661s
progress: nodes=35,450,000,000 tested=3,525 found=0 n=554814216148792416769953 elapsed=1662s
progress: nodes=35,460,000,000 tested=3,525 found=0 n=253188955068652265806143 elapsed=1662s
progress: nodes=35,470,000,000 tested=3,525 found=0 n=460983453565176261242523 elapsed=1663s
progress: nodes=35,480,000,000 tested=3,525 found=0 n=483773641877741245799769 elapsed=1663s
progress: nodes=35,490,000,000 tested=3,525 found=0 n=316765585641517428913497 elapsed=1664s
progress: nodes=35,500,000,000 tested=3,525 found=0 n=335577470728919720940639 elapsed=1664s
progress: nodes=35,510,000,000 tested=3,525 found=0 n=536833067408874171188253 elapsed=1665s
progress: nodes=35,520,000,000 tested=3,525 found=0 n=257162951580586483871439 elapsed=1665s
progress: nodes=35,530,000,000 tested=3,525 found=0 n=499968396894776216660253 elapsed=1666s
progress: nodes=35,540,000,000 tested=3,525 found=0 n=262279894039380420796593 elapsed=1666s
progress: nodes=35,550,000,000 tested=3,525 found=0 n=287155281172860471904533 elapsed=1667s
progress: nodes=35,560,000,000 tested=3,525 found=0 n=554984412569531297834481 elapsed=1667s
progress: nodes=35,570,000,000 tested=3,525 found=0 n=364622492744745050064249 elapsed=1668s
progress: nodes=35,580,000,000 tested=3,525 found=0 n=423051047026653135543453 elapsed=1668s
progress: nodes=35,590,000,000 tested=3,525 found=0 n=411886586007781709553729 elapsed=1669s
progress: nodes=35,600,000,000 tested=3,525 found=0 n=359419904689758699643857 elapsed=1669s
progress: nodes=35,610,000,000 tested=3,525 found=0 n=266842475796169816754211 elapsed=1670s
progress: nodes=35,620,000,000 tested=3,525 found=0 n=456287978260043855854929 elapsed=1670s
progress: nodes=35,630,000,000 tested=3,525 found=0 n=316508148823504078363923 elapsed=1670s
progress: nodes=35,640,000,000 tested=3,525 found=0 n=490785106087809342927117 elapsed=1671s
progress: nodes=35,650,000,000 tested=3,525 found=0 n=361769110903054333806327 elapsed=1671s
progress: nodes=35,660,000,000 tested=3,525 found=0 n=558872597086386400124307 elapsed=1672s
progress: nodes=35,670,000,000 tested=3,525 found=0 n=473992572597361709925033 elapsed=1672s
progress: nodes=35,680,000,000 tested=3,525 found=0 n=448379706542638476873267 elapsed=1673s
progress: nodes=35,690,000,000 tested=3,525 found=0 n=496067700321385348084929 elapsed=1673s
progress: nodes=35,700,000,000 tested=3,525 found=0 n=353175700194434795178501 elapsed=1674s
progress: nodes=35,710,000,000 tested=3,525 found=0 n=336497502070874188953909 elapsed=1674s
progress: nodes=35,720,000,000 tested=3,525 found=0 n=438263549959888276456833 elapsed=1675s
progress: nodes=35,730,000,000 tested=3,525 found=0 n=384122256169952337074037 elapsed=1675s
progress: nodes=35,740,000,000 tested=3,525 found=0 n=472695744358829941286337 elapsed=1676s
progress: nodes=35,750,000,000 tested=3,525 found=0 n=483370032899361026456037 elapsed=1676s
progress: nodes=35,760,000,000 tested=3,525 found=0 n=420090683824446340783077 elapsed=1677s
progress: nodes=35,770,000,000 tested=3,525 found=0 n=551246824202154322803561 elapsed=1677s
progress: nodes=35,780,000,000 tested=3,525 found=0 n=327956028866081687894823 elapsed=1678s
progress: nodes=35,790,000,000 tested=3,525 found=0 n=385001195061314984771619 elapsed=1678s
progress: nodes=35,800,000,000 tested=3,525 found=0 n=427658919841348815637017 elapsed=1679s
progress: nodes=35,810,000,000 tested=3,525 found=0 n=492994366162792962681213 elapsed=1679s
progress: nodes=35,820,000,000 tested=3,525 found=0 n=344336794402138727055867 elapsed=1680s
progress: nodes=35,830,000,000 tested=3,525 found=0 n=545806616031891436613391 elapsed=1680s
progress: nodes=35,840,000,000 tested=3,525 found=0 n=326929958535900963480237 elapsed=1681s
progress: nodes=35,850,000,000 tested=3,525 found=0 n=521284253175808249750623 elapsed=1681s
progress: nodes=35,860,000,000 tested=3,525 found=0 n=367251838459987417473537 elapsed=1682s
progress: nodes=35,870,000,000 tested=3,525 found=0 n=413596145948925510848277 elapsed=1682s
progress: nodes=35,880,000,000 tested=3,525 found=0 n=399659078142894639960891 elapsed=1683s
progress: nodes=35,890,000,000 tested=3,525 found=0 n=380910477508325283149631 elapsed=1683s
progress: nodes=35,900,000,000 tested=3,525 found=0 n=399639774334500897658461 elapsed=1684s
progress: nodes=35,910,000,000 tested=3,525 found=0 n=503054987835341891500551 elapsed=1684s
progress: nodes=35,920,000,000 tested=3,525 found=0 n=516418402273733007681633 elapsed=1685s
progress: nodes=35,930,000,000 tested=3,525 found=0 n=431781164994797783938773 elapsed=1685s
progress: nodes=35,940,000,000 tested=3,525 found=0 n=332991167991415402750281 elapsed=1686s
progress: nodes=35,950,000,000 tested=3,525 found=0 n=474563253671558038380393 elapsed=1686s
progress: nodes=35,960,000,000 tested=3,525 found=0 n=462510292050945597966507 elapsed=1687s
progress: nodes=35,970,000,000 tested=3,525 found=0 n=361551666108386719252287 elapsed=1687s
progress: nodes=35,980,000,000 tested=3,525 found=0 n=523134272421809003062107 elapsed=1688s
progress: nodes=35,990,000,000 tested=3,525 found=0 n=545129660904292835167797 elapsed=1688s
progress: nodes=36,000,000,000 tested=3,525 found=0 n=441873964171319523941097 elapsed=1689s
progress: nodes=36,010,000,000 tested=3,525 found=0 n=566187387387179049200709 elapsed=1689s
progress: nodes=36,020,000,000 tested=3,525 found=0 n=376325150874965875173591 elapsed=1690s
progress: nodes=36,030,000,000 tested=3,525 found=0 n=559928167800373496565441 elapsed=1690s
progress: nodes=36,040,000,000 tested=3,525 found=0 n=397116256601180552499063 elapsed=1691s
progress: nodes=36,050,000,000 tested=3,525 found=0 n=444776905080273858709617 elapsed=1691s
progress: nodes=36,060,000,000 tested=3,525 found=0 n=570294450662169879142497 elapsed=1692s
progress: nodes=36,070,000,000 tested=3,525 found=0 n=554283723774569653485621 elapsed=1692s
progress: nodes=36,080,000,000 tested=3,525 found=0 n=504900693943072126062363 elapsed=1693s
progress: nodes=36,090,000,000 tested=3,525 found=0 n=545626675210201598244231 elapsed=1693s
progress: nodes=36,100,000,000 tested=3,525 found=0 n=538806917696237343972819 elapsed=1694s
progress: nodes=36,110,000,000 tested=3,525 found=0 n=421248504692302505104887 elapsed=1694s
progress: nodes=36,120,000,000 tested=3,525 found=0 n=543912373244407948341561 elapsed=1695s
progress: nodes=36,130,000,000 tested=3,525 found=0 n=490919670628153499351619 elapsed=1695s
progress: nodes=36,140,000,000 tested=3,525 found=0 n=433828783430820409628997 elapsed=1696s
progress: nodes=36,150,000,000 tested=3,525 found=0 n=520883019186999513793749 elapsed=1696s
progress: nodes=36,160,000,000 tested=3,525 found=0 n=498041659383039388469853 elapsed=1697s
progress: nodes=36,170,000,000 tested=3,525 found=0 n=569600262538249938584589 elapsed=1697s
progress: nodes=36,180,000,000 tested=3,525 found=0 n=473867688258754359416847 elapsed=1698s
progress: nodes=36,190,000,000 tested=3,525 found=0 n=541956661847910941218587 elapsed=1698s
progress: nodes=36,200,000,000 tested=3,525 found=0 n=528132238788585912980499 elapsed=1699s
progress: nodes=36,210,000,000 tested=3,525 found=0 n=581113860561455843769147 elapsed=1699s
progress: nodes=36,220,000,000 tested=3,525 found=0 n=594977565163570265936259 elapsed=1700s
progress: nodes=36,230,000,000 tested=3,525 found=0 n=520039745904807255260133 elapsed=1700s
progress: nodes=36,240,000,000 tested=3,525 found=0 n=569675825507851095420387 elapsed=1701s
progress: nodes=36,250,000,000 tested=3,525 found=0 n=597110757299457026855229 elapsed=1701s
progress: nodes=36,260,000,000 tested=3,525 found=0 n=594197665229680451726787 elapsed=1702s
progress: nodes=36,270,000,000 tested=3,525 found=0 n=567040879636200298686357 elapsed=1702s
progress: nodes=36,280,000,000 tested=3,525 found=0 n=557459817728730010561467 elapsed=1703s
progress: nodes=36,290,000,000 tested=3,525 found=0 n=594246255969444389372061 elapsed=1703s
progress: nodes=36,300,000,000 tested=3,525 found=0 n=680709771299125554089103 elapsed=1704s
progress: nodes=36,310,000,000 tested=3,525 found=0 n=815689338823175659003161 elapsed=1704s
progress: nodes=36,320,000,000 tested=3,525 found=0 n=999918359493826119147801 elapsed=1705s
progress: nodes=36,330,000,000 tested=3,525 found=0 n=270706856991627807577827 elapsed=1705s
progress: nodes=36,340,000,000 tested=3,525 found=0 n=532509676554051919405683 elapsed=1706s
progress: nodes=36,350,000,000 tested=3,525 found=0 n=849583386757714141716183 elapsed=1706s
progress: nodes=36,360,000,000 tested=3,525 found=0 n=262571542720869599658441 elapsed=1707s
progress: nodes=36,370,000,000 tested=3,525 found=0 n=658645742770538065393851 elapsed=1707s
progress: nodes=36,380,000,000 tested=3,525 found=0 n=169263129726270236764107 elapsed=1707s
progress: nodes=36,390,000,000 tested=3,525 found=0 n=644614627406247484813827 elapsed=1708s
progress: nodes=36,400,000,000 tested=3,525 found=0 n=237454278649700872116357 elapsed=1708s
progress: nodes=36,410,000,000 tested=3,525 found=0 n=806158202246241577083351 elapsed=1709s
progress: nodes=36,420,000,000 tested=3,525 found=0 n=474116755936153484283129 elapsed=1709s
progress: nodes=36,430,000,000 tested=3,525 found=0 n=197092173051985111311411 elapsed=1710s
progress: nodes=36,440,000,000 tested=3,525 found=0 n=899445914958917046601881 elapsed=1710s
progress: nodes=36,450,000,000 tested=3,525 found=0 n=705217126734124471710243 elapsed=1711s
progress: nodes=36,460,000,000 tested=3,525 found=0 n=559309876859260714636449 elapsed=1711s
progress: nodes=36,470,000,000 tested=3,525 found=0 n=462661336877361188505939 elapsed=1712s
progress: nodes=36,480,000,000 tested=3,525 found=0 n=412527080818262007911313 elapsed=1712s
progress: nodes=36,490,000,000 tested=3,525 found=0 n=409306854794831935570629 elapsed=1712s
progress: nodes=36,500,000,000 tested=3,525 found=0 n=456327772524186291251523 elapsed=1713s
progress: nodes=36,510,000,000 tested=3,525 found=0 n=554789157151788150833241 elapsed=1713s
progress: nodes=36,520,000,000 tested=3,525 found=0 n=704964221525334575405601 elapsed=1714s
progress: nodes=36,530,000,000 tested=3,525 found=0 n=900740016860150205265527 elapsed=1714s
progress: nodes=36,540,000,000 tested=3,525 found=0 n=196444271503617664247721 elapsed=1715s
progress: nodes=36,550,000,000 tested=3,525 found=0 n=467048888156762836215291 elapsed=1715s
progress: nodes=36,560,000,000 tested=3,525 found=0 n=796162475876106564288063 elapsed=1716s
progress: nodes=36,570,000,000 tested=3,525 found=0 n=233802328218167455603857 elapsed=1716s
progress: nodes=36,580,000,000 tested=3,525 found=0 n=652268539699855936618761 elapsed=1717s
progress: nodes=36,590,000,000 tested=3,525 found=0 n=194448316985627828194071 elapsed=1717s
progress: nodes=36,600,000,000 tested=3,525 found=0 n=701335252315797678582003 elapsed=1717s
progress: nodes=36,610,000,000 tested=3,525 found=0 n=321585984003576372451371 elapsed=1718s
progress: nodes=36,620,000,000 tested=3,525 found=0 n=934443173971506114718803 elapsed=1718s
progress: nodes=36,630,000,000 tested=3,525 found=0 n=646901036320937799712311 elapsed=1719s
progress: nodes=36,640,000,000 tested=3,525 found=0 n=415592269144802462179467 elapsed=1719s
progress: nodes=36,650,000,000 tested=3,525 found=0 n=237192299356714216415901 elapsed=1720s
progress: nodes=36,660,000,000 tested=3,525 found=0 n=108356867366627270063673 elapsed=1720s
progress: nodes=36,670,000,000 tested=3,525 found=0 n=948815177016836112704721 elapsed=1721s
progress: nodes=36,680,000,000 tested=3,525 found=0 n=909103634002431205359021 elapsed=1721s
progress: nodes=36,690,000,000 tested=3,525 found=0 n=918218233091837342678013 elapsed=1722s
progress: nodes=36,700,000,000 tested=3,525 found=0 n=978099043318948690696557 elapsed=1722s
progress: nodes=36,710,000,000 tested=3,525 found=0 n=150737074148112116996331 elapsed=1722s
progress: nodes=36,720,000,000 tested=3,525 found=0 n=303586539789236889586401 elapsed=1723s
progress: nodes=36,730,000,000 tested=3,525 found=0 n=510169599567839141717787 elapsed=1723s
progress: nodes=36,740,000,000 tested=3,525 found=0 n=772156076121942180876207 elapsed=1724s
progress: nodes=36,750,000,000 tested=3,525 found=0 n=160008295844130641080173 elapsed=1724s
progress: nodes=36,760,000,000 tested=3,525 found=0 n=510432649318141285032297 elapsed=1725s
progress: nodes=36,770,000,000 tested=3,525 found=0 n=930242290619832101280369 elapsed=1725s
progress: nodes=36,780,000,000 tested=3,525 found=0 n=452457087976030424095809 elapsed=1726s
progress: nodes=36,790,000,000 tested=3,525 found=0 n=981298730147362767259119 elapsed=1726s
progress: nodes=36,800,000,000 tested=3,525 found=0 n=605301175077240270646017 elapsed=1727s
progress: nodes=36,810,000,000 tested=3,525 found=0 n=288372513078458759073123 elapsed=1727s
progress: nodes=36,820,000,000 tested=3,525 found=0 n=955385908432535918266929 elapsed=1727s
progress: nodes=36,830,000,000 tested=3,525 found=0 n=725437148702397356061837 elapsed=1728s
progress: nodes=36,840,000,000 tested=3,525 found=0 n=546405783186334027003047 elapsed=1728s
progress: nodes=36,850,000,000 tested=3,525 found=0 n=420233377872269883598677 elapsed=1729s
progress: nodes=36,860,000,000 tested=3,525 found=0 n=354770770562901296306703 elapsed=1729s
progress: nodes=36,870,000,000 tested=3,525 found=0 n=345299798840940088582437 elapsed=1730s
progress: nodes=36,880,000,000 tested=3,525 found=0 n=386977525288207096213971 elapsed=1730s
progress: nodes=36,890,000,000 tested=3,525 found=0 n=478898375918778088700427 elapsed=1731s
progress: nodes=36,900,000,000 tested=3,525 found=0 n=618659541757144458361791 elapsed=1731s
progress: nodes=36,910,000,000 tested=3,525 found=0 n=812747563869283180006869 elapsed=1732s
progress: nodes=36,920,000,000 tested=3,525 found=0 n=133507831927965813735417 elapsed=1732s
progress: nodes=36,930,000,000 tested=3,525 found=0 n=409276823185650917449953 elapsed=1733s
progress: nodes=36,940,000,000 tested=3,525 found=0 n=757444130347155084290457 elapsed=1733s
progress: nodes=36,950,000,000 tested=3,525 found=0 n=226503232566788389419207 elapsed=1733s
progress: nodes=36,960,000,000 tested=3,525 found=0 n=667155057654505532102991 elapsed=1734s
progress: nodes=36,970,000,000 tested=3,525 found=0 n=238217375307832286887521 elapsed=1734s
progress: nodes=36,980,000,000 tested=3,525 found=0 n=785148097832034095416257 elapsed=1735s
progress: nodes=36,990,000,000 tested=3,525 found=0 n=458398282658429172496437 elapsed=1735s
progress: nodes=37,000,000,000 tested=3,525 found=0 n=193482666616913753892813 elapsed=1736s
progress: nodes=37,010,000,000 tested=3,525 found=0 n=894892996897735928705613 elapsed=1736s
progress: nodes=37,020,000,000 tested=3,525 found=0 n=710442308069398741916079 elapsed=1737s
progress: nodes=37,030,000,000 tested=3,525 found=0 n=581939125341578511047541 elapsed=1737s
progress: nodes=37,040,000,000 tested=3,525 found=0 n=509595783269721257652543 elapsed=1738s
progress: nodes=37,050,000,000 tested=3,525 found=0 n=488248492249110467575701 elapsed=1738s
progress: nodes=37,060,000,000 tested=3,525 found=0 n=516761958575471242386753 elapsed=1739s
progress: nodes=37,070,000,000 tested=3,525 found=0 n=603396548599158361356309 elapsed=1739s
progress: nodes=37,080,000,000 tested=3,525 found=0 n=742699684374053759185833 elapsed=1739s
progress: nodes=37,090,000,000 tested=3,525 found=0 n=937181906197183584306369 elapsed=1740s
progress: nodes=37,100,000,000 tested=3,525 found=0 n=253374074661518949819681 elapsed=1740s
progress: nodes=37,110,000,000 tested=3,525 found=0 n=541771353678501783269433 elapsed=1741s
progress: nodes=37,120,000,000 tested=3,525 found=0 n=894392281859459167031247 elapsed=1741s
progress: nodes=37,130,000,000 tested=3,525 found=0 n=361247627294832866845257 elapsed=1742s
progress: nodes=37,140,000,000 tested=3,525 found=0 n=812865015724999788838287 elapsed=1742s
progress: nodes=37,150,000,000 tested=3,525 found=0 n=384918583863517057180827 elapsed=1743s
progress: nodes=37,160,000,000 tested=3,525 found=0 n=950142242503702910771109 elapsed=1743s
progress: nodes=37,170,000,000 tested=3,525 found=0 n=627337631899846791560637 elapsed=1744s
progress: nodes=37,180,000,000 tested=3,525 found=0 n=364767037695419673511197 elapsed=1744s
progress: nodes=37,190,000,000 tested=3,525 found=0 n=163252566920157063446097 elapsed=1745s
progress: nodes=37,200,000,000 tested=3,525 found=0 n=923199850755359924199453 elapsed=1745s
progress: nodes=37,210,000,000 tested=3,525 found=0 n=813087512845168224172509 elapsed=1746s
progress: nodes=37,220,000,000 tested=3,525 found=0 n=760861139662857198908943 elapsed=1746s
progress: nodes=37,230,000,000 tested=3,525 found=0 n=777893575594113205199973 elapsed=1747s
progress: nodes=37,240,000,000 tested=3,525 found=0 n=857466444136061332970397 elapsed=1747s
progress: nodes=37,250,000,000 tested=3,525 found=0 n=991657495327977177202503 elapsed=1747s
progress: nodes=37,260,000,000 tested=3,525 found=0 n=249579691877283048442161 elapsed=1748s
progress: nodes=37,270,000,000 tested=3,525 found=0 n=481803594989520286736253 elapsed=1748s
progress: nodes=37,280,000,000 tested=3,525 found=0 n=769625072448751155740103 elapsed=1749s
progress: nodes=37,290,000,000 tested=3,525 found=0 n=191381454605609658411021 elapsed=1749s
progress: nodes=37,300,000,000 tested=3,525 found=0 n=583105579543152258351759 elapsed=1750s
progress: nodes=37,310,000,000 tested=3,525 found=0 n=142555629274719779841723 elapsed=1750s
progress: nodes=37,320,000,000 tested=3,525 found=0 n=657758345412552984777177 elapsed=1751s
progress: nodes=37,330,000,000 tested=3,525 found=0 n=319403701529679020633379 elapsed=1751s
progress: nodes=37,340,000,000 tested=3,525 found=0 n=958467329077085888293233 elapsed=1752s
progress: nodes=37,350,000,000 tested=3,525 found=0 n=721780305456800142505953 elapsed=1752s
progress: nodes=37,360,000,000 tested=3,525 found=0 n=549080484136811659821789 elapsed=1753s
progress: nodes=37,370,000,000 tested=3,525 found=0 n=430274537758783925914707 elapsed=1753s
progress: nodes=37,380,000,000 tested=3,525 found=0 n=370257011589682957268529 elapsed=1754s
progress: nodes=37,390,000,000 tested=3,525 found=0 n=364657404766776325120917 elapsed=1754s
progress: nodes=37,400,000,000 tested=3,525 found=0 n=413796946057182171124641 elapsed=1755s
progress: nodes=37,410,000,000 tested=3,525 found=0 n=515464516566809978491323 elapsed=1755s
progress: nodes=37,420,000,000 tested=3,525 found=0 n=676463880256214893561719 elapsed=1756s
progress: nodes=37,430,000,000 tested=3,525 found=0 n=896259343002236663857407 elapsed=1756s
progress: nodes=37,440,000,000 tested=3,525 found=0 n=246883330847244528844407 elapsed=1757s
progress: nodes=37,450,000,000 tested=3,525 found=0 n=568811947022848324969173 elapsed=1757s
progress: nodes=37,460,000,000 tested=3,525 found=0 n=963528730488940845031803 elapsed=1758s
progress: nodes=37,470,000,000 tested=3,525 found=0 n=483219235380252857695209 elapsed=1758s
progress: nodes=37,480,000,000 tested=3,525 found=0 n=96942003532555765010427 elapsed=1759s
progress: nodes=37,490,000,000 tested=3,525 found=0 n=660523613877411025981239 elapsed=1759s
progress: nodes=37,500,000,000 tested=3,525 found=0 n=386312111942475540692871 elapsed=1760s
progress: nodes=37,510,000,000 tested=3,525 found=0 n=183847599526921981627977 elapsed=1760s
progress: nodes=37,520,000,000 tested=3,525 found=0 n=944403584192385413419323 elapsed=1760s
progress: nodes=37,530,000,000 tested=3,525 found=0 n=851282432967700668681747 elapsed=1761s
progress: nodes=37,540,000,000 tested=3,525 found=0 n=823690635664106788100523 elapsed=1761s
progress: nodes=37,550,000,000 tested=3,525 found=0 n=101778333118655052576717 elapsed=1762s
progress: nodes=37,560,000,000 tested=3,525 found=0 n=542774463119075606251833 elapsed=1762s
progress: nodes=37,570,000,000 tested=3,525 found=0 n=414831108574564588245339 elapsed=1763s
progress: nodes=37,580,000,000 tested=3,525 found=0 n=579183155330667139265013 elapsed=1763s
progress: nodes=37,590,000,000 tested=3,525 found=0 n=119728315055340319891563 elapsed=1764s
progress: nodes=37,600,000,000 tested=3,525 found=0 n=759082699802863848010599 elapsed=1764s
progress: nodes=37,610,000,000 tested=3,525 found=0 n=825940401361629850809513 elapsed=1765s
progress: nodes=37,620,000,000 tested=3,525 found=0 n=321904416467951466976827 elapsed=1765s
progress: nodes=37,630,000,000 tested=3,525 found=0 n=106534494408678759053631 elapsed=1766s
progress: nodes=37,640,000,000 tested=3,525 found=0 n=176978021866479748988073 elapsed=1766s
progress: nodes=37,650,000,000 tested=3,525 found=0 n=556211943236278757555127 elapsed=1767s
progress: nodes=37,660,000,000 tested=3,525 found=0 n=387246722115615851608119 elapsed=1767s
progress: nodes=37,670,000,000 tested=3,525 found=0 n=491198596919854321390893 elapsed=1768s
progress: nodes=37,680,000,000 tested=3,525 found=0 n=885990034560098505314277 elapsed=1768s
progress: nodes=37,690,000,000 tested=3,525 found=0 n=732942971748965879662761 elapsed=1768s
progress: nodes=37,700,000,000 tested=3,525 found=0 n=897739979899065605723421 elapsed=1769s
progress: nodes=37,710,000,000 tested=3,525 found=0 n=508871094228885639844593 elapsed=1769s
progress: nodes=37,720,000,000 tested=3,525 found=0 n=459769312536075067819293 elapsed=1770s
progress: nodes=37,730,000,000 tested=3,525 found=0 n=680405749737793971442551 elapsed=1770s
progress: nodes=37,740,000,000 tested=3,525 found=0 n=380951817084351613117017 elapsed=1771s
progress: nodes=37,750,000,000 tested=3,525 found=0 n=352356646479847652820177 elapsed=1771s
progress: nodes=37,760,000,000 tested=3,525 found=0 n=605593891421204397965253 elapsed=1772s
progress: nodes=37,770,000,000 tested=3,525 found=0 n=362406566597222025515637 elapsed=1772s
progress: nodes=37,780,000,000 tested=3,525 found=0 n=407630735939492125697637 elapsed=1773s
progress: nodes=37,790,000,000 tested=3,525 found=0 n=719896590321670664685783 elapsed=1773s
progress: nodes=37,800,000,000 tested=3,525 found=0 n=569021493558271601999151 elapsed=1774s
progress: nodes=37,810,000,000 tested=3,525 found=0 n=749443694504574030648687 elapsed=1774s
progress: nodes=37,820,000,000 tested=3,525 found=0 n=464800106995806097955439 elapsed=1775s
progress: nodes=37,830,000,000 tested=3,525 found=0 n=474830915996965225977279 elapsed=1775s
progress: nodes=37,840,000,000 tested=3,525 found=0 n=767949703750030299164667 elapsed=1776s
progress: nodes=37,850,000,000 tested=3,525 found=0 n=568217383946565369815799 elapsed=1776s
progress: nodes=37,860,000,000 tested=3,525 found=0 n=662737115569345236543123 elapsed=1777s
progress: nodes=37,870,000,000 tested=3,525 found=0 n=311407895336671107455481 elapsed=1777s
progress: nodes=37,880,000,000 tested=3,525 found=0 n=226695821218173350112069 elapsed=1778s
progress: nodes=37,890,000,000 tested=3,525 found=0 n=405372203029727585330679 elapsed=1778s
progress: nodes=37,900,000,000 tested=3,525 found=0 n=135311282761903497011763 elapsed=1779s
progress: nodes=37,910,000,000 tested=3,525 found=0 n=147621972035869144344531 elapsed=1779s
progress: nodes=37,920,000,000 tested=3,525 found=0 n=444860005849740902141721 elapsed=1780s
progress: nodes=37,930,000,000 tested=3,525 found=0 n=329960741865864366730473 elapsed=1780s
progress: nodes=37,940,000,000 tested=3,525 found=0 n=524135948183192510668503 elapsed=1781s
progress: nodes=37,950,000,000 tested=3,525 found=0 n=330542848240559562594987 elapsed=1781s
progress: nodes=37,960,000,000 tested=3,525 found=0 n=432253669896529233701949 elapsed=1781s
progress: nodes=37,970,000,000 tested=3,525 found=0 n=128305161207296281747539 elapsed=1782s
progress: nodes=37,980,000,000 tested=3,525 found=0 n=108301638967104456814941 elapsed=1782s
progress: nodes=37,990,000,000 tested=3,525 found=0 n=355101533925104086673553 elapsed=1783s
progress: nodes=38,000,000,000 tested=3,525 found=0 n=247456270285508560307031 elapsed=1783s
progress: nodes=38,010,000,000 tested=3,525 found=0 n=462532992730653682224387 elapsed=1784s
progress: nodes=38,020,000,000 tested=3,525 found=0 n=311642693511521635139877 elapsed=1784s
progress: nodes=38,030,000,000 tested=3,525 found=0 n=459556318822004768883519 elapsed=1785s
progress: nodes=38,040,000,000 tested=3,525 found=0 n=263156270465960455172589 elapsed=1785s
progress: nodes=38,050,000,000 tested=3,525 found=0 n=375529526691832851931593 elapsed=1786s
progress: nodes=38,060,000,000 tested=3,525 found=0 n=161168991807388849791507 elapsed=1786s
progress: nodes=38,070,000,000 tested=3,525 found=0 n=229728502077779837821689 elapsed=1787s
progress: nodes=38,080,000,000 tested=3,525 found=0 n=625872131797087816487847 elapsed=1787s
progress: nodes=38,090,000,000 tested=3,525 found=0 n=663677532077756851714059 elapsed=1788s
progress: nodes=38,100,000,000 tested=3,525 found=0 n=342976383678611400995277 elapsed=1788s
progress: nodes=38,110,000,000 tested=3,525 found=0 n=332975999512218429115749 elapsed=1789s
progress: nodes=38,120,000,000 tested=3,525 found=0 n=606586677309939720443049 elapsed=1789s
progress: nodes=38,130,000,000 tested=3,525 found=0 n=542737413007542202168719 elapsed=1790s
progress: nodes=38,140,000,000 tested=3,525 found=0 n=160365621213377816507271 elapsed=1790s
progress: nodes=38,150,000,000 tested=3,525 found=0 n=684887582181328844737419 elapsed=1791s
progress: nodes=38,160,000,000 tested=3,525 found=0 n=306915636573263526459651 elapsed=1791s
progress: nodes=38,170,000,000 tested=3,525 found=0 n=245325789580160274138153 elapsed=1792s
progress: nodes=38,180,000,000 tested=3,525 found=0 n=454275999436555590657363 elapsed=1792s
progress: nodes=38,190,000,000 tested=3,525 found=0 n=361651256208619493429313 elapsed=1793s
progress: nodes=38,200,000,000 tested=3,525 found=0 n=584886462522441900844023 elapsed=1793s
progress: nodes=38,210,000,000 tested=3,525 found=0 n=512894436133123639593999 elapsed=1794s
progress: nodes=38,220,000,000 tested=3,525 found=0 n=144469842997506340172859 elapsed=1794s
progress: nodes=38,230,000,000 tested=3,525 found=0 n=649302992862661073363427 elapsed=1795s
progress: nodes=38,240,000,000 tested=3,525 found=0 n=285668247806091371041821 elapsed=1795s
progress: nodes=38,250,000,000 tested=3,525 found=0 n=236235083034492710521353 elapsed=1796s
progress: nodes=38,260,000,000 tested=3,525 found=0 n=500488414372114745303727 elapsed=1796s
progress: nodes=38,270,000,000 tested=3,525 found=0 n=495774891630779626166301 elapsed=1797s
progress: nodes=38,280,000,000 tested=3,525 found=0 n=204727366098334243761597 elapsed=1797s
progress: nodes=38,290,000,000 tested=3,525 found=0 n=214106712488446086960651 elapsed=1798s
progress: nodes=38,300,000,000 tested=3,525 found=0 n=534848849725261573020519 elapsed=1798s
progress: nodes=38,310,000,000 tested=3,525 found=0 n=633643933000831058935629 elapsed=1799s
progress: nodes=38,320,000,000 tested=3,525 found=0 n=473968254704016511588149 elapsed=1799s
progress: nodes=38,330,000,000 tested=3,525 found=0 n=637008440551584037005069 elapsed=1800s
progress: nodes=38,340,000,000 tested=3,525 found=0 n=548596026545201222556969 elapsed=1800s
progress: nodes=38,350,000,000 tested=3,525 found=0 n=208959964992056267436447 elapsed=1800s
progress: nodes=38,360,000,000 tested=3,525 found=0 n=165758537907942201020799 elapsed=1801s
progress: nodes=38,370,000,000 tested=3,525 found=0 n=402652010075429984490621 elapsed=1801s
progress: nodes=38,380,000,000 tested=3,525 found=0 n=391897778825744470418139 elapsed=1802s
progress: nodes=38,390,000,000 tested=3,525 found=0 n=162607835835836310498579 elapsed=1802s
progress: nodes=38,400,000,000 tested=3,525 found=0 n=230344242852146753046717 elapsed=1803s
progress: nodes=38,410,000,000 tested=3,525 found=0 n=594756009893727969334047 elapsed=1803s
progress: nodes=38,420,000,000 tested=3,525 found=0 n=228170193582934280310633 elapsed=1804s
progress: nodes=38,430,000,000 tested=3,525 found=0 n=207914365474128906964371 elapsed=1804s
progress: nodes=38,440,000,000 tested=3,525 found=0 n=518909516298749035549089 elapsed=1805s
progress: nodes=38,450,000,000 tested=3,525 found=0 n=618951429822335635282257 elapsed=1805s
progress: nodes=38,460,000,000 tested=3,525 found=0 n=508615532224955761336731 elapsed=1806s
progress: nodes=38,470,000,000 tested=3,525 found=0 n=209695448533302277372827 elapsed=1806s
progress: nodes=38,480,000,000 tested=3,525 found=0 n=205723245674803172078763 elapsed=1807s
progress: nodes=38,490,000,000 tested=3,525 found=0 n=499539755738439481638573 elapsed=1807s
progress: nodes=38,500,000,000 tested=3,525 found=0 n=614023542865307264869179 elapsed=1808s
progress: nodes=38,510,000,000 tested=3,525 found=0 n=580378323626553450875877 elapsed=1808s
progress: nodes=38,520,000,000 tested=3,525 found=0 n=394369222507750554965901 elapsed=1809s
progress: nodes=38,530,000,000 tested=3,525 found=0 n=568700890272738643469049 elapsed=1809s
progress: nodes=38,540,000,000 tested=3,525 found=0 n=552129689819059255032129 elapsed=1810s
progress: nodes=38,550,000,000 tested=3,525 found=0 n=340473345075885894095223 elapsed=1810s
progress: nodes=38,560,000,000 tested=3,525 found=0 n=469521418296487597957917 elapsed=1811s
progress: nodes=38,570,000,000 tested=3,525 found=0 n=480276422360927285836743 elapsed=1811s
progress: nodes=38,580,000,000 tested=3,525 found=0 n=355286532563738705706777 elapsed=1812s
progress: nodes=38,590,000,000 tested=3,525 found=0 n=560866163075755971186753 elapsed=1812s
progress: nodes=38,600,000,000 tested=3,525 found=0 n=147084805201346458034589 elapsed=1813s
progress: nodes=38,610,000,000 tested=3,525 found=0 n=562893755055444497904219 elapsed=1813s
progress: nodes=38,620,000,000 tested=3,525 found=0 n=376828615086017997323421 elapsed=1814s
progress: nodes=38,630,000,000 tested=3,525 found=0 n=555815674358271621831537 elapsed=1814s
progress: nodes=38,640,000,000 tested=3,525 found=0 n=151796775985833004905879 elapsed=1815s
progress: nodes=38,650,000,000 tested=3,525 found=0 n=566414046745832437221069 elapsed=1815s
progress: nodes=38,660,000,000 tested=3,525 found=0 n=381880859790102404322591 elapsed=1816s
progress: nodes=38,670,000,000 tested=3,525 found=0 n=531023715521375972044149 elapsed=1816s
progress: nodes=38,680,000,000 tested=3,525 found=0 n=599889017895817608231273 elapsed=1817s
progress: nodes=38,690,000,000 tested=3,525 found=0 n=541401966258656636502369 elapsed=1817s
progress: nodes=38,700,000,000 tested=3,525 found=0 n=365563155238563701582163 elapsed=1818s
progress: nodes=38,710,000,000 tested=3,525 found=0 n=534459864914495092772199 elapsed=1818s
progress: nodes=38,720,000,000 tested=3,525 found=0 n=592493114620013026613193 elapsed=1819s
progress: nodes=38,730,000,000 tested=3,525 found=0 n=567291298621025757441663 elapsed=1819s
progress: nodes=38,740,000,000 tested=3,525 found=0 n=452526804069743755332981 elapsed=1820s
progress: nodes=38,750,000,000 tested=3,525 found=0 n=242121681023805166605021 elapsed=1820s
progress: nodes=38,760,000,000 tested=3,525 found=0 n=381392108843275860567237 elapsed=1821s
progress: nodes=38,770,000,000 tested=3,525 found=0 n=462901008886951915242963 elapsed=1821s
progress: nodes=38,780,000,000 tested=3,525 found=0 n=463510649715614786938653 elapsed=1822s
progress: nodes=38,790,000,000 tested=3,525 found=0 n=394110108589622527541439 elapsed=1822s
progress: nodes=38,800,000,000 tested=3,525 found=0 n=265276493031653731254627 elapsed=1823s
progress: nodes=38,810,000,000 tested=3,525 found=0 n=503759421350507229900993 elapsed=1823s
progress: nodes=38,820,000,000 tested=3,525 found=0 n=309770012081818830192651 elapsed=1824s
progress: nodes=38,830,000,000 tested=3,525 found=0 n=509236225421462477469531 elapsed=1824s
progress: nodes=38,840,000,000 tested=3,525 found=0 n=213542485205663227971357 elapsed=1825s
progress: nodes=38,850,000,000 tested=3,525 found=0 n=286717473937781472124539 elapsed=1825s
progress: nodes=38,860,000,000 tested=3,525 found=0 n=325530823551063452120799 elapsed=1826s
progress: nodes=38,870,000,000 tested=3,525 found=0 n=337742872327110323346273 elapsed=1826s
progress: nodes=38,880,000,000 tested=3,525 found=0 n=319897791601352270869563 elapsed=1827s
progress: nodes=38,890,000,000 tested=3,525 found=0 n=254213768680399521244251 elapsed=1827s
progress: nodes=38,900,000,000 tested=3,525 found=0 n=172203307138684643502681 elapsed=1828s
progress: nodes=38,910,000,000 tested=3,525 found=0 n=483173525681946004378473 elapsed=1828s
progress: nodes=38,920,000,000 tested=3,525 found=0 n=370433586392954628755211 elapsed=1829s
progress: nodes=38,930,000,000 tested=3,525 found=0 n=245009680381070996670279 elapsed=1829s
progress: nodes=38,940,000,000 tested=3,525 found=0 n=559803733427536283837151 elapsed=1830s
progress: nodes=38,950,000,000 tested=3,525 found=0 n=481583922878422980839223 elapsed=1830s
progress: nodes=38,960,000,000 tested=3,525 found=0 n=404573945963643782339013 elapsed=1831s
progress: nodes=38,970,000,000 tested=3,525 found=0 n=354891457410207171647193 elapsed=1831s
progress: nodes=38,980,000,000 tested=3,525 found=0 n=326357474506509482022987 elapsed=1832s
progress: nodes=38,990,000,000 tested=3,525 found=0 n=328714064957404427868567 elapsed=1832s
progress: nodes=39,000,000,000 tested=3,525 found=0 n=378473513346463665977847 elapsed=1833s
progress: nodes=39,010,000,000 tested=3,525 found=0 n=452880182465195984502003 elapsed=1833s
progress: nodes=39,020,000,000 tested=3,525 found=0 n=214745824527845015782377 elapsed=1834s
progress: nodes=39,030,000,000 tested=3,525 found=0 n=367815436214302084227219 elapsed=1834s
progress: nodes=39,040,000,000 tested=3,525 found=0 n=191845533851769312171657 elapsed=1835s
progress: nodes=39,050,000,000 tested=3,525 found=0 n=433131787862152059960279 elapsed=1835s
progress: nodes=39,060,000,000 tested=3,525 found=0 n=354847963285639745708787 elapsed=1835s
progress: nodes=39,070,000,000 tested=3,525 found=0 n=355821458294000836518381 elapsed=1836s
progress: nodes=39,080,000,000 tested=3,525 found=0 n=418580056716392242799127 elapsed=1837s
progress: nodes=39,090,000,000 tested=3,525 found=0 n=199337169998241902055429 elapsed=1837s
progress: nodes=39,100,000,000 tested=3,525 found=0 n=428860327882311706598217 elapsed=1838s
progress: nodes=39,110,000,000 tested=3,525 found=0 n=393300115816435997388219 elapsed=1838s
progress: nodes=39,120,000,000 tested=3,525 found=0 n=449285050942037862795243 elapsed=1839s
progress: nodes=39,130,000,000 tested=3,525 found=0 n=265708823216505224739183 elapsed=1839s
progress: nodes=39,140,000,000 tested=3,525 found=0 n=538913123956685355318441 elapsed=1840s
progress: nodes=39,150,000,000 tested=3,525 found=0 n=246211985358435991665771 elapsed=1840s
progress: nodes=39,160,000,000 tested=3,525 found=0 n=444716390038982493849417 elapsed=1841s
progress: nodes=39,170,000,000 tested=3,525 found=0 n=430482303390670800261993 elapsed=1841s
progress: nodes=39,180,000,000 tested=3,525 found=0 n=224608025567194594888563 elapsed=1842s
progress: nodes=39,190,000,000 tested=3,525 found=0 n=532106572533053652175041 elapsed=1842s
progress: nodes=39,200,000,000 tested=3,525 found=0 n=300226906454860360266291 elapsed=1843s
progress: nodes=39,210,000,000 tested=3,525 found=0 n=232248415309854093831681 elapsed=1843s
progress: nodes=39,220,000,000 tested=3,525 found=0 n=336134269081884467176983 elapsed=1844s
progress: nodes=39,230,000,000 tested=3,525 found=0 n=289088503687884275656281 elapsed=1844s
progress: nodes=39,240,000,000 tested=3,525 found=0 n=435505973299022320235541 elapsed=1845s
progress: nodes=39,250,000,000 tested=3,525 found=0 n=464590913173189819765749 elapsed=1845s
progress: nodes=39,260,000,000 tested=3,525 found=0 n=362142313492534531123167 elapsed=1846s
progress: nodes=39,270,000,000 tested=3,525 found=0 n=478493617485757854479499 elapsed=1846s
progress: nodes=39,280,000,000 tested=3,525 found=0 n=478378702634552038600281 elapsed=1847s
progress: nodes=39,290,000,000 tested=3,525 found=0 n=392631768310968823203567 elapsed=1847s
progress: nodes=39,300,000,000 tested=3,525 found=0 n=229444055349026179022361 elapsed=1848s
progress: nodes=39,310,000,000 tested=3,525 found=0 n=302012199398794192371063 elapsed=1848s
progress: nodes=39,320,000,000 tested=3,525 found=0 n=308958827520657244539609 elapsed=1849s
progress: nodes=39,330,000,000 tested=3,525 found=0 n=272307704483390838965703 elapsed=1849s
progress: nodes=39,340,000,000 tested=3,525 found=0 n=509812656897489595010361 elapsed=1850s
progress: nodes=39,350,000,000 tested=3,525 found=0 n=409276965077469139489839 elapsed=1850s
progress: nodes=39,360,000,000 tested=3,525 found=0 n=300303257809916178859041 elapsed=1851s
progress: nodes=39,370,000,000 tested=3,525 found=0 n=494063447634132819592149 elapsed=1851s
progress: nodes=39,380,000,000 tested=3,525 found=0 n=351637731283957671626073 elapsed=1852s
progress: nodes=39,390,000,000 tested=3,525 found=0 n=264225225372582134261601 elapsed=1852s
progress: nodes=39,400,000,000 tested=3,525 found=0 n=529730935698463807737429 elapsed=1853s
progress: nodes=39,410,000,000 tested=3,525 found=0 n=530047294379777348064891 elapsed=1853s
progress: nodes=39,420,000,000 tested=3,525 found=0 n=316500881068388388080709 elapsed=1854s
progress: nodes=39,430,000,000 tested=3,525 found=0 n=493287744356097337998351 elapsed=1854s
progress: nodes=39,440,000,000 tested=3,525 found=0 n=471290838698860877495799 elapsed=1855s
progress: nodes=39,450,000,000 tested=3,525 found=0 n=281061935002381269735999 elapsed=1855s
progress: nodes=39,460,000,000 tested=3,525 found=0 n=502376530630873384426941 elapsed=1856s
progress: nodes=39,470,000,000 tested=3,525 found=0 n=297563900117487443981541 elapsed=1856s
progress: nodes=39,480,000,000 tested=3,525 found=0 n=273233065536149578178319 elapsed=1857s
progress: nodes=39,490,000,000 tested=3,525 found=0 n=426196345142753590141737 elapsed=1857s
progress: nodes=39,500,000,000 tested=3,525 found=0 n=489646868812992111982761 elapsed=1858s
progress: nodes=39,510,000,000 tested=3,525 found=0 n=526212938873151725716521 elapsed=1858s
progress: nodes=39,520,000,000 tested=3,525 found=0 n=287910510026546576322153 elapsed=1859s
progress: nodes=39,530,000,000 tested=3,525 found=0 n=362082577502308657085091 elapsed=1859s
progress: nodes=39,540,000,000 tested=3,525 found=0 n=477595992386861017002333 elapsed=1860s
progress: nodes=39,550,000,000 tested=3,525 found=0 n=386171314822887803077869 elapsed=1860s
progress: nodes=39,560,000,000 tested=3,525 found=0 n=363176801120848474320561 elapsed=1861s
progress: nodes=39,570,000,000 tested=3,525 found=0 n=459912139739350962382719 elapsed=1861s
progress: nodes=39,580,000,000 tested=3,525 found=0 n=449820890157096975229713 elapsed=1862s
progress: nodes=39,590,000,000 tested=3,525 found=0 n=325639556094607803177129 elapsed=1862s
progress: nodes=39,600,000,000 tested=3,525 found=0 n=395849745860378253146703 elapsed=1863s
progress: nodes=39,610,000,000 tested=3,525 found=0 n=459867510876707927654661 elapsed=1864s
progress: nodes=39,620,000,000 tested=3,525 found=0 n=503334123963859299180069 elapsed=1864s
progress: nodes=39,630,000,000 tested=3,525 found=0 n=343789580787073189335567 elapsed=1865s
progress: nodes=39,640,000,000 tested=3,525 found=0 n=506275698693574485887211 elapsed=1865s
progress: nodes=39,650,000,000 tested=3,525 found=0 n=325042581577534357225689 elapsed=1866s
progress: nodes=39,660,000,000 tested=3,525 found=0 n=361503136146138074697609 elapsed=1866s
progress: nodes=39,670,000,000 tested=3,525 found=0 n=400226665274399012868819 elapsed=1867s
progress: nodes=39,680,000,000 tested=3,525 found=0 n=479683808833644035734113 elapsed=1867s
progress: nodes=39,690,000,000 tested=3,525 found=0 n=414137180511815906256111 elapsed=1868s
progress: nodes=39,700,000,000 tested=3,525 found=0 n=321754592773160174258631 elapsed=1868s
progress: nodes=39,710,000,000 tested=3,525 found=0 n=436639478489960967790569 elapsed=1869s
progress: nodes=39,720,000,000 tested=3,525 found=0 n=405161833744537095557331 elapsed=1869s
progress: nodes=39,730,000,000 tested=3,525 found=0 n=472593787374728078678619 elapsed=1870s
progress: nodes=39,740,000,000 tested=3,525 found=0 n=536739603354819061374177 elapsed=1870s
progress: nodes=39,750,000,000 tested=3,525 found=0 n=464149769313569120530749 elapsed=1871s
progress: nodes=39,760,000,000 tested=3,525 found=0 n=345023686294047072254943 elapsed=1871s
progress: nodes=39,770,000,000 tested=3,525 found=0 n=453199826727152752900653 elapsed=1872s
progress: nodes=39,780,000,000 tested=3,525 found=0 n=364725842557060186399197 elapsed=1872s
progress: nodes=39,790,000,000 tested=3,525 found=0 n=374499800138906971251723 elapsed=1873s
progress: nodes=39,800,000,000 tested=3,525 found=0 n=437665107736774433346831 elapsed=1873s
progress: nodes=39,810,000,000 tested=3,525 found=0 n=477744681938281952225031 elapsed=1874s
progress: nodes=39,820,000,000 tested=3,525 found=0 n=521465366907026846751447 elapsed=1874s
progress: nodes=39,830,000,000 tested=3,525 found=0 n=397861003904325957938943 elapsed=1875s
progress: nodes=39,840,000,000 tested=3,525 found=0 n=490548466110086901289773 elapsed=1875s
progress: nodes=39,850,000,000 tested=3,525 found=0 n=494253735362809295294421 elapsed=1876s
progress: nodes=39,860,000,000 tested=3,525 found=0 n=501065459702632541073357 elapsed=1876s
progress: nodes=39,870,000,000 tested=3,525 found=0 n=450047961118942588312911 elapsed=1877s
progress: nodes=39,880,000,000 tested=3,525 found=0 n=411646888782339036693867 elapsed=1877s
progress: nodes=39,890,000,000 tested=3,525 found=0 n=470680413549717745731357 elapsed=1878s
progress: nodes=39,900,000,000 tested=3,525 found=0 n=445359847798676016697491 elapsed=1878s
progress: nodes=39,910,000,000 tested=3,525 found=0 n=479081575927344494933829 elapsed=1879s
progress: nodes=39,920,000,000 tested=3,525 found=0 n=450451703268115260064353 elapsed=1879s
progress: nodes=39,930,000,000 tested=3,525 found=0 n=500945176018288213701489 elapsed=1880s
progress: nodes=39,940,000,000 tested=3,525 found=0 n=500682262013168157735813 elapsed=1880s
progress: nodes=39,950,000,000 tested=3,525 found=0 n=499087470142014147683289 elapsed=1881s
progress: nodes=39,960,000,000 tested=3,525 found=0 n=504021125219444409259683 elapsed=1881s
progress: nodes=39,970,000,000 tested=3,525 found=0 n=539462213683474286105901 elapsed=1882s
progress: nodes=39,980,000,000 tested=3,525 found=0 n=530964070564206761525043 elapsed=1883s
progress: nodes=39,990,000,000 tested=3,525 found=0 n=571020451147636617674547 elapsed=1883s
progress: nodes=40,000,000,000 tested=3,526 found=0 n=645314377362306360337629 elapsed=1884s
progress: nodes=40,010,000,000 tested=3,526 found=0 n=83663720384202984326301 elapsed=1884s
progress: nodes=40,020,000,000 tested=3,526 found=0 n=478166466716529220859229 elapsed=1884s
progress: nodes=40,030,000,000 tested=3,526 found=0 n=941952030651262253431809 elapsed=1885s
progress: nodes=40,040,000,000 tested=3,526 found=0 n=474545988039588033616047 elapsed=1885s
progress: nodes=40,050,000,000 tested=3,526 found=0 n=79426008084117594128229 elapsed=1886s
progress: nodes=40,060,000,000 tested=3,526 found=0 n=635071122686852979055929 elapsed=1886s
progress: nodes=40,070,000,000 tested=3,526 found=0 n=308392278122497567249251 elapsed=1887s
progress: nodes=40,080,000,000 tested=3,526 found=0 n=989539829721522225325179 elapsed=1887s
progress: nodes=40,090,000,000 tested=3,526 found=0 n=744137594059127112868023 elapsed=1887s
progress: nodes=40,100,000,000 tested=3,526 found=0 n=546078922944322810541499 elapsed=1888s
progress: nodes=40,110,000,000 tested=3,526 found=0 n=389692877629086439979571 elapsed=1888s
progress: nodes=40,120,000,000 tested=3,526 found=0 n=278482610304935781842097 elapsed=1889s
progress: nodes=40,130,000,000 tested=3,526 found=0 n=209779714702272472136379 elapsed=1889s
progress: nodes=40,140,000,000 tested=3,526 found=0 n=178960746586218455189331 elapsed=1890s
progress: nodes=40,150,000,000 tested=3,526 found=0 n=186181755710178995545779 elapsed=1890s
progress: nodes=40,160,000,000 tested=3,526 found=0 n=231726541324598794961487 elapsed=1891s
progress: nodes=40,170,000,000 tested=3,526 found=0 n=321124772196321582918429 elapsed=1891s
progress: nodes=40,180,000,000 tested=3,526 found=0 n=457384714040008940486301 elapsed=1891s
progress: nodes=40,190,000,000 tested=3,526 found=0 n=639150941251288434797829 elapsed=1892s
progress: nodes=40,200,000,000 tested=3,526 found=0 n=865564557252263045980803 elapsed=1892s
progress: nodes=40,210,000,000 tested=3,526 found=0 n=187897637074765841742519 elapsed=1893s
progress: nodes=40,220,000,000 tested=3,526 found=0 n=496175731384712818726287 elapsed=1893s
progress: nodes=40,230,000,000 tested=3,526 found=0 n=867373813351325567660373 elapsed=1894s
progress: nodes=40,240,000,000 tested=3,526 found=0 n=327532595151397913346069 elapsed=1894s
progress: nodes=40,250,000,000 tested=3,526 found=0 n=779667159727244428482843 elapsed=1894s
progress: nodes=40,260,000,000 tested=3,526 found=0 n=326236777786435034127609 elapsed=1895s
progress: nodes=40,270,000,000 tested=3,526 found=0 n=874419967578159096665571 elapsed=1895s
progress: nodes=40,280,000,000 tested=3,526 found=0 n=508437473557991670359667 elapsed=1896s
progress: nodes=40,290,000,000 tested=3,526 found=0 n=203468020773685617756807 elapsed=1896s
progress: nodes=40,300,000,000 tested=3,526 found=0 n=883904945980317843518937 elapsed=1897s
progress: nodes=40,310,000,000 tested=3,526 found=0 n=661769570767788677645451 elapsed=1897s
progress: nodes=40,320,000,000 tested=3,526 found=0 n=485167323599097137427429 elapsed=1898s
progress: nodes=40,330,000,000 tested=3,526 found=0 n=354882589578532008190197 elapsed=1898s
progress: nodes=40,340,000,000 tested=3,526 found=0 n=272375018927215337160027 elapsed=1898s
progress: nodes=40,350,000,000 tested=3,526 found=0 n=233097814419951957667191 elapsed=1899s
progress: nodes=40,360,000,000 tested=3,526 found=0 n=233126508857009510581839 elapsed=1899s
progress: nodes=40,370,000,000 tested=3,526 found=0 n=273251998171011839050071 elapsed=1900s
progress: nodes=40,380,000,000 tested=3,526 found=0 n=357658963563898222447221 elapsed=1900s
progress: nodes=40,390,000,000 tested=3,526 found=0 n=493747971532222818978567 elapsed=1901s
progress: nodes=40,400,000,000 tested=3,526 found=0 n=678480959702211899816583 elapsed=1901s
progress: nodes=40,410,000,000 tested=3,526 found=0 n=913767116050687296949551 elapsed=1902s
progress: nodes=40,420,000,000 tested=3,526 found=0 n=243072318577930779174237 elapsed=1902s
progress: nodes=40,430,000,000 tested=3,526 found=0 n=555315159899450751167367 elapsed=1902s
progress: nodes=40,440,000,000 tested=3,526 found=0 n=928248639315988870110231 elapsed=1903s
progress: nodes=40,450,000,000 tested=3,526 found=0 n=385910181314627830471611 elapsed=1903s
progress: nodes=40,460,000,000 tested=3,526 found=0 n=842611864518345199281003 elapsed=1904s
progress: nodes=40,470,000,000 tested=3,526 found=0 n=388160695282036359213531 elapsed=1904s
progress: nodes=40,480,000,000 tested=3,526 found=0 n=933028517413737706478517 elapsed=1905s
progress: nodes=40,490,000,000 tested=3,526 found=0 n=562528355520649598099019 elapsed=1905s
progress: nodes=40,500,000,000 tested=3,526 found=0 n=248792597537753139733863 elapsed=1906s
progress: nodes=40,510,000,000 tested=3,526 found=0 n=916505817451210087722621 elapsed=1906s
progress: nodes=40,520,000,000 tested=3,526 found=0 n=676552454883984456550773 elapsed=1906s
progress: nodes=40,530,000,000 tested=3,526 found=0 n=491462630369391977152857 elapsed=1907s
progress: nodes=40,540,000,000 tested=3,526 found=0 n=357392710579553103712257 elapsed=1907s
progress: nodes=40,550,000,000 tested=3,526 found=0 n=271768502969602331956263 elapsed=1908s
progress: nodes=40,560,000,000 tested=3,526 found=0 n=229846354135630317452367 elapsed=1908s
progress: nodes=40,570,000,000 tested=3,526 found=0 n=232996649603480083970649 elapsed=1909s
progress: nodes=40,580,000,000 tested=3,526 found=0 n=282093384487913412086673 elapsed=1909s
progress: nodes=40,590,000,000 tested=3,526 found=0 n=381738767005539651644937 elapsed=1910s
progress: nodes=40,600,000,000 tested=3,526 found=0 n=535138582308638697910521 elapsed=1910s
progress: nodes=40,610,000,000 tested=3,526 found=0 n=738511334093861130399597 elapsed=1910s
progress: nodes=40,620,000,000 tested=3,526 found=0 n=992890071209215490053743 elapsed=1911s
progress: nodes=40,630,000,000 tested=3,526 found=0 n=331161824942142743367819 elapsed=1911s
progress: nodes=40,640,000,000 tested=3,526 found=0 n=664857114280317832236363 elapsed=1912s
progress: nodes=40,650,000,000 tested=3,526 found=0 n=119163120750413266013487 elapsed=1912s
progress: nodes=40,660,000,000 tested=3,526 found=0 n=533843857166065403876919 elapsed=1913s
progress: nodes=40,670,000,000 tested=3,526 found=0 n=93001914376090192235763 elapsed=1913s
progress: nodes=40,680,000,000 tested=3,526 found=0 n=600873107017327556631219 elapsed=1914s
progress: nodes=40,690,000,000 tested=3,526 found=0 n=236088134993137482824769 elapsed=1914s
progress: nodes=40,700,000,000 tested=3,526 found=0 n=847568751502633763433831 elapsed=1914s
progress: nodes=40,710,000,000 tested=3,526 found=0 n=566428702878927018137007 elapsed=1915s
progress: nodes=40,720,000,000 tested=3,526 found=0 n=345685722415771005827559 elapsed=1915s
progress: nodes=40,730,000,000 tested=3,526 found=0 n=178134287518743209124471 elapsed=1916s
progress: nodes=40,740,000,000 tested=3,526 found=0 n=986278012800622660044927 elapsed=1916s
progress: nodes=40,750,000,000 tested=3,526 found=0 n=902429287477873164270261 elapsed=1917s
progress: nodes=40,760,000,000 tested=3,526 found=0 n=869836210731003624249141 elapsed=1917s
progress: nodes=40,770,000,000 tested=3,526 found=0 n=889291438088025485980467 elapsed=1918s
progress: nodes=40,780,000,000 tested=3,526 found=0 n=957509588197359479761479 elapsed=1918s
progress: nodes=40,790,000,000 tested=3,526 found=0 n=139197404447547507242181 elapsed=1919s
progress: nodes=40,800,000,000 tested=3,526 found=0 n=295657892617302798842259 elapsed=1919s
progress: nodes=40,810,000,000 tested=3,526 found=0 n=512200652713693759474659 elapsed=1919s
progress: nodes=40,820,000,000 tested=3,526 found=0 n=783665425189263022194789 elapsed=1920s
progress: nodes=40,830,000,000 tested=3,526 found=0 n=175368145507644494367963 elapsed=1920s
progress: nodes=40,840,000,000 tested=3,526 found=0 n=536987526867491588111223 elapsed=1921s
progress: nodes=40,850,000,000 tested=3,526 found=0 n=969267209087027539127439 elapsed=1921s
progress: nodes=40,860,000,000 tested=3,526 found=0 n=496217690404409909736801 elapsed=1922s
progress: nodes=40,870,000,000 tested=3,526 found=0 n=105894237509604370385559 elapsed=1922s
progress: nodes=40,880,000,000 tested=3,526 found=0 n=666415416022415403835491 elapsed=1923s
progress: nodes=40,890,000,000 tested=3,526 found=0 n=357710295307684825328823 elapsed=1923s
progress: nodes=40,900,000,000 tested=3,526 found=0 n=110162895699813696847107 elapsed=1924s
progress: nodes=40,910,000,000 tested=3,526 found=0 n=817031120945254402474287 elapsed=1924s
progress: nodes=40,920,000,000 tested=3,526 found=0 n=649428613464000083070357 elapsed=1925s
progress: nodes=40,930,000,000 tested=3,526 found=0 n=529126063872073817666517 elapsed=1925s
progress: nodes=40,940,000,000 tested=3,526 found=0 n=466161093496033182073827 elapsed=1926s
progress: nodes=40,950,000,000 tested=3,526 found=0 n=462246342159043664485263 elapsed=1926s
progress: nodes=40,960,000,000 tested=3,526 found=0 n=511683821253661444338951 elapsed=1926s
progress: nodes=40,970,000,000 tested=3,526 found=0 n=614948769463691122591131 elapsed=1927s
progress: nodes=40,980,000,000 tested=3,526 found=0 n=768033087684087918389697 elapsed=1927s
progress: nodes=40,990,000,000 tested=3,526 found=0 n=973928042832246101070471 elapsed=1928s
progress: nodes=41,000,000,000 tested=3,526 found=0 n=288204661802105799277527 elapsed=1928s
progress: nodes=41,010,000,000 tested=3,526 found=0 n=584924311292326275110841 elapsed=1929s
progress: nodes=41,020,000,000 tested=3,526 found=0 n=944876885636026738476081 elapsed=1929s
progress: nodes=41,030,000,000 tested=3,526 found=0 n=413309427582230745595029 elapsed=1930s
progress: nodes=41,040,000,000 tested=3,526 found=0 n=874731589467969599899533 elapsed=1930s
progress: nodes=41,050,000,000 tested=3,526 found=0 n=446285068252279464539331 elapsed=1931s
progress: nodes=41,060,000,000 tested=3,526 found=0 n=94740804995518277248653 elapsed=1931s
progress: nodes=41,070,000,000 tested=3,526 found=0 n=687609150043323924505089 elapsed=1932s
progress: nodes=41,080,000,000 tested=3,526 found=0 n=425643329134000342578213 elapsed=1932s
progress: nodes=41,090,000,000 tested=3,526 found=0 n=217874034113815087599591 elapsed=1933s
progress: nodes=41,100,000,000 tested=3,526 found=0 n=982631857286046964779783 elapsed=1933s
progress: nodes=41,110,000,000 tested=3,526 found=0 n=862224599389820980384071 elapsed=1933s
progress: nodes=41,120,000,000 tested=3,526 found=0 n=794670791723804028276243 elapsed=1934s
progress: nodes=41,130,000,000 tested=3,526 found=0 n=784729255703893501732731 elapsed=1934s
progress: nodes=41,140,000,000 tested=3,526 found=0 n=826409534208207239098809 elapsed=1935s
progress: nodes=41,150,000,000 tested=3,526 found=0 n=114967470878659060088427 elapsed=1935s
progress: nodes=41,160,000,000 tested=3,526 found=0 n=611506340953556489824383 elapsed=1936s
progress: nodes=41,170,000,000 tested=3,526 found=0 n=498351245932396516192533 elapsed=1936s
progress: nodes=41,180,000,000 tested=3,526 found=0 n=683265583603708487691309 elapsed=1937s
progress: nodes=41,190,000,000 tested=3,526 found=0 n=291193575426745141721571 elapsed=1937s
progress: nodes=41,200,000,000 tested=3,526 found=0 n=178505926061232478329621 elapsed=1938s
progress: nodes=41,210,000,000 tested=3,526 found=0 n=340776124824866109001623 elapsed=1938s
progress: nodes=41,220,000,000 tested=3,526 found=0 n=812214088431908846857173 elapsed=1939s
progress: nodes=41,230,000,000 tested=3,526 found=0 n=665021239507184831243973 elapsed=1939s
progress: nodes=41,240,000,000 tested=3,526 found=0 n=833123691347435307706887 elapsed=1940s
progress: nodes=41,250,000,000 tested=3,526 found=0 n=445298065377251577904413 elapsed=1940s
progress: nodes=41,260,000,000 tested=3,526 found=0 n=344001886557454849981257 elapsed=1941s
progress: nodes=41,270,000,000 tested=3,526 found=0 n=507696901696997481259791 elapsed=1941s
progress: nodes=41,280,000,000 tested=3,526 found=0 n=129957421547155875625953 elapsed=1941s
progress: nodes=41,290,000,000 tested=3,526 found=0 n=870877023152309587463049 elapsed=1942s
progress: nodes=41,300,000,000 tested=3,526 found=0 n=270534678013436317948467 elapsed=1942s
progress: nodes=41,310,000,000 tested=3,526 found=0 n=857877571984592937310533 elapsed=1943s
progress: nodes=41,320,000,000 tested=3,526 found=0 n=127739618757749796170373 elapsed=1943s
progress: nodes=41,330,000,000 tested=3,526 found=0 n=473150685396811508363277 elapsed=1944s
progress: nodes=41,340,000,000 tested=3,526 found=0 n=325398508172135882697213 elapsed=1944s
progress: nodes=41,350,000,000 tested=3,526 found=0 n=448809622404678360917091 elapsed=1945s
progress: nodes=41,360,000,000 tested=3,526 found=0 n=90822652388458876464579 elapsed=1945s
progress: nodes=41,370,000,000 tested=3,526 found=0 n=851472879170403089532933 elapsed=1946s
progress: nodes=41,380,000,000 tested=3,526 found=0 n=409930701612639213915909 elapsed=1946s
progress: nodes=41,390,000,000 tested=3,526 found=0 n=275402952272233178205813 elapsed=1947s
progress: nodes=41,400,000,000 tested=3,526 found=0 n=412602496768169266588029 elapsed=1947s
progress: nodes=41,410,000,000 tested=3,526 found=0 n=106570528716827148870897 elapsed=1948s
progress: nodes=41,420,000,000 tested=3,526 found=0 n=100303708796701225156341 elapsed=1948s
progress: nodes=41,430,000,000 tested=3,526 found=0 n=359912413129696125197499 elapsed=1949s
progress: nodes=41,440,000,000 tested=3,526 found=0 n=191650233729190778050509 elapsed=1949s
progress: nodes=41,450,000,000 tested=3,526 found=0 n=310182470041147491738951 elapsed=1950s
progress: nodes=41,460,000,000 tested=3,526 found=0 n=713775335921370246913389 elapsed=1950s
progress: nodes=41,470,000,000 tested=3,526 found=0 n=674648874783030015087219 elapsed=1950s
progress: nodes=41,480,000,000 tested=3,526 found=0 n=209287241490507242375313 elapsed=1951s
progress: nodes=41,490,000,000 tested=3,526 found=0 n=747398400209134758050967 elapsed=1951s
progress: nodes=41,500,000,000 tested=3,526 found=0 n=158050010613861565636437 elapsed=1952s
progress: nodes=41,510,000,000 tested=3,526 found=0 n=602280069119631887363379 elapsed=1952s
progress: nodes=41,520,000,000 tested=3,526 found=0 n=709606860251347326749481 elapsed=1953s
progress: nodes=41,530,000,000 tested=3,526 found=0 n=434119065943533826632777 elapsed=1953s
progress: nodes=41,540,000,000 tested=3,526 found=0 n=496393045376601773523123 elapsed=1954s
progress: nodes=41,550,000,000 tested=3,526 found=0 n=200003789973407214936141 elapsed=1954s
progress: nodes=41,560,000,000 tested=3,526 found=0 n=211986361833798831960681 elapsed=1955s
progress: nodes=41,570,000,000 tested=3,526 found=0 n=497477266135782120787599 elapsed=1955s
progress: nodes=41,580,000,000 tested=3,526 found=0 n=428775754668494590988631 elapsed=1956s
progress: nodes=41,590,000,000 tested=3,526 found=0 n=676343084421557181015387 elapsed=1956s
progress: nodes=41,600,000,000 tested=3,526 found=0 n=518116203025495074117117 elapsed=1957s
progress: nodes=41,610,000,000 tested=3,526 found=0 n=641171031277119487541397 elapsed=1957s
progress: nodes=41,620,000,000 tested=3,526 found=0 n=422548081550636270526297 elapsed=1958s
progress: nodes=41,630,000,000 tested=3,526 found=0 n=503116843765895336424447 elapsed=1958s
progress: nodes=41,640,000,000 tested=3,526 found=0 n=258238845179607433622481 elapsed=1959s
progress: nodes=41,650,000,000 tested=3,526 found=0 n=325374888056041065078837 elapsed=1959s
progress: nodes=41,660,000,000 tested=3,526 found=0 n=691442393862380834867193 elapsed=1959s
progress: nodes=41,670,000,000 tested=3,526 found=0 n=719207160887951758501479 elapsed=1960s
progress: nodes=41,680,000,000 tested=3,526 found=0 n=447155548183693226644767 elapsed=1960s
progress: nodes=41,690,000,000 tested=3,526 found=0 n=486379363144111048372761 elapsed=1961s
progress: nodes=41,700,000,000 tested=3,526 found=0 n=247276102129406360577567 elapsed=1961s
progress: nodes=41,710,000,000 tested=3,526 found=0 n=304010126286328006908363 elapsed=1962s
progress: nodes=41,720,000,000 tested=3,526 found=0 n=648907015720214768453937 elapsed=1962s
progress: nodes=41,730,000,000 tested=3,526 found=0 n=683618200072125063324579 elapsed=1963s
progress: nodes=41,740,000,000 tested=3,526 found=0 n=418816119011878545916959 elapsed=1963s
progress: nodes=41,750,000,000 tested=3,526 found=0 n=451205730783066151085193 elapsed=1964s
progress: nodes=41,760,000,000 tested=3,526 found=0 n=226131344071090059673071 elapsed=1964s
progress: nodes=41,770,000,000 tested=3,526 found=0 n=338452837614843288313977 elapsed=1965s
progress: nodes=41,780,000,000 tested=3,526 found=0 n=188695368899099179009893 elapsed=1965s
progress: nodes=41,790,000,000 tested=3,526 found=0 n=331138360595876871098061 elapsed=1966s
progress: nodes=41,800,000,000 tested=3,526 found=0 n=191005137358653618351351 elapsed=1966s
progress: nodes=41,810,000,000 tested=3,526 found=0 n=346454136689975725874463 elapsed=1967s
progress: nodes=41,820,000,000 tested=3,526 found=0 n=229552643567202815590731 elapsed=1967s
progress: nodes=41,830,000,000 tested=3,526 found=0 n=397172667734127197141229 elapsed=1968s
progress: nodes=41,840,000,000 tested=3,526 found=0 n=285682139732590490650761 elapsed=1968s
progress: nodes=41,850,000,000 tested=3,526 found=0 n=491790811109015284015149 elapsed=1968s
progress: nodes=41,860,000,000 tested=3,526 found=0 n=441798401162323789166583 elapsed=1969s
progress: nodes=41,870,000,000 tested=3,526 found=0 n=184845153193836705158589 elapsed=1969s
progress: nodes=41,880,000,000 tested=3,526 found=0 n=250972091232448049543079 elapsed=1970s
progress: nodes=41,890,000,000 tested=3,526 found=0 n=630137616391087330999473 elapsed=1970s
progress: nodes=41,900,000,000 tested=3,526 found=0 n=219821009806649085787953 elapsed=1971s
progress: nodes=41,910,000,000 tested=3,526 found=0 n=131042711893783299040431 elapsed=1971s
progress: nodes=41,920,000,000 tested=3,526 found=0 n=370896065831837547392391 elapsed=1972s
progress: nodes=41,930,000,000 tested=3,526 found=0 n=432364756739901585242643 elapsed=1972s
progress: nodes=41,940,000,000 tested=3,526 found=0 n=282857862342544028977437 elapsed=1973s
progress: nodes=41,950,000,000 tested=3,526 found=0 n=461451852837482142536901 elapsed=1973s
progress: nodes=41,960,000,000 tested=3,526 found=0 n=452147198434948903733847 elapsed=1974s
progress: nodes=41,970,000,000 tested=3,526 found=0 n=248211815677536150733293 elapsed=1974s
progress: nodes=41,980,000,000 tested=3,526 found=0 n=387942346708278918653097 elapsed=1975s
progress: nodes=41,990,000,000 tested=3,526 found=0 n=344266294325462155565919 elapsed=1975s
progress: nodes=42,000,000,000 tested=3,526 found=0 n=614268671131779693268239 elapsed=1976s
progress: nodes=42,010,000,000 tested=3,526 found=0 n=187632940447950339254913 elapsed=1976s
progress: nodes=42,020,000,000 tested=3,526 found=0 n=575863338992405029346781 elapsed=1977s
progress: nodes=42,030,000,000 tested=3,526 found=0 n=276248442313023904590867 elapsed=1977s
progress: nodes=42,040,000,000 tested=3,526 found=0 n=305509449959641640269557 elapsed=1977s
progress: nodes=42,050,000,000 tested=3,526 found=0 n=206179046039521498892949 elapsed=1978s
progress: nodes=42,060,000,000 tested=3,526 found=0 n=407273912108886829127121 elapsed=1978s
progress: nodes=42,070,000,000 tested=3,526 found=0 n=448098967969747097170167 elapsed=1979s
progress: nodes=42,080,000,000 tested=3,526 found=0 n=345918409861050864526689 elapsed=1979s
progress: nodes=42,090,000,000 tested=3,526 found=0 n=571754052569616786092223 elapsed=1980s
progress: nodes=42,100,000,000 tested=3,526 found=0 n=159485425892064580016709 elapsed=1980s
progress: nodes=42,110,000,000 tested=3,526 found=0 n=547741627798405609085517 elapsed=1981s
progress: nodes=42,120,000,000 tested=3,526 found=0 n=323329237048807723965231 elapsed=1981s
progress: nodes=42,130,000,000 tested=3,526 found=0 n=454179212920881997117569 elapsed=1982s
progress: nodes=42,140,000,000 tested=3,526 found=0 n=434606069807062100100153 elapsed=1982s
progress: nodes=42,150,000,000 tested=3,526 found=0 n=275333659305953740444953 elapsed=1983s
progress: nodes=42,160,000,000 tested=3,526 found=0 n=462449736912935453198517 elapsed=1983s
progress: nodes=42,170,000,000 tested=3,526 found=0 n=562207650949693104427071 elapsed=1984s
progress: nodes=42,180,000,000 tested=3,526 found=0 n=546775604689091312423889 elapsed=1984s
progress: nodes=42,190,000,000 tested=3,526 found=0 n=434260512271762383624417 elapsed=1985s
progress: nodes=42,200,000,000 tested=3,526 found=0 n=195941686775536614914001 elapsed=1985s
progress: nodes=42,210,000,000 tested=3,526 found=0 n=279048410757769501207359 elapsed=1986s
progress: nodes=42,220,000,000 tested=3,526 found=0 n=237573118012649760327987 elapsed=1986s
progress: nodes=42,230,000,000 tested=3,526 found=0 n=531836383297391275360257 elapsed=1987s
progress: nodes=42,240,000,000 tested=3,526 found=0 n=279450343921355060354901 elapsed=1987s
progress: nodes=42,250,000,000 tested=3,526 found=0 n=362805265419340130698311 elapsed=1987s
progress: nodes=42,260,000,000 tested=3,526 found=0 n=373724798024038204456713 elapsed=1988s
progress: nodes=42,270,000,000 tested=3,526 found=0 n=336314262589874239860189 elapsed=1988s
progress: nodes=42,280,000,000 tested=3,526 found=0 n=234424849714264600984593 elapsed=1989s
progress: nodes=42,290,000,000 tested=3,526 found=0 n=475780613386170117074049 elapsed=1989s
progress: nodes=42,300,000,000 tested=3,526 found=0 n=233422466173016957950113 elapsed=1990s
progress: nodes=42,310,000,000 tested=3,526 found=0 n=319692072612991676949351 elapsed=1990s
progress: nodes=42,320,000,000 tested=3,526 found=0 n=318350501837485981360497 elapsed=1991s
progress: nodes=42,330,000,000 tested=3,526 found=0 n=296399403559719060914313 elapsed=1991s
progress: nodes=42,340,000,000 tested=3,526 found=0 n=253660011134050975350897 elapsed=1992s
progress: nodes=42,350,000,000 tested=3,526 found=0 n=193981747319043116682249 elapsed=1992s
progress: nodes=42,360,000,000 tested=3,526 found=0 n=480746268163422716161707 elapsed=1993s
progress: nodes=42,370,000,000 tested=3,526 found=0 n=300074337309517242178707 elapsed=1993s
progress: nodes=42,380,000,000 tested=3,526 found=0 n=532089380397158156596023 elapsed=1994s
progress: nodes=42,390,000,000 tested=3,526 found=0 n=337445331404266090398393 elapsed=1994s
progress: nodes=42,400,000,000 tested=3,526 found=0 n=528499371918742217024031 elapsed=1995s
progress: nodes=42,410,000,000 tested=3,526 found=0 n=292622503042188654682347 elapsed=1995s
progress: nodes=42,420,000,000 tested=3,526 found=0 n=454152598635581109032769 elapsed=1996s
progress: nodes=42,430,000,000 tested=3,526 found=0 n=227662199345395016511309 elapsed=1996s
progress: nodes=42,440,000,000 tested=3,526 found=0 n=402231375339275093280669 elapsed=1997s
progress: nodes=42,450,000,000 tested=3,526 found=0 n=213934305235235234578929 elapsed=1997s
progress: nodes=42,460,000,000 tested=3,526 found=0 n=382883538619054640690523 elapsed=1998s
progress: nodes=42,470,000,000 tested=3,526 found=0 n=187615250956835152059609 elapsed=1998s
progress: nodes=42,480,000,000 tested=3,526 found=0 n=397036057190428942783497 elapsed=1999s
progress: nodes=42,490,000,000 tested=3,526 found=0 n=225247823733971841645843 elapsed=1999s
progress: nodes=42,500,000,000 tested=3,526 found=0 n=440729853950450906921079 elapsed=1999s
progress: nodes=42,510,000,000 tested=3,526 found=0 n=286670074297983703988661 elapsed=2000s
progress: nodes=42,520,000,000 tested=3,526 found=0 n=183303214840911133357389 elapsed=2000s
progress: nodes=42,530,000,000 tested=3,526 found=0 n=469947529971450202883211 elapsed=2001s
progress: nodes=42,540,000,000 tested=3,526 found=0 n=405794372532457190431149 elapsed=2001s
progress: nodes=42,550,000,000 tested=3,526 found=0 n=412063144862197340579067 elapsed=2002s
progress: nodes=42,560,000,000 tested=3,526 found=0 n=461628771448893252207003 elapsed=2002s
progress: nodes=42,570,000,000 tested=3,526 found=0 n=200010207631760592165099 elapsed=2003s
progress: nodes=42,580,000,000 tested=3,526 found=0 n=344947621476591421775487 elapsed=2003s
progress: nodes=42,590,000,000 tested=3,526 found=0 n=230397220396620292262247 elapsed=2004s
progress: nodes=42,600,000,000 tested=3,526 found=0 n=220358119576012711980687 elapsed=2004s
progress: nodes=42,610,000,000 tested=3,526 found=0 n=271056560867843214991527 elapsed=2005s
progress: nodes=42,620,000,000 tested=3,526 found=0 n=393660278389187555807061 elapsed=2005s
progress: nodes=42,630,000,000 tested=3,526 found=0 n=255248025075492216560793 elapsed=2006s
progress: nodes=42,640,000,000 tested=3,526 found=0 n=213352684022904428531529 elapsed=2006s
progress: nodes=42,650,000,000 tested=3,526 found=0 n=245952135445500297784971 elapsed=2007s
progress: nodes=42,660,000,000 tested=3,526 found=0 n=389452346803568877361533 elapsed=2007s
progress: nodes=42,670,000,000 tested=3,526 found=0 n=316300518350492659006023 elapsed=2008s
progress: nodes=42,680,000,000 tested=3,526 found=0 n=352304308429074500598099 elapsed=2008s
progress: nodes=42,690,000,000 tested=3,526 found=0 n=203432104018490435535447 elapsed=2009s
progress: nodes=42,700,000,000 tested=3,526 found=0 n=208904720366326372411023 elapsed=2009s
progress: nodes=42,710,000,000 tested=3,526 found=0 n=328769930254623735450573 elapsed=2010s
progress: nodes=42,720,000,000 tested=3,526 found=0 n=283278979687923146480553 elapsed=2010s
progress: nodes=42,730,000,000 tested=3,526 found=0 n=399536034863956309275957 elapsed=2011s
progress: nodes=42,740,000,000 tested=3,526 found=0 n=357690025538440090843347 elapsed=2011s
progress: nodes=42,750,000,000 tested=3,526 found=0 n=484709038479130535679609 elapsed=2012s
progress: nodes=42,760,000,000 tested=3,526 found=0 n=492077736735957318147201 elapsed=2012s
progress: nodes=42,770,000,000 tested=3,526 found=0 n=335234367589101940528569 elapsed=2013s
progress: nodes=42,780,000,000 tested=3,526 found=0 n=349810620822981740380959 elapsed=2013s
progress: nodes=42,790,000,000 tested=3,526 found=0 n=238308784190024005286829 elapsed=2013s
progress: nodes=42,800,000,000 tested=3,526 found=0 n=335779174104404092419357 elapsed=2014s
progress: nodes=42,810,000,000 tested=3,526 found=0 n=339798590931842695559907 elapsed=2014s
progress: nodes=42,820,000,000 tested=3,526 found=0 n=248076591378243752583459 elapsed=2015s
progress: nodes=42,830,000,000 tested=3,526 found=0 n=398652248382634871051427 elapsed=2015s
progress: nodes=42,840,000,000 tested=3,526 found=0 n=192757232009144543764023 elapsed=2016s
progress: nodes=42,850,000,000 tested=3,526 found=0 n=241672298865253527872601 elapsed=2016s
progress: nodes=42,860,000,000 tested=3,526 found=0 n=251599443036750423888273 elapsed=2017s
progress: nodes=42,870,000,000 tested=3,526 found=0 n=232732808187010310282103 elapsed=2017s
progress: nodes=42,880,000,000 tested=3,526 found=0 n=208576038325646337773427 elapsed=2018s
progress: nodes=42,890,000,000 tested=3,526 found=0 n=462440844267281197078761 elapsed=2018s
progress: nodes=42,900,000,000 tested=3,526 found=0 n=445190358259018859844357 elapsed=2019s
progress: nodes=42,910,000,000 tested=3,526 found=0 n=466975901908708617255831 elapsed=2019s
progress: nodes=42,920,000,000 tested=3,526 found=0 n=222838464138686334960021 elapsed=2020s
progress: nodes=42,930,000,000 tested=3,526 found=0 n=305712578187220406229027 elapsed=2020s
progress: nodes=42,940,000,000 tested=3,526 found=0 n=459308786461488773598789 elapsed=2021s
progress: nodes=42,950,000,000 tested=3,526 found=0 n=400737573887123357235351 elapsed=2021s
progress: nodes=42,960,000,000 tested=3,526 found=0 n=427178822735232261184491 elapsed=2022s
progress: nodes=42,970,000,000 tested=3,526 found=0 n=302961562137128500673067 elapsed=2022s
progress: nodes=42,980,000,000 tested=3,526 found=0 n=289605247897375442753721 elapsed=2023s
progress: nodes=42,990,000,000 tested=3,526 found=0 n=438024695940126941072427 elapsed=2023s
progress: nodes=43,000,000,000 tested=3,526 found=0 n=457447716652608972883593 elapsed=2024s
progress: nodes=43,010,000,000 tested=3,526 found=0 n=373226420994388821150291 elapsed=2025s
progress: nodes=43,020,000,000 tested=3,526 found=0 n=482647493475588092102451 elapsed=2025s
progress: nodes=43,030,000,000 tested=3,526 found=0 n=271850421247471419502149 elapsed=2026s
progress: nodes=43,040,000,000 tested=3,526 found=0 n=269401916617344922802391 elapsed=2026s
progress: nodes=43,050,000,000 tested=3,526 found=0 n=237280352744717655025653 elapsed=2027s
progress: nodes=43,060,000,000 tested=3,526 found=0 n=427953822318128677287717 elapsed=2027s
progress: nodes=43,070,000,000 tested=3,526 found=0 n=390548765216507768669799 elapsed=2028s
progress: nodes=43,080,000,000 tested=3,526 found=0 n=441247679144408751137523 elapsed=2028s
progress: nodes=43,090,000,000 tested=3,526 found=0 n=282524835811974353240643 elapsed=2029s
progress: nodes=43,100,000,000 tested=3,526 found=0 n=460286869274821623515481 elapsed=2029s
progress: nodes=43,110,000,000 tested=3,526 found=0 n=279929985853545371855511 elapsed=2030s
progress: nodes=43,120,000,000 tested=3,526 found=0 n=260183827352943253302543 elapsed=2030s
progress: nodes=43,130,000,000 tested=3,526 found=0 n=437090574565232147422863 elapsed=2031s
progress: nodes=43,140,000,000 tested=3,526 found=0 n=368824869878311512116451 elapsed=2031s
progress: nodes=43,150,000,000 tested=3,526 found=0 n=309196124200549572683697 elapsed=2032s
progress: nodes=43,160,000,000 tested=3,526 found=0 n=294011735337418100219217 elapsed=2032s
progress: nodes=43,170,000,000 tested=3,526 found=0 n=397724267527119484548597 elapsed=2033s
progress: nodes=43,180,000,000 tested=3,526 found=0 n=420423919458980770346013 elapsed=2033s
progress: nodes=43,190,000,000 tested=3,526 found=0 n=410783166803234190854889 elapsed=2034s
progress: nodes=43,200,000,000 tested=3,526 found=0 n=390542291132823476828181 elapsed=2034s
progress: nodes=43,210,000,000 tested=3,526 found=0 n=399372332644792642142007 elapsed=2035s
progress: nodes=43,220,000,000 tested=3,526 found=0 n=332916558463183293591993 elapsed=2035s
progress: nodes=43,230,000,000 tested=3,526 found=0 n=413382486505255795510983 elapsed=2036s
progress: nodes=43,240,000,000 tested=3,526 found=0 n=459778760806391652054429 elapsed=2036s
progress: nodes=43,250,000,000 tested=3,526 found=0 n=384053929065125982894231 elapsed=2037s
progress: nodes=43,260,000,000 tested=3,526 found=0 n=448048109338655568453711 elapsed=2038s
progress: nodes=43,270,000,000 tested=3,526 found=0 n=313071364209270904718481 elapsed=2038s
progress: nodes=43,280,000,000 tested=3,526 found=0 n=463611029086970733869901 elapsed=2039s
progress: nodes=43,290,000,000 tested=3,526 found=0 n=378725236370035270682967 elapsed=2039s
progress: nodes=43,300,000,000 tested=3,526 found=0 n=363398240493820855241919 elapsed=2040s
progress: nodes=43,310,000,000 tested=3,526 found=0 n=336446514081653805162333 elapsed=2040s
progress: nodes=43,320,000,000 tested=3,526 found=0 n=379982981907520775450667 elapsed=2041s
progress: nodes=43,330,000,000 tested=3,526 found=0 n=437633122074385811721147 elapsed=2041s
progress: nodes=43,340,000,000 tested=3,526 found=0 n=465000764704523247913713 elapsed=2042s
progress: nodes=43,350,000,000 tested=3,526 found=0 n=412235973167750188197741 elapsed=2042s
progress: nodes=43,360,000,000 tested=3,526 found=0 n=337481305712218636471503 elapsed=2043s
progress: nodes=43,370,000,000 tested=3,526 found=0 n=368509331241505786461129 elapsed=2043s
progress: nodes=43,380,000,000 tested=3,526 found=0 n=404009671129307030284497 elapsed=2044s
progress: nodes=43,390,000,000 tested=3,526 found=0 n=430891590139282228363407 elapsed=2044s
progress: nodes=43,400,000,000 tested=3,526 found=0 n=404217454317065965408833 elapsed=2045s
progress: nodes=43,410,000,000 tested=3,526 found=0 n=379113354375312781287063 elapsed=2045s
progress: nodes=43,420,000,000 tested=3,526 found=0 n=460898968858506775730133 elapsed=2046s
progress: nodes=43,430,000,000 tested=3,526 found=0 n=409027730128595736931773 elapsed=2046s
progress: nodes=43,440,000,000 tested=3,526 found=0 n=478637688352890956608719 elapsed=2047s
progress: nodes=43,450,000,000 tested=3,526 found=0 n=441250784684445047995683 elapsed=2047s
progress: nodes=43,460,000,000 tested=3,526 found=0 n=505924564729758307504371 elapsed=2048s
progress: nodes=43,470,000,000 tested=3,526 found=0 n=464580188171434611579303 elapsed=2048s
progress: nodes=43,480,000,000 tested=3,526 found=0 n=452413459878367920053121 elapsed=2049s
progress: nodes=43,490,000,000 tested=3,526 found=0 n=517397485138033426297371 elapsed=2049s
progress: nodes=43,500,000,000 tested=3,526 found=0 n=482707183556706381294021 elapsed=2050s
progress: nodes=43,510,000,000 tested=3,526 found=0 n=502335971148582570610611 elapsed=2050s
progress: nodes=43,520,000,000 tested=3,526 found=0 n=505206851435971807004883 elapsed=2051s
progress: nodes=43,530,000,000 tested=3,526 found=0 n=615474448921010724258213 elapsed=2051s
progress: nodes=43,540,000,000 tested=3,526 found=0 n=303671862106665926834961 elapsed=2052s
progress: nodes=43,550,000,000 tested=3,526 found=0 n=993462782169740044150989 elapsed=2052s
progress: nodes=43,560,000,000 tested=3,526 found=0 n=741562244803696920983379 elapsed=2053s
progress: nodes=43,570,000,000 tested=3,526 found=0 n=533540758364042644998783 elapsed=2053s
progress: nodes=43,580,000,000 tested=3,526 found=0 n=372799869618108755315493 elapsed=2054s
progress: nodes=43,590,000,000 tested=3,526 found=0 n=251764640561545863228477 elapsed=2054s
progress: nodes=43,600,000,000 tested=3,526 found=0 n=181292279389871831334153 elapsed=2055s
progress: nodes=43,610,000,000 tested=3,526 found=0 n=146491376006703035441133 elapsed=2055s
progress: nodes=43,620,000,000 tested=3,526 found=0 n=153517273046464308442461 elapsed=2055s
progress: nodes=43,630,000,000 tested=3,526 found=0 n=198212684274488256962589 elapsed=2056s
progress: nodes=43,640,000,000 tested=3,526 found=0 n=291749466764055773852379 elapsed=2056s
progress: nodes=43,650,000,000 tested=3,526 found=0 n=431067323727351608560263 elapsed=2057s
progress: nodes=43,660,000,000 tested=3,526 found=0 n=616659859074734234456697 elapsed=2057s
progress: nodes=43,670,000,000 tested=3,526 found=0 n=841273211162049140231757 elapsed=2058s
progress: nodes=43,680,000,000 tested=3,526 found=0 n=148476802222365640350327 elapsed=2058s
progress: nodes=43,690,000,000 tested=3,526 found=0 n=434350972810360505898999 elapsed=2059s
progress: nodes=43,700,000,000 tested=3,526 found=0 n=773792508609883594500669 elapsed=2059s
progress: nodes=43,710,000,000 tested=3,526 found=0 n=198165655390271244208533 elapsed=2060s
progress: nodes=43,720,000,000 tested=3,526 found=0 n=604660569554987484171633 elapsed=2060s
progress: nodes=43,730,000,000 tested=3,526 found=0 n=120094434232169013609993 elapsed=2060s
progress: nodes=43,740,000,000 tested=3,526 found=0 n=603309932439908053889529 elapsed=2061s
progress: nodes=43,750,000,000 tested=3,526 found=0 n=199215378645177785577687 elapsed=2061s
progress: nodes=43,760,000,000 tested=3,526 found=0 n=778719832371964009758231 elapsed=2062s
progress: nodes=43,770,000,000 tested=3,526 found=0 n=446947123854641097454767 elapsed=2062s
progress: nodes=43,780,000,000 tested=3,526 found=0 n=173349445146888889825947 elapsed=2063s
progress: nodes=43,790,000,000 tested=3,526 found=0 n=888142510147129705805337 elapsed=2063s
progress: nodes=43,800,000,000 tested=3,526 found=0 n=688106479809946576552173 elapsed=2064s
progress: nodes=43,810,000,000 tested=3,526 found=0 n=532824015802381110736929 elapsed=2064s
progress: nodes=43,820,000,000 tested=3,526 found=0 n=420663413475987312511881 elapsed=2065s
progress: nodes=43,830,000,000 tested=3,526 found=0 n=352014992062278708710547 elapsed=2065s
progress: nodes=43,840,000,000 tested=3,526 found=0 n=330637887056436497679141 elapsed=2065s
progress: nodes=43,850,000,000 tested=3,526 found=0 n=345661081607545468693929 elapsed=2066s
progress: nodes=43,860,000,000 tested=3,526 found=0 n=404309146907441093341023 elapsed=2066s
progress: nodes=43,870,000,000 tested=3,526 found=0 n=501548565107165434101243 elapsed=2067s
progress: nodes=43,880,000,000 tested=3,526 found=0 n=648861522302499492996009 elapsed=2067s
progress: nodes=43,890,000,000 tested=3,526 found=0 n=843666979000418182092483 elapsed=2068s
progress: nodes=43,900,000,000 tested=3,526 found=0 n=134163048233745782738487 elapsed=2068s
progress: nodes=43,910,000,000 tested=3,526 found=0 n=400629701424528847702431 elapsed=2069s
progress: nodes=43,920,000,000 tested=3,526 found=0 n=727908240199339645358913 elapsed=2069s
progress: nodes=43,930,000,000 tested=3,526 found=0 n=156216512014823074842027 elapsed=2070s
progress: nodes=43,940,000,000 tested=3,526 found=0 n=558516380697139508254611 elapsed=2070s
progress: nodes=43,950,000,000 tested=3,526 found=0 n=85847098708502708646069 elapsed=2070s
progress: nodes=43,960,000,000 tested=3,526 found=0 n=565848864656066698169463 elapsed=2071s
progress: nodes=43,970,000,000 tested=3,526 found=0 n=163100249909467346452977 elapsed=2071s
progress: nodes=43,980,000,000 tested=3,526 found=0 n=732862076273748693775503 elapsed=2072s
progress: nodes=43,990,000,000 tested=3,526 found=0 n=400197918627013019001489 elapsed=2072s
progress: nodes=44,000,000,000 tested=3,526 found=0 n=131617157557463175580983 elapsed=2073s
progress: nodes=44,010,000,000 tested=3,526 found=0 n=842808194816372484256557 elapsed=2073s
progress: nodes=44,020,000,000 tested=3,526 found=0 n=647266859886142206017307 elapsed=2074s
progress: nodes=44,030,000,000 tested=3,526 found=0 n=496168685859933777217527 elapsed=2074s
progress: nodes=44,040,000,000 tested=3,526 found=0 n=384391966274136585846081 elapsed=2075s
progress: nodes=44,050,000,000 tested=3,526 found=0 n=318304572955826154949251 elapsed=2075s
progress: nodes=44,060,000,000 tested=3,526 found=0 n=292594022588168867182617 elapsed=2075s
progress: nodes=44,070,000,000 tested=3,526 found=0 n=304055163221225468973921 elapsed=2076s
progress: nodes=44,080,000,000 tested=3,526 found=0 n=356493188450456163665559 elapsed=2076s
progress: nodes=44,090,000,000 tested=3,526 found=0 n=447910122173590842172407 elapsed=2077s
progress: nodes=44,100,000,000 tested=3,526 found=0 n=589804283174099206694481 elapsed=2077s
progress: nodes=44,110,000,000 tested=3,526 found=0 n=777528118056857910579837 elapsed=2078s
progress: nodes=44,120,000,000 tested=3,526 found=0 n=73606183606188921887199 elapsed=2078s
progress: nodes=44,130,000,000 tested=3,526 found=0 n=322876975179100347934929 elapsed=2079s
progress: nodes=44,140,000,000 tested=3,526 found=0 n=633403212602741603079057 elapsed=2079s
progress: nodes=44,150,000,000 tested=3,526 found=0 n=73098209162206903844169 elapsed=2080s
progress: nodes=44,160,000,000 tested=3,526 found=0 n=463442327147169646373097 elapsed=2080s
progress: nodes=44,170,000,000 tested=3,526 found=0 n=928708978309086758672889 elapsed=2080s
progress: nodes=44,180,000,000 tested=3,526 found=0 n=470912058076563513240831 elapsed=2081s
progress: nodes=44,190,000,000 tested=3,526 found=0 n=85740423044942978214903 elapsed=2081s
progress: nodes=44,200,000,000 tested=3,526 found=0 n=657043997060630329048899 elapsed=2082s
progress: nodes=44,210,000,000 tested=3,526 found=0 n=346779624101038294657491 elapsed=2082s
progress: nodes=44,220,000,000 tested=3,526 found=0 n=97517471083857416240649 elapsed=2083s
progress: nodes=44,230,000,000 tested=3,526 found=0 n=812060101747364416055109 elapsed=2083s
progress: nodes=44,240,000,000 tested=3,526 found=0 n=639059234301756144703827 elapsed=2084s
progress: nodes=44,250,000,000 tested=3,526 found=0 n=510810880311297387644823 elapsed=2084s
progress: nodes=44,260,000,000 tested=3,526 found=0 n=429076771609310495822151 elapsed=2085s
progress: nodes=44,270,000,000 tested=3,526 found=0 n=392357907459824309542539 elapsed=2085s
progress: nodes=44,280,000,000 tested=3,526 found=0 n=399562925527919628421947 elapsed=2085s
progress: nodes=44,290,000,000 tested=3,526 found=0 n=447974522282381016315393 elapsed=2086s
progress: nodes=44,300,000,000 tested=3,526 found=0 n=537783991498774347029703 elapsed=2086s
progress: nodes=44,310,000,000 tested=3,526 found=0 n=675084932912399175659493 elapsed=2087s
progress: nodes=44,320,000,000 tested=3,526 found=0 n=868014590306617593590751 elapsed=2087s
progress: nodes=44,330,000,000 tested=3,526 found=0 n=160991561986691195252493 elapsed=2088s
progress: nodes=44,340,000,000 tested=3,526 found=0 n=429472298890525883079087 elapsed=2088s
progress: nodes=44,350,000,000 tested=3,526 found=0 n=757915714011784429410309 elapsed=2089s
progress: nodes=44,360,000,000 tested=3,526 found=0 n=189564959182631508553077 elapsed=2089s
progress: nodes=44,370,000,000 tested=3,526 found=0 n=594744116196710042912349 elapsed=2090s
progress: nodes=44,380,000,000 tested=3,526 found=0 n=124087582877700152259549 elapsed=2090s
progress: nodes=44,390,000,000 tested=3,526 found=0 n=609131436565608058679577 elapsed=2091s
progress: nodes=44,400,000,000 tested=3,526 found=0 n=216801021347785723309461 elapsed=2091s
progress: nodes=44,410,000,000 tested=3,526 found=0 n=799837268413545856052559 elapsed=2092s
progress: nodes=44,420,000,000 tested=3,526 found=0 n=484147672404126042050739 elapsed=2092s
progress: nodes=44,430,000,000 tested=3,526 found=0 n=221993440354446864224121 elapsed=2092s
progress: nodes=44,440,000,000 tested=3,526 found=0 n=939078961465745860020261 elapsed=2093s
progress: nodes=44,450,000,000 tested=3,526 found=0 n=750764456406882938243223 elapsed=2093s
progress: nodes=44,460,000,000 tested=3,526 found=0 n=616441441910818213456767 elapsed=2094s
progress: nodes=44,470,000,000 tested=3,526 found=0 n=532330286180249631265191 elapsed=2094s
progress: nodes=44,480,000,000 tested=3,526 found=0 n=493742335637300133537153 elapsed=2095s
progress: nodes=44,490,000,000 tested=3,526 found=0 n=501577344943892487927657 elapsed=2095s
progress: nodes=44,500,000,000 tested=3,526 found=0 n=556520895850714491499803 elapsed=2096s
progress: nodes=44,510,000,000 tested=3,526 found=0 n=661737560158751197360239 elapsed=2096s
progress: nodes=44,520,000,000 tested=3,526 found=0 n=819777684342212472950073 elapsed=2097s
progress: nodes=44,530,000,000 tested=3,526 found=0 n=114267096176648579807643 elapsed=2097s
progress: nodes=44,540,000,000 tested=3,526 found=0 n=558049690624408461009531 elapsed=2098s
progress: nodes=44,550,000,000 tested=3,526 found=0 n=365580130434601551235767 elapsed=2098s
progress: nodes=44,560,000,000 tested=3,526 found=0 n=446491673188156687390299 elapsed=2099s
progress: nodes=44,570,000,000 tested=3,526 found=0 n=844345597645138144753197 elapsed=2099s
progress: nodes=44,580,000,000 tested=3,526 found=0 n=607938164512782788111427 elapsed=2100s
progress: nodes=44,590,000,000 tested=3,526 found=0 n=728756996226237401704281 elapsed=2100s
progress: nodes=44,600,000,000 tested=3,526 found=0 n=283553053494202384793901 elapsed=2101s
progress: nodes=44,610,000,000 tested=3,526 found=0 n=136288978549752130799697 elapsed=2101s
progress: nodes=44,620,000,000 tested=3,526 found=0 n=246078212887423294451073 elapsed=2102s
progress: nodes=44,630,000,000 tested=3,526 found=0 n=673587301417479192212469 elapsed=2102s
progress: nodes=44,640,000,000 tested=3,526 found=0 n=580861136121536602413081 elapsed=2103s
progress: nodes=44,650,000,000 tested=3,526 found=0 n=807528749859983346125931 elapsed=2103s
progress: nodes=44,660,000,000 tested=3,526 found=0 n=475557723129867499600479 elapsed=2104s
progress: nodes=44,670,000,000 tested=3,526 found=0 n=453397646900131208101827 elapsed=2104s
progress: nodes=44,680,000,000 tested=3,526 found=0 n=745671294176067127559691 elapsed=2105s
progress: nodes=44,690,000,000 tested=3,526 found=0 n=515737573083222445022067 elapsed=2105s
progress: nodes=44,700,000,000 tested=3,526 found=0 n=589710577178758737741039 elapsed=2106s
progress: nodes=44,710,000,000 tested=3,526 found=0 n=171478672327698689790837 elapsed=2106s
progress: nodes=44,720,000,000 tested=3,526 found=0 n=102290806960887035870379 elapsed=2107s
progress: nodes=44,730,000,000 tested=3,526 found=0 n=320718393917253497698533 elapsed=2107s
progress: nodes=44,740,000,000 tested=3,526 found=0 n=84153084938024581139661 elapsed=2108s
progress: nodes=44,750,000,000 tested=3,526 found=0 n=153010444409575044160869 elapsed=2108s
progress: nodes=44,760,000,000 tested=3,526 found=0 n=514974535812650702631843 elapsed=2109s
progress: nodes=44,770,000,000 tested=3,526 found=0 n=433110240347681719311489 elapsed=2109s
progress: nodes=44,780,000,000 tested=3,526 found=0 n=679427623953429257934027 elapsed=2109s
progress: nodes=44,790,000,000 tested=3,526 found=0 n=468080889016754795554773 elapsed=2110s
progress: nodes=44,800,000,000 tested=3,526 found=0 n=558063002259426810679533 elapsed=2110s
progress: nodes=44,810,000,000 tested=3,526 found=0 n=216158785183294293371031 elapsed=2111s
progress: nodes=44,820,000,000 tested=3,526 found=0 n=167855570958266681661171 elapsed=2111s
progress: nodes=44,830,000,000 tested=3,526 found=0 n=416184427904221341267903 elapsed=2112s
progress: nodes=44,840,000,000 tested=3,526 found=0 n=298159232699706660429147 elapsed=2112s
progress: nodes=44,850,000,000 tested=3,526 found=0 n=513504594763307037251361 elapsed=2113s
progress: nodes=44,860,000,000 tested=3,526 found=0 n=331833412759890022698717 elapsed=2113s
progress: nodes=44,870,000,000 tested=3,526 found=0 n=449787297237391604528037 elapsed=2114s
progress: nodes=44,880,000,000 tested=3,526 found=0 n=182903320835823647005947 elapsed=2114s
progress: nodes=44,890,000,000 tested=3,526 found=0 n=209678736967256541463479 elapsed=2115s
progress: nodes=44,900,000,000 tested=3,526 found=0 n=563161942768124945035791 elapsed=2115s
progress: nodes=44,910,000,000 tested=3,526 found=0 n=534487368374468925294879 elapsed=2116s
progress: nodes=44,920,000,000 tested=3,526 found=0 n=145068042247990744155273 elapsed=2116s
progress: nodes=44,930,000,000 tested=3,526 found=0 n=83305605103262535382389 elapsed=2117s
progress: nodes=44,940,000,000 tested=3,526 found=0 n=331631486195831946016893 elapsed=2117s
progress: nodes=44,950,000,000 tested=3,526 found=0 n=226422159470618920661853 elapsed=2118s
progress: nodes=44,960,000,000 tested=3,526 found=0 n=411751119311072817729453 elapsed=2118s
progress: nodes=44,970,000,000 tested=3,526 found=0 n=268951448250310162305969 elapsed=2119s
progress: nodes=44,980,000,000 tested=3,526 found=0 n=433606428216632606172237 elapsed=2119s
progress: nodes=44,990,000,000 tested=3,526 found=0 n=270215761412491643810061 elapsed=2120s
progress: nodes=45,000,000,000 tested=3,526 found=0 n=416613634415637146645157 elapsed=2120s
progress: nodes=45,010,000,000 tested=3,526 found=0 n=251267217557894310303531 elapsed=2121s
progress: nodes=45,020,000,000 tested=3,526 found=0 n=399618569885483491213671 elapsed=2121s
progress: nodes=45,030,000,000 tested=3,526 found=0 n=224696866937780695461003 elapsed=2122s
progress: nodes=45,040,000,000 tested=3,526 found=0 n=349733110801171765701033 elapsed=2122s
progress: nodes=45,050,000,000 tested=3,526 found=0 n=177088287203947443254931 elapsed=2123s
progress: nodes=45,060,000,000 tested=3,526 found=0 n=315954819354468964729059 elapsed=2123s
progress: nodes=45,070,000,000 tested=3,526 found=0 n=146308132424074019980581 elapsed=2124s
progress: nodes=45,080,000,000 tested=3,526 found=0 n=267356252071070664743241 elapsed=2124s
progress: nodes=45,090,000,000 tested=3,526 found=0 n=128043470672437138297479 elapsed=2125s
progress: nodes=45,100,000,000 tested=3,526 found=0 n=337357159748953449216111 elapsed=2125s
progress: nodes=45,110,000,000 tested=3,526 found=0 n=301899363274379975621517 elapsed=2126s
progress: nodes=45,120,000,000 tested=3,526 found=0 n=572443776521101400216301 elapsed=2126s
progress: nodes=45,130,000,000 tested=3,526 found=0 n=558214451565013166310387 elapsed=2127s
progress: nodes=45,140,000,000 tested=3,526 found=0 n=286238751151740023555919 elapsed=2127s
progress: nodes=45,150,000,000 tested=3,526 found=0 n=397931697887006777230737 elapsed=2128s
progress: nodes=45,160,000,000 tested=3,526 found=0 n=294677727630328647315711 elapsed=2128s
progress: nodes=45,170,000,000 tested=3,526 found=0 n=493614546287494931131833 elapsed=2128s
progress: nodes=45,180,000,000 tested=3,526 found=0 n=468527184842061086618877 elapsed=2129s
progress: nodes=45,190,000,000 tested=3,526 found=0 n=199568958306442878732579 elapsed=2129s
progress: nodes=45,200,000,000 tested=3,526 found=0 n=252330167048408397505557 elapsed=2130s
progress: nodes=45,210,000,000 tested=3,526 found=0 n=618059531939225168291499 elapsed=2130s
progress: nodes=45,220,000,000 tested=3,526 found=0 n=213675742600674827702229 elapsed=2131s
progress: nodes=45,230,000,000 tested=3,526 found=0 n=129748443983034830724771 elapsed=2131s
progress: nodes=45,240,000,000 tested=3,526 found=0 n=348139962800131253891139 elapsed=2132s
progress: nodes=45,250,000,000 tested=3,526 found=0 n=378821542846002702408963 elapsed=2132s
progress: nodes=45,260,000,000 tested=3,526 found=0 n=267050093219916464056599 elapsed=2133s
progress: nodes=45,270,000,000 tested=3,526 found=0 n=504722512758757797891387 elapsed=2133s
progress: nodes=45,280,000,000 tested=3,526 found=0 n=568643596023180054988611 elapsed=2134s
progress: nodes=45,290,000,000 tested=3,526 found=0 n=450643508830952665421193 elapsed=2134s
progress: nodes=45,300,000,000 tested=3,526 found=0 n=153137132793232179148557 elapsed=2135s
progress: nodes=45,310,000,000 tested=3,526 found=0 n=192562213841425310501619 elapsed=2135s
progress: nodes=45,320,000,000 tested=3,526 found=0 n=525285794922791755221369 elapsed=2136s
progress: nodes=45,330,000,000 tested=3,526 found=0 n=174248139172604643415269 elapsed=2136s
progress: nodes=45,340,000,000 tested=3,526 found=0 n=154057095182856345561081 elapsed=2137s
progress: nodes=45,350,000,000 tested=3,526 found=0 n=467472152318428121285421 elapsed=2137s
progress: nodes=45,360,000,000 tested=3,526 found=0 n=157024778623978191419493 elapsed=2138s
progress: nodes=45,370,000,000 tested=3,526 found=0 n=167404311569919459268233 elapsed=2138s
progress: nodes=45,380,000,000 tested=3,526 found=0 n=520979330610665129149947 elapsed=2139s
progress: nodes=45,390,000,000 tested=3,526 found=0 n=257594501499968934938637 elapsed=2139s
progress: nodes=45,400,000,000 tested=3,526 found=0 n=341813298200194812498507 elapsed=2140s
progress: nodes=45,410,000,000 tested=3,526 found=0 n=280218231289844797977027 elapsed=2140s
progress: nodes=45,420,000,000 tested=3,526 found=0 n=543876965501347238810049 elapsed=2141s
progress: nodes=45,430,000,000 tested=3,526 found=0 n=210838598363624971232493 elapsed=2141s
progress: nodes=45,440,000,000 tested=3,526 found=0 n=216952375793834951238969 elapsed=2142s
progress: nodes=45,450,000,000 tested=3,526 found=0 n=143570530444763378895939 elapsed=2142s
progress: nodes=45,460,000,000 tested=3,526 found=0 n=412222376643816995727471 elapsed=2143s
progress: nodes=45,470,000,000 tested=3,526 found=0 n=109775895168087023574699 elapsed=2143s
progress: nodes=45,480,000,000 tested=3,526 found=0 n=122988887138314953008253 elapsed=2144s
progress: nodes=45,490,000,000 tested=3,526 found=0 n=462013202487607731061101 elapsed=2144s
progress: nodes=45,500,000,000 tested=3,526 found=0 n=228793173307694224570341 elapsed=2145s
progress: nodes=45,510,000,000 tested=3,526 found=0 n=323350067791225768049757 elapsed=2145s
progress: nodes=45,520,000,000 tested=3,526 found=0 n=329412184284264933554703 elapsed=2146s
progress: nodes=45,530,000,000 tested=3,526 found=0 n=277823877162986495191851 elapsed=2146s
progress: nodes=45,540,000,000 tested=3,526 found=0 n=163167120170015772367557 elapsed=2147s
progress: nodes=45,550,000,000 tested=3,526 found=0 n=371090357531997790940253 elapsed=2147s
progress: nodes=45,560,000,000 tested=3,526 found=0 n=496126913413234573022553 elapsed=2148s
progress: nodes=45,570,000,000 tested=3,526 found=0 n=153912538348709714931357 elapsed=2148s
progress: nodes=45,580,000,000 tested=3,526 found=0 n=189188748570678072717501 elapsed=2149s
progress: nodes=45,590,000,000 tested=3,526 found=0 n=178245942221922632290233 elapsed=2149s
progress: nodes=45,600,000,000 tested=3,526 found=0 n=127732252073529950423577 elapsed=2150s
progress: nodes=45,610,000,000 tested=3,526 found=0 n=434205446098262808190221 elapsed=2150s
progress: nodes=45,620,000,000 tested=3,526 found=0 n=308188779451769983475709 elapsed=2150s
progress: nodes=45,630,000,000 tested=3,526 found=0 n=137552176398738618614097 elapsed=2151s
progress: nodes=45,640,000,000 tested=3,526 found=0 n=321411140615629538575101 elapsed=2151s
progress: nodes=45,650,000,000 tested=3,526 found=0 n=459534106005480454287339 elapsed=2152s
progress: nodes=45,660,000,000 tested=3,526 found=0 n=161515111191320553740073 elapsed=2152s
progress: nodes=45,670,000,000 tested=3,526 found=0 n=256602806185303997299881 elapsed=2153s
progress: nodes=45,680,000,000 tested=3,526 found=0 n=320895682994018034311409 elapsed=2153s
progress: nodes=45,690,000,000 tested=3,526 found=0 n=356832209902226840873091 elapsed=2154s
progress: nodes=45,700,000,000 tested=3,526 found=0 n=398241395880137168402043 elapsed=2154s
progress: nodes=45,710,000,000 tested=3,526 found=0 n=406567647060672811606893 elapsed=2155s
progress: nodes=45,720,000,000 tested=3,526 found=0 n=396951033485301259601637 elapsed=2155s
progress: nodes=45,730,000,000 tested=3,526 found=0 n=398759137128374689756089 elapsed=2156s
progress: nodes=45,740,000,000 tested=3,526 found=0 n=404930029288330016902431 elapsed=2156s
progress: nodes=45,750,000,000 tested=3,526 found=0 n=396806452547845348971963 elapsed=2157s
progress: nodes=45,760,000,000 tested=3,526 found=0 n=397986627991510995129693 elapsed=2157s
progress: nodes=45,770,000,000 tested=3,526 found=0 n=444243578838530829779421 elapsed=2158s
progress: nodes=45,780,000,000 tested=3,526 found=0 n=147926892287840578785873 elapsed=2158s
progress: nodes=45,790,000,000 tested=3,526 found=0 n=236756766789139277523843 elapsed=2159s
progress: nodes=45,800,000,000 tested=3,526 found=0 n=344507789357513144686323 elapsed=2159s
progress: nodes=45,810,000,000 tested=3,526 found=0 n=462382489061913765468123 elapsed=2160s
progress: nodes=45,820,000,000 tested=3,526 found=0 n=239665215838594951616211 elapsed=2160s
progress: nodes=45,830,000,000 tested=3,526 found=0 n=397568418314423447094003 elapsed=2161s
progress: nodes=45,840,000,000 tested=3,526 found=0 n=256743421439427607227543 elapsed=2161s
progress: nodes=45,850,000,000 tested=3,526 found=0 n=197623809956515607143479 elapsed=2162s
progress: nodes=45,860,000,000 tested=3,526 found=0 n=208593335735679855109149 elapsed=2162s
progress: nodes=45,870,000,000 tested=3,526 found=0 n=269832252280626083185137 elapsed=2163s
progress: nodes=45,880,000,000 tested=3,526 found=0 n=374106516861816160959537 elapsed=2163s
progress: nodes=45,890,000,000 tested=3,526 found=0 n=180548132869226814793101 elapsed=2164s
progress: nodes=45,900,000,000 tested=3,526 found=0 n=424889254387532119121937 elapsed=2164s
progress: nodes=45,910,000,000 tested=3,526 found=0 n=451710010727362198508697 elapsed=2165s
progress: nodes=45,920,000,000 tested=3,526 found=0 n=237251813736565793716551 elapsed=2165s
progress: nodes=45,930,000,000 tested=3,526 found=0 n=415130451620730398736183 elapsed=2166s
progress: nodes=45,940,000,000 tested=3,526 found=0 n=379715545115577482831019 elapsed=2166s
progress: nodes=45,950,000,000 tested=3,526 found=0 n=149983144148881611490923 elapsed=2167s
progress: nodes=45,960,000,000 tested=3,526 found=0 n=356156863054906848207273 elapsed=2167s
progress: nodes=45,970,000,000 tested=3,526 found=0 n=369226759071942263262771 elapsed=2168s
progress: nodes=45,980,000,000 tested=3,526 found=0 n=212372658253380309415731 elapsed=2168s
progress: nodes=45,990,000,000 tested=3,526 found=0 n=209854340497236743879571 elapsed=2169s
progress: nodes=46,000,000,000 tested=3,526 found=0 n=353333042497092775178061 elapsed=2169s
progress: nodes=46,010,000,000 tested=3,526 found=0 n=302838154970437438771419 elapsed=2170s
progress: nodes=46,020,000,000 tested=3,526 found=0 n=423829349747393800499289 elapsed=2170s
progress: nodes=46,030,000,000 tested=3,526 found=0 n=369211363491171841428789 elapsed=2171s
progress: nodes=46,040,000,000 tested=3,526 found=0 n=169349700243024390772683 elapsed=2171s
progress: nodes=46,050,000,000 tested=3,526 found=0 n=436319766140240023224183 elapsed=2172s
progress: nodes=46,060,000,000 tested=3,526 found=0 n=252682780616584284715749 elapsed=2172s
progress: nodes=46,070,000,000 tested=3,526 found=0 n=224441702693390168349363 elapsed=2173s
progress: nodes=46,080,000,000 tested=3,526 found=0 n=406759545869192083188621 elapsed=2173s
progress: nodes=46,090,000,000 tested=3,526 found=0 n=186036765070146808568751 elapsed=2174s
progress: nodes=46,100,000,000 tested=3,526 found=0 n=166011216589805841144891 elapsed=2174s
progress: nodes=46,110,000,000 tested=3,526 found=0 n=365931600860908953457587 elapsed=2175s
progress: nodes=46,120,000,000 tested=3,526 found=0 n=248146529166702436186917 elapsed=2175s
progress: nodes=46,130,000,000 tested=3,526 found=0 n=338714794026996367537557 elapsed=2176s
progress: nodes=46,140,000,000 tested=3,526 found=0 n=361218122310530407319397 elapsed=2176s
progress: nodes=46,150,000,000 tested=3,526 found=0 n=352035574983512190227457 elapsed=2177s
progress: nodes=46,160,000,000 tested=3,526 found=0 n=301202746554074815210761 elapsed=2177s
progress: nodes=46,170,000,000 tested=3,526 found=0 n=219323834484020321592537 elapsed=2178s
progress: nodes=46,180,000,000 tested=3,526 found=0 n=410187673165612230637749 elapsed=2178s
progress: nodes=46,190,000,000 tested=3,526 found=0 n=311529088037187581079519 elapsed=2179s
progress: nodes=46,200,000,000 tested=3,526 found=0 n=258987680705766991959981 elapsed=2179s
progress: nodes=46,210,000,000 tested=3,526 found=0 n=216025667536332474117297 elapsed=2180s
progress: nodes=46,220,000,000 tested=3,526 found=0 n=222735773074362229308627 elapsed=2180s
progress: nodes=46,230,000,000 tested=3,526 found=0 n=283267469807951677961913 elapsed=2181s
progress: nodes=46,240,000,000 tested=3,526 found=0 n=408966029018863107032241 elapsed=2181s
progress: nodes=46,250,000,000 tested=3,526 found=0 n=364769080998663884223681 elapsed=2182s
progress: nodes=46,260,000,000 tested=3,526 found=0 n=399170364447948023621691 elapsed=2182s
progress: nodes=46,270,000,000 tested=3,526 found=0 n=273553350614552486156679 elapsed=2183s
progress: nodes=46,280,000,000 tested=3,526 found=0 n=266415161859100313138079 elapsed=2183s
progress: nodes=46,290,000,000 tested=3,526 found=0 n=391475676333753843845013 elapsed=2184s
progress: nodes=46,300,000,000 tested=3,526 found=0 n=382306543395547461860169 elapsed=2184s
progress: nodes=46,310,000,000 tested=3,526 found=0 n=288833262501545591236407 elapsed=2185s
progress: nodes=46,320,000,000 tested=3,526 found=0 n=388079685197337846922209 elapsed=2185s
progress: nodes=46,330,000,000 tested=3,526 found=0 n=211132776634138558540341 elapsed=2186s
progress: nodes=46,340,000,000 tested=3,526 found=0 n=222995447742283662378933 elapsed=2186s
progress: nodes=46,350,000,000 tested=3,526 found=0 n=237792434196196693464651 elapsed=2187s
progress: nodes=46,360,000,000 tested=3,526 found=0 n=265866368687349350349429 elapsed=2187s
progress: nodes=46,370,000,000 tested=3,526 found=0 n=369476496658743240723957 elapsed=2188s
progress: nodes=46,380,000,000 tested=3,526 found=0 n=306967932969728916364479 elapsed=2188s
progress: nodes=46,390,000,000 tested=3,526 found=0 n=316548623402955298438083 elapsed=2189s
progress: nodes=46,400,000,000 tested=3,526 found=0 n=234337217644146334068351 elapsed=2189s
progress: nodes=46,410,000,000 tested=3,526 found=0 n=303205419690197881745889 elapsed=2190s
progress: nodes=46,420,000,000 tested=3,526 found=0 n=302258861214201894301299 elapsed=2190s
progress: nodes=46,430,000,000 tested=3,526 found=0 n=263302674074960739768549 elapsed=2191s
progress: nodes=46,440,000,000 tested=3,526 found=0 n=227453579993576500282719 elapsed=2191s
progress: nodes=46,450,000,000 tested=3,526 found=0 n=427809161232062590681701 elapsed=2192s
progress: nodes=46,460,000,000 tested=3,526 found=0 n=240456963359335607127243 elapsed=2192s
progress: nodes=46,470,000,000 tested=3,526 found=0 n=339155127853790958408699 elapsed=2193s
progress: nodes=46,480,000,000 tested=3,526 found=0 n=367406998422140192827311 elapsed=2193s
progress: nodes=46,490,000,000 tested=3,526 found=0 n=372242792304605122563663 elapsed=2194s
progress: nodes=46,500,000,000 tested=3,526 found=0 n=346991300658561357457659 elapsed=2194s
progress: nodes=46,510,000,000 tested=3,526 found=0 n=410148712426395694815063 elapsed=2195s
progress: nodes=46,520,000,000 tested=3,526 found=0 n=348401462451636068886411 elapsed=2196s
progress: nodes=46,530,000,000 tested=3,526 found=0 n=248259477574181203759629 elapsed=2196s
progress: nodes=46,540,000,000 tested=3,526 found=0 n=348523388470316288280051 elapsed=2197s
progress: nodes=46,550,000,000 tested=3,526 found=0 n=322915593234841558908957 elapsed=2197s
progress: nodes=46,560,000,000 tested=3,526 found=0 n=403199488278489087286101 elapsed=2198s
progress: nodes=46,570,000,000 tested=3,526 found=0 n=286172621100100983325077 elapsed=2198s
progress: nodes=46,580,000,000 tested=3,526 found=0 n=381162683099701804900599 elapsed=2199s
progress: nodes=46,590,000,000 tested=3,526 found=0 n=288984699335613209731803 elapsed=2199s
progress: nodes=46,600,000,000 tested=3,526 found=0 n=275741746467855725788731 elapsed=2200s
progress: nodes=46,610,000,000 tested=3,526 found=0 n=427572447317063635728141 elapsed=2200s
progress: nodes=46,620,000,000 tested=3,526 found=0 n=313850056256366308930251 elapsed=2201s
progress: nodes=46,630,000,000 tested=3,526 found=0 n=302647610099903361850557 elapsed=2201s
progress: nodes=46,640,000,000 tested=3,526 found=0 n=439907223707640620362431 elapsed=2202s
progress: nodes=46,650,000,000 tested=3,526 found=0 n=423607884568908815116341 elapsed=2202s
progress: nodes=46,660,000,000 tested=3,526 found=0 n=419404342736922664648527 elapsed=2203s
progress: nodes=46,670,000,000 tested=3,526 found=0 n=425953041454859548006377 elapsed=2203s
progress: nodes=46,680,000,000 tested=3,526 found=0 n=337563658643847085823373 elapsed=2204s
progress: nodes=46,690,000,000 tested=3,526 found=0 n=368682656529933584707869 elapsed=2204s
progress: nodes=46,700,000,000 tested=3,526 found=0 n=340307865272011933449153 elapsed=2205s
progress: nodes=46,710,000,000 tested=3,526 found=0 n=342416430123899399661393 elapsed=2205s
progress: nodes=46,720,000,000 tested=3,526 found=0 n=354769047033523720741143 elapsed=2206s
progress: nodes=46,730,000,000 tested=3,526 found=0 n=390470648193441679852989 elapsed=2206s
progress: nodes=46,740,000,000 tested=3,526 found=0 n=350923275942163611876189 elapsed=2207s
progress: nodes=46,750,000,000 tested=3,526 found=0 n=442138197266414790612471 elapsed=2207s
progress: nodes=46,760,000,000 tested=3,526 found=0 n=434272265979176235790179 elapsed=2208s
progress: nodes=46,770,000,000 tested=3,526 found=0 n=399319755444508289670279 elapsed=2208s
progress: nodes=46,780,000,000 tested=3,526 found=0 n=462365007315047157149829 elapsed=2209s
progress: nodes=46,790,000,000 tested=3,526 found=0 n=443191727893577393918187 elapsed=2209s
progress: nodes=46,800,000,000 tested=3,526 found=0 n=433442769386153508310329 elapsed=2210s
progress: nodes=46,810,000,000 tested=3,526 found=0 n=462519182293162299526221 elapsed=2210s
progress: nodes=46,820,000,000 tested=3,526 found=0 n=472199399870372619421977 elapsed=2211s
progress: nodes=46,830,000,000 tested=3,526 found=0 n=75758872396429612288899 elapsed=2211s
progress: nodes=46,840,000,000 tested=3,526 found=0 n=922064924526360938125803 elapsed=2212s
progress: nodes=46,850,000,000 tested=3,526 found=0 n=857916857720887345730349 elapsed=2212s
progress: nodes=46,860,000,000 tested=3,526 found=0 n=836766918995236340674563 elapsed=2213s
progress: nodes=46,870,000,000 tested=3,526 found=0 n=857861701879952803820787 elapsed=2213s
progress: nodes=46,880,000,000 tested=3,526 found=0 n=919786590195463412693271 elapsed=2214s
progress: nodes=46,890,000,000 tested=3,526 found=0 n=67754772654546154946769 elapsed=2214s
progress: nodes=46,900,000,000 tested=3,526 found=0 n=191051827438418551896291 elapsed=2214s
progress: nodes=46,910,000,000 tested=3,526 found=0 n=363712365534573260364159 elapsed=2215s
progress: nodes=46,920,000,000 tested=3,526 found=0 n=581569942222997636811903 elapsed=2215s
progress: nodes=46,930,000,000 tested=3,526 found=0 n=846241067330761686991407 elapsed=2216s
progress: nodes=46,940,000,000 tested=3,526 found=0 n=186911194195965356320203 elapsed=2216s
progress: nodes=46,950,000,000 tested=3,526 found=0 n=509605833846190541132673 elapsed=2217s
progress: nodes=46,960,000,000 tested=3,526 found=0 n=887179133954071293574239 elapsed=2217s
progress: nodes=46,970,000,000 tested=3,526 found=0 n=330670233828940666828167 elapsed=2218s
progress: nodes=46,980,000,000 tested=3,526 found=0 n=773565389446900084603569 elapsed=2218s
progress: nodes=46,990,000,000 tested=3,526 found=0 n=297203475252889195671681 elapsed=2218s
progress: nodes=47,000,000,000 tested=3,526 found=0 n=822907197699623496022563 elapsed=2219s
progress: nodes=47,010,000,000 tested=3,526 found=0 n=422044518834796574595879 elapsed=2219s
progress: nodes=47,020,000,000 tested=3,526 found=0 n=92520012754225530002529 elapsed=2220s
progress: nodes=47,030,000,000 tested=3,526 found=0 n=727529486225962736156841 elapsed=2220s
progress: nodes=47,040,000,000 tested=3,526 found=0 n=456718381099908397587117 elapsed=2221s
progress: nodes=47,050,000,000 tested=3,526 found=0 n=230004820204452874830249 elapsed=2221s
progress: nodes=47,060,000,000 tested=3,526 found=0 n=993327443385572802323817 elapsed=2221s
progress: nodes=47,070,000,000 tested=3,526 found=0 n=831531115911213079172811 elapsed=2222s
progress: nodes=47,080,000,000 tested=3,526 found=0 n=709645949410344379329897 elapsed=2222s
progress: nodes=47,090,000,000 tested=3,526 found=0 n=637372314837339042042081 elapsed=2223s
progress: nodes=47,100,000,000 tested=3,526 found=0 n=607426755103169015135121 elapsed=2223s
progress: nodes=47,110,000,000 tested=3,526 found=0 n=620792167273602993942273 elapsed=2224s
progress: nodes=47,120,000,000 tested=3,526 found=0 n=674055480409621094557773 elapsed=2224s
progress: nodes=47,130,000,000 tested=3,526 found=0 n=779410269385965255319281 elapsed=2225s
progress: nodes=47,140,000,000 tested=3,526 found=0 n=934534852912396587482631 elapsed=2225s
progress: nodes=47,150,000,000 tested=3,526 found=0 n=172011044766020258429631 elapsed=2225s
progress: nodes=47,160,000,000 tested=3,526 found=0 n=392493334251140318799603 elapsed=2226s
progress: nodes=47,170,000,000 tested=3,526 found=0 n=655944237072420147020169 elapsed=2226s
progress: nodes=47,180,000,000 tested=3,526 found=0 n=970513755359126671814121 elapsed=2227s
progress: nodes=47,190,000,000 tested=3,526 found=0 n=350100984755635962695847 elapsed=2227s
progress: nodes=47,200,000,000 tested=3,526 found=0 n=735411132033760994704893 elapsed=2228s
progress: nodes=47,210,000,000 tested=3,526 found=0 n=207795061502826981570387 elapsed=2228s
progress: nodes=47,220,000,000 tested=3,526 found=0 n=664201344286945850712327 elapsed=2228s
progress: nodes=47,230,000,000 tested=3,526 found=0 n=220272989234372410084749 elapsed=2229s
progress: nodes=47,240,000,000 tested=3,526 found=0 n=764892082668397828421277 elapsed=2229s
progress: nodes=47,250,000,000 tested=3,526 found=0 n=400556825500063120377489 elapsed=2230s
progress: nodes=47,260,000,000 tested=3,526 found=0 n=96555891015104929240833 elapsed=2230s
progress: nodes=47,270,000,000 tested=3,526 found=0 n=758361402915008126497263 elapsed=2231s
progress: nodes=47,280,000,000 tested=3,526 found=0 n=524326080656368981359369 elapsed=2231s
progress: nodes=47,290,000,000 tested=3,526 found=0 n=342595239056031134053881 elapsed=2232s
progress: nodes=47,300,000,000 tested=3,526 found=0 n=201461301828982127181249 elapsed=2232s
progress: nodes=47,310,000,000 tested=3,526 found=0 n=106805566343167176826341 elapsed=2232s
progress: nodes=47,320,000,000 tested=3,526 found=0 n=990882811903135539395007 elapsed=2233s
progress: nodes=47,330,000,000 tested=3,526 found=0 n=974989013469016871328003 elapsed=2233s
progress: nodes=47,340,000,000 tested=3,526 found=0 n=999343021885073943238161 elapsed=2234s
progress: nodes=47,350,000,000 tested=3,526 found=0 n=119172219873518359809261 elapsed=2234s
progress: nodes=47,360,000,000 tested=3,526 found=0 n=218129871987875881700667 elapsed=2235s
progress: nodes=47,370,000,000 tested=3,526 found=0 n=364613839903257866204283 elapsed=2235s
progress: nodes=47,380,000,000 tested=3,526 found=0 n=561175241868504303359319 elapsed=2236s
progress: nodes=47,390,000,000 tested=3,526 found=0 n=808514318096831698375023 elapsed=2236s
progress: nodes=47,400,000,000 tested=3,526 found=0 n=151666920418364910229671 elapsed=2237s
progress: nodes=47,410,000,000 tested=3,526 found=0 n=471443955953532406373529 elapsed=2237s
progress: nodes=47,420,000,000 tested=3,526 found=0 n=856238977276030513802637 elapsed=2237s
progress: nodes=47,430,000,000 tested=3,526 found=0 n=323458170046767148406013 elapsed=2238s
progress: nodes=47,440,000,000 tested=3,526 found=0 n=791687146817728064000097 elapsed=2238s
progress: nodes=47,450,000,000 tested=3,526 found=0 n=347826438483814629065727 elapsed=2239s
progress: nodes=47,460,000,000 tested=3,526 found=0 n=899412965279159453309187 elapsed=2239s
progress: nodes=47,470,000,000 tested=3,526 found=0 n=528019086261973812745239 elapsed=2240s
progress: nodes=47,480,000,000 tested=3,526 found=0 n=214476531867817281769707 elapsed=2240s
progress: nodes=47,490,000,000 tested=3,526 found=0 n=888759198153793848452571 elapsed=2241s
progress: nodes=47,500,000,000 tested=3,526 found=0 n=659474674480826771505939 elapsed=2241s
progress: nodes=47,510,000,000 tested=3,526 found=0 n=479418809745206239837929 elapsed=2242s
progress: nodes=47,520,000,000 tested=3,526 found=0 n=340602708871990842626349 elapsed=2242s
progress: nodes=47,530,000,000 tested=3,526 found=0 n=241891507864675163908413 elapsed=2242s
progress: nodes=47,540,000,000 tested=3,526 found=0 n=186337645467978927855933 elapsed=2243s
progress: nodes=47,550,000,000 tested=3,526 found=0 n=170605576120286597633343 elapsed=2243s
progress: nodes=47,560,000,000 tested=3,526 found=0 n=192209170514820996149613 elapsed=2244s
progress: nodes=47,570,000,000 tested=3,526 found=0 n=251101756279917084408867 elapsed=2244s
progress: nodes=47,580,000,000 tested=3,526 found=0 n=350689332317539513110813 elapsed=2245s
progress: nodes=47,590,000,000 tested=3,526 found=0 n=498835008021782488377321 elapsed=2245s
progress: nodes=47,600,000,000 tested=3,526 found=0 n=694348155232610620873131 elapsed=2246s
progress: nodes=47,610,000,000 tested=3,526 found=0 n=937651114610549777064627 elapsed=2246s
progress: nodes=47,620,000,000 tested=3,526 found=0 n=263778215309051956802289 elapsed=2247s
progress: nodes=47,630,000,000 tested=3,526 found=0 n=578808147053472814134657 elapsed=2247s
progress: nodes=47,640,000,000 tested=3,526 found=0 n=961646089800973852308033 elapsed=2248s
progress: nodes=47,650,000,000 tested=3,526 found=0 n=425653751716766066723229 elapsed=2248s
progress: nodes=47,660,000,000 tested=3,526 found=0 n=898997990371455779321517 elapsed=2249s
progress: nodes=47,670,000,000 tested=3,526 found=0 n=452315188433419955272629 elapsed=2249s
progress: nodes=47,680,000,000 tested=3,526 found=0 n=76712609743437886208991 elapsed=2249s
progress: nodes=47,690,000,000 tested=3,526 found=0 n=654976674154059798277737 elapsed=2250s
progress: nodes=47,700,000,000 tested=3,526 found=0 n=354932155995289491866247 elapsed=2250s
progress: nodes=47,710,000,000 tested=3,526 found=0 n=112268804212059126691059 elapsed=2251s
progress: nodes=47,720,000,000 tested=3,526 found=0 n=837605042881641252811593 elapsed=2251s
progress: nodes=47,730,000,000 tested=3,526 found=0 n=672946589765954327116293 elapsed=2252s
progress: nodes=47,740,000,000 tested=3,526 found=0 n=555914885773478958746019 elapsed=2252s
progress: nodes=47,750,000,000 tested=3,526 found=0 n=483394575961760819513157 elapsed=2253s
progress: nodes=47,760,000,000 tested=3,526 found=0 n=456324293934260853322221 elapsed=2253s
progress: nodes=47,770,000,000 tested=3,526 found=0 n=569717665027512450586137 elapsed=2254s
progress: nodes=47,780,000,000 tested=3,526 found=0 n=983608508701330605510417 elapsed=2254s
progress: nodes=47,790,000,000 tested=3,526 found=0 n=729339899339069223968763 elapsed=2255s
progress: nodes=47,800,000,000 tested=3,526 found=0 n=806491347687525514653639 elapsed=2255s
progress: nodes=47,810,000,000 tested=3,526 found=0 n=323474749905249907343379 elapsed=2256s
progress: nodes=47,820,000,000 tested=3,526 found=0 n=174932901362335642254729 elapsed=2256s
progress: nodes=47,830,000,000 tested=3,526 found=0 n=336739622903015990691033 elapsed=2257s
progress: nodes=47,840,000,000 tested=3,526 found=0 n=816321131373958193760777 elapsed=2257s
progress: nodes=47,850,000,000 tested=3,526 found=0 n=700625523971836638272097 elapsed=2257s
progress: nodes=47,860,000,000 tested=3,526 found=0 n=905693191806801283434549 elapsed=2258s
progress: nodes=47,870,000,000 tested=3,526 found=0 n=528464838097202113097991 elapsed=2258s
progress: nodes=47,880,000,000 tested=3,526 found=0 n=465138128918552140520469 elapsed=2259s
progress: nodes=47,890,000,000 tested=3,526 found=0 n=704328736312999145226879 elapsed=2259s
progress: nodes=47,900,000,000 tested=3,526 found=0 n=399214962643838807132667 elapsed=2260s
progress: nodes=47,910,000,000 tested=3,526 found=0 n=389734343708653440279783 elapsed=2260s
progress: nodes=47,920,000,000 tested=3,526 found=0 n=673495464571082393112873 elapsed=2261s
progress: nodes=47,930,000,000 tested=3,526 found=0 n=425963829515204556873297 elapsed=2261s
progress: nodes=47,940,000,000 tested=3,526 found=0 n=524287675050145253988741 elapsed=2262s
progress: nodes=47,950,000,000 tested=3,526 found=0 n=142217985646797307408161 elapsed=2262s
progress: nodes=47,960,000,000 tested=3,526 found=0 n=73541264754711658283379 elapsed=2263s
progress: nodes=47,970,000,000 tested=3,526 found=0 n=294929187468372302478633 elapsed=2263s
progress: nodes=47,980,000,000 tested=3,526 found=0 n=82181806613737200040671 elapsed=2264s
progress: nodes=47,990,000,000 tested=3,526 found=0 n=190104064926883632528003 elapsed=2264s
progress: nodes=48,000,000,000 tested=3,526 found=0 n=646749426123186554407239 elapsed=2265s
progress: nodes=48,010,000,000 tested=3,526 found=0 n=638500665529163111866191 elapsed=2265s
progress: nodes=48,020,000,000 tested=3,526 found=0 n=165978135819720761644107 elapsed=2265s
progress: nodes=48,030,000,000 tested=3,526 found=0 n=744623378000124489419553 elapsed=2266s
progress: nodes=48,040,000,000 tested=3,526 found=0 n=135904846469642857708101 elapsed=2266s
progress: nodes=48,050,000,000 tested=3,526 found=0 n=609396233113179365644791 elapsed=2267s
progress: nodes=48,060,000,000 tested=3,526 found=0 n=681996147257925069579009 elapsed=2267s
progress: nodes=48,070,000,000 tested=3,526 found=0 n=304690209887593442225313 elapsed=2268s
progress: nodes=48,080,000,000 tested=3,526 found=0 n=241787950267864810276467 elapsed=2268s
progress: nodes=48,090,000,000 tested=3,526 found=0 n=513024062974772136985197 elapsed=2269s
progress: nodes=48,100,000,000 tested=3,526 found=0 n=392131631873714956594371 elapsed=2269s
progress: nodes=48,110,000,000 tested=3,526 found=0 n=582811704244002968043309 elapsed=2270s
progress: nodes=48,120,000,000 tested=3,526 found=0 n=388090911153277667756421 elapsed=2270s
progress: nodes=48,130,000,000 tested=3,526 found=0 n=518881740565934705472513 elapsed=2271s
progress: nodes=48,140,000,000 tested=3,526 found=0 n=272671034253321771037971 elapsed=2271s
progress: nodes=48,150,000,000 tested=3,526 found=0 n=343682092956024677872017 elapsed=2272s
progress: nodes=48,160,000,000 tested=3,526 found=0 n=107938592820740066225841 elapsed=2272s
progress: nodes=48,170,000,000 tested=3,526 found=0 n=159760490790325305357477 elapsed=2273s
progress: nodes=48,180,000,000 tested=3,526 found=0 n=548834672896177220934381 elapsed=2273s
progress: nodes=48,190,000,000 tested=3,526 found=0 n=601973376138667477021077 elapsed=2273s
progress: nodes=48,200,000,000 tested=3,526 found=0 n=327625020344045510273187 elapsed=2274s
progress: nodes=48,210,000,000 tested=3,526 found=0 n=395157124191129025684959 elapsed=2274s
progress: nodes=48,220,000,000 tested=3,526 found=0 n=132986959774492856081049 elapsed=2275s
progress: nodes=48,230,000,000 tested=3,526 found=0 n=181214300003295536556579 elapsed=2275s
progress: nodes=48,240,000,000 tested=3,526 found=0 n=530769085811493928556157 elapsed=2276s
progress: nodes=48,250,000,000 tested=3,526 found=0 n=569796565886047299150351 elapsed=2276s
progress: nodes=48,260,000,000 tested=3,526 found=0 n=361690113873591331599771 elapsed=2277s
progress: nodes=48,270,000,000 tested=3,526 found=0 n=500145225971397360543189 elapsed=2277s
progress: nodes=48,280,000,000 tested=3,526 found=0 n=338837895209853428245857 elapsed=2278s
progress: nodes=48,290,000,000 tested=3,526 found=0 n=497902395446072703367281 elapsed=2278s
progress: nodes=48,300,000,000 tested=3,526 found=0 n=367744470613713575781399 elapsed=2279s
progress: nodes=48,310,000,000 tested=3,526 found=0 n=575844276038464386350397 elapsed=2279s
progress: nodes=48,320,000,000 tested=3,526 found=0 n=510802135079666504020947 elapsed=2280s
progress: nodes=48,330,000,000 tested=3,526 found=0 n=193397902504519007718423 elapsed=2280s
progress: nodes=48,340,000,000 tested=3,526 found=0 n=216060798129050096269047 elapsed=2281s
progress: nodes=48,350,000,000 tested=3,526 found=0 n=553580440874181568490643 elapsed=2281s
progress: nodes=48,360,000,000 tested=3,526 found=0 n=620821253333712018080493 elapsed=2282s
progress: nodes=48,370,000,000 tested=3,526 found=0 n=443972151206950972787181 elapsed=2282s
progress: nodes=48,380,000,000 tested=3,526 found=0 n=599442020886794416251921 elapsed=2282s
progress: nodes=48,390,000,000 tested=3,526 found=0 n=521007163843841294807187 elapsed=2283s
progress: nodes=48,400,000,000 tested=3,526 found=0 n=217647512671672502930511 elapsed=2283s
progress: nodes=48,410,000,000 tested=3,526 found=0 n=260685147709636598621673 elapsed=2284s
progress: nodes=48,420,000,000 tested=3,526 found=0 n=608539993796783542947453 elapsed=2284s
progress: nodes=48,430,000,000 tested=3,526 found=0 n=197246015897882301571221 elapsed=2285s
progress: nodes=48,440,000,000 tested=3,526 found=0 n=117239597625777298174503 elapsed=2285s
progress: nodes=48,450,000,000 tested=3,526 found=0 n=354334452228451677075093 elapsed=2286s
progress: nodes=48,460,000,000 tested=3,526 found=0 n=376334589557407805292969 elapsed=2286s
progress: nodes=48,470,000,000 tested=3,526 found=0 n=194138321074917538900581 elapsed=2287s
progress: nodes=48,480,000,000 tested=3,526 found=0 n=352949554497306216453003 elapsed=2287s
progress: nodes=48,490,000,000 tested=3,526 found=0 n=375852346059528154083267 elapsed=2288s
progress: nodes=48,500,000,000 tested=3,526 found=0 n=208070044788909540504267 elapsed=2288s
progress: nodes=48,510,000,000 tested=3,526 found=0 n=353511124894429380425547 elapsed=2289s
progress: nodes=48,520,000,000 tested=3,526 found=0 n=326036507428534588298613 elapsed=2289s
progress: nodes=48,530,000,000 tested=3,526 found=0 n=200623514929012844938269 elapsed=2290s
progress: nodes=48,540,000,000 tested=3,526 found=0 n=411507711822095363447973 elapsed=2290s
progress: nodes=48,550,000,000 tested=3,526 found=0 n=455455978708775080457421 elapsed=2290s
progress: nodes=48,560,000,000 tested=3,526 found=0 n=340657573119012580740309 elapsed=2291s
progress: nodes=48,570,000,000 tested=3,526 found=0 n=557006987221782494339943 elapsed=2291s
progress: nodes=48,580,000,000 tested=3,526 found=0 n=136281806503528774195107 elapsed=2292s
progress: nodes=48,590,000,000 tested=3,526 found=0 n=523615704195643974461547 elapsed=2292s
progress: nodes=48,600,000,000 tested=3,526 found=0 n=288375151987252211640759 elapsed=2293s
progress: nodes=48,610,000,000 tested=3,526 found=0 n=388241259486843063842541 elapsed=2293s
progress: nodes=48,620,000,000 tested=3,526 found=0 n=389497292614444187540367 elapsed=2294s
progress: nodes=48,630,000,000 tested=3,526 found=0 n=308072425774800368132451 elapsed=2294s
progress: nodes=48,640,000,000 tested=3,526 found=0 n=141423863166945828716247 elapsed=2295s
progress: nodes=48,650,000,000 tested=3,526 found=0 n=321056765767467679112163 elapsed=2295s
progress: nodes=48,660,000,000 tested=3,526 found=0 n=387006158388237448883823 elapsed=2296s
progress: nodes=48,670,000,000 tested=3,526 found=0 n=360934487683517483967231 elapsed=2296s
progress: nodes=48,680,000,000 tested=3,526 found=0 n=202378042705560980527269 elapsed=2297s
progress: nodes=48,690,000,000 tested=3,526 found=0 n=383225512016303922134169 elapsed=2297s
progress: nodes=48,700,000,000 tested=3,526 found=0 n=467617574047786959838041 elapsed=2298s
progress: nodes=48,710,000,000 tested=3,526 found=0 n=482375956309393278501369 elapsed=2298s
progress: nodes=48,720,000,000 tested=3,526 found=0 n=398820155526851482260837 elapsed=2299s
progress: nodes=48,730,000,000 tested=3,526 found=0 n=245030890012387350810939 elapsed=2299s
progress: nodes=48,740,000,000 tested=3,526 found=0 n=457756559428761217888263 elapsed=2300s
progress: nodes=48,750,000,000 tested=3,526 found=0 n=198109342429086041040087 elapsed=2300s
progress: nodes=48,760,000,000 tested=3,526 found=0 n=278535880940128506045351 elapsed=2300s
progress: nodes=48,770,000,000 tested=3,526 found=0 n=278442270297889899894693 elapsed=2301s
progress: nodes=48,780,000,000 tested=3,526 found=0 n=210150318516589183215483 elapsed=2301s
progress: nodes=48,790,000,000 tested=3,526 found=0 n=115965965912884706700081 elapsed=2302s
progress: nodes=48,800,000,000 tested=3,526 found=0 n=391362597542437754906673 elapsed=2302s
progress: nodes=48,810,000,000 tested=3,526 found=0 n=217293454150698925296297 elapsed=2303s
progress: nodes=48,820,000,000 tested=3,526 found=0 n=374222583406107371268333 elapsed=2303s
progress: nodes=48,830,000,000 tested=3,526 found=0 n=487357459159478496241653 elapsed=2304s
progress: nodes=48,840,000,000 tested=3,526 found=0 n=140965857579313279021509 elapsed=2304s
progress: nodes=48,850,000,000 tested=3,526 found=0 n=152015695002853597632717 elapsed=2305s
progress: nodes=48,860,000,000 tested=3,526 found=0 n=142441363228651770175893 elapsed=2305s
progress: nodes=48,870,000,000 tested=3,526 found=0 n=134554308572384227505979 elapsed=2306s
progress: nodes=48,880,000,000 tested=3,526 found=0 n=110114086106870055267057 elapsed=2306s
progress: nodes=48,890,000,000 tested=3,526 found=0 n=442040867581243801113243 elapsed=2307s
progress: nodes=48,900,000,000 tested=3,526 found=0 n=399098515668041977376589 elapsed=2307s
progress: nodes=48,910,000,000 tested=3,526 found=0 n=388776432876151616693397 elapsed=2308s
progress: nodes=48,920,000,000 tested=3,526 found=0 n=380808159099008812117947 elapsed=2308s
progress: nodes=48,930,000,000 tested=3,526 found=0 n=397951781043716813770857 elapsed=2309s
progress: nodes=48,940,000,000 tested=3,526 found=0 n=434458235566650845012463 elapsed=2309s
progress: nodes=48,950,000,000 tested=3,526 found=0 n=135813116737442323638459 elapsed=2310s
progress: nodes=48,960,000,000 tested=3,526 found=0 n=199424374458459473299977 elapsed=2310s
progress: nodes=48,970,000,000 tested=3,526 found=0 n=279798460776728468197623 elapsed=2310s
progress: nodes=48,980,000,000 tested=3,526 found=0 n=378444512210314358461653 elapsed=2311s
progress: nodes=48,990,000,000 tested=3,526 found=0 n=169176181969439976542211 elapsed=2311s
progress: nodes=49,000,000,000 tested=3,526 found=0 n=356856762883476083070843 elapsed=2312s
progress: nodes=49,010,000,000 tested=3,526 found=0 n=222604593537956184894339 elapsed=2312s
progress: nodes=49,020,000,000 tested=3,526 found=0 n=148658660522958817898667 elapsed=2313s
progress: nodes=49,030,000,000 tested=3,526 found=0 n=453291748208263683868149 elapsed=2313s
progress: nodes=49,040,000,000 tested=3,526 found=0 n=127865829710939376769713 elapsed=2314s
progress: nodes=49,050,000,000 tested=3,526 found=0 n=207738793661460405204861 elapsed=2314s
progress: nodes=49,060,000,000 tested=3,526 found=0 n=357213435574778801095077 elapsed=2315s
progress: nodes=49,070,000,000 tested=3,526 found=0 n=221216184396649062611991 elapsed=2315s
progress: nodes=49,080,000,000 tested=3,526 found=0 n=179892791900473780887759 elapsed=2316s
progress: nodes=49,090,000,000 tested=3,526 found=0 n=218743464508518047465367 elapsed=2316s
progress: nodes=49,100,000,000 tested=3,526 found=0 n=348467478692742215097291 elapsed=2317s
progress: nodes=49,110,000,000 tested=3,526 found=0 n=229253822852751433529793 elapsed=2317s
progress: nodes=49,120,000,000 tested=3,526 found=0 n=175762797678059293300599 elapsed=2318s
progress: nodes=49,130,000,000 tested=3,526 found=0 n=198357028491783401323083 elapsed=2318s
progress: nodes=49,140,000,000 tested=3,526 found=0 n=298965836887914886282593 elapsed=2319s
progress: nodes=49,150,000,000 tested=3,526 found=0 n=216542884314719559846249 elapsed=2319s
progress: nodes=49,160,000,000 tested=3,526 found=0 n=278888536854610264240659 elapsed=2320s
progress: nodes=49,170,000,000 tested=3,526 found=0 n=153255804606930554778249 elapsed=2320s
progress: nodes=49,180,000,000 tested=3,526 found=0 n=153601186395340673652663 elapsed=2321s
progress: nodes=49,190,000,000 tested=3,526 found=0 n=243426093216750009246681 elapsed=2321s
progress: nodes=49,200,000,000 tested=3,526 found=0 n=187444136555767950241383 elapsed=2322s
progress: nodes=49,210,000,000 tested=3,526 found=0 n=315341178782607705564837 elapsed=2322s
progress: nodes=49,220,000,000 tested=3,526 found=0 n=301563797466501967065669 elapsed=2322s
progress: nodes=49,230,000,000 tested=3,526 found=0 n=432615989247264073980729 elapsed=2323s
progress: nodes=49,240,000,000 tested=3,526 found=0 n=167140615645214739669141 elapsed=2323s
progress: nodes=49,250,000,000 tested=3,526 found=0 n=371050538987672911083717 elapsed=2324s
progress: nodes=49,260,000,000 tested=3,526 found=0 n=162200991139099059414267 elapsed=2324s
progress: nodes=49,270,000,000 tested=3,526 found=0 n=169425157741914562424937 elapsed=2325s
progress: nodes=49,280,000,000 tested=3,526 found=0 n=390642056350206721679619 elapsed=2325s
progress: nodes=49,290,000,000 tested=3,526 found=0 n=265773266209819362315321 elapsed=2326s
progress: nodes=49,300,000,000 tested=3,526 found=0 n=328964198255008166797947 elapsed=2326s
progress: nodes=49,310,000,000 tested=3,526 found=0 n=340444417056680492895339 elapsed=2327s
progress: nodes=49,320,000,000 tested=3,526 found=0 n=272619543214471139379693 elapsed=2327s
progress: nodes=49,330,000,000 tested=3,526 found=0 n=418618075489141374697851 elapsed=2328s
progress: nodes=49,340,000,000 tested=3,526 found=0 n=245463329675656463101731 elapsed=2328s
progress: nodes=49,350,000,000 tested=3,526 found=0 n=305581701913563430762407 elapsed=2329s
progress: nodes=49,360,000,000 tested=3,526 found=0 n=345034666688445642875967 elapsed=2329s
progress: nodes=49,370,000,000 tested=3,526 found=0 n=374647043076313309935633 elapsed=2330s
progress: nodes=49,380,000,000 tested=3,526 found=0 n=404409339248161685761323 elapsed=2330s
progress: nodes=49,390,000,000 tested=3,526 found=0 n=174498508019444777539371 elapsed=2331s
progress: nodes=49,400,000,000 tested=3,526 found=0 n=288676118468166577759611 elapsed=2331s
progress: nodes=49,410,000,000 tested=3,526 found=0 n=166388794391618249087637 elapsed=2332s
progress: nodes=49,420,000,000 tested=3,526 found=0 n=342493009564003078311531 elapsed=2332s
progress: nodes=49,430,000,000 tested=3,526 found=0 n=341361310801484172530331 elapsed=2333s
progress: nodes=49,440,000,000 tested=3,526 found=0 n=407620039689500472385551 elapsed=2333s
progress: nodes=49,450,000,000 tested=3,526 found=0 n=313601982498443775593457 elapsed=2334s
progress: nodes=49,460,000,000 tested=3,526 found=0 n=317041410859436682502083 elapsed=2334s
progress: nodes=49,470,000,000 tested=3,526 found=0 n=183167295528713093474877 elapsed=2335s
progress: nodes=49,480,000,000 tested=3,526 found=0 n=185053232003818643097633 elapsed=2335s
progress: nodes=49,490,000,000 tested=3,526 found=0 n=327114522404031217452597 elapsed=2336s
progress: nodes=49,500,000,000 tested=3,526 found=0 n=405675806586806251314819 elapsed=2336s
progress: nodes=49,510,000,000 tested=3,526 found=0 n=401762708336761327795239 elapsed=2337s
progress: nodes=49,520,000,000 tested=3,526 found=0 n=350884291775427010263663 elapsed=2337s
progress: nodes=49,530,000,000 tested=3,526 found=0 n=256549850600197939361577 elapsed=2338s
progress: nodes=49,540,000,000 tested=3,526 found=0 n=397798028848765815140871 elapsed=2338s
progress: nodes=49,550,000,000 tested=3,526 found=0 n=321582710673117960183117 elapsed=2339s
progress: nodes=49,560,000,000 tested=3,526 found=0 n=273031414665539008439961 elapsed=2339s
progress: nodes=49,570,000,000 tested=3,526 found=0 n=298302175023481967711373 elapsed=2340s
progress: nodes=49,580,000,000 tested=3,526 found=0 n=195305238540508743724077 elapsed=2340s
progress: nodes=49,590,000,000 tested=3,526 found=0 n=203808808827276828043869 elapsed=2341s
progress: nodes=49,600,000,000 tested=3,526 found=0 n=320610333481488117524457 elapsed=2341s
progress: nodes=49,610,000,000 tested=3,526 found=0 n=386100542092580186158287 elapsed=2342s
progress: nodes=49,620,000,000 tested=3,526 found=0 n=206726593609825871040459 elapsed=2342s
progress: nodes=49,630,000,000 tested=3,526 found=0 n=240205342283017317066861 elapsed=2343s
progress: nodes=49,640,000,000 tested=3,526 found=0 n=287194215322997904832911 elapsed=2343s
progress: nodes=49,650,000,000 tested=3,526 found=0 n=406018735675552659638979 elapsed=2344s
progress: nodes=49,660,000,000 tested=3,526 found=0 n=222706488948919064702613 elapsed=2344s
progress: nodes=49,670,000,000 tested=3,526 found=0 n=372672940998042732976929 elapsed=2345s
progress: nodes=49,680,000,000 tested=3,526 found=0 n=292318212544685419143051 elapsed=2345s
progress: nodes=49,690,000,000 tested=3,526 found=0 n=225207281787580369245969 elapsed=2346s
progress: nodes=49,700,000,000 tested=3,526 found=0 n=396971798138940722530833 elapsed=2346s
progress: nodes=49,710,000,000 tested=3,526 found=0 n=261760294218432248678439 elapsed=2347s
progress: nodes=49,720,000,000 tested=3,526 found=0 n=255627096035751179230491 elapsed=2347s
progress: nodes=49,730,000,000 tested=3,526 found=0 n=414407699643581304637977 elapsed=2348s
progress: nodes=49,740,000,000 tested=3,526 found=0 n=411282797626750797706959 elapsed=2348s
progress: nodes=49,750,000,000 tested=3,526 found=0 n=309058582570139551302153 elapsed=2349s
progress: nodes=49,760,000,000 tested=3,526 found=0 n=391289305763412987223293 elapsed=2349s
progress: nodes=49,770,000,000 tested=3,526 found=0 n=341855779887131250413673 elapsed=2350s
progress: nodes=49,780,000,000 tested=3,526 found=0 n=262543132060815069456993 elapsed=2351s
progress: nodes=49,790,000,000 tested=3,526 found=0 n=404448048485219589994143 elapsed=2351s
progress: nodes=49,800,000,000 tested=3,526 found=0 n=338420304637862075828199 elapsed=2352s
progress: nodes=49,810,000,000 tested=3,526 found=0 n=359078536301374370063583 elapsed=2352s
progress: nodes=49,820,000,000 tested=3,526 found=0 n=397162305373043343920787 elapsed=2353s
progress: nodes=49,830,000,000 tested=3,526 found=0 n=283133270795165206947531 elapsed=2353s
progress: nodes=49,840,000,000 tested=3,526 found=0 n=309161252629728541043001 elapsed=2354s
progress: nodes=49,850,000,000 tested=3,526 found=0 n=404671045680060314156001 elapsed=2354s
progress: nodes=49,860,000,000 tested=3,526 found=0 n=337836593987661219740289 elapsed=2355s
progress: nodes=49,870,000,000 tested=3,526 found=0 n=319467329022639350045493 elapsed=2355s
progress: nodes=49,880,000,000 tested=3,526 found=0 n=405734248282640570372079 elapsed=2356s
progress: nodes=49,890,000,000 tested=3,526 found=0 n=400496655671749593527571 elapsed=2356s
progress: nodes=49,900,000,000 tested=3,526 found=0 n=333478546603333393453191 elapsed=2357s
progress: nodes=49,910,000,000 tested=3,526 found=0 n=310954519358765320737699 elapsed=2357s
progress: nodes=49,920,000,000 tested=3,526 found=0 n=363800263836890406815289 elapsed=2358s
progress: nodes=49,930,000,000 tested=3,526 found=0 n=360061730137135043108091 elapsed=2358s
progress: nodes=49,940,000,000 tested=3,526 found=0 n=428542015925966255922609 elapsed=2359s
progress: nodes=49,950,000,000 tested=3,526 found=0 n=341217632036062242297837 elapsed=2359s
progress: nodes=49,960,000,000 tested=3,526 found=0 n=422290078696785175047171 elapsed=2360s
progress: nodes=49,970,000,000 tested=3,526 found=0 n=366749798534824790676591 elapsed=2360s
progress: nodes=49,980,000,000 tested=3,526 found=0 n=437269694635316586884841 elapsed=2361s
progress: nodes=49,990,000,000 tested=3,526 found=0 n=395901619756785964865043 elapsed=2361s
progress: nodes=50,000,000,000 tested=3,526 found=0 n=432173883550463744887197 elapsed=2362s
progress: nodes=50,010,000,000 tested=3,526 found=0 n=454550243087239261729767 elapsed=2362s
progress: nodes=50,020,000,000 tested=3,527 found=0 n=726657769402651273185999 elapsed=2363s
progress: nodes=50,030,000,000 tested=3,527 found=0 n=383703530463147475271691 elapsed=2363s
progress: nodes=50,040,000,000 tested=3,527 found=0 n=96445852376464685253159 elapsed=2364s
progress: nodes=50,050,000,000 tested=3,527 found=0 n=777087299480281105975659 elapsed=2364s
progress: nodes=50,060,000,000 tested=3,527 found=0 n=540682897401687001208247 elapsed=2365s
progress: nodes=50,070,000,000 tested=3,527 found=0 n=348066335092395177254997 elapsed=2365s
progress: nodes=50,080,000,000 tested=3,527 found=0 n=194842346641458376333473 elapsed=2366s
progress: nodes=50,090,000,000 tested=3,527 found=0 n=83798091122475363016383 elapsed=2366s
progress: nodes=50,100,000,000 tested=3,527 found=0 n=951271659570917384138439 elapsed=2367s
progress: nodes=50,110,000,000 tested=3,527 found=0 n=908061795928285348677327 elapsed=2367s
progress: nodes=50,120,000,000 tested=3,527 found=0 n=906341929528124244706551 elapsed=2367s
progress: nodes=50,130,000,000 tested=3,527 found=0 n=947191497729146384742027 elapsed=2368s
progress: nodes=50,140,000,000 tested=3,527 found=0 n=76254695955302116259007 elapsed=2368s
progress: nodes=50,150,000,000 tested=3,527 found=0 n=179313782415073225298379 elapsed=2369s
progress: nodes=50,160,000,000 tested=3,527 found=0 n=330195144372322054536711 elapsed=2369s
progress: nodes=50,170,000,000 tested=3,527 found=0 n=525612349205431908026607 elapsed=2370s
progress: nodes=50,180,000,000 tested=3,527 found=0 n=767852664686950113950679 elapsed=2370s
progress: nodes=50,190,000,000 tested=3,527 found=0 n=100907794483110595327347 elapsed=2371s
progress: nodes=50,200,000,000 tested=3,527 found=0 n=399155288492984504994513 elapsed=2371s
progress: nodes=50,210,000,000 tested=3,527 found=0 n=751763776677720903417321 elapsed=2371s
progress: nodes=50,220,000,000 tested=3,527 found=0 n=188830943731777962756141 elapsed=2372s
progress: nodes=50,230,000,000 tested=3,527 found=0 n=604979973396282975471981 elapsed=2372s
progress: nodes=50,240,000,000 tested=3,527 found=0 n=122162284852404981521337 elapsed=2373s
progress: nodes=50,250,000,000 tested=3,527 found=0 n=610212525183967716563553 elapsed=2373s
progress: nodes=50,260,000,000 tested=3,527 found=0 n=202495895494014334221009 elapsed=2374s
progress: nodes=50,270,000,000 tested=3,527 found=0 n=782989359382938286586007 elapsed=2374s
progress: nodes=50,280,000,000 tested=3,527 found=0 n=450088420862022369440013 elapsed=2375s
progress: nodes=50,290,000,000 tested=3,527 found=0 n=173849356076335386468021 elapsed=2375s
progress: nodes=50,300,000,000 tested=3,527 found=0 n=879087185201678297924079 elapsed=2376s
progress: nodes=50,310,000,000 tested=3,527 found=0 n=656344052775830583793629 elapsed=2376s
progress: nodes=50,320,000,000 tested=3,527 found=0 n=476615307764808655073631 elapsed=2376s
progress: nodes=50,330,000,000 tested=3,527 found=0 n=342419589607523828210811 elapsed=2377s
progress: nodes=50,340,000,000 tested=3,527 found=0 n=247731173550263752648299 elapsed=2377s
progress: nodes=50,350,000,000 tested=3,527 found=0 n=202448123075525625815517 elapsed=2378s
progress: nodes=50,360,000,000 tested=3,527 found=0 n=192034100428536161504709 elapsed=2378s
progress: nodes=50,370,000,000 tested=3,527 found=0 n=224221712499718258011687 elapsed=2379s
progress: nodes=50,380,000,000 tested=3,527 found=0 n=295624921669536954912417 elapsed=2379s
progress: nodes=50,390,000,000 tested=3,527 found=0 n=418346493948381329039709 elapsed=2380s
progress: nodes=50,400,000,000 tested=3,527 found=0 n=588568900125163999680639 elapsed=2380s
progress: nodes=50,410,000,000 tested=3,527 found=0 n=805817563773636398327343 elapsed=2381s
progress: nodes=50,420,000,000 tested=3,527 found=0 n=109160833320288278435907 elapsed=2381s
progress: nodes=50,430,000,000 tested=3,527 found=0 n=376637841718119943995033 elapsed=2382s
progress: nodes=50,440,000,000 tested=3,527 found=0 n=703407351207610564668153 elapsed=2382s
progress: nodes=50,450,000,000 tested=3,527 found=0 n=124380623947701913883091 elapsed=2382s
progress: nodes=50,460,000,000 tested=3,527 found=0 n=512219398625272870482951 elapsed=2383s
progress: nodes=50,470,000,000 tested=3,527 found=0 n=965458110653771092819461 elapsed=2383s
progress: nodes=50,480,000,000 tested=3,527 found=0 n=483770610796142448429651 elapsed=2384s
progress: nodes=50,490,000,000 tested=3,527 found=0 n=76153594542187776474861 elapsed=2384s
progress: nodes=50,500,000,000 tested=3,527 found=0 n=625992459744269522978073 elapsed=2385s
progress: nodes=50,510,000,000 tested=3,527 found=0 n=288375685646492777199867 elapsed=2385s
progress: nodes=50,520,000,000 tested=3,527 found=0 n=947579473806863978381301 elapsed=2386s
progress: nodes=50,530,000,000 tested=3,527 found=0 n=683586061189644103277787 elapsed=2386s
progress: nodes=50,540,000,000 tested=3,527 found=0 n=474529612844181502064457 elapsed=2387s
progress: nodes=50,550,000,000 tested=3,527 found=0 n=312636226235144228650233 elapsed=2387s
progress: nodes=50,560,000,000 tested=3,527 found=0 n=193530602303757377780121 elapsed=2387s
progress: nodes=50,570,000,000 tested=3,527 found=0 n=115967406139337043474183 elapsed=2388s
progress: nodes=50,580,000,000 tested=3,527 found=0 n=78954246190340147668041 elapsed=2388s
progress: nodes=50,590,000,000 tested=3,527 found=0 n=84009504672530200214451 elapsed=2389s
progress: nodes=50,600,000,000 tested=3,527 found=0 n=124197998764816292727411 elapsed=2389s
progress: nodes=50,610,000,000 tested=3,527 found=0 n=207302535967083803839593 elapsed=2390s
progress: nodes=50,620,000,000 tested=3,527 found=0 n=329318750163824772762411 elapsed=2390s
progress: nodes=50,630,000,000 tested=3,527 found=0 n=502182056438697248410797 elapsed=2391s
progress: nodes=50,640,000,000 tested=3,527 found=0 n=725581448410860809298531 elapsed=2391s
progress: nodes=50,650,000,000 tested=3,527 found=0 n=997906524412646705497641 elapsed=2392s
progress: nodes=50,660,000,000 tested=3,527 found=0 n=345836226397628926132173 elapsed=2392s
progress: nodes=50,670,000,000 tested=3,527 found=0 n=701008540900383544707879 elapsed=2393s
progress: nodes=50,680,000,000 tested=3,527 found=0 n=159685500650163100509897 elapsed=2393s
progress: nodes=50,690,000,000 tested=3,527 found=0 n=592220584325339887816899 elapsed=2394s
progress: nodes=50,700,000,000 tested=3,527 found=0 n=143163066039756953367177 elapsed=2394s
progress: nodes=50,710,000,000 tested=3,527 found=0 n=659754438399339415895763 elapsed=2395s
progress: nodes=50,720,000,000 tested=3,527 found=0 n=278512497212041801515807 elapsed=2395s
progress: nodes=50,730,000,000 tested=3,527 found=0 n=889636507593102103833999 elapsed=2395s
progress: nodes=50,740,000,000 tested=3,527 found=0 n=583141180983482645086563 elapsed=2396s
progress: nodes=50,750,000,000 tested=3,527 found=0 n=334945325765533919138703 elapsed=2396s
progress: nodes=50,760,000,000 tested=3,527 found=0 n=146848553423011133955261 elapsed=2397s
progress: nodes=50,770,000,000 tested=3,527 found=0 n=932348408276997913994793 elapsed=2397s
progress: nodes=50,780,000,000 tested=3,527 found=0 n=807923103035903154519219 elapsed=2398s
progress: nodes=50,790,000,000 tested=3,527 found=0 n=724701825242428247355141 elapsed=2398s
progress: nodes=50,800,000,000 tested=3,527 found=0 n=686652029667349485600861 elapsed=2399s
progress: nodes=50,810,000,000 tested=3,527 found=0 n=690109284810375269983143 elapsed=2399s
progress: nodes=50,820,000,000 tested=3,527 found=0 n=734798215999279022103513 elapsed=2400s
progress: nodes=50,830,000,000 tested=3,527 found=0 n=820586852947181004812127 elapsed=2400s
progress: nodes=50,840,000,000 tested=3,527 found=0 n=951313898606485152998259 elapsed=2401s
progress: nodes=50,850,000,000 tested=3,527 found=0 n=176478453728164377538749 elapsed=2401s
progress: nodes=50,860,000,000 tested=3,527 found=0 n=381842518094543014890381 elapsed=2402s
progress: nodes=50,870,000,000 tested=3,527 found=0 n=639399606000614086807179 elapsed=2402s
progress: nodes=50,880,000,000 tested=3,527 found=0 n=946666912257081981392427 elapsed=2403s
progress: nodes=50,890,000,000 tested=3,527 found=0 n=336872671427579783745249 elapsed=2403s
progress: nodes=50,900,000,000 tested=3,527 found=0 n=735476582443318259030487 elapsed=2404s
progress: nodes=50,910,000,000 tested=3,527 found=0 n=234975993279877503560907 elapsed=2404s
progress: nodes=50,920,000,000 tested=3,527 found=0 n=718596361452818846434437 elapsed=2405s
progress: nodes=50,930,000,000 tested=3,527 found=0 n=302900533690515802314273 elapsed=2405s
progress: nodes=50,940,000,000 tested=3,527 found=0 n=887182779153271088729241 elapsed=2405s
progress: nodes=50,950,000,000 tested=3,527 found=0 n=782422893080889881767947 elapsed=2406s
progress: nodes=50,960,000,000 tested=3,527 found=0 n=90708264654780707197263 elapsed=2406s
progress: nodes=50,970,000,000 tested=3,527 found=0 n=620260754275600865357931 elapsed=2407s
progress: nodes=50,980,000,000 tested=3,527 found=0 n=601334455272634512642213 elapsed=2407s
progress: nodes=50,990,000,000 tested=3,527 found=0 n=943835393868371588957373 elapsed=2408s
progress: nodes=51,000,000,000 tested=3,527 found=0 n=655032731663224469055501 elapsed=2408s
progress: nodes=51,010,000,000 tested=3,527 found=0 n=695306538063682215417747 elapsed=2409s
progress: nodes=51,020,000,000 tested=3,527 found=0 n=191849591513899226650743 elapsed=2409s
progress: nodes=51,030,000,000 tested=3,527 found=0 n=856805368274236781871471 elapsed=2410s
progress: nodes=51,040,000,000 tested=3,527 found=0 n=83690189508516327543807 elapsed=2410s
progress: nodes=51,050,000,000 tested=3,527 found=0 n=454624279780492854439407 elapsed=2411s
progress: nodes=51,060,000,000 tested=3,527 found=0 n=340895898164808619285653 elapsed=2411s
progress: nodes=51,070,000,000 tested=3,527 found=0 n=550867478688640316996793 elapsed=2412s
progress: nodes=51,080,000,000 tested=3,527 found=0 n=255395532856215423662991 elapsed=2412s
progress: nodes=51,090,000,000 tested=3,527 found=0 n=265681016706433828617117 elapsed=2413s
progress: nodes=51,100,000,000 tested=3,527 found=0 n=567503521655571814672359 elapsed=2413s
progress: nodes=51,110,000,000 tested=3,527 found=0 n=379135313818043950596429 elapsed=2414s
progress: nodes=51,120,000,000 tested=3,527 found=0 n=488975787762973853082741 elapsed=2414s
progress: nodes=51,130,000,000 tested=3,527 found=0 n=115974323842549963343553 elapsed=2415s
progress: nodes=51,140,000,000 tested=3,527 found=0 n=818978982695524680340311 elapsed=2415s
progress: nodes=51,150,000,000 tested=3,527 found=0 n=254690173528838677066437 elapsed=2416s
progress: nodes=51,160,000,000 tested=3,527 found=0 n=767754565005225199775373 elapsed=2416s
progress: nodes=51,170,000,000 tested=3,527 found=0 n=792262874608118464547997 elapsed=2417s
progress: nodes=51,180,000,000 tested=3,527 found=0 n=380489349341194562742273 elapsed=2417s
progress: nodes=51,190,000,000 tested=3,527 found=0 n=305994594848549094216729 elapsed=2418s
progress: nodes=51,200,000,000 tested=3,527 found=0 n=545318228887316567575893 elapsed=2418s
progress: nodes=51,210,000,000 tested=3,527 found=0 n=356536263822261811451163 elapsed=2419s
progress: nodes=51,220,000,000 tested=3,527 found=0 n=487757252582903743022583 elapsed=2419s
progress: nodes=51,230,000,000 tested=3,527 found=0 n=243463345724091959985519 elapsed=2420s
progress: nodes=51,240,000,000 tested=3,527 found=0 n=345942410411482411427901 elapsed=2420s
progress: nodes=51,250,000,000 tested=3,527 found=0 n=749049962354969931985329 elapsed=2421s
progress: nodes=51,260,000,000 tested=3,527 found=0 n=709840435211294381227233 elapsed=2421s
progress: nodes=51,270,000,000 tested=3,527 found=0 n=269834653523512297231011 elapsed=2422s
progress: nodes=51,280,000,000 tested=3,527 found=0 n=156825161553722681292273 elapsed=2422s
progress: nodes=51,290,000,000 tested=3,527 found=0 n=371316994568620686346761 elapsed=2423s
progress: nodes=51,300,000,000 tested=3,527 found=0 n=225165744797710496652873 elapsed=2423s
progress: nodes=51,310,000,000 tested=3,527 found=0 n=357879356263638062314461 elapsed=2423s
progress: nodes=51,320,000,000 tested=3,527 found=0 n=157793632649650958891931 elapsed=2424s
progress: nodes=51,330,000,000 tested=3,527 found=0 n=284679100579425343522731 elapsed=2424s
progress: nodes=51,340,000,000 tested=3,527 found=0 n=77758849359780754958793 elapsed=2425s
progress: nodes=51,350,000,000 tested=3,527 found=0 n=161388424206398508682563 elapsed=2425s
progress: nodes=51,360,000,000 tested=3,527 found=0 n=571593361978321390078371 elapsed=2426s
progress: nodes=51,370,000,000 tested=3,527 found=0 n=654686515858142292353829 elapsed=2426s
progress: nodes=51,380,000,000 tested=3,527 found=0 n=408751585862577463094589 elapsed=2427s
progress: nodes=51,390,000,000 tested=3,527 found=0 n=524180262483103378443291 elapsed=2427s
progress: nodes=51,400,000,000 tested=3,527 found=0 n=315726039759042242268939 elapsed=2428s
progress: nodes=51,410,000,000 tested=3,527 found=0 n=449758475125700505707943 elapsed=2428s
progress: nodes=51,420,000,000 tested=3,527 found=0 n=273917363947118021577447 elapsed=2429s
progress: nodes=51,430,000,000 tested=3,527 found=0 n=425511849780385215006159 elapsed=2429s
progress: nodes=51,440,000,000 tested=3,527 found=0 n=305252754012312736961331 elapsed=2430s
progress: nodes=51,450,000,000 tested=3,527 found=0 n=483716515978715230618407 elapsed=2430s
progress: nodes=51,460,000,000 tested=3,527 found=0 n=376753996739841920117919 elapsed=2431s
progress: nodes=51,470,000,000 tested=3,527 found=0 n=580196101160687828964147 elapsed=2431s
progress: nodes=51,480,000,000 tested=3,527 found=0 n=529529221301995443920391 elapsed=2432s
progress: nodes=51,490,000,000 tested=3,527 found=0 n=259216910971681958814519 elapsed=2432s
progress: nodes=51,500,000,000 tested=3,527 found=0 n=327903048243245153712033 elapsed=2433s
progress: nodes=51,510,000,000 tested=3,527 found=0 n=146655208066339934638677 elapsed=2433s
progress: nodes=51,520,000,000 tested=3,527 found=0 n=277174714562050927290669 elapsed=2434s
progress: nodes=51,530,000,000 tested=3,527 found=0 n=178018325940005741823633 elapsed=2434s
progress: nodes=51,540,000,000 tested=3,527 found=0 n=391614027136874241040341 elapsed=2435s
progress: nodes=51,550,000,000 tested=3,527 found=0 n=378267414940080892459233 elapsed=2435s
progress: nodes=51,560,000,000 tested=3,527 found=0 n=157207503641261814744003 elapsed=2436s
progress: nodes=51,570,000,000 tested=3,527 found=0 n=256712570160576110263683 elapsed=2436s
progress: nodes=51,580,000,000 tested=3,527 found=0 n=129685274454900587361939 elapsed=2437s
progress: nodes=51,590,000,000 tested=3,527 found=0 n=318504071291720496223041 elapsed=2437s
progress: nodes=51,600,000,000 tested=3,527 found=0 n=303550748819449003831959 elapsed=2438s
progress: nodes=51,610,000,000 tested=3,527 found=0 n=105205728339427312405809 elapsed=2438s
progress: nodes=51,620,000,000 tested=3,527 found=0 n=213480250266906104963481 elapsed=2439s
progress: nodes=51,630,000,000 tested=3,527 found=0 n=156223663223387792459427 elapsed=2439s
progress: nodes=51,640,000,000 tested=3,527 found=0 n=400578309464314300642323 elapsed=2439s
progress: nodes=51,650,000,000 tested=3,527 found=0 n=455014082965217235911451 elapsed=2440s
progress: nodes=51,660,000,000 tested=3,527 found=0 n=327158297766290082751659 elapsed=2441s
progress: nodes=51,670,000,000 tested=3,527 found=0 n=531569850476126419158201 elapsed=2441s
progress: nodes=51,680,000,000 tested=3,527 found=0 n=531027776152443532915953 elapsed=2441s
progress: nodes=51,690,000,000 tested=3,527 found=0 n=359518174095749192050527 elapsed=2442s
progress: nodes=51,700,000,000 tested=3,527 found=0 n=567415286948043929768373 elapsed=2442s
progress: nodes=51,710,000,000 tested=3,527 found=0 n=142230109106760439321557 elapsed=2443s
progress: nodes=51,720,000,000 tested=3,527 found=0 n=529521319858560425923527 elapsed=2443s
progress: nodes=51,730,000,000 tested=3,527 found=0 n=253252862863186080031137 elapsed=2444s
progress: nodes=51,740,000,000 tested=3,527 found=0 n=360112476206659894837119 elapsed=2444s
progress: nodes=51,750,000,000 tested=3,527 found=0 n=361881717028856668731087 elapsed=2445s
progress: nodes=51,760,000,000 tested=3,527 found=0 n=224818001752856371250391 elapsed=2445s
progress: nodes=51,770,000,000 tested=3,527 found=0 n=433932940756358905933071 elapsed=2446s
progress: nodes=51,780,000,000 tested=3,527 found=0 n=505416195473925615040161 elapsed=2446s
progress: nodes=51,790,000,000 tested=3,527 found=0 n=444943859658208955153109 elapsed=2447s
progress: nodes=51,800,000,000 tested=3,527 found=0 n=255385625204335292117451 elapsed=2447s
progress: nodes=51,810,000,000 tested=3,527 found=0 n=395608402002054123481599 elapsed=2448s
progress: nodes=51,820,000,000 tested=3,527 found=0 n=418940000102229141685149 elapsed=2448s
progress: nodes=51,830,000,000 tested=3,527 found=0 n=367384819260590253889767 elapsed=2449s
progress: nodes=51,840,000,000 tested=3,527 found=0 n=264589539697192536669843 elapsed=2449s
progress: nodes=51,850,000,000 tested=3,527 found=0 n=102518963489565869034789 elapsed=2450s
progress: nodes=51,860,000,000 tested=3,527 found=0 n=282800758465882248743151 elapsed=2450s
progress: nodes=51,870,000,000 tested=3,527 found=0 n=371984440820904557949303 elapsed=2451s
progress: nodes=51,880,000,000 tested=3,527 found=0 n=388175649054530995765107 elapsed=2451s
progress: nodes=51,890,000,000 tested=3,527 found=0 n=285856592649252250202577 elapsed=2452s
progress: nodes=51,900,000,000 tested=3,527 found=0 n=120484516575658162038111 elapsed=2452s
progress: nodes=51,910,000,000 tested=3,527 found=0 n=304858108702667012586093 elapsed=2453s
progress: nodes=51,920,000,000 tested=3,527 found=0 n=447682421530885383912069 elapsed=2453s
progress: nodes=51,930,000,000 tested=3,527 found=0 n=107682722662355457147531 elapsed=2454s
progress: nodes=51,940,000,000 tested=3,527 found=0 n=121312591719094581859053 elapsed=2454s
progress: nodes=51,950,000,000 tested=3,527 found=0 n=101672847435060451657107 elapsed=2455s
progress: nodes=51,960,000,000 tested=3,527 found=0 n=434373605218135021492053 elapsed=2455s
progress: nodes=51,970,000,000 tested=3,527 found=0 n=308941756232361757906401 elapsed=2456s
progress: nodes=51,980,000,000 tested=3,527 found=0 n=148214409431289756485931 elapsed=2456s
progress: nodes=51,990,000,000 tested=3,527 found=0 n=335843619920860831516737 elapsed=2457s
progress: nodes=52,000,000,000 tested=3,527 found=0 n=142289623697573122327557 elapsed=2457s
progress: nodes=52,010,000,000 tested=3,527 found=0 n=315474285875522206209777 elapsed=2458s
progress: nodes=52,020,000,000 tested=3,527 found=0 n=449478857824796058229971 elapsed=2458s
progress: nodes=52,030,000,000 tested=3,527 found=0 n=165479556932024773919481 elapsed=2459s
progress: nodes=52,040,000,000 tested=3,527 found=0 n=223892176764229815702861 elapsed=2459s
progress: nodes=52,050,000,000 tested=3,527 found=0 n=251512674044706916700859 elapsed=2460s
progress: nodes=52,060,000,000 tested=3,527 found=0 n=276285744328604021042031 elapsed=2460s
progress: nodes=52,070,000,000 tested=3,527 found=0 n=321919781320980212583213 elapsed=2461s
progress: nodes=52,080,000,000 tested=3,527 found=0 n=375398447002207798636467 elapsed=2461s
progress: nodes=52,090,000,000 tested=3,527 found=0 n=415841388599000416861809 elapsed=2462s
progress: nodes=52,100,000,000 tested=3,527 found=0 n=118611641826599101307127 elapsed=2462s
progress: nodes=52,110,000,000 tested=3,527 found=0 n=222705976343620944513339 elapsed=2463s
progress: nodes=52,120,000,000 tested=3,527 found=0 n=354827993197654263664377 elapsed=2463s
progress: nodes=52,130,000,000 tested=3,527 found=0 n=173538077048311099104981 elapsed=2464s
progress: nodes=52,140,000,000 tested=3,527 found=0 n=385850661332543346742803 elapsed=2464s
progress: nodes=52,150,000,000 tested=3,527 found=0 n=291456979309325299737267 elapsed=2465s
progress: nodes=52,160,000,000 tested=3,527 found=0 n=233656442893447227542889 elapsed=2465s
progress: nodes=52,170,000,000 tested=3,527 found=0 n=208366182213526946415807 elapsed=2466s
progress: nodes=52,180,000,000 tested=3,527 found=0 n=221023767472220366124471 elapsed=2466s
progress: nodes=52,190,000,000 tested=3,527 found=0 n=306997440624098768486943 elapsed=2467s
progress: nodes=52,200,000,000 tested=3,527 found=0 n=449137701389337420178719 elapsed=2467s
progress: nodes=52,210,000,000 tested=3,527 found=0 n=301274499175344667521549 elapsed=2468s
progress: nodes=52,220,000,000 tested=3,527 found=0 n=237151572567648854874759 elapsed=2468s
progress: nodes=52,230,000,000 tested=3,527 found=0 n=224343720812375461346049 elapsed=2469s
progress: nodes=52,240,000,000 tested=3,527 found=0 n=286100957509842345247377 elapsed=2469s
progress: nodes=52,250,000,000 tested=3,527 found=0 n=438566968699329608929791 elapsed=2470s
progress: nodes=52,260,000,000 tested=3,527 found=0 n=333040497398637354198873 elapsed=2470s
progress: nodes=52,270,000,000 tested=3,527 found=0 n=324535985159517087839883 elapsed=2471s
progress: nodes=52,280,000,000 tested=3,527 found=0 n=432413765911931578203429 elapsed=2471s
progress: nodes=52,290,000,000 tested=3,527 found=0 n=315735969856974352406721 elapsed=2472s
progress: nodes=52,300,000,000 tested=3,527 found=0 n=293865842815168458361527 elapsed=2472s
progress: nodes=52,310,000,000 tested=3,527 found=0 n=375560997546392021901537 elapsed=2473s
progress: nodes=52,320,000,000 tested=3,527 found=0 n=242660207873692160190639 elapsed=2473s
progress: nodes=52,330,000,000 tested=3,527 found=0 n=222418478916466102499229 elapsed=2474s
progress: nodes=52,340,000,000 tested=3,527 found=0 n=333373163595646888522809 elapsed=2474s
progress: nodes=52,350,000,000 tested=3,527 found=0 n=300856039338178081815057 elapsed=2475s
progress: nodes=52,360,000,000 tested=3,527 found=0 n=412841240827743730269267 elapsed=2475s
progress: nodes=52,370,000,000 tested=3,527 found=0 n=368317574280635809088259 elapsed=2476s
progress: nodes=52,380,000,000 tested=3,527 found=0 n=150077091142950672141441 elapsed=2476s
progress: nodes=52,390,000,000 tested=3,527 found=0 n=398942965353320817648219 elapsed=2477s
progress: nodes=52,400,000,000 tested=3,527 found=0 n=255373801329898100378529 elapsed=2477s
progress: nodes=52,410,000,000 tested=3,527 found=0 n=294518175607217943978597 elapsed=2478s
progress: nodes=52,420,000,000 tested=3,527 found=0 n=193746710375942979486231 elapsed=2478s
progress: nodes=52,430,000,000 tested=3,527 found=0 n=320582333376099460913247 elapsed=2479s
progress: nodes=52,440,000,000 tested=3,527 found=0 n=367638832666870644262383 elapsed=2479s
progress: nodes=52,450,000,000 tested=3,527 found=0 n=334292678855991183329001 elapsed=2480s
progress: nodes=52,460,000,000 tested=3,527 found=0 n=245747276394189213955311 elapsed=2480s
progress: nodes=52,470,000,000 tested=3,527 found=0 n=402687874367732746323531 elapsed=2481s
progress: nodes=52,480,000,000 tested=3,527 found=0 n=234354750022675952006337 elapsed=2481s
progress: nodes=52,490,000,000 tested=3,527 found=0 n=284252290724295010796679 elapsed=2482s
progress: nodes=52,500,000,000 tested=3,527 found=0 n=307033492883176927356489 elapsed=2482s
progress: nodes=52,510,000,000 tested=3,527 found=0 n=294638490528154065394101 elapsed=2483s
progress: nodes=52,520,000,000 tested=3,527 found=0 n=246528145514120003821287 elapsed=2483s
progress: nodes=52,530,000,000 tested=3,527 found=0 n=199665659403870312603951 elapsed=2484s
progress: nodes=52,540,000,000 tested=3,527 found=0 n=399618038699079902815113 elapsed=2484s
progress: nodes=52,550,000,000 tested=3,527 found=0 n=356294723559696118890693 elapsed=2485s
progress: nodes=52,560,000,000 tested=3,527 found=0 n=342794035809337008617721 elapsed=2485s
progress: nodes=52,570,000,000 tested=3,527 found=0 n=360607839421776875689761 elapsed=2486s
progress: nodes=52,580,000,000 tested=3,527 found=0 n=205570943843035295481957 elapsed=2486s
progress: nodes=52,590,000,000 tested=3,527 found=0 n=409582109138957370857241 elapsed=2487s
progress: nodes=52,600,000,000 tested=3,527 found=0 n=167873194341306259664859 elapsed=2487s
progress: nodes=52,610,000,000 tested=3,527 found=0 n=275574500318575380315393 elapsed=2488s
progress: nodes=52,620,000,000 tested=3,527 found=0 n=229603301187550102585773 elapsed=2488s
progress: nodes=52,630,000,000 tested=3,527 found=0 n=279035366112704719316799 elapsed=2489s
progress: nodes=52,640,000,000 tested=3,527 found=0 n=215715487678131872498067 elapsed=2489s
progress: nodes=52,650,000,000 tested=3,527 found=0 n=301370989440085564956957 elapsed=2490s
progress: nodes=52,660,000,000 tested=3,527 found=0 n=319841385640428644199207 elapsed=2490s
progress: nodes=52,670,000,000 tested=3,527 found=0 n=258462881768147826378609 elapsed=2491s
progress: nodes=52,680,000,000 tested=3,527 found=0 n=406407219504108731932023 elapsed=2491s
progress: nodes=52,690,000,000 tested=3,527 found=0 n=314418029580549778772889 elapsed=2492s
progress: nodes=52,700,000,000 tested=3,527 found=0 n=242779471034057025895827 elapsed=2492s
progress: nodes=52,710,000,000 tested=3,527 found=0 n=397814887780320688060383 elapsed=2493s
progress: nodes=52,720,000,000 tested=3,527 found=0 n=370940821210582618558563 elapsed=2493s
progress: nodes=52,730,000,000 tested=3,527 found=0 n=186843616838452330077321 elapsed=2494s
progress: nodes=52,740,000,000 tested=3,527 found=0 n=305634896500131498999699 elapsed=2494s
progress: nodes=52,750,000,000 tested=3,527 found=0 n=291792220538046041774961 elapsed=2495s
progress: nodes=52,760,000,000 tested=3,527 found=0 n=194782026869085171026511 elapsed=2495s
progress: nodes=52,770,000,000 tested=3,527 found=0 n=273563752197010395297177 elapsed=2496s
progress: nodes=52,780,000,000 tested=3,527 found=0 n=302506707294276305047227 elapsed=2496s
progress: nodes=52,790,000,000 tested=3,527 found=0 n=343577458725007861523169 elapsed=2497s
progress: nodes=52,800,000,000 tested=3,527 found=0 n=226048757891193293489433 elapsed=2497s
progress: nodes=52,810,000,000 tested=3,527 found=0 n=405339387455412385128153 elapsed=2498s
progress: nodes=52,820,000,000 tested=3,527 found=0 n=271765026952635328399287 elapsed=2498s
progress: nodes=52,830,000,000 tested=3,527 found=0 n=270976404766295263362327 elapsed=2499s
progress: nodes=52,840,000,000 tested=3,527 found=0 n=253682534338858678019967 elapsed=2499s
progress: nodes=52,850,000,000 tested=3,527 found=0 n=248184385889751303281289 elapsed=2500s
progress: nodes=52,860,000,000 tested=3,527 found=0 n=309230041002536506779927 elapsed=2500s
progress: nodes=52,870,000,000 tested=3,527 found=0 n=285522416381000182631247 elapsed=2501s
progress: nodes=52,880,000,000 tested=3,527 found=0 n=370735270293720184972119 elapsed=2501s
progress: nodes=52,890,000,000 tested=3,527 found=0 n=256098470794247246692527 elapsed=2502s
progress: nodes=52,900,000,000 tested=3,527 found=0 n=385791384196407055489623 elapsed=2502s
progress: nodes=52,910,000,000 tested=3,527 found=0 n=262108633246545560225751 elapsed=2503s
progress: nodes=52,920,000,000 tested=3,527 found=0 n=284591006410468940573391 elapsed=2503s
progress: nodes=52,930,000,000 tested=3,527 found=0 n=400591644871836643784559 elapsed=2504s
progress: nodes=52,940,000,000 tested=3,527 found=0 n=325935347893251714741123 elapsed=2504s
progress: nodes=52,950,000,000 tested=3,527 found=0 n=329403556161452070329031 elapsed=2505s
progress: nodes=52,960,000,000 tested=3,527 found=0 n=337011562635079758687261 elapsed=2505s
progress: nodes=52,970,000,000 tested=3,527 found=0 n=284295760112934560687697 elapsed=2506s
progress: nodes=52,980,000,000 tested=3,527 found=0 n=269027248239131091018309 elapsed=2506s
progress: nodes=52,990,000,000 tested=3,527 found=0 n=367169352908889305057283 elapsed=2507s
progress: nodes=53,000,000,000 tested=3,527 found=0 n=284001006881379704996079 elapsed=2507s
progress: nodes=53,010,000,000 tested=3,527 found=0 n=360001693376699720913567 elapsed=2508s
progress: nodes=53,020,000,000 tested=3,527 found=0 n=302739986723459979917223 elapsed=2508s
progress: nodes=53,030,000,000 tested=3,527 found=0 n=357883573582135267599933 elapsed=2509s
progress: nodes=53,040,000,000 tested=3,527 found=0 n=392506420536048249472041 elapsed=2509s
progress: nodes=53,050,000,000 tested=3,527 found=0 n=385458576529578149126529 elapsed=2510s
progress: nodes=53,060,000,000 tested=3,527 found=0 n=395419234771608825094317 elapsed=2510s
progress: nodes=53,070,000,000 tested=3,527 found=0 n=374589124925421622745529 elapsed=2511s
progress: nodes=53,080,000,000 tested=3,527 found=0 n=401398954631570543406759 elapsed=2511s
progress: nodes=53,090,000,000 tested=3,527 found=0 n=326211821086063518122517 elapsed=2512s
progress: nodes=53,100,000,000 tested=3,527 found=0 n=370688736989884060674927 elapsed=2512s
progress: nodes=53,110,000,000 tested=3,527 found=0 n=387307968654361452949251 elapsed=2513s
progress: nodes=53,120,000,000 tested=3,527 found=0 n=372307336350162187795821 elapsed=2513s
progress: nodes=53,130,000,000 tested=3,527 found=0 n=417424246515012164657229 elapsed=2514s
progress: nodes=53,140,000,000 tested=3,527 found=0 n=369179509480949715504957 elapsed=2514s
progress: nodes=53,150,000,000 tested=3,527 found=0 n=401371568989021158675147 elapsed=2515s
progress: nodes=53,160,000,000 tested=3,527 found=0 n=431637533338536163165527 elapsed=2515s
progress: nodes=53,170,000,000 tested=3,527 found=0 n=428088457689557005890549 elapsed=2516s
progress: nodes=53,180,000,000 tested=3,527 found=0 n=775468718709477615361539 elapsed=2516s
progress: nodes=53,190,000,000 tested=3,527 found=0 n=940332813721681600897677 elapsed=2517s
progress: nodes=53,200,000,000 tested=3,527 found=0 n=171389844834461175189267 elapsed=2517s
progress: nodes=53,210,000,000 tested=3,527 found=0 n=390530052612764691125499 elapsed=2518s
progress: nodes=53,220,000,000 tested=3,527 found=0 n=658228319747137263551427 elapsed=2518s
progress: nodes=53,230,000,000 tested=3,527 found=0 n=973296208960685441798967 elapsed=2519s
progress: nodes=53,240,000,000 tested=3,527 found=0 n=345939845243635476506673 elapsed=2519s
progress: nodes=53,250,000,000 tested=3,527 found=0 n=728907329757345440929227 elapsed=2519s
progress: nodes=53,260,000,000 tested=3,527 found=0 n=187148393475487245598797 elapsed=2520s
progress: nodes=53,270,000,000 tested=3,527 found=0 n=634299202911180324649131 elapsed=2520s
progress: nodes=53,280,000,000 tested=3,527 found=0 n=173230447226459819253057 elapsed=2521s
progress: nodes=53,290,000,000 tested=3,527 found=0 n=704185250290384537327653 elapsed=2521s
progress: nodes=53,300,000,000 tested=3,527 found=0 n=319627353327156381503997 elapsed=2522s
progress: nodes=53,310,000,000 tested=3,527 found=0 n=942162678820440889604793 elapsed=2522s
progress: nodes=53,320,000,000 tested=3,527 found=0 n=629504703232233116767479 elapsed=2523s
progress: nodes=53,330,000,000 tested=3,527 found=0 n=361632833742981137490153 elapsed=2523s
progress: nodes=53,340,000,000 tested=3,527 found=0 n=140954421866620772483073 elapsed=2523s
progress: nodes=53,350,000,000 tested=3,527 found=0 n=902282514640997411252331 elapsed=2524s
progress: nodes=53,360,000,000 tested=3,527 found=0 n=735517424339016803156673 elapsed=2524s
progress: nodes=53,370,000,000 tested=3,527 found=0 n=609075078176553408092673 elapsed=2525s
progress: nodes=53,380,000,000 tested=3,527 found=0 n=523508011908304207493709 elapsed=2525s
progress: nodes=53,390,000,000 tested=3,527 found=0 n=478881128767364893360791 elapsed=2526s
progress: nodes=53,400,000,000 tested=3,527 found=0 n=475495322530926142942497 elapsed=2526s
progress: nodes=53,410,000,000 tested=3,527 found=0 n=512802440684021188691991 elapsed=2526s
progress: nodes=53,420,000,000 tested=3,527 found=0 n=590377593131690479792677 elapsed=2527s
progress: nodes=53,430,000,000 tested=3,527 found=0 n=705174993209860204108077 elapsed=2527s
progress: nodes=53,440,000,000 tested=3,527 found=0 n=862998577173989860236633 elapsed=2528s
progress: nodes=53,450,000,000 tested=3,527 found=0 n=110170756264519802280429 elapsed=2528s
progress: nodes=53,460,000,000 tested=3,527 found=0 n=332094276204178405546629 elapsed=2529s
progress: nodes=53,470,000,000 tested=3,527 found=0 n=607141928183890077907929 elapsed=2529s
progress: nodes=53,480,000,000 tested=3,527 found=0 n=930888751900190856459687 elapsed=2530s
progress: nodes=53,490,000,000 tested=3,527 found=0 n=315044629368839776549143 elapsed=2530s
progress: nodes=53,500,000,000 tested=3,527 found=0 n=702919840031756103367611 elapsed=2530s
progress: nodes=53,510,000,000 tested=3,527 found=0 n=178396560231267087660951 elapsed=2531s
progress: nodes=53,520,000,000 tested=3,527 found=0 n=628878574522584084545847 elapsed=2531s
progress: nodes=53,530,000,000 tested=3,527 found=0 n=179940525340962642665409 elapsed=2532s
progress: nodes=53,540,000,000 tested=3,527 found=0 n=714088904059622777092407 elapsed=2532s
progress: nodes=53,550,000,000 tested=3,527 found=0 n=336127009044253374068121 elapsed=2533s
progress: nodes=53,560,000,000 tested=3,527 found=0 n=972460981675295219083977 elapsed=2533s
progress: nodes=53,570,000,000 tested=3,527 found=0 n=675568684468130722175907 elapsed=2533s
progress: nodes=53,580,000,000 tested=3,527 found=0 n=424799695715251286961531 elapsed=2534s
progress: nodes=53,590,000,000 tested=3,527 found=0 n=217387610061494457011427 elapsed=2534s
progress: nodes=53,600,000,000 tested=3,527 found=0 n=998287173070552583609391 elapsed=2535s
progress: nodes=53,610,000,000 tested=3,527 found=0 n=854692818591240959419089 elapsed=2535s
progress: nodes=53,620,000,000 tested=3,527 found=0 n=751554763384054492763901 elapsed=2536s
progress: nodes=53,630,000,000 tested=3,527 found=0 n=697602254432367669013629 elapsed=2536s
progress: nodes=53,640,000,000 tested=3,527 found=0 n=686442186491848019612379 elapsed=2537s
progress: nodes=53,650,000,000 tested=3,527 found=0 n=718464250992835309861899 elapsed=2537s
progress: nodes=53,660,000,000 tested=3,527 found=0 n=791366918235365879257851 elapsed=2537s
progress: nodes=53,670,000,000 tested=3,527 found=0 n=916869845702834746069347 elapsed=2538s
progress: nodes=53,680,000,000 tested=3,527 found=0 n=135280299029955679943343 elapsed=2538s
progress: nodes=53,690,000,000 tested=3,527 found=0 n=334700429138034876867951 elapsed=2539s
progress: nodes=53,700,000,000 tested=3,527 found=0 n=582362082496051355617119 elapsed=2539s
progress: nodes=53,710,000,000 tested=3,527 found=0 n=870768276383333879852301 elapsed=2540s
progress: nodes=53,720,000,000 tested=3,527 found=0 n=238538394158150095550541 elapsed=2540s
progress: nodes=53,730,000,000 tested=3,527 found=0 n=595541533334298261239529 elapsed=2541s
progress: nodes=53,740,000,000 tested=3,527 found=0 n=66820576725245446444341 elapsed=2541s
progress: nodes=53,750,000,000 tested=3,527 found=0 n=485826402137014290431079 elapsed=2542s
progress: nodes=53,760,000,000 tested=3,527 found=0 n=979364385876394227907197 elapsed=2542s
progress: nodes=53,770,000,000 tested=3,527 found=0 n=537565268310476654050803 elapsed=2542s
progress: nodes=53,780,000,000 tested=3,527 found=0 n=162284163362239255768431 elapsed=2543s
progress: nodes=53,790,000,000 tested=3,527 found=0 n=767319175527350729039757 elapsed=2543s
progress: nodes=53,800,000,000 tested=3,527 found=0 n=460945840884707686657149 elapsed=2544s
progress: nodes=53,810,000,000 tested=3,527 found=0 n=210867783019422466916979 elapsed=2544s
progress: nodes=53,820,000,000 tested=3,527 found=0 n=955324023838591914095589 elapsed=2545s
progress: nodes=53,830,000,000 tested=3,527 found=0 n=785309347450564329636243 elapsed=2545s
progress: nodes=53,840,000,000 tested=3,527 found=0 n=654703017841953962040159 elapsed=2546s
progress: nodes=53,850,000,000 tested=3,527 found=0 n=570140621758953330188103 elapsed=2546s
progress: nodes=53,860,000,000 tested=3,527 found=0 n=526109831911975122000189 elapsed=2547s
progress: nodes=53,870,000,000 tested=3,527 found=0 n=529864137402838662827403 elapsed=2547s
progress: nodes=53,880,000,000 tested=3,527 found=0 n=574284271865250375570141 elapsed=2548s
progress: nodes=53,890,000,000 tested=3,527 found=0 n=664152737501921387010291 elapsed=2548s
progress: nodes=53,900,000,000 tested=3,527 found=0 n=795454699318767329404563 elapsed=2548s
progress: nodes=53,910,000,000 tested=3,527 found=0 n=973746687108939461066349 elapsed=2549s
progress: nodes=53,920,000,000 tested=3,527 found=0 n=236818229270693377173867 elapsed=2549s
progress: nodes=53,930,000,000 tested=3,527 found=0 n=493347596951027647215387 elapsed=2550s
progress: nodes=53,940,000,000 tested=3,527 found=0 n=805154593707825579108891 elapsed=2550s
progress: nodes=53,950,000,000 tested=3,527 found=0 n=210072695164287183140913 elapsed=2551s
progress: nodes=53,960,000,000 tested=3,527 found=0 n=601751743999392523928391 elapsed=2551s
progress: nodes=53,970,000,000 tested=3,527 found=0 n=109180298294063985861873 elapsed=2552s
progress: nodes=53,980,000,000 tested=3,527 found=0 n=580585062788114998574961 elapsed=2552s
progress: nodes=53,990,000,000 tested=3,527 found=0 n=170074233154038521891583 elapsed=2553s
progress: nodes=54,000,000,000 tested=3,527 found=0 n=727985057249888653992777 elapsed=2553s
progress: nodes=54,010,000,000 tested=3,527 found=0 n=383715520650238230190737 elapsed=2554s
progress: nodes=54,020,000,000 tested=3,527 found=0 n=101175990322400545174623 elapsed=2554s
progress: nodes=54,030,000,000 tested=3,527 found=0 n=783795723608795215030713 elapsed=2555s
progress: nodes=54,040,000,000 tested=3,527 found=0 n=578455915514440881398481 elapsed=2555s
progress: nodes=54,050,000,000 tested=3,527 found=0 n=420793839605764393641873 elapsed=2555s
progress: nodes=54,060,000,000 tested=3,527 found=0 n=310282037194834118485071 elapsed=2556s
progress: nodes=54,070,000,000 tested=3,527 found=0 n=409084138360943600175621 elapsed=2556s
progress: nodes=54,080,000,000 tested=3,527 found=0 n=826434731456331914443527 elapsed=2557s
progress: nodes=54,090,000,000 tested=3,527 found=0 n=619491507736914681291423 elapsed=2557s
progress: nodes=54,100,000,000 tested=3,527 found=0 n=717174692420908489348581 elapsed=2558s
progress: nodes=54,110,000,000 tested=3,527 found=0 n=206259113996927697418713 elapsed=2558s
progress: nodes=54,120,000,000 tested=3,527 found=0 n=898499172607094689167537 elapsed=2559s
progress: nodes=54,130,000,000 tested=3,527 found=0 n=140179533040424795568651 elapsed=2559s
progress: nodes=54,140,000,000 tested=3,527 found=0 n=578722308427844416935099 elapsed=2560s
progress: nodes=54,150,000,000 tested=3,527 found=0 n=464532025064792862384207 elapsed=2560s
progress: nodes=54,160,000,000 tested=3,527 found=0 n=663293437061494390738587 elapsed=2561s
progress: nodes=54,170,000,000 tested=3,527 found=0 n=343838552838623798812857 elapsed=2561s
progress: nodes=54,180,000,000 tested=3,527 found=0 n=407818008582384885532047 elapsed=2562s
progress: nodes=54,190,000,000 tested=3,527 found=0 n=803297591196491707447131 elapsed=2562s
progress: nodes=54,200,000,000 tested=3,527 found=0 n=666629552031172472275533 elapsed=2563s
progress: nodes=54,210,000,000 tested=3,527 found=0 n=849053536739323663957209 elapsed=2563s
progress: nodes=54,220,000,000 tested=3,527 found=0 n=562465547654143280079933 elapsed=2563s
progress: nodes=54,230,000,000 tested=3,527 found=0 n=613258975612520738223723 elapsed=2564s
progress: nodes=54,240,000,000 tested=3,527 found=0 n=200292052210455327625503 elapsed=2564s
progress: nodes=54,250,000,000 tested=3,527 found=0 n=155571921575737485852033 elapsed=2565s
progress: nodes=54,260,000,000 tested=3,527 found=0 n=430350689725079307467283 elapsed=2565s
progress: nodes=54,270,000,000 tested=3,527 found=0 n=237076564776703050161763 elapsed=2566s
progress: nodes=54,280,000,000 tested=3,527 found=0 n=361775937383404077963429 elapsed=2566s
progress: nodes=54,290,000,000 tested=3,527 found=0 n=807262521187472911531971 elapsed=2567s
progress: nodes=54,300,000,000 tested=3,527 found=0 n=773048663339443045453899 elapsed=2567s
progress: nodes=54,310,000,000 tested=3,527 found=0 n=304153357332773263231917 elapsed=2568s
progress: nodes=54,320,000,000 tested=3,527 found=0 n=204429488846934763038627 elapsed=2568s
progress: nodes=54,330,000,000 tested=3,527 found=0 n=415540121030775902354193 elapsed=2569s
progress: nodes=54,340,000,000 tested=3,527 found=0 n=234422819055582035697819 elapsed=2569s
progress: nodes=54,350,000,000 tested=3,527 found=0 n=351193048698993089940351 elapsed=2570s
progress: nodes=54,360,000,000 tested=3,527 found=0 n=87912414471819888011061 elapsed=2570s
progress: nodes=54,370,000,000 tested=3,527 found=0 n=115446482692263868804659 elapsed=2571s
progress: nodes=54,380,000,000 tested=3,527 found=0 n=439050218462282030727123 elapsed=2571s
progress: nodes=54,390,000,000 tested=3,527 found=0 n=375917030782199694060273 elapsed=2571s
progress: nodes=54,400,000,000 tested=3,527 found=0 n=609250874689797019052373 elapsed=2572s
progress: nodes=54,410,000,000 tested=3,527 found=0 n=444325112122836813940071 elapsed=2572s
progress: nodes=54,420,000,000 tested=3,527 found=0 n=592698508666051510513791 elapsed=2573s
progress: nodes=54,430,000,000 tested=3,527 found=0 n=409316436608333905153503 elapsed=2573s
progress: nodes=54,440,000,000 tested=3,527 found=0 n=543880540250067502515033 elapsed=2574s
progress: nodes=54,450,000,000 tested=3,527 found=0 n=332283720712364223916113 elapsed=2574s
progress: nodes=54,460,000,000 tested=3,527 found=0 n=444615808236579141501339 elapsed=2575s
progress: nodes=54,470,000,000 tested=3,527 found=0 n=259610045323842686185713 elapsed=2575s
progress: nodes=54,480,000,000 tested=3,527 found=0 n=424234247514176848818069 elapsed=2576s
progress: nodes=54,490,000,000 tested=3,527 found=0 n=254049122995544941411347 elapsed=2576s
progress: nodes=54,500,000,000 tested=3,527 found=0 n=381243358735488985104369 elapsed=2577s
progress: nodes=54,510,000,000 tested=3,527 found=0 n=191171301293489200685001 elapsed=2577s
progress: nodes=54,520,000,000 tested=3,527 found=0 n=347733246057555594517281 elapsed=2578s
progress: nodes=54,530,000,000 tested=3,527 found=0 n=222901567152818469724809 elapsed=2578s
progress: nodes=54,540,000,000 tested=3,527 found=0 n=379950683712749506520163 elapsed=2579s
progress: nodes=54,550,000,000 tested=3,527 found=0 n=267196466718452898479853 elapsed=2579s
progress: nodes=54,560,000,000 tested=3,527 found=0 n=499272484744569644779671 elapsed=2579s
progress: nodes=54,570,000,000 tested=3,527 found=0 n=446476392987918238908963 elapsed=2580s
progress: nodes=54,580,000,000 tested=3,527 found=0 n=127855856502820305528669 elapsed=2580s
progress: nodes=54,590,000,000 tested=3,527 found=0 n=134453380938026612124663 elapsed=2581s
progress: nodes=54,600,000,000 tested=3,527 found=0 n=446710840985850718528251 elapsed=2581s
progress: nodes=54,610,000,000 tested=3,527 found=0 n=530672810064669755656173 elapsed=2582s
progress: nodes=54,620,000,000 tested=3,527 found=0 n=372762684999070181538723 elapsed=2582s
progress: nodes=54,630,000,000 tested=3,527 found=0 n=561973983021139459982211 elapsed=2583s
progress: nodes=54,640,000,000 tested=3,527 found=0 n=509158303562196355324257 elapsed=2583s
progress: nodes=54,650,000,000 tested=3,527 found=0 n=236981485733819724124227 elapsed=2584s
progress: nodes=54,660,000,000 tested=3,527 found=0 n=299055773812100339493459 elapsed=2584s
progress: nodes=54,670,000,000 tested=3,527 found=0 n=133067597741706054896469 elapsed=2585s
progress: nodes=54,680,000,000 tested=3,527 found=0 n=285520508101738639801071 elapsed=2585s
progress: nodes=54,690,000,000 tested=3,527 found=0 n=213976351809311681789199 elapsed=2586s
progress: nodes=54,700,000,000 tested=3,527 found=0 n=517791138552994609682379 elapsed=2586s
progress: nodes=54,710,000,000 tested=3,527 found=0 n=122835270541753858519431 elapsed=2587s
progress: nodes=54,720,000,000 tested=3,527 found=0 n=566685861259253369985351 elapsed=2587s
progress: nodes=54,730,000,000 tested=3,527 found=0 n=301809381383311883338257 elapsed=2588s
progress: nodes=54,740,000,000 tested=3,527 found=0 n=369542658584593590044949 elapsed=2588s
progress: nodes=54,750,000,000 tested=3,527 found=0 n=266798375193497858193483 elapsed=2588s
progress: nodes=54,760,000,000 tested=3,527 found=0 n=495367051280182952603733 elapsed=2589s
progress: nodes=54,770,000,000 tested=3,527 found=0 n=560879611456749802744527 elapsed=2589s
progress: nodes=54,780,000,000 tested=3,527 found=0 n=452945464856522589892941 elapsed=2590s
progress: nodes=54,790,000,000 tested=3,527 found=0 n=170851167138384424610919 elapsed=2590s
progress: nodes=54,800,000,000 tested=3,527 found=0 n=228682839590834112430947 elapsed=2591s
progress: nodes=54,810,000,000 tested=3,527 found=0 n=135798040171356496800867 elapsed=2591s
progress: nodes=54,820,000,000 tested=3,527 found=0 n=374318616314538946137087 elapsed=2592s
progress: nodes=54,830,000,000 tested=3,527 found=0 n=477855220718634510000249 elapsed=2592s
progress: nodes=54,840,000,000 tested=3,527 found=0 n=427576964230956425985099 elapsed=2593s
progress: nodes=54,850,000,000 tested=3,527 found=0 n=231734053762340623707213 elapsed=2593s
progress: nodes=54,860,000,000 tested=3,527 found=0 n=367264814199798239353629 elapsed=2594s
progress: nodes=54,870,000,000 tested=3,527 found=0 n=376530960149072543924109 elapsed=2594s
progress: nodes=54,880,000,000 tested=3,527 found=0 n=244014982585905372534693 elapsed=2595s
progress: nodes=54,890,000,000 tested=3,527 found=0 n=452961955778153343771249 elapsed=2595s
progress: nodes=54,900,000,000 tested=3,527 found=0 n=139286557094422314547971 elapsed=2596s
progress: nodes=54,910,000,000 tested=3,527 found=0 n=165961748560704723047421 elapsed=2596s
progress: nodes=54,920,000,000 tested=3,527 found=0 n=521901721712323151766567 elapsed=2597s
progress: nodes=54,930,000,000 tested=3,527 found=0 n=325275781524712152847713 elapsed=2597s
progress: nodes=54,940,000,000 tested=3,527 found=0 n=113595722552666909163609 elapsed=2598s
progress: nodes=54,950,000,000 tested=3,527 found=0 n=235368726054056096649147 elapsed=2598s
progress: nodes=54,960,000,000 tested=3,527 found=0 n=278922561827432963392953 elapsed=2598s
progress: nodes=54,970,000,000 tested=3,527 found=0 n=231615523883331227246607 elapsed=2599s
progress: nodes=54,980,000,000 tested=3,527 found=0 n=107397045756276360237153 elapsed=2599s
progress: nodes=54,990,000,000 tested=3,527 found=0 n=309308914881859326583149 elapsed=2600s
progress: nodes=55,000,000,000 tested=3,527 found=0 n=433954618208862399752103 elapsed=2600s
progress: nodes=55,010,000,000 tested=3,527 found=0 n=486275306540416980123537 elapsed=2601s
progress: nodes=55,020,000,000 tested=3,527 found=0 n=111954666127994157561093 elapsed=2601s
progress: nodes=55,030,000,000 tested=3,527 found=0 n=133840491992850680190153 elapsed=2602s
progress: nodes=55,040,000,000 tested=3,527 found=0 n=124719138057421506982383 elapsed=2602s
progress: nodes=55,050,000,000 tested=3,527 found=0 n=462286274286919018677741 elapsed=2603s
progress: nodes=55,060,000,000 tested=3,527 found=0 n=361193322708466758182673 elapsed=2603s
progress: nodes=55,070,000,000 tested=3,527 found=0 n=216598779324277290393453 elapsed=2604s
progress: nodes=55,080,000,000 tested=3,527 found=0 n=417453295098032740588041 elapsed=2604s
progress: nodes=55,090,000,000 tested=3,527 found=0 n=192729314505940650218781 elapsed=2605s
progress: nodes=55,100,000,000 tested=3,527 found=0 n=351765643280829948841671 elapsed=2605s
progress: nodes=55,110,000,000 tested=3,527 found=0 n=106098377685882007967541 elapsed=2606s
progress: nodes=55,120,000,000 tested=3,527 found=0 n=231167694376190148217641 elapsed=2606s
progress: nodes=55,130,000,000 tested=3,527 found=0 n=361663893653298560112789 elapsed=2607s
progress: nodes=55,140,000,000 tested=3,527 found=0 n=118437355333188589670973 elapsed=2607s
progress: nodes=55,150,000,000 tested=3,527 found=0 n=222827463930432001547907 elapsed=2608s
progress: nodes=55,160,000,000 tested=3,527 found=0 n=329582587640261963154147 elapsed=2608s
progress: nodes=55,170,000,000 tested=3,527 found=0 n=450738563538322994996061 elapsed=2608s
progress: nodes=55,180,000,000 tested=3,527 found=0 n=240453001737311605779537 elapsed=2609s
progress: nodes=55,190,000,000 tested=3,527 found=0 n=397529045915630437259451 elapsed=2609s
progress: nodes=55,200,000,000 tested=3,527 found=0 n=195363155812982633332857 elapsed=2610s
progress: nodes=55,210,000,000 tested=3,527 found=0 n=354611010752847626120343 elapsed=2610s
progress: nodes=55,220,000,000 tested=3,527 found=0 n=151069216152106034193411 elapsed=2611s
progress: nodes=55,230,000,000 tested=3,527 found=0 n=323470650735076979615481 elapsed=2611s
progress: nodes=55,240,000,000 tested=3,527 found=0 n=202416153994741993234929 elapsed=2612s
progress: nodes=55,250,000,000 tested=3,527 found=0 n=134674657103590665284223 elapsed=2612s
progress: nodes=55,260,000,000 tested=3,527 found=0 n=445445300380135007785833 elapsed=2613s
progress: nodes=55,270,000,000 tested=3,527 found=0 n=127421411016508329619899 elapsed=2613s
progress: nodes=55,280,000,000 tested=3,527 found=0 n=229556673592007056756461 elapsed=2614s
progress: nodes=55,290,000,000 tested=3,527 found=0 n=407695681496035141542333 elapsed=2614s
progress: nodes=55,300,000,000 tested=3,527 found=0 n=331438552850038644743733 elapsed=2615s
progress: nodes=55,310,000,000 tested=3,527 found=0 n=341351983495860486147999 elapsed=2615s
progress: nodes=55,320,000,000 tested=3,527 found=0 n=429260947035586703370333 elapsed=2616s
progress: nodes=55,330,000,000 tested=3,527 found=0 n=250258107158093787215463 elapsed=2616s
progress: nodes=55,340,000,000 tested=3,527 found=0 n=151322592888028434894021 elapsed=2617s
progress: nodes=55,350,000,000 tested=3,527 found=0 n=134719231842261754038351 elapsed=2617s
progress: nodes=55,360,000,000 tested=3,527 found=0 n=232588522417221207690453 elapsed=2618s
progress: nodes=55,370,000,000 tested=3,527 found=0 n=410410117923062412742587 elapsed=2618s
progress: nodes=55,380,000,000 tested=3,527 found=0 n=376556179393454970322413 elapsed=2619s
progress: nodes=55,390,000,000 tested=3,527 found=0 n=123203396855519076627531 elapsed=2619s
progress: nodes=55,400,000,000 tested=3,527 found=0 n=297577662337645254728163 elapsed=2619s
progress: nodes=55,410,000,000 tested=3,527 found=0 n=299559337182125868570723 elapsed=2620s
progress: nodes=55,420,000,000 tested=3,527 found=0 n=421169780488236035228973 elapsed=2620s
progress: nodes=55,430,000,000 tested=3,527 found=0 n=371341378653077732838939 elapsed=2621s
progress: nodes=55,440,000,000 tested=3,527 found=0 n=176061026059537659593553 elapsed=2621s
progress: nodes=55,450,000,000 tested=3,527 found=0 n=137001910360833676785627 elapsed=2622s
progress: nodes=55,460,000,000 tested=3,527 found=0 n=229606047009429450627267 elapsed=2622s
progress: nodes=55,470,000,000 tested=3,527 found=0 n=167625262181589135314391 elapsed=2623s
progress: nodes=55,480,000,000 tested=3,527 found=0 n=255046810126616105985387 elapsed=2623s
progress: nodes=55,490,000,000 tested=3,527 found=0 n=193286443833537104159109 elapsed=2624s
progress: nodes=55,500,000,000 tested=3,527 found=0 n=313233772308913370667753 elapsed=2624s
progress: nodes=55,510,000,000 tested=3,527 found=0 n=352643319582404290256817 elapsed=2625s
progress: nodes=55,520,000,000 tested=3,527 found=0 n=289319718481058223267309 elapsed=2625s
progress: nodes=55,530,000,000 tested=3,527 found=0 n=403278723289258919281179 elapsed=2626s
progress: nodes=55,540,000,000 tested=3,527 found=0 n=140796896680364032265157 elapsed=2626s
progress: nodes=55,550,000,000 tested=3,527 found=0 n=398540989115437412841597 elapsed=2627s
progress: nodes=55,560,000,000 tested=3,527 found=0 n=341721667306457739199899 elapsed=2627s
progress: nodes=55,570,000,000 tested=3,527 found=0 n=202196351947588575523947 elapsed=2628s
progress: nodes=55,580,000,000 tested=3,527 found=0 n=323506858205602846882107 elapsed=2628s
progress: nodes=55,590,000,000 tested=3,527 found=0 n=158398924098971501612667 elapsed=2629s
progress: nodes=55,600,000,000 tested=3,527 found=0 n=238623716004081124297581 elapsed=2629s
progress: nodes=55,610,000,000 tested=3,527 found=0 n=327499345844852865807123 elapsed=2630s
progress: nodes=55,620,000,000 tested=3,527 found=0 n=178751556303693098905179 elapsed=2630s
progress: nodes=55,630,000,000 tested=3,527 found=0 n=304711475694557037329223 elapsed=2631s
progress: nodes=55,640,000,000 tested=3,527 found=0 n=190329139496199588137253 elapsed=2631s
progress: nodes=55,650,000,000 tested=3,527 found=0 n=355138536131057487717909 elapsed=2632s
progress: nodes=55,660,000,000 tested=3,527 found=0 n=304224999727770071259309 elapsed=2632s
progress: nodes=55,670,000,000 tested=3,527 found=0 n=307734853776471250700571 elapsed=2633s
progress: nodes=55,680,000,000 tested=3,527 found=0 n=374721830834018983442127 elapsed=2633s
progress: nodes=55,690,000,000 tested=3,527 found=0 n=267091258495396412744667 elapsed=2634s
progress: nodes=55,700,000,000 tested=3,527 found=0 n=244569184860858404045499 elapsed=2634s
progress: nodes=55,710,000,000 tested=3,527 found=0 n=317364151297666578198093 elapsed=2634s
progress: nodes=55,720,000,000 tested=3,527 found=0 n=270991992379323842079453 elapsed=2635s
progress: nodes=55,730,000,000 tested=3,527 found=0 n=170505032739473541656547 elapsed=2635s
progress: nodes=55,740,000,000 tested=3,527 found=0 n=176945245730182512061479 elapsed=2636s
progress: nodes=55,750,000,000 tested=3,527 found=0 n=336080882844541381906359 elapsed=2636s
progress: nodes=55,760,000,000 tested=3,527 found=0 n=210145275094915073933019 elapsed=2637s
progress: nodes=55,770,000,000 tested=3,527 found=0 n=276788022485100686266707 elapsed=2637s
progress: nodes=55,780,000,000 tested=3,527 found=0 n=334198607168910411814887 elapsed=2638s
progress: nodes=55,790,000,000 tested=3,527 found=0 n=393215427824085375760251 elapsed=2638s
progress: nodes=55,800,000,000 tested=3,527 found=0 n=279483194948709115483119 elapsed=2639s
progress: nodes=55,810,000,000 tested=3,527 found=0 n=217560607419384714123639 elapsed=2639s
progress: nodes=55,820,000,000 tested=3,527 found=0 n=218288034616585584828177 elapsed=2640s
progress: nodes=55,830,000,000 tested=3,527 found=0 n=296717973240750725312649 elapsed=2640s
progress: nodes=55,840,000,000 tested=3,527 found=0 n=277890266094312361476987 elapsed=2641s
progress: nodes=55,850,000,000 tested=3,527 found=0 n=362285420828545750004469 elapsed=2641s
progress: nodes=55,860,000,000 tested=3,527 found=0 n=367206246807208563844089 elapsed=2642s
progress: nodes=55,870,000,000 tested=3,527 found=0 n=355749947382662679367521 elapsed=2642s
progress: nodes=55,880,000,000 tested=3,527 found=0 n=348073860494580930877167 elapsed=2643s
progress: nodes=55,890,000,000 tested=3,527 found=0 n=377623913458282431093153 elapsed=2643s
progress: nodes=55,900,000,000 tested=3,527 found=0 n=292881101217554496718071 elapsed=2644s
progress: nodes=55,910,000,000 tested=3,527 found=0 n=294561081753682095274923 elapsed=2644s
progress: nodes=55,920,000,000 tested=3,527 found=0 n=255712373847578557458549 elapsed=2645s
progress: nodes=55,930,000,000 tested=3,527 found=0 n=386067665041545046737177 elapsed=2645s
progress: nodes=55,940,000,000 tested=3,527 found=0 n=350287754782610311617951 elapsed=2646s
progress: nodes=55,950,000,000 tested=3,527 found=0 n=349318622258933514428241 elapsed=2646s
progress: nodes=55,960,000,000 tested=3,527 found=0 n=247259771253986671661481 elapsed=2647s
progress: nodes=55,970,000,000 tested=3,527 found=0 n=294100662645246390130197 elapsed=2647s
progress: nodes=55,980,000,000 tested=3,527 found=0 n=344178397188871008054291 elapsed=2648s
progress: nodes=55,990,000,000 tested=3,527 found=0 n=286463024255861996493951 elapsed=2648s
progress: nodes=56,000,000,000 tested=3,527 found=0 n=346872154816723631108013 elapsed=2649s
progress: nodes=56,010,000,000 tested=3,527 found=0 n=242963415852800813207037 elapsed=2649s
progress: nodes=56,020,000,000 tested=3,527 found=0 n=387344475941348424121623 elapsed=2650s
progress: nodes=56,030,000,000 tested=3,527 found=0 n=362643365080915485023457 elapsed=2650s
progress: nodes=56,040,000,000 tested=3,527 found=0 n=235319898119395152804741 elapsed=2651s
progress: nodes=56,050,000,000 tested=3,527 found=0 n=277417693363168769193783 elapsed=2651s
progress: nodes=56,060,000,000 tested=3,527 found=0 n=381897460992865209625233 elapsed=2652s
progress: nodes=56,070,000,000 tested=3,527 found=0 n=347034489518258630571483 elapsed=2652s
progress: nodes=56,080,000,000 tested=3,527 found=0 n=294809998810513631526081 elapsed=2653s
progress: nodes=56,090,000,000 tested=3,527 found=0 n=373176096525198321998643 elapsed=2653s
progress: nodes=56,100,000,000 tested=3,527 found=0 n=292221547845855062638203 elapsed=2654s
progress: nodes=56,110,000,000 tested=3,527 found=0 n=329588089708742030505339 elapsed=2654s
progress: nodes=56,120,000,000 tested=3,527 found=0 n=296864321410742852305539 elapsed=2655s
progress: nodes=56,130,000,000 tested=3,527 found=0 n=281839177095630468577263 elapsed=2655s
progress: nodes=56,140,000,000 tested=3,527 found=0 n=378300289633454305544427 elapsed=2656s
progress: nodes=56,150,000,000 tested=3,527 found=0 n=387191860977484032601131 elapsed=2656s
progress: nodes=56,160,000,000 tested=3,527 found=0 n=295454448066541205048607 elapsed=2657s
progress: nodes=56,170,000,000 tested=3,527 found=0 n=350507017705099511198943 elapsed=2657s
progress: nodes=56,180,000,000 tested=3,527 found=0 n=404821873644342673712193 elapsed=2658s
progress: nodes=56,190,000,000 tested=3,527 found=0 n=402945700907850299712513 elapsed=2658s
progress: nodes=56,200,000,000 tested=3,527 found=0 n=401253320524759093852461 elapsed=2659s
progress: nodes=56,210,000,000 tested=3,527 found=0 n=392075366733289076618781 elapsed=2660s
progress: nodes=56,220,000,000 tested=3,527 found=0 n=354461256319272615449937 elapsed=2660s
progress: nodes=56,230,000,000 tested=3,527 found=0 n=350507542617148085292123 elapsed=2661s
progress: nodes=56,240,000,000 tested=3,527 found=0 n=391551675234895183371363 elapsed=2661s
progress: nodes=56,250,000,000 tested=3,527 found=0 n=393972137802123421011471 elapsed=2662s
progress: nodes=56,260,000,000 tested=3,527 found=0 n=426500888682471772546377 elapsed=2662s
progress: nodes=56,270,000,000 tested=3,527 found=0 n=401857130611639541161323 elapsed=2663s
progress: nodes=56,280,000,000 tested=3,527 found=0 n=650165168046277895570559 elapsed=2663s
progress: nodes=56,290,000,000 tested=3,527 found=0 n=943547426231937006026547 elapsed=2663s
progress: nodes=56,300,000,000 tested=3,527 found=0 n=293158174870748671116633 elapsed=2664s
progress: nodes=56,310,000,000 tested=3,527 found=0 n=648009685506276861056289 elapsed=2664s
progress: nodes=56,320,000,000 tested=3,527 found=0 n=92848430460556616586741 elapsed=2665s
progress: nodes=56,330,000,000 tested=3,527 found=0 n=505695817463318630024877 elapsed=2665s
progress: nodes=56,340,000,000 tested=3,527 found=0 n=981931948610234226501897 elapsed=2666s
progress: nodes=56,350,000,000 tested=3,527 found=0 n=505077149031246456766101 elapsed=2666s
progress: nodes=56,360,000,000 tested=3,527 found=0 n=92050031550678875530857 elapsed=2667s
progress: nodes=56,370,000,000 tested=3,527 found=0 n=650075772403896695347491 elapsed=2667s
progress: nodes=56,380,000,000 tested=3,527 found=0 n=296333412633293669330697 elapsed=2668s
progress: nodes=56,390,000,000 tested=3,527 found=0 n=947775098494012510274553 elapsed=2668s
progress: nodes=56,400,000,000 tested=3,527 found=0 n=655524168469898861610477 elapsed=2668s
progress: nodes=56,410,000,000 tested=3,527 found=0 n=406092092622250850917101 elapsed=2669s
progress: nodes=56,420,000,000 tested=3,527 found=0 n=197980401310949400784641 elapsed=2669s
progress: nodes=56,430,000,000 tested=3,527 found=0 n=991607627923409861637273 elapsed=2670s
progress: nodes=56,440,000,000 tested=3,527 found=0 n=846225738778903964177697 elapsed=2670s
progress: nodes=56,450,000,000 tested=3,527 found=0 n=736855129926614947851603 elapsed=2671s
progress: nodes=56,460,000,000 tested=3,527 found=0 n=655804798492310662568373 elapsed=2671s
progress: nodes=56,470,000,000 tested=3,527 found=0 n=601869788364738114538317 elapsed=2672s
progress: nodes=56,480,000,000 tested=3,527 found=0 n=592003423574085425565663 elapsed=2672s
progress: nodes=56,490,000,000 tested=3,527 found=0 n=627503744398834742460021 elapsed=2673s
progress: nodes=56,500,000,000 tested=3,527 found=0 n=695234405956366072199403 elapsed=2673s
progress: nodes=56,510,000,000 tested=3,527 found=0 n=797784132082015205388261 elapsed=2673s
progress: nodes=56,520,000,000 tested=3,527 found=0 n=937666607420982361805883 elapsed=2674s
progress: nodes=56,530,000,000 tested=3,527 found=0 n=153368101347764439647511 elapsed=2674s
progress: nodes=56,540,000,000 tested=3,527 found=0 n=355773461530807809708219 elapsed=2675s
progress: nodes=56,550,000,000 tested=3,527 found=0 n=601034605567471266988797 elapsed=2675s
progress: nodes=56,560,000,000 tested=3,527 found=0 n=893366962035095274715989 elapsed=2676s
progress: nodes=56,570,000,000 tested=3,527 found=0 n=250991508393355531218417 elapsed=2676s
progress: nodes=56,580,000,000 tested=3,527 found=0 n=608337564817602336557841 elapsed=2677s
progress: nodes=56,590,000,000 tested=3,527 found=0 n=67990540512921670803159 elapsed=2677s
progress: nodes=56,600,000,000 tested=3,527 found=0 n=478356846273731099277603 elapsed=2678s
progress: nodes=56,610,000,000 tested=3,527 found=0 n=962564112804243317014647 elapsed=2678s
progress: nodes=56,620,000,000 tested=3,527 found=0 n=498521906082610972651089 elapsed=2678s
progress: nodes=56,630,000,000 tested=3,527 found=0 n=107543372038091060762691 elapsed=2679s
progress: nodes=56,640,000,000 tested=3,527 found=0 n=689023794850995400854057 elapsed=2679s
progress: nodes=56,650,000,000 tested=3,527 found=0 n=359824881433041328050747 elapsed=2680s
progress: nodes=56,660,000,000 tested=3,527 found=0 n=92347643400121386476199 elapsed=2680s
progress: nodes=56,670,000,000 tested=3,527 found=0 n=788861765268272392840143 elapsed=2681s
progress: nodes=56,680,000,000 tested=3,527 found=0 n=572168333087049313712097 elapsed=2681s
progress: nodes=56,690,000,000 tested=3,527 found=0 n=395801188223343728738913 elapsed=2682s
progress: nodes=56,700,000,000 tested=3,527 found=0 n=258151477707492434438373 elapsed=2682s
progress: nodes=56,710,000,000 tested=3,527 found=0 n=159683480398061150632101 elapsed=2683s
progress: nodes=56,720,000,000 tested=3,527 found=0 n=99871955830205704071927 elapsed=2683s
progress: nodes=56,730,000,000 tested=3,527 found=0 n=76497987417815137787613 elapsed=2684s
progress: nodes=56,740,000,000 tested=3,527 found=0 n=90105825863404127013237 elapsed=2684s
progress: nodes=56,750,000,000 tested=3,527 found=0 n=139500142264960282424619 elapsed=2684s
progress: nodes=56,760,000,000 tested=3,527 found=0 n=229132179632184251740317 elapsed=2685s
progress: nodes=56,770,000,000 tested=3,527 found=0 n=357471213140853257242797 elapsed=2685s
progress: nodes=56,780,000,000 tested=3,527 found=0 n=527370733631286099786231 elapsed=2686s
progress: nodes=56,790,000,000 tested=3,527 found=0 n=746300817468931013171883 elapsed=2686s
progress: nodes=56,800,000,000 tested=3,527 found=0 n=61098198757049907023571 elapsed=2687s
progress: nodes=56,810,000,000 tested=3,527 found=0 n=335913297347282554750851 elapsed=2687s
progress: nodes=56,820,000,000 tested=3,527 found=0 n=670870936816219695839283 elapsed=2688s
progress: nodes=56,830,000,000 tested=3,527 found=0 n=97122405432272947557831 elapsed=2688s
progress: nodes=56,840,000,000 tested=3,527 found=0 n=487798781099727900669867 elapsed=2689s
progress: nodes=56,850,000,000 tested=3,527 found=0 n=945687365421366994655229 elapsed=2689s
progress: nodes=56,860,000,000 tested=3,527 found=0 n=457947682480846070680167 elapsed=2690s
progress: nodes=56,870,000,000 tested=3,527 found=0 n=988284931510802070944799 elapsed=2690s
progress: nodes=56,880,000,000 tested=3,527 found=0 n=580251568288320539197587 elapsed=2690s
progress: nodes=56,890,000,000 tested=3,527 found=0 n=228609711470565923160663 elapsed=2691s
progress: nodes=56,900,000,000 tested=3,527 found=0 n=875934788231358027311139 elapsed=2691s
progress: nodes=56,910,000,000 tested=3,527 found=0 n=601619050215082018932813 elapsed=2692s
progress: nodes=56,920,000,000 tested=3,527 found=0 n=373229487765044549427789 elapsed=2692s
progress: nodes=56,930,000,000 tested=3,527 found=0 n=188594111553332858700327 elapsed=2693s
progress: nodes=56,940,000,000 tested=3,527 found=0 n=986892565907525962587903 elapsed=2693s
progress: nodes=56,950,000,000 tested=3,527 found=0 n=862926570292725395508051 elapsed=2694s
progress: nodes=56,960,000,000 tested=3,527 found=0 n=781163819431815133250937 elapsed=2694s
progress: nodes=56,970,000,000 tested=3,527 found=0 n=744936513004535091873633 elapsed=2695s
progress: nodes=56,980,000,000 tested=3,527 found=0 n=756086339708495908074963 elapsed=2695s
progress: nodes=56,990,000,000 tested=3,527 found=0 n=807921480786538228839729 elapsed=2696s
progress: nodes=57,000,000,000 tested=3,527 found=0 n=902749357741017013055829 elapsed=2696s
progress: nodes=57,010,000,000 tested=3,527 found=0 n=96704004077545544687007 elapsed=2697s
progress: nodes=57,020,000,000 tested=3,527 found=0 n=272976280541481759631389 elapsed=2697s
progress: nodes=57,030,000,000 tested=3,527 found=0 n=499536893852811696128247 elapsed=2698s
progress: nodes=57,040,000,000 tested=3,527 found=0 n=774467054370292999544829 elapsed=2698s
progress: nodes=57,050,000,000 tested=3,527 found=0 n=132313621288882073697657 elapsed=2699s
progress: nodes=57,060,000,000 tested=3,527 found=0 n=462590901857237607064611 elapsed=2699s
progress: nodes=57,070,000,000 tested=3,527 found=0 n=853051698558311881469841 elapsed=2700s
progress: nodes=57,080,000,000 tested=3,527 found=0 n=320069982724309351054521 elapsed=2700s
progress: nodes=57,090,000,000 tested=3,527 found=0 n=784037885939084615912073 elapsed=2701s
progress: nodes=57,100,000,000 tested=3,527 found=0 n=355728862710667263780963 elapsed=2701s
progress: nodes=57,110,000,000 tested=3,527 found=0 n=222006155902414284874473 elapsed=2702s
progress: nodes=57,120,000,000 tested=3,527 found=0 n=439777598602252432042521 elapsed=2702s
progress: nodes=57,130,000,000 tested=3,527 found=0 n=116436564162947760704973 elapsed=2703s
progress: nodes=57,140,000,000 tested=3,527 found=0 n=109548556182684932316003 elapsed=2703s
progress: nodes=57,150,000,000 tested=3,527 found=0 n=445728292174858384070379 elapsed=2704s
progress: nodes=57,160,000,000 tested=3,527 found=0 n=284768345579597589438729 elapsed=2704s
progress: nodes=57,170,000,000 tested=3,527 found=0 n=493481908109115448816293 elapsed=2704s
progress: nodes=57,180,000,000 tested=3,527 found=0 n=139555814992308752070033 elapsed=2705s
progress: nodes=57,190,000,000 tested=3,527 found=0 n=126024290738835909080661 elapsed=2705s
progress: nodes=57,200,000,000 tested=3,527 found=0 n=432948117404036905079409 elapsed=2706s
progress: nodes=57,210,000,000 tested=3,527 found=0 n=289462138696156475082033 elapsed=2706s
progress: nodes=57,220,000,000 tested=3,527 found=0 n=469804862456039724961347 elapsed=2707s
progress: nodes=57,230,000,000 tested=3,527 found=0 n=151585831932774167575647 elapsed=2707s
progress: nodes=57,240,000,000 tested=3,527 found=0 n=159796917402949994306139 elapsed=2708s
progress: nodes=57,250,000,000 tested=3,527 found=0 n=520784084932788864938751 elapsed=2708s
progress: nodes=57,260,000,000 tested=3,527 found=0 n=420137254415603724388389 elapsed=2709s
progress: nodes=57,270,000,000 tested=3,527 found=0 n=677498832416019726803691 elapsed=2709s
progress: nodes=57,280,000,000 tested=3,527 found=0 n=504574064218700614397259 elapsed=2710s
progress: nodes=57,290,000,000 tested=3,527 found=0 n=676405715670772199169057 elapsed=2710s
progress: nodes=57,300,000,000 tested=3,527 found=0 n=428558022999585777629331 elapsed=2711s
progress: nodes=57,310,000,000 tested=3,527 found=0 n=507164206782610905008481 elapsed=2711s
progress: nodes=57,320,000,000 tested=3,527 found=0 n=136869506440208194481829 elapsed=2712s
progress: nodes=57,330,000,000 tested=3,527 found=0 n=96606791254884513894291 elapsed=2712s
progress: nodes=57,340,000,000 tested=3,527 found=0 n=373754556922949414453241 elapsed=2713s
progress: nodes=57,350,000,000 tested=3,527 found=0 n=318865530621975852507993 elapsed=2713s
progress: nodes=57,360,000,000 tested=3,527 found=0 n=565085047679382200671701 elapsed=2714s
progress: nodes=57,370,000,000 tested=3,527 found=0 n=382768251899687084011581 elapsed=2714s
progress: nodes=57,380,000,000 tested=3,527 found=0 n=530349555098515121066097 elapsed=2715s
progress: nodes=57,390,000,000 tested=3,527 found=0 n=290024841145869944665551 elapsed=2715s
progress: nodes=57,400,000,000 tested=3,527 found=0 n=347486226716183260909203 elapsed=2716s
progress: nodes=57,410,000,000 tested=3,527 found=0 n=729547227201187293189291 elapsed=2716s
progress: nodes=57,420,000,000 tested=3,527 found=0 n=88193612434656031310007 elapsed=2716s
progress: nodes=57,430,000,000 tested=3,527 found=0 n=425450732580428770746531 elapsed=2717s
progress: nodes=57,440,000,000 tested=3,527 found=0 n=412789323231218992711653 elapsed=2717s
progress: nodes=57,450,000,000 tested=3,527 found=0 n=100960104881614887845937 elapsed=2718s
progress: nodes=57,460,000,000 tested=3,527 found=0 n=149268001077231790951197 elapsed=2718s
progress: nodes=57,470,000,000 tested=3,527 found=0 n=530541881923744939509261 elapsed=2719s
progress: nodes=57,480,000,000 tested=3,527 found=0 n=581802715867585008783987 elapsed=2719s
progress: nodes=57,490,000,000 tested=3,527 found=0 n=352959854914514919610539 elapsed=2720s
progress: nodes=57,500,000,000 tested=3,527 found=0 n=461322517570830940523499 elapsed=2720s
progress: nodes=57,510,000,000 tested=3,527 found=0 n=304854923121758835346521 elapsed=2721s
progress: nodes=57,520,000,000 tested=3,527 found=0 n=502882391632082364689787 elapsed=2721s
progress: nodes=57,530,000,000 tested=3,527 found=0 n=401862280020452770532013 elapsed=2722s
progress: nodes=57,540,000,000 tested=3,527 found=0 n=636510875603107131047421 elapsed=2722s
progress: nodes=57,550,000,000 tested=3,527 found=0 n=565487193755198260709163 elapsed=2723s
progress: nodes=57,560,000,000 tested=3,527 found=0 n=227063295122921767889379 elapsed=2723s
progress: nodes=57,570,000,000 tested=3,527 found=0 n=250697246666625849543453 elapsed=2724s
progress: nodes=57,580,000,000 tested=3,527 found=0 n=601424943497834244287499 elapsed=2724s
progress: nodes=57,590,000,000 tested=3,527 found=0 n=117182907903734916906663 elapsed=2724s
progress: nodes=57,600,000,000 tested=3,527 found=0 n=520900377436054306714023 elapsed=2725s
progress: nodes=57,610,000,000 tested=3,527 found=0 n=110619479235741661001817 elapsed=2725s
progress: nodes=57,620,000,000 tested=3,527 found=0 n=568384977698929339857909 elapsed=2726s
progress: nodes=57,630,000,000 tested=3,527 found=0 n=220828733490164057214957 elapsed=2726s
progress: nodes=57,640,000,000 tested=3,527 found=0 n=184774636048327149185361 elapsed=2727s
progress: nodes=57,650,000,000 tested=3,527 found=0 n=467988228912131221505211 elapsed=2727s
progress: nodes=57,660,000,000 tested=3,527 found=0 n=559863162826257262353381 elapsed=2728s
progress: nodes=57,670,000,000 tested=3,527 found=0 n=432523711313609017913811 elapsed=2728s
progress: nodes=57,680,000,000 tested=3,527 found=0 n=115435240156200292110783 elapsed=2729s
progress: nodes=57,690,000,000 tested=3,527 found=0 n=147552529813727331261969 elapsed=2729s
progress: nodes=57,700,000,000 tested=3,527 found=0 n=534804139044257966734851 elapsed=2730s
progress: nodes=57,710,000,000 tested=3,527 found=0 n=178613052397146385289271 elapsed=2730s
progress: nodes=57,720,000,000 tested=3,527 found=0 n=152521530511207810775823 elapsed=2731s
progress: nodes=57,730,000,000 tested=3,527 found=0 n=463396767453611533490949 elapsed=2731s
progress: nodes=57,740,000,000 tested=3,527 found=0 n=109126058543441200724463 elapsed=2732s
progress: nodes=57,750,000,000 tested=3,527 found=0 n=564990837701052853211121 elapsed=2732s
progress: nodes=57,760,000,000 tested=3,527 found=0 n=374027042679211043705583 elapsed=2733s
progress: nodes=57,770,000,000 tested=3,527 found=0 n=532624381471997173422063 elapsed=2733s
progress: nodes=57,780,000,000 tested=3,527 found=0 n=524726451462103571253573 elapsed=2734s
progress: nodes=57,790,000,000 tested=3,527 found=0 n=366071909720803932586941 elapsed=2734s
progress: nodes=57,800,000,000 tested=3,527 found=0 n=78351294403019143274769 elapsed=2735s
progress: nodes=57,810,000,000 tested=3,527 found=0 n=140715426804822953276193 elapsed=2735s
progress: nodes=57,820,000,000 tested=3,527 found=0 n=539232162149522271443013 elapsed=2735s
progress: nodes=57,830,000,000 tested=3,527 found=0 n=342309806008740775444239 elapsed=2736s
progress: nodes=57,840,000,000 tested=3,527 found=0 n=498219813952055347299147 elapsed=2736s
progress: nodes=57,850,000,000 tested=3,527 found=0 n=80801703905620052261907 elapsed=2737s
progress: nodes=57,860,000,000 tested=3,527 found=0 n=434445402049045198784973 elapsed=2737s
progress: nodes=57,870,000,000 tested=3,527 found=0 n=216079581541114513421199 elapsed=2738s
progress: nodes=57,880,000,000 tested=3,527 found=0 n=364081894568258423149593 elapsed=2738s
progress: nodes=57,890,000,000 tested=3,527 found=0 n=449094110937343831762803 elapsed=2739s
progress: nodes=57,900,000,000 tested=3,527 found=0 n=430039199405279902757319 elapsed=2739s
progress: nodes=57,910,000,000 tested=3,527 found=0 n=312654344492295242714277 elapsed=2740s
progress: nodes=57,920,000,000 tested=3,527 found=0 n=121435687873449946407411 elapsed=2740s
progress: nodes=57,930,000,000 tested=3,527 found=0 n=262426239932283748880559 elapsed=2741s
progress: nodes=57,940,000,000 tested=3,527 found=0 n=342069347133516437127693 elapsed=2741s
progress: nodes=57,950,000,000 tested=3,527 found=0 n=349929953149735015628571 elapsed=2742s
progress: nodes=57,960,000,000 tested=3,527 found=0 n=268178815314110996472177 elapsed=2742s
progress: nodes=57,970,000,000 tested=3,527 found=0 n=136874493472550777152209 elapsed=2743s
progress: nodes=57,980,000,000 tested=3,527 found=0 n=345137363249292437332509 elapsed=2743s
progress: nodes=57,990,000,000 tested=3,527 found=0 n=98162641696484515108959 elapsed=2744s
progress: nodes=58,000,000,000 tested=3,527 found=0 n=193977239918104902127869 elapsed=2744s
progress: nodes=58,010,000,000 tested=3,527 found=0 n=235745208867329324892729 elapsed=2745s
progress: nodes=58,020,000,000 tested=3,527 found=0 n=233690881335120863430777 elapsed=2745s
progress: nodes=58,030,000,000 tested=3,527 found=0 n=190921602463479481060467 elapsed=2746s
progress: nodes=58,040,000,000 tested=3,527 found=0 n=98226520265212130502711 elapsed=2746s
progress: nodes=58,050,000,000 tested=3,527 found=0 n=367003511697518808269157 elapsed=2747s
progress: nodes=58,060,000,000 tested=3,527 found=0 n=251893090188928208063043 elapsed=2747s
progress: nodes=58,070,000,000 tested=3,527 found=0 n=115653715742051504450433 elapsed=2748s
progress: nodes=58,080,000,000 tested=3,527 found=0 n=332110623652856839854063 elapsed=2748s
progress: nodes=58,090,000,000 tested=3,527 found=0 n=218035008981756116683533 elapsed=2749s
progress: nodes=58,100,000,000 tested=3,527 found=0 n=98307465753913578189027 elapsed=2749s
progress: nodes=58,110,000,000 tested=3,527 found=0 n=343475394191737376191623 elapsed=2750s
progress: nodes=58,120,000,000 tested=3,527 found=0 n=219887159581069299217899 elapsed=2750s
progress: nodes=58,130,000,000 tested=3,527 found=0 n=100109278066736353552137 elapsed=2751s
progress: nodes=58,140,000,000 tested=3,527 found=0 n=329609478546021874503303 elapsed=2751s
progress: nodes=58,150,000,000 tested=3,527 found=0 n=214838567338252662631827 elapsed=2752s
progress: nodes=58,160,000,000 tested=3,527 found=0 n=165371892425726777882091 elapsed=2752s
progress: nodes=58,170,000,000 tested=3,527 found=0 n=172267965546398089797429 elapsed=2753s
progress: nodes=58,180,000,000 tested=3,527 found=0 n=220492284866593353234621 elapsed=2753s
progress: nodes=58,190,000,000 tested=3,527 found=0 n=299303488386014975864001 elapsed=2754s
progress: nodes=58,200,000,000 tested=3,527 found=0 n=411187818556986174450747 elapsed=2754s
progress: nodes=58,210,000,000 tested=3,527 found=0 n=191522846648386082909079 elapsed=2755s
progress: nodes=58,220,000,000 tested=3,527 found=0 n=365280116502913768937781 elapsed=2755s
progress: nodes=58,230,000,000 tested=3,527 found=0 n=261995759545287228357897 elapsed=2756s
progress: nodes=58,240,000,000 tested=3,527 found=0 n=215803444235778106895187 elapsed=2756s
progress: nodes=58,250,000,000 tested=3,527 found=0 n=242152951254513115960143 elapsed=2757s
progress: nodes=58,260,000,000 tested=3,527 found=0 n=348297622242296035400091 elapsed=2757s
progress: nodes=58,270,000,000 tested=3,527 found=0 n=181221372946283996495169 elapsed=2758s
progress: nodes=58,280,000,000 tested=3,527 found=0 n=411652620983932882701147 elapsed=2758s
progress: nodes=58,290,000,000 tested=3,527 found=0 n=403842309587357869595367 elapsed=2759s
progress: nodes=58,300,000,000 tested=3,527 found=0 n=186788258733467041754103 elapsed=2759s
progress: nodes=58,310,000,000 tested=3,527 found=0 n=355024820924450190707193 elapsed=2760s
progress: nodes=58,320,000,000 tested=3,527 found=0 n=284363168027185263695679 elapsed=2760s
progress: nodes=58,330,000,000 tested=3,527 found=0 n=283102942560285106155897 elapsed=2761s
progress: nodes=58,340,000,000 tested=3,527 found=0 n=373440921996269722101507 elapsed=2761s
progress: nodes=58,350,000,000 tested=3,527 found=0 n=269108641554973203782799 elapsed=2762s
progress: nodes=58,360,000,000 tested=3,527 found=0 n=286338338070350346691911 elapsed=2762s
progress: nodes=58,370,000,000 tested=3,527 found=0 n=111687694072665275862297 elapsed=2763s
progress: nodes=58,380,000,000 tested=3,527 found=0 n=379521561359780494611957 elapsed=2763s
progress: nodes=58,390,000,000 tested=3,527 found=0 n=208989721752322777413147 elapsed=2764s
progress: nodes=58,400,000,000 tested=3,527 found=0 n=197849413556122374599553 elapsed=2764s
progress: nodes=58,410,000,000 tested=3,527 found=0 n=338448637252511638845993 elapsed=2765s
progress: nodes=58,420,000,000 tested=3,527 found=0 n=350300106934490839385259 elapsed=2765s
progress: nodes=58,430,000,000 tested=3,527 found=0 n=217439515752976603623537 elapsed=2766s
progress: nodes=58,440,000,000 tested=3,527 found=0 n=243227915777064730442931 elapsed=2766s
progress: nodes=58,450,000,000 tested=3,527 found=0 n=160762865730335302971537 elapsed=2767s
progress: nodes=58,460,000,000 tested=3,527 found=0 n=242831124569130451835481 elapsed=2767s
progress: nodes=58,470,000,000 tested=3,527 found=0 n=215253034536865809551067 elapsed=2768s
progress: nodes=58,480,000,000 tested=3,527 found=0 n=379622814631195229943849 elapsed=2768s
progress: nodes=58,490,000,000 tested=3,527 found=0 n=171260373318524340597747 elapsed=2769s
progress: nodes=58,500,000,000 tested=3,527 found=0 n=177460630099908461617311 elapsed=2769s
progress: nodes=58,510,000,000 tested=3,527 found=0 n=376574530507927801498449 elapsed=2770s
progress: nodes=58,520,000,000 tested=3,527 found=0 n=248476518405897021669429 elapsed=2770s
progress: nodes=58,530,000,000 tested=3,527 found=0 n=350617988121439942554651 elapsed=2771s
progress: nodes=58,540,000,000 tested=3,527 found=0 n=154025522759653890335991 elapsed=2771s
progress: nodes=58,550,000,000 tested=3,527 found=0 n=167811310998024394163463 elapsed=2772s
progress: nodes=58,560,000,000 tested=3,527 found=0 n=138056215969173128806179 elapsed=2772s
progress: nodes=58,570,000,000 tested=3,527 found=0 n=329235828466518272990691 elapsed=2773s
progress: nodes=58,580,000,000 tested=3,527 found=0 n=267606135829667304262593 elapsed=2773s
progress: nodes=58,590,000,000 tested=3,527 found=0 n=236782386745604402105403 elapsed=2774s
progress: nodes=58,600,000,000 tested=3,527 found=0 n=222011037615413790993249 elapsed=2774s
progress: nodes=58,610,000,000 tested=3,527 found=0 n=206071794897946022386341 elapsed=2775s
progress: nodes=58,620,000,000 tested=3,527 found=0 n=238245380904171772542411 elapsed=2775s
progress: nodes=58,630,000,000 tested=3,527 found=0 n=369259512891130945320237 elapsed=2776s
progress: nodes=58,640,000,000 tested=3,527 found=0 n=315082212414319516819653 elapsed=2776s
progress: nodes=58,650,000,000 tested=3,527 found=0 n=335775683790646671000429 elapsed=2777s
progress: nodes=58,660,000,000 tested=3,527 found=0 n=221139127052544882440259 elapsed=2777s
progress: nodes=58,670,000,000 tested=3,527 found=0 n=204865375769066903019129 elapsed=2778s
progress: nodes=58,680,000,000 tested=3,527 found=0 n=329858227824186617589033 elapsed=2778s
progress: nodes=58,690,000,000 tested=3,527 found=0 n=358754704934902232367411 elapsed=2779s
progress: nodes=58,700,000,000 tested=3,527 found=0 n=284317045846399091937411 elapsed=2779s
progress: nodes=58,710,000,000 tested=3,527 found=0 n=153278515514054294943579 elapsed=2780s
progress: nodes=58,720,000,000 tested=3,527 found=0 n=190782870960737205867717 elapsed=2780s
progress: nodes=58,730,000,000 tested=3,527 found=0 n=169839973984556549632959 elapsed=2781s
progress: nodes=58,740,000,000 tested=3,527 found=0 n=355204875077522099580951 elapsed=2781s
progress: nodes=58,750,000,000 tested=3,527 found=0 n=310001477054749693796583 elapsed=2782s
progress: nodes=58,760,000,000 tested=3,527 found=0 n=281170402716569358413421 elapsed=2782s
progress: nodes=58,770,000,000 tested=3,527 found=0 n=268234859172379556826369 elapsed=2783s
progress: nodes=58,780,000,000 tested=3,527 found=0 n=337352096995564811667507 elapsed=2783s
progress: nodes=58,790,000,000 tested=3,527 found=0 n=277232060929065372263133 elapsed=2784s
progress: nodes=58,800,000,000 tested=3,527 found=0 n=286289688049106760585567 elapsed=2784s
progress: nodes=58,810,000,000 tested=3,527 found=0 n=224024587737106893748011 elapsed=2785s
progress: nodes=58,820,000,000 tested=3,527 found=0 n=295709707650053745609561 elapsed=2785s
progress: nodes=58,830,000,000 tested=3,527 found=0 n=327082326931659222020097 elapsed=2786s
progress: nodes=58,840,000,000 tested=3,527 found=0 n=359960192539174920605913 elapsed=2786s
progress: nodes=58,850,000,000 tested=3,527 found=0 n=213343359019074777019527 elapsed=2787s
progress: nodes=58,860,000,000 tested=3,527 found=0 n=321543150659030693163771 elapsed=2787s
progress: nodes=58,870,000,000 tested=3,527 found=0 n=323721926975036029046607 elapsed=2788s
progress: nodes=58,880,000,000 tested=3,527 found=0 n=239740478332630412984847 elapsed=2788s
progress: nodes=58,890,000,000 tested=3,527 found=0 n=260733181015117867773717 elapsed=2789s
progress: nodes=58,900,000,000 tested=3,527 found=0 n=251331601807149047331147 elapsed=2789s
progress: nodes=58,910,000,000 tested=3,527 found=0 n=265508051007255030095121 elapsed=2790s
progress: nodes=58,920,000,000 tested=3,527 found=0 n=329949616991717172002553 elapsed=2790s
progress: nodes=58,930,000,000 tested=3,527 found=0 n=326306032130039073269157 elapsed=2791s
progress: nodes=58,940,000,000 tested=3,527 found=0 n=324049532084080420396779 elapsed=2791s
progress: nodes=58,950,000,000 tested=3,527 found=0 n=366700422563097761779641 elapsed=2792s
progress: nodes=58,960,000,000 tested=3,527 found=0 n=345796175082827640318147 elapsed=2792s
progress: nodes=58,970,000,000 tested=3,527 found=0 n=342999338413180871471049 elapsed=2793s
progress: nodes=58,980,000,000 tested=3,527 found=0 n=212091515275528248411051 elapsed=2793s
progress: nodes=58,990,000,000 tested=3,527 found=0 n=346205008244234846744037 elapsed=2794s
progress: nodes=59,000,000,000 tested=3,527 found=0 n=319878688615330637994201 elapsed=2794s
progress: nodes=59,010,000,000 tested=3,527 found=0 n=237266527443632571936051 elapsed=2795s
progress: nodes=59,020,000,000 tested=3,527 found=0 n=357666726047690237559381 elapsed=2795s
progress: nodes=59,030,000,000 tested=3,527 found=0 n=292221693478718621629011 elapsed=2796s
progress: nodes=59,040,000,000 tested=3,527 found=0 n=281115106733539693405791 elapsed=2796s
progress: nodes=59,050,000,000 tested=3,527 found=0 n=298127750466471453146619 elapsed=2797s
progress: nodes=59,060,000,000 tested=3,527 found=0 n=318185205998396048413101 elapsed=2797s
progress: nodes=59,070,000,000 tested=3,527 found=0 n=251479108289712931260633 elapsed=2798s
progress: nodes=59,080,000,000 tested=3,527 found=0 n=245525012792795875612473 elapsed=2798s
progress: nodes=59,090,000,000 tested=3,527 found=0 n=258152056967946053405493 elapsed=2799s
progress: nodes=59,100,000,000 tested=3,527 found=0 n=326597880035676862449837 elapsed=2800s
progress: nodes=59,110,000,000 tested=3,527 found=0 n=355080980144094590903517 elapsed=2800s
progress: nodes=59,120,000,000 tested=3,527 found=0 n=271999994493081996318177 elapsed=2801s
progress: nodes=59,130,000,000 tested=3,527 found=0 n=353287015664965101332613 elapsed=2801s
progress: nodes=59,140,000,000 tested=3,527 found=0 n=316644971762260568117691 elapsed=2802s
progress: nodes=59,150,000,000 tested=3,527 found=0 n=320078527314848510637429 elapsed=2802s
progress: nodes=59,160,000,000 tested=3,527 found=0 n=332169320262920967759933 elapsed=2803s
progress: nodes=59,170,000,000 tested=3,527 found=0 n=381792583314301325066901 elapsed=2803s
progress: nodes=59,180,000,000 tested=3,527 found=0 n=329199209952756190037991 elapsed=2804s
progress: nodes=59,190,000,000 tested=3,527 found=0 n=372342294670632113034207 elapsed=2804s
progress: nodes=59,200,000,000 tested=3,527 found=0 n=374633956585242384759729 elapsed=2805s
progress: nodes=59,210,000,000 tested=3,527 found=0 n=366274791008492390683659 elapsed=2805s
progress: nodes=59,220,000,000 tested=3,527 found=0 n=395526362940494750413449 elapsed=2806s
progress: nodes=59,230,000,000 tested=3,527 found=0 n=399798186370091264989233 elapsed=2806s
progress: nodes=59,240,000,000 tested=3,527 found=0 n=722946286095291057366567 elapsed=2807s
progress: nodes=59,250,000,000 tested=3,527 found=0 n=930067756197493209487191 elapsed=2807s
progress: nodes=59,260,000,000 tested=3,527 found=0 n=194019704746020049747851 elapsed=2808s
progress: nodes=59,270,000,000 tested=3,527 found=0 n=455699497237424568955827 elapsed=2808s
progress: nodes=59,280,000,000 tested=3,527 found=0 n=764555103134355257443719 elapsed=2808s
progress: nodes=59,290,000,000 tested=3,527 found=0 n=144967189497292649706219 elapsed=2809s
progress: nodes=59,300,000,000 tested=3,527 found=0 n=514621624448718314809281 elapsed=2809s
progress: nodes=59,310,000,000 tested=3,527 found=0 n=939472771078014832607949 elapsed=2810s
progress: nodes=59,320,000,000 tested=3,527 found=0 n=406508537791867301521731 elapsed=2810s
progress: nodes=59,330,000,000 tested=3,527 found=0 n=891782120656426092894801 elapsed=2811s
progress: nodes=59,340,000,000 tested=3,527 found=0 n=435694273220338449285969 elapsed=2811s
progress: nodes=59,350,000,000 tested=3,527 found=0 n=45859784874139142363457 elapsed=2812s
progress: nodes=59,360,000,000 tested=3,527 found=0 n=601833005708843801881989 elapsed=2812s
progress: nodes=59,370,000,000 tested=3,527 found=0 n=253289619736584967208673 elapsed=2812s
progress: nodes=59,380,000,000 tested=3,527 found=0 n=904363380320307991740657 elapsed=2813s
progress: nodes=59,390,000,000 tested=3,527 found=0 n=607479876695814178034979 elapsed=2813s
progress: nodes=59,400,000,000 tested=3,527 found=0 n=357919397918435398142097 elapsed=2814s
progress: nodes=59,410,000,000 tested=3,527 found=0 n=157354586704971725950881 elapsed=2814s
progress: nodes=59,420,000,000 tested=3,527 found=0 n=952960925374554513233817 elapsed=2815s
progress: nodes=59,430,000,000 tested=3,527 found=0 n=810030812816420608289877 elapsed=2815s
progress: nodes=59,440,000,000 tested=3,527 found=0 n=709446880785697540378893 elapsed=2816s
progress: nodes=59,450,000,000 tested=3,527 found=0 n=643879079609447083162761 elapsed=2816s
progress: nodes=59,460,000,000 tested=3,527 found=0 n=611348882107102175737701 elapsed=2817s
progress: nodes=59,470,000,000 tested=3,527 found=0 n=612539071180808645174301 elapsed=2817s
progress: nodes=59,480,000,000 tested=3,527 found=0 n=654166376123859574776801 elapsed=2817s
progress: nodes=59,490,000,000 tested=3,527 found=0 n=733516051328072210809611 elapsed=2818s
progress: nodes=59,500,000,000 tested=3,527 found=0 n=848879234177677447906161 elapsed=2818s
progress: nodes=59,510,000,000 tested=3,527 found=0 n=51669721421372163188079 elapsed=2819s
progress: nodes=59,520,000,000 tested=3,527 found=0 n=222170997579773618673297 elapsed=2819s
progress: nodes=59,530,000,000 tested=3,527 found=0 n=438990868764574754450823 elapsed=2820s
progress: nodes=59,540,000,000 tested=3,527 found=0 n=702882632877073533257373 elapsed=2820s
progress: nodes=59,550,000,000 tested=3,527 found=0 n=55511144773825408640973 elapsed=2821s
progress: nodes=59,560,000,000 tested=3,527 found=0 n=371566028123931054002589 elapsed=2821s
progress: nodes=59,570,000,000 tested=3,527 found=0 n=746062753727425996740879 elapsed=2822s
progress: nodes=59,580,000,000 tested=3,527 found=0 n=193266101725110174261501 elapsed=2822s
progress: nodes=59,590,000,000 tested=3,527 found=0 n=632551311044762006961063 elapsed=2822s
progress: nodes=59,600,000,000 tested=3,527 found=0 n=158154543177992121639879 elapsed=2823s
progress: nodes=59,610,000,000 tested=3,527 found=0 n=664820143027009579849239 elapsed=2823s
progress: nodes=59,620,000,000 tested=3,527 found=0 n=252846991672412516009631 elapsed=2824s
progress: nodes=59,630,000,000 tested=3,527 found=0 n=842035934338213250677041 elapsed=2824s
progress: nodes=59,640,000,000 tested=3,527 found=0 n=497925489158768630910951 elapsed=2825s
progress: nodes=59,650,000,000 tested=3,527 found=0 n=201998182072146523136073 elapsed=2825s
progress: nodes=59,660,000,000 tested=3,527 found=0 n=898530226400416872124863 elapsed=2826s
progress: nodes=59,670,000,000 tested=3,527 found=0 n=659904361853903975407599 elapsed=2826s
progress: nodes=59,680,000,000 tested=3,527 found=0 n=459229968520266864972051 elapsed=2827s
progress: nodes=59,690,000,000 tested=3,527 found=0 n=302926617482449010963913 elapsed=2827s
progress: nodes=59,700,000,000 tested=3,527 found=0 n=184976898897402391847067 elapsed=2827s
progress: nodes=59,710,000,000 tested=3,527 found=0 n=104152022859464664074991 elapsed=2828s
progress: nodes=59,720,000,000 tested=3,527 found=0 n=52881618667842504152613 elapsed=2828s
progress: nodes=59,730,000,000 tested=3,527 found=0 n=970860226658844787624359 elapsed=2829s
progress: nodes=59,740,000,000 tested=3,527 found=0 n=972550412277332095616409 elapsed=2829s
progress: nodes=59,750,000,000 tested=3,527 found=0 n=69150609065217857770593 elapsed=2830s
progress: nodes=59,760,000,000 tested=3,527 found=0 n=145882693347264914229189 elapsed=2830s
progress: nodes=59,770,000,000 tested=3,527 found=0 n=255843775697098792536333 elapsed=2831s
progress: nodes=59,780,000,000 tested=3,527 found=0 n=402839785445573934571113 elapsed=2831s
progress: nodes=59,790,000,000 tested=3,527 found=0 n=593946924541569518578659 elapsed=2832s
progress: nodes=59,800,000,000 tested=3,527 found=0 n=829779126623811976564953 elapsed=2832s
progress: nodes=59,810,000,000 tested=3,527 found=0 n=139974631242733986161463 elapsed=2833s
progress: nodes=59,820,000,000 tested=3,527 found=0 n=427975242754316779679157 elapsed=2833s
progress: nodes=59,830,000,000 tested=3,527 found=0 n=770623387024484405024613 elapsed=2834s
progress: nodes=59,840,000,000 tested=3,527 found=0 n=192175411671092503636983 elapsed=2834s
progress: nodes=59,850,000,000 tested=3,527 found=0 n=601402912896561116257917 elapsed=2835s
progress: nodes=59,860,000,000 tested=3,527 found=0 n=107437107247231455887193 elapsed=2835s
progress: nodes=59,870,000,000 tested=3,527 found=0 n=579576140483327819618787 elapsed=2835s
progress: nodes=59,880,000,000 tested=3,527 found=0 n=155839076224782338318931 elapsed=2836s
progress: nodes=59,890,000,000 tested=3,527 found=0 n=713280192118312525115409 elapsed=2836s
progress: nodes=59,900,000,000 tested=3,527 found=0 n=363684753551809137406959 elapsed=2837s
progress: nodes=59,910,000,000 tested=3,527 found=0 n=72895656863022940913967 elapsed=2837s
progress: nodes=59,920,000,000 tested=3,527 found=0 n=748434473073500761611063 elapsed=2838s
progress: nodes=59,930,000,000 tested=3,527 found=0 n=512582583112638170599467 elapsed=2838s
progress: nodes=59,940,000,000 tested=3,527 found=0 n=321078142354450426752807 elapsed=2839s
progress: nodes=59,950,000,000 tested=3,527 found=0 n=169003886379067773210177 elapsed=2839s
progress: nodes=59,960,000,000 tested=3,527 found=0 n=60088555131019696698417 elapsed=2840s
progress: nodes=59,970,000,000 tested=3,527 found=0 n=920373070820808205533933 elapsed=2840s
progress: nodes=59,980,000,000 tested=3,527 found=0 n=871061263420970404561779 elapsed=2841s
progress: nodes=59,990,000,000 tested=3,527 found=0 n=861288677366841075953601 elapsed=2841s
progress: nodes=60,000,000,000 tested=3,527 found=0 n=945542026328030864663931 elapsed=2842s
progress: nodes=60,010,000,000 tested=3,527 found=0 n=389825598152524367154321 elapsed=2842s
progress: nodes=60,020,000,000 tested=3,527 found=0 n=236880866397091614138441 elapsed=2843s
progress: nodes=60,030,000,000 tested=3,527 found=0 n=426916472892280665152859 elapsed=2843s
progress: nodes=60,040,000,000 tested=3,527 found=0 n=943509940506816179966469 elapsed=2844s
progress: nodes=60,050,000,000 tested=3,527 found=0 n=928831612292861398264143 elapsed=2844s
progress: nodes=60,060,000,000 tested=3,527 found=0 n=374171874059009935075167 elapsed=2845s
progress: nodes=60,070,000,000 tested=3,527 found=0 n=215969176488387645886563 elapsed=2845s
progress: nodes=60,080,000,000 tested=3,527 found=0 n=399936437306485227010863 elapsed=2845s
progress: nodes=60,090,000,000 tested=3,527 found=0 n=896761388540003841377523 elapsed=2846s
progress: nodes=60,100,000,000 tested=3,527 found=0 n=863986000930068142733607 elapsed=2846s
progress: nodes=60,110,000,000 tested=3,527 found=0 n=304132845623115477401433 elapsed=2847s
progress: nodes=60,120,000,000 tested=3,527 found=0 n=77215700733811434743949 elapsed=2847s
progress: nodes=60,130,000,000 tested=3,527 found=0 n=187857675419295075174981 elapsed=2848s
progress: nodes=60,140,000,000 tested=3,527 found=0 n=649152337192918367761953 elapsed=2848s
progress: nodes=60,150,000,000 tested=3,527 found=0 n=691264433235602945605887 elapsed=2849s
progress: nodes=60,160,000,000 tested=3,527 found=0 n=311161715466193202113503 elapsed=2849s
progress: nodes=60,170,000,000 tested=3,527 found=0 n=266116731170364438304941 elapsed=2850s
progress: nodes=60,180,000,000 tested=3,527 found=0 n=506091421517468314270743 elapsed=2850s
progress: nodes=60,190,000,000 tested=3,527 found=0 n=311931724232621105676063 elapsed=2851s
progress: nodes=60,200,000,000 tested=3,527 found=0 n=470140257078570401035713 elapsed=2851s
progress: nodes=60,210,000,000 tested=3,527 found=0 n=270310077893056274262189 elapsed=2852s
progress: nodes=60,220,000,000 tested=3,527 found=0 n=416767755377063492431029 elapsed=2852s
progress: nodes=60,230,000,000 tested=3,527 found=0 n=208330666033239083553219 elapsed=2852s
progress: nodes=60,240,000,000 tested=3,527 found=0 n=381500701594954074296163 elapsed=2853s
progress: nodes=60,250,000,000 tested=3,527 found=0 n=244831499760628273960467 elapsed=2853s
progress: nodes=60,260,000,000 tested=3,527 found=0 n=451196987601411126816741 elapsed=2854s
progress: nodes=60,270,000,000 tested=3,527 found=0 n=247301970153165652283559 elapsed=2854s
progress: nodes=60,280,000,000 tested=3,527 found=0 n=391769296136166996478431 elapsed=2855s
progress: nodes=60,290,000,000 tested=3,527 found=0 n=184010361986191508929161 elapsed=2855s
progress: nodes=60,300,000,000 tested=3,527 found=0 n=295489737582972241328019 elapsed=2856s
progress: nodes=60,310,000,000 tested=3,527 found=0 n=88747728690986730862497 elapsed=2856s
progress: nodes=60,320,000,000 tested=3,527 found=0 n=229595466611557135079991 elapsed=2857s
progress: nodes=60,330,000,000 tested=3,527 found=0 n=93596271955898270069511 elapsed=2857s
progress: nodes=60,340,000,000 tested=3,527 found=0 n=279386793299029843564137 elapsed=2858s
progress: nodes=60,350,000,000 tested=3,527 found=0 n=217178591336017610840541 elapsed=2858s
progress: nodes=60,360,000,000 tested=3,527 found=0 n=499836258166026101549229 elapsed=2859s
progress: nodes=60,370,000,000 tested=3,527 found=0 n=495851316266776897744317 elapsed=2859s
progress: nodes=60,380,000,000 tested=3,527 found=0 n=227793236615487364714893 elapsed=2860s
progress: nodes=60,390,000,000 tested=3,527 found=0 n=317536323595484855540679 elapsed=2860s
progress: nodes=60,400,000,000 tested=3,527 found=0 n=142182124925531895867663 elapsed=2861s
progress: nodes=60,410,000,000 tested=3,527 found=0 n=301479301716663458066679 elapsed=2861s
progress: nodes=60,420,000,000 tested=3,527 found=0 n=238193483913967571976987 elapsed=2861s
progress: nodes=60,430,000,000 tested=3,527 found=0 n=532841925883615516259091 elapsed=2862s
progress: nodes=60,440,000,000 tested=3,527 found=0 n=614069487123684096548043 elapsed=2862s
progress: nodes=60,450,000,000 tested=3,527 found=0 n=467801397733979089822041 elapsed=2863s
progress: nodes=60,460,000,000 tested=3,527 found=0 n=112778945565682004926317 elapsed=2863s
progress: nodes=60,470,000,000 tested=3,527 found=0 n=70422280911573293742039 elapsed=2864s
progress: nodes=60,480,000,000 tested=3,527 found=0 n=345141173361018661129503 elapsed=2864s
progress: nodes=60,490,000,000 tested=3,527 found=0 n=459453107742667479431991 elapsed=2865s
progress: nodes=60,500,000,000 tested=3,527 found=0 n=349401034283402750880231 elapsed=2865s
progress: nodes=60,510,000,000 tested=3,527 found=0 n=555146395299340073376147 elapsed=2866s
progress: nodes=60,520,000,000 tested=3,527 found=0 n=545224212421604581304439 elapsed=2866s
progress: nodes=60,530,000,000 tested=3,527 found=0 n=313025600769657788761749 elapsed=2867s
progress: nodes=60,540,000,000 tested=3,527 found=0 n=418831750620565812931401 elapsed=2867s
progress: nodes=60,550,000,000 tested=3,527 found=0 n=356424734806408186167249 elapsed=2868s
progress: nodes=60,560,000,000 tested=3,527 found=0 n=112870587566368476597753 elapsed=2868s
progress: nodes=60,570,000,000 tested=3,527 found=0 n=223923742593976255723893 elapsed=2869s
progress: nodes=60,580,000,000 tested=3,527 found=0 n=206169579423005091542649 elapsed=2869s
progress: nodes=60,590,000,000 tested=3,527 found=0 n=521982626691588270929721 elapsed=2869s
progress: nodes=60,600,000,000 tested=3,527 found=0 n=204191823485532176106813 elapsed=2870s
progress: nodes=60,610,000,000 tested=3,527 found=0 n=244814542210467648411993 elapsed=2870s
progress: nodes=60,620,000,000 tested=3,527 found=0 n=180178921531959166605789 elapsed=2871s
progress: nodes=60,630,000,000 tested=3,527 found=0 n=449479149613663881070359 elapsed=2871s
progress: nodes=60,640,000,000 tested=3,527 found=0 n=108677509969302067412619 elapsed=2872s
progress: nodes=60,650,000,000 tested=3,527 found=0 n=93035882980969053388263 elapsed=2872s
progress: nodes=60,660,000,000 tested=3,527 found=0 n=420888479272667432099073 elapsed=2873s
progress: nodes=60,670,000,000 tested=3,527 found=0 n=180595193908877598081231 elapsed=2873s
progress: nodes=60,680,000,000 tested=3,527 found=0 n=279582425395777979183709 elapsed=2874s
progress: nodes=60,690,000,000 tested=3,527 found=0 n=258256111850537687425539 elapsed=2874s
progress: nodes=60,700,000,000 tested=3,527 found=0 n=121933394513222378927841 elapsed=2875s
progress: nodes=60,710,000,000 tested=3,527 found=0 n=310835426529952730643237 elapsed=2875s
progress: nodes=60,720,000,000 tested=3,527 found=0 n=380254708892774088470097 elapsed=2876s
progress: nodes=60,730,000,000 tested=3,527 found=0 n=343160210736662373117063 elapsed=2876s
progress: nodes=60,740,000,000 tested=3,527 found=0 n=228140909420302156226949 elapsed=2877s
progress: nodes=60,750,000,000 tested=3,527 found=0 n=458623671996558128977917 elapsed=2877s
progress: nodes=60,760,000,000 tested=3,527 found=0 n=201833115662907726108111 elapsed=2878s
progress: nodes=60,770,000,000 tested=3,527 found=0 n=320026909091645991458223 elapsed=2878s
progress: nodes=60,780,000,000 tested=3,527 found=0 n=337955752491919725656493 elapsed=2878s
progress: nodes=60,790,000,000 tested=3,527 found=0 n=280341950872924662510789 elapsed=2879s
progress: nodes=60,800,000,000 tested=3,527 found=0 n=181716641057792697717861 elapsed=2879s
progress: nodes=60,810,000,000 tested=3,527 found=0 n=416065857682452501607083 elapsed=2880s
progress: nodes=60,820,000,000 tested=3,527 found=0 n=212674797267083018240373 elapsed=2880s
progress: nodes=60,830,000,000 tested=3,527 found=0 n=364636219998036631045401 elapsed=2881s
progress: nodes=60,840,000,000 tested=3,527 found=0 n=82594510381345721727969 elapsed=2881s
progress: nodes=60,850,000,000 tested=3,527 found=0 n=143665632563294740595697 elapsed=2882s
progress: nodes=60,860,000,000 tested=3,527 found=0 n=191360027434411555036317 elapsed=2882s
progress: nodes=60,870,000,000 tested=3,527 found=0 n=215351234769969676246869 elapsed=2883s
progress: nodes=60,880,000,000 tested=3,527 found=0 n=223368791876088491229597 elapsed=2883s
progress: nodes=60,890,000,000 tested=3,527 found=0 n=230280222589491125722671 elapsed=2884s
progress: nodes=60,900,000,000 tested=3,527 found=0 n=206977461436611590053329 elapsed=2884s
progress: nodes=60,910,000,000 tested=3,527 found=0 n=160070464990433964607641 elapsed=2885s
progress: nodes=60,920,000,000 tested=3,527 found=0 n=141547457169405745328871 elapsed=2885s
progress: nodes=60,930,000,000 tested=3,527 found=0 n=143473981881914669626641 elapsed=2886s
progress: nodes=60,940,000,000 tested=3,527 found=0 n=144544843450034229311109 elapsed=2886s
progress: nodes=60,950,000,000 tested=3,527 found=0 n=156836949367618460942001 elapsed=2887s
progress: nodes=60,960,000,000 tested=3,527 found=0 n=185073706681195512579399 elapsed=2887s
progress: nodes=60,970,000,000 tested=3,527 found=0 n=246806090504737984591371 elapsed=2887s
progress: nodes=60,980,000,000 tested=3,527 found=0 n=319642936872639986436831 elapsed=2888s
progress: nodes=60,990,000,000 tested=3,527 found=0 n=420549008202566493671421 elapsed=2888s
progress: nodes=61,000,000,000 tested=3,527 found=0 n=204880534694973473953617 elapsed=2889s
progress: nodes=61,010,000,000 tested=3,527 found=0 n=377290894474788937605963 elapsed=2889s
progress: nodes=61,020,000,000 tested=3,527 found=0 n=246025631527665310123803 elapsed=2890s
progress: nodes=61,030,000,000 tested=3,527 found=0 n=149659103009516834897163 elapsed=2890s
progress: nodes=61,040,000,000 tested=3,527 found=0 n=107776753990245170559729 elapsed=2891s
progress: nodes=61,050,000,000 tested=3,527 found=0 n=92815447882808599317369 elapsed=2891s
progress: nodes=61,060,000,000 tested=3,527 found=0 n=142106905616853469765473 elapsed=2892s
progress: nodes=61,070,000,000 tested=3,527 found=0 n=283214062400396202924849 elapsed=2892s
progress: nodes=61,080,000,000 tested=3,527 found=0 n=158001977135521120010409 elapsed=2893s
progress: nodes=61,090,000,000 tested=3,527 found=0 n=137159383772452527693207 elapsed=2893s
progress: nodes=61,100,000,000 tested=3,527 found=0 n=216289944783160583011677 elapsed=2894s
progress: nodes=61,110,000,000 tested=3,527 found=0 n=378642620648280784386591 elapsed=2894s
progress: nodes=61,120,000,000 tested=3,527 found=0 n=308003135954573537649171 elapsed=2895s
progress: nodes=61,130,000,000 tested=3,527 found=0 n=323378197659859217286411 elapsed=2895s
progress: nodes=61,140,000,000 tested=3,527 found=0 n=119914908791785216852743 elapsed=2896s
progress: nodes=61,150,000,000 tested=3,527 found=0 n=323517799518029777513853 elapsed=2896s
progress: nodes=61,160,000,000 tested=3,527 found=0 n=382275695038546895042457 elapsed=2897s
progress: nodes=61,170,000,000 tested=3,527 found=0 n=275644629883132084295721 elapsed=2897s
progress: nodes=61,180,000,000 tested=3,527 found=0 n=285013504905158470718277 elapsed=2897s
progress: nodes=61,190,000,000 tested=3,527 found=0 n=113423551173256378745691 elapsed=2898s
progress: nodes=61,200,000,000 tested=3,527 found=0 n=340796857379759927375229 elapsed=2898s
progress: nodes=61,210,000,000 tested=3,527 found=0 n=142567592590168966429209 elapsed=2899s
progress: nodes=61,220,000,000 tested=3,527 found=0 n=375868848588522991919217 elapsed=2899s
progress: nodes=61,230,000,000 tested=3,527 found=0 n=191928709824212737218843 elapsed=2900s
progress: nodes=61,240,000,000 tested=3,527 found=0 n=180195155068239136092267 elapsed=2900s
progress: nodes=61,250,000,000 tested=3,527 found=0 n=312373900672698866754753 elapsed=2901s
progress: nodes=61,260,000,000 tested=3,527 found=0 n=322711291973885738166243 elapsed=2901s
progress: nodes=61,270,000,000 tested=3,527 found=0 n=260150856936268614947631 elapsed=2902s
progress: nodes=61,280,000,000 tested=3,527 found=0 n=368773944946035541984071 elapsed=2902s
progress: nodes=61,290,000,000 tested=3,527 found=0 n=358188206127662114106903 elapsed=2903s
progress: nodes=61,300,000,000 tested=3,527 found=0 n=245730746645655609685347 elapsed=2903s
progress: nodes=61,310,000,000 tested=3,527 found=0 n=310411898450764577359893 elapsed=2904s
progress: nodes=61,320,000,000 tested=3,527 found=0 n=330836336146578611087739 elapsed=2904s
progress: nodes=61,330,000,000 tested=3,527 found=0 n=296910200601108722727099 elapsed=2905s
progress: nodes=61,340,000,000 tested=3,527 found=0 n=209924042457761628319323 elapsed=2905s
progress: nodes=61,350,000,000 tested=3,527 found=0 n=117836259668904185051643 elapsed=2906s
progress: nodes=61,360,000,000 tested=3,527 found=0 n=258002240363932809902157 elapsed=2906s
progress: nodes=61,370,000,000 tested=3,527 found=0 n=150827109805052821353213 elapsed=2907s
progress: nodes=61,380,000,000 tested=3,527 found=0 n=285572551051945248884793 elapsed=2907s
progress: nodes=61,390,000,000 tested=3,527 found=0 n=160661419156122932630583 elapsed=2908s
progress: nodes=61,400,000,000 tested=3,527 found=0 n=276904081009664278311141 elapsed=2908s
progress: nodes=61,410,000,000 tested=3,527 found=0 n=186700665926711574769131 elapsed=2909s
progress: nodes=61,420,000,000 tested=3,527 found=0 n=118273436256524310254493 elapsed=2909s
progress: nodes=61,430,000,000 tested=3,527 found=0 n=335078971823706880652883 elapsed=2909s
progress: nodes=61,440,000,000 tested=3,527 found=0 n=122028542295618841383501 elapsed=2910s
progress: nodes=61,450,000,000 tested=3,527 found=0 n=216950132016472583511783 elapsed=2910s
progress: nodes=61,460,000,000 tested=3,527 found=0 n=127326951632643676610697 elapsed=2911s
progress: nodes=61,470,000,000 tested=3,527 found=0 n=133442162286340039030899 elapsed=2911s
progress: nodes=61,480,000,000 tested=3,527 found=0 n=242996938061690047462227 elapsed=2912s
progress: nodes=61,490,000,000 tested=3,527 found=0 n=208114074666662188721697 elapsed=2912s
progress: nodes=61,500,000,000 tested=3,527 found=0 n=253407175941722888514429 elapsed=2913s
progress: nodes=61,510,000,000 tested=3,527 found=0 n=190182912702619597944183 elapsed=2913s
progress: nodes=61,520,000,000 tested=3,527 found=0 n=302872297149600262133049 elapsed=2914s
progress: nodes=61,530,000,000 tested=3,527 found=0 n=147124374599622919522023 elapsed=2914s
progress: nodes=61,540,000,000 tested=3,527 found=0 n=162035202386172096130149 elapsed=2915s
progress: nodes=61,550,000,000 tested=3,527 found=0 n=136657978326405189146493 elapsed=2915s
progress: nodes=61,560,000,000 tested=3,527 found=0 n=347044708859583597693831 elapsed=2916s
progress: nodes=61,570,000,000 tested=3,527 found=0 n=335402587253668773075237 elapsed=2916s
progress: nodes=61,580,000,000 tested=3,527 found=0 n=160113219270554851732431 elapsed=2917s
progress: nodes=61,590,000,000 tested=3,527 found=0 n=241901355544060620675267 elapsed=2917s
progress: nodes=61,600,000,000 tested=3,527 found=0 n=191158679728769086026693 elapsed=2918s
progress: nodes=61,610,000,000 tested=3,527 found=0 n=270308895396950697550263 elapsed=2918s
progress: nodes=61,620,000,000 tested=3,527 found=0 n=262695384939714020305011 elapsed=2919s
progress: nodes=61,630,000,000 tested=3,527 found=0 n=187897649689211533284213 elapsed=2919s
progress: nodes=61,640,000,000 tested=3,527 found=0 n=239891957225205916930299 elapsed=2920s
progress: nodes=61,650,000,000 tested=3,527 found=0 n=260429970806081930020167 elapsed=2920s
progress: nodes=61,660,000,000 tested=3,527 found=0 n=268813464156693555240141 elapsed=2921s
progress: nodes=61,670,000,000 tested=3,527 found=0 n=295846952462823670261353 elapsed=2921s
progress: nodes=61,680,000,000 tested=3,527 found=0 n=171870991517617163552781 elapsed=2922s
progress: nodes=61,690,000,000 tested=3,527 found=0 n=332603108945666521225263 elapsed=2922s
progress: nodes=61,700,000,000 tested=3,527 found=0 n=248653730440867541486697 elapsed=2923s
progress: nodes=61,710,000,000 tested=3,527 found=0 n=297225130949507692730799 elapsed=2923s
progress: nodes=61,720,000,000 tested=3,527 found=0 n=173862198559850691443553 elapsed=2924s
progress: nodes=61,730,000,000 tested=3,527 found=0 n=263495600711947242521883 elapsed=2924s
progress: nodes=61,740,000,000 tested=3,527 found=0 n=266055722254976932701423 elapsed=2925s
progress: nodes=61,750,000,000 tested=3,527 found=0 n=255916362315756391958709 elapsed=2925s
progress: nodes=61,760,000,000 tested=3,527 found=0 n=254126205331155818718057 elapsed=2926s
progress: nodes=61,770,000,000 tested=3,527 found=0 n=297090939391963289133561 elapsed=2926s
progress: nodes=61,780,000,000 tested=3,527 found=0 n=257117909218607588892741 elapsed=2927s
progress: nodes=61,790,000,000 tested=3,527 found=0 n=187821707060201738236713 elapsed=2927s
progress: nodes=61,800,000,000 tested=3,527 found=0 n=329100442807012549882209 elapsed=2928s
progress: nodes=61,810,000,000 tested=3,527 found=0 n=274677915958055987420043 elapsed=2928s
progress: nodes=61,820,000,000 tested=3,527 found=0 n=249082138490279607666153 elapsed=2929s
progress: nodes=61,830,000,000 tested=3,527 found=0 n=333961567773971980459617 elapsed=2929s
progress: nodes=61,840,000,000 tested=3,527 found=0 n=332714715336694874590407 elapsed=2930s
progress: nodes=61,850,000,000 tested=3,527 found=0 n=340962639952607214745203 elapsed=2930s
progress: nodes=61,860,000,000 tested=3,527 found=0 n=321460224805017080769987 elapsed=2931s
progress: nodes=61,870,000,000 tested=3,527 found=0 n=268101225198394400445633 elapsed=2931s
progress: nodes=61,880,000,000 tested=3,527 found=0 n=271458690562704823999821 elapsed=2932s
progress: nodes=61,890,000,000 tested=3,527 found=0 n=279145420831454127179229 elapsed=2932s
progress: nodes=61,900,000,000 tested=3,527 found=0 n=246031154468296234636599 elapsed=2933s
progress: nodes=61,910,000,000 tested=3,527 found=0 n=253060686904746906646461 elapsed=2933s
progress: nodes=61,920,000,000 tested=3,527 found=0 n=269681369522291301736161 elapsed=2934s
progress: nodes=61,930,000,000 tested=3,527 found=0 n=303770814870023762524263 elapsed=2934s
progress: nodes=61,940,000,000 tested=3,527 found=0 n=316859880229215622920621 elapsed=2935s
progress: nodes=61,950,000,000 tested=3,527 found=0 n=260433403999919174083059 elapsed=2935s
progress: nodes=61,960,000,000 tested=3,527 found=0 n=309532726819457635172679 elapsed=2936s
progress: nodes=61,970,000,000 tested=3,527 found=0 n=332713793787490646049519 elapsed=2936s
progress: nodes=61,980,000,000 tested=3,527 found=0 n=355600876939262527171599 elapsed=2937s
progress: nodes=61,990,000,000 tested=3,527 found=0 n=341739693129003627294837 elapsed=2937s
progress: nodes=62,000,000,000 tested=3,527 found=0 n=333279760006195557377823 elapsed=2938s
progress: nodes=62,010,000,000 tested=3,527 found=0 n=349560308182567942440981 elapsed=2938s
progress: nodes=62,020,000,000 tested=3,527 found=0 n=350756606890741621967397 elapsed=2939s
progress: nodes=62,030,000,000 tested=3,527 found=0 n=366557765218034800166757 elapsed=2939s
progress: nodes=62,040,000,000 tested=3,527 found=0 n=362788008261057730904553 elapsed=2940s
progress: nodes=62,050,000,000 tested=3,527 found=0 n=921868666041091899653523 elapsed=2940s
progress: nodes=62,060,000,000 tested=3,527 found=0 n=520184402684450400960063 elapsed=2941s
progress: nodes=62,070,000,000 tested=3,527 found=0 n=172804681408567516244937 elapsed=2941s
progress: nodes=62,080,000,000 tested=3,527 found=0 n=815770901650426192189719 elapsed=2942s
progress: nodes=62,090,000,000 tested=3,527 found=0 n=517869232630825271757561 elapsed=2942s
progress: nodes=62,100,000,000 tested=3,527 found=0 n=259079215512971899886841 elapsed=2942s
progress: nodes=62,110,000,000 tested=3,527 found=0 n=52952271751191012817617 elapsed=2943s
progress: nodes=62,120,000,000 tested=3,527 found=0 n=813530242220948671662243 elapsed=2943s
progress: nodes=62,130,000,000 tested=3,527 found=0 n=647662501705526878990419 elapsed=2944s
progress: nodes=62,140,000,000 tested=3,527 found=0 n=514346609846301508907631 elapsed=2944s
progress: nodes=62,150,000,000 tested=3,527 found=0 n=415198994308073518183641 elapsed=2945s
progress: nodes=62,160,000,000 tested=3,527 found=0 n=347295460896715449809691 elapsed=2945s
progress: nodes=62,170,000,000 tested=3,527 found=0 n=315210400102707272244081 elapsed=2945s
progress: nodes=62,180,000,000 tested=3,527 found=0 n=315867164987850561001917 elapsed=2946s
progress: nodes=62,190,000,000 tested=3,527 found=0 n=349662132540311202873261 elapsed=2946s
progress: nodes=62,200,000,000 tested=3,527 found=0 n=416272958413951766340213 elapsed=2947s
progress: nodes=62,210,000,000 tested=3,527 found=0 n=532227825749005202303487 elapsed=2947s
progress: nodes=62,220,000,000 tested=3,527 found=0 n=685868552073282377146347 elapsed=2948s
progress: nodes=62,230,000,000 tested=3,527 found=0 n=872416401692435406623817 elapsed=2948s
progress: nodes=62,240,000,000 tested=3,527 found=0 n=119653234618207164105231 elapsed=2949s
progress: nodes=62,250,000,000 tested=3,527 found=0 n=349684159409736461421111 elapsed=2949s
progress: nodes=62,260,000,000 tested=3,527 found=0 n=627468982780786719269697 elapsed=2949s
progress: nodes=62,270,000,000 tested=3,527 found=0 n=948982912937130913340499 elapsed=2950s
progress: nodes=62,280,000,000 tested=3,527 found=0 n=321487173635839606331937 elapsed=2950s
progress: nodes=62,290,000,000 tested=3,527 found=0 n=708808908838341936373749 elapsed=2951s
progress: nodes=62,300,000,000 tested=3,527 found=0 n=172286015348137061341971 elapsed=2951s
progress: nodes=62,310,000,000 tested=3,527 found=0 n=618601314042136262264427 elapsed=2952s
progress: nodes=62,320,000,000 tested=3,527 found=0 n=146784705655706505774387 elapsed=2952s
progress: nodes=62,330,000,000 tested=3,527 found=0 n=662298074837577048019149 elapsed=2952s
progress: nodes=62,340,000,000 tested=3,527 found=0 n=261135845100554497005933 elapsed=2953s
progress: nodes=62,350,000,000 tested=3,527 found=0 n=854658409683819249249741 elapsed=2953s
progress: nodes=62,360,000,000 tested=3,527 found=0 n=502407669451301790193017 elapsed=2954s
progress: nodes=62,370,000,000 tested=3,527 found=0 n=198889208147329953596343 elapsed=2954s
progress: nodes=62,380,000,000 tested=3,527 found=0 n=887527000819438743006243 elapsed=2955s
progress: nodes=62,390,000,000 tested=3,527 found=0 n=638283864474673057157517 elapsed=2955s
progress: nodes=62,400,000,000 tested=3,527 found=0 n=433420144283143865945097 elapsed=2956s
progress: nodes=62,410,000,000 tested=3,527 found=0 n=274513079022098980214151 elapsed=2956s
progress: nodes=62,420,000,000 tested=3,527 found=0 n=152865800665231546481589 elapsed=2956s
progress: nodes=62,430,000,000 tested=3,527 found=0 n=72680185380503594905011 elapsed=2957s
progress: nodes=62,440,000,000 tested=3,527 found=0 n=975965017379391438281883 elapsed=2957s
progress: nodes=62,450,000,000 tested=3,527 found=0 n=953917725050529467124897 elapsed=2958s
progress: nodes=62,460,000,000 tested=3,527 found=0 n=964776490315753426458147 elapsed=2958s
progress: nodes=62,470,000,000 tested=3,527 found=0 n=58342416922073529117873 elapsed=2959s
progress: nodes=62,480,000,000 tested=3,527 found=0 n=136009856313034870639473 elapsed=2959s
progress: nodes=62,490,000,000 tested=3,527 found=0 n=248993414858126827875987 elapsed=2960s
progress: nodes=62,500,000,000 tested=3,527 found=0 n=403445546342602827780717 elapsed=2960s
progress: nodes=62,510,000,000 tested=3,527 found=0 n=600570429885146168156709 elapsed=2960s
progress: nodes=62,520,000,000 tested=3,527 found=0 n=839272907894591307328191 elapsed=2961s
progress: nodes=62,530,000,000 tested=3,527 found=0 n=148256693368487090337951 elapsed=2961s
progress: nodes=62,540,000,000 tested=3,527 found=0 n=443698490574253594478799 elapsed=2962s
progress: nodes=62,550,000,000 tested=3,527 found=0 n=794943754500693961089927 elapsed=2962s
progress: nodes=62,560,000,000 tested=3,527 found=0 n=212980108534999779012039 elapsed=2963s
progress: nodes=62,570,000,000 tested=3,527 found=0 n=623754033538362736646637 elapsed=2963s
progress: nodes=62,580,000,000 tested=3,527 found=0 n=127207921639104235180251 elapsed=2964s
progress: nodes=62,590,000,000 tested=3,527 found=0 n=604951054158087096587127 elapsed=2964s
progress: nodes=62,600,000,000 tested=3,527 found=0 n=174630827798802223862013 elapsed=2965s
progress: nodes=62,610,000,000 tested=3,527 found=0 n=727291829316508331268393 elapsed=2965s
progress: nodes=62,620,000,000 tested=3,527 found=0 n=357402698802132621144507 elapsed=2966s
progress: nodes=62,630,000,000 tested=3,527 found=0 n=52404295995418922566011 elapsed=2966s
progress: nodes=62,640,000,000 tested=3,527 found=0 n=701456950396663311351501 elapsed=2966s
progress: nodes=62,650,000,000 tested=3,527 found=0 n=440951815668801473275239 elapsed=2967s
progress: nodes=62,660,000,000 tested=3,527 found=0 n=223818116184721820604843 elapsed=2967s
progress: nodes=62,670,000,000 tested=3,527 found=0 n=53655609200727717942759 elapsed=2968s
progress: nodes=62,680,000,000 tested=3,527 found=0 n=849900150979681572984213 elapsed=2968s
progress: nodes=62,690,000,000 tested=3,527 found=0 n=732784620386862788117373 elapsed=2969s
progress: nodes=62,700,000,000 tested=3,527 found=0 n=652207897507169787947163 elapsed=2969s
progress: nodes=62,710,000,000 tested=3,527 found=0 n=605020256411525645279589 elapsed=2970s
progress: nodes=62,720,000,000 tested=3,527 found=0 n=584787597318061569422991 elapsed=2970s
progress: nodes=62,730,000,000 tested=3,527 found=0 n=595942565661218369953359 elapsed=2971s
progress: nodes=62,740,000,000 tested=3,527 found=0 n=653809110213282643286667 elapsed=2971s
progress: nodes=62,750,000,000 tested=3,527 found=0 n=753405854737944581113941 elapsed=2972s
progress: nodes=62,760,000,000 tested=3,527 found=0 n=886182134410648802663937 elapsed=2972s
progress: nodes=62,770,000,000 tested=3,527 found=0 n=94424039092757130776019 elapsed=2973s
progress: nodes=62,780,000,000 tested=3,527 found=0 n=303613021501571507436711 elapsed=2973s
progress: nodes=62,790,000,000 tested=3,527 found=0 n=831949521355922156057871 elapsed=2973s
progress: nodes=62,800,000,000 tested=3,527 found=0 n=729471449094760087394679 elapsed=2974s
progress: nodes=62,810,000,000 tested=3,527 found=0 n=54161916351303342392811 elapsed=2974s
progress: nodes=62,820,000,000 tested=3,527 found=0 n=628481112254272540320057 elapsed=2975s
progress: nodes=62,830,000,000 tested=3,527 found=0 n=680619889689805623290733 elapsed=2975s
progress: nodes=62,840,000,000 tested=3,527 found=0 n=206330612968633322880711 elapsed=2976s
progress: nodes=62,850,000,000 tested=3,527 found=0 n=71788774901631051855591 elapsed=2976s
progress: nodes=62,860,000,000 tested=3,527 found=0 n=261732335244131835604521 elapsed=2977s
progress: nodes=62,870,000,000 tested=3,527 found=0 n=822660411916438741993347 elapsed=2977s
progress: nodes=62,880,000,000 tested=3,527 found=0 n=86964453068294533498767 elapsed=2978s
progress: nodes=62,890,000,000 tested=3,527 found=0 n=578629276719004581473403 elapsed=2978s
progress: nodes=62,900,000,000 tested=3,527 found=0 n=594515895506880166296477 elapsed=2979s
progress: nodes=62,910,000,000 tested=3,527 found=0 n=172690159943704480296219 elapsed=2979s
progress: nodes=62,920,000,000 tested=3,527 found=0 n=96835145569752634671627 elapsed=2980s
progress: nodes=62,930,000,000 tested=3,527 found=0 n=328446093717958367952801 elapsed=2980s
progress: nodes=62,940,000,000 tested=3,527 found=0 n=124433922647411844207741 elapsed=2981s
progress: nodes=62,950,000,000 tested=3,527 found=0 n=239763001343620627471599 elapsed=2981s
progress: nodes=62,960,000,000 tested=3,527 found=0 n=711226773373085661763071 elapsed=2982s
progress: nodes=62,970,000,000 tested=3,527 found=0 n=779063220483925639741479 elapsed=2982s
progress: nodes=62,980,000,000 tested=3,527 found=0 n=451464879795885544449861 elapsed=2983s
progress: nodes=62,990,000,000 tested=3,527 found=0 n=512230160824758324235287 elapsed=2983s
progress: nodes=63,000,000,000 tested=3,527 found=0 n=166504707053228318231457 elapsed=2984s
progress: nodes=63,010,000,000 tested=3,527 found=0 n=202579116612383371964103 elapsed=2984s
progress: nodes=63,020,000,000 tested=3,527 found=0 n=602295862483806382062171 elapsed=2985s
progress: nodes=63,030,000,000 tested=3,527 found=0 n=654423067710800089144443 elapsed=2985s
progress: nodes=63,040,000,000 tested=3,527 found=0 n=325689420241573872346863 elapsed=2986s
progress: nodes=63,050,000,000 tested=3,527 found=0 n=338059322617565613107043 elapsed=2986s
progress: nodes=63,060,000,000 tested=3,527 found=0 n=681811953536244025453959 elapsed=2987s
progress: nodes=63,070,000,000 tested=3,527 found=0 n=648064374144760397884059 elapsed=2987s
progress: nodes=63,080,000,000 tested=3,527 found=0 n=306906002517760461596781 elapsed=2988s
progress: nodes=63,090,000,000 tested=3,527 found=0 n=344221096017802887090207 elapsed=2988s
progress: nodes=63,100,000,000 tested=3,527 found=0 n=121229833453687238691411 elapsed=2989s
progress: nodes=63,110,000,000 tested=3,527 found=0 n=226548323343546127570647 elapsed=2989s
progress: nodes=63,120,000,000 tested=3,527 found=0 n=636438819457163613047157 elapsed=2990s
progress: nodes=63,130,000,000 tested=3,527 found=0 n=128087594544672845271189 elapsed=2990s
progress: nodes=63,140,000,000 tested=3,527 found=0 n=600440669371791712605141 elapsed=2990s
progress: nodes=63,150,000,000 tested=3,527 found=0 n=211753178809660816615287 elapsed=2991s
progress: nodes=63,160,000,000 tested=3,527 found=0 n=203480786626908109768449 elapsed=2991s
progress: nodes=63,170,000,000 tested=3,527 found=0 n=597659112928251928370817 elapsed=2992s
progress: nodes=63,180,000,000 tested=3,527 found=0 n=171779517887300277343389 elapsed=2992s
progress: nodes=63,190,000,000 tested=3,527 found=0 n=84374297289075272209731 elapsed=2993s
progress: nodes=63,200,000,000 tested=3,527 found=0 n=309165800411757876465879 elapsed=2993s
progress: nodes=63,210,000,000 tested=3,527 found=0 n=309396469524091579462833 elapsed=2994s
progress: nodes=63,220,000,000 tested=3,527 found=0 n=81669180008117128954527 elapsed=2994s
progress: nodes=63,230,000,000 tested=3,527 found=0 n=187832892769848347404383 elapsed=2995s
progress: nodes=63,240,000,000 tested=3,527 found=0 n=119890746372891120575949 elapsed=2995s
progress: nodes=63,250,000,000 tested=3,527 found=0 n=394026927577849444495617 elapsed=2996s
progress: nodes=63,260,000,000 tested=3,527 found=0 n=503572283295554015325783 elapsed=2996s
progress: nodes=63,270,000,000 tested=3,527 found=0 n=439455985689829189412331 elapsed=2997s
progress: nodes=63,280,000,000 tested=3,527 found=0 n=188928656072333766487899 elapsed=2997s
progress: nodes=63,290,000,000 tested=3,527 found=0 n=308393439672279183639417 elapsed=2998s
progress: nodes=63,300,000,000 tested=3,527 found=0 n=255457175763136145099301 elapsed=2998s
progress: nodes=63,310,000,000 tested=3,527 found=0 n=541951383861547956192897 elapsed=2999s
progress: nodes=63,320,000,000 tested=3,527 found=0 n=178805724153097126666581 elapsed=2999s
progress: nodes=63,330,000,000 tested=3,527 found=0 n=184760922988662746562837 elapsed=3000s
progress: nodes=63,340,000,000 tested=3,527 found=0 n=72419233801687251339861 elapsed=3000s
progress: nodes=63,350,000,000 tested=3,527 found=0 n=305709476368026978524277 elapsed=3001s
progress: nodes=63,360,000,000 tested=3,527 found=0 n=394241306677841700124047 elapsed=3001s
progress: nodes=63,370,000,000 tested=3,527 found=0 n=326863905783251032182987 elapsed=3002s
progress: nodes=63,380,000,000 tested=3,527 found=0 n=151959621996000584558793 elapsed=3002s
progress: nodes=63,390,000,000 tested=3,527 found=0 n=334296869925114354014757 elapsed=3003s
progress: nodes=63,400,000,000 tested=3,527 found=0 n=366889738910558565668967 elapsed=3003s
progress: nodes=63,410,000,000 tested=3,527 found=0 n=268254097385637597663429 elapsed=3004s
progress: nodes=63,420,000,000 tested=3,527 found=0 n=498754547688760972525917 elapsed=3004s
progress: nodes=63,430,000,000 tested=3,527 found=0 n=153980679146513580319959 elapsed=3005s
progress: nodes=63,440,000,000 tested=3,527 found=0 n=160647662989200066642963 elapsed=3005s
progress: nodes=63,450,000,000 tested=3,527 found=0 n=76475698866872171019153 elapsed=3006s
progress: nodes=63,460,000,000 tested=3,527 found=0 n=369952204245652666106469 elapsed=3006s
progress: nodes=63,470,000,000 tested=3,527 found=0 n=137680212671178732804249 elapsed=3007s
progress: nodes=63,480,000,000 tested=3,527 found=0 n=273685927999858874272773 elapsed=3007s
progress: nodes=63,490,000,000 tested=3,527 found=0 n=342160860894579971883639 elapsed=3008s
progress: nodes=63,500,000,000 tested=3,527 found=0 n=357554292707227780455291 elapsed=3008s
progress: nodes=63,510,000,000 tested=3,527 found=0 n=292141550248662861828081 elapsed=3009s
progress: nodes=63,520,000,000 tested=3,527 found=0 n=161762145461063096963013 elapsed=3009s
progress: nodes=63,530,000,000 tested=3,527 found=0 n=370946632523239185424011 elapsed=3010s
progress: nodes=63,540,000,000 tested=3,527 found=0 n=135186708822964046525277 elapsed=3010s
progress: nodes=63,550,000,000 tested=3,527 found=0 n=244488976992108849003003 elapsed=3010s
progress: nodes=63,560,000,000 tested=3,527 found=0 n=294064061438624987352843 elapsed=3011s
progress: nodes=63,570,000,000 tested=3,527 found=0 n=289929838116196883341737 elapsed=3011s
progress: nodes=63,580,000,000 tested=3,527 found=0 n=232034405998587042441591 elapsed=3012s
progress: nodes=63,590,000,000 tested=3,527 found=0 n=121604611761347333585967 elapsed=3012s
progress: nodes=63,600,000,000 tested=3,527 found=0 n=372703862566177037254359 elapsed=3013s
progress: nodes=63,610,000,000 tested=3,527 found=0 n=209513063516901029492607 elapsed=3013s
progress: nodes=63,620,000,000 tested=3,527 found=0 n=419851226530713919973031 elapsed=3014s
progress: nodes=63,630,000,000 tested=3,527 found=0 n=254046350246367340695033 elapsed=3014s
progress: nodes=63,640,000,000 tested=3,527 found=0 n=438862444614378099071757 elapsed=3015s
progress: nodes=63,650,000,000 tested=3,527 found=0 n=235398063007026212342049 elapsed=3015s
progress: nodes=63,660,000,000 tested=3,527 found=0 n=411528472584909070540149 elapsed=3016s
progress: nodes=63,670,000,000 tested=3,527 found=0 n=200245205612665667595141 elapsed=3016s
progress: nodes=63,680,000,000 tested=3,527 found=0 n=383238902548425945954933 elapsed=3017s
progress: nodes=63,690,000,000 tested=3,527 found=0 n=209876871870612405972513 elapsed=3017s
progress: nodes=63,700,000,000 tested=3,527 found=0 n=411901299962135950485519 elapsed=3018s
progress: nodes=63,710,000,000 tested=3,527 found=0 n=287941673167650546721677 elapsed=3018s
progress: nodes=63,720,000,000 tested=3,527 found=0 n=206101500283605660354621 elapsed=3019s
progress: nodes=63,730,000,000 tested=3,527 found=0 n=161796200346466631504559 elapsed=3019s
progress: nodes=63,740,000,000 tested=3,527 found=0 n=163172244180479321446659 elapsed=3020s
progress: nodes=63,750,000,000 tested=3,527 found=0 n=193149779956474447219113 elapsed=3020s
progress: nodes=63,760,000,000 tested=3,527 found=0 n=263028025292642328736017 elapsed=3021s
progress: nodes=63,770,000,000 tested=3,527 found=0 n=95775068656875663626571 elapsed=3021s
progress: nodes=63,780,000,000 tested=3,527 found=0 n=297335285032337964413001 elapsed=3022s
progress: nodes=63,790,000,000 tested=3,527 found=0 n=233605651066791959656701 elapsed=3022s
progress: nodes=63,800,000,000 tested=3,527 found=0 n=235813861252760023476243 elapsed=3023s
progress: nodes=63,810,000,000 tested=3,527 found=0 n=306655293061917098816517 elapsed=3023s
progress: nodes=63,820,000,000 tested=3,527 found=0 n=129041194801248641760849 elapsed=3024s
progress: nodes=63,830,000,000 tested=3,527 found=0 n=339498324173256921746073 elapsed=3024s
progress: nodes=63,840,000,000 tested=3,527 found=0 n=319136054238059761900197 elapsed=3025s
progress: nodes=63,850,000,000 tested=3,527 found=0 n=85572422174035609789977 elapsed=3025s
progress: nodes=63,860,000,000 tested=3,527 found=0 n=236994818325326519951493 elapsed=3026s
progress: nodes=63,870,000,000 tested=3,527 found=0 n=177021093776214400181469 elapsed=3026s
progress: nodes=63,880,000,000 tested=3,527 found=0 n=211716944837471361705417 elapsed=3027s
progress: nodes=63,890,000,000 tested=3,527 found=0 n=338057990737759807578063 elapsed=3027s
progress: nodes=63,900,000,000 tested=3,527 found=0 n=304926155688927480278571 elapsed=3028s
progress: nodes=63,910,000,000 tested=3,527 found=0 n=92595162266746801665003 elapsed=3028s
progress: nodes=63,920,000,000 tested=3,527 found=0 n=300725947136785204633599 elapsed=3029s
progress: nodes=63,930,000,000 tested=3,527 found=0 n=90053113089944301185889 elapsed=3029s
progress: nodes=63,940,000,000 tested=3,527 found=0 n=282257853726108162089187 elapsed=3030s
progress: nodes=63,950,000,000 tested=3,527 found=0 n=329746411726550810374383 elapsed=3030s
progress: nodes=63,960,000,000 tested=3,527 found=0 n=228621827103543474734133 elapsed=3031s
progress: nodes=63,970,000,000 tested=3,527 found=0 n=270487410195227031425619 elapsed=3031s
progress: nodes=63,980,000,000 tested=3,527 found=0 n=222194879324312080253067 elapsed=3031s
progress: nodes=63,990,000,000 tested=3,527 found=0 n=103927660935664062237741 elapsed=3032s
progress: nodes=64,000,000,000 tested=3,527 found=0 n=155133385582718587407363 elapsed=3032s
progress: nodes=64,010,000,000 tested=3,527 found=0 n=125252068098178173295143 elapsed=3033s
progress: nodes=64,020,000,000 tested=3,527 found=0 n=237733064568819358211673 elapsed=3033s
progress: nodes=64,030,000,000 tested=3,527 found=0 n=272251731812557487771781 elapsed=3034s
progress: nodes=64,040,000,000 tested=3,527 found=0 n=242816430549482998176969 elapsed=3034s
progress: nodes=64,050,000,000 tested=3,527 found=0 n=160591058108319278128689 elapsed=3035s
progress: nodes=64,060,000,000 tested=3,527 found=0 n=295673498097442625096937 elapsed=3035s
progress: nodes=64,070,000,000 tested=3,527 found=0 n=116053845781326479045019 elapsed=3036s
progress: nodes=64,080,000,000 tested=3,527 found=0 n=143585804744967089417913 elapsed=3036s
progress: nodes=64,090,000,000 tested=3,527 found=0 n=171437733424386584041887 elapsed=3037s
progress: nodes=64,100,000,000 tested=3,527 found=0 n=158797967618251247289003 elapsed=3037s
progress: nodes=64,110,000,000 tested=3,527 found=0 n=119855745509054082747219 elapsed=3038s
progress: nodes=64,120,000,000 tested=3,527 found=0 n=288500325297154969897899 elapsed=3038s
progress: nodes=64,130,000,000 tested=3,527 found=0 n=224186627999185931628549 elapsed=3039s
progress: nodes=64,140,000,000 tested=3,527 found=0 n=192962806708969628364033 elapsed=3039s
progress: nodes=64,150,000,000 tested=3,527 found=0 n=177802837024133336518503 elapsed=3040s
progress: nodes=64,160,000,000 tested=3,527 found=0 n=237220026866280751121829 elapsed=3040s
progress: nodes=64,170,000,000 tested=3,527 found=0 n=135633088661104312004727 elapsed=3041s
progress: nodes=64,180,000,000 tested=3,527 found=0 n=115105933085751857866617 elapsed=3041s
progress: nodes=64,190,000,000 tested=3,527 found=0 n=148842847265546661123897 elapsed=3042s
progress: nodes=64,200,000,000 tested=3,527 found=0 n=246606118092947407021227 elapsed=3042s
progress: nodes=64,210,000,000 tested=3,527 found=0 n=216270534426593416322553 elapsed=3043s
progress: nodes=64,220,000,000 tested=3,527 found=0 n=277650835453752331467897 elapsed=3043s
progress: nodes=64,230,000,000 tested=3,527 found=0 n=226737803276615155021497 elapsed=3044s
progress: nodes=64,240,000,000 tested=3,527 found=0 n=298240248388920336199701 elapsed=3044s
progress: nodes=64,250,000,000 tested=3,527 found=0 n=312563043302827939482861 elapsed=3045s
progress: nodes=64,260,000,000 tested=3,527 found=0 n=250551638151636862141101 elapsed=3045s
progress: nodes=64,270,000,000 tested=3,527 found=0 n=176586194135137068158877 elapsed=3046s
progress: nodes=64,280,000,000 tested=3,527 found=0 n=290770957778498255919861 elapsed=3046s
progress: nodes=64,290,000,000 tested=3,527 found=0 n=153605462363957444093253 elapsed=3047s
progress: nodes=64,300,000,000 tested=3,527 found=0 n=198481297780084392086013 elapsed=3047s
progress: nodes=64,310,000,000 tested=3,527 found=0 n=243057811874156970121431 elapsed=3048s
progress: nodes=64,320,000,000 tested=3,527 found=0 n=142858818125256870115479 elapsed=3048s
progress: nodes=64,330,000,000 tested=3,527 found=0 n=304775835560705878820451 elapsed=3049s
progress: nodes=64,340,000,000 tested=3,527 found=0 n=311777629420025155700313 elapsed=3049s
progress: nodes=64,350,000,000 tested=3,527 found=0 n=248946634737856964926017 elapsed=3050s
progress: nodes=64,360,000,000 tested=3,527 found=0 n=315161405323259241353607 elapsed=3050s
progress: nodes=64,370,000,000 tested=3,527 found=0 n=322392444534021330878409 elapsed=3051s
progress: nodes=64,380,000,000 tested=3,527 found=0 n=325561882015292004833751 elapsed=3051s
progress: nodes=64,390,000,000 tested=3,527 found=0 n=315884888888145006316887 elapsed=3052s
progress: nodes=64,400,000,000 tested=3,527 found=0 n=161218919397929473323243 elapsed=3052s
progress: nodes=64,410,000,000 tested=3,527 found=0 n=233482852854306742940253 elapsed=3053s
progress: nodes=64,420,000,000 tested=3,527 found=0 n=190493909930663477569431 elapsed=3053s
progress: nodes=64,430,000,000 tested=3,527 found=0 n=221054845228904241696141 elapsed=3054s
progress: nodes=64,440,000,000 tested=3,527 found=0 n=205787184561202827073491 elapsed=3054s
progress: nodes=64,450,000,000 tested=3,527 found=0 n=165886412460716935038051 elapsed=3055s
progress: nodes=64,460,000,000 tested=3,527 found=0 n=164147693820752535056163 elapsed=3055s
progress: nodes=64,470,000,000 tested=3,527 found=0 n=240616812737000639612673 elapsed=3056s
progress: nodes=64,480,000,000 tested=3,527 found=0 n=279032941626125802986871 elapsed=3056s
progress: nodes=64,490,000,000 tested=3,527 found=0 n=270229619411578582865109 elapsed=3057s
progress: nodes=64,500,000,000 tested=3,527 found=0 n=260294250499957225198647 elapsed=3058s
progress: nodes=64,510,000,000 tested=3,527 found=0 n=323187380438584026045681 elapsed=3058s
progress: nodes=64,520,000,000 tested=3,527 found=0 n=201625699806940027491873 elapsed=3059s
progress: nodes=64,530,000,000 tested=3,527 found=0 n=256989358733084270966673 elapsed=3059s
progress: nodes=64,540,000,000 tested=3,527 found=0 n=243568356393428097638607 elapsed=3060s
progress: nodes=64,550,000,000 tested=3,527 found=0 n=237642822302079664527057 elapsed=3060s
progress: nodes=64,560,000,000 tested=3,527 found=0 n=276598088739601848366147 elapsed=3061s
progress: nodes=64,570,000,000 tested=3,527 found=0 n=307319479385781118765509 elapsed=3061s
progress: nodes=64,580,000,000 tested=3,527 found=0 n=296130927265270553172717 elapsed=3062s
progress: nodes=64,590,000,000 tested=3,527 found=0 n=322234402768142970798693 elapsed=3062s
progress: nodes=64,600,000,000 tested=3,527 found=0 n=267665465634444526155507 elapsed=3063s
progress: nodes=64,610,000,000 tested=3,527 found=0 n=215267918299767495765603 elapsed=3063s
progress: nodes=64,620,000,000 tested=3,527 found=0 n=314216555876534590928649 elapsed=3064s
progress: nodes=64,630,000,000 tested=3,527 found=0 n=309844868028258850896609 elapsed=3064s
progress: nodes=64,640,000,000 tested=3,527 found=0 n=282099492007003096889463 elapsed=3065s
progress: nodes=64,650,000,000 tested=3,527 found=0 n=281994317520293599440219 elapsed=3065s
progress: nodes=64,660,000,000 tested=3,527 found=0 n=227514257468044877136807 elapsed=3066s
progress: nodes=64,670,000,000 tested=3,527 found=0 n=333581712226003532283993 elapsed=3066s
progress: nodes=64,680,000,000 tested=3,527 found=0 n=233342170133330589932601 elapsed=3067s
progress: nodes=64,690,000,000 tested=3,527 found=0 n=284272286751170849924793 elapsed=3067s
progress: nodes=64,700,000,000 tested=3,527 found=0 n=334829250854142816604833 elapsed=3068s
progress: nodes=64,710,000,000 tested=3,527 found=0 n=293158516778354990501739 elapsed=3068s
progress: nodes=64,720,000,000 tested=3,527 found=0 n=293024715309153376171623 elapsed=3069s
progress: nodes=64,730,000,000 tested=3,527 found=0 n=287454939543225423880911 elapsed=3069s
progress: nodes=64,740,000,000 tested=3,527 found=0 n=314706344442793610213907 elapsed=3070s
progress: nodes=64,750,000,000 tested=3,527 found=0 n=322069757528903807349927 elapsed=3070s
progress: nodes=64,760,000,000 tested=3,527 found=0 n=327420791058246614301573 elapsed=3071s
progress: nodes=64,770,000,000 tested=3,527 found=0 n=322051705933395798909549 elapsed=3072s
progress: nodes=64,780,000,000 tested=3,527 found=0 n=359962883949875692547061 elapsed=3072s
progress: nodes=64,790,000,000 tested=3,527 found=0 n=584512012774787226948819 elapsed=3073s
progress: nodes=64,800,000,000 tested=3,527 found=0 n=643296377788918303727277 elapsed=3073s
progress: nodes=64,810,000,000 tested=3,527 found=0 n=736145920113335899674507 elapsed=3073s
progress: nodes=64,820,000,000 tested=3,527 found=0 n=863459568521517123717561 elapsed=3074s
progress: nodes=64,830,000,000 tested=3,527 found=0 n=59357815369836965954973 elapsed=3074s
progress: nodes=64,840,000,000 tested=3,527 found=0 n=227185997784581742859953 elapsed=3075s
progress: nodes=64,850,000,000 tested=3,527 found=0 n=432482791552431330011301 elapsed=3075s
progress: nodes=64,860,000,000 tested=3,527 found=0 n=680578950081717346318659 elapsed=3076s
progress: nodes=64,870,000,000 tested=3,527 found=0 n=967322901850316508147651 elapsed=3076s
progress: nodes=64,880,000,000 tested=3,527 found=0 n=298259727663581606059137 elapsed=3077s
progress: nodes=64,890,000,000 tested=3,527 found=0 n=644762670490809972208107 elapsed=3077s
progress: nodes=64,900,000,000 tested=3,527 found=0 n=70948228140014408019837 elapsed=3078s
progress: nodes=64,910,000,000 tested=3,527 found=0 n=463066931238618540320487 elapsed=3078s
progress: nodes=64,920,000,000 tested=3,527 found=0 n=918599370682853413190637 elapsed=3078s
progress: nodes=64,930,000,000 tested=3,527 found=0 n=411038682511243113996669 elapsed=3079s
progress: nodes=64,940,000,000 tested=3,527 found=0 n=923104749249882564778413 elapsed=3079s
progress: nodes=64,950,000,000 tested=3,527 found=0 n=482266697482927574226009 elapsed=3080s
progress: nodes=64,960,000,000 tested=3,527 found=0 n=101725773794871011586801 elapsed=3080s
progress: nodes=64,970,000,000 tested=3,527 found=0 n=693455489076617227533573 elapsed=3081s
progress: nodes=64,980,000,000 tested=3,527 found=0 n=361325417603912519975217 elapsed=3081s
progress: nodes=64,990,000,000 tested=3,527 found=0 n=80825869328881580834931 elapsed=3082s
progress: nodes=65,000,000,000 tested=3,527 found=0 n=769965055549009389498429 elapsed=3082s
progress: nodes=65,010,000,000 tested=3,527 found=0 n=529563108295101586927221 elapsed=3083s
progress: nodes=65,020,000,000 tested=3,527 found=0 n=332768349478611667039419 elapsed=3083s
progress: nodes=65,030,000,000 tested=3,527 found=0 n=173194258321199160702657 elapsed=3083s
progress: nodes=65,040,000,000 tested=3,527 found=0 n=51737446764850143984687 elapsed=3084s
progress: nodes=65,050,000,000 tested=3,527 found=0 n=901576513368512989738731 elapsed=3084s
progress: nodes=65,060,000,000 tested=3,527 found=0 n=826124340836605045894659 elapsed=3085s
progress: nodes=65,070,000,000 tested=3,527 found=0 n=782865907381467594175491 elapsed=3085s
progress: nodes=65,080,000,000 tested=3,527 found=0 n=777364541494414135933671 elapsed=3086s
progress: nodes=65,090,000,000 tested=3,527 found=0 n=804992760622740707360343 elapsed=3086s
progress: nodes=65,100,000,000 tested=3,527 found=0 n=869226252404018598526437 elapsed=3087s
progress: nodes=65,110,000,000 tested=3,527 found=0 n=970453456099084972155141 elapsed=3087s
progress: nodes=65,120,000,000 tested=3,527 found=0 n=146771269133111145139617 elapsed=3088s
progress: nodes=65,130,000,000 tested=3,527 found=0 n=315149511298310979529239 elapsed=3088s
progress: nodes=65,140,000,000 tested=3,527 found=0 n=518542267611648261898917 elapsed=3088s
progress: nodes=65,150,000,000 tested=3,527 found=0 n=758272393813342609838637 elapsed=3089s
progress: nodes=65,160,000,000 tested=3,527 found=0 n=76060701095693895862281 elapsed=3089s
progress: nodes=65,170,000,000 tested=3,527 found=0 n=362962928579302987072137 elapsed=3090s
progress: nodes=65,180,000,000 tested=3,527 found=0 n=704272846847018691763521 elapsed=3090s
progress: nodes=65,190,000,000 tested=3,527 found=0 n=123494166310406150970711 elapsed=3091s
progress: nodes=65,200,000,000 tested=3,527 found=0 n=526646249465579161978059 elapsed=3091s
progress: nodes=65,210,000,000 tested=3,527 found=0 n=990868328849136217210731 elapsed=3092s
progress: nodes=65,220,000,000 tested=3,527 found=0 n=491205825302773218576939 elapsed=3092s
progress: nodes=65,230,000,000 tested=3,527 found=0 n=59092845469468895293209 elapsed=3093s
progress: nodes=65,240,000,000 tested=3,527 found=0 n=592788063058397070613749 elapsed=3093s
progress: nodes=65,250,000,000 tested=3,527 found=0 n=220347994404969187149393 elapsed=3094s
progress: nodes=65,260,000,000 tested=3,527 found=0 n=836726070533820934938471 elapsed=3094s
progress: nodes=65,270,000,000 tested=3,527 found=0 n=512987120855322516710307 elapsed=3094s
progress: nodes=65,280,000,000 tested=3,527 found=0 n=234861939256509768982779 elapsed=3095s
progress: nodes=65,290,000,000 tested=3,527 found=0 n=955679674053944505759093 elapsed=3095s
progress: nodes=65,300,000,000 tested=3,527 found=0 n=735184972534692855932757 elapsed=3096s
progress: nodes=65,310,000,000 tested=3,527 found=0 n=557852790843971669012967 elapsed=3096s
progress: nodes=65,320,000,000 tested=3,527 found=0 n=423673916582570618755791 elapsed=3097s
progress: nodes=65,330,000,000 tested=3,527 found=0 n=326381214282429320363349 elapsed=3097s
progress: nodes=65,340,000,000 tested=3,527 found=0 n=267647897656300901200461 elapsed=3098s
progress: nodes=65,350,000,000 tested=3,527 found=0 n=242855633264137090320123 elapsed=3098s
progress: nodes=65,360,000,000 tested=3,527 found=0 n=249852794931628754993127 elapsed=3099s
progress: nodes=65,370,000,000 tested=3,527 found=0 n=287654054032826147165499 elapsed=3099s
progress: nodes=65,380,000,000 tested=3,527 found=0 n=363414261024525023183871 elapsed=3100s
progress: nodes=65,390,000,000 tested=3,527 found=0 n=477609737378341505776839 elapsed=3100s
progress: nodes=65,400,000,000 tested=3,527 found=0 n=628170396116193528448851 elapsed=3101s
progress: nodes=65,410,000,000 tested=3,527 found=0 n=822342298960568662643367 elapsed=3101s
progress: nodes=65,420,000,000 tested=3,527 found=0 n=93924798535426173348033 elapsed=3102s
progress: nodes=65,430,000,000 tested=3,527 found=0 n=338267114619926036287743 elapsed=3102s
progress: nodes=65,440,000,000 tested=3,527 found=0 n=638132365805891083438311 elapsed=3103s
progress: nodes=65,450,000,000 tested=3,527 found=0 n=984920321306503568523537 elapsed=3103s
progress: nodes=65,460,000,000 tested=3,527 found=0 n=384196049236045951187283 elapsed=3104s
progress: nodes=65,470,000,000 tested=3,527 found=0 n=799470319225596486951483 elapsed=3104s
progress: nodes=65,480,000,000 tested=3,527 found=0 n=338540077665154948095513 elapsed=3105s
progress: nodes=65,490,000,000 tested=3,527 found=0 n=265783232711149673018499 elapsed=3105s
progress: nodes=65,500,000,000 tested=3,527 found=0 n=527938236786439144462797 elapsed=3105s
progress: nodes=65,510,000,000 tested=3,527 found=0 n=225484073021251120783707 elapsed=3106s
progress: nodes=65,520,000,000 tested=3,527 found=0 n=256430404785873983798133 elapsed=3106s
progress: nodes=65,530,000,000 tested=3,527 found=0 n=686294318628200470461273 elapsed=3107s
progress: nodes=65,540,000,000 tested=3,527 found=0 n=570435931074463241368581 elapsed=3107s
progress: nodes=65,550,000,000 tested=3,527 found=0 n=811782263581875994715307 elapsed=3108s
progress: nodes=65,560,000,000 tested=3,527 found=0 n=528160314417417558073197 elapsed=3108s
progress: nodes=65,570,000,000 tested=3,527 found=0 n=605092487020106999134221 elapsed=3109s
progress: nodes=65,580,000,000 tested=3,527 found=0 n=198308436242163605535177 elapsed=3109s
progress: nodes=65,590,000,000 tested=3,527 found=0 n=171039562497529557070239 elapsed=3110s
progress: nodes=65,600,000,000 tested=3,527 found=0 n=480194761350827313597807 elapsed=3110s
progress: nodes=65,610,000,000 tested=3,527 found=0 n=272777734625258139067791 elapsed=3111s
progress: nodes=65,620,000,000 tested=3,527 found=0 n=317188657341189560169243 elapsed=3111s
progress: nodes=65,630,000,000 tested=3,527 found=0 n=768234023844808256066331 elapsed=3112s
progress: nodes=65,640,000,000 tested=3,527 found=0 n=56095311313345633620291 elapsed=3112s
progress: nodes=65,650,000,000 tested=3,527 found=0 n=410053837218684163401897 elapsed=3113s
progress: nodes=65,660,000,000 tested=3,527 found=0 n=347300452402114519419111 elapsed=3113s
progress: nodes=65,670,000,000 tested=3,527 found=0 n=681144523303640458821759 elapsed=3114s
progress: nodes=65,680,000,000 tested=3,527 found=0 n=590606520382317364904979 elapsed=3114s
progress: nodes=65,690,000,000 tested=3,527 found=0 n=107869095818521162608483 elapsed=3115s
progress: nodes=65,700,000,000 tested=3,527 found=0 n=716443346932160006109951 elapsed=3115s
progress: nodes=65,710,000,000 tested=3,527 found=0 n=245329657606874316889413 elapsed=3116s
progress: nodes=65,720,000,000 tested=3,527 found=0 n=136561225190963821341093 elapsed=3116s
progress: nodes=65,730,000,000 tested=3,527 found=0 n=362976587209662113721033 elapsed=3117s
progress: nodes=65,740,000,000 tested=3,527 found=0 n=256342533056251011292923 elapsed=3117s
progress: nodes=65,750,000,000 tested=3,527 found=0 n=580659714929958675412401 elapsed=3118s
progress: nodes=65,760,000,000 tested=3,527 found=0 n=573681157085991275944623 elapsed=3118s
progress: nodes=65,770,000,000 tested=3,527 found=0 n=279225954395435850663861 elapsed=3119s
progress: nodes=65,780,000,000 tested=3,527 found=0 n=328567166714256331915053 elapsed=3119s
progress: nodes=65,790,000,000 tested=3,527 found=0 n=74497851632535497205039 elapsed=3119s
progress: nodes=65,800,000,000 tested=3,527 found=0 n=138522777285547051870473 elapsed=3120s
progress: nodes=65,810,000,000 tested=3,527 found=0 n=550055787982064265264363 elapsed=3120s
progress: nodes=65,820,000,000 tested=3,527 found=0 n=86152457503260261862749 elapsed=3121s
progress: nodes=65,830,000,000 tested=3,527 found=0 n=611048715593567061439629 elapsed=3121s
progress: nodes=65,840,000,000 tested=3,527 found=0 n=259662737219389871946579 elapsed=3122s
progress: nodes=65,850,000,000 tested=3,527 found=0 n=257125634557347512427471 elapsed=3122s
progress: nodes=65,860,000,000 tested=3,527 found=0 n=58472830853403703373637 elapsed=3123s
progress: nodes=65,870,000,000 tested=3,527 found=0 n=209699262962094500766171 elapsed=3123s
progress: nodes=65,880,000,000 tested=3,527 found=0 n=115487108440150036959369 elapsed=3124s
progress: nodes=65,890,000,000 tested=3,527 found=0 n=351399212623740112362531 elapsed=3124s
progress: nodes=65,900,000,000 tested=3,527 found=0 n=329633085390349343902299 elapsed=3125s
progress: nodes=65,910,000,000 tested=3,527 found=0 n=110347812361799939944017 elapsed=3125s
progress: nodes=65,920,000,000 tested=3,527 found=0 n=252658396900645906371201 elapsed=3126s
progress: nodes=65,930,000,000 tested=3,527 found=0 n=236214377646972548080257 elapsed=3126s
progress: nodes=65,940,000,000 tested=3,527 found=0 n=561672019875044176040943 elapsed=3127s
progress: nodes=65,950,000,000 tested=3,527 found=0 n=110026914976382890925439 elapsed=3127s
progress: nodes=65,960,000,000 tested=3,527 found=0 n=562467365653947295791249 elapsed=3128s
progress: nodes=65,970,000,000 tested=3,527 found=0 n=341603996686360786967589 elapsed=3128s
progress: nodes=65,980,000,000 tested=3,527 found=0 n=495775346474312222178861 elapsed=3129s
progress: nodes=65,990,000,000 tested=3,527 found=0 n=537571695411007363092987 elapsed=3129s
progress: nodes=66,000,000,000 tested=3,527 found=0 n=448088531379605379081819 elapsed=3130s
progress: nodes=66,010,000,000 tested=3,527 found=0 n=177287630790969545555709 elapsed=3130s
progress: nodes=66,020,000,000 tested=3,527 found=0 n=266939006342960513432871 elapsed=3131s
progress: nodes=66,030,000,000 tested=3,527 found=0 n=205680397980088296974709 elapsed=3131s
progress: nodes=66,040,000,000 tested=3,527 found=0 n=490361838046144255860669 elapsed=3132s
progress: nodes=66,050,000,000 tested=3,527 found=0 n=176464967073083766106029 elapsed=3132s
progress: nodes=66,060,000,000 tested=3,527 found=0 n=231407316511948522836891 elapsed=3133s
progress: nodes=66,070,000,000 tested=3,527 found=0 n=213922953070372726793613 elapsed=3133s
progress: nodes=66,080,000,000 tested=3,527 found=0 n=96220631822290987314303 elapsed=3133s
progress: nodes=66,090,000,000 tested=3,527 found=0 n=328315683606843536811207 elapsed=3134s
progress: nodes=66,100,000,000 tested=3,527 found=0 n=491917992103090076092569 elapsed=3134s
progress: nodes=66,110,000,000 tested=3,527 found=0 n=93317806555186472580321 elapsed=3135s
progress: nodes=66,120,000,000 tested=3,527 found=0 n=81120914027602399069119 elapsed=3135s
progress: nodes=66,130,000,000 tested=3,527 found=0 n=430472660322000011242527 elapsed=3136s
progress: nodes=66,140,000,000 tested=3,527 found=0 n=285891362313536979148149 elapsed=3136s
progress: nodes=66,150,000,000 tested=3,527 found=0 n=90278779481572777224129 elapsed=3137s
progress: nodes=66,160,000,000 tested=3,527 found=0 n=220232942853560203610043 elapsed=3137s
progress: nodes=66,170,000,000 tested=3,527 found=0 n=284820350581278985752279 elapsed=3138s
progress: nodes=66,180,000,000 tested=3,527 found=0 n=313154038072588340727099 elapsed=3138s
progress: nodes=66,190,000,000 tested=3,527 found=0 n=252317832590404277844147 elapsed=3139s
progress: nodes=66,200,000,000 tested=3,527 found=0 n=125874359880021889159023 elapsed=3139s
progress: nodes=66,210,000,000 tested=3,527 found=0 n=332240173569028620132237 elapsed=3140s
progress: nodes=66,220,000,000 tested=3,527 found=0 n=97559776712921089537971 elapsed=3140s
progress: nodes=66,230,000,000 tested=3,527 found=0 n=207524861416604421993303 elapsed=3141s
progress: nodes=66,240,000,000 tested=3,527 found=0 n=306032141986362333522981 elapsed=3141s
progress: nodes=66,250,000,000 tested=3,527 found=0 n=392990752153858341329847 elapsed=3142s
progress: nodes=66,260,000,000 tested=3,527 found=0 n=77043965655674426616207 elapsed=3142s
progress: nodes=66,270,000,000 tested=3,527 found=0 n=137551197697572588758829 elapsed=3143s
progress: nodes=66,280,000,000 tested=3,527 found=0 n=209627000337861638595063 elapsed=3143s
progress: nodes=66,290,000,000 tested=3,527 found=0 n=261350225300173139006877 elapsed=3144s
progress: nodes=66,300,000,000 tested=3,527 found=0 n=290328337341578167460829 elapsed=3144s
progress: nodes=66,310,000,000 tested=3,527 found=0 n=318699023899358987631747 elapsed=3145s
progress: nodes=66,320,000,000 tested=3,527 found=0 n=361554513469135260323049 elapsed=3145s
progress: nodes=66,330,000,000 tested=3,527 found=0 n=406498626107865288768771 elapsed=3146s
progress: nodes=66,340,000,000 tested=3,527 found=0 n=84040748730654308846253 elapsed=3146s
progress: nodes=66,350,000,000 tested=3,527 found=0 n=114965618120295514304733 elapsed=3147s
progress: nodes=66,360,000,000 tested=3,527 found=0 n=141967054372047885089109 elapsed=3147s
progress: nodes=66,370,000,000 tested=3,527 found=0 n=198789358856984907790779 elapsed=3148s
progress: nodes=66,380,000,000 tested=3,527 found=0 n=282618484527809841089679 elapsed=3148s
progress: nodes=66,390,000,000 tested=3,527 found=0 n=78819290239827447136827 elapsed=3149s
progress: nodes=66,400,000,000 tested=3,527 found=0 n=262245345619115774943027 elapsed=3149s
progress: nodes=66,410,000,000 tested=3,527 found=0 n=129380651882774638777431 elapsed=3150s
progress: nodes=66,420,000,000 tested=3,527 found=0 n=388643709335714945853741 elapsed=3150s
progress: nodes=66,430,000,000 tested=3,527 found=0 n=351947008902568212404271 elapsed=3151s
progress: nodes=66,440,000,000 tested=3,527 found=0 n=390957257196612071406441 elapsed=3151s
progress: nodes=66,450,000,000 tested=3,527 found=0 n=155965896502956768657429 elapsed=3152s
progress: nodes=66,460,000,000 tested=3,527 found=0 n=311910460336426566467853 elapsed=3152s
progress: nodes=66,470,000,000 tested=3,527 found=0 n=225004698026384582359053 elapsed=3152s
progress: nodes=66,480,000,000 tested=3,527 found=0 n=216910031435422491995829 elapsed=3153s
progress: nodes=66,490,000,000 tested=3,527 found=0 n=294542782060354668902061 elapsed=3153s
progress: nodes=66,500,000,000 tested=3,527 found=0 n=150916927365359527895523 elapsed=3154s
progress: nodes=66,510,000,000 tested=3,527 found=0 n=93181513385510276549823 elapsed=3154s
progress: nodes=66,520,000,000 tested=3,527 found=0 n=139600539125566263421677 elapsed=3155s
progress: nodes=66,530,000,000 tested=3,527 found=0 n=306830778135999939248427 elapsed=3155s
progress: nodes=66,540,000,000 tested=3,527 found=0 n=274944202766165785023171 elapsed=3156s
progress: nodes=66,550,000,000 tested=3,527 found=0 n=364509562390630555109211 elapsed=3156s
progress: nodes=66,560,000,000 tested=3,527 found=0 n=266827114186574720377599 elapsed=3157s
progress: nodes=66,570,000,000 tested=3,527 found=0 n=285924693403575721111617 elapsed=3157s
progress: nodes=66,580,000,000 tested=3,527 found=0 n=139411488791494136544327 elapsed=3158s
progress: nodes=66,590,000,000 tested=3,527 found=0 n=123848742678414039052767 elapsed=3158s
progress: nodes=66,600,000,000 tested=3,527 found=0 n=236030972434155546969321 elapsed=3159s
progress: nodes=66,610,000,000 tested=3,527 found=0 n=193720746638479354246953 elapsed=3159s
progress: nodes=66,620,000,000 tested=3,527 found=0 n=302036675707322795366127 elapsed=3160s
progress: nodes=66,630,000,000 tested=3,527 found=0 n=267476180119032862186209 elapsed=3160s
progress: nodes=66,640,000,000 tested=3,527 found=0 n=144425247901207441066899 elapsed=3161s
progress: nodes=66,650,000,000 tested=3,527 found=0 n=190788090318686247365979 elapsed=3161s
progress: nodes=66,660,000,000 tested=3,527 found=0 n=140045698562734133760591 elapsed=3162s
progress: nodes=66,670,000,000 tested=3,527 found=0 n=308560944263360225053617 elapsed=3162s
progress: nodes=66,680,000,000 tested=3,527 found=0 n=128948419641882569235507 elapsed=3163s
progress: nodes=66,690,000,000 tested=3,527 found=0 n=120930908141756177548083 elapsed=3163s
progress: nodes=66,700,000,000 tested=3,527 found=0 n=296263600996026893742513 elapsed=3163s
progress: nodes=66,710,000,000 tested=3,527 found=0 n=152283387719782943010387 elapsed=3164s
progress: nodes=66,720,000,000 tested=3,527 found=0 n=262600237456190488976121 elapsed=3164s
progress: nodes=66,730,000,000 tested=3,527 found=0 n=112605860248111216249263 elapsed=3165s
progress: nodes=66,740,000,000 tested=3,527 found=0 n=173809180555286035692933 elapsed=3165s
progress: nodes=66,750,000,000 tested=3,527 found=0 n=196152480146138520851847 elapsed=3166s
progress: nodes=66,760,000,000 tested=3,527 found=0 n=202094664981855329610927 elapsed=3166s
progress: nodes=66,770,000,000 tested=3,527 found=0 n=211955952840731903436633 elapsed=3167s
progress: nodes=66,780,000,000 tested=3,527 found=0 n=227875260989122909054893 elapsed=3167s
progress: nodes=66,790,000,000 tested=3,527 found=0 n=271516496733889253009163 elapsed=3168s
progress: nodes=66,800,000,000 tested=3,527 found=0 n=325714503604550790953223 elapsed=3168s
progress: nodes=66,810,000,000 tested=3,527 found=0 n=182427287001893742970161 elapsed=3169s
progress: nodes=66,820,000,000 tested=3,527 found=0 n=118570497988537006513101 elapsed=3169s
progress: nodes=66,830,000,000 tested=3,527 found=0 n=317796027894911581076061 elapsed=3170s
progress: nodes=66,840,000,000 tested=3,527 found=0 n=322709347021958818704783 elapsed=3170s
progress: nodes=66,850,000,000 tested=3,527 found=0 n=155245939333010885227869 elapsed=3171s
progress: nodes=66,860,000,000 tested=3,527 found=0 n=315768942350088924986289 elapsed=3171s
progress: nodes=66,870,000,000 tested=3,527 found=0 n=120877880704625639706111 elapsed=3172s
progress: nodes=66,880,000,000 tested=3,527 found=0 n=262936408022618093044281 elapsed=3172s
progress: nodes=66,890,000,000 tested=3,527 found=0 n=118859573289013320961197 elapsed=3173s
progress: nodes=66,900,000,000 tested=3,527 found=0 n=142221920438044005560001 elapsed=3173s
progress: nodes=66,910,000,000 tested=3,527 found=0 n=312906845513574743600169 elapsed=3174s
progress: nodes=66,920,000,000 tested=3,527 found=0 n=223199457932711523274011 elapsed=3174s
progress: nodes=66,930,000,000 tested=3,527 found=0 n=314277302935874222841897 elapsed=3175s
progress: nodes=66,940,000,000 tested=3,527 found=0 n=162279488597339547342909 elapsed=3175s
progress: nodes=66,950,000,000 tested=3,527 found=0 n=219604494627184954434147 elapsed=3176s
progress: nodes=66,960,000,000 tested=3,527 found=0 n=271979180820181664032203 elapsed=3176s
progress: nodes=66,970,000,000 tested=3,527 found=0 n=158536766887409679331563 elapsed=3176s
progress: nodes=66,980,000,000 tested=3,527 found=0 n=298191325218787725255531 elapsed=3177s
progress: nodes=66,990,000,000 tested=3,527 found=0 n=135382060220588226882837 elapsed=3177s
progress: nodes=67,000,000,000 tested=3,527 found=0 n=234347804768512563781653 elapsed=3178s
progress: nodes=67,010,000,000 tested=3,527 found=0 n=219593106713240933766093 elapsed=3178s
progress: nodes=67,020,000,000 tested=3,527 found=0 n=308418633897507959883057 elapsed=3179s
progress: nodes=67,030,000,000 tested=3,527 found=0 n=187440332978429468716779 elapsed=3179s
progress: nodes=67,040,000,000 tested=3,527 found=0 n=216986628069987206834403 elapsed=3180s
progress: nodes=67,050,000,000 tested=3,527 found=0 n=208394781768922580420589 elapsed=3180s
progress: nodes=67,060,000,000 tested=3,527 found=0 n=260135576383677722819091 elapsed=3181s
progress: nodes=67,070,000,000 tested=3,527 found=0 n=177901852055782995853713 elapsed=3181s
progress: nodes=67,080,000,000 tested=3,527 found=0 n=205769203089885553038921 elapsed=3182s
progress: nodes=67,090,000,000 tested=3,527 found=0 n=182269575676269294306093 elapsed=3182s
progress: nodes=67,100,000,000 tested=3,527 found=0 n=170300935407940590620367 elapsed=3183s
progress: nodes=67,110,000,000 tested=3,527 found=0 n=201202383210327462754791 elapsed=3183s
progress: nodes=67,120,000,000 tested=3,527 found=0 n=262506294532932912843381 elapsed=3184s
progress: nodes=67,130,000,000 tested=3,527 found=0 n=208721813729676177968037 elapsed=3184s
progress: nodes=67,140,000,000 tested=3,527 found=0 n=242771200934482636406991 elapsed=3185s
progress: nodes=67,150,000,000 tested=3,527 found=0 n=263528717104893925792107 elapsed=3185s
progress: nodes=67,160,000,000 tested=3,527 found=0 n=176108047990690145419089 elapsed=3186s
progress: nodes=67,170,000,000 tested=3,527 found=0 n=180942134316807995210079 elapsed=3186s
progress: nodes=67,180,000,000 tested=3,527 found=0 n=176724125363431014600231 elapsed=3187s
progress: nodes=67,190,000,000 tested=3,527 found=0 n=212633519677337576596779 elapsed=3187s
progress: nodes=67,200,000,000 tested=3,527 found=0 n=190811467869046314961671 elapsed=3188s
progress: nodes=67,210,000,000 tested=3,527 found=0 n=190095418936087213970421 elapsed=3188s
progress: nodes=67,220,000,000 tested=3,527 found=0 n=178501233208011260243697 elapsed=3189s
progress: nodes=67,230,000,000 tested=3,527 found=0 n=193677559343102374811271 elapsed=3189s
progress: nodes=67,240,000,000 tested=3,527 found=0 n=227435468164796121841611 elapsed=3190s
progress: nodes=67,250,000,000 tested=3,527 found=0 n=311232966755095279293399 elapsed=3190s
progress: nodes=67,260,000,000 tested=3,527 found=0 n=309493628528848084880559 elapsed=3191s
progress: nodes=67,270,000,000 tested=3,527 found=0 n=216573456457580501079801 elapsed=3191s
progress: nodes=67,280,000,000 tested=3,527 found=0 n=201962448268253434763001 elapsed=3192s
progress: nodes=67,290,000,000 tested=3,527 found=0 n=281453114635834328436249 elapsed=3192s
progress: nodes=67,300,000,000 tested=3,527 found=0 n=297106301658476267258301 elapsed=3193s
progress: nodes=67,310,000,000 tested=3,527 found=0 n=317071227013204530918051 elapsed=3193s
progress: nodes=67,320,000,000 tested=3,527 found=0 n=317957038003652101325271 elapsed=3194s
progress: nodes=67,330,000,000 tested=3,527 found=0 n=260111154263995130257161 elapsed=3194s
progress: nodes=67,340,000,000 tested=3,527 found=0 n=245383928975489206003101 elapsed=3195s
progress: nodes=67,350,000,000 tested=3,527 found=0 n=245813644972328794113753 elapsed=3195s
progress: nodes=67,360,000,000 tested=3,527 found=0 n=292259663792620215090399 elapsed=3196s
progress: nodes=67,370,000,000 tested=3,527 found=0 n=267481003622864309531253 elapsed=3196s
progress: nodes=67,380,000,000 tested=3,527 found=0 n=275872646095781167630197 elapsed=3197s
progress: nodes=67,390,000,000 tested=3,527 found=0 n=306516371672989787998689 elapsed=3197s
progress: nodes=67,400,000,000 tested=3,527 found=0 n=311366274456315247432263 elapsed=3198s
progress: nodes=67,410,000,000 tested=3,527 found=0 n=279187249333591103213709 elapsed=3198s
progress: nodes=67,420,000,000 tested=3,527 found=0 n=310605678446487557190057 elapsed=3199s
progress: nodes=67,430,000,000 tested=3,527 found=0 n=305981623370434731302583 elapsed=3199s
progress: nodes=67,440,000,000 tested=3,527 found=0 n=346497216074337322433439 elapsed=3200s
progress: nodes=67,450,000,000 tested=3,527 found=0 n=392756926090983318031167 elapsed=3200s
progress: nodes=67,460,000,000 tested=3,527 found=0 n=477861627383657206570881 elapsed=3201s
progress: nodes=67,470,000,000 tested=3,527 found=0 n=592669096431256788720777 elapsed=3201s
progress: nodes=67,480,000,000 tested=3,527 found=0 n=740192510957828372587143 elapsed=3202s
progress: nodes=67,490,000,000 tested=3,527 found=0 n=919130110269635041668891 elapsed=3202s
progress: nodes=67,500,000,000 tested=3,527 found=0 n=144800049028131878007627 elapsed=3202s
progress: nodes=67,510,000,000 tested=3,527 found=0 n=371482368070122599471181 elapsed=3203s
progress: nodes=67,520,000,000 tested=3,527 found=0 n=636540670292897503462329 elapsed=3203s
progress: nodes=67,530,000,000 tested=3,527 found=0 n=935778212327045489473071 elapsed=3204s
progress: nodes=67,540,000,000 tested=3,527 found=0 n=271238113458463866818103 elapsed=3204s
progress: nodes=67,550,000,000 tested=3,527 found=0 n=623428149504383227177173 elapsed=3205s
progress: nodes=67,560,000,000 tested=3,527 found=0 n=50806956029462235864261 elapsed=3205s
progress: nodes=67,570,000,000 tested=3,527 found=0 n=441528794414065694365029 elapsed=3206s
progress: nodes=67,580,000,000 tested=3,527 found=0 n=894896994616446811997007 elapsed=3206s
progress: nodes=67,590,000,000 tested=3,527 found=0 n=382982557352429856963141 elapsed=3206s
progress: nodes=67,600,000,000 tested=3,527 found=0 n=893368939032024943809321 elapsed=3207s
progress: nodes=67,610,000,000 tested=3,527 found=0 n=437456099835227198568843 elapsed=3207s
progress: nodes=67,620,000,000 tested=3,527 found=0 n=45375248473655291384193 elapsed=3208s
progress: nodes=67,630,000,000 tested=3,527 found=0 n=615560100833642777974161 elapsed=3208s
progress: nodes=67,640,000,000 tested=3,527 found=0 n=265605329320467529604211 elapsed=3209s
progress: nodes=67,650,000,000 tested=3,527 found=0 n=926474279046804681656463 elapsed=3209s
progress: nodes=67,660,000,000 tested=3,527 found=0 n=628846824910559717653191 elapsed=3210s
progress: nodes=67,670,000,000 tested=3,527 found=0 n=369505375911894646026603 elapsed=3210s
progress: nodes=67,680,000,000 tested=3,527 found=0 n=145191245791210395065289 elapsed=3210s
progress: nodes=67,690,000,000 tested=3,527 found=0 n=925335803776897220706999 elapsed=3211s
progress: nodes=67,700,000,000 tested=3,527 found=0 n=753043672739218092689457 elapsed=3211s
progress: nodes=67,710,000,000 tested=3,527 found=0 n=609704877769313158866033 elapsed=3212s
progress: nodes=67,720,000,000 tested=3,527 found=0 n=495866222562146094802143 elapsed=3212s
progress: nodes=67,730,000,000 tested=3,527 found=0 n=413213355004813413751701 elapsed=3213s
progress: nodes=67,740,000,000 tested=3,527 found=0 n=360468846352355468771043 elapsed=3213s
progress: nodes=67,750,000,000 tested=3,527 found=0 n=333272829014690804480241 elapsed=3213s
progress: nodes=67,760,000,000 tested=3,527 found=0 n=331386697250028055276641 elapsed=3214s
progress: nodes=67,770,000,000 tested=3,527 found=0 n=356858976436814449518921 elapsed=3214s
progress: nodes=67,780,000,000 tested=3,527 found=0 n=408901883989985333388441 elapsed=3215s
progress: nodes=67,790,000,000 tested=3,527 found=0 n=494483275947856048040187 elapsed=3215s
progress: nodes=67,800,000,000 tested=3,527 found=0 n=613350176940463492412883 elapsed=3216s
progress: nodes=67,810,000,000 tested=3,527 found=0 n=766516455415758224686509 elapsed=3216s
progress: nodes=67,820,000,000 tested=3,527 found=0 n=951790430836405207878831 elapsed=3217s
progress: nodes=67,830,000,000 tested=3,527 found=0 n=184439882502378417887973 elapsed=3217s
progress: nodes=67,840,000,000 tested=3,527 found=0 n=423834905630035484968383 elapsed=3218s
progress: nodes=67,850,000,000 tested=3,527 found=0 n=706094753946221265985359 elapsed=3218s
progress: nodes=67,860,000,000 tested=3,527 found=0 n=63831959028790605519867 elapsed=3218s
progress: nodes=67,870,000,000 tested=3,527 found=0 n=392979016659918155005539 elapsed=3219s
progress: nodes=67,880,000,000 tested=3,527 found=0 n=783480481025848728553431 elapsed=3219s
progress: nodes=67,890,000,000 tested=3,527 found=0 n=231767176124024692234083 elapsed=3220s
progress: nodes=67,900,000,000 tested=3,527 found=0 n=679179688878938225027049 elapsed=3220s
progress: nodes=67,910,000,000 tested=3,527 found=0 n=193104342407842179955641 elapsed=3221s
progress: nodes=67,920,000,000 tested=3,527 found=0 n=699887057897868294040587 elapsed=3221s
progress: nodes=67,930,000,000 tested=3,527 found=0 n=266701135347369024895593 elapsed=3222s
progress: nodes=67,940,000,000 tested=3,527 found=0 n=847962418074568061832567 elapsed=3222s
progress: nodes=67,950,000,000 tested=3,527 found=0 n=479377287962728941837051 elapsed=3223s
progress: nodes=67,960,000,000 tested=3,527 found=0 n=162896016073401930752433 elapsed=3223s
progress: nodes=67,970,000,000 tested=3,527 found=0 n=841499511775559660420397 elapsed=3224s
progress: nodes=67,980,000,000 tested=3,527 found=0 n=575989221004613235923103 elapsed=3224s
progress: nodes=67,990,000,000 tested=3,527 found=0 n=349120980480022378314687 elapsed=3225s
progress: nodes=68,000,000,000 tested=3,527 found=0 n=164828683699325031493107 elapsed=3225s
progress: nodes=68,010,000,000 tested=3,527 found=0 n=986775340639275410730507 elapsed=3225s
progress: nodes=68,020,000,000 tested=3,527 found=0 n=60572817353362609426131 elapsed=3226s
progress: nodes=68,030,000,000 tested=3,527 found=0 n=412185387679599492267309 elapsed=3226s
progress: nodes=68,040,000,000 tested=3,527 found=0 n=250951188915270055623411 elapsed=3227s
progress: nodes=68,050,000,000 tested=3,527 found=0 n=478688757523897392533061 elapsed=3227s
progress: nodes=68,060,000,000 tested=3,527 found=0 n=217621483238685491946981 elapsed=3228s
progress: nodes=68,070,000,000 tested=3,527 found=0 n=332123483178630447220917 elapsed=3228s
progress: nodes=68,080,000,000 tested=3,527 found=0 n=824669728029410345703621 elapsed=3229s
progress: nodes=68,090,000,000 tested=3,527 found=0 n=824552109638689034043441 elapsed=3229s
progress: nodes=68,100,000,000 tested=3,527 found=0 n=383185238739551485159923 elapsed=3230s
progress: nodes=68,110,000,000 tested=3,527 found=0 n=348198229275349491739701 elapsed=3230s
progress: nodes=68,120,000,000 tested=3,527 found=0 n=681598310954547022793757 elapsed=3231s
progress: nodes=68,130,000,000 tested=3,527 found=0 n=535511618436955808556909 elapsed=3231s
progress: nodes=68,140,000,000 tested=3,527 found=0 n=749024360197713092844351 elapsed=3232s
progress: nodes=68,150,000,000 tested=3,527 found=0 n=562252240875877587652617 elapsed=3232s
progress: nodes=68,160,000,000 tested=3,527 found=0 n=783908226874001663320887 elapsed=3232s
progress: nodes=68,170,000,000 tested=3,527 found=0 n=651876279767014413720609 elapsed=3233s
progress: nodes=68,180,000,000 tested=3,527 found=0 n=152593131718944974104047 elapsed=3233s
progress: nodes=68,190,000,000 tested=3,527 found=0 n=85560024237697988525547 elapsed=3234s
progress: nodes=68,200,000,000 tested=3,527 found=0 n=330464076136119159140907 elapsed=3234s
progress: nodes=68,210,000,000 tested=3,527 found=0 n=211376448238679690994027 elapsed=3235s
progress: nodes=68,220,000,000 tested=3,527 found=0 n=512568164876951578037643 elapsed=3235s
progress: nodes=68,230,000,000 tested=3,527 found=0 n=480955733027949949502733 elapsed=3236s
progress: nodes=68,240,000,000 tested=3,527 found=0 n=155376532556980786664613 elapsed=3236s
progress: nodes=68,250,000,000 tested=3,527 found=0 n=211758593099741741786733 elapsed=3237s
progress: nodes=68,260,000,000 tested=3,527 found=0 n=629315715889704574283553 elapsed=3237s
progress: nodes=68,270,000,000 tested=3,527 found=0 n=125754249889392893898129 elapsed=3238s
progress: nodes=68,280,000,000 tested=3,527 found=0 n=632888175538562836962069 elapsed=3238s
progress: nodes=68,290,000,000 tested=3,527 found=0 n=193966204872135925131903 elapsed=3239s
progress: nodes=68,300,000,000 tested=3,527 found=0 n=121569955984974370614741 elapsed=3239s
progress: nodes=68,310,000,000 tested=3,527 found=0 n=423578932525864001113227 elapsed=3240s
progress: nodes=68,320,000,000 tested=3,527 found=0 n=486090272698543978363899 elapsed=3240s
progress: nodes=68,330,000,000 tested=3,527 found=0 n=373198281862609635068637 elapsed=3240s
progress: nodes=68,340,000,000 tested=3,527 found=0 n=99462037068479903050233 elapsed=3241s
progress: nodes=68,350,000,000 tested=3,527 found=0 n=143279553224049109921053 elapsed=3241s
progress: nodes=68,360,000,000 tested=3,527 found=0 n=564223066247115963586899 elapsed=3242s
progress: nodes=68,370,000,000 tested=3,527 found=0 n=215165728372280185442943 elapsed=3242s
progress: nodes=68,380,000,000 tested=3,527 found=0 n=288107950087683154411983 elapsed=3243s
progress: nodes=68,390,000,000 tested=3,527 found=0 n=197016716969996889422457 elapsed=3243s
progress: nodes=68,400,000,000 tested=3,527 found=0 n=451944276643574521363557 elapsed=3244s
progress: nodes=68,410,000,000 tested=3,527 found=0 n=60692415018359914831041 elapsed=3244s
progress: nodes=68,420,000,000 tested=3,527 found=0 n=518653615460792948739603 elapsed=3245s
progress: nodes=68,430,000,000 tested=3,527 found=0 n=284798484115890871006881 elapsed=3245s
progress: nodes=68,440,000,000 tested=3,527 found=0 n=446981238666135644512041 elapsed=3246s
progress: nodes=68,450,000,000 tested=3,527 found=0 n=531228922119227297652687 elapsed=3246s
progress: nodes=68,460,000,000 tested=3,527 found=0 n=498523287071508617039121 elapsed=3247s
progress: nodes=68,470,000,000 tested=3,527 found=0 n=339208563342376913053869 elapsed=3247s
progress: nodes=68,480,000,000 tested=3,527 found=0 n=59765011689933538661673 elapsed=3248s
progress: nodes=68,490,000,000 tested=3,527 found=0 n=170013366469504639292211 elapsed=3248s
progress: nodes=68,500,000,000 tested=3,527 found=0 n=204234032309546782550007 elapsed=3248s
progress: nodes=68,510,000,000 tested=3,527 found=0 n=160408884397425845862681 elapsed=3249s
progress: nodes=68,520,000,000 tested=3,527 found=0 n=61534859387824973587437 elapsed=3249s
progress: nodes=68,530,000,000 tested=3,527 found=0 n=338868336877064686592901 elapsed=3250s
progress: nodes=68,540,000,000 tested=3,527 found=0 n=111755165014424145965751 elapsed=3250s
progress: nodes=68,550,000,000 tested=3,527 found=0 n=240607001150861862229713 elapsed=3251s
progress: nodes=68,560,000,000 tested=3,527 found=0 n=322027131685057467155487 elapsed=3251s
progress: nodes=68,570,000,000 tested=3,527 found=0 n=339066520345961389512531 elapsed=3252s
progress: nodes=68,580,000,000 tested=3,527 found=0 n=298357042456535385790467 elapsed=3252s
progress: nodes=68,590,000,000 tested=3,527 found=0 n=221160425574635879050719 elapsed=3253s
progress: nodes=68,600,000,000 tested=3,527 found=0 n=74299667319241335350379 elapsed=3253s
progress: nodes=68,610,000,000 tested=3,527 found=0 n=255686256765456438364443 elapsed=3254s
progress: nodes=68,620,000,000 tested=3,527 found=0 n=433432468043422554009303 elapsed=3254s
progress: nodes=68,630,000,000 tested=3,527 found=0 n=161901840552798761532117 elapsed=3255s
progress: nodes=68,640,000,000 tested=3,527 found=0 n=271756586812001716806381 elapsed=3255s
progress: nodes=68,650,000,000 tested=3,527 found=0 n=370320513627981036801681 elapsed=3256s
progress: nodes=68,660,000,000 tested=3,527 found=0 n=73825948769808894501843 elapsed=3256s
progress: nodes=68,670,000,000 tested=3,527 found=0 n=150969334456732900115007 elapsed=3256s
progress: nodes=68,680,000,000 tested=3,527 found=0 n=271371882774446197732989 elapsed=3257s
progress: nodes=68,690,000,000 tested=3,527 found=0 n=418976885129315177714049 elapsed=3257s
progress: nodes=68,700,000,000 tested=3,527 found=0 n=184477396086697149388953 elapsed=3258s
progress: nodes=68,710,000,000 tested=3,527 found=0 n=320932165480154873025381 elapsed=3258s
progress: nodes=68,720,000,000 tested=3,527 found=0 n=131430125224926339150339 elapsed=3259s
progress: nodes=68,730,000,000 tested=3,527 found=0 n=345463928827239228153147 elapsed=3259s
progress: nodes=68,740,000,000 tested=3,527 found=0 n=248848511739681381891363 elapsed=3260s
progress: nodes=68,750,000,000 tested=3,527 found=0 n=207549086712051754987317 elapsed=3260s
progress: nodes=68,760,000,000 tested=3,527 found=0 n=188108733700733408011449 elapsed=3261s
progress: nodes=68,770,000,000 tested=3,527 found=0 n=190370942730506586026979 elapsed=3261s
progress: nodes=68,780,000,000 tested=3,527 found=0 n=268600101183594033702849 elapsed=3262s
progress: nodes=68,790,000,000 tested=3,527 found=0 n=89257264982640807671619 elapsed=3262s
progress: nodes=68,800,000,000 tested=3,527 found=0 n=263401276691511963281277 elapsed=3263s
progress: nodes=68,810,000,000 tested=3,527 found=0 n=212733735920052096332583 elapsed=3263s
progress: nodes=68,820,000,000 tested=3,527 found=0 n=271887625635644294124849 elapsed=3264s
progress: nodes=68,830,000,000 tested=3,527 found=0 n=125284104560776470660351 elapsed=3264s
progress: nodes=68,840,000,000 tested=3,527 found=0 n=355584712575776815488357 elapsed=3265s
progress: nodes=68,850,000,000 tested=3,527 found=0 n=350354024691369399922221 elapsed=3265s
progress: nodes=68,860,000,000 tested=3,527 found=0 n=141985072319544250908111 elapsed=3265s
progress: nodes=68,870,000,000 tested=3,527 found=0 n=62116851399331510088307 elapsed=3266s
progress: nodes=68,880,000,000 tested=3,527 found=0 n=104067516928908667803669 elapsed=3266s
progress: nodes=68,890,000,000 tested=3,527 found=0 n=257763097468984205327229 elapsed=3267s
progress: nodes=68,900,000,000 tested=3,527 found=0 n=233070982384805520312357 elapsed=3267s
progress: nodes=68,910,000,000 tested=3,527 found=0 n=340270251225334824407013 elapsed=3268s
progress: nodes=68,920,000,000 tested=3,527 found=0 n=301935892452569087569857 elapsed=3268s
progress: nodes=68,930,000,000 tested=3,527 found=0 n=112335383603050239120489 elapsed=3269s
progress: nodes=68,940,000,000 tested=3,527 found=0 n=329018624407865342847897 elapsed=3269s
progress: nodes=68,950,000,000 tested=3,527 found=0 n=127052946291680428912893 elapsed=3270s
progress: nodes=68,960,000,000 tested=3,527 found=0 n=318284919659339501755887 elapsed=3270s
progress: nodes=68,970,000,000 tested=3,527 found=0 n=93835879127663546696823 elapsed=3271s
progress: nodes=68,980,000,000 tested=3,527 found=0 n=273125001425281013111103 elapsed=3271s
progress: nodes=68,990,000,000 tested=3,527 found=0 n=102658329754955426278827 elapsed=3272s
progress: nodes=69,000,000,000 tested=3,527 found=0 n=98219377916466003724527 elapsed=3272s
progress: nodes=69,010,000,000 tested=3,527 found=0 n=267453174013841726383473 elapsed=3273s
progress: nodes=69,020,000,000 tested=3,527 found=0 n=101003861249638092732987 elapsed=3273s
progress: nodes=69,030,000,000 tested=3,527 found=0 n=98269541640862099831323 elapsed=3274s
progress: nodes=69,040,000,000 tested=3,527 found=0 n=285717493380918047636187 elapsed=3274s
progress: nodes=69,050,000,000 tested=3,527 found=0 n=149220333211433027751207 elapsed=3275s
progress: nodes=69,060,000,000 tested=3,527 found=0 n=188524878475365791900541 elapsed=3275s
progress: nodes=69,070,000,000 tested=3,527 found=0 n=162630295571174484033981 elapsed=3276s
progress: nodes=69,080,000,000 tested=3,527 found=0 n=94326084853977317510169 elapsed=3276s
progress: nodes=69,090,000,000 tested=3,527 found=0 n=234256479332573923045821 elapsed=3276s
progress: nodes=69,100,000,000 tested=3,527 found=0 n=123216005308766139438669 elapsed=3277s
progress: nodes=69,110,000,000 tested=3,527 found=0 n=222421493119149536801589 elapsed=3277s
progress: nodes=69,120,000,000 tested=3,527 found=0 n=81384987068333794264419 elapsed=3278s
progress: nodes=69,130,000,000 tested=3,527 found=0 n=170429392216254739849281 elapsed=3278s
progress: nodes=69,140,000,000 tested=3,527 found=0 n=265433667288462211271733 elapsed=3279s
progress: nodes=69,150,000,000 tested=3,527 found=0 n=163265267151969032933883 elapsed=3279s
progress: nodes=69,160,000,000 tested=3,527 found=0 n=98286414918449692703769 elapsed=3280s
progress: nodes=69,170,000,000 tested=3,527 found=0 n=289017682092363705998517 elapsed=3280s
progress: nodes=69,180,000,000 tested=3,527 found=0 n=84322971458305114305771 elapsed=3281s
progress: nodes=69,190,000,000 tested=3,527 found=0 n=184485741016723631017533 elapsed=3281s
progress: nodes=69,200,000,000 tested=3,527 found=0 n=143230007571879720302811 elapsed=3282s
progress: nodes=69,210,000,000 tested=3,527 found=0 n=175709120099386626984231 elapsed=3282s
progress: nodes=69,220,000,000 tested=3,527 found=0 n=84503883418591087774323 elapsed=3283s
progress: nodes=69,230,000,000 tested=3,527 found=0 n=85813914812667615665091 elapsed=3283s
progress: nodes=69,240,000,000 tested=3,527 found=0 n=182037085864737372328059 elapsed=3284s
progress: nodes=69,250,000,000 tested=3,527 found=0 n=188255414915616726446769 elapsed=3284s
progress: nodes=69,260,000,000 tested=3,527 found=0 n=128046660001386517492101 elapsed=3285s
progress: nodes=69,270,000,000 tested=3,527 found=0 n=218385619761369347125839 elapsed=3285s
progress: nodes=69,280,000,000 tested=3,527 found=0 n=89936036638804547402211 elapsed=3286s
progress: nodes=69,290,000,000 tested=3,527 found=0 n=145436112233837046238617 elapsed=3286s
progress: nodes=69,300,000,000 tested=3,527 found=0 n=196081950130249203937917 elapsed=3287s
progress: nodes=69,310,000,000 tested=3,527 found=0 n=230784730259936850768771 elapsed=3287s
progress: nodes=69,320,000,000 tested=3,527 found=0 n=92914248834886826438091 elapsed=3288s
progress: nodes=69,330,000,000 tested=3,527 found=0 n=217520329432846046273667 elapsed=3288s
progress: nodes=69,340,000,000 tested=3,527 found=0 n=233964672752954296472319 elapsed=3288s
progress: nodes=69,350,000,000 tested=3,527 found=0 n=130136480587029686026257 elapsed=3289s
progress: nodes=69,360,000,000 tested=3,527 found=0 n=108562682512555300986957 elapsed=3289s
progress: nodes=69,370,000,000 tested=3,527 found=0 n=178330457192459484571659 elapsed=3290s
progress: nodes=69,380,000,000 tested=3,527 found=0 n=197235702995770048663053 elapsed=3290s
progress: nodes=69,390,000,000 tested=3,527 found=0 n=162995263903543416696351 elapsed=3291s
progress: nodes=69,400,000,000 tested=3,527 found=0 n=128194214154660903330081 elapsed=3291s
progress: nodes=69,410,000,000 tested=3,527 found=0 n=262387168344664852237749 elapsed=3292s
progress: nodes=69,420,000,000 tested=3,527 found=0 n=229128234044961616908543 elapsed=3292s
progress: nodes=69,430,000,000 tested=3,527 found=0 n=266108784585104641511331 elapsed=3293s
progress: nodes=69,440,000,000 tested=3,527 found=0 n=217430192045973801283389 elapsed=3293s
progress: nodes=69,450,000,000 tested=3,527 found=0 n=129371175948094520933493 elapsed=3294s
progress: nodes=69,460,000,000 tested=3,527 found=0 n=187417737418503931237899 elapsed=3294s
progress: nodes=69,470,000,000 tested=3,527 found=0 n=261267932627081021058417 elapsed=3295s
progress: nodes=69,480,000,000 tested=3,527 found=0 n=193648787338287357064989 elapsed=3295s
progress: nodes=69,490,000,000 tested=3,527 found=0 n=191079439244210783825559 elapsed=3296s
progress: nodes=69,500,000,000 tested=3,527 found=0 n=135047106576224288867421 elapsed=3296s
progress: nodes=69,510,000,000 tested=3,527 found=0 n=206978758306953496414551 elapsed=3297s
progress: nodes=69,520,000,000 tested=3,527 found=0 n=171672514471539331441191 elapsed=3298s
progress: nodes=69,530,000,000 tested=3,527 found=0 n=214548072702945421100661 elapsed=3298s
progress: nodes=69,540,000,000 tested=3,527 found=0 n=226081970119578184558947 elapsed=3299s
progress: nodes=69,550,000,000 tested=3,527 found=0 n=219823959999335700817809 elapsed=3299s
progress: nodes=69,560,000,000 tested=3,527 found=0 n=182671207074601578342009 elapsed=3300s
progress: nodes=69,570,000,000 tested=3,527 found=0 n=258802371644142747560139 elapsed=3300s
progress: nodes=69,580,000,000 tested=3,527 found=0 n=166079893638214016059599 elapsed=3301s
progress: nodes=69,590,000,000 tested=3,527 found=0 n=222826137055559015747769 elapsed=3301s
progress: nodes=69,600,000,000 tested=3,527 found=0 n=150630474831926983780887 elapsed=3302s
progress: nodes=69,610,000,000 tested=3,527 found=0 n=266057636126547019217463 elapsed=3302s
progress: nodes=69,620,000,000 tested=3,527 found=0 n=164712838045762721567853 elapsed=3303s
progress: nodes=69,630,000,000 tested=3,527 found=0 n=261139488251643360940581 elapsed=3303s
progress: nodes=69,640,000,000 tested=3,527 found=0 n=217401710505014995390431 elapsed=3304s
progress: nodes=69,650,000,000 tested=3,527 found=0 n=207375918774413809793373 elapsed=3304s
progress: nodes=69,660,000,000 tested=3,527 found=0 n=258141265157954280855753 elapsed=3305s
progress: nodes=69,670,000,000 tested=3,527 found=0 n=194396567530101742802997 elapsed=3305s
progress: nodes=69,680,000,000 tested=3,527 found=0 n=210507539967487704428487 elapsed=3306s
progress: nodes=69,690,000,000 tested=3,527 found=0 n=248888061732641152714893 elapsed=3306s
progress: nodes=69,700,000,000 tested=3,527 found=0 n=193237274868286557912003 elapsed=3307s
progress: nodes=69,710,000,000 tested=3,527 found=0 n=252332546914742858124561 elapsed=3307s
progress: nodes=69,720,000,000 tested=3,527 found=0 n=249125302586119258662363 elapsed=3308s
progress: nodes=69,730,000,000 tested=3,527 found=0 n=268122279347944683174513 elapsed=3308s
progress: nodes=69,740,000,000 tested=3,527 found=0 n=211174527596105786822109 elapsed=3309s
progress: nodes=69,750,000,000 tested=3,527 found=0 n=261054579121319046174111 elapsed=3309s
progress: nodes=69,760,000,000 tested=3,527 found=0 n=259918079499407191920057 elapsed=3310s
progress: nodes=69,770,000,000 tested=3,527 found=0 n=225771267539530228643127 elapsed=3310s
progress: nodes=69,780,000,000 tested=3,527 found=0 n=242388306167521767596343 elapsed=3311s
progress: nodes=69,790,000,000 tested=3,527 found=0 n=255125540679469725067803 elapsed=3311s
progress: nodes=69,800,000,000 tested=3,527 found=0 n=286805074425878074427361 elapsed=3312s
progress: nodes=69,810,000,000 tested=3,527 found=0 n=449088434333599653183591 elapsed=3312s
progress: nodes=69,820,000,000 tested=3,527 found=0 n=509847977012516243330229 elapsed=3313s
progress: nodes=69,830,000,000 tested=3,527 found=0 n=600008094276468891170157 elapsed=3313s
progress: nodes=69,840,000,000 tested=3,527 found=0 n=718009309139805684500499 elapsed=3314s
progress: nodes=69,850,000,000 tested=3,527 found=0 n=869057518361597099682147 elapsed=3314s
progress: nodes=69,860,000,000 tested=3,527 found=0 n=77286819497673803096079 elapsed=3315s
progress: nodes=69,870,000,000 tested=3,527 found=0 n=275609749624098145543287 elapsed=3315s
progress: nodes=69,880,000,000 tested=3,527 found=0 n=515229093573992838731691 elapsed=3316s
progress: nodes=69,890,000,000 tested=3,527 found=0 n=787786031378839716674451 elapsed=3316s
progress: nodes=69,900,000,000 tested=3,527 found=0 n=114043209137324845685307 elapsed=3317s
progress: nodes=69,910,000,000 tested=3,527 found=0 n=430197177544390035668889 elapsed=3317s
progress: nodes=69,920,000,000 tested=3,527 found=0 n=789708653621851828371507 elapsed=3318s
progress: nodes=69,930,000,000 tested=3,527 found=0 n=195443207286307452623151 elapsed=3318s
progress: nodes=69,940,000,000 tested=3,527 found=0 n=599024181754846254706299 elapsed=3318s
progress: nodes=69,950,000,000 tested=3,527 found=0 n=75003128884599931862847 elapsed=3319s
progress: nodes=69,960,000,000 tested=3,527 found=0 n=529528869282090654843867 elapsed=3319s
progress: nodes=69,970,000,000 tested=3,527 found=0 n=70223115811912272568359 elapsed=3320s
progress: nodes=69,980,000,000 tested=3,527 found=0 n=584113049939314549384731 elapsed=3320s
progress: nodes=69,990,000,000 tested=3,527 found=0 n=174912010165625056523199 elapsed=3321s
progress: nodes=70,000,000,000 tested=3,527 found=0 n=766632636270372192558237 elapsed=3321s
progress: nodes=70,010,000,000 tested=3,527 found=0 n=406708022224589031315369 elapsed=3322s
progress: nodes=70,020,000,000 tested=3,527 found=0 n=96750506813583726146043 elapsed=3322s
progress: nodes=70,030,000,000 tested=3,527 found=0 n=767103746556768976384029 elapsed=3322s
progress: nodes=70,040,000,000 tested=3,527 found=0 n=490215869848545740760861 elapsed=3323s
progress: nodes=70,050,000,000 tested=3,527 found=0 n=254751917979325800834801 elapsed=3323s
progress: nodes=70,060,000,000 tested=3,527 found=0 n=63779730825724142147919 elapsed=3324s
progress: nodes=70,070,000,000 tested=3,527 found=0 n=855204258260340814879053 elapsed=3324s
progress: nodes=70,080,000,000 tested=3,527 found=0 n=700482097310527631007909 elapsed=3325s
progress: nodes=70,090,000,000 tested=3,527 found=0 n=575692003025392159695789 elapsed=3325s
progress: nodes=70,100,000,000 tested=3,527 found=0 n=481431508899290388385947 elapsed=3326s
progress: nodes=70,110,000,000 tested=3,527 found=0 n=417696436769268459543741 elapsed=3326s
progress: nodes=70,120,000,000 tested=3,527 found=0 n=378057941378781158566071 elapsed=3327s
progress: nodes=70,130,000,000 tested=3,527 found=0 n=361769033179944088327629 elapsed=3327s
progress: nodes=70,140,000,000 tested=3,527 found=0 n=377134077051983961228519 elapsed=3328s
progress: nodes=70,150,000,000 tested=3,527 found=0 n=422856350654374436518719 elapsed=3328s
progress: nodes=70,160,000,000 tested=3,527 found=0 n=495639260728344371565927 elapsed=3328s
progress: nodes=70,170,000,000 tested=3,527 found=0 n=598507700637230010804177 elapsed=3329s
progress: nodes=70,180,000,000 tested=3,527 found=0 n=734842984148882453731887 elapsed=3329s
progress: nodes=70,190,000,000 tested=3,527 found=0 n=902341602058736979091953 elapsed=3330s
progress: nodes=70,200,000,000 tested=3,527 found=0 n=119870053611830334329517 elapsed=3330s
progress: nodes=70,210,000,000 tested=3,527 found=0 n=327283578512812506948363 elapsed=3331s
progress: nodes=70,220,000,000 tested=3,527 found=0 n=579856240355782435064019 elapsed=3331s
progress: nodes=70,230,000,000 tested=3,527 found=0 n=871820861885672798926827 elapsed=3332s
progress: nodes=70,240,000,000 tested=3,527 found=0 n=203767941955196162324781 elapsed=3332s
progress: nodes=70,250,000,000 tested=3,527 found=0 n=534209100402682743349311 elapsed=3333s
progress: nodes=70,260,000,000 tested=3,527 found=0 n=914186975512990763452869 elapsed=3333s
progress: nodes=70,270,000,000 tested=3,527 found=0 n=331471864367769726367767 elapsed=3334s
progress: nodes=70,280,000,000 tested=3,527 found=0 n=765537084166293498190131 elapsed=3334s
progress: nodes=70,290,000,000 tested=3,527 found=0 n=249622741418268958406667 elapsed=3335s
progress: nodes=70,300,000,000 tested=3,527 found=0 n=742160976334561128053709 elapsed=3335s
progress: nodes=70,310,000,000 tested=3,527 found=0 n=285530112472438623496707 elapsed=3336s
progress: nodes=70,320,000,000 tested=3,527 found=0 n=839960664698429280399393 elapsed=3336s
progress: nodes=70,330,000,000 tested=3,527 found=0 n=452122462266662954089323 elapsed=3337s
progress: nodes=70,340,000,000 tested=3,527 found=0 n=399382836134555247875901 elapsed=3337s
progress: nodes=70,350,000,000 tested=3,527 found=0 n=790741061172521133293619 elapsed=3338s
progress: nodes=70,360,000,000 tested=3,527 found=0 n=656813684422311269680827 elapsed=3338s
progress: nodes=70,370,000,000 tested=3,527 found=0 n=82849598660779681872141 elapsed=3339s
progress: nodes=70,380,000,000 tested=3,527 found=0 n=812576688545343201489009 elapsed=3339s
progress: nodes=70,390,000,000 tested=3,527 found=0 n=117218458141658315432991 elapsed=3340s
progress: nodes=70,400,000,000 tested=3,527 found=0 n=773217238852363303957959 elapsed=3340s
progress: nodes=70,410,000,000 tested=3,527 found=0 n=155577738433557480881841 elapsed=3340s
progress: nodes=70,420,000,000 tested=3,527 found=0 n=728210890983367721346417 elapsed=3341s
progress: nodes=70,430,000,000 tested=3,527 found=0 n=834625538196735786558057 elapsed=3341s
progress: nodes=70,440,000,000 tested=3,527 found=0 n=505704436658687378703591 elapsed=3342s
progress: nodes=70,450,000,000 tested=3,527 found=0 n=575161976449891587890133 elapsed=3342s
progress: nodes=70,460,000,000 tested=3,527 found=0 n=190468527443440427508327 elapsed=3343s
progress: nodes=70,470,000,000 tested=3,527 found=0 n=189017602731531371010213 elapsed=3343s
progress: nodes=70,480,000,000 tested=3,527 found=0 n=565655596661469546034803 elapsed=3344s
progress: nodes=70,490,000,000 tested=3,527 found=0 n=605901090472510755459537 elapsed=3344s
progress: nodes=70,500,000,000 tested=3,527 found=0 n=349167583446621505779213 elapsed=3345s
progress: nodes=70,510,000,000 tested=3,527 found=0 n=480526251637972047629121 elapsed=3345s
progress: nodes=70,520,000,000 tested=3,527 found=0 n=338854387778663174276859 elapsed=3346s
progress: nodes=70,530,000,000 tested=3,527 found=0 n=638907426663606754661007 elapsed=3346s
progress: nodes=70,540,000,000 tested=3,527 found=0 n=683742612681587948782293 elapsed=3347s
progress: nodes=70,550,000,000 tested=3,527 found=0 n=487286177502527088474789 elapsed=3347s
progress: nodes=70,560,000,000 tested=3,527 found=0 n=106500299768322281604783 elapsed=3348s
progress: nodes=70,570,000,000 tested=3,527 found=0 n=99219289463628783315867 elapsed=3348s
progress: nodes=70,580,000,000 tested=3,527 found=0 n=452889154426488968237049 elapsed=3349s
progress: nodes=70,590,000,000 tested=3,527 found=0 n=589301665737355672722621 elapsed=3349s
progress: nodes=70,600,000,000 tested=3,527 found=0 n=548894353179886432878159 elapsed=3350s
progress: nodes=70,610,000,000 tested=3,527 found=0 n=347138907991518688892847 elapsed=3350s
progress: nodes=70,620,000,000 tested=3,527 found=0 n=562022408526952714410069 elapsed=3351s
progress: nodes=70,630,000,000 tested=3,527 found=0 n=602685832920943116287943 elapsed=3351s
progress: nodes=70,640,000,000 tested=3,527 found=0 n=502562376450052824734829 elapsed=3351s
progress: nodes=70,650,000,000 tested=3,527 found=0 n=194580058195495477918413 elapsed=3352s
progress: nodes=70,660,000,000 tested=3,527 found=0 n=292112705705905640763207 elapsed=3352s
progress: nodes=70,670,000,000 tested=3,527 found=0 n=248212472393778087167973 elapsed=3353s
progress: nodes=70,680,000,000 tested=3,527 found=0 n=53685077042403914798691 elapsed=3353s
progress: nodes=70,690,000,000 tested=3,527 found=0 n=241570097266842973151523 elapsed=3354s
progress: nodes=70,700,000,000 tested=3,527 found=0 n=306487441033200925384887 elapsed=3354s
progress: nodes=70,710,000,000 tested=3,527 found=0 n=219900053972525113534347 elapsed=3355s
progress: nodes=70,720,000,000 tested=3,527 found=0 n=499086376292127464663823 elapsed=3355s
progress: nodes=70,730,000,000 tested=3,527 found=0 n=161303016214119240369909 elapsed=3356s
progress: nodes=70,740,000,000 tested=3,527 found=0 n=256008646287643803120567 elapsed=3356s
progress: nodes=70,750,000,000 tested=3,527 found=0 n=268344227493801086036409 elapsed=3357s
progress: nodes=70,760,000,000 tested=3,527 found=0 n=158571912694125018137049 elapsed=3357s
progress: nodes=70,770,000,000 tested=3,527 found=0 n=440823801140018819405883 elapsed=3358s
progress: nodes=70,780,000,000 tested=3,527 found=0 n=177067053848025210410541 elapsed=3358s
progress: nodes=70,790,000,000 tested=3,527 found=0 n=313911889959340132122663 elapsed=3359s
progress: nodes=70,800,000,000 tested=3,527 found=0 n=375336938708081454271167 elapsed=3359s
progress: nodes=70,810,000,000 tested=3,527 found=0 n=382553388782089424472573 elapsed=3360s
progress: nodes=70,820,000,000 tested=3,527 found=0 n=309846373894406205243387 elapsed=3360s
progress: nodes=70,830,000,000 tested=3,527 found=0 n=181422428832210940845471 elapsed=3361s
progress: nodes=70,840,000,000 tested=3,527 found=0 n=443294245691558420085927 elapsed=3361s
progress: nodes=70,850,000,000 tested=3,527 found=0 n=294802863450999589508823 elapsed=3362s
progress: nodes=70,860,000,000 tested=3,527 found=0 n=128324344143703214157651 elapsed=3362s
progress: nodes=70,870,000,000 tested=3,527 found=0 n=330247282660181826538599 elapsed=3363s
progress: nodes=70,880,000,000 tested=3,527 found=0 n=132725366767438062729111 elapsed=3363s
progress: nodes=70,890,000,000 tested=3,527 found=0 n=367233682260707500909671 elapsed=3364s
progress: nodes=70,900,000,000 tested=3,527 found=0 n=187692649583451024045033 elapsed=3364s
progress: nodes=70,910,000,000 tested=3,527 found=0 n=414525076879632900542361 elapsed=3365s
progress: nodes=70,920,000,000 tested=3,527 found=0 n=235430050756378183668963 elapsed=3365s
progress: nodes=70,930,000,000 tested=3,527 found=0 n=99733326726945333961539 elapsed=3366s
progress: nodes=70,940,000,000 tested=3,527 found=0 n=392119280949351378642219 elapsed=3366s
progress: nodes=70,950,000,000 tested=3,527 found=0 n=333184314493710989307999 elapsed=3367s
progress: nodes=70,960,000,000 tested=3,527 found=0 n=299758999432728762305379 elapsed=3367s
progress: nodes=70,970,000,000 tested=3,527 found=0 n=328698102474624741277419 elapsed=3368s
progress: nodes=70,980,000,000 tested=3,527 found=0 n=73941185274730244343873 elapsed=3368s
progress: nodes=70,990,000,000 tested=3,527 found=0 n=231513346629605869149321 elapsed=3368s
progress: nodes=71,000,000,000 tested=3,527 found=0 n=118416049737047673117507 elapsed=3369s
progress: nodes=71,010,000,000 tested=3,527 found=0 n=65626686047894625687033 elapsed=3369s
progress: nodes=71,020,000,000 tested=3,527 found=0 n=81065640359088628856613 elapsed=3370s
progress: nodes=71,030,000,000 tested=3,527 found=0 n=156097284455755420470693 elapsed=3370s
progress: nodes=71,040,000,000 tested=3,527 found=0 n=303513153408172792036953 elapsed=3371s
progress: nodes=71,050,000,000 tested=3,527 found=0 n=175837604312329602223581 elapsed=3371s
progress: nodes=71,060,000,000 tested=3,527 found=0 n=127516108860152099944857 elapsed=3372s
progress: nodes=71,070,000,000 tested=3,527 found=0 n=151939699454974361507577 elapsed=3372s
progress: nodes=71,080,000,000 tested=3,527 found=0 n=273889791793937661663321 elapsed=3373s
progress: nodes=71,090,000,000 tested=3,527 found=0 n=191220515793335291624361 elapsed=3373s
progress: nodes=71,100,000,000 tested=3,527 found=0 n=210659789061122525211087 elapsed=3374s
progress: nodes=71,110,000,000 tested=3,527 found=0 n=79548378981626987581149 elapsed=3374s
progress: nodes=71,120,000,000 tested=3,527 found=0 n=82254240018197441146953 elapsed=3375s
progress: nodes=71,130,000,000 tested=3,527 found=0 n=184715259633506467382517 elapsed=3375s
progress: nodes=71,140,000,000 tested=3,527 found=0 n=126518287502456365462947 elapsed=3376s
progress: nodes=71,150,000,000 tested=3,527 found=0 n=212095793087119879208271 elapsed=3376s
progress: nodes=71,160,000,000 tested=3,527 found=0 n=164333587422936585644991 elapsed=3377s
progress: nodes=71,170,000,000 tested=3,527 found=0 n=258769565082731387111427 elapsed=3377s
progress: nodes=71,180,000,000 tested=3,527 found=0 n=197390113567657308365067 elapsed=3378s
progress: nodes=71,190,000,000 tested=3,527 found=0 n=297467269274729115370809 elapsed=3378s
progress: nodes=71,200,000,000 tested=3,527 found=0 n=287367305486916859823619 elapsed=3379s
progress: nodes=71,210,000,000 tested=3,527 found=0 n=165667182703232027086269 elapsed=3379s
progress: nodes=71,220,000,000 tested=3,527 found=0 n=242938964054445222681117 elapsed=3380s
progress: nodes=71,230,000,000 tested=3,527 found=0 n=272363345379414820634103 elapsed=3380s
progress: nodes=71,240,000,000 tested=3,527 found=0 n=201718249842002919878853 elapsed=3381s
progress: nodes=71,250,000,000 tested=3,527 found=0 n=303238266643156008607443 elapsed=3381s
progress: nodes=71,260,000,000 tested=3,527 found=0 n=99753384247587509261823 elapsed=3382s
progress: nodes=71,270,000,000 tested=3,527 found=0 n=123347175068815794219123 elapsed=3382s
progress: nodes=71,280,000,000 tested=3,527 found=0 n=116935068264479558001909 elapsed=3383s
progress: nodes=71,290,000,000 tested=3,527 found=0 n=81727844116465387942101 elapsed=3383s
progress: nodes=71,300,000,000 tested=3,527 found=0 n=272840073223886048101221 elapsed=3384s
progress: nodes=71,310,000,000 tested=3,527 found=0 n=234529170415134273127449 elapsed=3384s
progress: nodes=71,320,000,000 tested=3,527 found=0 n=164017488028591769422851 elapsed=3385s
progress: nodes=71,330,000,000 tested=3,527 found=0 n=106720415080941098203767 elapsed=3385s
progress: nodes=71,340,000,000 tested=3,527 found=0 n=251730134547331219949169 elapsed=3386s
progress: nodes=71,350,000,000 tested=3,527 found=0 n=169893076391981849105199 elapsed=3386s
progress: nodes=71,360,000,000 tested=3,527 found=0 n=115801030967107782078783 elapsed=3387s
progress: nodes=71,370,000,000 tested=3,527 found=0 n=106870680477233552312433 elapsed=3387s
progress: nodes=71,380,000,000 tested=3,527 found=0 n=153537570982264005678141 elapsed=3388s
progress: nodes=71,390,000,000 tested=3,527 found=0 n=247759042744406048636781 elapsed=3388s
progress: nodes=71,400,000,000 tested=3,527 found=0 n=173175889315470244800597 elapsed=3389s
progress: nodes=71,410,000,000 tested=3,527 found=0 n=167523370355818820309967 elapsed=3389s
progress: nodes=71,420,000,000 tested=3,527 found=0 n=224674684425989016768549 elapsed=3390s
progress: nodes=71,430,000,000 tested=3,527 found=0 n=139792549528318422658923 elapsed=3390s
progress: nodes=71,440,000,000 tested=3,527 found=0 n=136865110209552745533513 elapsed=3391s
progress: nodes=71,450,000,000 tested=3,527 found=0 n=248437493365886736038127 elapsed=3391s
progress: nodes=71,460,000,000 tested=3,527 found=0 n=251382442104732136907709 elapsed=3392s
progress: nodes=71,470,000,000 tested=3,527 found=0 n=177164504309245718406141 elapsed=3392s
progress: nodes=71,480,000,000 tested=3,527 found=0 n=252989176671486244750761 elapsed=3393s
progress: nodes=71,490,000,000 tested=3,527 found=0 n=93024344746585708643187 elapsed=3393s
progress: nodes=71,500,000,000 tested=3,527 found=0 n=110041307991023013892287 elapsed=3394s
progress: nodes=71,510,000,000 tested=3,527 found=0 n=106164135581483511941409 elapsed=3394s
progress: nodes=71,520,000,000 tested=3,527 found=0 n=91995413115119841708381 elapsed=3395s
progress: nodes=71,530,000,000 tested=3,527 found=0 n=105074943007438493846757 elapsed=3395s
progress: nodes=71,540,000,000 tested=3,527 found=0 n=153315229075061325222951 elapsed=3396s
progress: nodes=71,550,000,000 tested=3,527 found=0 n=250237377272877809828013 elapsed=3396s
progress: nodes=71,560,000,000 tested=3,527 found=0 n=219859473353832580140873 elapsed=3397s
progress: nodes=71,570,000,000 tested=3,527 found=0 n=93690197572443371598699 elapsed=3397s
progress: nodes=71,580,000,000 tested=3,527 found=0 n=212206870078154201096847 elapsed=3398s
progress: nodes=71,590,000,000 tested=3,527 found=0 n=244106145004679439264783 elapsed=3398s
progress: nodes=71,600,000,000 tested=3,527 found=0 n=230196829564284176322729 elapsed=3399s
progress: nodes=71,610,000,000 tested=3,527 found=0 n=193725304339436450732151 elapsed=3399s
progress: nodes=71,620,000,000 tested=3,527 found=0 n=190656032497962949480563 elapsed=3400s
progress: nodes=71,630,000,000 tested=3,527 found=0 n=206514319914499996640241 elapsed=3400s
progress: nodes=71,640,000,000 tested=3,527 found=0 n=97107191271668500709787 elapsed=3401s
progress: nodes=71,650,000,000 tested=3,527 found=0 n=228882855027852586730169 elapsed=3401s
progress: nodes=71,660,000,000 tested=3,527 found=0 n=150760347088171605663879 elapsed=3402s
progress: nodes=71,670,000,000 tested=3,527 found=0 n=171450395418405835360629 elapsed=3402s
progress: nodes=71,680,000,000 tested=3,527 found=0 n=176298656507920323580203 elapsed=3403s
progress: nodes=71,690,000,000 tested=3,527 found=0 n=197821823099799190513221 elapsed=3403s
progress: nodes=71,700,000,000 tested=3,527 found=0 n=108713493719545899185001 elapsed=3404s
progress: nodes=71,710,000,000 tested=3,527 found=0 n=110020764309193904265099 elapsed=3404s
progress: nodes=71,720,000,000 tested=3,527 found=0 n=205835771928045022310547 elapsed=3405s
progress: nodes=71,730,000,000 tested=3,527 found=0 n=133561412081204377583313 elapsed=3405s
progress: nodes=71,740,000,000 tested=3,527 found=0 n=115864325711227107997983 elapsed=3406s
progress: nodes=71,750,000,000 tested=3,527 found=0 n=190321924617375080176647 elapsed=3406s
progress: nodes=71,760,000,000 tested=3,527 found=0 n=156653758193543432208387 elapsed=3407s
progress: nodes=71,770,000,000 tested=3,527 found=0 n=174749874996003850279737 elapsed=3407s
progress: nodes=71,780,000,000 tested=3,527 found=0 n=163852435469876713190631 elapsed=3408s
progress: nodes=71,790,000,000 tested=3,527 found=0 n=179819039658676269770919 elapsed=3408s
progress: nodes=71,800,000,000 tested=3,527 found=0 n=142134051666193039279827 elapsed=3409s
progress: nodes=71,810,000,000 tested=3,527 found=0 n=126266461943913525831597 elapsed=3409s
progress: nodes=71,820,000,000 tested=3,527 found=0 n=206310891925802726765703 elapsed=3410s
progress: nodes=71,830,000,000 tested=3,527 found=0 n=201761860829102225168517 elapsed=3410s
progress: nodes=71,840,000,000 tested=3,527 found=0 n=230247769041669133998243 elapsed=3411s
progress: nodes=71,850,000,000 tested=3,527 found=0 n=158322592138985894596977 elapsed=3411s
progress: nodes=71,860,000,000 tested=3,527 found=0 n=211014312599345635797417 elapsed=3412s
progress: nodes=71,870,000,000 tested=3,527 found=0 n=216052014467992202110611 elapsed=3412s
progress: nodes=71,880,000,000 tested=3,527 found=0 n=223749097037668405344141 elapsed=3413s
progress: nodes=71,890,000,000 tested=3,527 found=0 n=202822403067783891943551 elapsed=3413s
progress: nodes=71,900,000,000 tested=3,527 found=0 n=195557989576014005467527 elapsed=3414s
progress: nodes=71,910,000,000 tested=3,527 found=0 n=234851065168084924948389 elapsed=3414s
progress: nodes=71,920,000,000 tested=3,527 found=0 n=196856238464633792597553 elapsed=3415s
progress: nodes=71,930,000,000 tested=3,527 found=0 n=234872162302700634568857 elapsed=3415s
progress: nodes=71,940,000,000 tested=3,527 found=0 n=234207064501264043770581 elapsed=3416s
progress: nodes=71,950,000,000 tested=3,527 found=0 n=219064629031700241118329 elapsed=3416s
progress: nodes=71,960,000,000 tested=3,527 found=0 n=212401055981600969463981 elapsed=3417s
progress: nodes=71,970,000,000 tested=3,527 found=0 n=201217651472874611606031 elapsed=3417s
progress: nodes=71,980,000,000 tested=3,527 found=0 n=246585226712165988027381 elapsed=3418s
progress: nodes=71,990,000,000 tested=3,527 found=0 n=213117138725542001439489 elapsed=3418s
progress: nodes=72,000,000,000 tested=3,527 found=0 n=235533550245706668174219 elapsed=3419s
progress: nodes=72,010,000,000 tested=3,527 found=0 n=259081052817529556825211 elapsed=3419s
progress: nodes=72,020,000,000 tested=3,527 found=0 n=247174743784036445305929 elapsed=3420s
progress: nodes=72,030,000,000 tested=3,527 found=0 n=855631389062705552716419 elapsed=3420s
progress: nodes=72,040,000,000 tested=3,527 found=0 n=514593268160444603439309 elapsed=3421s
progress: nodes=72,050,000,000 tested=3,527 found=0 n=208906103522322717698187 elapsed=3421s
progress: nodes=72,060,000,000 tested=3,527 found=0 n=913134905607178396669527 elapsed=3422s
progress: nodes=72,070,000,000 tested=3,527 found=0 n=649212834104722256127759 elapsed=3422s
progress: nodes=72,080,000,000 tested=3,527 found=0 n=418140924158224786766247 elapsed=3423s
progress: nodes=72,090,000,000 tested=3,527 found=0 n=218600957909500293656529 elapsed=3423s
progress: nodes=72,100,000,000 tested=3,527 found=0 n=59401021577348257237431 elapsed=3424s
progress: nodes=72,110,000,000 tested=3,527 found=0 n=885726466595750051230959 elapsed=3424s
progress: nodes=72,120,000,000 tested=3,527 found=0 n=759637358280305957909457 elapsed=3425s
progress: nodes=72,130,000,000 tested=3,527 found=0 n=660706192116276100537743 elapsed=3425s
progress: nodes=72,140,000,000 tested=3,527 found=0 n=588225881150901158296131 elapsed=3425s
progress: nodes=72,150,000,000 tested=3,527 found=0 n=541166095944386352643203 elapsed=3426s
progress: nodes=72,160,000,000 tested=3,527 found=0 n=517606557326260192998207 elapsed=3426s
progress: nodes=72,170,000,000 tested=3,527 found=0 n=525096694061739243374931 elapsed=3427s
progress: nodes=72,180,000,000 tested=3,527 found=0 n=561677237188018444516023 elapsed=3427s
progress: nodes=72,190,000,000 tested=3,527 found=0 n=626798305511852364881991 elapsed=3428s
progress: nodes=72,200,000,000 tested=3,527 found=0 n=719143216103538582859503 elapsed=3428s
progress: nodes=72,210,000,000 tested=3,527 found=0 n=841739496601712440282551 elapsed=3429s
progress: nodes=72,220,000,000 tested=3,527 found=0 n=993921658191895919785299 elapsed=3429s
progress: nodes=72,230,000,000 tested=3,527 found=0 n=185060783705444849253051 elapsed=3429s
progress: nodes=72,240,000,000 tested=3,527 found=0 n=390228580283783380912773 elapsed=3430s
progress: nodes=72,250,000,000 tested=3,527 found=0 n=635719610109046221041283 elapsed=3430s
progress: nodes=72,260,000,000 tested=3,527 found=0 n=915673196873112559108227 elapsed=3431s
progress: nodes=72,270,000,000 tested=3,527 found=0 n=228830943887210065283883 elapsed=3431s
progress: nodes=72,280,000,000 tested=3,527 found=0 n=555306413126632212732687 elapsed=3432s
progress: nodes=72,290,000,000 tested=3,527 found=0 n=922948729332612648068403 elapsed=3432s
progress: nodes=72,300,000,000 tested=3,527 found=0 n=319651384851657076971753 elapsed=3433s
progress: nodes=72,310,000,000 tested=3,527 found=0 n=734649181539007441409703 elapsed=3433s
progress: nodes=72,320,000,000 tested=3,527 found=0 n=196300124863293978718191 elapsed=3433s
progress: nodes=72,330,000,000 tested=3,527 found=0 n=665172719279794571154309 elapsed=3434s
progress: nodes=72,340,000,000 tested=3,527 found=0 n=193204829099989942654419 elapsed=3434s
progress: nodes=72,350,000,000 tested=3,527 found=0 n=723274974654901265734137 elapsed=3435s
progress: nodes=72,360,000,000 tested=3,527 found=0 n=305542306663621413433047 elapsed=3435s
progress: nodes=72,370,000,000 tested=3,527 found=0 n=908229203179249110306147 elapsed=3436s
progress: nodes=72,380,000,000 tested=3,527 found=0 n=546377458209946177715901 elapsed=3436s
progress: nodes=72,390,000,000 tested=3,527 found=0 n=226793981000852602606269 elapsed=3437s
progress: nodes=72,400,000,000 tested=3,527 found=0 n=917569202057699239847799 elapsed=3437s
progress: nodes=72,410,000,000 tested=3,527 found=0 n=638796760860210812056197 elapsed=3438s
progress: nodes=72,420,000,000 tested=3,527 found=0 n=397999582311505906180449 elapsed=3438s
progress: nodes=72,430,000,000 tested=3,527 found=0 n=198369895978354905884079 elapsed=3439s
progress: nodes=72,440,000,000 tested=3,527 found=0 n=42430161006258507871389 elapsed=3439s
progress: nodes=72,450,000,000 tested=3,527 found=0 n=859762389189268223816157 elapsed=3440s
progress: nodes=72,460,000,000 tested=3,527 found=0 n=736836374161677074878593 elapsed=3440s
progress: nodes=72,470,000,000 tested=3,527 found=0 n=641657362123268959060593 elapsed=3441s
progress: nodes=72,480,000,000 tested=3,527 found=0 n=579411702064191633860223 elapsed=3441s
progress: nodes=72,490,000,000 tested=3,527 found=0 n=544336172674766524849797 elapsed=3442s
progress: nodes=72,500,000,000 tested=3,527 found=0 n=531441745911801268254711 elapsed=3442s
progress: nodes=72,510,000,000 tested=3,527 found=0 n=548048317559384432083293 elapsed=3443s
progress: nodes=72,520,000,000 tested=3,527 found=0 n=595989311287510884915171 elapsed=3443s
progress: nodes=72,530,000,000 tested=3,527 found=0 n=674855544319163600950557 elapsed=3443s
progress: nodes=72,540,000,000 tested=3,527 found=0 n=873970013437511865267393 elapsed=3444s
progress: nodes=72,550,000,000 tested=3,527 found=0 n=492375313735980230546991 elapsed=3444s
progress: nodes=72,560,000,000 tested=3,527 found=0 n=550067979890599696537011 elapsed=3445s
progress: nodes=72,570,000,000 tested=3,527 found=0 n=115913739929328536482287 elapsed=3445s
progress: nodes=72,580,000,000 tested=3,527 found=0 n=78714381634272428933889 elapsed=3446s
progress: nodes=72,590,000,000 tested=3,527 found=0 n=456120596547150458130207 elapsed=3446s
progress: nodes=72,600,000,000 tested=3,527 found=0 n=427202374369715849815911 elapsed=3447s
progress: nodes=72,610,000,000 tested=3,527 found=0 n=776825398033743127748679 elapsed=3447s
progress: nodes=72,620,000,000 tested=3,527 found=0 n=622799521510377329811693 elapsed=3448s
progress: nodes=72,630,000,000 tested=3,527 found=0 n=132829270452000204929847 elapsed=3448s
progress: nodes=72,640,000,000 tested=3,527 found=0 n=76315692316491902072799 elapsed=3449s
progress: nodes=72,650,000,000 tested=3,527 found=0 n=404711308387976192644041 elapsed=3449s
progress: nodes=72,660,000,000 tested=3,527 found=0 n=379863272266015454665749 elapsed=3450s
progress: nodes=72,670,000,000 tested=3,527 found=0 n=757890021268319923234251 elapsed=3450s
progress: nodes=72,680,000,000 tested=3,527 found=0 n=753294851372322261739737 elapsed=3451s
progress: nodes=72,690,000,000 tested=3,527 found=0 n=400987623211959040350093 elapsed=3451s
progress: nodes=72,700,000,000 tested=3,527 found=0 n=505260601520283678276207 elapsed=3452s
progress: nodes=72,710,000,000 tested=3,527 found=0 n=305056691098061474609037 elapsed=3452s
progress: nodes=72,720,000,000 tested=3,527 found=0 n=566604722811674143369773 elapsed=3453s
progress: nodes=72,730,000,000 tested=3,527 found=0 n=486022365986615006866317 elapsed=3453s
progress: nodes=72,740,000,000 tested=3,527 found=0 n=178343066487410611677891 elapsed=3454s
progress: nodes=72,750,000,000 tested=3,527 found=0 n=288517128434243370673011 elapsed=3454s
progress: nodes=72,760,000,000 tested=3,527 found=0 n=107589087413580014891649 elapsed=3455s
progress: nodes=72,770,000,000 tested=3,527 found=0 n=295575471236330644235877 elapsed=3455s
progress: nodes=72,780,000,000 tested=3,527 found=0 n=224535814625214144413361 elapsed=3455s
progress: nodes=72,790,000,000 tested=3,527 found=0 n=494663315891214204641907 elapsed=3456s
progress: nodes=72,800,000,000 tested=3,527 found=0 n=509260290246255492611667 elapsed=3456s
progress: nodes=72,810,000,000 tested=3,527 found=0 n=329009845661831154327507 elapsed=3457s
progress: nodes=72,820,000,000 tested=3,527 found=0 n=589533048744389985638403 elapsed=3457s
progress: nodes=72,830,000,000 tested=3,527 found=0 n=61816540300552075179141 elapsed=3458s
progress: nodes=72,840,000,000 tested=3,527 found=0 n=553052586118922277605217 elapsed=3458s
progress: nodes=72,850,000,000 tested=3,527 found=0 n=332983333346570694096309 elapsed=3459s
progress: nodes=72,860,000,000 tested=3,527 found=0 n=573385309185632768817993 elapsed=3459s
progress: nodes=72,870,000,000 tested=3,527 found=0 n=159761131124218738157043 elapsed=3460s
progress: nodes=72,880,000,000 tested=3,527 found=0 n=145443454912374466358511 elapsed=3460s
progress: nodes=72,890,000,000 tested=3,527 found=0 n=492978165995650026024333 elapsed=3461s
progress: nodes=72,900,000,000 tested=3,527 found=0 n=227590704868889075845131 elapsed=3461s
progress: nodes=72,910,000,000 tested=3,527 found=0 n=422357981417187960741597 elapsed=3462s
progress: nodes=72,920,000,000 tested=3,527 found=0 n=528590205342519596413137 elapsed=3462s
progress: nodes=72,930,000,000 tested=3,527 found=0 n=66951592909126988879817 elapsed=3463s
progress: nodes=72,940,000,000 tested=3,527 found=0 n=47021021293626281638737 elapsed=3463s
progress: nodes=72,950,000,000 tested=3,527 found=0 n=384487000358081582200239 elapsed=3464s
progress: nodes=72,960,000,000 tested=3,527 found=0 n=193260428904915964795203 elapsed=3464s
progress: nodes=72,970,000,000 tested=3,527 found=0 n=400288463373241168228503 elapsed=3465s
progress: nodes=72,980,000,000 tested=3,527 found=0 n=92590984814176617079311 elapsed=3465s
progress: nodes=72,990,000,000 tested=3,527 found=0 n=186098598648836600045319 elapsed=3466s
progress: nodes=73,000,000,000 tested=3,527 found=0 n=202223646098711077107267 elapsed=3466s
progress: nodes=73,010,000,000 tested=3,527 found=0 n=163049794603562352146661 elapsed=3467s
progress: nodes=73,020,000,000 tested=3,527 found=0 n=116551747847741464727469 elapsed=3467s
progress: nodes=73,030,000,000 tested=3,527 found=0 n=61109347563981670276323 elapsed=3468s
progress: nodes=73,040,000,000 tested=3,527 found=0 n=374708675392488708794523 elapsed=3468s
progress: nodes=73,050,000,000 tested=3,527 found=0 n=247238528932906942650219 elapsed=3469s
progress: nodes=73,060,000,000 tested=3,527 found=0 n=127581314572490602400577 elapsed=3469s
progress: nodes=73,070,000,000 tested=3,527 found=0 n=403282488317086086355647 elapsed=3469s
progress: nodes=73,080,000,000 tested=3,527 found=0 n=282595755442730070898557 elapsed=3470s
progress: nodes=73,090,000,000 tested=3,527 found=0 n=161762345588859832299483 elapsed=3470s
progress: nodes=73,100,000,000 tested=3,527 found=0 n=414726747106041424463409 elapsed=3471s
progress: nodes=73,110,000,000 tested=3,527 found=0 n=295647705626862931469127 elapsed=3471s
progress: nodes=73,120,000,000 tested=3,527 found=0 n=242737679965482464261499 elapsed=3472s
progress: nodes=73,130,000,000 tested=3,527 found=0 n=228596343150073993020927 elapsed=3472s
progress: nodes=73,140,000,000 tested=3,527 found=0 n=230717468765896428737421 elapsed=3473s
progress: nodes=73,150,000,000 tested=3,527 found=0 n=297509759934187382088507 elapsed=3473s
progress: nodes=73,160,000,000 tested=3,527 found=0 n=74624359933469281762827 elapsed=3474s
progress: nodes=73,170,000,000 tested=3,527 found=0 n=261659607084491247973341 elapsed=3474s
progress: nodes=73,180,000,000 tested=3,527 found=0 n=139151534705407895251581 elapsed=3475s
progress: nodes=73,190,000,000 tested=3,527 found=0 n=82670443123215869925003 elapsed=3475s
progress: nodes=73,200,000,000 tested=3,527 found=0 n=137278695751799539034097 elapsed=3476s
progress: nodes=73,210,000,000 tested=3,527 found=0 n=269430362057830599204579 elapsed=3476s
progress: nodes=73,220,000,000 tested=3,527 found=0 n=147606966411895053324261 elapsed=3477s
progress: nodes=73,230,000,000 tested=3,527 found=0 n=132133329837985022219673 elapsed=3477s
progress: nodes=73,240,000,000 tested=3,527 found=0 n=230442447052772528216643 elapsed=3477s
progress: nodes=73,250,000,000 tested=3,527 found=0 n=137131692142936999567059 elapsed=3478s
progress: nodes=73,260,000,000 tested=3,527 found=0 n=148530143852204515169769 elapsed=3478s
progress: nodes=73,270,000,000 tested=3,527 found=0 n=264483146435995710926703 elapsed=3479s
progress: nodes=73,280,000,000 tested=3,527 found=0 n=191042847622822848471819 elapsed=3479s
progress: nodes=73,290,000,000 tested=3,527 found=0 n=234715501305449232481413 elapsed=3480s
progress: nodes=73,300,000,000 tested=3,527 found=0 n=87399994787883062368083 elapsed=3480s
progress: nodes=73,310,000,000 tested=3,527 found=0 n=51934666842699556914999 elapsed=3481s
progress: nodes=73,320,000,000 tested=3,527 found=0 n=135105113868793983623709 elapsed=3481s
progress: nodes=73,330,000,000 tested=3,527 found=0 n=77853657517806680791281 elapsed=3482s
progress: nodes=73,340,000,000 tested=3,527 found=0 n=160081897945368300240339 elapsed=3482s
progress: nodes=73,350,000,000 tested=3,527 found=0 n=112344864123983547373317 elapsed=3483s
progress: nodes=73,360,000,000 tested=3,527 found=0 n=250657728413379004975257 elapsed=3483s
progress: nodes=73,370,000,000 tested=3,527 found=0 n=272753864078174398022103 elapsed=3484s
progress: nodes=73,380,000,000 tested=3,527 found=0 n=176926016074270125203541 elapsed=3484s
progress: nodes=73,390,000,000 tested=3,527 found=0 n=270484047433199622815793 elapsed=3485s
progress: nodes=73,400,000,000 tested=3,527 found=0 n=286796586975723603735957 elapsed=3485s
progress: nodes=73,410,000,000 tested=3,527 found=0 n=232389449200154783830293 elapsed=3486s
progress: nodes=73,420,000,000 tested=3,527 found=0 n=86640910277409001927413 elapsed=3486s
progress: nodes=73,430,000,000 tested=3,527 found=0 n=135228992212178561027331 elapsed=3486s
progress: nodes=73,440,000,000 tested=3,527 found=0 n=123147699679058972784867 elapsed=3487s
progress: nodes=73,450,000,000 tested=3,527 found=0 n=75586741024172784677271 elapsed=3487s
progress: nodes=73,460,000,000 tested=3,527 found=0 n=269441518400159693719131 elapsed=3488s
progress: nodes=73,470,000,000 tested=3,527 found=0 n=218872496752893334724373 elapsed=3488s
progress: nodes=73,480,000,000 tested=3,527 found=0 n=139444599571763981163669 elapsed=3489s
progress: nodes=73,490,000,000 tested=3,527 found=0 n=64858763235553795284777 elapsed=3489s
progress: nodes=73,500,000,000 tested=3,527 found=0 n=227975863700447243127747 elapsed=3490s
progress: nodes=73,510,000,000 tested=3,527 found=0 n=193044688198453586331837 elapsed=3490s
progress: nodes=73,520,000,000 tested=3,527 found=0 n=187242376651975499127273 elapsed=3491s
progress: nodes=73,530,000,000 tested=3,527 found=0 n=225702928806846999665157 elapsed=3491s
progress: nodes=73,540,000,000 tested=3,527 found=0 n=98947820489633786780109 elapsed=3492s
progress: nodes=73,550,000,000 tested=3,527 found=0 n=216085995203209522912521 elapsed=3492s
progress: nodes=73,560,000,000 tested=3,527 found=0 n=172896576357284960299119 elapsed=3493s
progress: nodes=73,570,000,000 tested=3,527 found=0 n=159886592208302884611687 elapsed=3493s
progress: nodes=73,580,000,000 tested=3,527 found=0 n=204792989845293787844907 elapsed=3494s
progress: nodes=73,590,000,000 tested=3,527 found=0 n=145239726439664020797633 elapsed=3494s
progress: nodes=73,600,000,000 tested=3,527 found=0 n=187340868635427093850263 elapsed=3495s
progress: nodes=73,610,000,000 tested=3,527 found=0 n=142117491676678560020979 elapsed=3495s
progress: nodes=73,620,000,000 tested=3,527 found=0 n=183976672751684091792513 elapsed=3496s
progress: nodes=73,630,000,000 tested=3,527 found=0 n=148368212483887038085443 elapsed=3496s
progress: nodes=73,640,000,000 tested=3,527 found=0 n=216555668178419336029263 elapsed=3497s
progress: nodes=73,650,000,000 tested=3,527 found=0 n=213375372863902964177463 elapsed=3497s
progress: nodes=73,660,000,000 tested=3,527 found=0 n=167518610777277633610737 elapsed=3497s
progress: nodes=73,670,000,000 tested=3,527 found=0 n=118356632804059552855953 elapsed=3498s
progress: nodes=73,680,000,000 tested=3,527 found=0 n=216053680446432162004671 elapsed=3498s
progress: nodes=73,690,000,000 tested=3,527 found=0 n=130984171070491268873343 elapsed=3499s
progress: nodes=73,700,000,000 tested=3,527 found=0 n=234471957349696034445477 elapsed=3499s
progress: nodes=73,710,000,000 tested=3,527 found=0 n=195446347491778022012373 elapsed=3500s
progress: nodes=73,720,000,000 tested=3,527 found=0 n=212376080807816431557051 elapsed=3500s
progress: nodes=73,730,000,000 tested=3,527 found=0 n=118932606566604370336797 elapsed=3501s
progress: nodes=73,740,000,000 tested=3,527 found=0 n=102357209569134339887067 elapsed=3501s
progress: nodes=73,750,000,000 tested=3,527 found=0 n=179098929527841807382899 elapsed=3502s
progress: nodes=73,760,000,000 tested=3,527 found=0 n=189085656095759382062103 elapsed=3502s
progress: nodes=73,770,000,000 tested=3,527 found=0 n=151479245544025388910921 elapsed=3503s
progress: nodes=73,780,000,000 tested=3,527 found=0 n=90635882995012244680791 elapsed=3503s
progress: nodes=73,790,000,000 tested=3,527 found=0 n=187607539813643726295519 elapsed=3504s
progress: nodes=73,800,000,000 tested=3,527 found=0 n=143582949292562434011357 elapsed=3504s
progress: nodes=73,810,000,000 tested=3,527 found=0 n=145792384600761151041789 elapsed=3505s
progress: nodes=73,820,000,000 tested=3,527 found=0 n=205811190415275803661303 elapsed=3505s
progress: nodes=73,830,000,000 tested=3,527 found=0 n=225936030588773952636189 elapsed=3506s
progress: nodes=73,840,000,000 tested=3,527 found=0 n=197719026117310695798801 elapsed=3506s
progress: nodes=73,850,000,000 tested=3,527 found=0 n=139104395399660113472049 elapsed=3507s
progress: nodes=73,860,000,000 tested=3,527 found=0 n=140849493247181263517973 elapsed=3507s
progress: nodes=73,870,000,000 tested=3,527 found=0 n=185228690701569935220801 elapsed=3508s
progress: nodes=73,880,000,000 tested=3,527 found=0 n=166509676396846178977581 elapsed=3508s
progress: nodes=73,890,000,000 tested=3,527 found=0 n=120850595332936884013599 elapsed=3509s
progress: nodes=73,900,000,000 tested=3,527 found=0 n=228519366400199755871991 elapsed=3509s
progress: nodes=73,910,000,000 tested=3,527 found=0 n=109676226884036809293297 elapsed=3510s
progress: nodes=73,920,000,000 tested=3,527 found=0 n=205973611028594757254907 elapsed=3510s
progress: nodes=73,930,000,000 tested=3,527 found=0 n=135693072155707048751769 elapsed=3511s
progress: nodes=73,940,000,000 tested=3,527 found=0 n=129092682612474592380369 elapsed=3511s
progress: nodes=73,950,000,000 tested=3,527 found=0 n=113340657148809754086423 elapsed=3512s
progress: nodes=73,960,000,000 tested=3,527 found=0 n=145908745281483019292457 elapsed=3512s
progress: nodes=73,970,000,000 tested=3,527 found=0 n=137763333092478858383619 elapsed=3513s
progress: nodes=73,980,000,000 tested=3,527 found=0 n=144105334320609618245289 elapsed=3513s
progress: nodes=73,990,000,000 tested=3,527 found=0 n=147325065512185066268763 elapsed=3514s
progress: nodes=74,000,000,000 tested=3,527 found=0 n=210678249609492982380063 elapsed=3514s
progress: nodes=74,010,000,000 tested=3,527 found=0 n=197457998626907025230223 elapsed=3515s
progress: nodes=74,020,000,000 tested=3,527 found=0 n=193481534155439502499527 elapsed=3515s
progress: nodes=74,030,000,000 tested=3,527 found=0 n=187000160881216588768863 elapsed=3516s
progress: nodes=74,040,000,000 tested=3,527 found=0 n=138067656578253948284739 elapsed=3516s
progress: nodes=74,050,000,000 tested=3,527 found=0 n=141634909325172130110243 elapsed=3517s
progress: nodes=74,060,000,000 tested=3,527 found=0 n=205042829290750355881977 elapsed=3517s
progress: nodes=74,070,000,000 tested=3,527 found=0 n=149584265393443907807781 elapsed=3518s
progress: nodes=74,080,000,000 tested=3,527 found=0 n=187208028617357790093051 elapsed=3518s
progress: nodes=74,090,000,000 tested=3,527 found=0 n=190314906355031666204997 elapsed=3519s
progress: nodes=74,100,000,000 tested=3,527 found=0 n=223689610900904793593949 elapsed=3519s
progress: nodes=74,110,000,000 tested=3,527 found=0 n=186695663013276525207099 elapsed=3520s
progress: nodes=74,120,000,000 tested=3,527 found=0 n=169521199163248771715877 elapsed=3520s
progress: nodes=74,130,000,000 tested=3,527 found=0 n=228939127536459430517427 elapsed=3521s
progress: nodes=74,140,000,000 tested=3,527 found=0 n=232860485920916828697723 elapsed=3521s
progress: nodes=74,150,000,000 tested=3,527 found=0 n=206311977827763616385577 elapsed=3522s
progress: nodes=74,160,000,000 tested=3,527 found=0 n=237561894597055474479033 elapsed=3522s
progress: nodes=74,170,000,000 tested=3,527 found=0 n=240170302031305874485257 elapsed=3523s
progress: nodes=74,180,000,000 tested=3,527 found=0 n=217182910383562837642929 elapsed=3523s
progress: nodes=74,190,000,000 tested=3,527 found=0 n=244448844990025654551573 elapsed=3524s
progress: nodes=74,200,000,000 tested=3,527 found=0 n=530785075538493856233153 elapsed=3524s
progress: nodes=74,210,000,000 tested=3,527 found=0 n=948825866531256864261111 elapsed=3524s
progress: nodes=74,220,000,000 tested=3,527 found=0 n=386001315174474756157401 elapsed=3525s
progress: nodes=74,230,000,000 tested=3,527 found=0 n=850640333149012474137069 elapsed=3525s
progress: nodes=74,240,000,000 tested=3,527 found=0 n=341514800139447821077191 elapsed=3526s
progress: nodes=74,250,000,000 tested=3,527 found=0 n=861221627420480557364133 elapsed=3526s
progress: nodes=74,260,000,000 tested=3,527 found=0 n=406396607015421025232229 elapsed=3527s
progress: nodes=74,270,000,000 tested=3,527 found=0 n=979013211292141600001427 elapsed=3527s
progress: nodes=74,280,000,000 tested=3,527 found=0 n=573849921160653724517931 elapsed=3528s
progress: nodes=74,290,000,000 tested=3,527 found=0 n=216133272722099276745201 elapsed=3528s
progress: nodes=74,300,000,000 tested=3,527 found=0 n=865560087594369267010911 elapsed=3528s
progress: nodes=74,310,000,000 tested=3,527 found=0 n=544140401872856836530483 elapsed=3529s
progress: nodes=74,320,000,000 tested=3,527 found=0 n=259158471886490172445449 elapsed=3529s
progress: nodes=74,330,000,000 tested=3,527 found=0 n=992538698450352634289709 elapsed=3530s
progress: nodes=74,340,000,000 tested=3,527 found=0 n=750634099484574056909157 elapsed=3530s
progress: nodes=74,350,000,000 tested=3,527 found=0 n=538443818150238425738313 elapsed=3531s
progress: nodes=74,360,000,000 tested=3,527 found=0 n=358252021564562552724297 elapsed=3531s
progress: nodes=74,370,000,000 tested=3,527 found=0 n=213963486128552684080557 elapsed=3532s
progress: nodes=74,380,000,000 tested=3,527 found=0 n=99309133016733230367777 elapsed=3532s
progress: nodes=74,390,000,000 tested=3,527 found=0 n=979676098219391399864037 elapsed=3532s
progress: nodes=74,400,000,000 tested=3,527 found=0 n=901900447046755839561879 elapsed=3533s
progress: nodes=74,410,000,000 tested=3,527 found=0 n=850989985874956720539747 elapsed=3533s
progress: nodes=74,420,000,000 tested=3,527 found=0 n=823672583165600074659753 elapsed=3534s
progress: nodes=74,430,000,000 tested=3,527 found=0 n=824341116592660045065687 elapsed=3534s
progress: nodes=74,440,000,000 tested=3,527 found=0 n=857543878061330799600261 elapsed=3535s
progress: nodes=74,450,000,000 tested=3,527 found=0 n=920747474785400340537459 elapsed=3535s
progress: nodes=74,460,000,000 tested=3,527 found=0 n=38462618757774245901867 elapsed=3535s
progress: nodes=74,470,000,000 tested=3,527 found=0 n=139987060132303928162619 elapsed=3536s
progress: nodes=74,480,000,000 tested=3,527 found=0 n=272759044036507433842437 elapsed=3536s
progress: nodes=74,490,000,000 tested=3,527 found=0 n=440168855718789194248251 elapsed=3537s
progress: nodes=74,500,000,000 tested=3,527 found=0 n=647238110121738419170887 elapsed=3537s
progress: nodes=74,510,000,000 tested=3,527 found=0 n=893748718566317271737079 elapsed=3538s
progress: nodes=74,520,000,000 tested=3,527 found=0 n=179800706537485399294929 elapsed=3538s
progress: nodes=74,530,000,000 tested=3,527 found=0 n=465598055210081229064629 elapsed=3539s
progress: nodes=74,540,000,000 tested=3,527 found=0 n=796031516034533753487513 elapsed=3539s
progress: nodes=74,550,000,000 tested=3,527 found=0 n=174166398201712085382213 elapsed=3540s
progress: nodes=74,560,000,000 tested=3,527 found=0 n=545604084368599462437231 elapsed=3540s
progress: nodes=74,570,000,000 tested=3,527 found=0 n=968301828296844010026057 elapsed=3540s
progress: nodes=74,580,000,000 tested=3,527 found=0 n=411622328845768947157251 elapsed=3541s
progress: nodes=74,590,000,000 tested=3,527 found=0 n=885269287123098756395517 elapsed=3541s
progress: nodes=74,600,000,000 tested=3,527 found=0 n=395684080151527010330487 elapsed=3542s
progress: nodes=74,610,000,000 tested=3,527 found=0 n=933205386711724607622141 elapsed=3542s
progress: nodes=74,620,000,000 tested=3,527 found=0 n=500480127126795358910367 elapsed=3543s
progress: nodes=74,630,000,000 tested=3,527 found=0 n=122403512192482376216361 elapsed=3543s
progress: nodes=74,640,000,000 tested=3,527 found=0 n=735082942228160620495401 elapsed=3544s
progress: nodes=74,650,000,000 tested=3,527 found=0 n=403149191898406239665379 elapsed=3544s
progress: nodes=74,660,000,000 tested=3,527 found=0 n=117329323095249975642933 elapsed=3545s
progress: nodes=74,670,000,000 tested=3,527 found=0 n=818184231134828925788421 elapsed=3545s
progress: nodes=74,680,000,000 tested=3,527 found=0 n=567183299933951261848287 elapsed=3546s
progress: nodes=74,690,000,000 tested=3,527 found=0 n=392013956016054935930367 elapsed=3546s
progress: nodes=74,700,000,000 tested=3,527 found=0 n=595485203244228216306387 elapsed=3546s
progress: nodes=74,710,000,000 tested=3,527 found=0 n=307047105882017290903113 elapsed=3547s
progress: nodes=74,720,000,000 tested=3,527 found=0 n=387867227602572215478981 elapsed=3547s
progress: nodes=74,730,000,000 tested=3,527 found=0 n=866146257214359502183803 elapsed=3548s
progress: nodes=74,740,000,000 tested=3,527 found=0 n=874447892932449399116553 elapsed=3548s
progress: nodes=74,750,000,000 tested=3,527 found=0 n=397552208217445304282259 elapsed=3549s
progress: nodes=74,760,000,000 tested=3,527 found=0 n=271188677686584782133009 elapsed=3549s
progress: nodes=74,770,000,000 tested=3,527 found=0 n=565071843568621083303609 elapsed=3550s
progress: nodes=74,780,000,000 tested=3,527 found=0 n=460052955503049623201487 elapsed=3550s
progress: nodes=74,790,000,000 tested=3,527 found=0 n=773069683721091488118387 elapsed=3551s
progress: nodes=74,800,000,000 tested=3,527 found=0 n=677952787720660301540691 elapsed=3551s
progress: nodes=74,810,000,000 tested=3,527 found=0 n=232559294476647851491779 elapsed=3552s
progress: nodes=74,820,000,000 tested=3,527 found=0 n=205972370405121939968349 elapsed=3552s
progress: nodes=74,830,000,000 tested=3,527 found=0 n=571614513684355756225611 elapsed=3553s
progress: nodes=74,840,000,000 tested=3,527 found=0 n=642672331277624175735207 elapsed=3553s
progress: nodes=74,850,000,000 tested=3,527 found=0 n=384628659518220720401799 elapsed=3554s
progress: nodes=74,860,000,000 tested=3,527 found=0 n=501640380254921410530027 elapsed=3554s
progress: nodes=74,870,000,000 tested=3,527 found=0 n=349519654134878072784939 elapsed=3554s
progress: nodes=74,880,000,000 tested=3,527 found=0 n=640538613205724822688099 elapsed=3555s
progress: nodes=74,890,000,000 tested=3,527 found=0 n=641300010984902134778913 elapsed=3555s
progress: nodes=74,900,000,000 tested=3,527 found=0 n=393413226294375888337737 elapsed=3556s
progress: nodes=74,910,000,000 tested=3,527 found=0 n=548166065235353307699957 elapsed=3556s
progress: nodes=74,920,000,000 tested=3,527 found=0 n=446408759060026730434467 elapsed=3557s
progress: nodes=74,930,000,000 tested=3,527 found=0 n=143804920948172277096303 elapsed=3557s
progress: nodes=74,940,000,000 tested=3,527 found=0 n=260754247917618850205811 elapsed=3558s
progress: nodes=74,950,000,000 tested=3,527 found=0 n=215676063791803689583509 elapsed=3558s
progress: nodes=74,960,000,000 tested=3,527 found=0 n=529020651171979943173197 elapsed=3559s
progress: nodes=74,970,000,000 tested=3,527 found=0 n=124371005983935492600819 elapsed=3559s
progress: nodes=74,980,000,000 tested=3,527 found=0 n=103923790661524538247543 elapsed=3560s
progress: nodes=74,990,000,000 tested=3,527 found=0 n=443957981254193603047851 elapsed=3560s
progress: nodes=75,000,000,000 tested=3,527 found=0 n=49975843507626100813749 elapsed=3561s
progress: nodes=75,010,000,000 tested=3,527 found=0 n=545989321617093596705463 elapsed=3561s
progress: nodes=75,020,000,000 tested=3,527 found=0 n=313866082660946690323449 elapsed=3562s
progress: nodes=75,030,000,000 tested=3,527 found=0 n=510939564793741516516083 elapsed=3562s
progress: nodes=75,040,000,000 tested=3,527 found=0 n=70785538889085827637831 elapsed=3562s
progress: nodes=75,050,000,000 tested=3,527 found=0 n=43278103556450449736049 elapsed=3563s
progress: nodes=75,060,000,000 tested=3,527 found=0 n=446116375333430607414609 elapsed=3563s
progress: nodes=75,070,000,000 tested=3,527 found=0 n=278595153867169017065187 elapsed=3564s
progress: nodes=75,080,000,000 tested=3,527 found=0 n=90117870214814200892133 elapsed=3564s
progress: nodes=75,090,000,000 tested=3,527 found=0 n=291307307002553073515283 elapsed=3565s
progress: nodes=75,100,000,000 tested=3,527 found=0 n=399457902262972318392627 elapsed=3565s
progress: nodes=75,110,000,000 tested=3,527 found=0 n=474894340965018634498839 elapsed=3566s
progress: nodes=75,120,000,000 tested=3,527 found=0 n=81719208965419931622717 elapsed=3566s
progress: nodes=75,130,000,000 tested=3,527 found=0 n=108182057297102635065219 elapsed=3567s
progress: nodes=75,140,000,000 tested=3,527 found=0 n=133606966376702819863863 elapsed=3567s
progress: nodes=75,150,000,000 tested=3,527 found=0 n=110664683916271002601083 elapsed=3568s
progress: nodes=75,160,000,000 tested=3,527 found=0 n=55622737016299947240747 elapsed=3568s
progress: nodes=75,170,000,000 tested=3,527 found=0 n=404229089378118826054233 elapsed=3569s
progress: nodes=75,180,000,000 tested=3,527 found=0 n=305690914274326594786773 elapsed=3569s
progress: nodes=75,190,000,000 tested=3,527 found=0 n=212316692192384890377267 elapsed=3570s
progress: nodes=75,200,000,000 tested=3,527 found=0 n=96819297258854451418137 elapsed=3570s
progress: nodes=75,210,000,000 tested=3,527 found=0 n=360370065470618938621887 elapsed=3570s
progress: nodes=75,220,000,000 tested=3,527 found=0 n=251162472311133265809927 elapsed=3571s
progress: nodes=75,230,000,000 tested=3,527 found=0 n=176325492423659926337991 elapsed=3571s
progress: nodes=75,240,000,000 tested=3,527 found=0 n=99371316030188860729071 elapsed=3572s
progress: nodes=75,250,000,000 tested=3,527 found=0 n=54469553695654582403919 elapsed=3572s
progress: nodes=75,260,000,000 tested=3,527 found=0 n=404847898008638912724897 elapsed=3573s
progress: nodes=75,270,000,000 tested=3,527 found=0 n=53474389472917350306369 elapsed=3573s
progress: nodes=75,280,000,000 tested=3,527 found=0 n=108931775114741411041209 elapsed=3574s
progress: nodes=75,290,000,000 tested=3,527 found=0 n=175986111820981693063833 elapsed=3574s
progress: nodes=75,300,000,000 tested=3,527 found=0 n=279053513194819683721401 elapsed=3575s
progress: nodes=75,310,000,000 tested=3,527 found=0 n=120964634698675622902047 elapsed=3575s
progress: nodes=75,320,000,000 tested=3,527 found=0 n=56044676852645456288313 elapsed=3576s
progress: nodes=75,330,000,000 tested=3,527 found=0 n=359020125774870270978267 elapsed=3576s
progress: nodes=75,340,000,000 tested=3,527 found=0 n=99297409322766303391743 elapsed=3577s
progress: nodes=75,350,000,000 tested=3,527 found=0 n=253679885929774423752633 elapsed=3577s
progress: nodes=75,360,000,000 tested=3,527 found=0 n=184279983208397987101191 elapsed=3578s
progress: nodes=75,370,000,000 tested=3,527 found=0 n=177478642583680443166161 elapsed=3578s
progress: nodes=75,380,000,000 tested=3,527 found=0 n=281048906797557246921573 elapsed=3578s
progress: nodes=75,390,000,000 tested=3,527 found=0 n=210267004382605436513247 elapsed=3579s
progress: nodes=75,400,000,000 tested=3,527 found=0 n=230965597768328418176181 elapsed=3579s
progress: nodes=75,410,000,000 tested=3,527 found=0 n=76753138166527966590447 elapsed=3580s
progress: nodes=75,420,000,000 tested=3,527 found=0 n=65207580457944634743033 elapsed=3580s
progress: nodes=75,430,000,000 tested=3,527 found=0 n=191906575869010743888147 elapsed=3581s
progress: nodes=75,440,000,000 tested=3,527 found=0 n=173122145924404693609593 elapsed=3581s
progress: nodes=75,450,000,000 tested=3,527 found=0 n=283655793556058813530641 elapsed=3582s
progress: nodes=75,460,000,000 tested=3,527 found=0 n=252595046183862167172387 elapsed=3582s
progress: nodes=75,470,000,000 tested=3,527 found=0 n=86673842872218088185699 elapsed=3583s
progress: nodes=75,480,000,000 tested=3,527 found=0 n=314907632732218092167601 elapsed=3583s
progress: nodes=75,490,000,000 tested=3,527 found=0 n=125539209294275754056079 elapsed=3584s
progress: nodes=75,500,000,000 tested=3,527 found=0 n=92722293111407246540253 elapsed=3584s
progress: nodes=75,510,000,000 tested=3,527 found=0 n=213479903319892819657047 elapsed=3585s
progress: nodes=75,520,000,000 tested=3,527 found=0 n=246248477897917315691871 elapsed=3585s
progress: nodes=75,530,000,000 tested=3,527 found=0 n=203138259691933745936757 elapsed=3586s
progress: nodes=75,540,000,000 tested=3,527 found=0 n=113645583256163907805857 elapsed=3586s
progress: nodes=75,550,000,000 tested=3,527 found=0 n=189168325480769751048933 elapsed=3587s
progress: nodes=75,560,000,000 tested=3,527 found=0 n=198491120005745273269563 elapsed=3587s
progress: nodes=75,570,000,000 tested=3,527 found=0 n=172643342685278827539177 elapsed=3587s
progress: nodes=75,580,000,000 tested=3,527 found=0 n=116310003977701746511299 elapsed=3588s
progress: nodes=75,590,000,000 tested=3,527 found=0 n=247670263972523323298367 elapsed=3588s
progress: nodes=75,600,000,000 tested=3,527 found=0 n=111140745339279575530611 elapsed=3589s
progress: nodes=75,610,000,000 tested=3,527 found=0 n=204466673319761967026913 elapsed=3589s
progress: nodes=75,620,000,000 tested=3,527 found=0 n=56417477030565488234397 elapsed=3590s
progress: nodes=75,630,000,000 tested=3,527 found=0 n=164851922894470073775513 elapsed=3590s
progress: nodes=75,640,000,000 tested=3,527 found=0 n=87214583654412407250057 elapsed=3591s
progress: nodes=75,650,000,000 tested=3,527 found=0 n=231176056372581617464167 elapsed=3591s
progress: nodes=75,660,000,000 tested=3,527 found=0 n=185053365577574459208243 elapsed=3592s
progress: nodes=75,670,000,000 tested=3,527 found=0 n=198188343070995662796411 elapsed=3592s
progress: nodes=75,680,000,000 tested=3,527 found=0 n=268122251131136558677521 elapsed=3593s
progress: nodes=75,690,000,000 tested=3,527 found=0 n=185270053223288846139327 elapsed=3593s
progress: nodes=75,700,000,000 tested=3,527 found=0 n=184661942080726649479941 elapsed=3594s
progress: nodes=75,710,000,000 tested=3,527 found=0 n=64103453584473865675113 elapsed=3594s
progress: nodes=75,720,000,000 tested=3,527 found=0 n=216421297374971693181177 elapsed=3595s
progress: nodes=75,730,000,000 tested=3,527 found=0 n=251340329368309416776541 elapsed=3595s
progress: nodes=75,740,000,000 tested=3,527 found=0 n=162003281319348986874357 elapsed=3596s
progress: nodes=75,750,000,000 tested=3,527 found=0 n=171933728592828793604013 elapsed=3596s
progress: nodes=75,760,000,000 tested=3,527 found=0 n=124312537931231141773281 elapsed=3597s
progress: nodes=75,770,000,000 tested=3,527 found=0 n=210987478505176471467369 elapsed=3597s
progress: nodes=75,780,000,000 tested=3,527 found=0 n=67628804097864950929989 elapsed=3597s
progress: nodes=75,790,000,000 tested=3,527 found=0 n=69321034214118498444633 elapsed=3598s
progress: nodes=75,800,000,000 tested=3,527 found=0 n=230451231094201298670489 elapsed=3598s
progress: nodes=75,810,000,000 tested=3,527 found=0 n=167668596649632981269367 elapsed=3599s
progress: nodes=75,820,000,000 tested=3,527 found=0 n=93373590221842718807019 elapsed=3599s
progress: nodes=75,830,000,000 tested=3,527 found=0 n=211584705556236556512969 elapsed=3600s

done in 3600.0s | nodes=75,832,119,296 | tested=3,527 | weird=0
