search v2: odd=True, N_CAP=1.00e+24, DELTA_MAX=1.0e+07, MIN_DEPTH=6
SPF shard: smallest prime factor = 3
P2 sub-shard: second prime factor = 5
P3 sub-sub-shard: third prime factor = 11
progress: nodes=10,000,000 tested=11 found=0 n=79119056971277494452765 elapsed=24s
progress: nodes=20,000,000 tested=11 found=0 n=164887238921251328720865 elapsed=64s
progress: nodes=30,000,000 tested=11 found=0 n=253091236146570876740895 elapsed=106s
progress: nodes=40,000,000 tested=11 found=0 n=342885557579860113052905 elapsed=148s
progress: nodes=50,000,000 tested=11 found=0 n=433853055242861908102515 elapsed=191s
progress: nodes=60,000,000 tested=11 found=0 n=525757022913399831720045 elapsed=235s
progress: nodes=70,000,000 tested=11 found=0 n=618441596658292136170815 elapsed=280s
progress: nodes=80,000,000 tested=11 found=0 n=711792830375603671681305 elapsed=326s
progress: nodes=90,000,000 tested=11 found=0 n=805727202936774380110035 elapsed=371s
progress: nodes=100,000,000 tested=11 found=0 n=11442183606407072465595 elapsed=409s
progress: nodes=110,000,000 tested=11 found=0 n=92927354758065919426995 elapsed=438s
progress: nodes=120,000,000 tested=11 found=0 n=179202282386016312393795 elapsed=478s
progress: nodes=130,000,000 tested=11 found=0 n=267719514275249333912835 elapsed=520s
progress: nodes=140,000,000 tested=11 found=0 n=357739063721910787653495 elapsed=563s
progress: nodes=150,000,000 tested=11 found=0 n=76676687682859285450605 elapsed=587s
progress: nodes=160,000,000 tested=11 found=0 n=162367090086844451532735 elapsed=628s
progress: nodes=170,000,000 tested=11 found=0 n=576871070152444557435 elapsed=670s
progress: nodes=180,000,000 tested=11 found=0 n=80143421956846540053795 elapsed=693s
progress: nodes=190,000,000 tested=11 found=0 n=617211339901314774165 elapsed=733s
progress: nodes=200,000,000 tested=11 found=0 n=80201047523205843966105 elapsed=757s
progress: nodes=210,000,000 tested=11 found=0 n=9178824004925443584705 elapsed=791s
progress: nodes=220,000,000 tested=11 found=0 n=90407318252687960118705 elapsed=819s
progress: nodes=230,000,000 tested=11 found=0 n=34274891135506840801785 elapsed=843s
progress: nodes=240,000,000 tested=11 found=0 n=117828751069660945029705 elapsed=883s
progress: nodes=250,000,000 tested=11 found=0 n=70892937440521484538195 elapsed=907s
progress: nodes=260,000,000 tested=11 found=0 n=62569954871365433435955 elapsed=931s
progress: nodes=270,000,000 tested=11 found=0 n=3479544530923135544595 elapsed=953s
progress: nodes=280,000,000 tested=11 found=0 n=25642681659939080942865 elapsed=965s
progress: nodes=290,000,000 tested=11 found=0 n=3061028968461066543435 elapsed=985s
progress: nodes=300,000,000 tested=11 found=0 n=34227281856349524236085 elapsed=995s
progress: nodes=310,000,000 tested=11 found=0 n=30744909688949228565045 elapsed=1003s
progress: nodes=320,000,000 tested=11 found=0 n=34073465185441722373245 elapsed=1011s
progress: nodes=330,000,000 tested=11 found=0 n=7182931760341293130515 elapsed=1015s
progress: nodes=340,000,000 tested=11 found=0 n=18875963046060595134495 elapsed=1018s
progress: nodes=350,000,000 tested=11 found=0 n=8686645066413750037635 elapsed=1019s
progress: nodes=360,000,000 tested=11 found=0 n=5387907136745852536455 elapsed=1019s
progress: nodes=370,000,000 tested=11 found=0 n=6753012424036767376785 elapsed=1020s
progress: nodes=380,000,000 tested=11 found=0 n=11081657678795499486735 elapsed=1020s
progress: nodes=390,000,000 tested=11 found=0 n=18847298747688529138515 elapsed=1021s
progress: nodes=400,000,000 tested=11 found=0 n=13721270530269015374265 elapsed=1021s
progress: nodes=410,000,000 tested=11 found=0 n=15202200944770401583395 elapsed=1022s
progress: nodes=420,000,000 tested=11 found=0 n=2909723850059447263095 elapsed=1022s
progress: nodes=430,000,000 tested=11 found=0 n=13864388138363607538815 elapsed=1023s
progress: nodes=440,000,000 tested=11 found=0 n=1236585804828497896905 elapsed=1023s
progress: nodes=450,000,000 tested=11 found=0 n=8338223335445857244655 elapsed=1024s
progress: nodes=460,000,000 tested=11 found=0 n=9484051918819844034405 elapsed=1024s
progress: nodes=470,000,000 tested=11 found=0 n=7436325660088227274845 elapsed=1025s
progress: nodes=480,000,000 tested=11 found=0 n=1055441448060062626035 elapsed=1025s
progress: nodes=490,000,000 tested=11 found=0 n=1464710665397809642065 elapsed=1026s
progress: nodes=500,000,000 tested=11 found=0 n=7618387156999118364645 elapsed=1026s
progress: nodes=510,000,000 tested=11 found=0 n=2431255321723196346345 elapsed=1026s
progress: nodes=520,000,000 tested=11 found=0 n=1467870213150567984285 elapsed=1027s
progress: nodes=530,000,000 tested=11 found=0 n=4962926021646368991105 elapsed=1027s
progress: nodes=540,000,000 tested=11 found=0 n=2057721841589510296035 elapsed=1028s
progress: nodes=550,000,000 tested=11 found=0 n=3295618869630390570135 elapsed=1028s
progress: nodes=560,000,000 tested=11 found=0 n=3390282404045427532455 elapsed=1029s
progress: nodes=570,000,000 tested=11 found=0 n=3367783254514151924055 elapsed=1029s
progress: nodes=580,000,000 tested=11 found=0 n=3586003566310369884735 elapsed=1030s
progress: nodes=590,000,000 tested=11 found=0 n=1289047233828784023495 elapsed=1030s
progress: nodes=600,000,000 tested=11 found=0 n=2047476866935791856455 elapsed=1031s
progress: nodes=610,000,000 tested=11 found=0 n=446136813665601166845 elapsed=1031s
progress: nodes=620,000,000 tested=11 found=0 n=187902359368252591095 elapsed=1032s
progress: nodes=630,000,000 tested=11 found=0 n=1157255312185230628095 elapsed=1032s
progress: nodes=640,000,000 tested=11 found=0 n=1375315643481777617895 elapsed=1033s
progress: nodes=650,000,000 tested=11 found=0 n=712684081182821883795 elapsed=1033s
progress: nodes=660,000,000 tested=11 found=0 n=1698619256089053203565 elapsed=1034s
progress: nodes=670,000,000 tested=11 found=0 n=2214105484721739514785 elapsed=1034s
progress: nodes=680,000,000 tested=11 found=0 n=649308668683043734695 elapsed=1035s
progress: nodes=690,000,000 tested=11 found=0 n=425048953086154241955 elapsed=1035s
progress: nodes=700,000,000 tested=12 found=0 n=924916608776965104135 elapsed=1036s
progress: nodes=710,000,000 tested=12 found=0 n=401321185534982414295 elapsed=1036s
progress: nodes=720,000,000 tested=12 found=0 n=1268715632999117914215 elapsed=1036s
progress: nodes=730,000,000 tested=12 found=0 n=120068556935736507615 elapsed=1037s
progress: nodes=740,000,000 tested=12 found=0 n=578902523462026181055 elapsed=1037s
progress: nodes=750,000,000 tested=12 found=0 n=1036698202983256677765 elapsed=1038s
progress: nodes=760,000,000 tested=12 found=0 n=914190315951897286335 elapsed=1038s
progress: nodes=770,000,000 tested=12 found=0 n=480511336415056926705 elapsed=1039s
progress: nodes=780,000,000 tested=12 found=0 n=1061723755241651535165 elapsed=1039s
progress: nodes=790,000,000 tested=12 found=0 n=345459461227041012885 elapsed=1040s
progress: nodes=800,000,000 tested=12 found=0 n=969456383408508905745 elapsed=1040s
progress: nodes=810,000,000 tested=12 found=0 n=137738344506275995515 elapsed=1041s
progress: nodes=820,000,000 tested=12 found=0 n=828234127003021772715 elapsed=1041s
progress: nodes=830,000,000 tested=12 found=0 n=798371277319384716915 elapsed=1042s
progress: nodes=840,000,000 tested=12 found=0 n=172042786669808122695 elapsed=1042s
progress: nodes=850,000,000 tested=12 found=0 n=462309587678496386565 elapsed=1043s
progress: nodes=860,000,000 tested=12 found=0 n=518660805914161366005 elapsed=1043s
progress: nodes=870,000,000 tested=12 found=0 n=696056683372262600355 elapsed=1044s
progress: nodes=880,000,000 tested=12 found=0 n=502953475625371526085 elapsed=1044s
progress: nodes=890,000,000 tested=12 found=0 n=235018487934521821035 elapsed=1045s
progress: nodes=900,000,000 tested=12 found=0 n=229550110298558308215 elapsed=1045s
progress: nodes=910,000,000 tested=12 found=0 n=405798342027791319585 elapsed=1046s
progress: nodes=920,000,000 tested=12 found=0 n=115852560450719335155 elapsed=1046s
progress: nodes=930,000,000 tested=12 found=0 n=106275122717256761895 elapsed=1046s
progress: nodes=940,000,000 tested=12 found=0 n=110621655611237195865 elapsed=1047s
progress: nodes=950,000,000 tested=12 found=0 n=147389324050365419385 elapsed=1047s
progress: nodes=960,000,000 tested=12 found=0 n=139521725958776513715 elapsed=1048s
progress: nodes=970,000,000 tested=12 found=0 n=341056910212396946865 elapsed=1048s
progress: nodes=980,000,000 tested=12 found=0 n=239796032728584494745 elapsed=1049s
progress: nodes=990,000,000 tested=12 found=0 n=304891620299118879345 elapsed=1049s
progress: nodes=1,000,000,000 tested=12 found=0 n=244348125144013122705 elapsed=1050s
progress: nodes=1,010,000,000 tested=12 found=0 n=244092454183907103555 elapsed=1050s
progress: nodes=1,020,000,000 tested=12 found=0 n=338613385227104553885 elapsed=1051s
progress: nodes=1,030,000,000 tested=12 found=0 n=311189318507746330245 elapsed=1051s
progress: nodes=1,040,000,000 tested=12 found=0 n=270094288945798594035 elapsed=1052s
progress: nodes=1,050,000,000 tested=12 found=0 n=367575687709173361935 elapsed=1052s
progress: nodes=1,060,000,000 tested=12 found=0 n=321684303572707981455 elapsed=1053s
progress: nodes=1,070,000,000 tested=12 found=0 n=196135147694647466415 elapsed=1053s
progress: nodes=1,080,000,000 tested=12 found=0 n=379071128653031626515 elapsed=1054s
progress: nodes=1,090,000,000 tested=12 found=0 n=215909991516777899715 elapsed=1054s
progress: nodes=1,100,000,000 tested=12 found=0 n=312194089312827820065 elapsed=1055s
progress: nodes=1,110,000,000 tested=13 found=0 n=348860561469107859765 elapsed=1055s
progress: nodes=1,120,000,000 tested=13 found=0 n=327819102479093056095 elapsed=1056s
progress: nodes=1,130,000,000 tested=13 found=0 n=359733687784295649165 elapsed=1056s
progress: nodes=1,140,000,000 tested=13 found=0 n=357641755901002935945 elapsed=1057s
progress: nodes=1,150,000,000 tested=13 found=0 n=299185532512276954995 elapsed=1057s
progress: nodes=1,160,000,000 tested=13 found=0 n=331371342493387951095 elapsed=1058s
progress: nodes=1,170,000,000 tested=13 found=0 n=273701763179985201435 elapsed=1058s
progress: nodes=1,180,000,000 tested=13 found=0 n=295891190212672489545 elapsed=1059s
progress: nodes=1,190,000,000 tested=13 found=0 n=393913916424330574635 elapsed=1059s
progress: nodes=1,200,000,000 tested=13 found=0 n=654862028723123687921565 elapsed=1060s
progress: nodes=1,210,000,000 tested=13 found=0 n=965438682198590342550555 elapsed=1060s
progress: nodes=1,220,000,000 tested=13 found=0 n=544780088335065597878655 elapsed=1061s
progress: nodes=1,230,000,000 tested=13 found=0 n=385143986247069792115395 elapsed=1061s
progress: nodes=1,240,000,000 tested=13 found=0 n=450356190288877372861845 elapsed=1062s
progress: nodes=1,250,000,000 tested=13 found=0 n=777783979818067068593505 elapsed=1062s
progress: nodes=1,260,000,000 tested=13 found=0 n=395972572638690361983735 elapsed=1063s
progress: nodes=1,270,000,000 tested=13 found=0 n=284579634408682344055335 elapsed=1063s
progress: nodes=1,280,000,000 tested=13 found=0 n=422286827717079709440705 elapsed=1063s
progress: nodes=1,290,000,000 tested=13 found=0 n=833612468213133241439895 elapsed=1064s
progress: nodes=1,300,000,000 tested=13 found=0 n=539589051994842602151795 elapsed=1064s
progress: nodes=1,310,000,000 tested=13 found=0 n=545615639732784491438535 elapsed=1065s
progress: nodes=1,320,000,000 tested=13 found=0 n=801337724376384244812345 elapsed=1065s
progress: nodes=1,330,000,000 tested=13 found=0 n=374195890313657728852635 elapsed=1066s
progress: nodes=1,340,000,000 tested=13 found=0 n=244224425763542065751415 elapsed=1066s
progress: nodes=1,350,000,000 tested=13 found=0 n=374033465249835298150485 elapsed=1067s
progress: nodes=1,360,000,000 tested=13 found=0 n=780670637160477608539665 elapsed=1067s
progress: nodes=1,370,000,000 tested=13 found=0 n=497955720585896505139185 elapsed=1067s
progress: nodes=1,380,000,000 tested=13 found=0 n=498811461264753813869715 elapsed=1068s
progress: nodes=1,390,000,000 tested=13 found=0 n=795877904200498986448395 elapsed=1068s
progress: nodes=1,400,000,000 tested=13 found=0 n=407886427922240106690345 elapsed=1069s
progress: nodes=1,410,000,000 tested=13 found=0 n=311166537416167479765345 elapsed=1069s
progress: nodes=1,420,000,000 tested=13 found=0 n=487831172222502510127605 elapsed=1070s
progress: nodes=1,430,000,000 tested=13 found=0 n=985564315608706613371185 elapsed=1070s
progress: nodes=1,440,000,000 tested=13 found=0 n=826955926868596939375995 elapsed=1071s
progress: nodes=1,450,000,000 tested=13 found=0 n=952737336272780626915215 elapsed=1071s
progress: nodes=1,460,000,000 tested=13 found=0 n=412346917855017047992815 elapsed=1072s
progress: nodes=1,470,000,000 tested=13 found=0 n=218068892076922878438315 elapsed=1072s
progress: nodes=1,480,000,000 tested=13 found=0 n=315823867538167479818745 elapsed=1073s
progress: nodes=1,490,000,000 tested=13 found=0 n=700649240438706661540845 elapsed=1073s
progress: nodes=1,500,000,000 tested=13 found=0 n=424783359880590002698395 elapsed=1073s
progress: nodes=1,510,000,000 tested=13 found=0 n=938432538407458519360155 elapsed=1074s
progress: nodes=1,520,000,000 tested=13 found=0 n=462104368428156075033885 elapsed=1074s
progress: nodes=1,530,000,000 tested=13 found=0 n=140652920190665400730245 elapsed=1075s
progress: nodes=1,540,000,000 tested=13 found=0 n=822672211575152621271105 elapsed=1075s
progress: nodes=1,550,000,000 tested=13 found=0 n=108108041377019144681385 elapsed=1076s
progress: nodes=1,560,000,000 tested=13 found=0 n=606729263474700206016165 elapsed=1076s
progress: nodes=1,570,000,000 tested=13 found=0 n=347258805543869765461245 elapsed=1077s
progress: nodes=1,580,000,000 tested=13 found=0 n=582981310459360089992385 elapsed=1077s
progress: nodes=1,590,000,000 tested=13 found=0 n=419853153732760343132955 elapsed=1078s
progress: nodes=1,600,000,000 tested=13 found=0 n=510893448203095736100795 elapsed=1078s
progress: nodes=1,610,000,000 tested=13 found=0 n=310764601832602025118285 elapsed=1079s
progress: nodes=1,620,000,000 tested=13 found=0 n=130771134602154194351445 elapsed=1079s
progress: nodes=1,630,000,000 tested=13 found=0 n=379347957899119195678395 elapsed=1080s
progress: nodes=1,640,000,000 tested=13 found=0 n=530232078434136139636245 elapsed=1080s
progress: nodes=1,650,000,000 tested=13 found=0 n=634591683413002246258305 elapsed=1081s
progress: nodes=1,660,000,000 tested=13 found=0 n=594635042221150380995655 elapsed=1081s
progress: nodes=1,670,000,000 tested=13 found=0 n=641078831802675699673515 elapsed=1081s
progress: nodes=1,680,000,000 tested=13 found=0 n=286373904813590648263605 elapsed=1082s
progress: nodes=1,690,000,000 tested=13 found=0 n=97176986780188689788535 elapsed=1082s
progress: nodes=1,700,000,000 tested=13 found=0 n=171436729691168096384295 elapsed=1083s
progress: nodes=1,710,000,000 tested=13 found=0 n=448606549844938832531085 elapsed=1083s
progress: nodes=1,720,000,000 tested=13 found=0 n=518359142950975353617865 elapsed=1084s
progress: nodes=1,730,000,000 tested=13 found=0 n=468372742936518573758385 elapsed=1084s
progress: nodes=1,740,000,000 tested=13 found=0 n=334500744058956396901485 elapsed=1085s
progress: nodes=1,750,000,000 tested=13 found=0 n=140510408146401083794245 elapsed=1085s
progress: nodes=1,760,000,000 tested=13 found=0 n=553377014639675760951945 elapsed=1086s
progress: nodes=1,770,000,000 tested=13 found=0 n=107236727730561141963855 elapsed=1086s
progress: nodes=1,780,000,000 tested=13 found=0 n=356811637374793789426755 elapsed=1087s
progress: nodes=1,790,000,000 tested=13 found=0 n=366855414283968413812965 elapsed=1087s
progress: nodes=1,800,000,000 tested=13 found=0 n=148103009553257530084665 elapsed=1088s
progress: nodes=1,810,000,000 tested=13 found=0 n=145643882488990732390995 elapsed=1088s
progress: nodes=1,820,000,000 tested=13 found=0 n=498559198984625777700735 elapsed=1089s
progress: nodes=1,830,000,000 tested=13 found=0 n=144653288420666145691395 elapsed=1089s
progress: nodes=1,840,000,000 tested=13 found=0 n=375014699466013405756485 elapsed=1090s
progress: nodes=1,850,000,000 tested=13 found=0 n=409991300000504704133685 elapsed=1090s
progress: nodes=1,860,000,000 tested=13 found=0 n=237667786965200715493095 elapsed=1091s
progress: nodes=1,870,000,000 tested=13 found=0 n=408948832167971939916435 elapsed=1091s
progress: nodes=1,880,000,000 tested=13 found=0 n=237442605841644141341205 elapsed=1092s
progress: nodes=1,890,000,000 tested=13 found=0 n=240007014736740471895785 elapsed=1092s
progress: nodes=1,900,000,000 tested=13 found=0 n=366875252964954223891335 elapsed=1092s
progress: nodes=1,910,000,000 tested=13 found=0 n=159052024676577688154235 elapsed=1093s
progress: nodes=1,920,000,000 tested=13 found=0 n=151400301195242907035415 elapsed=1093s
progress: nodes=1,930,000,000 tested=13 found=0 n=419886658158242905149795 elapsed=1094s
progress: nodes=1,940,000,000 tested=13 found=0 n=336579014423014132008195 elapsed=1094s
progress: nodes=1,950,000,000 tested=13 found=0 n=368609647438174336658145 elapsed=1095s
progress: nodes=1,960,000,000 tested=13 found=0 n=333251692473441259945845 elapsed=1095s
progress: nodes=1,970,000,000 tested=13 found=0 n=335908252788421533255585 elapsed=1096s
progress: nodes=1,980,000,000 tested=13 found=0 n=328163513280793218209115 elapsed=1096s
progress: nodes=1,990,000,000 tested=13 found=0 n=186509252538666258367815 elapsed=1097s
progress: nodes=2,000,000,000 tested=13 found=0 n=194361362259944735221245 elapsed=1097s
progress: nodes=2,010,000,000 tested=13 found=0 n=196873180897565039527935 elapsed=1098s
progress: nodes=2,020,000,000 tested=13 found=0 n=316602621910811380264065 elapsed=1098s
progress: nodes=2,030,000,000 tested=13 found=0 n=401664380649132636416205 elapsed=1099s
progress: nodes=2,040,000,000 tested=13 found=0 n=242688626097448995058815 elapsed=1099s
progress: nodes=2,050,000,000 tested=13 found=0 n=359939510651840340954645 elapsed=1100s
progress: nodes=2,060,000,000 tested=13 found=0 n=407251073529025784249895 elapsed=1100s
progress: nodes=2,070,000,000 tested=13 found=0 n=421668276781008564205965 elapsed=1101s
progress: nodes=2,080,000,000 tested=13 found=0 n=308618316171935807771745 elapsed=1101s
progress: nodes=2,090,000,000 tested=13 found=0 n=326584269691861228839495 elapsed=1102s
progress: nodes=2,100,000,000 tested=13 found=0 n=340805646462425091241635 elapsed=1102s
progress: nodes=2,110,000,000 tested=13 found=0 n=430941702461109214878855 elapsed=1103s
progress: nodes=2,120,000,000 tested=13 found=0 n=277551770877289259172855 elapsed=1103s
progress: nodes=2,130,000,000 tested=13 found=0 n=370853010345055671433935 elapsed=1104s
progress: nodes=2,140,000,000 tested=13 found=0 n=370863620351977269474045 elapsed=1104s
progress: nodes=2,150,000,000 tested=13 found=0 n=417351356822117632444695 elapsed=1105s
progress: nodes=2,160,000,000 tested=13 found=0 n=446660253860325801660045 elapsed=1105s
progress: nodes=2,170,000,000 tested=13 found=0 n=455065292704481620395795 elapsed=1106s
progress: nodes=2,180,000,000 tested=13 found=0 n=464127167528244891811305 elapsed=1106s
progress: nodes=2,190,000,000 tested=13 found=0 n=472886099063925415981695 elapsed=1107s
progress: nodes=2,200,000,000 tested=18 found=0 n=7631525957142066077835 elapsed=1107s
progress: nodes=2,210,000,000 tested=18 found=0 n=37705599392052856543785 elapsed=1141s
progress: nodes=2,220,000,000 tested=19 found=0 n=69287721120036428747265 elapsed=1182s
progress: nodes=2,230,000,000 tested=19 found=0 n=101641338112279590769815 elapsed=1225s
progress: nodes=2,240,000,000 tested=19 found=0 n=2745569808779076567585 elapsed=1264s
progress: nodes=2,250,000,000 tested=19 found=0 n=32273325966333293131455 elapsed=1292s
progress: nodes=2,260,000,000 tested=19 found=0 n=3837818959375593120885 elapsed=1311s
progress: nodes=2,270,000,000 tested=19 found=0 n=1340758503196328676735 elapsed=1311s
progress: nodes=2,280,000,000 tested=19 found=0 n=148009914712560563685 elapsed=1312s
progress: nodes=2,290,000,000 tested=19 found=0 n=2631215451751538026815 elapsed=1312s
progress: nodes=2,300,000,000 tested=19 found=0 n=144873774228345499755 elapsed=1313s
progress: nodes=2,310,000,000 tested=19 found=0 n=1481744237651809513965 elapsed=1313s
progress: nodes=2,320,000,000 tested=19 found=0 n=746071184821220724015 elapsed=1314s
progress: nodes=2,330,000,000 tested=19 found=0 n=776701062595864588545 elapsed=1314s
progress: nodes=2,340,000,000 tested=19 found=0 n=129179422364479238565 elapsed=1315s
progress: nodes=2,350,000,000 tested=19 found=0 n=284631073762126152105 elapsed=1315s
progress: nodes=2,360,000,000 tested=19 found=0 n=127609392886834554135 elapsed=1316s
progress: nodes=2,370,000,000 tested=19 found=0 n=825388064594214378824655 elapsed=1316s
progress: nodes=2,380,000,000 tested=19 found=0 n=138926607416321344785 elapsed=1317s
progress: nodes=2,390,000,000 tested=19 found=0 n=155791970949254373855 elapsed=1317s
progress: nodes=2,400,000,000 tested=20 found=0 n=96207172355769246585 elapsed=1318s
progress: nodes=2,410,000,000 tested=21 found=0 n=880145937288670757934735 elapsed=1318s
progress: nodes=2,420,000,000 tested=21 found=0 n=46752477724208266065 elapsed=1319s
progress: nodes=2,430,000,000 tested=21 found=0 n=905775890722169140248795 elapsed=1319s
progress: nodes=2,440,000,000 tested=21 found=0 n=66905638089570185895 elapsed=1319s
progress: nodes=2,450,000,000 tested=21 found=0 n=77006439324714299895 elapsed=1320s
progress: nodes=2,460,000,000 tested=21 found=0 n=41339358996437132235 elapsed=1320s
progress: nodes=2,470,000,000 tested=21 found=0 n=35186123357282744055 elapsed=1321s
progress: nodes=2,480,000,000 tested=21 found=0 n=762479674979437349238645 elapsed=1321s
progress: nodes=2,490,000,000 tested=21 found=0 n=72649205359334435309445 elapsed=1322s
progress: nodes=2,500,000,000 tested=21 found=0 n=431215910157046279286835 elapsed=1322s
progress: nodes=2,510,000,000 tested=21 found=0 n=213012935469383546691315 elapsed=1323s
progress: nodes=2,520,000,000 tested=21 found=0 n=193589185483891302216705 elapsed=1323s
progress: nodes=2,530,000,000 tested=21 found=0 n=239647434108674085854415 elapsed=1324s
progress: nodes=2,540,000,000 tested=21 found=0 n=155743745362540340827635 elapsed=1324s
progress: nodes=2,550,000,000 tested=21 found=0 n=95789220896632289181705 elapsed=1325s
progress: nodes=2,560,000,000 tested=21 found=0 n=72142153241081622895845 elapsed=1325s
progress: nodes=2,570,000,000 tested=21 found=0 n=8231023922658091523595 elapsed=1326s
progress: nodes=2,580,000,000 tested=21 found=0 n=39883505607805838255145 elapsed=1326s
progress: nodes=2,590,000,000 tested=21 found=0 n=34839799748128166190795 elapsed=1327s
progress: nodes=2,600,000,000 tested=21 found=0 n=41638835769218867239335 elapsed=1327s
progress: nodes=2,610,000,000 tested=21 found=0 n=14964970784262041392245 elapsed=1328s
progress: nodes=2,620,000,000 tested=21 found=0 n=17475032079912210053085 elapsed=1328s
progress: nodes=2,630,000,000 tested=21 found=0 n=34456536300103192267245 elapsed=1329s
progress: nodes=2,640,000,000 tested=23 found=0 n=7059738921216545074005 elapsed=1329s
progress: nodes=2,650,000,000 tested=23 found=0 n=32059640370305368007055 elapsed=1364s
progress: nodes=2,660,000,000 tested=23 found=0 n=6815406857821323250005 elapsed=1393s
progress: nodes=2,670,000,000 tested=23 found=0 n=31795819482525110959815 elapsed=1427s
progress: nodes=2,680,000,000 tested=23 found=0 n=16026284198845845776115 elapsed=1451s
progress: nodes=2,690,000,000 tested=23 found=0 n=15152135588463850355115 elapsed=1474s
progress: nodes=2,700,000,000 tested=23 found=0 n=5036679065182875396165 elapsed=1488s
progress: nodes=2,710,000,000 tested=23 found=0 n=2442223174417337682855 elapsed=1489s
progress: nodes=2,720,000,000 tested=23 found=0 n=500723831854193558985 elapsed=1489s
progress: nodes=2,730,000,000 tested=23 found=0 n=596403421277229353205 elapsed=1490s
progress: nodes=2,740,000,000 tested=23 found=0 n=446206550810090667795 elapsed=1490s
progress: nodes=2,750,000,000 tested=23 found=0 n=187065014083353919755 elapsed=1491s
progress: nodes=2,760,000,000 tested=23 found=0 n=166433035235960268765 elapsed=1491s
progress: nodes=2,770,000,000 tested=23 found=0 n=77272133826709547055 elapsed=1492s
progress: nodes=2,780,000,000 tested=23 found=0 n=115536778965222363045 elapsed=1492s
progress: nodes=2,790,000,000 tested=23 found=0 n=28671112926003649365 elapsed=1493s
progress: nodes=2,800,000,000 tested=23 found=0 n=70812480411866950515 elapsed=1493s
progress: nodes=2,810,000,000 tested=23 found=0 n=53221559063907570435 elapsed=1494s
progress: nodes=2,820,000,000 tested=23 found=0 n=556748380786745931775695 elapsed=1494s
progress: nodes=2,830,000,000 tested=23 found=0 n=838643904602311583790135 elapsed=1495s
progress: nodes=2,840,000,000 tested=23 found=0 n=32023690026288551415 elapsed=1495s
progress: nodes=2,850,000,000 tested=24 found=0 n=47336236061952956085 elapsed=1495s
progress: nodes=2,860,000,000 tested=24 found=0 n=26325824790047311485 elapsed=1496s
progress: nodes=2,870,000,000 tested=24 found=0 n=886598896904485626216465 elapsed=1496s
progress: nodes=2,880,000,000 tested=24 found=0 n=293627978731146602931795 elapsed=1497s
progress: nodes=2,890,000,000 tested=24 found=0 n=386260540644289509293535 elapsed=1497s
progress: nodes=2,900,000,000 tested=24 found=0 n=362707935015611046648105 elapsed=1498s
progress: nodes=2,910,000,000 tested=24 found=0 n=88656840481862985616845 elapsed=1498s
progress: nodes=2,920,000,000 tested=24 found=0 n=78652637980262827975395 elapsed=1499s
progress: nodes=2,930,000,000 tested=24 found=0 n=5064525148147782111135 elapsed=1499s
progress: nodes=2,940,000,000 tested=24 found=0 n=40792907697496127685765 elapsed=1500s
progress: nodes=2,950,000,000 tested=24 found=0 n=31082401443261676959495 elapsed=1500s
progress: nodes=2,960,000,000 tested=24 found=0 n=14819741772203575920735 elapsed=1501s
progress: nodes=2,970,000,000 tested=24 found=0 n=22450235966194741864335 elapsed=1501s
progress: nodes=2,980,000,000 tested=24 found=0 n=18387383836528737754515 elapsed=1502s
progress: nodes=2,990,000,000 tested=25 found=0 n=7496829593186576384115 elapsed=1506s
progress: nodes=3,000,000,000 tested=25 found=0 n=24375918642698473275645 elapsed=1546s
progress: nodes=3,010,000,000 tested=25 found=0 n=41945549121296547485715 elapsed=1588s
progress: nodes=3,020,000,000 tested=25 found=0 n=59905123954989440707305 elapsed=1631s
progress: nodes=3,030,000,000 tested=25 found=0 n=2469829830862712407155 elapsed=1637s
progress: nodes=3,040,000,000 tested=25 found=0 n=1364326005995819609985 elapsed=1637s
progress: nodes=3,050,000,000 tested=25 found=0 n=275619982466212999065 elapsed=1638s
progress: nodes=3,060,000,000 tested=26 found=0 n=65671105968260337105 elapsed=1638s
progress: nodes=3,070,000,000 tested=26 found=0 n=418585164955509390126255 elapsed=1639s
progress: nodes=3,080,000,000 tested=26 found=0 n=30628121112666342045 elapsed=1639s
progress: nodes=3,090,000,000 tested=26 found=0 n=26144836839773871615 elapsed=1640s
progress: nodes=3,100,000,000 tested=26 found=0 n=14976145760066200215 elapsed=1640s
progress: nodes=3,110,000,000 tested=26 found=0 n=943843419394249479119685 elapsed=1640s
progress: nodes=3,120,000,000 tested=26 found=0 n=922495662574642577692755 elapsed=1641s
progress: nodes=3,130,000,000 tested=26 found=0 n=945525318210139270768065 elapsed=1641s
progress: nodes=3,140,000,000 tested=26 found=0 n=899375146118955146782845 elapsed=1642s
progress: nodes=3,150,000,000 tested=26 found=0 n=794581725784286586589245 elapsed=1642s
progress: nodes=3,160,000,000 tested=26 found=0 n=971195897281171681854405 elapsed=1643s
progress: nodes=3,170,000,000 tested=26 found=0 n=857338011577003491459045 elapsed=1643s
progress: nodes=3,180,000,000 tested=26 found=0 n=864813267202093352959365 elapsed=1644s
progress: nodes=3,190,000,000 tested=26 found=0 n=835662782991530338758045 elapsed=1644s
progress: nodes=3,200,000,000 tested=26 found=0 n=855999116545098983035095 elapsed=1644s
progress: nodes=3,210,000,000 tested=26 found=0 n=856241207234425361294055 elapsed=1645s
progress: nodes=3,220,000,000 tested=26 found=0 n=980455858892661579297705 elapsed=1645s
progress: nodes=3,230,000,000 tested=26 found=0 n=842086770279414661266705 elapsed=1646s
progress: nodes=3,240,000,000 tested=26 found=0 n=951716940804385767372735 elapsed=1646s
progress: nodes=3,250,000,000 tested=26 found=0 n=935580811942694805826455 elapsed=1647s
progress: nodes=3,260,000,000 tested=26 found=0 n=910645962252399330355035 elapsed=1647s
progress: nodes=3,270,000,000 tested=26 found=0 n=990656053602218330153805 elapsed=1647s
progress: nodes=3,280,000,000 tested=26 found=0 n=892169926578605532264165 elapsed=1648s
progress: nodes=3,290,000,000 tested=26 found=0 n=792296420719955216406165 elapsed=1648s
progress: nodes=3,300,000,000 tested=26 found=0 n=681993164438976073475385 elapsed=1649s
progress: nodes=3,310,000,000 tested=26 found=0 n=805947328155886536672855 elapsed=1649s
progress: nodes=3,320,000,000 tested=26 found=0 n=932299804262327209147395 elapsed=1650s
progress: nodes=3,330,000,000 tested=26 found=0 n=910547814319512166412505 elapsed=1650s
progress: nodes=3,340,000,000 tested=26 found=0 n=857145168206712735876405 elapsed=1651s
progress: nodes=3,350,000,000 tested=26 found=0 n=824878486954023279410655 elapsed=1651s
progress: nodes=3,360,000,000 tested=26 found=0 n=819584668140138649323135 elapsed=1651s
progress: nodes=3,370,000,000 tested=26 found=0 n=954758272910566167671265 elapsed=1652s
progress: nodes=3,380,000,000 tested=26 found=0 n=963650602528879318465995 elapsed=1652s
progress: nodes=3,390,000,000 tested=26 found=0 n=853991651911692246557715 elapsed=1653s
progress: nodes=3,400,000,000 tested=26 found=0 n=867917642896338528650805 elapsed=1653s
progress: nodes=3,410,000,000 tested=26 found=0 n=759959165484122025686715 elapsed=1654s
progress: nodes=3,420,000,000 tested=26 found=0 n=866763738089866226709495 elapsed=1654s
progress: nodes=3,430,000,000 tested=26 found=0 n=865277279207407763498835 elapsed=1654s
progress: nodes=3,440,000,000 tested=26 found=0 n=845201266058174194773945 elapsed=1655s
progress: nodes=3,450,000,000 tested=26 found=0 n=811389801568669358141205 elapsed=1655s
progress: nodes=3,460,000,000 tested=26 found=0 n=930282036788437519238415 elapsed=1656s
progress: nodes=3,470,000,000 tested=26 found=0 n=930694423539610012408785 elapsed=1656s
progress: nodes=3,480,000,000 tested=26 found=0 n=925431888083953093959555 elapsed=1657s
progress: nodes=3,490,000,000 tested=26 found=0 n=945425811002133661770735 elapsed=1657s
progress: nodes=3,500,000,000 tested=26 found=0 n=849769382347717842657405 elapsed=1658s
progress: nodes=3,510,000,000 tested=26 found=0 n=792185094182817051799995 elapsed=1658s
progress: nodes=3,520,000,000 tested=26 found=0 n=835766191612729478821995 elapsed=1658s
progress: nodes=3,530,000,000 tested=26 found=0 n=707598656856906328236195 elapsed=1659s
progress: nodes=3,540,000,000 tested=26 found=0 n=694730820882817913737455 elapsed=1659s
progress: nodes=3,550,000,000 tested=26 found=0 n=878077484967971909469915 elapsed=1660s
progress: nodes=3,560,000,000 tested=26 found=0 n=979778332576991756394135 elapsed=1660s
progress: nodes=3,570,000,000 tested=26 found=0 n=999912993328408587679845 elapsed=1661s
progress: nodes=3,580,000,000 tested=26 found=0 n=865041676581787677685845 elapsed=1661s
progress: nodes=3,590,000,000 tested=26 found=0 n=833368176092312810680995 elapsed=1662s
progress: nodes=3,600,000,000 tested=26 found=0 n=968312991158758227061035 elapsed=1662s
progress: nodes=3,610,000,000 tested=26 found=0 n=789969510635349969399915 elapsed=1662s
progress: nodes=3,620,000,000 tested=26 found=0 n=652563291521716305261795 elapsed=1663s
progress: nodes=3,630,000,000 tested=26 found=0 n=933315807109308220145295 elapsed=1663s
progress: nodes=3,640,000,000 tested=26 found=0 n=938557608308509744982295 elapsed=1664s
progress: nodes=3,650,000,000 tested=26 found=0 n=862491504565443133120905 elapsed=1664s
progress: nodes=3,660,000,000 tested=26 found=0 n=854789321253469453501815 elapsed=1665s
progress: nodes=3,670,000,000 tested=26 found=0 n=750820107332693513990655 elapsed=1665s
progress: nodes=3,680,000,000 tested=26 found=0 n=676178637679739346323985 elapsed=1665s
progress: nodes=3,690,000,000 tested=26 found=0 n=910642221354717675594045 elapsed=1666s
progress: nodes=3,700,000,000 tested=26 found=0 n=645670306562256288952155 elapsed=1666s
progress: nodes=3,710,000,000 tested=26 found=0 n=862158534944153525256915 elapsed=1667s
progress: nodes=3,720,000,000 tested=26 found=0 n=833993081175106121743485 elapsed=1667s
progress: nodes=3,730,000,000 tested=26 found=0 n=953217854812766020907385 elapsed=1668s
progress: nodes=3,740,000,000 tested=26 found=0 n=965344898760022120512645 elapsed=1668s
progress: nodes=3,750,000,000 tested=26 found=0 n=702030893776156247999355 elapsed=1669s
progress: nodes=3,760,000,000 tested=26 found=0 n=697232002137323246506935 elapsed=1669s
progress: nodes=3,770,000,000 tested=26 found=0 n=846775517748690199101795 elapsed=1669s
progress: nodes=3,780,000,000 tested=26 found=0 n=890568299739349953575865 elapsed=1670s
progress: nodes=3,790,000,000 tested=26 found=0 n=731855406858349536220095 elapsed=1670s
progress: nodes=3,800,000,000 tested=26 found=0 n=909343130644480376862765 elapsed=1671s
progress: nodes=3,810,000,000 tested=26 found=0 n=918437006914780202015265 elapsed=1671s
progress: nodes=3,820,000,000 tested=26 found=0 n=966503436184281764791935 elapsed=1672s
progress: nodes=3,830,000,000 tested=26 found=0 n=859102411533334589095695 elapsed=1672s
progress: nodes=3,840,000,000 tested=26 found=0 n=992174127325793689688235 elapsed=1673s
progress: nodes=3,850,000,000 tested=26 found=0 n=965060807189475608400195 elapsed=1673s
progress: nodes=3,860,000,000 tested=26 found=0 n=977913291863650393364355 elapsed=1674s
progress: nodes=3,870,000,000 tested=26 found=0 n=723600282790810840052385 elapsed=1674s
progress: nodes=3,880,000,000 tested=26 found=0 n=697867966851793985025405 elapsed=1674s
progress: nodes=3,890,000,000 tested=26 found=0 n=744817828213389427204455 elapsed=1675s
progress: nodes=3,900,000,000 tested=26 found=0 n=670162818512837949647535 elapsed=1675s
progress: nodes=3,910,000,000 tested=26 found=0 n=864466636982733083001285 elapsed=1676s
progress: nodes=3,920,000,000 tested=26 found=0 n=721242890136702676551105 elapsed=1676s
progress: nodes=3,930,000,000 tested=26 found=0 n=996658657893240450664545 elapsed=1677s
progress: nodes=3,940,000,000 tested=26 found=0 n=823410721271901216222945 elapsed=1677s
progress: nodes=3,950,000,000 tested=26 found=0 n=942303867275589845072805 elapsed=1678s
progress: nodes=3,960,000,000 tested=26 found=0 n=795975319483397639760735 elapsed=1678s
progress: nodes=3,970,000,000 tested=26 found=0 n=810805126361063858025705 elapsed=1678s
progress: nodes=3,980,000,000 tested=26 found=0 n=786059989652955138423885 elapsed=1679s
progress: nodes=3,990,000,000 tested=26 found=0 n=777495747608630325567765 elapsed=1679s
progress: nodes=4,000,000,000 tested=26 found=0 n=964381962486130718018445 elapsed=1680s
progress: nodes=4,010,000,000 tested=26 found=0 n=900068229923569126426215 elapsed=1680s
progress: nodes=4,020,000,000 tested=26 found=0 n=886400282036935688986755 elapsed=1681s
progress: nodes=4,030,000,000 tested=26 found=0 n=871331707119438928177155 elapsed=1681s
progress: nodes=4,040,000,000 tested=26 found=0 n=888680845191397725812565 elapsed=1682s
progress: nodes=4,050,000,000 tested=26 found=0 n=737850130798269703598505 elapsed=1682s
progress: nodes=4,060,000,000 tested=26 found=0 n=849630361868218684456065 elapsed=1682s
progress: nodes=4,070,000,000 tested=26 found=0 n=630219716763996583727415 elapsed=1683s
progress: nodes=4,080,000,000 tested=26 found=0 n=817492589286638499688905 elapsed=1683s
progress: nodes=4,090,000,000 tested=26 found=0 n=643512175957360401648165 elapsed=1684s
progress: nodes=4,100,000,000 tested=26 found=0 n=716169161268443848742865 elapsed=1684s
progress: nodes=4,110,000,000 tested=26 found=0 n=612588310791272511055965 elapsed=1685s
progress: nodes=4,120,000,000 tested=26 found=0 n=981303278724912741600915 elapsed=1685s
progress: nodes=4,130,000,000 tested=26 found=0 n=862877141441264377756845 elapsed=1686s
progress: nodes=4,140,000,000 tested=26 found=0 n=901433266851448464652035 elapsed=1686s
progress: nodes=4,150,000,000 tested=26 found=0 n=728862038644382098090965 elapsed=1687s
progress: nodes=4,160,000,000 tested=26 found=0 n=886011705711073579929885 elapsed=1687s
progress: nodes=4,170,000,000 tested=26 found=0 n=895767184774439638838595 elapsed=1687s
progress: nodes=4,180,000,000 tested=26 found=0 n=796168276492350069374715 elapsed=1688s
progress: nodes=4,190,000,000 tested=26 found=0 n=897271309742427402664365 elapsed=1688s
progress: nodes=4,200,000,000 tested=26 found=0 n=821379450503366496942255 elapsed=1689s
progress: nodes=4,210,000,000 tested=26 found=0 n=707503959293662945345635 elapsed=1689s
progress: nodes=4,220,000,000 tested=26 found=0 n=860529449595005452205955 elapsed=1690s
progress: nodes=4,230,000,000 tested=26 found=0 n=882010483804921767260085 elapsed=1690s
progress: nodes=4,240,000,000 tested=26 found=0 n=828952117254361262726685 elapsed=1690s
progress: nodes=4,250,000,000 tested=26 found=0 n=976637997531906113882115 elapsed=1691s
progress: nodes=4,260,000,000 tested=26 found=0 n=949278911688729475352235 elapsed=1691s
progress: nodes=4,270,000,000 tested=26 found=0 n=952415792321702752106415 elapsed=1692s
progress: nodes=4,280,000,000 tested=26 found=0 n=994299108486229920894795 elapsed=1692s
progress: nodes=4,290,000,000 tested=26 found=0 n=953096307548613505502445 elapsed=1693s
progress: nodes=4,300,000,000 tested=26 found=0 n=777250299153772716842295 elapsed=1693s
progress: nodes=4,310,000,000 tested=26 found=0 n=955657554571416700071585 elapsed=1694s
progress: nodes=4,320,000,000 tested=26 found=0 n=968645147416736639551515 elapsed=1694s
progress: nodes=4,330,000,000 tested=26 found=0 n=540489374032232922032835 elapsed=1694s
progress: nodes=4,340,000,000 tested=26 found=0 n=974253691365897539034405 elapsed=1695s
progress: nodes=4,350,000,000 tested=26 found=0 n=947792245724705685793995 elapsed=1695s
progress: nodes=4,360,000,000 tested=26 found=0 n=775724040944278534517805 elapsed=1696s
progress: nodes=4,370,000,000 tested=26 found=0 n=944250881721947613673695 elapsed=1696s
progress: nodes=4,380,000,000 tested=26 found=0 n=683639411795895461860305 elapsed=1697s
progress: nodes=4,390,000,000 tested=26 found=0 n=915312550747379416037505 elapsed=1697s
progress: nodes=4,400,000,000 tested=26 found=0 n=800209833215590708033365 elapsed=1698s
progress: nodes=4,410,000,000 tested=26 found=0 n=974879342259965233814745 elapsed=1698s
progress: nodes=4,420,000,000 tested=26 found=0 n=858871104809589360901665 elapsed=1698s
progress: nodes=4,430,000,000 tested=26 found=0 n=962326772141041748258235 elapsed=1699s
progress: nodes=4,440,000,000 tested=26 found=0 n=916892402355227899235745 elapsed=1699s
progress: nodes=4,450,000,000 tested=26 found=0 n=741524913538062626408535 elapsed=1700s
progress: nodes=4,460,000,000 tested=26 found=0 n=680633576634194152253955 elapsed=1700s
progress: nodes=4,470,000,000 tested=26 found=0 n=979424474909545805996295 elapsed=1701s
progress: nodes=4,480,000,000 tested=26 found=0 n=661551085537585993475055 elapsed=1701s
progress: nodes=4,490,000,000 tested=26 found=0 n=761821682739088141328895 elapsed=1701s
progress: nodes=4,500,000,000 tested=26 found=0 n=769774222876690703842335 elapsed=1702s
progress: nodes=4,510,000,000 tested=26 found=0 n=853017096410789999361255 elapsed=1702s
progress: nodes=4,520,000,000 tested=26 found=0 n=586223415988886738434185 elapsed=1703s
progress: nodes=4,530,000,000 tested=26 found=0 n=770924543766427568208735 elapsed=1703s
progress: nodes=4,540,000,000 tested=26 found=0 n=824724888789046896203355 elapsed=1704s
progress: nodes=4,550,000,000 tested=26 found=0 n=991444761834958194472665 elapsed=1704s
progress: nodes=4,560,000,000 tested=26 found=0 n=762930426140806317138855 elapsed=1705s
progress: nodes=4,570,000,000 tested=26 found=0 n=760682961218272700887785 elapsed=1705s
progress: nodes=4,580,000,000 tested=26 found=0 n=855672362591031550387845 elapsed=1705s
progress: nodes=4,590,000,000 tested=26 found=0 n=952941508680917610388215 elapsed=1706s
progress: nodes=4,600,000,000 tested=26 found=0 n=976967872271212622989815 elapsed=1706s
progress: nodes=4,610,000,000 tested=26 found=0 n=803109946686949927769535 elapsed=1707s
progress: nodes=4,620,000,000 tested=26 found=0 n=720019374610331914104195 elapsed=1707s
progress: nodes=4,630,000,000 tested=26 found=0 n=987397901321675344878465 elapsed=1708s
progress: nodes=4,640,000,000 tested=26 found=0 n=722228938231885987988745 elapsed=1708s
progress: nodes=4,650,000,000 tested=26 found=0 n=851100854741802568381995 elapsed=1708s
progress: nodes=4,660,000,000 tested=26 found=0 n=697133555902748877080355 elapsed=1709s
progress: nodes=4,670,000,000 tested=26 found=0 n=954142602015997799405055 elapsed=1709s
progress: nodes=4,680,000,000 tested=26 found=0 n=853083499162876619398695 elapsed=1710s
progress: nodes=4,690,000,000 tested=26 found=0 n=996211133649437397240285 elapsed=1710s
progress: nodes=4,700,000,000 tested=26 found=0 n=914028192151971953725845 elapsed=1711s
progress: nodes=4,710,000,000 tested=26 found=0 n=936802644884804026335105 elapsed=1711s
progress: nodes=4,720,000,000 tested=26 found=0 n=953651762259215488138395 elapsed=1712s
progress: nodes=4,730,000,000 tested=26 found=0 n=828921615808732961392845 elapsed=1712s
progress: nodes=4,740,000,000 tested=26 found=0 n=785122393109396452068915 elapsed=1712s
progress: nodes=4,750,000,000 tested=26 found=0 n=518786322114095216736885 elapsed=1713s
progress: nodes=4,760,000,000 tested=26 found=0 n=861257312303626216146465 elapsed=1713s
progress: nodes=4,770,000,000 tested=26 found=0 n=768873883400682553775655 elapsed=1714s
progress: nodes=4,780,000,000 tested=26 found=0 n=905847885467209724564745 elapsed=1714s
progress: nodes=4,790,000,000 tested=26 found=0 n=641520881760438812586465 elapsed=1715s
progress: nodes=4,800,000,000 tested=26 found=0 n=977046333697817106688305 elapsed=1715s
progress: nodes=4,810,000,000 tested=26 found=0 n=897380895811773885979995 elapsed=1716s
progress: nodes=4,820,000,000 tested=26 found=0 n=819489008831784519327165 elapsed=1716s
progress: nodes=4,830,000,000 tested=26 found=0 n=964208178023884319365785 elapsed=1716s
progress: nodes=4,840,000,000 tested=26 found=0 n=737759665390535015603265 elapsed=1717s
progress: nodes=4,850,000,000 tested=26 found=0 n=509436993373173837165645 elapsed=1717s
progress: nodes=4,860,000,000 tested=26 found=0 n=866859349855811582975265 elapsed=1718s
progress: nodes=4,870,000,000 tested=26 found=0 n=900789675812267860228005 elapsed=1718s
progress: nodes=4,880,000,000 tested=26 found=0 n=744159586826994231316005 elapsed=1719s
progress: nodes=4,890,000,000 tested=26 found=0 n=809439309373769114919615 elapsed=1719s
progress: nodes=4,900,000,000 tested=26 found=0 n=692009070716038167262665 elapsed=1719s
progress: nodes=4,910,000,000 tested=26 found=0 n=903840768257212396688715 elapsed=1720s
progress: nodes=4,920,000,000 tested=26 found=0 n=882665549903489830221645 elapsed=1720s
progress: nodes=4,930,000,000 tested=26 found=0 n=920811638218359937125285 elapsed=1721s
progress: nodes=4,940,000,000 tested=26 found=0 n=650282117256467460971415 elapsed=1721s
progress: nodes=4,950,000,000 tested=26 found=0 n=863685257982774618402495 elapsed=1722s
progress: nodes=4,960,000,000 tested=26 found=0 n=764657902153166552572635 elapsed=1722s
progress: nodes=4,970,000,000 tested=26 found=0 n=841546435258272124743615 elapsed=1723s
progress: nodes=4,980,000,000 tested=26 found=0 n=994190242613935758431535 elapsed=1723s
progress: nodes=4,990,000,000 tested=26 found=0 n=810177568983630847572705 elapsed=1723s
progress: nodes=5,000,000,000 tested=26 found=0 n=921708928593839041895745 elapsed=1724s
progress: nodes=5,010,000,000 tested=26 found=0 n=785499025017110270392845 elapsed=1724s
progress: nodes=5,020,000,000 tested=26 found=0 n=962280491046497090592795 elapsed=1725s
progress: nodes=5,030,000,000 tested=26 found=0 n=891555751524225541431645 elapsed=1725s
progress: nodes=5,040,000,000 tested=26 found=0 n=925014611791283440775535 elapsed=1726s
progress: nodes=5,050,000,000 tested=26 found=0 n=691048918794984714432765 elapsed=1726s
progress: nodes=5,060,000,000 tested=26 found=0 n=992145211285388599196505 elapsed=1726s
progress: nodes=5,070,000,000 tested=26 found=0 n=888530224294751040291465 elapsed=1727s
progress: nodes=5,080,000,000 tested=26 found=0 n=840605425802410718389995 elapsed=1727s
progress: nodes=5,090,000,000 tested=26 found=0 n=952888892608599147069165 elapsed=1728s
progress: nodes=5,100,000,000 tested=26 found=0 n=733529585643240337769565 elapsed=1728s
progress: nodes=5,110,000,000 tested=26 found=0 n=716664640678914708224235 elapsed=1729s
progress: nodes=5,120,000,000 tested=26 found=0 n=937125362531237463536535 elapsed=1729s
progress: nodes=5,130,000,000 tested=26 found=0 n=804098681721710966491065 elapsed=1730s
progress: nodes=5,140,000,000 tested=26 found=0 n=974749097191106159239185 elapsed=1730s
progress: nodes=5,150,000,000 tested=26 found=0 n=842902783936347152557935 elapsed=1730s
progress: nodes=5,160,000,000 tested=26 found=0 n=799389325774367675968995 elapsed=1731s
progress: nodes=5,170,000,000 tested=26 found=0 n=523848664529256246017805 elapsed=1731s
progress: nodes=5,180,000,000 tested=26 found=0 n=901220437343104544438685 elapsed=1732s
progress: nodes=5,190,000,000 tested=26 found=0 n=911444653249725044860245 elapsed=1732s
progress: nodes=5,200,000,000 tested=26 found=0 n=947181101300744982898545 elapsed=1733s
progress: nodes=5,210,000,000 tested=26 found=0 n=659187629756307944691795 elapsed=1733s
progress: nodes=5,220,000,000 tested=26 found=0 n=793498084505225829996255 elapsed=1734s
progress: nodes=5,230,000,000 tested=26 found=0 n=964847965028583326129505 elapsed=1734s
progress: nodes=5,240,000,000 tested=26 found=0 n=999187737000707800759455 elapsed=1734s
progress: nodes=5,250,000,000 tested=26 found=0 n=661738717029120354009045 elapsed=1735s
progress: nodes=5,260,000,000 tested=26 found=0 n=901092178809201316954005 elapsed=1735s
progress: nodes=5,270,000,000 tested=26 found=0 n=989889263227577719444185 elapsed=1736s
progress: nodes=5,280,000,000 tested=26 found=0 n=521506728069999454475055 elapsed=1736s
progress: nodes=5,290,000,000 tested=26 found=0 n=611144276939472687592005 elapsed=1737s
progress: nodes=5,300,000,000 tested=26 found=0 n=908598485688842650015215 elapsed=1737s
progress: nodes=5,310,000,000 tested=26 found=0 n=698342757689925207888435 elapsed=1737s
progress: nodes=5,320,000,000 tested=26 found=0 n=879280893276762094974405 elapsed=1738s
progress: nodes=5,330,000,000 tested=26 found=0 n=862904686933452946478355 elapsed=1738s
progress: nodes=5,340,000,000 tested=26 found=0 n=896797900379714342942295 elapsed=1739s
progress: nodes=5,350,000,000 tested=26 found=0 n=891046439302474733790105 elapsed=1739s
progress: nodes=5,360,000,000 tested=26 found=0 n=986523890792204174645565 elapsed=1740s
progress: nodes=5,370,000,000 tested=26 found=0 n=622963168394108762220165 elapsed=1740s
progress: nodes=5,380,000,000 tested=26 found=0 n=908358671599002910631565 elapsed=1741s
progress: nodes=5,390,000,000 tested=26 found=0 n=985396477003814986956945 elapsed=1741s
progress: nodes=5,400,000,000 tested=26 found=0 n=911797364812206721864455 elapsed=1741s
progress: nodes=5,410,000,000 tested=26 found=0 n=888280673279910301496655 elapsed=1742s
progress: nodes=5,420,000,000 tested=26 found=0 n=950757686957540356062795 elapsed=1742s
progress: nodes=5,430,000,000 tested=26 found=0 n=601950162512954485385595 elapsed=1743s
progress: nodes=5,440,000,000 tested=26 found=0 n=800031481495871003461665 elapsed=1743s
progress: nodes=5,450,000,000 tested=26 found=0 n=908352123853635731899035 elapsed=1744s
progress: nodes=5,460,000,000 tested=26 found=0 n=873382460253956567727615 elapsed=1744s
progress: nodes=5,470,000,000 tested=26 found=0 n=713073908084631499332135 elapsed=1745s
progress: nodes=5,480,000,000 tested=26 found=0 n=907853432772103844195565 elapsed=1745s
progress: nodes=5,490,000,000 tested=26 found=0 n=905767009354743626674485 elapsed=1745s
progress: nodes=5,500,000,000 tested=26 found=0 n=645881868849914667604755 elapsed=1746s
progress: nodes=5,510,000,000 tested=26 found=0 n=874980197703693347210505 elapsed=1746s
progress: nodes=5,520,000,000 tested=26 found=0 n=487354841491556820300255 elapsed=1747s
progress: nodes=5,530,000,000 tested=26 found=0 n=785211878425715850701295 elapsed=1747s
progress: nodes=5,540,000,000 tested=26 found=0 n=724284847074983781415455 elapsed=1748s
progress: nodes=5,550,000,000 tested=26 found=0 n=549473246354477595110895 elapsed=1748s
progress: nodes=5,560,000,000 tested=26 found=0 n=674616559590502664284215 elapsed=1749s
progress: nodes=5,570,000,000 tested=26 found=0 n=808531279382493880204365 elapsed=1749s
progress: nodes=5,580,000,000 tested=26 found=0 n=899921643856871839068195 elapsed=1749s
progress: nodes=5,590,000,000 tested=26 found=0 n=922634510971440549922695 elapsed=1750s
progress: nodes=5,600,000,000 tested=26 found=0 n=672407476024548931649235 elapsed=1750s
progress: nodes=5,610,000,000 tested=26 found=0 n=907193375822231103499245 elapsed=1751s
progress: nodes=5,620,000,000 tested=26 found=0 n=451729501696355679724455 elapsed=1751s
progress: nodes=5,630,000,000 tested=26 found=0 n=889019592042858094859535 elapsed=1752s
progress: nodes=5,640,000,000 tested=26 found=0 n=994221328169501779692015 elapsed=1752s
progress: nodes=5,650,000,000 tested=26 found=0 n=938930262939364136088285 elapsed=1752s
progress: nodes=5,660,000,000 tested=26 found=0 n=485600584433913785094885 elapsed=1753s
progress: nodes=5,670,000,000 tested=26 found=0 n=945255082067466383739735 elapsed=1753s
progress: nodes=5,680,000,000 tested=26 found=0 n=831591608221626452962245 elapsed=1754s
progress: nodes=5,690,000,000 tested=26 found=0 n=567281174799616116311835 elapsed=1754s
progress: nodes=5,700,000,000 tested=26 found=0 n=820437488228784814449435 elapsed=1755s
progress: nodes=5,710,000,000 tested=26 found=0 n=865637077625272552390065 elapsed=1755s
progress: nodes=5,720,000,000 tested=26 found=0 n=795626003009075773877595 elapsed=1756s
progress: nodes=5,730,000,000 tested=26 found=0 n=473999261336684871600285 elapsed=1756s
progress: nodes=5,740,000,000 tested=26 found=0 n=744318832832983682650035 elapsed=1756s
progress: nodes=5,750,000,000 tested=26 found=0 n=780384102171722027026245 elapsed=1757s
progress: nodes=5,760,000,000 tested=26 found=0 n=937292784650113746551895 elapsed=1757s
progress: nodes=5,770,000,000 tested=26 found=0 n=575519076123629329212345 elapsed=1758s
progress: nodes=5,780,000,000 tested=26 found=0 n=865830168466344330330015 elapsed=1758s
progress: nodes=5,790,000,000 tested=26 found=0 n=824519691108050644461645 elapsed=1759s
progress: nodes=5,800,000,000 tested=26 found=0 n=899267511436289789785695 elapsed=1759s
progress: nodes=5,810,000,000 tested=26 found=0 n=647764525984982381508555 elapsed=1760s
progress: nodes=5,820,000,000 tested=26 found=0 n=771907467193721363235555 elapsed=1760s
progress: nodes=5,830,000,000 tested=26 found=0 n=737465452914448273835655 elapsed=1760s
progress: nodes=5,840,000,000 tested=26 found=0 n=955324077526104546015855 elapsed=1761s
progress: nodes=5,850,000,000 tested=26 found=0 n=619104282141400067677005 elapsed=1761s
progress: nodes=5,860,000,000 tested=26 found=0 n=656454844986087328745355 elapsed=1762s
progress: nodes=5,870,000,000 tested=26 found=0 n=655164840318168725844255 elapsed=1762s
progress: nodes=5,880,000,000 tested=26 found=0 n=929633422196713008615885 elapsed=1763s
progress: nodes=5,890,000,000 tested=26 found=0 n=723665489956141995774765 elapsed=1763s
progress: nodes=5,900,000,000 tested=26 found=0 n=732022645595037177713805 elapsed=1763s
progress: nodes=5,910,000,000 tested=26 found=0 n=835560532633906688216355 elapsed=1764s
progress: nodes=5,920,000,000 tested=26 found=0 n=947548981702684489784535 elapsed=1764s
progress: nodes=5,930,000,000 tested=26 found=0 n=801027781576249125653865 elapsed=1765s
progress: nodes=5,940,000,000 tested=26 found=0 n=690171227477710632802665 elapsed=1765s
progress: nodes=5,950,000,000 tested=26 found=0 n=780757639852732986691665 elapsed=1766s
progress: nodes=5,960,000,000 tested=26 found=0 n=887322141702342537879105 elapsed=1766s
progress: nodes=5,970,000,000 tested=26 found=0 n=595840091192024609561895 elapsed=1767s
progress: nodes=5,980,000,000 tested=26 found=0 n=507624106518639661175955 elapsed=1767s
progress: nodes=5,990,000,000 tested=26 found=0 n=859616335455451792338285 elapsed=1767s
progress: nodes=6,000,000,000 tested=26 found=0 n=979133151906289720052955 elapsed=1768s
progress: nodes=6,010,000,000 tested=26 found=0 n=872419673900185438387635 elapsed=1768s
progress: nodes=6,020,000,000 tested=26 found=0 n=652583868733944388791495 elapsed=1769s
progress: nodes=6,030,000,000 tested=26 found=0 n=550240945176058005043845 elapsed=1769s
progress: nodes=6,040,000,000 tested=26 found=0 n=731795477092716816861345 elapsed=1770s
progress: nodes=6,050,000,000 tested=26 found=0 n=852562007680931526379005 elapsed=1770s
progress: nodes=6,060,000,000 tested=26 found=0 n=819365838200249167401255 elapsed=1770s
progress: nodes=6,070,000,000 tested=26 found=0 n=603753995860732486534545 elapsed=1771s
progress: nodes=6,080,000,000 tested=26 found=0 n=846164030337217005478515 elapsed=1771s
progress: nodes=6,090,000,000 tested=26 found=0 n=858765214888947387207945 elapsed=1772s
progress: nodes=6,100,000,000 tested=26 found=0 n=876884543811447655684365 elapsed=1772s
progress: nodes=6,110,000,000 tested=26 found=0 n=807543755541475384812435 elapsed=1773s
progress: nodes=6,120,000,000 tested=26 found=0 n=620421574807569727349685 elapsed=1773s
progress: nodes=6,130,000,000 tested=26 found=0 n=984377756700433823116455 elapsed=1774s
progress: nodes=6,140,000,000 tested=26 found=0 n=989161180851105334555065 elapsed=1774s
progress: nodes=6,150,000,000 tested=26 found=0 n=493709874092073926377695 elapsed=1774s
progress: nodes=6,160,000,000 tested=26 found=0 n=728542975729518183354615 elapsed=1775s
progress: nodes=6,170,000,000 tested=26 found=0 n=936261116534287780851285 elapsed=1775s
progress: nodes=6,180,000,000 tested=26 found=0 n=880651231489277912974365 elapsed=1776s
progress: nodes=6,190,000,000 tested=26 found=0 n=907090790243214317804415 elapsed=1776s
progress: nodes=6,200,000,000 tested=26 found=0 n=907436379127062812676165 elapsed=1777s
progress: nodes=6,210,000,000 tested=26 found=0 n=478494509775406992891045 elapsed=1777s
progress: nodes=6,220,000,000 tested=26 found=0 n=521941301579089390834935 elapsed=1778s
progress: nodes=6,230,000,000 tested=26 found=0 n=728084588366824808374035 elapsed=1778s
progress: nodes=6,240,000,000 tested=26 found=0 n=789212196955970520539895 elapsed=1778s
progress: nodes=6,250,000,000 tested=26 found=0 n=483711593597368769361465 elapsed=1779s
progress: nodes=6,260,000,000 tested=26 found=0 n=555396778573554001400415 elapsed=1779s
progress: nodes=6,270,000,000 tested=26 found=0 n=706771128114937576766295 elapsed=1780s
progress: nodes=6,280,000,000 tested=26 found=0 n=989208163667001074530635 elapsed=1780s
progress: nodes=6,290,000,000 tested=26 found=0 n=762584328021209217420105 elapsed=1781s
progress: nodes=6,300,000,000 tested=26 found=0 n=944778914653665618870255 elapsed=1781s
progress: nodes=6,310,000,000 tested=26 found=0 n=827116589791014178484565 elapsed=1781s
progress: nodes=6,320,000,000 tested=26 found=0 n=662636995600087017257715 elapsed=1782s
progress: nodes=6,330,000,000 tested=26 found=0 n=578353920198238009783485 elapsed=1782s
progress: nodes=6,340,000,000 tested=26 found=0 n=760846709904039245619495 elapsed=1783s
progress: nodes=6,350,000,000 tested=26 found=0 n=988624577710385950951485 elapsed=1783s
progress: nodes=6,360,000,000 tested=26 found=0 n=992683873762166064789585 elapsed=1784s
progress: nodes=6,370,000,000 tested=26 found=0 n=569330887879097018303805 elapsed=1784s
progress: nodes=6,380,000,000 tested=26 found=0 n=927292493504385784244205 elapsed=1785s
progress: nodes=6,390,000,000 tested=26 found=0 n=550298318999403078818505 elapsed=1785s
progress: nodes=6,400,000,000 tested=26 found=0 n=632706326006870373980535 elapsed=1785s
progress: nodes=6,410,000,000 tested=26 found=0 n=940238768821416055659855 elapsed=1786s
progress: nodes=6,420,000,000 tested=26 found=0 n=850762840565822952028635 elapsed=1786s
progress: nodes=6,430,000,000 tested=26 found=0 n=758273363128190894312295 elapsed=1787s
progress: nodes=6,440,000,000 tested=26 found=0 n=889748477287543496396565 elapsed=1787s
progress: nodes=6,450,000,000 tested=26 found=0 n=920928291325906664181645 elapsed=1788s
progress: nodes=6,460,000,000 tested=26 found=0 n=810279547016822086792995 elapsed=1788s
progress: nodes=6,470,000,000 tested=26 found=0 n=885828402289730870869635 elapsed=1788s
progress: nodes=6,480,000,000 tested=26 found=0 n=907460932529455863353685 elapsed=1789s
progress: nodes=6,490,000,000 tested=26 found=0 n=739616147812811290546305 elapsed=1789s
progress: nodes=6,500,000,000 tested=26 found=0 n=805810099757031055180395 elapsed=1790s
progress: nodes=6,510,000,000 tested=26 found=0 n=936876129765705974199465 elapsed=1790s
progress: nodes=6,520,000,000 tested=26 found=0 n=851069539965998413169505 elapsed=1791s
progress: nodes=6,530,000,000 tested=26 found=0 n=815733792852120593664345 elapsed=1791s
progress: nodes=6,540,000,000 tested=26 found=0 n=928090698698344198352445 elapsed=1792s
progress: nodes=6,550,000,000 tested=26 found=0 n=634458262761113827804515 elapsed=1792s
progress: nodes=6,560,000,000 tested=26 found=0 n=542155650721096070749365 elapsed=1792s
progress: nodes=6,570,000,000 tested=26 found=0 n=598491992536130355669765 elapsed=1793s
progress: nodes=6,580,000,000 tested=26 found=0 n=603940891996786578659865 elapsed=1793s
progress: nodes=6,590,000,000 tested=26 found=0 n=833539280766511761822105 elapsed=1794s
progress: nodes=6,600,000,000 tested=26 found=0 n=955926341891468919126045 elapsed=1794s
progress: nodes=6,610,000,000 tested=26 found=0 n=740035416953942751336255 elapsed=1795s
progress: nodes=6,620,000,000 tested=26 found=0 n=565316717367914407720935 elapsed=1795s
progress: nodes=6,630,000,000 tested=26 found=0 n=701599360560883260567795 elapsed=1796s
progress: nodes=6,640,000,000 tested=26 found=0 n=625182069533684644397295 elapsed=1796s
progress: nodes=6,650,000,000 tested=26 found=0 n=802325004370142872973805 elapsed=1796s
progress: nodes=6,660,000,000 tested=26 found=0 n=814730106450532664208465 elapsed=1797s
progress: nodes=6,670,000,000 tested=26 found=0 n=878128017929262915834195 elapsed=1797s
progress: nodes=6,680,000,000 tested=26 found=0 n=732587264092480851068355 elapsed=1798s
progress: nodes=6,690,000,000 tested=26 found=0 n=625296070551615520620915 elapsed=1798s
progress: nodes=6,700,000,000 tested=26 found=0 n=513695197668266282070765 elapsed=1799s
progress: nodes=6,710,000,000 tested=26 found=0 n=865126275714307290050235 elapsed=1799s
progress: nodes=6,720,000,000 tested=26 found=0 n=625331570929694834400855 elapsed=1800s
progress: nodes=6,730,000,000 tested=26 found=0 n=887265862916964092337105 elapsed=1800s
progress: nodes=6,740,000,000 tested=26 found=0 n=923128198814882756932335 elapsed=1801s
progress: nodes=6,750,000,000 tested=26 found=0 n=936195170959424842476615 elapsed=1801s
progress: nodes=6,760,000,000 tested=26 found=0 n=868550120488299360932865 elapsed=1802s
progress: nodes=6,770,000,000 tested=26 found=0 n=544014082963284259268745 elapsed=1802s
progress: nodes=6,780,000,000 tested=26 found=0 n=940640536074326601703365 elapsed=1802s
progress: nodes=6,790,000,000 tested=26 found=0 n=657684219456965638723005 elapsed=1803s
progress: nodes=6,800,000,000 tested=26 found=0 n=586307231063961282541215 elapsed=1803s
progress: nodes=6,810,000,000 tested=26 found=0 n=966317711368273577107245 elapsed=1804s
progress: nodes=6,820,000,000 tested=26 found=0 n=768224625222727906834095 elapsed=1804s
progress: nodes=6,830,000,000 tested=26 found=0 n=952416006552618628273605 elapsed=1805s
progress: nodes=6,840,000,000 tested=26 found=0 n=826486998184548697060845 elapsed=1805s
progress: nodes=6,850,000,000 tested=26 found=0 n=438909612772258276788645 elapsed=1806s
progress: nodes=6,860,000,000 tested=26 found=0 n=973009987868370621513465 elapsed=1806s
progress: nodes=6,870,000,000 tested=26 found=0 n=789347615519299689528885 elapsed=1807s
progress: nodes=6,880,000,000 tested=26 found=0 n=566302149930379773478095 elapsed=1807s
progress: nodes=6,890,000,000 tested=26 found=0 n=812946283726567324513905 elapsed=1807s
progress: nodes=6,900,000,000 tested=26 found=0 n=700190446812147209213955 elapsed=1808s
progress: nodes=6,910,000,000 tested=26 found=0 n=976662694600438197528495 elapsed=1808s
progress: nodes=6,920,000,000 tested=26 found=0 n=992010022724019372582465 elapsed=1809s
progress: nodes=6,930,000,000 tested=26 found=0 n=691415146274307258662595 elapsed=1809s
progress: nodes=6,940,000,000 tested=26 found=0 n=984473025177469483372365 elapsed=1810s
progress: nodes=6,950,000,000 tested=26 found=0 n=937703347139816014647285 elapsed=1810s
progress: nodes=6,960,000,000 tested=26 found=0 n=844837457961169759528035 elapsed=1811s
progress: nodes=6,970,000,000 tested=26 found=0 n=861243110149425990664095 elapsed=1811s
progress: nodes=6,980,000,000 tested=26 found=0 n=608209806667571392912155 elapsed=1812s
progress: nodes=6,990,000,000 tested=26 found=0 n=844016334183769982566815 elapsed=1812s
progress: nodes=7,000,000,000 tested=26 found=0 n=957450245521714943460165 elapsed=1813s
progress: nodes=7,010,000,000 tested=26 found=0 n=967184021162439003613635 elapsed=1813s
progress: nodes=7,020,000,000 tested=26 found=0 n=412573333295991183905655 elapsed=1813s
progress: nodes=7,030,000,000 tested=26 found=0 n=593893053433394687779785 elapsed=1814s
progress: nodes=7,040,000,000 tested=26 found=0 n=544296536376799279385565 elapsed=1814s
progress: nodes=7,050,000,000 tested=26 found=0 n=505107736956241807281795 elapsed=1815s
progress: nodes=7,060,000,000 tested=26 found=0 n=650070967456020329500545 elapsed=1815s
progress: nodes=7,070,000,000 tested=26 found=0 n=751988937325307937626745 elapsed=1816s
progress: nodes=7,080,000,000 tested=26 found=0 n=704357807193577208263185 elapsed=1816s
progress: nodes=7,090,000,000 tested=26 found=0 n=898905566127344645582955 elapsed=1817s
progress: nodes=7,100,000,000 tested=26 found=0 n=813475679830209536108265 elapsed=1817s
progress: nodes=7,110,000,000 tested=26 found=0 n=568660108231923415547895 elapsed=1817s
progress: nodes=7,120,000,000 tested=26 found=0 n=792973848630277529234415 elapsed=1818s
progress: nodes=7,130,000,000 tested=26 found=0 n=947363054089443429877065 elapsed=1818s
progress: nodes=7,140,000,000 tested=26 found=0 n=857699145403606540959705 elapsed=1819s
progress: nodes=7,150,000,000 tested=26 found=0 n=737686123273319029212645 elapsed=1819s
progress: nodes=7,160,000,000 tested=26 found=0 n=837648207999351450992565 elapsed=1820s
progress: nodes=7,170,000,000 tested=26 found=0 n=949632883256490849443115 elapsed=1820s
progress: nodes=7,180,000,000 tested=26 found=0 n=827218427726241239687955 elapsed=1821s
progress: nodes=7,190,000,000 tested=26 found=0 n=947002379921535841387605 elapsed=1821s
progress: nodes=7,200,000,000 tested=26 found=0 n=985993923568798128452985 elapsed=1822s
progress: nodes=7,210,000,000 tested=26 found=0 n=943674915051323870698305 elapsed=1822s
progress: nodes=7,220,000,000 tested=26 found=0 n=449844081152148339793785 elapsed=1822s
progress: nodes=7,230,000,000 tested=26 found=0 n=815740079003211137826105 elapsed=1823s
progress: nodes=7,240,000,000 tested=26 found=0 n=782983509043147858555065 elapsed=1823s
progress: nodes=7,250,000,000 tested=26 found=0 n=879178886603202991360005 elapsed=1824s
progress: nodes=7,260,000,000 tested=26 found=0 n=517110045584443610878755 elapsed=1824s
progress: nodes=7,270,000,000 tested=26 found=0 n=989364692192501341607715 elapsed=1825s
progress: nodes=7,280,000,000 tested=26 found=0 n=614640856175393053018815 elapsed=1825s
progress: nodes=7,290,000,000 tested=26 found=0 n=640355808270554627708655 elapsed=1826s
progress: nodes=7,300,000,000 tested=26 found=0 n=683287157950986490927245 elapsed=1826s
progress: nodes=7,310,000,000 tested=26 found=0 n=810657994334450182424955 elapsed=1827s
progress: nodes=7,320,000,000 tested=26 found=0 n=995742212557702429830285 elapsed=1827s
progress: nodes=7,330,000,000 tested=26 found=0 n=893794240219554255126105 elapsed=1827s
progress: nodes=7,340,000,000 tested=26 found=0 n=422616889977626043993645 elapsed=1828s
progress: nodes=7,350,000,000 tested=26 found=0 n=973750082028286422129435 elapsed=1828s
progress: nodes=7,360,000,000 tested=26 found=0 n=480017236572983906996265 elapsed=1829s
progress: nodes=7,370,000,000 tested=26 found=0 n=946888942549789881124065 elapsed=1829s
progress: nodes=7,380,000,000 tested=26 found=0 n=465924909209104921844565 elapsed=1830s
progress: nodes=7,390,000,000 tested=26 found=0 n=808430111577679694460885 elapsed=1830s
progress: nodes=7,400,000,000 tested=26 found=0 n=718104431704592011438755 elapsed=1831s
progress: nodes=7,410,000,000 tested=26 found=0 n=649405753342722616715145 elapsed=1831s
progress: nodes=7,420,000,000 tested=26 found=0 n=776201912031417675723315 elapsed=1832s
progress: nodes=7,430,000,000 tested=26 found=0 n=868669776671135946456015 elapsed=1832s
progress: nodes=7,440,000,000 tested=26 found=0 n=910746200069441388124065 elapsed=1832s
progress: nodes=7,450,000,000 tested=26 found=0 n=922158785080611571414185 elapsed=1833s
progress: nodes=7,460,000,000 tested=26 found=0 n=809915559937805926381095 elapsed=1833s
progress: nodes=7,470,000,000 tested=26 found=0 n=875705415844954942722915 elapsed=1834s
progress: nodes=7,480,000,000 tested=26 found=0 n=979125005534370683759595 elapsed=1834s
progress: nodes=7,490,000,000 tested=26 found=0 n=619208521310703193169355 elapsed=1835s
progress: nodes=7,500,000,000 tested=26 found=0 n=727425982395997670507535 elapsed=1835s
progress: nodes=7,510,000,000 tested=26 found=0 n=533117558267852799652785 elapsed=1836s
progress: nodes=7,520,000,000 tested=26 found=0 n=875930922977877383820885 elapsed=1836s
progress: nodes=7,530,000,000 tested=26 found=0 n=725443147857972511372185 elapsed=1837s
progress: nodes=7,540,000,000 tested=26 found=0 n=478650738794690943965385 elapsed=1837s
progress: nodes=7,550,000,000 tested=26 found=0 n=695267002589956157215305 elapsed=1838s
progress: nodes=7,560,000,000 tested=26 found=0 n=513415934212402211689215 elapsed=1838s
progress: nodes=7,570,000,000 tested=26 found=0 n=864782820727626123661635 elapsed=1838s
progress: nodes=7,580,000,000 tested=26 found=0 n=852201717171867766137555 elapsed=1839s
progress: nodes=7,590,000,000 tested=26 found=0 n=656596669221398305004715 elapsed=1839s
progress: nodes=7,600,000,000 tested=26 found=0 n=602004413668936900551435 elapsed=1840s
progress: nodes=7,610,000,000 tested=26 found=0 n=918943750618597253233035 elapsed=1840s
progress: nodes=7,620,000,000 tested=26 found=0 n=784525020688883976892335 elapsed=1841s
progress: nodes=7,630,000,000 tested=26 found=0 n=840413213502237324149805 elapsed=1841s
progress: nodes=7,640,000,000 tested=26 found=0 n=756634469323437836790615 elapsed=1842s
progress: nodes=7,650,000,000 tested=26 found=0 n=823725510769114894953045 elapsed=1842s
progress: nodes=7,660,000,000 tested=26 found=0 n=981093646917309805892595 elapsed=1843s
progress: nodes=7,670,000,000 tested=26 found=0 n=657197962787966953910535 elapsed=1843s
progress: nodes=7,680,000,000 tested=26 found=0 n=896385744858068839003905 elapsed=1843s
progress: nodes=7,690,000,000 tested=26 found=0 n=723673504307469585128985 elapsed=1844s
progress: nodes=7,700,000,000 tested=26 found=0 n=444813374305337253547815 elapsed=1844s
progress: nodes=7,710,000,000 tested=26 found=0 n=488632271541594033871215 elapsed=1845s
progress: nodes=7,720,000,000 tested=26 found=0 n=466499179019347336310085 elapsed=1845s
progress: nodes=7,730,000,000 tested=26 found=0 n=507447215585535556508265 elapsed=1846s
progress: nodes=7,740,000,000 tested=26 found=0 n=774407096411024690826795 elapsed=1846s
progress: nodes=7,750,000,000 tested=26 found=0 n=467533429409434483313955 elapsed=1847s
progress: nodes=7,760,000,000 tested=26 found=0 n=963360677295108648592245 elapsed=1847s
progress: nodes=7,770,000,000 tested=26 found=0 n=834489093533263718609565 elapsed=1847s
progress: nodes=7,780,000,000 tested=26 found=0 n=914520988015351983578565 elapsed=1848s
progress: nodes=7,790,000,000 tested=26 found=0 n=880466353440304896778095 elapsed=1848s
progress: nodes=7,800,000,000 tested=26 found=0 n=652550343801276784687065 elapsed=1849s
progress: nodes=7,810,000,000 tested=26 found=0 n=627207766371567072520785 elapsed=1849s
progress: nodes=7,820,000,000 tested=26 found=0 n=729213255388331196019515 elapsed=1850s
progress: nodes=7,830,000,000 tested=26 found=0 n=682943676722760427490835 elapsed=1850s
progress: nodes=7,840,000,000 tested=26 found=0 n=640402132772439721307745 elapsed=1851s
progress: nodes=7,850,000,000 tested=26 found=0 n=975326667043994900781795 elapsed=1851s
progress: nodes=7,860,000,000 tested=26 found=0 n=756185621840268540114645 elapsed=1852s
progress: nodes=7,870,000,000 tested=26 found=0 n=849804973307809553562165 elapsed=1852s
progress: nodes=7,880,000,000 tested=26 found=0 n=808540243649865153467865 elapsed=1852s
progress: nodes=7,890,000,000 tested=26 found=0 n=894914841007447481668095 elapsed=1853s
progress: nodes=7,900,000,000 tested=26 found=0 n=967206234537030284055765 elapsed=1853s
progress: nodes=7,910,000,000 tested=26 found=0 n=922909810964419152012105 elapsed=1854s
progress: nodes=7,920,000,000 tested=26 found=0 n=965992914496823180931315 elapsed=1854s
progress: nodes=7,930,000,000 tested=26 found=0 n=698123075776202938144635 elapsed=1855s
progress: nodes=7,940,000,000 tested=26 found=0 n=867710901351386658595095 elapsed=1855s
progress: nodes=7,950,000,000 tested=26 found=0 n=546856682895088512610455 elapsed=1856s
progress: nodes=7,960,000,000 tested=26 found=0 n=829049324739434725414455 elapsed=1856s
progress: nodes=7,970,000,000 tested=26 found=0 n=829689322094561667280905 elapsed=1857s
progress: nodes=7,980,000,000 tested=26 found=0 n=952171715754734032739115 elapsed=1857s
progress: nodes=7,990,000,000 tested=26 found=0 n=453549477337530936786765 elapsed=1858s
progress: nodes=8,000,000,000 tested=26 found=0 n=910939948351201652802435 elapsed=1858s
progress: nodes=8,010,000,000 tested=26 found=0 n=867818749560673882092165 elapsed=1858s
progress: nodes=8,020,000,000 tested=26 found=0 n=655977337668660828134655 elapsed=1859s
progress: nodes=8,030,000,000 tested=26 found=0 n=954300638576706904235115 elapsed=1859s
progress: nodes=8,040,000,000 tested=26 found=0 n=985566384008280961247295 elapsed=1860s
progress: nodes=8,050,000,000 tested=26 found=0 n=902230334140974386540355 elapsed=1860s
progress: nodes=8,060,000,000 tested=26 found=0 n=994113526848893885841165 elapsed=1861s
progress: nodes=8,070,000,000 tested=26 found=0 n=556798011889626638227305 elapsed=1861s
progress: nodes=8,080,000,000 tested=26 found=0 n=961368040163332357548795 elapsed=1862s
progress: nodes=8,090,000,000 tested=26 found=0 n=988279260248423818436355 elapsed=1862s
progress: nodes=8,100,000,000 tested=26 found=0 n=983267512015879426440555 elapsed=1863s
progress: nodes=8,110,000,000 tested=26 found=0 n=936747732512513456032905 elapsed=1863s
progress: nodes=8,120,000,000 tested=26 found=0 n=857105544717019047278565 elapsed=1863s
progress: nodes=8,130,000,000 tested=26 found=0 n=655336556635827068590005 elapsed=1864s
progress: nodes=8,140,000,000 tested=26 found=0 n=747626030954014346580105 elapsed=1864s
progress: nodes=8,150,000,000 tested=26 found=0 n=887992078397413316494365 elapsed=1865s
progress: nodes=8,160,000,000 tested=26 found=0 n=608870445860421610188345 elapsed=1865s
progress: nodes=8,170,000,000 tested=26 found=0 n=543593770745122946495295 elapsed=1866s
progress: nodes=8,180,000,000 tested=26 found=0 n=833661154171655666176815 elapsed=1866s
progress: nodes=8,190,000,000 tested=26 found=0 n=813481171118597630527065 elapsed=1867s
progress: nodes=8,200,000,000 tested=26 found=0 n=799337042143476797931795 elapsed=1867s
progress: nodes=8,210,000,000 tested=26 found=0 n=932669932285837507044195 elapsed=1867s
progress: nodes=8,220,000,000 tested=26 found=0 n=581131451558230841365515 elapsed=1868s
progress: nodes=8,230,000,000 tested=26 found=0 n=787544983196220914885385 elapsed=1868s
progress: nodes=8,240,000,000 tested=26 found=0 n=896810264546891603810715 elapsed=1869s
progress: nodes=8,250,000,000 tested=26 found=0 n=928411733919024677292795 elapsed=1869s
progress: nodes=8,260,000,000 tested=26 found=0 n=754233685091124115168665 elapsed=1870s
progress: nodes=8,270,000,000 tested=26 found=0 n=682713858835257384271455 elapsed=1870s
progress: nodes=8,280,000,000 tested=26 found=0 n=827925947342896372254405 elapsed=1871s
progress: nodes=8,290,000,000 tested=26 found=0 n=745808023476961970732955 elapsed=1871s
progress: nodes=8,300,000,000 tested=26 found=0 n=895150852530341122317195 elapsed=1872s
progress: nodes=8,310,000,000 tested=26 found=0 n=683944529058978000574365 elapsed=1872s
progress: nodes=8,320,000,000 tested=26 found=0 n=986134688826896956238595 elapsed=1873s
progress: nodes=8,330,000,000 tested=26 found=0 n=698085267302581648083495 elapsed=1873s
progress: nodes=8,340,000,000 tested=26 found=0 n=793089663024874029072885 elapsed=1873s
progress: nodes=8,350,000,000 tested=26 found=0 n=850132430766833026124565 elapsed=1874s
progress: nodes=8,360,000,000 tested=26 found=0 n=774514171799030131053255 elapsed=1874s
progress: nodes=8,370,000,000 tested=26 found=0 n=986733630714800464765335 elapsed=1875s
progress: nodes=8,380,000,000 tested=26 found=0 n=889291018889975664690255 elapsed=1875s
progress: nodes=8,390,000,000 tested=26 found=0 n=721173581373786550323435 elapsed=1876s
progress: nodes=8,400,000,000 tested=26 found=0 n=678801336701050837345005 elapsed=1876s
progress: nodes=8,410,000,000 tested=26 found=0 n=897964523149752301997655 elapsed=1877s
progress: nodes=8,420,000,000 tested=26 found=0 n=955483746153386726777985 elapsed=1877s
progress: nodes=8,430,000,000 tested=26 found=0 n=835225521384685134341385 elapsed=1877s
progress: nodes=8,440,000,000 tested=26 found=0 n=794851209353792308594635 elapsed=1878s
progress: nodes=8,450,000,000 tested=26 found=0 n=685771664655408072014295 elapsed=1878s
progress: nodes=8,460,000,000 tested=26 found=0 n=926230963351248268084305 elapsed=1879s
progress: nodes=8,470,000,000 tested=26 found=0 n=900401810338051133661945 elapsed=1879s
progress: nodes=8,480,000,000 tested=26 found=0 n=789447881108169073096515 elapsed=1880s
progress: nodes=8,490,000,000 tested=26 found=0 n=758031279809263806573315 elapsed=1880s
progress: nodes=8,500,000,000 tested=26 found=0 n=699490431905563750146255 elapsed=1881s
progress: nodes=8,510,000,000 tested=26 found=0 n=685315269956330235328095 elapsed=1881s
progress: nodes=8,520,000,000 tested=26 found=0 n=698867366304889994002065 elapsed=1882s
progress: nodes=8,530,000,000 tested=26 found=0 n=882575993545454889880155 elapsed=1882s
progress: nodes=8,540,000,000 tested=26 found=0 n=919985492742039651593655 elapsed=1882s
progress: nodes=8,550,000,000 tested=26 found=0 n=907586499041426511795015 elapsed=1883s
progress: nodes=8,560,000,000 tested=26 found=0 n=765203290596760863696255 elapsed=1883s
progress: nodes=8,570,000,000 tested=26 found=0 n=825403467575538345082545 elapsed=1884s
progress: nodes=8,580,000,000 tested=26 found=0 n=991828395495883828722015 elapsed=1884s
progress: nodes=8,590,000,000 tested=26 found=0 n=918035512836077974121685 elapsed=1885s
progress: nodes=8,600,000,000 tested=26 found=0 n=850574686580922713206005 elapsed=1885s
progress: nodes=8,610,000,000 tested=26 found=0 n=729541045930467182240565 elapsed=1886s
progress: nodes=8,620,000,000 tested=26 found=0 n=747954198576982709313705 elapsed=1886s
progress: nodes=8,630,000,000 tested=26 found=0 n=902385311159989506495195 elapsed=1887s
progress: nodes=8,640,000,000 tested=26 found=0 n=959249770664601915376515 elapsed=1887s
progress: nodes=8,650,000,000 tested=26 found=0 n=799172934563390120789715 elapsed=1887s
progress: nodes=8,660,000,000 tested=26 found=0 n=711005299313820460152885 elapsed=1888s
progress: nodes=8,670,000,000 tested=26 found=0 n=696099218475381321495015 elapsed=1888s
progress: nodes=8,680,000,000 tested=26 found=0 n=702643731516515842267995 elapsed=1889s
progress: nodes=8,690,000,000 tested=26 found=0 n=667828756841236873863255 elapsed=1889s
progress: nodes=8,700,000,000 tested=26 found=0 n=955516689072034654673295 elapsed=1890s
progress: nodes=8,710,000,000 tested=26 found=0 n=877713231697172020908945 elapsed=1890s
progress: nodes=8,720,000,000 tested=26 found=0 n=973449104700637429475985 elapsed=1891s
progress: nodes=8,730,000,000 tested=26 found=0 n=765628787867018338463805 elapsed=1891s
progress: nodes=8,740,000,000 tested=26 found=0 n=636131272371709013874315 elapsed=1892s
progress: nodes=8,750,000,000 tested=26 found=0 n=791580586767102988823385 elapsed=1892s
progress: nodes=8,760,000,000 tested=26 found=0 n=891738088192618400090115 elapsed=1892s
progress: nodes=8,770,000,000 tested=26 found=0 n=979796354729955444597465 elapsed=1893s
progress: nodes=8,780,000,000 tested=26 found=0 n=763405086220814665763685 elapsed=1893s
progress: nodes=8,790,000,000 tested=26 found=0 n=773238171061850180445495 elapsed=1894s
progress: nodes=8,800,000,000 tested=26 found=0 n=615208872269753711152335 elapsed=1894s
progress: nodes=8,810,000,000 tested=26 found=0 n=938408252092491194485515 elapsed=1895s
progress: nodes=8,820,000,000 tested=26 found=0 n=771979700668257660065355 elapsed=1895s
progress: nodes=8,830,000,000 tested=26 found=0 n=628292912301224366748255 elapsed=1896s
progress: nodes=8,840,000,000 tested=26 found=0 n=738165356663118133414005 elapsed=1896s
progress: nodes=8,850,000,000 tested=26 found=0 n=706906514941674331075605 elapsed=1896s
progress: nodes=8,860,000,000 tested=26 found=0 n=625366372348666463517585 elapsed=1897s
progress: nodes=8,870,000,000 tested=26 found=0 n=709525909095692478619995 elapsed=1897s
progress: nodes=8,880,000,000 tested=26 found=0 n=855422035347474180200835 elapsed=1898s
progress: nodes=8,890,000,000 tested=26 found=0 n=954944424843909041392785 elapsed=1898s
progress: nodes=8,900,000,000 tested=26 found=0 n=694081084618179391267035 elapsed=1899s
progress: nodes=8,910,000,000 tested=26 found=0 n=720475414677478308909555 elapsed=1899s
progress: nodes=8,920,000,000 tested=26 found=0 n=936840973401550723947705 elapsed=1900s
progress: nodes=8,930,000,000 tested=26 found=0 n=665813423704826960752365 elapsed=1900s
progress: nodes=8,940,000,000 tested=26 found=0 n=667873926869545471599315 elapsed=1901s
progress: nodes=8,950,000,000 tested=26 found=0 n=533155754216999218591935 elapsed=1901s
progress: nodes=8,960,000,000 tested=26 found=0 n=979490999197516027539735 elapsed=1901s
progress: nodes=8,970,000,000 tested=26 found=0 n=895267177659978582077685 elapsed=1902s
progress: nodes=8,980,000,000 tested=26 found=0 n=626585684084216557410105 elapsed=1902s
progress: nodes=8,990,000,000 tested=26 found=0 n=721933039898479330757055 elapsed=1903s
progress: nodes=9,000,000,000 tested=26 found=0 n=982762427577529805188455 elapsed=1903s
progress: nodes=9,010,000,000 tested=26 found=0 n=993728606458458398162085 elapsed=1904s
progress: nodes=9,020,000,000 tested=26 found=0 n=669353691032287973269965 elapsed=1904s
progress: nodes=9,030,000,000 tested=26 found=0 n=418199906431552934913345 elapsed=1905s
progress: nodes=9,040,000,000 tested=26 found=0 n=435421636981077595455585 elapsed=1905s
progress: nodes=9,050,000,000 tested=26 found=0 n=952240079884462020334485 elapsed=1905s
progress: nodes=9,060,000,000 tested=26 found=0 n=537967715665203662819805 elapsed=1906s
progress: nodes=9,070,000,000 tested=26 found=0 n=665275476808752550865685 elapsed=1906s
progress: nodes=9,080,000,000 tested=26 found=0 n=747645347505346487122365 elapsed=1907s
progress: nodes=9,090,000,000 tested=26 found=0 n=498707080855612723978785 elapsed=1907s
progress: nodes=9,100,000,000 tested=26 found=0 n=832796355952528827456465 elapsed=1908s
progress: nodes=9,110,000,000 tested=26 found=0 n=374416544624785747013655 elapsed=1908s
progress: nodes=9,120,000,000 tested=26 found=0 n=660986744923773510844635 elapsed=1909s
progress: nodes=9,130,000,000 tested=26 found=0 n=928062774340537967436195 elapsed=1909s
progress: nodes=9,140,000,000 tested=26 found=0 n=349527433650845629970835 elapsed=1909s
progress: nodes=9,150,000,000 tested=26 found=0 n=934577899275290579764785 elapsed=1910s
progress: nodes=9,160,000,000 tested=26 found=0 n=922976422657113666540105 elapsed=1910s
progress: nodes=9,170,000,000 tested=26 found=0 n=958045466542078420200585 elapsed=1911s
progress: nodes=9,180,000,000 tested=26 found=0 n=771312965794039637751915 elapsed=1911s
progress: nodes=9,190,000,000 tested=26 found=0 n=763085799705892141954035 elapsed=1912s
progress: nodes=9,200,000,000 tested=26 found=0 n=876649390954218066472155 elapsed=1912s
progress: nodes=9,210,000,000 tested=26 found=0 n=755070803555123288674485 elapsed=1913s
progress: nodes=9,220,000,000 tested=26 found=0 n=815364384260947871148315 elapsed=1913s
progress: nodes=9,230,000,000 tested=26 found=0 n=731426646088265155024095 elapsed=1914s
progress: nodes=9,240,000,000 tested=26 found=0 n=925081992153873580499055 elapsed=1914s
progress: nodes=9,250,000,000 tested=26 found=0 n=779076421443778166617095 elapsed=1914s
progress: nodes=9,260,000,000 tested=26 found=0 n=716644993537753729676865 elapsed=1915s
progress: nodes=9,270,000,000 tested=26 found=0 n=783437936706349991732655 elapsed=1915s
progress: nodes=9,280,000,000 tested=26 found=0 n=639534335329847085529995 elapsed=1916s
progress: nodes=9,290,000,000 tested=26 found=0 n=860912201133210842882145 elapsed=1916s
progress: nodes=9,300,000,000 tested=26 found=0 n=955896817239824189612355 elapsed=1917s
progress: nodes=9,310,000,000 tested=26 found=0 n=548599904024686878690315 elapsed=1917s
progress: nodes=9,320,000,000 tested=26 found=0 n=509935594988939067410715 elapsed=1918s
progress: nodes=9,330,000,000 tested=26 found=0 n=563181828486118206911865 elapsed=1918s
progress: nodes=9,340,000,000 tested=26 found=0 n=557265063977556811682355 elapsed=1918s
progress: nodes=9,350,000,000 tested=26 found=0 n=662989450572314481686895 elapsed=1919s
progress: nodes=9,360,000,000 tested=26 found=0 n=445030995117971573729055 elapsed=1919s
progress: nodes=9,370,000,000 tested=26 found=0 n=748419910757858164730355 elapsed=1920s
progress: nodes=9,380,000,000 tested=26 found=0 n=865673300228302594467945 elapsed=1920s
progress: nodes=9,390,000,000 tested=26 found=0 n=850744899186888118272255 elapsed=1921s
progress: nodes=9,400,000,000 tested=26 found=0 n=399655388045853944338455 elapsed=1921s
progress: nodes=9,410,000,000 tested=26 found=0 n=601165612372600516099815 elapsed=1922s
progress: nodes=9,420,000,000 tested=26 found=0 n=713636177980042859618835 elapsed=1922s
progress: nodes=9,430,000,000 tested=26 found=0 n=492303264990779685488265 elapsed=1923s
progress: nodes=9,440,000,000 tested=26 found=0 n=465384046541645974511835 elapsed=1923s
progress: nodes=9,450,000,000 tested=26 found=0 n=399800383560485901521055 elapsed=1923s
progress: nodes=9,460,000,000 tested=26 found=0 n=691023436031694362225805 elapsed=1924s
progress: nodes=9,470,000,000 tested=26 found=0 n=875652326199501324372855 elapsed=1924s
progress: nodes=9,480,000,000 tested=26 found=0 n=943484990357472132012795 elapsed=1925s
progress: nodes=9,490,000,000 tested=26 found=0 n=874564176029742670180005 elapsed=1925s
progress: nodes=9,500,000,000 tested=26 found=0 n=735652128292031163766905 elapsed=1926s
progress: nodes=9,510,000,000 tested=26 found=0 n=853854175752375662863515 elapsed=1926s
progress: nodes=9,520,000,000 tested=26 found=0 n=987231339336894627700395 elapsed=1927s
progress: nodes=9,530,000,000 tested=26 found=0 n=862764835845670301979765 elapsed=1927s
progress: nodes=9,540,000,000 tested=26 found=0 n=664864419375885748841415 elapsed=1927s
progress: nodes=9,550,000,000 tested=26 found=0 n=602261750009543687680815 elapsed=1928s
progress: nodes=9,560,000,000 tested=26 found=0 n=704981617897561121225295 elapsed=1928s
progress: nodes=9,570,000,000 tested=26 found=0 n=891342336868547523393555 elapsed=1929s
progress: nodes=9,580,000,000 tested=26 found=0 n=752900402465569008017235 elapsed=1929s
progress: nodes=9,590,000,000 tested=26 found=0 n=758896619510633394157785 elapsed=1930s
progress: nodes=9,600,000,000 tested=26 found=0 n=970518082479681409214805 elapsed=1930s
progress: nodes=9,610,000,000 tested=26 found=0 n=563366731793362523139465 elapsed=1931s
progress: nodes=9,620,000,000 tested=26 found=0 n=542068067675034148365315 elapsed=1931s
progress: nodes=9,630,000,000 tested=26 found=0 n=945453475163533553888715 elapsed=1931s
progress: nodes=9,640,000,000 tested=26 found=0 n=438804185663872689235245 elapsed=1932s
progress: nodes=9,650,000,000 tested=26 found=0 n=608904331547856246791955 elapsed=1932s
progress: nodes=9,660,000,000 tested=26 found=0 n=907767670709344762048545 elapsed=1933s
progress: nodes=9,670,000,000 tested=26 found=0 n=511910779552735767658245 elapsed=1933s
progress: nodes=9,680,000,000 tested=26 found=0 n=652957579920839267359395 elapsed=1934s
progress: nodes=9,690,000,000 tested=26 found=0 n=670287768369167874349215 elapsed=1934s
progress: nodes=9,700,000,000 tested=26 found=0 n=944355696037208415858645 elapsed=1935s
progress: nodes=9,710,000,000 tested=26 found=0 n=738408567440444997417255 elapsed=1935s
progress: nodes=9,720,000,000 tested=26 found=0 n=982026573628655053351215 elapsed=1935s
progress: nodes=9,730,000,000 tested=26 found=0 n=829962611166937423679955 elapsed=1936s
progress: nodes=9,740,000,000 tested=26 found=0 n=767307606109818307019145 elapsed=1936s
progress: nodes=9,750,000,000 tested=26 found=0 n=715279424071968269646165 elapsed=1937s
progress: nodes=9,760,000,000 tested=26 found=0 n=821259912458188670018805 elapsed=1937s
progress: nodes=9,770,000,000 tested=26 found=0 n=881933976738167296470615 elapsed=1938s
progress: nodes=9,780,000,000 tested=26 found=0 n=604129099159938155830785 elapsed=1938s
progress: nodes=9,790,000,000 tested=26 found=0 n=578061245838994707721635 elapsed=1939s
progress: nodes=9,800,000,000 tested=26 found=0 n=671104590023261038729095 elapsed=1939s
progress: nodes=9,810,000,000 tested=26 found=0 n=579975362926179383578635 elapsed=1939s
progress: nodes=9,820,000,000 tested=26 found=0 n=762212140394990078494305 elapsed=1940s
progress: nodes=9,830,000,000 tested=26 found=0 n=620001014407811423760285 elapsed=1940s
progress: nodes=9,840,000,000 tested=26 found=0 n=911176743045691216492695 elapsed=1941s
progress: nodes=9,850,000,000 tested=26 found=0 n=696943033578215139151755 elapsed=1941s
progress: nodes=9,860,000,000 tested=26 found=0 n=888617132134308728245215 elapsed=1942s
progress: nodes=9,870,000,000 tested=26 found=0 n=471155308933500600281235 elapsed=1942s
progress: nodes=9,880,000,000 tested=26 found=0 n=611051941052350798511115 elapsed=1943s
progress: nodes=9,890,000,000 tested=26 found=0 n=887535504227487004492185 elapsed=1943s
progress: nodes=9,900,000,000 tested=26 found=0 n=873614550504903860460555 elapsed=1943s
progress: nodes=9,910,000,000 tested=26 found=0 n=420872292807684304337685 elapsed=1944s
progress: nodes=9,920,000,000 tested=26 found=0 n=688108603470322251240045 elapsed=1944s
progress: nodes=9,930,000,000 tested=26 found=0 n=944888021101738031201235 elapsed=1945s
progress: nodes=9,940,000,000 tested=26 found=0 n=806311910264270847246315 elapsed=1945s
progress: nodes=9,950,000,000 tested=26 found=0 n=843985750394483256951765 elapsed=1946s
progress: nodes=9,960,000,000 tested=26 found=0 n=820166738789957197308615 elapsed=1946s
progress: nodes=9,970,000,000 tested=26 found=0 n=937317673501358629939965 elapsed=1946s
progress: nodes=9,980,000,000 tested=26 found=0 n=616039100570463359999715 elapsed=1947s
progress: nodes=9,990,000,000 tested=26 found=0 n=833382290050676003338965 elapsed=1947s
progress: nodes=10,000,000,000 tested=26 found=0 n=660347338456588117686615 elapsed=1948s
progress: nodes=10,010,000,000 tested=26 found=0 n=676623149284958762980995 elapsed=1948s
progress: nodes=10,020,000,000 tested=26 found=0 n=801026760725546518188135 elapsed=1949s
progress: nodes=10,030,000,000 tested=26 found=0 n=536722887054571627304565 elapsed=1949s
progress: nodes=10,040,000,000 tested=26 found=0 n=779305242849580390422105 elapsed=1950s
progress: nodes=10,050,000,000 tested=26 found=0 n=852748343077604135277555 elapsed=1950s
progress: nodes=10,060,000,000 tested=26 found=0 n=807569549461018331958465 elapsed=1950s
progress: nodes=10,070,000,000 tested=26 found=0 n=513226044316293601456845 elapsed=1951s
progress: nodes=10,080,000,000 tested=26 found=0 n=768886779980332385532765 elapsed=1951s
progress: nodes=10,090,000,000 tested=26 found=0 n=766585966859997975096615 elapsed=1952s
progress: nodes=10,100,000,000 tested=26 found=0 n=615283505214869769645015 elapsed=1952s
progress: nodes=10,110,000,000 tested=26 found=0 n=928830529689839255056545 elapsed=1953s
progress: nodes=10,120,000,000 tested=26 found=0 n=957171524413446413176545 elapsed=1953s
progress: nodes=10,130,000,000 tested=26 found=0 n=923367850848434471566185 elapsed=1953s
progress: nodes=10,140,000,000 tested=26 found=0 n=976952430616977913289895 elapsed=1954s
progress: nodes=10,150,000,000 tested=26 found=0 n=956627472604442918370795 elapsed=1954s
progress: nodes=10,160,000,000 tested=26 found=0 n=881083992594999035047095 elapsed=1955s
progress: nodes=10,170,000,000 tested=26 found=0 n=970013535250028730531345 elapsed=1955s
progress: nodes=10,180,000,000 tested=26 found=0 n=792071914815453111428655 elapsed=1956s
progress: nodes=10,190,000,000 tested=26 found=0 n=541807269120777182054895 elapsed=1956s
progress: nodes=10,200,000,000 tested=26 found=0 n=612609136561337929416315 elapsed=1957s
progress: nodes=10,210,000,000 tested=26 found=0 n=721405124773109746878645 elapsed=1957s
progress: nodes=10,220,000,000 tested=26 found=0 n=909631901830118206192695 elapsed=1957s
progress: nodes=10,230,000,000 tested=26 found=0 n=716508754877126296724265 elapsed=1958s
progress: nodes=10,240,000,000 tested=26 found=0 n=715202353220206793061285 elapsed=1958s
progress: nodes=10,250,000,000 tested=26 found=0 n=618385533293724902848395 elapsed=1959s
progress: nodes=10,260,000,000 tested=26 found=0 n=430676165175285026472255 elapsed=1959s
progress: nodes=10,270,000,000 tested=26 found=0 n=960898913093552660611065 elapsed=1960s
progress: nodes=10,280,000,000 tested=26 found=0 n=695482147750948568757945 elapsed=1960s
progress: nodes=10,290,000,000 tested=26 found=0 n=961294439104331647522185 elapsed=1961s
progress: nodes=10,300,000,000 tested=26 found=0 n=922194337414156797727935 elapsed=1961s
progress: nodes=10,310,000,000 tested=26 found=0 n=813879915021240466683735 elapsed=1961s
progress: nodes=10,320,000,000 tested=26 found=0 n=763312726340285167640385 elapsed=1962s
progress: nodes=10,330,000,000 tested=26 found=0 n=620387857517740017858405 elapsed=1962s
progress: nodes=10,340,000,000 tested=26 found=0 n=841031590318548789748995 elapsed=1963s
progress: nodes=10,350,000,000 tested=26 found=0 n=524529634757830646517045 elapsed=1963s
progress: nodes=10,360,000,000 tested=26 found=0 n=603588806357209675728165 elapsed=1964s
progress: nodes=10,370,000,000 tested=26 found=0 n=717982183550099688785235 elapsed=1964s
progress: nodes=10,380,000,000 tested=26 found=0 n=546452968292408405904885 elapsed=1964s
progress: nodes=10,390,000,000 tested=26 found=0 n=848498321467672028538165 elapsed=1965s
progress: nodes=10,400,000,000 tested=26 found=0 n=807916269096597326734035 elapsed=1965s
progress: nodes=10,410,000,000 tested=26 found=0 n=401345728533319054250205 elapsed=1966s
progress: nodes=10,420,000,000 tested=26 found=0 n=818254177276650991434855 elapsed=1966s
progress: nodes=10,430,000,000 tested=26 found=0 n=951265174706938527352785 elapsed=1967s
progress: nodes=10,440,000,000 tested=26 found=0 n=519498985875630484544865 elapsed=1967s
progress: nodes=10,450,000,000 tested=26 found=0 n=935247284535402721083465 elapsed=1968s
progress: nodes=10,460,000,000 tested=26 found=0 n=952713858806474478970905 elapsed=1968s
progress: nodes=10,470,000,000 tested=26 found=0 n=955988682696938437831845 elapsed=1968s
progress: nodes=10,480,000,000 tested=26 found=0 n=838070262228768639924645 elapsed=1969s
progress: nodes=10,490,000,000 tested=26 found=0 n=646568878828391216159715 elapsed=1969s
progress: nodes=10,500,000,000 tested=26 found=0 n=712610696376163850492205 elapsed=1970s
progress: nodes=10,510,000,000 tested=26 found=0 n=515645028528170781899835 elapsed=1970s
progress: nodes=10,520,000,000 tested=26 found=0 n=665303205080223348610455 elapsed=1971s
progress: nodes=10,530,000,000 tested=26 found=0 n=741156300997907030276535 elapsed=1971s
progress: nodes=10,540,000,000 tested=26 found=0 n=689644168700512768405245 elapsed=1971s
progress: nodes=10,550,000,000 tested=26 found=0 n=670857467862552453471285 elapsed=1972s
progress: nodes=10,560,000,000 tested=26 found=0 n=702825356027346610748085 elapsed=1972s
progress: nodes=10,570,000,000 tested=26 found=0 n=435783703767527486778165 elapsed=1973s
progress: nodes=10,580,000,000 tested=26 found=0 n=956588627425202736889815 elapsed=1973s
progress: nodes=10,590,000,000 tested=26 found=0 n=406602680355303182398395 elapsed=1974s
progress: nodes=10,600,000,000 tested=26 found=0 n=897660616121899752617055 elapsed=1974s
progress: nodes=10,610,000,000 tested=26 found=0 n=838753685290917023345685 elapsed=1975s
progress: nodes=10,620,000,000 tested=26 found=0 n=916392209654612752740855 elapsed=1975s
progress: nodes=10,630,000,000 tested=26 found=0 n=766440714068367637227885 elapsed=1975s
progress: nodes=10,640,000,000 tested=26 found=0 n=661990011161692693741965 elapsed=1976s
progress: nodes=10,650,000,000 tested=26 found=0 n=679550761209736014256845 elapsed=1976s
progress: nodes=10,660,000,000 tested=26 found=0 n=939472444099400885699355 elapsed=1977s
progress: nodes=10,670,000,000 tested=26 found=0 n=684768541508179214565105 elapsed=1977s
progress: nodes=10,680,000,000 tested=26 found=0 n=955235742966517143771585 elapsed=1978s
progress: nodes=10,690,000,000 tested=26 found=0 n=630957071173561665247935 elapsed=1978s
progress: nodes=10,700,000,000 tested=26 found=0 n=465463455085236570211755 elapsed=1978s
progress: nodes=10,710,000,000 tested=26 found=0 n=802249649943570772865955 elapsed=1979s
progress: nodes=10,720,000,000 tested=26 found=0 n=704694082921168634829315 elapsed=1979s
progress: nodes=10,730,000,000 tested=26 found=0 n=739272421497188136228165 elapsed=1980s
progress: nodes=10,740,000,000 tested=26 found=0 n=468587174132239222142115 elapsed=1980s
progress: nodes=10,750,000,000 tested=26 found=0 n=844165499769411942442815 elapsed=1981s
progress: nodes=10,760,000,000 tested=26 found=0 n=766901942284928917055985 elapsed=1981s
progress: nodes=10,770,000,000 tested=26 found=0 n=762206940177297845146785 elapsed=1982s
progress: nodes=10,780,000,000 tested=26 found=0 n=774936985602002462168985 elapsed=1982s
progress: nodes=10,790,000,000 tested=26 found=0 n=886911611186823249310965 elapsed=1982s
progress: nodes=10,800,000,000 tested=26 found=0 n=667755858740700304022085 elapsed=1983s
progress: nodes=10,810,000,000 tested=26 found=0 n=743746700669078577496905 elapsed=1983s
progress: nodes=10,820,000,000 tested=26 found=0 n=872394257482395368033115 elapsed=1984s
progress: nodes=10,830,000,000 tested=26 found=0 n=546006569292270263770065 elapsed=1984s
progress: nodes=10,840,000,000 tested=26 found=0 n=427186627372165148132535 elapsed=1985s
progress: nodes=10,850,000,000 tested=26 found=0 n=881919930179595824580195 elapsed=1985s
progress: nodes=10,860,000,000 tested=26 found=0 n=667300303181799765288855 elapsed=1986s
progress: nodes=10,870,000,000 tested=26 found=0 n=713676953024327247104655 elapsed=1986s
progress: nodes=10,880,000,000 tested=26 found=0 n=872354789526824140013235 elapsed=1987s
progress: nodes=10,890,000,000 tested=26 found=0 n=776376973612796259419595 elapsed=1987s
progress: nodes=10,900,000,000 tested=26 found=0 n=635397479068746350482515 elapsed=1987s
progress: nodes=10,910,000,000 tested=26 found=0 n=927072044827833440675205 elapsed=1988s
progress: nodes=10,920,000,000 tested=26 found=0 n=870218371404036251481555 elapsed=1988s
progress: nodes=10,930,000,000 tested=26 found=0 n=720635398574887210218705 elapsed=1989s
progress: nodes=10,940,000,000 tested=26 found=0 n=865878650707541441375295 elapsed=1989s
progress: nodes=10,950,000,000 tested=26 found=0 n=858167456618523089085795 elapsed=1990s
progress: nodes=10,960,000,000 tested=26 found=0 n=492978114758195859910095 elapsed=1990s
progress: nodes=10,970,000,000 tested=26 found=0 n=799687060912117180023705 elapsed=1991s
progress: nodes=10,980,000,000 tested=26 found=0 n=656483890511756387481885 elapsed=1991s
progress: nodes=10,990,000,000 tested=26 found=0 n=627974387215074256431195 elapsed=1991s
progress: nodes=11,000,000,000 tested=26 found=0 n=412547153393211034294305 elapsed=1992s
progress: nodes=11,010,000,000 tested=26 found=0 n=915758488585816447186395 elapsed=1992s
progress: nodes=11,020,000,000 tested=26 found=0 n=931912727017541449297095 elapsed=1993s
progress: nodes=11,030,000,000 tested=26 found=0 n=648152503200884020358745 elapsed=1993s
progress: nodes=11,040,000,000 tested=26 found=0 n=775122829054793105494905 elapsed=1994s
progress: nodes=11,050,000,000 tested=26 found=0 n=812781671553091603035585 elapsed=1994s
progress: nodes=11,060,000,000 tested=26 found=0 n=546591212359921306016505 elapsed=1994s
progress: nodes=11,070,000,000 tested=26 found=0 n=795879995333887872361305 elapsed=1995s
progress: nodes=11,080,000,000 tested=26 found=0 n=873804155586270806957895 elapsed=1995s
progress: nodes=11,090,000,000 tested=26 found=0 n=718960172467024919435895 elapsed=1996s
progress: nodes=11,100,000,000 tested=26 found=0 n=838386494655440285654055 elapsed=1996s
progress: nodes=11,110,000,000 tested=26 found=0 n=484503660968163260627115 elapsed=1997s
progress: nodes=11,120,000,000 tested=26 found=0 n=350701275850414784978265 elapsed=1997s
progress: nodes=11,130,000,000 tested=26 found=0 n=746625842392246339796955 elapsed=1998s
progress: nodes=11,140,000,000 tested=26 found=0 n=760991003987766982809885 elapsed=1998s
progress: nodes=11,150,000,000 tested=26 found=0 n=926247603478976297520705 elapsed=1998s
progress: nodes=11,160,000,000 tested=26 found=0 n=843912787512475878375915 elapsed=1999s
progress: nodes=11,170,000,000 tested=26 found=0 n=678923528141485525719645 elapsed=1999s
progress: nodes=11,180,000,000 tested=26 found=0 n=799178805714755871545085 elapsed=2000s
progress: nodes=11,190,000,000 tested=26 found=0 n=842763678057397718082945 elapsed=2000s
progress: nodes=11,200,000,000 tested=26 found=0 n=748729317643496037119205 elapsed=2001s
progress: nodes=11,210,000,000 tested=26 found=0 n=561967947257746485233745 elapsed=2001s
progress: nodes=11,220,000,000 tested=26 found=0 n=990109863001209739774095 elapsed=2001s
progress: nodes=11,230,000,000 tested=26 found=0 n=839742579162418791300705 elapsed=2002s
progress: nodes=11,240,000,000 tested=26 found=0 n=858701237525566917203205 elapsed=2002s
progress: nodes=11,250,000,000 tested=26 found=0 n=517921693884982345299165 elapsed=2003s
progress: nodes=11,260,000,000 tested=26 found=0 n=911798279710397629761915 elapsed=2003s
progress: nodes=11,270,000,000 tested=26 found=0 n=877193033825058684877935 elapsed=2004s
progress: nodes=11,280,000,000 tested=26 found=0 n=936689877961237660292505 elapsed=2004s
progress: nodes=11,290,000,000 tested=26 found=0 n=754986965125086623339685 elapsed=2005s
progress: nodes=11,300,000,000 tested=26 found=0 n=545402578674546178600905 elapsed=2005s
progress: nodes=11,310,000,000 tested=26 found=0 n=532332800247902490851355 elapsed=2005s
progress: nodes=11,320,000,000 tested=26 found=0 n=590369067511031922082695 elapsed=2006s
progress: nodes=11,330,000,000 tested=26 found=0 n=508532712649769122294815 elapsed=2006s
progress: nodes=11,340,000,000 tested=26 found=0 n=722112974802794356343595 elapsed=2007s
progress: nodes=11,350,000,000 tested=26 found=0 n=845712868441760331444135 elapsed=2007s
progress: nodes=11,360,000,000 tested=26 found=0 n=651956434972176129485085 elapsed=2008s
progress: nodes=11,370,000,000 tested=26 found=0 n=940038505050664773087345 elapsed=2008s
progress: nodes=11,380,000,000 tested=26 found=0 n=886867061619515865043815 elapsed=2008s
progress: nodes=11,390,000,000 tested=26 found=0 n=741636838681066401402285 elapsed=2009s
progress: nodes=11,400,000,000 tested=26 found=0 n=761668990401808783237185 elapsed=2009s
progress: nodes=11,410,000,000 tested=26 found=0 n=811859531637202840557315 elapsed=2010s
progress: nodes=11,420,000,000 tested=26 found=0 n=737899798334554075110165 elapsed=2010s
progress: nodes=11,430,000,000 tested=26 found=0 n=937945827981668831872635 elapsed=2011s
progress: nodes=11,440,000,000 tested=26 found=0 n=988010831862193952477115 elapsed=2011s
progress: nodes=11,450,000,000 tested=26 found=0 n=587336383925803540995615 elapsed=2012s
progress: nodes=11,460,000,000 tested=26 found=0 n=581188586089021057958085 elapsed=2012s
progress: nodes=11,470,000,000 tested=26 found=0 n=572656883557439303026965 elapsed=2012s
progress: nodes=11,480,000,000 tested=26 found=0 n=639438297758962632039285 elapsed=2013s
progress: nodes=11,490,000,000 tested=26 found=0 n=539742290866450381659015 elapsed=2013s
progress: nodes=11,500,000,000 tested=26 found=0 n=896807134203390220561245 elapsed=2014s
progress: nodes=11,510,000,000 tested=26 found=0 n=908817064905259857035205 elapsed=2014s
progress: nodes=11,520,000,000 tested=26 found=0 n=962544583868847731461215 elapsed=2015s
progress: nodes=11,530,000,000 tested=26 found=0 n=919838074114184535427095 elapsed=2015s
progress: nodes=11,540,000,000 tested=26 found=0 n=627076253994979722343245 elapsed=2016s
progress: nodes=11,550,000,000 tested=26 found=0 n=534353515089715021773105 elapsed=2016s
progress: nodes=11,560,000,000 tested=26 found=0 n=539789552257356637444395 elapsed=2016s
progress: nodes=11,570,000,000 tested=26 found=0 n=703445466603154209676335 elapsed=2017s
progress: nodes=11,580,000,000 tested=26 found=0 n=668909829294987488563905 elapsed=2017s
progress: nodes=11,590,000,000 tested=26 found=0 n=967315324285752136318305 elapsed=2018s
progress: nodes=11,600,000,000 tested=26 found=0 n=736721684116798853549835 elapsed=2018s
progress: nodes=11,610,000,000 tested=26 found=0 n=609343688446809435425295 elapsed=2019s
progress: nodes=11,620,000,000 tested=26 found=0 n=990375713900468487963855 elapsed=2019s
progress: nodes=11,630,000,000 tested=26 found=0 n=764966792975262823756305 elapsed=2019s
progress: nodes=11,640,000,000 tested=26 found=0 n=685525120940165224543605 elapsed=2020s
progress: nodes=11,650,000,000 tested=26 found=0 n=601806038711884538815305 elapsed=2020s
progress: nodes=11,660,000,000 tested=26 found=0 n=548066873549988011745405 elapsed=2021s
progress: nodes=11,670,000,000 tested=26 found=0 n=536422107631575009536505 elapsed=2021s
progress: nodes=11,680,000,000 tested=26 found=0 n=824185615500519172273395 elapsed=2022s
progress: nodes=11,690,000,000 tested=26 found=0 n=485676477561643064852265 elapsed=2022s
progress: nodes=11,700,000,000 tested=26 found=0 n=927792997351931518528545 elapsed=2023s
progress: nodes=11,710,000,000 tested=26 found=0 n=532368572852670989416245 elapsed=2023s
progress: nodes=11,720,000,000 tested=26 found=0 n=893427307995293640480285 elapsed=2023s
progress: nodes=11,730,000,000 tested=26 found=0 n=762564318420318837735015 elapsed=2024s
progress: nodes=11,740,000,000 tested=26 found=0 n=855529338648603487547745 elapsed=2024s
progress: nodes=11,750,000,000 tested=26 found=0 n=751304757064269423686715 elapsed=2025s
progress: nodes=11,760,000,000 tested=26 found=0 n=812027942596783979125785 elapsed=2025s
progress: nodes=11,770,000,000 tested=26 found=0 n=556851585099571967384685 elapsed=2026s
progress: nodes=11,780,000,000 tested=26 found=0 n=757362517314515137762605 elapsed=2026s
progress: nodes=11,790,000,000 tested=26 found=0 n=693045890228783360738205 elapsed=2027s
progress: nodes=11,800,000,000 tested=26 found=0 n=778088999269474275988935 elapsed=2027s
progress: nodes=11,810,000,000 tested=26 found=0 n=546436044621832678984935 elapsed=2027s
progress: nodes=11,820,000,000 tested=26 found=0 n=394592039272144594419165 elapsed=2028s
progress: nodes=11,830,000,000 tested=26 found=0 n=435530459374444854881505 elapsed=2028s
progress: nodes=11,840,000,000 tested=26 found=0 n=502252916190245264609235 elapsed=2029s
progress: nodes=11,850,000,000 tested=26 found=0 n=913944499847705723513985 elapsed=2029s
progress: nodes=11,860,000,000 tested=26 found=0 n=943065000131440401403155 elapsed=2030s
progress: nodes=11,870,000,000 tested=26 found=0 n=912436789178360931565905 elapsed=2030s
progress: nodes=11,880,000,000 tested=26 found=0 n=651805497066977623013985 elapsed=2030s
progress: nodes=11,890,000,000 tested=26 found=0 n=697086003893893040919195 elapsed=2031s
progress: nodes=11,900,000,000 tested=26 found=0 n=999059973070654939384215 elapsed=2031s
progress: nodes=11,910,000,000 tested=26 found=0 n=608301629590451976500805 elapsed=2032s
progress: nodes=11,920,000,000 tested=26 found=0 n=931966027333981154335755 elapsed=2032s
progress: nodes=11,930,000,000 tested=26 found=0 n=706848184419741358502805 elapsed=2033s
progress: nodes=11,940,000,000 tested=26 found=0 n=632181626889397333049565 elapsed=2033s
progress: nodes=11,950,000,000 tested=26 found=0 n=529192323609308072280765 elapsed=2034s
progress: nodes=11,960,000,000 tested=26 found=0 n=910594672686672767694945 elapsed=2034s
progress: nodes=11,970,000,000 tested=26 found=0 n=774830047703031219343455 elapsed=2034s
progress: nodes=11,980,000,000 tested=26 found=0 n=953389860811813769161455 elapsed=2035s
progress: nodes=11,990,000,000 tested=26 found=0 n=998200094285996912018115 elapsed=2035s
progress: nodes=12,000,000,000 tested=26 found=0 n=775202567723344202996565 elapsed=2036s
progress: nodes=12,010,000,000 tested=26 found=0 n=566103882015411159539295 elapsed=2036s
progress: nodes=12,020,000,000 tested=26 found=0 n=452837340464980846449195 elapsed=2037s
progress: nodes=12,030,000,000 tested=26 found=0 n=405653232109064525220195 elapsed=2037s
progress: nodes=12,040,000,000 tested=26 found=0 n=505834756634410086251115 elapsed=2037s
progress: nodes=12,050,000,000 tested=26 found=0 n=471283264498794176019195 elapsed=2038s
progress: nodes=12,060,000,000 tested=26 found=0 n=851870296069851099346965 elapsed=2038s
progress: nodes=12,070,000,000 tested=26 found=0 n=832909625145530255821905 elapsed=2039s
progress: nodes=12,080,000,000 tested=26 found=0 n=933413251525987457539215 elapsed=2039s
progress: nodes=12,090,000,000 tested=26 found=0 n=676461016891671329146455 elapsed=2040s
progress: nodes=12,100,000,000 tested=26 found=0 n=611184394043824273830135 elapsed=2040s
progress: nodes=12,110,000,000 tested=26 found=0 n=831893639543133836744295 elapsed=2041s
progress: nodes=12,120,000,000 tested=26 found=0 n=887793016061770809946065 elapsed=2041s
progress: nodes=12,130,000,000 tested=26 found=0 n=758118229422898030860195 elapsed=2041s
progress: nodes=12,140,000,000 tested=26 found=0 n=640244233935167631364485 elapsed=2042s
progress: nodes=12,150,000,000 tested=26 found=0 n=505878953347635809924565 elapsed=2042s
progress: nodes=12,160,000,000 tested=26 found=0 n=557995317318340077969045 elapsed=2043s
progress: nodes=12,170,000,000 tested=26 found=0 n=831614168490271538228505 elapsed=2043s
progress: nodes=12,180,000,000 tested=26 found=0 n=882670851978989199366735 elapsed=2044s
progress: nodes=12,190,000,000 tested=26 found=0 n=697044322078424564588685 elapsed=2044s
progress: nodes=12,200,000,000 tested=26 found=0 n=599584689030554026374465 elapsed=2044s
progress: nodes=12,210,000,000 tested=26 found=0 n=840012223041688836247515 elapsed=2045s
progress: nodes=12,220,000,000 tested=26 found=0 n=962948333320283539940535 elapsed=2045s
progress: nodes=12,230,000,000 tested=26 found=0 n=558837405166595028581745 elapsed=2046s
progress: nodes=12,240,000,000 tested=26 found=0 n=560494264979775360562515 elapsed=2046s
progress: nodes=12,250,000,000 tested=26 found=0 n=364623672744776388698865 elapsed=2047s
progress: nodes=12,260,000,000 tested=26 found=0 n=451902123351676738291815 elapsed=2047s
progress: nodes=12,270,000,000 tested=26 found=0 n=950376332355413988106665 elapsed=2048s
progress: nodes=12,280,000,000 tested=26 found=0 n=922716802668023423875485 elapsed=2048s
progress: nodes=12,290,000,000 tested=26 found=0 n=669924164528100888506595 elapsed=2048s
progress: nodes=12,300,000,000 tested=26 found=0 n=736059780642400624333935 elapsed=2049s
progress: nodes=12,310,000,000 tested=26 found=0 n=816775463118042591722955 elapsed=2049s
progress: nodes=12,320,000,000 tested=26 found=0 n=498195112568952794796405 elapsed=2050s
progress: nodes=12,330,000,000 tested=26 found=0 n=661345673189254020682605 elapsed=2050s
progress: nodes=12,340,000,000 tested=26 found=0 n=556763256705294735470055 elapsed=2051s
progress: nodes=12,350,000,000 tested=26 found=0 n=446360820882250786061715 elapsed=2051s
progress: nodes=12,360,000,000 tested=26 found=0 n=902421069671994000520095 elapsed=2052s
progress: nodes=12,370,000,000 tested=26 found=0 n=800346691129890195577935 elapsed=2052s
progress: nodes=12,380,000,000 tested=26 found=0 n=834499391236683183128205 elapsed=2052s
progress: nodes=12,390,000,000 tested=26 found=0 n=743008653392983648595595 elapsed=2053s
progress: nodes=12,400,000,000 tested=26 found=0 n=814566013316283166281585 elapsed=2053s
progress: nodes=12,410,000,000 tested=26 found=0 n=979454710596536321368815 elapsed=2054s
progress: nodes=12,420,000,000 tested=26 found=0 n=456851807299612189645785 elapsed=2054s
progress: nodes=12,430,000,000 tested=26 found=0 n=692415706887667553671485 elapsed=2055s
progress: nodes=12,440,000,000 tested=26 found=0 n=388862916427495087977465 elapsed=2055s
progress: nodes=12,450,000,000 tested=26 found=0 n=421512703945566098847795 elapsed=2055s
progress: nodes=12,460,000,000 tested=26 found=0 n=717209038020157719402465 elapsed=2056s
progress: nodes=12,470,000,000 tested=26 found=0 n=938372837341191621535485 elapsed=2056s
progress: nodes=12,480,000,000 tested=26 found=0 n=658295224155971682587505 elapsed=2057s
progress: nodes=12,490,000,000 tested=26 found=0 n=913278359574844767086715 elapsed=2057s
progress: nodes=12,500,000,000 tested=26 found=0 n=661028824968055600009635 elapsed=2058s
progress: nodes=12,510,000,000 tested=26 found=0 n=512627035926896963156205 elapsed=2058s
progress: nodes=12,520,000,000 tested=26 found=0 n=994910344686315951541065 elapsed=2059s
progress: nodes=12,530,000,000 tested=26 found=0 n=854235785907721717899795 elapsed=2059s
progress: nodes=12,540,000,000 tested=26 found=0 n=379005762698343252077265 elapsed=2059s
progress: nodes=12,550,000,000 tested=26 found=0 n=821896893060082451503155 elapsed=2060s
progress: nodes=12,560,000,000 tested=26 found=0 n=841746305224303431583455 elapsed=2060s
progress: nodes=12,570,000,000 tested=26 found=0 n=759753652694169836898855 elapsed=2061s
progress: nodes=12,580,000,000 tested=26 found=0 n=679331219035106493869805 elapsed=2061s
progress: nodes=12,590,000,000 tested=26 found=0 n=800477696115564494458365 elapsed=2062s
progress: nodes=12,600,000,000 tested=26 found=0 n=734506591604550659036505 elapsed=2062s
progress: nodes=12,610,000,000 tested=26 found=0 n=584836980338972965678965 elapsed=2063s
progress: nodes=12,620,000,000 tested=26 found=0 n=994895908285747711380885 elapsed=2063s
progress: nodes=12,630,000,000 tested=26 found=0 n=507929975042338696499685 elapsed=2063s
progress: nodes=12,640,000,000 tested=26 found=0 n=375329569986385243676865 elapsed=2064s
progress: nodes=12,650,000,000 tested=26 found=0 n=922866959147296771306215 elapsed=2064s
progress: nodes=12,660,000,000 tested=26 found=0 n=886952943882449326477485 elapsed=2065s
progress: nodes=12,670,000,000 tested=26 found=0 n=740458486803417134921685 elapsed=2065s
progress: nodes=12,680,000,000 tested=26 found=0 n=988183840344962485755465 elapsed=2066s
progress: nodes=12,690,000,000 tested=26 found=0 n=956532399554395919419065 elapsed=2066s
progress: nodes=12,700,000,000 tested=26 found=0 n=640531959191474040329265 elapsed=2066s
progress: nodes=12,710,000,000 tested=26 found=0 n=673917025022367508316385 elapsed=2067s
progress: nodes=12,720,000,000 tested=26 found=0 n=865488249738497899513395 elapsed=2067s
progress: nodes=12,730,000,000 tested=26 found=0 n=941273500900737911450445 elapsed=2068s
progress: nodes=12,740,000,000 tested=26 found=0 n=943614177852916840873185 elapsed=2068s
progress: nodes=12,750,000,000 tested=26 found=0 n=797043714992283626425305 elapsed=2069s
progress: nodes=12,760,000,000 tested=26 found=0 n=616394580719899624973055 elapsed=2069s
progress: nodes=12,770,000,000 tested=26 found=0 n=792605856668027319411615 elapsed=2070s
progress: nodes=12,780,000,000 tested=26 found=0 n=945497498337335087094555 elapsed=2070s
progress: nodes=12,790,000,000 tested=26 found=0 n=907822164410512978207185 elapsed=2070s
progress: nodes=12,800,000,000 tested=26 found=0 n=518540947189713670333815 elapsed=2071s
progress: nodes=12,810,000,000 tested=26 found=0 n=828191096794476456902685 elapsed=2071s
progress: nodes=12,820,000,000 tested=26 found=0 n=819041689669123320849405 elapsed=2072s
progress: nodes=12,830,000,000 tested=26 found=0 n=894508211554245510510915 elapsed=2072s
progress: nodes=12,840,000,000 tested=26 found=0 n=772744212053660821234095 elapsed=2073s
progress: nodes=12,850,000,000 tested=26 found=0 n=605660176758035460702465 elapsed=2073s
progress: nodes=12,860,000,000 tested=26 found=0 n=792815512769116892832645 elapsed=2073s
progress: nodes=12,870,000,000 tested=26 found=0 n=822372558019705271139165 elapsed=2074s
progress: nodes=12,880,000,000 tested=26 found=0 n=607599789532861698842445 elapsed=2074s
progress: nodes=12,890,000,000 tested=26 found=0 n=620800644448360427687955 elapsed=2075s
progress: nodes=12,900,000,000 tested=26 found=0 n=960555300593287155029955 elapsed=2075s
progress: nodes=12,910,000,000 tested=26 found=0 n=889138304169988515155865 elapsed=2076s
progress: nodes=12,920,000,000 tested=26 found=0 n=904831377322433657629005 elapsed=2076s
progress: nodes=12,930,000,000 tested=26 found=0 n=914879098145989045116135 elapsed=2077s
progress: nodes=12,940,000,000 tested=26 found=0 n=732255812121085516048455 elapsed=2077s
progress: nodes=12,950,000,000 tested=26 found=0 n=709902135004527414232965 elapsed=2077s
progress: nodes=12,960,000,000 tested=26 found=0 n=980267369407061227703145 elapsed=2078s
progress: nodes=12,970,000,000 tested=26 found=0 n=729741101702960383641495 elapsed=2078s
progress: nodes=12,980,000,000 tested=26 found=0 n=672768790605525392820855 elapsed=2079s
progress: nodes=12,990,000,000 tested=26 found=0 n=925043581113679507405365 elapsed=2079s
progress: nodes=13,000,000,000 tested=26 found=0 n=733861470322667528375985 elapsed=2080s
progress: nodes=13,010,000,000 tested=26 found=0 n=856966196325054213563715 elapsed=2080s
progress: nodes=13,020,000,000 tested=26 found=0 n=817150550970079326760155 elapsed=2080s
progress: nodes=13,030,000,000 tested=26 found=0 n=997814163506218566765345 elapsed=2081s
progress: nodes=13,040,000,000 tested=26 found=0 n=922914128120573697165585 elapsed=2081s
progress: nodes=13,050,000,000 tested=26 found=0 n=451909104122592640903005 elapsed=2082s
progress: nodes=13,060,000,000 tested=26 found=0 n=785528857590460655662485 elapsed=2082s
progress: nodes=13,070,000,000 tested=26 found=0 n=706182775282386250932105 elapsed=2083s
progress: nodes=13,080,000,000 tested=26 found=0 n=431679559319370136562535 elapsed=2083s
progress: nodes=13,090,000,000 tested=26 found=0 n=871076284399649954900835 elapsed=2084s
progress: nodes=13,100,000,000 tested=26 found=0 n=882031441254782592993615 elapsed=2084s
progress: nodes=13,110,000,000 tested=26 found=0 n=787267359695303695098495 elapsed=2084s
progress: nodes=13,120,000,000 tested=26 found=0 n=981732873241953892490805 elapsed=2085s
progress: nodes=13,130,000,000 tested=26 found=0 n=563818757970673781520615 elapsed=2085s
progress: nodes=13,140,000,000 tested=26 found=0 n=551241686920152673206135 elapsed=2086s
progress: nodes=13,150,000,000 tested=26 found=0 n=570995841521556025552395 elapsed=2086s
progress: nodes=13,160,000,000 tested=26 found=0 n=456079745059960729423815 elapsed=2087s
progress: nodes=13,170,000,000 tested=26 found=0 n=709095193562016957855555 elapsed=2087s
progress: nodes=13,180,000,000 tested=26 found=0 n=956063966816596609702665 elapsed=2088s
progress: nodes=13,190,000,000 tested=26 found=0 n=939254684201937423316755 elapsed=2088s
progress: nodes=13,200,000,000 tested=26 found=0 n=713034447021211302243135 elapsed=2088s
progress: nodes=13,210,000,000 tested=26 found=0 n=613174346697532426027155 elapsed=2089s
progress: nodes=13,220,000,000 tested=26 found=0 n=658326618877378077208395 elapsed=2089s
progress: nodes=13,230,000,000 tested=26 found=0 n=743072653266874732646955 elapsed=2090s
progress: nodes=13,240,000,000 tested=26 found=0 n=535363752539245320949995 elapsed=2090s
progress: nodes=13,250,000,000 tested=26 found=0 n=596418718372423162231455 elapsed=2091s
progress: nodes=13,260,000,000 tested=26 found=0 n=446227190861984197968555 elapsed=2091s
progress: nodes=13,270,000,000 tested=26 found=0 n=596441219873291452143495 elapsed=2091s
progress: nodes=13,280,000,000 tested=26 found=0 n=863364104417050876150335 elapsed=2092s
progress: nodes=13,290,000,000 tested=26 found=0 n=653189774486881672956465 elapsed=2092s
progress: nodes=13,300,000,000 tested=26 found=0 n=611024888178132144894045 elapsed=2093s
progress: nodes=13,310,000,000 tested=26 found=0 n=609241359906269987960745 elapsed=2093s
progress: nodes=13,320,000,000 tested=26 found=0 n=635497916255038385169885 elapsed=2094s
progress: nodes=13,330,000,000 tested=26 found=0 n=691214199665636250950445 elapsed=2094s
progress: nodes=13,340,000,000 tested=26 found=0 n=984199387536533464114995 elapsed=2095s
progress: nodes=13,350,000,000 tested=26 found=0 n=940940503763467857931215 elapsed=2095s
progress: nodes=13,360,000,000 tested=26 found=0 n=899464880107560626064315 elapsed=2095s
progress: nodes=13,370,000,000 tested=26 found=0 n=769605216641811013923855 elapsed=2096s
progress: nodes=13,380,000,000 tested=26 found=0 n=963570874415907444228135 elapsed=2096s
progress: nodes=13,390,000,000 tested=26 found=0 n=718599739075249810263705 elapsed=2097s
progress: nodes=13,400,000,000 tested=26 found=0 n=834196077268205376512205 elapsed=2097s
progress: nodes=13,410,000,000 tested=26 found=0 n=631809427611246497837235 elapsed=2098s
progress: nodes=13,420,000,000 tested=26 found=0 n=583465823558028364986945 elapsed=2098s
progress: nodes=13,430,000,000 tested=26 found=0 n=895874265056266213213485 elapsed=2098s
progress: nodes=13,440,000,000 tested=26 found=0 n=877789917981443822626755 elapsed=2099s
progress: nodes=13,450,000,000 tested=26 found=0 n=864022244381748621922005 elapsed=2099s
progress: nodes=13,460,000,000 tested=26 found=0 n=901237154162925085064955 elapsed=2100s
progress: nodes=13,470,000,000 tested=26 found=0 n=519435544438068185759535 elapsed=2100s
progress: nodes=13,480,000,000 tested=26 found=0 n=643709411410963116868605 elapsed=2101s
progress: nodes=13,490,000,000 tested=26 found=0 n=335538669947377544257005 elapsed=2101s
progress: nodes=13,500,000,000 tested=26 found=0 n=883974303184779382713885 elapsed=2102s
progress: nodes=13,510,000,000 tested=26 found=0 n=743028201644225055955605 elapsed=2102s
progress: nodes=13,520,000,000 tested=26 found=0 n=937106803986742945636245 elapsed=2102s
progress: nodes=13,530,000,000 tested=26 found=0 n=713958919530178971997755 elapsed=2103s
progress: nodes=13,540,000,000 tested=26 found=0 n=765238903843988253926565 elapsed=2103s
progress: nodes=13,550,000,000 tested=26 found=0 n=945858627749338817311215 elapsed=2104s
progress: nodes=13,560,000,000 tested=26 found=0 n=589234755217242368035395 elapsed=2104s
progress: nodes=13,570,000,000 tested=26 found=0 n=696997463319300270818295 elapsed=2105s
progress: nodes=13,580,000,000 tested=26 found=0 n=851780733363270824111955 elapsed=2105s
progress: nodes=13,590,000,000 tested=26 found=0 n=914755316755533885723465 elapsed=2106s
progress: nodes=13,600,000,000 tested=26 found=0 n=952006014974804604659955 elapsed=2106s
progress: nodes=13,610,000,000 tested=26 found=0 n=925202791224591186454785 elapsed=2106s
progress: nodes=13,620,000,000 tested=26 found=0 n=746028614233145947486365 elapsed=2107s
progress: nodes=13,630,000,000 tested=26 found=0 n=468942876279787660533585 elapsed=2107s
progress: nodes=13,640,000,000 tested=26 found=0 n=759267654859789049033235 elapsed=2108s
progress: nodes=13,650,000,000 tested=26 found=0 n=975357315504895768620615 elapsed=2108s
progress: nodes=13,660,000,000 tested=26 found=0 n=755502899354303153679945 elapsed=2109s
progress: nodes=13,670,000,000 tested=26 found=0 n=879116269767742910624985 elapsed=2109s
progress: nodes=13,680,000,000 tested=26 found=0 n=739396604388472802438535 elapsed=2110s
progress: nodes=13,690,000,000 tested=26 found=0 n=712484004963952068017445 elapsed=2110s
progress: nodes=13,700,000,000 tested=26 found=0 n=712116669686609907607635 elapsed=2110s
progress: nodes=13,710,000,000 tested=26 found=0 n=934906182539196427613955 elapsed=2111s
progress: nodes=13,720,000,000 tested=26 found=0 n=600259348990695825566685 elapsed=2111s
progress: nodes=13,730,000,000 tested=26 found=0 n=639483759733580982371745 elapsed=2112s
progress: nodes=13,740,000,000 tested=26 found=0 n=951063834079753082338815 elapsed=2112s
progress: nodes=13,750,000,000 tested=26 found=0 n=441753510271672178404605 elapsed=2113s
progress: nodes=13,760,000,000 tested=26 found=0 n=511291395279464395912965 elapsed=2113s
progress: nodes=13,770,000,000 tested=26 found=0 n=606900666578529475084185 elapsed=2114s
progress: nodes=13,780,000,000 tested=26 found=0 n=622566897136122979477305 elapsed=2114s
progress: nodes=13,790,000,000 tested=26 found=0 n=881649588526345024249545 elapsed=2115s
progress: nodes=13,800,000,000 tested=26 found=0 n=484009235278128223974585 elapsed=2115s
progress: nodes=13,810,000,000 tested=26 found=0 n=998250829104945179044215 elapsed=2115s
progress: nodes=13,820,000,000 tested=26 found=0 n=650934254773231590224745 elapsed=2116s
progress: nodes=13,830,000,000 tested=26 found=0 n=670558565689709817506265 elapsed=2116s
progress: nodes=13,840,000,000 tested=26 found=0 n=471835265894075658123945 elapsed=2117s
progress: nodes=13,850,000,000 tested=26 found=0 n=472464577878398693086455 elapsed=2117s
progress: nodes=13,860,000,000 tested=26 found=0 n=978216108104397421339245 elapsed=2118s
progress: nodes=13,870,000,000 tested=26 found=0 n=976358476069928301392955 elapsed=2118s
progress: nodes=13,880,000,000 tested=26 found=0 n=747075677468272479521865 elapsed=2119s
progress: nodes=13,890,000,000 tested=26 found=0 n=949816143110287278810765 elapsed=2119s
progress: nodes=13,900,000,000 tested=26 found=0 n=786968281758928303340955 elapsed=2120s
progress: nodes=13,910,000,000 tested=26 found=0 n=890770472155370965925745 elapsed=2120s
progress: nodes=13,920,000,000 tested=26 found=0 n=826997332229980146759645 elapsed=2120s
progress: nodes=13,930,000,000 tested=26 found=0 n=799163109876998976286815 elapsed=2121s
progress: nodes=13,940,000,000 tested=26 found=0 n=968365950495897354975585 elapsed=2121s
progress: nodes=13,950,000,000 tested=26 found=0 n=988823130421030053188985 elapsed=2122s
progress: nodes=13,960,000,000 tested=26 found=0 n=632640120118903696769145 elapsed=2122s
progress: nodes=13,970,000,000 tested=26 found=0 n=752084159233576254816555 elapsed=2123s
progress: nodes=13,980,000,000 tested=26 found=0 n=560958986995738475309055 elapsed=2123s
progress: nodes=13,990,000,000 tested=26 found=0 n=766005145449057798391305 elapsed=2124s
progress: nodes=14,000,000,000 tested=26 found=0 n=864154027275229474002945 elapsed=2124s
progress: nodes=14,010,000,000 tested=26 found=0 n=918966978353525510785365 elapsed=2125s
progress: nodes=14,020,000,000 tested=26 found=0 n=588742329991619747227185 elapsed=2125s
progress: nodes=14,030,000,000 tested=26 found=0 n=575687735457571403112105 elapsed=2125s
progress: nodes=14,040,000,000 tested=26 found=0 n=955356623597370719102895 elapsed=2126s
progress: nodes=14,050,000,000 tested=26 found=0 n=597042095195542656503745 elapsed=2126s
progress: nodes=14,060,000,000 tested=26 found=0 n=570160428297293973188115 elapsed=2127s
progress: nodes=14,070,000,000 tested=26 found=0 n=605302651618326103464495 elapsed=2127s
progress: nodes=14,080,000,000 tested=26 found=0 n=474088087579120808161005 elapsed=2128s
progress: nodes=14,090,000,000 tested=26 found=0 n=837185592223039236214455 elapsed=2128s
progress: nodes=14,100,000,000 tested=26 found=0 n=862981167036723898129065 elapsed=2129s
progress: nodes=14,110,000,000 tested=26 found=0 n=960159614544193456326285 elapsed=2129s
progress: nodes=14,120,000,000 tested=26 found=0 n=917507932652088074038005 elapsed=2129s
progress: nodes=14,130,000,000 tested=26 found=0 n=567508054050824041218195 elapsed=2130s
progress: nodes=14,140,000,000 tested=26 found=0 n=761190542869136290241265 elapsed=2130s
progress: nodes=14,150,000,000 tested=26 found=0 n=687545457321548629542915 elapsed=2131s
progress: nodes=14,160,000,000 tested=26 found=0 n=761428303125788369603565 elapsed=2131s
progress: nodes=14,170,000,000 tested=26 found=0 n=720657503875219378211865 elapsed=2132s
progress: nodes=14,180,000,000 tested=26 found=0 n=753481276471428602479965 elapsed=2132s
progress: nodes=14,190,000,000 tested=26 found=0 n=518485507544529753811605 elapsed=2133s
progress: nodes=14,200,000,000 tested=26 found=0 n=618266457795815500973895 elapsed=2133s
progress: nodes=14,210,000,000 tested=26 found=0 n=788244330631033106884845 elapsed=2134s
progress: nodes=14,220,000,000 tested=26 found=0 n=583435073480606990031015 elapsed=2134s
progress: nodes=14,230,000,000 tested=26 found=0 n=568624182900834794724045 elapsed=2135s
progress: nodes=14,240,000,000 tested=26 found=0 n=657915131611612151515755 elapsed=2135s
progress: nodes=14,250,000,000 tested=26 found=0 n=560735403473508532093935 elapsed=2135s
progress: nodes=14,260,000,000 tested=26 found=0 n=589759238108192144574285 elapsed=2136s
progress: nodes=14,270,000,000 tested=26 found=0 n=808552010190625104131145 elapsed=2136s
progress: nodes=14,280,000,000 tested=26 found=0 n=795453976974122610797565 elapsed=2137s
progress: nodes=14,290,000,000 tested=26 found=0 n=786039543653345163110115 elapsed=2137s
progress: nodes=14,300,000,000 tested=26 found=0 n=757237240880308740423465 elapsed=2138s
progress: nodes=14,310,000,000 tested=26 found=0 n=806757457398735607988355 elapsed=2138s
progress: nodes=14,320,000,000 tested=26 found=0 n=842665244060490699355155 elapsed=2139s
progress: nodes=14,330,000,000 tested=26 found=0 n=790531535690888513674185 elapsed=2139s
progress: nodes=14,340,000,000 tested=26 found=0 n=710539732371505040364195 elapsed=2140s
progress: nodes=14,350,000,000 tested=26 found=0 n=649102235201903881373085 elapsed=2140s
progress: nodes=14,360,000,000 tested=26 found=0 n=706536893871485527048605 elapsed=2140s
progress: nodes=14,370,000,000 tested=26 found=0 n=720720100779780165322005 elapsed=2141s
progress: nodes=14,380,000,000 tested=26 found=0 n=858305289315294485550765 elapsed=2141s
progress: nodes=14,390,000,000 tested=26 found=0 n=804685237375359489182055 elapsed=2142s
progress: nodes=14,400,000,000 tested=26 found=0 n=942012550309746335987655 elapsed=2142s
progress: nodes=14,410,000,000 tested=26 found=0 n=836312971965385531998645 elapsed=2143s
progress: nodes=14,420,000,000 tested=26 found=0 n=415304523418468350630645 elapsed=2143s
progress: nodes=14,430,000,000 tested=26 found=0 n=891813208875745632795495 elapsed=2144s
progress: nodes=14,440,000,000 tested=26 found=0 n=471485502338556781752435 elapsed=2144s
progress: nodes=14,450,000,000 tested=26 found=0 n=772086929478296160941685 elapsed=2145s
progress: nodes=14,460,000,000 tested=26 found=0 n=406762396983150972567705 elapsed=2145s
progress: nodes=14,470,000,000 tested=26 found=0 n=578112163228901605917195 elapsed=2145s
progress: nodes=14,480,000,000 tested=26 found=0 n=964752006863322555575445 elapsed=2146s
progress: nodes=14,490,000,000 tested=26 found=0 n=820755160515406645996995 elapsed=2146s
progress: nodes=14,500,000,000 tested=26 found=0 n=574599536632311520750695 elapsed=2147s
progress: nodes=14,510,000,000 tested=26 found=0 n=977100309403737744718845 elapsed=2147s
progress: nodes=14,520,000,000 tested=26 found=0 n=509152410777755692791855 elapsed=2148s
progress: nodes=14,530,000,000 tested=26 found=0 n=572095743287122369685205 elapsed=2148s
progress: nodes=14,540,000,000 tested=26 found=0 n=607085496148576620349845 elapsed=2149s
progress: nodes=14,550,000,000 tested=26 found=0 n=783426888145064370921615 elapsed=2149s
progress: nodes=14,560,000,000 tested=26 found=0 n=658219995644153886218385 elapsed=2150s
progress: nodes=14,570,000,000 tested=26 found=0 n=871508872459108634427765 elapsed=2150s
progress: nodes=14,580,000,000 tested=26 found=0 n=893518123970754194857065 elapsed=2150s
progress: nodes=14,590,000,000 tested=26 found=0 n=917354005162361932149765 elapsed=2151s
progress: nodes=14,600,000,000 tested=26 found=0 n=554151004499308408463205 elapsed=2151s
progress: nodes=14,610,000,000 tested=26 found=0 n=612829102385679171316335 elapsed=2152s
progress: nodes=14,620,000,000 tested=26 found=0 n=595433703918985519882635 elapsed=2152s
progress: nodes=14,630,000,000 tested=26 found=0 n=555838245160611492688785 elapsed=2153s
progress: nodes=14,640,000,000 tested=26 found=0 n=817056458226103632081435 elapsed=2153s
progress: nodes=14,650,000,000 tested=26 found=0 n=534235445919880798865805 elapsed=2154s
progress: nodes=14,660,000,000 tested=26 found=0 n=865726963857590434435935 elapsed=2154s
progress: nodes=14,670,000,000 tested=26 found=0 n=999469124160882548454765 elapsed=2155s
progress: nodes=14,680,000,000 tested=26 found=0 n=896573073682003054069755 elapsed=2155s
progress: nodes=14,690,000,000 tested=26 found=0 n=857331771797694734477145 elapsed=2156s
progress: nodes=14,700,000,000 tested=26 found=0 n=941873800176742659906735 elapsed=2156s
progress: nodes=14,710,000,000 tested=26 found=0 n=774609519473296952124735 elapsed=2156s
progress: nodes=14,720,000,000 tested=26 found=0 n=859986896694414401536965 elapsed=2157s
progress: nodes=14,730,000,000 tested=26 found=0 n=432263583233099770037985 elapsed=2157s
progress: nodes=14,740,000,000 tested=26 found=0 n=954055485107994932223165 elapsed=2158s
progress: nodes=14,750,000,000 tested=26 found=0 n=430021470630228034237515 elapsed=2158s
progress: nodes=14,760,000,000 tested=26 found=0 n=448145012224449425829735 elapsed=2159s
progress: nodes=14,770,000,000 tested=26 found=0 n=632155231007109877444245 elapsed=2159s
progress: nodes=14,780,000,000 tested=26 found=0 n=751636193917411043441145 elapsed=2160s
progress: nodes=14,790,000,000 tested=26 found=0 n=776007792507839108025105 elapsed=2160s
progress: nodes=14,800,000,000 tested=26 found=0 n=963410131346530644042255 elapsed=2160s
progress: nodes=14,810,000,000 tested=26 found=0 n=775644753119715586654965 elapsed=2161s
progress: nodes=14,820,000,000 tested=26 found=0 n=904032934265737079995455 elapsed=2161s
progress: nodes=14,830,000,000 tested=26 found=0 n=898765844056890503231835 elapsed=2162s
progress: nodes=14,840,000,000 tested=26 found=0 n=840850775156311265050155 elapsed=2162s
progress: nodes=14,850,000,000 tested=26 found=0 n=451808049579760392972255 elapsed=2163s
progress: nodes=14,860,000,000 tested=26 found=0 n=483476131814129410323015 elapsed=2163s
progress: nodes=14,870,000,000 tested=26 found=0 n=911255799988157175415215 elapsed=2164s
progress: nodes=14,880,000,000 tested=26 found=0 n=590385787101091075360365 elapsed=2164s
progress: nodes=14,890,000,000 tested=26 found=0 n=982304904050725158652815 elapsed=2165s
progress: nodes=14,900,000,000 tested=26 found=0 n=945295495380171791767395 elapsed=2165s
progress: nodes=14,910,000,000 tested=26 found=0 n=847648241612992319410845 elapsed=2165s
progress: nodes=14,920,000,000 tested=26 found=0 n=958961604779702243342865 elapsed=2166s
progress: nodes=14,930,000,000 tested=26 found=0 n=813346457049916670860155 elapsed=2166s
progress: nodes=14,940,000,000 tested=26 found=0 n=840988039457154176622045 elapsed=2167s
progress: nodes=14,950,000,000 tested=26 found=0 n=726749398587090338713935 elapsed=2167s
progress: nodes=14,960,000,000 tested=26 found=0 n=822024997649834062625145 elapsed=2168s
progress: nodes=14,970,000,000 tested=26 found=0 n=689630035243060816631595 elapsed=2168s
progress: nodes=14,980,000,000 tested=26 found=0 n=882687880944315112135095 elapsed=2169s
progress: nodes=14,990,000,000 tested=26 found=0 n=880997660886206185749405 elapsed=2169s
progress: nodes=15,000,000,000 tested=26 found=0 n=575225061132764949331095 elapsed=2170s
progress: nodes=15,010,000,000 tested=26 found=0 n=538928799228237504944385 elapsed=2170s
progress: nodes=15,020,000,000 tested=26 found=0 n=476129893024776262907745 elapsed=2171s
progress: nodes=15,030,000,000 tested=26 found=0 n=977364855324916708224465 elapsed=2171s
progress: nodes=15,040,000,000 tested=26 found=0 n=858537256935832196837895 elapsed=2171s
progress: nodes=15,050,000,000 tested=26 found=0 n=684652490556106478349735 elapsed=2172s
progress: nodes=15,060,000,000 tested=26 found=0 n=869911744473058216152465 elapsed=2172s
progress: nodes=15,070,000,000 tested=26 found=0 n=949084503494441110939395 elapsed=2173s
progress: nodes=15,080,000,000 tested=26 found=0 n=717018944701526668649745 elapsed=2173s
progress: nodes=15,090,000,000 tested=26 found=0 n=707632046308475951474295 elapsed=2174s
progress: nodes=15,100,000,000 tested=26 found=0 n=858923461965993754017105 elapsed=2174s
progress: nodes=15,110,000,000 tested=26 found=0 n=879440536403530022816235 elapsed=2175s
progress: nodes=15,120,000,000 tested=26 found=0 n=868418730105347517868035 elapsed=2175s
progress: nodes=15,130,000,000 tested=26 found=0 n=854286952287052481566545 elapsed=2176s
progress: nodes=15,140,000,000 tested=26 found=0 n=775020947435968529566215 elapsed=2176s
progress: nodes=15,150,000,000 tested=26 found=0 n=953309051357014575168165 elapsed=2176s
progress: nodes=15,160,000,000 tested=26 found=0 n=911051526458805181847595 elapsed=2177s
progress: nodes=15,170,000,000 tested=26 found=0 n=657170730685427090468985 elapsed=2177s
progress: nodes=15,180,000,000 tested=26 found=0 n=945245714346356799013605 elapsed=2178s
progress: nodes=15,190,000,000 tested=26 found=0 n=942983976352625877214215 elapsed=2178s
progress: nodes=15,200,000,000 tested=26 found=0 n=984815930943918261905805 elapsed=2179s
progress: nodes=15,210,000,000 tested=26 found=0 n=552503965327319512188495 elapsed=2179s
progress: nodes=15,220,000,000 tested=26 found=0 n=852541588536456122039835 elapsed=2180s
progress: nodes=15,230,000,000 tested=26 found=0 n=899556360121355919556365 elapsed=2180s
progress: nodes=15,240,000,000 tested=26 found=0 n=855407257730867735876565 elapsed=2180s
progress: nodes=15,250,000,000 tested=26 found=0 n=878542696934613335385585 elapsed=2181s
progress: nodes=15,260,000,000 tested=26 found=0 n=673400802581149411076715 elapsed=2181s
progress: nodes=15,270,000,000 tested=26 found=0 n=909127237522009061868345 elapsed=2182s
progress: nodes=15,280,000,000 tested=26 found=0 n=960086895733467158256765 elapsed=2182s
progress: nodes=15,290,000,000 tested=26 found=0 n=886820596844831573938695 elapsed=2183s
progress: nodes=15,300,000,000 tested=26 found=0 n=878166552943993168734615 elapsed=2183s
progress: nodes=15,310,000,000 tested=26 found=0 n=795434526615414933882855 elapsed=2184s
progress: nodes=15,320,000,000 tested=26 found=0 n=897085469426354316651015 elapsed=2184s
progress: nodes=15,330,000,000 tested=26 found=0 n=599810096287586637311265 elapsed=2185s
progress: nodes=15,340,000,000 tested=26 found=0 n=934938236285282973001995 elapsed=2185s
progress: nodes=15,350,000,000 tested=26 found=0 n=578289549200845743031815 elapsed=2185s
progress: nodes=15,360,000,000 tested=26 found=0 n=472999829965088075525205 elapsed=2186s
progress: nodes=15,370,000,000 tested=26 found=0 n=572524551079444079449245 elapsed=2186s
progress: nodes=15,380,000,000 tested=26 found=0 n=985080770740752298776405 elapsed=2187s
progress: nodes=15,390,000,000 tested=26 found=0 n=936920677239111349567035 elapsed=2187s
progress: nodes=15,400,000,000 tested=26 found=0 n=617840308594615157097255 elapsed=2188s
progress: nodes=15,410,000,000 tested=26 found=0 n=848906867408734559594565 elapsed=2188s
progress: nodes=15,420,000,000 tested=26 found=0 n=734193645926033583947745 elapsed=2189s
progress: nodes=15,430,000,000 tested=26 found=0 n=865114064064118536178005 elapsed=2189s
progress: nodes=15,440,000,000 tested=26 found=0 n=641860649861862838385385 elapsed=2190s
progress: nodes=15,450,000,000 tested=26 found=0 n=506349007102733061316005 elapsed=2190s
progress: nodes=15,460,000,000 tested=26 found=0 n=998935003876872277871865 elapsed=2190s
progress: nodes=15,470,000,000 tested=26 found=0 n=776256735117506535898335 elapsed=2191s
progress: nodes=15,480,000,000 tested=26 found=0 n=600799690376124276523365 elapsed=2191s
progress: nodes=15,490,000,000 tested=26 found=0 n=938764543283292092103495 elapsed=2192s
progress: nodes=15,500,000,000 tested=26 found=0 n=934937656266818991817305 elapsed=2192s
progress: nodes=15,510,000,000 tested=26 found=0 n=786386972987440702181865 elapsed=2193s
progress: nodes=15,520,000,000 tested=26 found=0 n=443519431728713592885765 elapsed=2193s
progress: nodes=15,530,000,000 tested=26 found=0 n=894540548066834037807405 elapsed=2194s
progress: nodes=15,540,000,000 tested=26 found=0 n=548288549628685902877005 elapsed=2194s
progress: nodes=15,550,000,000 tested=26 found=0 n=818500196704506823119195 elapsed=2195s
progress: nodes=15,560,000,000 tested=26 found=0 n=779090409143153418139785 elapsed=2195s
progress: nodes=15,570,000,000 tested=26 found=0 n=898151473091328873453135 elapsed=2195s
progress: nodes=15,580,000,000 tested=26 found=0 n=847701018818978565669615 elapsed=2196s
progress: nodes=15,590,000,000 tested=26 found=0 n=826958215772655471068355 elapsed=2196s
progress: nodes=15,600,000,000 tested=26 found=0 n=857458633792178097438165 elapsed=2197s
progress: nodes=15,610,000,000 tested=26 found=0 n=532300303688073559149555 elapsed=2197s
progress: nodes=15,620,000,000 tested=26 found=0 n=836088296703042839230665 elapsed=2198s
progress: nodes=15,630,000,000 tested=26 found=0 n=918200041186082637283785 elapsed=2198s
progress: nodes=15,640,000,000 tested=26 found=0 n=833443648916767240504185 elapsed=2199s
progress: nodes=15,650,000,000 tested=26 found=0 n=828786089235631947528735 elapsed=2199s
progress: nodes=15,660,000,000 tested=26 found=0 n=927388740758761116036135 elapsed=2200s
progress: nodes=15,670,000,000 tested=26 found=0 n=638020551999753604730565 elapsed=2200s
progress: nodes=15,680,000,000 tested=26 found=0 n=616885596291046339151235 elapsed=2200s
progress: nodes=15,690,000,000 tested=26 found=0 n=739097738138122566068745 elapsed=2201s
progress: nodes=15,700,000,000 tested=26 found=0 n=808240984979354238019455 elapsed=2201s
progress: nodes=15,710,000,000 tested=26 found=0 n=828966915841589572594635 elapsed=2202s
progress: nodes=15,720,000,000 tested=26 found=0 n=876651252807207669927795 elapsed=2202s
progress: nodes=15,730,000,000 tested=26 found=0 n=725704739931020717399895 elapsed=2203s
progress: nodes=15,740,000,000 tested=26 found=0 n=708360749612902845120915 elapsed=2203s
progress: nodes=15,750,000,000 tested=26 found=0 n=516957937258678119037845 elapsed=2204s
progress: nodes=15,760,000,000 tested=26 found=0 n=724811330389697887170285 elapsed=2204s
progress: nodes=15,770,000,000 tested=26 found=0 n=839009156069305839078945 elapsed=2205s
progress: nodes=15,780,000,000 tested=26 found=0 n=931190428659642603198615 elapsed=2205s
progress: nodes=15,790,000,000 tested=26 found=0 n=627209731109206161244845 elapsed=2205s
progress: nodes=15,800,000,000 tested=26 found=0 n=886985666783541132312285 elapsed=2206s
progress: nodes=15,810,000,000 tested=26 found=0 n=913492034330323147796745 elapsed=2206s
progress: nodes=15,820,000,000 tested=26 found=0 n=775488199794402398892885 elapsed=2207s
progress: nodes=15,830,000,000 tested=26 found=0 n=816637442094559005470055 elapsed=2207s
progress: nodes=15,840,000,000 tested=26 found=0 n=791584264512812746350045 elapsed=2208s
progress: nodes=15,850,000,000 tested=26 found=0 n=739697676437630914186095 elapsed=2208s
progress: nodes=15,860,000,000 tested=26 found=0 n=901568877902973386660565 elapsed=2209s
progress: nodes=15,870,000,000 tested=26 found=0 n=738201860818376878594935 elapsed=2209s
progress: nodes=15,880,000,000 tested=26 found=0 n=760625645200917965775405 elapsed=2209s
progress: nodes=15,890,000,000 tested=26 found=0 n=789921609619877074148985 elapsed=2210s
progress: nodes=15,900,000,000 tested=26 found=0 n=827076044003618404076895 elapsed=2210s
progress: nodes=15,910,000,000 tested=26 found=0 n=788644526305445390458845 elapsed=2211s
progress: nodes=15,920,000,000 tested=26 found=0 n=931091264692179085647405 elapsed=2211s
progress: nodes=15,930,000,000 tested=26 found=0 n=854888703542090564684535 elapsed=2212s
progress: nodes=15,940,000,000 tested=26 found=0 n=818007881039219441584035 elapsed=2212s
progress: nodes=15,950,000,000 tested=26 found=0 n=998889316798698583087005 elapsed=2213s
progress: nodes=15,960,000,000 tested=26 found=0 n=835878896271723888860265 elapsed=2213s
progress: nodes=15,970,000,000 tested=26 found=0 n=961326419115081977164845 elapsed=2214s
progress: nodes=15,980,000,000 tested=26 found=0 n=719256378225692966272515 elapsed=2214s
progress: nodes=15,990,000,000 tested=26 found=0 n=963085298597423084136735 elapsed=2214s
progress: nodes=16,000,000,000 tested=26 found=0 n=814282094268226358587395 elapsed=2215s
progress: nodes=16,010,000,000 tested=26 found=0 n=503461510218396059178915 elapsed=2215s
progress: nodes=16,020,000,000 tested=26 found=0 n=681935475279629910700845 elapsed=2216s
progress: nodes=16,030,000,000 tested=26 found=0 n=937456370375426497287945 elapsed=2216s
progress: nodes=16,040,000,000 tested=26 found=0 n=753394863255002844407235 elapsed=2217s
progress: nodes=16,050,000,000 tested=26 found=0 n=954756071796601048048965 elapsed=2217s
progress: nodes=16,060,000,000 tested=26 found=0 n=686841237860696239860495 elapsed=2218s
progress: nodes=16,070,000,000 tested=26 found=0 n=824847822835303685438295 elapsed=2218s
progress: nodes=16,080,000,000 tested=26 found=0 n=867585155822588914477965 elapsed=2218s
progress: nodes=16,090,000,000 tested=26 found=0 n=955406621414961677207565 elapsed=2219s
progress: nodes=16,100,000,000 tested=26 found=0 n=652105074038241137911245 elapsed=2219s
progress: nodes=16,110,000,000 tested=26 found=0 n=787143924699640794953865 elapsed=2220s
progress: nodes=16,120,000,000 tested=26 found=0 n=675816454344920913477585 elapsed=2220s
progress: nodes=16,130,000,000 tested=26 found=0 n=910895005112689214057385 elapsed=2221s
progress: nodes=16,140,000,000 tested=26 found=0 n=809186395984879400382015 elapsed=2221s
progress: nodes=16,150,000,000 tested=26 found=0 n=830855420592367333818105 elapsed=2222s
progress: nodes=16,160,000,000 tested=26 found=0 n=961059172067884587068415 elapsed=2222s
progress: nodes=16,170,000,000 tested=26 found=0 n=698665755706467240073635 elapsed=2223s
progress: nodes=16,180,000,000 tested=26 found=0 n=815891457172893234392655 elapsed=2223s
progress: nodes=16,190,000,000 tested=26 found=0 n=607278113993038892455755 elapsed=2223s
progress: nodes=16,200,000,000 tested=26 found=0 n=974889366371142083596845 elapsed=2224s
progress: nodes=16,210,000,000 tested=26 found=0 n=773813081032846956147915 elapsed=2224s
progress: nodes=16,220,000,000 tested=26 found=0 n=854361453501541485567045 elapsed=2225s
progress: nodes=16,230,000,000 tested=26 found=0 n=445865169377111764702455 elapsed=2225s
progress: nodes=16,240,000,000 tested=26 found=0 n=746577293950384679054745 elapsed=2226s
progress: nodes=16,250,000,000 tested=26 found=0 n=774284153142020312388465 elapsed=2226s
progress: nodes=16,260,000,000 tested=26 found=0 n=624244480408306996854165 elapsed=2227s
progress: nodes=16,270,000,000 tested=26 found=0 n=523561775012067781607805 elapsed=2227s
progress: nodes=16,280,000,000 tested=26 found=0 n=577200590275905939738285 elapsed=2228s
progress: nodes=16,290,000,000 tested=26 found=0 n=892491212361587502605535 elapsed=2228s
progress: nodes=16,300,000,000 tested=26 found=0 n=763046973013734318649905 elapsed=2228s
progress: nodes=16,310,000,000 tested=26 found=0 n=830400087904246347601905 elapsed=2229s
progress: nodes=16,320,000,000 tested=26 found=0 n=808596090972768024040455 elapsed=2229s
progress: nodes=16,330,000,000 tested=26 found=0 n=853749723928428807297345 elapsed=2230s
progress: nodes=16,340,000,000 tested=26 found=0 n=644955333613315264746855 elapsed=2230s
progress: nodes=16,350,000,000 tested=26 found=0 n=752682471399124755460785 elapsed=2231s
progress: nodes=16,360,000,000 tested=26 found=0 n=960071575832055181326645 elapsed=2231s
progress: nodes=16,370,000,000 tested=26 found=0 n=744777492723289593360045 elapsed=2232s
progress: nodes=16,380,000,000 tested=26 found=0 n=472471196899651611611895 elapsed=2232s
progress: nodes=16,390,000,000 tested=26 found=0 n=881465212026505399633065 elapsed=2232s
progress: nodes=16,400,000,000 tested=26 found=0 n=913636041492673453972545 elapsed=2233s
progress: nodes=16,410,000,000 tested=26 found=0 n=741660159169741793804955 elapsed=2233s
progress: nodes=16,420,000,000 tested=26 found=0 n=735613125906307331492865 elapsed=2234s
progress: nodes=16,430,000,000 tested=26 found=0 n=981402780177138945379545 elapsed=2234s
progress: nodes=16,440,000,000 tested=26 found=0 n=895961107024832737403955 elapsed=2235s
progress: nodes=16,450,000,000 tested=26 found=0 n=778638871094395463446635 elapsed=2235s
progress: nodes=16,460,000,000 tested=26 found=0 n=579839873387448433537305 elapsed=2236s
progress: nodes=16,470,000,000 tested=26 found=0 n=992108420611149526448445 elapsed=2236s
progress: nodes=16,480,000,000 tested=26 found=0 n=601192071752713226617095 elapsed=2237s
progress: nodes=16,490,000,000 tested=26 found=0 n=895090301567828634341205 elapsed=2237s
progress: nodes=16,500,000,000 tested=26 found=0 n=825535440819882037363635 elapsed=2237s
progress: nodes=16,510,000,000 tested=26 found=0 n=637915359063504595994415 elapsed=2238s
progress: nodes=16,520,000,000 tested=26 found=0 n=617199200457142596694335 elapsed=2238s
progress: nodes=16,530,000,000 tested=26 found=0 n=817172175037748363496135 elapsed=2239s
progress: nodes=16,540,000,000 tested=26 found=0 n=855541495652721091543395 elapsed=2239s
progress: nodes=16,550,000,000 tested=26 found=0 n=477040774728239854228305 elapsed=2240s
progress: nodes=16,560,000,000 tested=26 found=0 n=949461753902924134688805 elapsed=2240s
progress: nodes=16,570,000,000 tested=26 found=0 n=841846424369230731196845 elapsed=2241s
progress: nodes=16,580,000,000 tested=26 found=0 n=919029719325019945097565 elapsed=2241s
progress: nodes=16,590,000,000 tested=26 found=0 n=915950024628088987306935 elapsed=2241s
progress: nodes=16,600,000,000 tested=26 found=0 n=760945899342146961758535 elapsed=2242s
progress: nodes=16,610,000,000 tested=26 found=0 n=715679220199846951926405 elapsed=2242s
progress: nodes=16,620,000,000 tested=26 found=0 n=730917585437255408890665 elapsed=2243s
progress: nodes=16,630,000,000 tested=26 found=0 n=844131149224479443498985 elapsed=2243s
progress: nodes=16,640,000,000 tested=26 found=0 n=603191461216889094742665 elapsed=2244s
progress: nodes=16,650,000,000 tested=26 found=0 n=923223768554979844024545 elapsed=2244s
progress: nodes=16,660,000,000 tested=26 found=0 n=646729689100625874427365 elapsed=2245s
progress: nodes=16,670,000,000 tested=26 found=0 n=575393308154236024670745 elapsed=2245s
progress: nodes=16,680,000,000 tested=26 found=0 n=885724112209621105406205 elapsed=2245s
progress: nodes=16,690,000,000 tested=26 found=0 n=804765385939526306470395 elapsed=2246s
progress: nodes=16,700,000,000 tested=26 found=0 n=746914269568000790767995 elapsed=2246s
progress: nodes=16,710,000,000 tested=26 found=0 n=689738011065801219716865 elapsed=2247s
progress: nodes=16,720,000,000 tested=26 found=0 n=805628328940184277106755 elapsed=2247s
progress: nodes=16,730,000,000 tested=26 found=0 n=991519183702478066991795 elapsed=2248s
progress: nodes=16,740,000,000 tested=26 found=0 n=957158723240300915342415 elapsed=2248s
progress: nodes=16,750,000,000 tested=26 found=0 n=488562034550378628192705 elapsed=2248s
progress: nodes=16,760,000,000 tested=26 found=0 n=769429188162483152535495 elapsed=2249s
progress: nodes=16,770,000,000 tested=26 found=0 n=636870015967026035280735 elapsed=2249s
progress: nodes=16,780,000,000 tested=26 found=0 n=503670025390923373669335 elapsed=2250s
progress: nodes=16,790,000,000 tested=26 found=0 n=940913480329095491489205 elapsed=2250s
progress: nodes=16,800,000,000 tested=26 found=0 n=775790408643929627435685 elapsed=2251s
progress: nodes=16,810,000,000 tested=26 found=0 n=664705448369985995705205 elapsed=2251s
progress: nodes=16,820,000,000 tested=26 found=0 n=925118867324215635948855 elapsed=2252s
progress: nodes=16,830,000,000 tested=26 found=0 n=926227347646477065838605 elapsed=2252s
progress: nodes=16,840,000,000 tested=26 found=0 n=719010785906607980415465 elapsed=2252s
progress: nodes=16,850,000,000 tested=26 found=0 n=934742395845065151525555 elapsed=2253s
progress: nodes=16,860,000,000 tested=26 found=0 n=767259372836764693922355 elapsed=2253s
progress: nodes=16,870,000,000 tested=26 found=0 n=578458172575860326545455 elapsed=2254s
progress: nodes=16,880,000,000 tested=26 found=0 n=821431297421966825360415 elapsed=2254s
progress: nodes=16,890,000,000 tested=26 found=0 n=817778224999258664123565 elapsed=2255s
progress: nodes=16,900,000,000 tested=26 found=0 n=995357866782214832651865 elapsed=2255s
progress: nodes=16,910,000,000 tested=26 found=0 n=558975649945638986425035 elapsed=2256s
progress: nodes=16,920,000,000 tested=26 found=0 n=791237762677168804967805 elapsed=2256s
progress: nodes=16,930,000,000 tested=26 found=0 n=619622612499403260609345 elapsed=2256s
progress: nodes=16,940,000,000 tested=26 found=0 n=701271404467955820833895 elapsed=2257s
progress: nodes=16,950,000,000 tested=26 found=0 n=891088769039096212747965 elapsed=2257s
progress: nodes=16,960,000,000 tested=26 found=0 n=878267259910921066707015 elapsed=2258s
progress: nodes=16,970,000,000 tested=26 found=0 n=701307811284719942566395 elapsed=2258s
progress: nodes=16,980,000,000 tested=26 found=0 n=578470204318461985481985 elapsed=2259s
progress: nodes=16,990,000,000 tested=26 found=0 n=765915671422111219085835 elapsed=2259s
progress: nodes=17,000,000,000 tested=26 found=0 n=790578771258361708799055 elapsed=2259s
progress: nodes=17,010,000,000 tested=26 found=0 n=833802984296691745580145 elapsed=2260s
progress: nodes=17,020,000,000 tested=26 found=0 n=959086004925937781563605 elapsed=2260s
progress: nodes=17,030,000,000 tested=26 found=0 n=988778787727429636219755 elapsed=2261s
progress: nodes=17,040,000,000 tested=26 found=0 n=956522429776020809192535 elapsed=2261s
progress: nodes=17,050,000,000 tested=26 found=0 n=857383020854802923598315 elapsed=2262s
progress: nodes=17,060,000,000 tested=26 found=0 n=836040176401067678357955 elapsed=2262s
progress: nodes=17,070,000,000 tested=26 found=0 n=632716428065018022719235 elapsed=2263s
progress: nodes=17,080,000,000 tested=26 found=0 n=585547638895364096656485 elapsed=2263s
progress: nodes=17,090,000,000 tested=26 found=0 n=924190564182943318382385 elapsed=2263s
progress: nodes=17,100,000,000 tested=26 found=0 n=714972396272652881727705 elapsed=2264s
progress: nodes=17,110,000,000 tested=26 found=0 n=978727883698302987748455 elapsed=2264s
progress: nodes=17,120,000,000 tested=26 found=0 n=702118978900957016209305 elapsed=2265s
progress: nodes=17,130,000,000 tested=26 found=0 n=951873900050124790614315 elapsed=2265s
progress: nodes=17,140,000,000 tested=26 found=0 n=533113570026012617061255 elapsed=2266s
progress: nodes=17,150,000,000 tested=26 found=0 n=936322981269719944840335 elapsed=2266s
progress: nodes=17,160,000,000 tested=26 found=0 n=930511220469941350543545 elapsed=2266s
progress: nodes=17,170,000,000 tested=26 found=0 n=947143675802945263407435 elapsed=2267s
progress: nodes=17,180,000,000 tested=26 found=0 n=777770585114511387943665 elapsed=2267s
progress: nodes=17,190,000,000 tested=26 found=0 n=952809317322309743783355 elapsed=2268s
progress: nodes=17,200,000,000 tested=26 found=0 n=528256658396321671571865 elapsed=2268s
progress: nodes=17,210,000,000 tested=26 found=0 n=552025990680185068304895 elapsed=2269s
progress: nodes=17,220,000,000 tested=26 found=0 n=620459315274891591179505 elapsed=2269s
progress: nodes=17,230,000,000 tested=26 found=0 n=926171092334102164774785 elapsed=2270s
progress: nodes=17,240,000,000 tested=26 found=0 n=804812927982398332747695 elapsed=2270s
progress: nodes=17,250,000,000 tested=26 found=0 n=958210414126928404055955 elapsed=2270s
progress: nodes=17,260,000,000 tested=26 found=0 n=955663579249244391939435 elapsed=2271s
progress: nodes=17,270,000,000 tested=26 found=0 n=855239789051589792736215 elapsed=2271s
progress: nodes=17,280,000,000 tested=26 found=0 n=610251342592581936087435 elapsed=2272s
progress: nodes=17,290,000,000 tested=26 found=0 n=852832101049569402910335 elapsed=2272s
progress: nodes=17,300,000,000 tested=26 found=0 n=951545865555128230607385 elapsed=2273s
progress: nodes=17,310,000,000 tested=26 found=0 n=704811333304213380768105 elapsed=2273s
progress: nodes=17,320,000,000 tested=26 found=0 n=888316450204050628564815 elapsed=2273s
progress: nodes=17,330,000,000 tested=26 found=0 n=849282495442042651985655 elapsed=2274s
progress: nodes=17,340,000,000 tested=26 found=0 n=806771087265982610152755 elapsed=2274s
progress: nodes=17,350,000,000 tested=26 found=0 n=808459341847394760837765 elapsed=2275s
progress: nodes=17,360,000,000 tested=26 found=0 n=738560950048548714602295 elapsed=2275s
progress: nodes=17,370,000,000 tested=26 found=0 n=729860005846198403756415 elapsed=2276s
progress: nodes=17,380,000,000 tested=26 found=0 n=804437416754167215364785 elapsed=2276s
progress: nodes=17,390,000,000 tested=26 found=0 n=912892910519366351599365 elapsed=2277s
progress: nodes=17,400,000,000 tested=26 found=0 n=529236643433311058207985 elapsed=2277s
progress: nodes=17,410,000,000 tested=26 found=0 n=514548739317820937919255 elapsed=2277s
progress: nodes=17,420,000,000 tested=26 found=0 n=666143183973366348024105 elapsed=2278s
progress: nodes=17,430,000,000 tested=26 found=0 n=770484100880642530552335 elapsed=2278s
progress: nodes=17,440,000,000 tested=26 found=0 n=523068061886368629553395 elapsed=2279s
progress: nodes=17,450,000,000 tested=26 found=0 n=962096282500734733141845 elapsed=2279s
progress: nodes=17,460,000,000 tested=26 found=0 n=705944268809581410782415 elapsed=2280s
progress: nodes=17,470,000,000 tested=26 found=0 n=973176986339430600366045 elapsed=2280s
progress: nodes=17,480,000,000 tested=26 found=0 n=908131673276040094813305 elapsed=2281s
progress: nodes=17,490,000,000 tested=26 found=0 n=790259804360696982686715 elapsed=2281s
progress: nodes=17,500,000,000 tested=26 found=0 n=766582462882472051139885 elapsed=2281s
progress: nodes=17,510,000,000 tested=26 found=0 n=917581970339731119805965 elapsed=2282s
progress: nodes=17,520,000,000 tested=26 found=0 n=876458410148654744878665 elapsed=2282s
progress: nodes=17,530,000,000 tested=26 found=0 n=952597842577594660611945 elapsed=2283s
progress: nodes=17,540,000,000 tested=26 found=0 n=620094567487103144348715 elapsed=2283s
progress: nodes=17,550,000,000 tested=26 found=0 n=714786719867395849100295 elapsed=2284s
progress: nodes=17,560,000,000 tested=26 found=0 n=700188444269866292146065 elapsed=2284s
progress: nodes=17,570,000,000 tested=26 found=0 n=626547911096840132728845 elapsed=2284s
progress: nodes=17,580,000,000 tested=26 found=0 n=852455355993305759649735 elapsed=2285s
progress: nodes=17,590,000,000 tested=26 found=0 n=829546788693027647395395 elapsed=2285s
progress: nodes=17,600,000,000 tested=26 found=0 n=837466423032723068271555 elapsed=2286s
progress: nodes=17,610,000,000 tested=26 found=0 n=602392893356075240786895 elapsed=2286s
progress: nodes=17,620,000,000 tested=26 found=0 n=540239457273188826806235 elapsed=2287s
progress: nodes=17,630,000,000 tested=26 found=0 n=685350496225553704507665 elapsed=2287s
progress: nodes=17,640,000,000 tested=26 found=0 n=676229131562220057272715 elapsed=2288s
progress: nodes=17,650,000,000 tested=26 found=0 n=830238049490765377127985 elapsed=2288s
progress: nodes=17,660,000,000 tested=26 found=0 n=657410591672423844374295 elapsed=2288s
progress: nodes=17,670,000,000 tested=26 found=0 n=577728123996582625694265 elapsed=2289s
progress: nodes=17,680,000,000 tested=26 found=0 n=659102059660478997659085 elapsed=2289s
progress: nodes=17,690,000,000 tested=26 found=0 n=754450082962779165152355 elapsed=2290s
progress: nodes=17,700,000,000 tested=26 found=0 n=983638250622630190040805 elapsed=2290s
progress: nodes=17,710,000,000 tested=26 found=0 n=702080548565836479216705 elapsed=2291s
progress: nodes=17,720,000,000 tested=26 found=0 n=730626047202656322744345 elapsed=2291s
progress: nodes=17,730,000,000 tested=26 found=0 n=941379725802899339096085 elapsed=2291s
progress: nodes=17,740,000,000 tested=26 found=0 n=935015995204420643928315 elapsed=2292s
progress: nodes=17,750,000,000 tested=26 found=0 n=913193174476868619817395 elapsed=2292s
progress: nodes=17,760,000,000 tested=26 found=0 n=806970926320289902053135 elapsed=2293s
progress: nodes=17,770,000,000 tested=26 found=0 n=943024529764536100069815 elapsed=2293s
progress: nodes=17,780,000,000 tested=26 found=0 n=732375617941099642008015 elapsed=2294s
progress: nodes=17,790,000,000 tested=26 found=0 n=654798938720501399389785 elapsed=2294s
progress: nodes=17,800,000,000 tested=26 found=0 n=943488971889870900699315 elapsed=2295s
progress: nodes=17,810,000,000 tested=26 found=0 n=827720874299634215620995 elapsed=2295s
progress: nodes=17,820,000,000 tested=26 found=0 n=796224126431695665696795 elapsed=2295s
progress: nodes=17,830,000,000 tested=26 found=0 n=521341425741164401208385 elapsed=2296s
progress: nodes=17,840,000,000 tested=26 found=0 n=763847298566531478235035 elapsed=2296s
progress: nodes=17,850,000,000 tested=26 found=0 n=930751031090228245919505 elapsed=2297s
progress: nodes=17,860,000,000 tested=26 found=0 n=618736340232814309931205 elapsed=2297s
progress: nodes=17,870,000,000 tested=26 found=0 n=697621478515864489356165 elapsed=2298s
progress: nodes=17,880,000,000 tested=26 found=0 n=523309063924225139144265 elapsed=2298s
progress: nodes=17,890,000,000 tested=26 found=0 n=685435197024503609033295 elapsed=2298s
progress: nodes=17,900,000,000 tested=26 found=0 n=507998228050906950132765 elapsed=2299s
progress: nodes=17,910,000,000 tested=26 found=0 n=998632148396273403981705 elapsed=2299s
progress: nodes=17,920,000,000 tested=26 found=0 n=957800623201044971441445 elapsed=2300s
progress: nodes=17,930,000,000 tested=26 found=0 n=672004882130480644343895 elapsed=2300s
progress: nodes=17,940,000,000 tested=26 found=0 n=962694196253838141850845 elapsed=2301s
progress: nodes=17,950,000,000 tested=26 found=0 n=706385834876808667177245 elapsed=2301s
progress: nodes=17,960,000,000 tested=26 found=0 n=636563298250760707551285 elapsed=2302s
progress: nodes=17,970,000,000 tested=26 found=0 n=852819247185294825729315 elapsed=2302s
progress: nodes=17,980,000,000 tested=26 found=0 n=870224939502412167728505 elapsed=2302s
progress: nodes=17,990,000,000 tested=26 found=0 n=747925718945411850673995 elapsed=2303s
progress: nodes=18,000,000,000 tested=26 found=0 n=715720563565173607905585 elapsed=2303s
progress: nodes=18,010,000,000 tested=26 found=0 n=758316992631562771047135 elapsed=2304s
progress: nodes=18,020,000,000 tested=26 found=0 n=928851290731764016490115 elapsed=2304s
progress: nodes=18,030,000,000 tested=26 found=0 n=582783530654655010059885 elapsed=2305s
progress: nodes=18,040,000,000 tested=26 found=0 n=774016861173586802153415 elapsed=2305s
progress: nodes=18,050,000,000 tested=26 found=0 n=810032127720581820761685 elapsed=2306s
progress: nodes=18,060,000,000 tested=26 found=0 n=969720313278401116655355 elapsed=2306s
progress: nodes=18,070,000,000 tested=26 found=0 n=911432735511523068742965 elapsed=2306s
progress: nodes=18,080,000,000 tested=26 found=0 n=625262473016287262650395 elapsed=2307s
progress: nodes=18,090,000,000 tested=26 found=0 n=971916667909958489617305 elapsed=2307s
progress: nodes=18,100,000,000 tested=26 found=0 n=692082924156372399677235 elapsed=2308s
progress: nodes=18,110,000,000 tested=26 found=0 n=838341130742737052607495 elapsed=2308s
progress: nodes=18,120,000,000 tested=26 found=0 n=862339944698348568891615 elapsed=2309s
progress: nodes=18,130,000,000 tested=26 found=0 n=845170569822279613268565 elapsed=2309s
progress: nodes=18,140,000,000 tested=26 found=0 n=856534940739710804532015 elapsed=2309s
progress: nodes=18,150,000,000 tested=26 found=0 n=896342883156801600275745 elapsed=2310s
progress: nodes=18,160,000,000 tested=26 found=0 n=933926643327784827826215 elapsed=2310s
progress: nodes=18,170,000,000 tested=26 found=0 n=562281920726270013072045 elapsed=2311s
progress: nodes=18,180,000,000 tested=26 found=0 n=806477570239328169950295 elapsed=2311s
progress: nodes=18,190,000,000 tested=26 found=0 n=853098872822761647706965 elapsed=2312s
progress: nodes=18,200,000,000 tested=26 found=0 n=940533417517682694200715 elapsed=2312s
progress: nodes=18,210,000,000 tested=26 found=0 n=649301421255873835181535 elapsed=2313s
progress: nodes=18,220,000,000 tested=26 found=0 n=611200828442358640753245 elapsed=2313s
progress: nodes=18,230,000,000 tested=26 found=0 n=929413083062885754029895 elapsed=2313s
progress: nodes=18,240,000,000 tested=26 found=0 n=571916111682916874861955 elapsed=2314s
progress: nodes=18,250,000,000 tested=26 found=0 n=760912780539038651127945 elapsed=2314s
progress: nodes=18,260,000,000 tested=26 found=0 n=544139601676025698561185 elapsed=2315s
progress: nodes=18,270,000,000 tested=26 found=0 n=784301924721998668531095 elapsed=2315s
progress: nodes=18,280,000,000 tested=26 found=0 n=553786435405350709767315 elapsed=2316s
progress: nodes=18,290,000,000 tested=26 found=0 n=527884073200179068408145 elapsed=2316s
progress: nodes=18,300,000,000 tested=26 found=0 n=950187649892893135276905 elapsed=2317s
progress: nodes=18,310,000,000 tested=26 found=0 n=933647034610364069747565 elapsed=2317s
progress: nodes=18,320,000,000 tested=26 found=0 n=739910205537048774297135 elapsed=2318s
progress: nodes=18,330,000,000 tested=26 found=0 n=753046717678203893471505 elapsed=2318s
progress: nodes=18,340,000,000 tested=26 found=0 n=834656996972293874660655 elapsed=2318s
progress: nodes=18,350,000,000 tested=26 found=0 n=775743036300013003250985 elapsed=2319s
progress: nodes=18,360,000,000 tested=26 found=0 n=918082408435111127117745 elapsed=2319s
progress: nodes=18,370,000,000 tested=26 found=0 n=880765642832377773740445 elapsed=2320s
progress: nodes=18,380,000,000 tested=26 found=0 n=925298086152994444425645 elapsed=2320s
progress: nodes=18,390,000,000 tested=26 found=0 n=683749620599598112941315 elapsed=2321s
progress: nodes=18,400,000,000 tested=26 found=0 n=748861917328503599280165 elapsed=2321s
progress: nodes=18,410,000,000 tested=26 found=0 n=959787844441025151461085 elapsed=2321s
progress: nodes=18,420,000,000 tested=26 found=0 n=991238846495588543069415 elapsed=2322s
progress: nodes=18,430,000,000 tested=26 found=0 n=703647935735164887866355 elapsed=2322s
progress: nodes=18,440,000,000 tested=26 found=0 n=977064298786536189629895 elapsed=2323s
progress: nodes=18,450,000,000 tested=26 found=0 n=860819391943412623576965 elapsed=2323s
progress: nodes=18,460,000,000 tested=26 found=0 n=882604026439709138558235 elapsed=2324s
progress: nodes=18,470,000,000 tested=26 found=0 n=710578697043119069366685 elapsed=2324s
progress: nodes=18,480,000,000 tested=26 found=0 n=754117854822984548143665 elapsed=2325s
progress: nodes=18,490,000,000 tested=26 found=0 n=916684884312220592324415 elapsed=2325s
progress: nodes=18,500,000,000 tested=26 found=0 n=883381580381044446410115 elapsed=2325s
progress: nodes=18,510,000,000 tested=26 found=0 n=773402527356887059682985 elapsed=2326s
progress: nodes=18,520,000,000 tested=26 found=0 n=991335682177714011744045 elapsed=2326s
progress: nodes=18,530,000,000 tested=26 found=0 n=930819165242102553621105 elapsed=2327s
progress: nodes=18,540,000,000 tested=26 found=0 n=740074900437220919931855 elapsed=2327s
progress: nodes=18,550,000,000 tested=26 found=0 n=922337606052087183229095 elapsed=2328s
progress: nodes=18,560,000,000 tested=26 found=0 n=892997891436204682576965 elapsed=2328s
progress: nodes=18,570,000,000 tested=26 found=0 n=993987629292650858617455 elapsed=2329s
progress: nodes=18,580,000,000 tested=26 found=0 n=729602801821247851791855 elapsed=2329s
progress: nodes=18,590,000,000 tested=26 found=0 n=826208143057453593923145 elapsed=2329s
progress: nodes=18,600,000,000 tested=26 found=0 n=950896952506387062651915 elapsed=2330s
progress: nodes=18,610,000,000 tested=26 found=0 n=899076686913788632568055 elapsed=2330s
progress: nodes=18,620,000,000 tested=26 found=0 n=949887278176184580346785 elapsed=2331s
progress: nodes=18,630,000,000 tested=26 found=0 n=932188037509925996817105 elapsed=2331s
progress: nodes=18,640,000,000 tested=26 found=0 n=876081983225218339372605 elapsed=2332s
progress: nodes=18,650,000,000 tested=26 found=0 n=823731567026723677905165 elapsed=2332s
progress: nodes=18,660,000,000 tested=26 found=0 n=637935611995920511003005 elapsed=2333s
progress: nodes=18,670,000,000 tested=26 found=0 n=685327847129148057393735 elapsed=2333s
progress: nodes=18,680,000,000 tested=26 found=0 n=986509917725269940465265 elapsed=2333s
progress: nodes=18,690,000,000 tested=26 found=0 n=851144810165168786566695 elapsed=2334s
progress: nodes=18,700,000,000 tested=26 found=0 n=757017049840927151745645 elapsed=2334s
progress: nodes=18,710,000,000 tested=26 found=0 n=895109864732248215208455 elapsed=2335s
progress: nodes=18,720,000,000 tested=26 found=0 n=981214416170691528314115 elapsed=2335s
progress: nodes=18,730,000,000 tested=26 found=0 n=914882978300827741345305 elapsed=2336s
progress: nodes=18,740,000,000 tested=26 found=0 n=743493617150792796169695 elapsed=2336s
progress: nodes=18,750,000,000 tested=26 found=0 n=698406260955846390596385 elapsed=2336s
progress: nodes=18,760,000,000 tested=26 found=0 n=918602804083290001889895 elapsed=2337s
progress: nodes=18,770,000,000 tested=26 found=0 n=780259869641059448292135 elapsed=2337s
progress: nodes=18,780,000,000 tested=26 found=0 n=866448145199348616592215 elapsed=2338s
progress: nodes=18,790,000,000 tested=26 found=0 n=628333712928706281290145 elapsed=2338s
progress: nodes=18,800,000,000 tested=26 found=0 n=782694411219221436316755 elapsed=2339s
progress: nodes=18,810,000,000 tested=26 found=0 n=851746536010052331168465 elapsed=2339s
progress: nodes=18,820,000,000 tested=26 found=0 n=903095803087389639832005 elapsed=2340s
progress: nodes=18,830,000,000 tested=26 found=0 n=836495880673784579844255 elapsed=2340s
progress: nodes=18,840,000,000 tested=26 found=0 n=909734613511837156965405 elapsed=2340s
progress: nodes=18,850,000,000 tested=26 found=0 n=627578360810728912089945 elapsed=2341s
progress: nodes=18,860,000,000 tested=26 found=0 n=925227329070044791696455 elapsed=2341s
progress: nodes=18,870,000,000 tested=26 found=0 n=979935440832637179090255 elapsed=2342s
progress: nodes=18,880,000,000 tested=26 found=0 n=971417032481058784158285 elapsed=2342s
progress: nodes=18,890,000,000 tested=26 found=0 n=892342773996337621746855 elapsed=2343s
progress: nodes=18,900,000,000 tested=26 found=0 n=991308807677009189611485 elapsed=2343s
progress: nodes=18,910,000,000 tested=26 found=0 n=855516342061590785792865 elapsed=2343s
progress: nodes=18,920,000,000 tested=26 found=0 n=904976335986792268893705 elapsed=2344s
progress: nodes=18,930,000,000 tested=26 found=0 n=809165346193309325131395 elapsed=2344s
progress: nodes=18,940,000,000 tested=26 found=0 n=935988913949392519930395 elapsed=2345s
progress: nodes=18,950,000,000 tested=26 found=0 n=815085760910759056913535 elapsed=2345s
progress: nodes=18,960,000,000 tested=26 found=0 n=914447097748006345453095 elapsed=2346s
progress: nodes=18,970,000,000 tested=26 found=0 n=853384888531546999463385 elapsed=2346s
progress: nodes=18,980,000,000 tested=26 found=0 n=723408869924052680228355 elapsed=2347s
progress: nodes=18,990,000,000 tested=26 found=0 n=886371983194450226126895 elapsed=2347s
progress: nodes=19,000,000,000 tested=26 found=0 n=960073066654815366778635 elapsed=2347s
progress: nodes=19,010,000,000 tested=26 found=0 n=802312026945351574003605 elapsed=2348s
progress: nodes=19,020,000,000 tested=26 found=0 n=847199679838477970957865 elapsed=2348s
progress: nodes=19,030,000,000 tested=26 found=0 n=890575418637306149198715 elapsed=2349s
progress: nodes=19,040,000,000 tested=26 found=0 n=689674883854274994120885 elapsed=2349s
progress: nodes=19,050,000,000 tested=26 found=0 n=993840841685235938151285 elapsed=2350s
progress: nodes=19,060,000,000 tested=26 found=0 n=954369097100906978214405 elapsed=2350s
progress: nodes=19,070,000,000 tested=26 found=0 n=936034942981111309842165 elapsed=2350s
progress: nodes=19,080,000,000 tested=26 found=0 n=970873150986444089521665 elapsed=2351s
progress: nodes=19,090,000,000 tested=26 found=0 n=714440278736455693241655 elapsed=2351s
progress: nodes=19,100,000,000 tested=26 found=0 n=846307647611175895971705 elapsed=2352s
progress: nodes=19,110,000,000 tested=26 found=0 n=996294283356748703868585 elapsed=2352s
progress: nodes=19,120,000,000 tested=26 found=0 n=901760953668308755257555 elapsed=2353s
progress: nodes=19,130,000,000 tested=26 found=0 n=944696997756556336595655 elapsed=2353s
progress: nodes=19,140,000,000 tested=26 found=0 n=946643509021731604227045 elapsed=2354s
progress: nodes=19,150,000,000 tested=26 found=0 n=852815270905131996580635 elapsed=2354s
progress: nodes=19,160,000,000 tested=26 found=0 n=898476636219133009618305 elapsed=2354s
progress: nodes=19,170,000,000 tested=26 found=0 n=963023656828178889647055 elapsed=2355s
progress: nodes=19,180,000,000 tested=26 found=0 n=706126310142115516082055 elapsed=2355s
progress: nodes=19,190,000,000 tested=26 found=0 n=989199859104135846817155 elapsed=2356s
progress: nodes=19,200,000,000 tested=26 found=0 n=978032575447075998786915 elapsed=2356s
progress: nodes=19,210,000,000 tested=26 found=0 n=972108912439842968791935 elapsed=2357s
progress: nodes=19,220,000,000 tested=26 found=0 n=743680600450319014732755 elapsed=2357s
progress: nodes=19,230,000,000 tested=26 found=0 n=978117305011474081753035 elapsed=2357s
progress: nodes=19,240,000,000 tested=26 found=0 n=931145393012124983470965 elapsed=2358s
progress: nodes=19,250,000,000 tested=26 found=0 n=848602100732728375300905 elapsed=2358s
progress: nodes=19,260,000,000 tested=26 found=0 n=918082007343967465012365 elapsed=2359s
progress: nodes=19,270,000,000 tested=26 found=0 n=892668638687639037084135 elapsed=2359s
progress: nodes=19,280,000,000 tested=26 found=0 n=956437226335229410696815 elapsed=2360s
progress: nodes=19,290,000,000 tested=26 found=0 n=931550707527518237315805 elapsed=2360s
progress: nodes=19,300,000,000 tested=26 found=0 n=992360507154934592842695 elapsed=2361s
progress: nodes=19,310,000,000 tested=26 found=0 n=798075793883164500271755 elapsed=2361s
progress: nodes=19,320,000,000 tested=26 found=0 n=797895740122681076291745 elapsed=2361s
progress: nodes=19,330,000,000 tested=26 found=0 n=963743339596815341383545 elapsed=2362s
progress: nodes=19,340,000,000 tested=26 found=0 n=984793457832714429690285 elapsed=2362s
progress: nodes=19,350,000,000 tested=26 found=0 n=986526555236270931549645 elapsed=2363s
progress: nodes=19,360,000,000 tested=26 found=0 n=904119547810209681585195 elapsed=2363s
progress: nodes=19,370,000,000 tested=26 found=0 n=941701819027296999914055 elapsed=2364s
progress: nodes=19,380,000,000 tested=26 found=0 n=904731056855270036651655 elapsed=2364s
progress: nodes=19,390,000,000 tested=26 found=0 n=925680340243155117549555 elapsed=2365s
progress: nodes=19,400,000,000 tested=26 found=0 n=968362301129246333517735 elapsed=2365s
progress: nodes=19,410,000,000 tested=26 found=0 n=852121223424054529778745 elapsed=2365s
progress: nodes=19,420,000,000 tested=26 found=0 n=984151796571345755494845 elapsed=2366s
progress: nodes=19,430,000,000 tested=26 found=0 n=934582871211338119912515 elapsed=2366s
progress: nodes=19,440,000,000 tested=26 found=0 n=983454431766059500299855 elapsed=2367s
progress: nodes=19,450,000,000 tested=26 found=0 n=180167145240861264576915 elapsed=2367s
progress: nodes=19,460,000,000 tested=26 found=0 n=50208124066693515317835 elapsed=2368s
progress: nodes=19,470,000,000 tested=26 found=0 n=22020641632862709231285 elapsed=2368s
progress: nodes=19,480,000,000 tested=26 found=0 n=5947877054547400835115 elapsed=2369s
progress: nodes=19,490,000,000 tested=26 found=0 n=4030897540940097363855 elapsed=2369s
progress: nodes=19,500,000,000 tested=28 found=0 n=2688683490133182566145 elapsed=2370s
progress: nodes=19,510,000,000 tested=28 found=0 n=721924975708449588577755 elapsed=2370s
progress: nodes=19,520,000,000 tested=28 found=0 n=101045678196068178705 elapsed=2371s
progress: nodes=19,530,000,000 tested=28 found=0 n=544325695434284070050865 elapsed=2371s
progress: nodes=19,540,000,000 tested=28 found=0 n=251420798071636396344405 elapsed=2371s
progress: nodes=19,550,000,000 tested=28 found=0 n=937370641024312987311765 elapsed=2372s
progress: nodes=19,560,000,000 tested=28 found=0 n=976513121319592264354155 elapsed=2372s
progress: nodes=19,570,000,000 tested=28 found=0 n=990463092969291060223665 elapsed=2373s
progress: nodes=19,580,000,000 tested=28 found=0 n=829656477817126890841845 elapsed=2373s
progress: nodes=19,590,000,000 tested=28 found=0 n=932438431300297594792185 elapsed=2374s
progress: nodes=19,600,000,000 tested=28 found=0 n=970157069281666354622985 elapsed=2374s
progress: nodes=19,610,000,000 tested=28 found=0 n=809365936178994265690245 elapsed=2375s
progress: nodes=19,620,000,000 tested=28 found=0 n=952693551836893573340535 elapsed=2375s
progress: nodes=19,630,000,000 tested=28 found=0 n=820408411569984298655715 elapsed=2375s
progress: nodes=19,640,000,000 tested=28 found=0 n=900670860168764584210245 elapsed=2376s
progress: nodes=19,650,000,000 tested=28 found=0 n=973352968465598390681055 elapsed=2376s
progress: nodes=19,660,000,000 tested=28 found=0 n=949577853156379819033365 elapsed=2377s
progress: nodes=19,670,000,000 tested=28 found=0 n=958193844148032606795285 elapsed=2377s
progress: nodes=19,680,000,000 tested=28 found=0 n=747777791493021819286845 elapsed=2378s
progress: nodes=19,690,000,000 tested=28 found=0 n=769819509127215243864585 elapsed=2378s
progress: nodes=19,700,000,000 tested=28 found=0 n=809075667746511707473305 elapsed=2379s
progress: nodes=19,710,000,000 tested=28 found=0 n=952973365754853669026295 elapsed=2379s
progress: nodes=19,720,000,000 tested=28 found=0 n=899154192918170404267965 elapsed=2379s
progress: nodes=19,730,000,000 tested=28 found=0 n=939747481275178954349235 elapsed=2380s
progress: nodes=19,740,000,000 tested=28 found=0 n=979490659364792125774245 elapsed=2380s
progress: nodes=19,750,000,000 tested=28 found=0 n=850617496245246386390415 elapsed=2381s
progress: nodes=19,760,000,000 tested=28 found=0 n=773699120545870060601895 elapsed=2381s
progress: nodes=19,770,000,000 tested=28 found=0 n=976892188841717045659245 elapsed=2382s
progress: nodes=19,780,000,000 tested=28 found=0 n=951559611972816413309985 elapsed=2382s
progress: nodes=19,790,000,000 tested=28 found=0 n=972293250147550056057915 elapsed=2382s
progress: nodes=19,800,000,000 tested=28 found=0 n=733455400737891739578165 elapsed=2383s
progress: nodes=19,810,000,000 tested=28 found=0 n=771981534612795490200855 elapsed=2383s
progress: nodes=19,820,000,000 tested=28 found=0 n=902368218784939278940755 elapsed=2384s
progress: nodes=19,830,000,000 tested=28 found=0 n=848505417659084673899235 elapsed=2384s
progress: nodes=19,840,000,000 tested=28 found=0 n=987844414612156393351455 elapsed=2385s
progress: nodes=19,850,000,000 tested=28 found=0 n=918553105327803702934815 elapsed=2385s
progress: nodes=19,860,000,000 tested=28 found=0 n=959250398253486835231395 elapsed=2386s
progress: nodes=19,870,000,000 tested=28 found=0 n=754664876658329569120485 elapsed=2386s
progress: nodes=19,880,000,000 tested=28 found=0 n=793206790475909218085655 elapsed=2386s
progress: nodes=19,890,000,000 tested=28 found=0 n=942299648696732818056345 elapsed=2387s
progress: nodes=19,900,000,000 tested=28 found=0 n=834974869759334122791555 elapsed=2387s
progress: nodes=19,910,000,000 tested=28 found=0 n=757127859806167005015585 elapsed=2388s
progress: nodes=19,920,000,000 tested=28 found=0 n=962780114101896860449185 elapsed=2388s
progress: nodes=19,930,000,000 tested=28 found=0 n=572271805952147952543915 elapsed=2389s
progress: nodes=19,940,000,000 tested=28 found=0 n=925055852664408377725395 elapsed=2389s
progress: nodes=19,950,000,000 tested=28 found=0 n=761567505795150500590155 elapsed=2390s
progress: nodes=19,960,000,000 tested=28 found=0 n=986153942324797696473705 elapsed=2390s
progress: nodes=19,970,000,000 tested=28 found=0 n=688160937642584334039045 elapsed=2390s
progress: nodes=19,980,000,000 tested=28 found=0 n=943504736346906811317405 elapsed=2391s
progress: nodes=19,990,000,000 tested=28 found=0 n=885156840461057039380395 elapsed=2391s
progress: nodes=20,000,000,000 tested=28 found=0 n=906444089025978378843495 elapsed=2392s
progress: nodes=20,010,000,000 tested=28 found=0 n=943202754790476553147995 elapsed=2392s
progress: nodes=20,020,000,000 tested=28 found=0 n=954075370838433618325815 elapsed=2393s
progress: nodes=20,030,000,000 tested=28 found=0 n=865444893839730068592915 elapsed=2393s
progress: nodes=20,040,000,000 tested=28 found=0 n=922385687938814612536155 elapsed=2393s
progress: nodes=20,050,000,000 tested=28 found=0 n=863134209658317219444855 elapsed=2394s
progress: nodes=20,060,000,000 tested=28 found=0 n=923070673929411239634765 elapsed=2394s
progress: nodes=20,070,000,000 tested=28 found=0 n=840368717153285578506765 elapsed=2395s
progress: nodes=20,080,000,000 tested=28 found=0 n=757892969394180284962935 elapsed=2395s
progress: nodes=20,090,000,000 tested=28 found=0 n=820124918465972053844745 elapsed=2396s
progress: nodes=20,100,000,000 tested=28 found=0 n=202641107183063347273695 elapsed=2396s
progress: nodes=20,110,000,000 tested=28 found=0 n=569067731162408126943855 elapsed=2397s
progress: nodes=20,120,000,000 tested=28 found=0 n=849302605906397554547295 elapsed=2397s
progress: nodes=20,130,000,000 tested=28 found=0 n=909063872597507141618235 elapsed=2397s
progress: nodes=20,140,000,000 tested=28 found=0 n=705915848693611133910585 elapsed=2398s
progress: nodes=20,150,000,000 tested=28 found=0 n=677358229372436805114735 elapsed=2398s
progress: nodes=20,160,000,000 tested=28 found=0 n=959247866702903447591955 elapsed=2399s
progress: nodes=20,170,000,000 tested=28 found=0 n=682392621804087050073855 elapsed=2399s
progress: nodes=20,180,000,000 tested=28 found=0 n=788712775515609580168335 elapsed=2400s
progress: nodes=20,190,000,000 tested=28 found=0 n=950857569497811849953805 elapsed=2400s
progress: nodes=20,200,000,000 tested=28 found=0 n=817494072569479563113295 elapsed=2401s
progress: nodes=20,210,000,000 tested=28 found=0 n=917844334482485406923685 elapsed=2401s
progress: nodes=20,220,000,000 tested=28 found=0 n=756766529712019299751245 elapsed=2401s
progress: nodes=20,230,000,000 tested=28 found=0 n=727829390630954860677495 elapsed=2402s
progress: nodes=20,240,000,000 tested=28 found=0 n=720628439274433549152315 elapsed=2402s
progress: nodes=20,250,000,000 tested=28 found=0 n=829490943243820238251695 elapsed=2403s
progress: nodes=20,260,000,000 tested=28 found=0 n=879946112483688716602785 elapsed=2403s
progress: nodes=20,270,000,000 tested=28 found=0 n=759690279277449090542235 elapsed=2404s
progress: nodes=20,280,000,000 tested=28 found=0 n=922398585714990732021795 elapsed=2404s
progress: nodes=20,290,000,000 tested=28 found=0 n=983829700281433336455465 elapsed=2404s
progress: nodes=20,300,000,000 tested=28 found=0 n=634130964678855699276705 elapsed=2405s
progress: nodes=20,310,000,000 tested=28 found=0 n=841876504009708217827095 elapsed=2405s
progress: nodes=20,320,000,000 tested=28 found=0 n=934332106250347370245845 elapsed=2406s
progress: nodes=20,330,000,000 tested=28 found=0 n=783965780313079074825015 elapsed=2406s
progress: nodes=20,340,000,000 tested=28 found=0 n=964505597749997704682985 elapsed=2407s
progress: nodes=20,350,000,000 tested=28 found=0 n=592259805282180474028755 elapsed=2407s
progress: nodes=20,360,000,000 tested=28 found=0 n=912494845703366385703155 elapsed=2408s
progress: nodes=20,370,000,000 tested=28 found=0 n=825115239861882481035315 elapsed=2408s
progress: nodes=20,380,000,000 tested=28 found=0 n=748072708536523877817255 elapsed=2408s
progress: nodes=20,390,000,000 tested=28 found=0 n=996955892311662202881555 elapsed=2409s
progress: nodes=20,400,000,000 tested=28 found=0 n=961895452560465297784635 elapsed=2409s
progress: nodes=20,410,000,000 tested=28 found=0 n=768480690322301723279865 elapsed=2410s
progress: nodes=20,420,000,000 tested=28 found=0 n=600266280043274098412565 elapsed=2410s
progress: nodes=20,430,000,000 tested=28 found=0 n=824420951218316419187715 elapsed=2411s
progress: nodes=20,440,000,000 tested=28 found=0 n=998096999704741999637685 elapsed=2411s
progress: nodes=20,450,000,000 tested=28 found=0 n=875217608304562047701385 elapsed=2411s
progress: nodes=20,460,000,000 tested=28 found=0 n=844489558765030020849765 elapsed=2412s
progress: nodes=20,470,000,000 tested=28 found=0 n=590951749444307669091465 elapsed=2412s
progress: nodes=20,480,000,000 tested=28 found=0 n=613072229200391955000105 elapsed=2413s
progress: nodes=20,490,000,000 tested=28 found=0 n=556599195893183551995645 elapsed=2413s
progress: nodes=20,500,000,000 tested=28 found=0 n=995210993856853263264885 elapsed=2414s
progress: nodes=20,510,000,000 tested=28 found=0 n=984676026719785237407405 elapsed=2414s
progress: nodes=20,520,000,000 tested=28 found=0 n=821704811228932740158115 elapsed=2415s
progress: nodes=20,530,000,000 tested=28 found=0 n=891722758668583541138505 elapsed=2415s
progress: nodes=20,540,000,000 tested=28 found=0 n=922495694433287038683795 elapsed=2415s
progress: nodes=20,550,000,000 tested=28 found=0 n=860633101220836322803545 elapsed=2416s
progress: nodes=20,560,000,000 tested=28 found=0 n=966409937466973617360105 elapsed=2416s
progress: nodes=20,570,000,000 tested=28 found=0 n=945061465175081149430205 elapsed=2417s
progress: nodes=20,580,000,000 tested=28 found=0 n=601548872250762799559955 elapsed=2417s
progress: nodes=20,590,000,000 tested=28 found=0 n=810515345092759115143785 elapsed=2418s
progress: nodes=20,600,000,000 tested=28 found=0 n=501687540345545985703635 elapsed=2418s
progress: nodes=20,610,000,000 tested=28 found=0 n=928313972951462307302895 elapsed=2419s
progress: nodes=20,620,000,000 tested=28 found=0 n=971883756313713592245765 elapsed=2419s
progress: nodes=20,630,000,000 tested=28 found=0 n=641790034911365036103495 elapsed=2419s
progress: nodes=20,640,000,000 tested=28 found=0 n=752022786868730162837865 elapsed=2420s
progress: nodes=20,650,000,000 tested=28 found=0 n=578438843383775653061805 elapsed=2420s
progress: nodes=20,660,000,000 tested=28 found=0 n=843880689012881013407595 elapsed=2421s
progress: nodes=20,670,000,000 tested=28 found=0 n=688344965340347398247505 elapsed=2421s
progress: nodes=20,680,000,000 tested=28 found=0 n=926473630809374691745185 elapsed=2422s
progress: nodes=20,690,000,000 tested=28 found=0 n=618614123760909712077345 elapsed=2422s
progress: nodes=20,700,000,000 tested=28 found=0 n=989334210643539001574355 elapsed=2422s
progress: nodes=20,710,000,000 tested=28 found=0 n=753945764229301240306215 elapsed=2423s
progress: nodes=20,720,000,000 tested=28 found=0 n=606605783933359823892345 elapsed=2423s
progress: nodes=20,730,000,000 tested=28 found=0 n=823576111228230195650265 elapsed=2424s
progress: nodes=20,740,000,000 tested=28 found=0 n=885366921482509804389315 elapsed=2424s
progress: nodes=20,750,000,000 tested=28 found=0 n=777710933985109702862295 elapsed=2425s
progress: nodes=20,760,000,000 tested=28 found=0 n=619949535785930175106545 elapsed=2425s
progress: nodes=20,770,000,000 tested=28 found=0 n=664496662872607292579445 elapsed=2426s
progress: nodes=20,780,000,000 tested=28 found=0 n=859350510914623534574955 elapsed=2426s
progress: nodes=20,790,000,000 tested=28 found=0 n=786394554067307447864415 elapsed=2426s
progress: nodes=20,800,000,000 tested=28 found=0 n=949690692330277481446995 elapsed=2427s
progress: nodes=20,810,000,000 tested=28 found=0 n=961044452624086511888295 elapsed=2427s
progress: nodes=20,820,000,000 tested=28 found=0 n=877661941320339784095465 elapsed=2428s
progress: nodes=20,830,000,000 tested=28 found=0 n=827213704369917881509845 elapsed=2428s
progress: nodes=20,840,000,000 tested=28 found=0 n=773597381660540237548935 elapsed=2429s
progress: nodes=20,850,000,000 tested=28 found=0 n=536097210416755798436505 elapsed=2429s
progress: nodes=20,860,000,000 tested=28 found=0 n=927453343090711034007135 elapsed=2430s
progress: nodes=20,870,000,000 tested=28 found=0 n=668387885835359127195945 elapsed=2430s
progress: nodes=20,880,000,000 tested=28 found=0 n=537520998287841106041855 elapsed=2431s
progress: nodes=20,890,000,000 tested=28 found=0 n=930026878428546647926155 elapsed=2431s
progress: nodes=20,900,000,000 tested=28 found=0 n=950686493999917286114415 elapsed=2431s
progress: nodes=20,910,000,000 tested=28 found=0 n=830865648635705530011285 elapsed=2432s
progress: nodes=20,920,000,000 tested=28 found=0 n=484491374072479094095665 elapsed=2432s
progress: nodes=20,930,000,000 tested=28 found=0 n=464982733635706451755755 elapsed=2433s
progress: nodes=20,940,000,000 tested=28 found=0 n=985214598279383970938385 elapsed=2433s
progress: nodes=20,950,000,000 tested=28 found=0 n=717723938439765500608035 elapsed=2434s
progress: nodes=20,960,000,000 tested=28 found=0 n=679378692531681404430795 elapsed=2434s
progress: nodes=20,970,000,000 tested=28 found=0 n=787115836567062438706215 elapsed=2435s
progress: nodes=20,980,000,000 tested=28 found=0 n=748158200596498037394015 elapsed=2435s
progress: nodes=20,990,000,000 tested=28 found=0 n=537529739841513119672235 elapsed=2436s
progress: nodes=21,000,000,000 tested=28 found=0 n=928734091073719655045805 elapsed=2436s
progress: nodes=21,010,000,000 tested=28 found=0 n=741065269910209378616295 elapsed=2436s
progress: nodes=21,020,000,000 tested=28 found=0 n=826004931670154039459535 elapsed=2437s
progress: nodes=21,030,000,000 tested=28 found=0 n=408084815881018875665385 elapsed=2437s
progress: nodes=21,040,000,000 tested=28 found=0 n=813810377343399732369315 elapsed=2438s
progress: nodes=21,050,000,000 tested=28 found=0 n=630418943481122031916185 elapsed=2438s
progress: nodes=21,060,000,000 tested=28 found=0 n=668338910327639187372285 elapsed=2439s
progress: nodes=21,070,000,000 tested=28 found=0 n=702753752283789754616805 elapsed=2439s
progress: nodes=21,080,000,000 tested=28 found=0 n=763183277924776251876135 elapsed=2440s
progress: nodes=21,090,000,000 tested=28 found=0 n=511858586164721802534495 elapsed=2440s
progress: nodes=21,100,000,000 tested=28 found=0 n=964983568642853340942405 elapsed=2441s
progress: nodes=21,110,000,000 tested=28 found=0 n=638304937660850325202755 elapsed=2441s
progress: nodes=21,120,000,000 tested=28 found=0 n=964632455191233204038685 elapsed=2441s
progress: nodes=21,130,000,000 tested=28 found=0 n=837772202768400441212715 elapsed=2442s
progress: nodes=21,140,000,000 tested=28 found=0 n=897761798710014336687765 elapsed=2442s
progress: nodes=21,150,000,000 tested=28 found=0 n=785905932880670986101465 elapsed=2443s
progress: nodes=21,160,000,000 tested=28 found=0 n=952840742487074677031895 elapsed=2443s
progress: nodes=21,170,000,000 tested=28 found=0 n=649319353577816618629845 elapsed=2444s
progress: nodes=21,180,000,000 tested=28 found=0 n=519949190286832942225755 elapsed=2444s
progress: nodes=21,190,000,000 tested=28 found=0 n=844001381020904542734705 elapsed=2445s
progress: nodes=21,200,000,000 tested=28 found=0 n=792441252349223378810535 elapsed=2445s
progress: nodes=21,210,000,000 tested=28 found=0 n=491678360451132324593805 elapsed=2446s
progress: nodes=21,220,000,000 tested=28 found=0 n=745435888234654238856135 elapsed=2446s
progress: nodes=21,230,000,000 tested=28 found=0 n=845433271408947603346305 elapsed=2446s
progress: nodes=21,240,000,000 tested=28 found=0 n=879466871615663614139505 elapsed=2447s
progress: nodes=21,250,000,000 tested=28 found=0 n=801767299806545086771515 elapsed=2447s
progress: nodes=21,260,000,000 tested=28 found=0 n=651931495427860922618685 elapsed=2448s
progress: nodes=21,270,000,000 tested=28 found=0 n=949537622082340306986795 elapsed=2448s
progress: nodes=21,280,000,000 tested=28 found=0 n=923447568625629818656545 elapsed=2449s
progress: nodes=21,290,000,000 tested=28 found=0 n=597246105161011327746615 elapsed=2449s
progress: nodes=21,300,000,000 tested=28 found=0 n=922623836694226490148435 elapsed=2450s
progress: nodes=21,310,000,000 tested=28 found=0 n=701332348519462597530615 elapsed=2450s
progress: nodes=21,320,000,000 tested=28 found=0 n=555935081558831044042005 elapsed=2451s
progress: nodes=21,330,000,000 tested=28 found=0 n=896518124885611068324165 elapsed=2451s
progress: nodes=21,340,000,000 tested=28 found=0 n=927984843456622371819135 elapsed=2452s
progress: nodes=21,350,000,000 tested=28 found=0 n=449359172989437236388885 elapsed=2452s
progress: nodes=21,360,000,000 tested=28 found=0 n=717053874162919141323915 elapsed=2452s
progress: nodes=21,370,000,000 tested=28 found=0 n=875227458193872046218945 elapsed=2453s
progress: nodes=21,380,000,000 tested=28 found=0 n=12903270260549644305 elapsed=2453s
progress: nodes=21,390,000,000 tested=28 found=0 n=750758652233691549802695 elapsed=2454s
progress: nodes=21,400,000,000 tested=28 found=0 n=460751171815604678475555 elapsed=2454s
progress: nodes=21,410,000,000 tested=28 found=0 n=756648942411421783216845 elapsed=2455s
progress: nodes=21,420,000,000 tested=28 found=0 n=703255159361743978403205 elapsed=2455s
progress: nodes=21,430,000,000 tested=28 found=0 n=880857561395305970892405 elapsed=2456s
progress: nodes=21,440,000,000 tested=28 found=0 n=803891580028201021875705 elapsed=2456s
progress: nodes=21,450,000,000 tested=28 found=0 n=958306954646149213206915 elapsed=2457s
progress: nodes=21,460,000,000 tested=28 found=0 n=920129084115747781662585 elapsed=2457s
progress: nodes=21,470,000,000 tested=28 found=0 n=820204857362186086046355 elapsed=2457s
progress: nodes=21,480,000,000 tested=28 found=0 n=581104454778592758119205 elapsed=2458s
progress: nodes=21,490,000,000 tested=28 found=0 n=996656975673909016094595 elapsed=2458s
progress: nodes=21,500,000,000 tested=28 found=0 n=744615593891740090506195 elapsed=2459s
progress: nodes=21,510,000,000 tested=28 found=0 n=604093062586068588178305 elapsed=2459s
progress: nodes=21,520,000,000 tested=28 found=0 n=955019270901250766846745 elapsed=2460s
progress: nodes=21,530,000,000 tested=28 found=0 n=795784034564646127712415 elapsed=2460s
progress: nodes=21,540,000,000 tested=28 found=0 n=716881947505570401344955 elapsed=2461s
progress: nodes=21,550,000,000 tested=28 found=0 n=816728855906221716307905 elapsed=2461s
progress: nodes=21,560,000,000 tested=28 found=0 n=632468989463826970633365 elapsed=2462s
progress: nodes=21,570,000,000 tested=28 found=0 n=890600716384183988312085 elapsed=2462s
progress: nodes=21,580,000,000 tested=28 found=0 n=743750399625828108123555 elapsed=2462s
progress: nodes=21,590,000,000 tested=28 found=0 n=829080360810628628655195 elapsed=2463s
progress: nodes=21,600,000,000 tested=28 found=0 n=751206018140178106956615 elapsed=2463s
progress: nodes=21,610,000,000 tested=28 found=0 n=945718644262037839959645 elapsed=2464s
progress: nodes=21,620,000,000 tested=28 found=0 n=943199585846400899163015 elapsed=2464s
progress: nodes=21,630,000,000 tested=28 found=0 n=410693508920417343434055 elapsed=2465s
progress: nodes=21,640,000,000 tested=28 found=0 n=893738721234288112528455 elapsed=2465s
progress: nodes=21,650,000,000 tested=28 found=0 n=975313465497685830494385 elapsed=2466s
progress: nodes=21,660,000,000 tested=28 found=0 n=831494462097242027691585 elapsed=2466s
progress: nodes=21,670,000,000 tested=28 found=0 n=765324453377723916699495 elapsed=2466s
progress: nodes=21,680,000,000 tested=28 found=0 n=458698343123768255545455 elapsed=2467s
progress: nodes=21,690,000,000 tested=28 found=0 n=718236896625665562854115 elapsed=2467s
progress: nodes=21,700,000,000 tested=28 found=0 n=825823013396574947469705 elapsed=2468s
progress: nodes=21,710,000,000 tested=28 found=0 n=876781978948823503400955 elapsed=2468s
progress: nodes=21,720,000,000 tested=28 found=0 n=543659490379971366934005 elapsed=2469s
progress: nodes=21,730,000,000 tested=28 found=0 n=867892784805159603657255 elapsed=2469s
progress: nodes=21,740,000,000 tested=28 found=0 n=628896343448119300243965 elapsed=2470s
progress: nodes=21,750,000,000 tested=28 found=0 n=498594133760047435544445 elapsed=2470s
progress: nodes=21,760,000,000 tested=28 found=0 n=893369495824870275175635 elapsed=2471s
progress: nodes=21,770,000,000 tested=28 found=0 n=874317614505729069317895 elapsed=2471s
progress: nodes=21,780,000,000 tested=28 found=0 n=674207167194322088155785 elapsed=2471s
progress: nodes=21,790,000,000 tested=28 found=0 n=836830270859041761619185 elapsed=2472s
progress: nodes=21,800,000,000 tested=28 found=0 n=984053563391045001097485 elapsed=2472s
progress: nodes=21,810,000,000 tested=28 found=0 n=670734261929116945173735 elapsed=2473s
progress: nodes=21,820,000,000 tested=28 found=0 n=805038483093253476340185 elapsed=2473s
progress: nodes=21,830,000,000 tested=28 found=0 n=935892373493024638633305 elapsed=2474s
progress: nodes=21,840,000,000 tested=28 found=0 n=409753342629247261017285 elapsed=2474s
progress: nodes=21,850,000,000 tested=28 found=0 n=920503854223149326520555 elapsed=2475s
progress: nodes=21,860,000,000 tested=28 found=0 n=602949695411447389369485 elapsed=2475s
progress: nodes=21,870,000,000 tested=28 found=0 n=824758322964514357794705 elapsed=2476s
progress: nodes=21,880,000,000 tested=28 found=0 n=700253840417854537059795 elapsed=2476s
progress: nodes=21,890,000,000 tested=28 found=0 n=748409268785578079193855 elapsed=2476s
progress: nodes=21,900,000,000 tested=28 found=0 n=853722241613381274080265 elapsed=2477s
progress: nodes=21,910,000,000 tested=28 found=0 n=893730444144659213725215 elapsed=2477s
progress: nodes=21,920,000,000 tested=28 found=0 n=599458278722666425760115 elapsed=2478s
progress: nodes=21,930,000,000 tested=28 found=0 n=554736022925783405730705 elapsed=2478s
progress: nodes=21,940,000,000 tested=28 found=0 n=936415350226582187705865 elapsed=2479s
progress: nodes=21,950,000,000 tested=28 found=0 n=671953527798425505822915 elapsed=2479s
progress: nodes=21,960,000,000 tested=28 found=0 n=965322630983677155656445 elapsed=2480s
progress: nodes=21,970,000,000 tested=28 found=0 n=587949280205364464059035 elapsed=2480s
progress: nodes=21,980,000,000 tested=28 found=0 n=536513366888241421352355 elapsed=2481s
progress: nodes=21,990,000,000 tested=28 found=0 n=558748097221209390825165 elapsed=2481s
progress: nodes=22,000,000,000 tested=28 found=0 n=792158416295722906267035 elapsed=2481s
progress: nodes=22,010,000,000 tested=28 found=0 n=771260615345843686290645 elapsed=2482s
progress: nodes=22,020,000,000 tested=28 found=0 n=959907577036397732346285 elapsed=2482s
progress: nodes=22,030,000,000 tested=28 found=0 n=630915078041625212100045 elapsed=2483s
progress: nodes=22,040,000,000 tested=28 found=0 n=619207232403368186349255 elapsed=2483s
progress: nodes=22,050,000,000 tested=28 found=0 n=750365055183853465816185 elapsed=2484s
progress: nodes=22,060,000,000 tested=28 found=0 n=482034169678834676654685 elapsed=2484s
progress: nodes=22,070,000,000 tested=28 found=0 n=818582195276868247651305 elapsed=2485s
progress: nodes=22,080,000,000 tested=28 found=0 n=993319212147815813940405 elapsed=2485s
progress: nodes=22,090,000,000 tested=28 found=0 n=499780125534177656778555 elapsed=2486s
progress: nodes=22,100,000,000 tested=28 found=0 n=604160791182436011575535 elapsed=2486s
progress: nodes=22,110,000,000 tested=28 found=0 n=484145274181868248525785 elapsed=2486s
progress: nodes=22,120,000,000 tested=28 found=0 n=646503042190670475654195 elapsed=2487s
progress: nodes=22,130,000,000 tested=28 found=0 n=925064565602094259413885 elapsed=2487s
progress: nodes=22,140,000,000 tested=28 found=0 n=966197706077796870324735 elapsed=2488s
progress: nodes=22,150,000,000 tested=28 found=0 n=505589686461909385990335 elapsed=2488s
progress: nodes=22,160,000,000 tested=28 found=0 n=776122164594699838972155 elapsed=2489s
progress: nodes=22,170,000,000 tested=28 found=0 n=917161563055073312014335 elapsed=2489s
progress: nodes=22,180,000,000 tested=28 found=0 n=883509137873735271391845 elapsed=2490s
progress: nodes=22,190,000,000 tested=28 found=0 n=970188509114808518297565 elapsed=2490s
progress: nodes=22,200,000,000 tested=28 found=0 n=968688661149452139484995 elapsed=2491s
progress: nodes=22,210,000,000 tested=28 found=0 n=673806932982792287107605 elapsed=2491s
progress: nodes=22,220,000,000 tested=28 found=0 n=872875305351501056643555 elapsed=2491s
progress: nodes=22,230,000,000 tested=28 found=0 n=904260636319873442923665 elapsed=2492s
progress: nodes=22,240,000,000 tested=28 found=0 n=639169477837671354357465 elapsed=2492s
progress: nodes=22,250,000,000 tested=28 found=0 n=835258994751934889320635 elapsed=2493s
progress: nodes=22,260,000,000 tested=28 found=0 n=716868822558375701174565 elapsed=2493s
progress: nodes=22,270,000,000 tested=28 found=0 n=590717979492975779197995 elapsed=2494s
progress: nodes=22,280,000,000 tested=28 found=0 n=401372538459638058379935 elapsed=2494s
progress: nodes=22,290,000,000 tested=28 found=0 n=999543141466590423285495 elapsed=2495s
progress: nodes=22,300,000,000 tested=28 found=0 n=492260578002998084816415 elapsed=2495s
progress: nodes=22,310,000,000 tested=28 found=0 n=713208270623482184419935 elapsed=2496s
progress: nodes=22,320,000,000 tested=28 found=0 n=623706187974281241623145 elapsed=2496s
progress: nodes=22,330,000,000 tested=28 found=0 n=970054131188184386279265 elapsed=2496s
progress: nodes=22,340,000,000 tested=28 found=0 n=502380731920213080879615 elapsed=2497s
progress: nodes=22,350,000,000 tested=28 found=0 n=689031922789561678184385 elapsed=2497s
progress: nodes=22,360,000,000 tested=28 found=0 n=560263063004467059514365 elapsed=2498s
progress: nodes=22,370,000,000 tested=28 found=0 n=852239287005500106087705 elapsed=2498s
progress: nodes=22,380,000,000 tested=28 found=0 n=842839782864846093742635 elapsed=2499s
progress: nodes=22,390,000,000 tested=28 found=0 n=980900233795963307673495 elapsed=2499s
progress: nodes=22,400,000,000 tested=28 found=0 n=611068024550309861308455 elapsed=2500s
progress: nodes=22,410,000,000 tested=28 found=0 n=837422404419158157565845 elapsed=2500s
progress: nodes=22,420,000,000 tested=28 found=0 n=719001977742576687163455 elapsed=2501s
progress: nodes=22,430,000,000 tested=28 found=0 n=803053409112581762479905 elapsed=2501s
progress: nodes=22,440,000,000 tested=28 found=0 n=845989045717443780726585 elapsed=2501s
progress: nodes=22,450,000,000 tested=28 found=0 n=839730066801199389912195 elapsed=2502s
progress: nodes=22,460,000,000 tested=28 found=0 n=777638932404918584398695 elapsed=2502s
progress: nodes=22,470,000,000 tested=28 found=0 n=944676831228492803756535 elapsed=2503s
progress: nodes=22,480,000,000 tested=28 found=0 n=671959824296725943518815 elapsed=2503s
progress: nodes=22,490,000,000 tested=28 found=0 n=745071023834906906794635 elapsed=2504s
progress: nodes=22,500,000,000 tested=28 found=0 n=921288909674555102808765 elapsed=2504s
progress: nodes=22,510,000,000 tested=28 found=0 n=919984908052140288519645 elapsed=2505s
progress: nodes=22,520,000,000 tested=28 found=0 n=992274193710480073854285 elapsed=2505s
progress: nodes=22,530,000,000 tested=28 found=0 n=993849341499037576164645 elapsed=2506s
progress: nodes=22,540,000,000 tested=28 found=0 n=872986309219540141372395 elapsed=2506s
progress: nodes=22,550,000,000 tested=28 found=0 n=978617721823699292273565 elapsed=2506s
progress: nodes=22,560,000,000 tested=28 found=0 n=523590411319232753281995 elapsed=2507s
progress: nodes=22,570,000,000 tested=28 found=0 n=354127752782202473579835 elapsed=2507s
progress: nodes=22,580,000,000 tested=28 found=0 n=942027610891760631083835 elapsed=2508s
progress: nodes=22,590,000,000 tested=28 found=0 n=757339122714871666517955 elapsed=2508s
progress: nodes=22,600,000,000 tested=28 found=0 n=494806538775624821753535 elapsed=2509s
progress: nodes=22,610,000,000 tested=28 found=0 n=599955948338625922774995 elapsed=2509s
progress: nodes=22,620,000,000 tested=28 found=0 n=624469404959573895274905 elapsed=2510s
progress: nodes=22,630,000,000 tested=28 found=0 n=390479316698493360419895 elapsed=2510s
progress: nodes=22,640,000,000 tested=28 found=0 n=556961074217856756913905 elapsed=2511s
progress: nodes=22,650,000,000 tested=28 found=0 n=802313565037182275048235 elapsed=2511s
progress: nodes=22,660,000,000 tested=28 found=0 n=740030395273624811665485 elapsed=2511s
progress: nodes=22,670,000,000 tested=28 found=0 n=902794757185197625823415 elapsed=2512s
progress: nodes=22,680,000,000 tested=28 found=0 n=528866827018246964380815 elapsed=2512s
progress: nodes=22,690,000,000 tested=28 found=0 n=860544386373204279456435 elapsed=2513s
progress: nodes=22,700,000,000 tested=28 found=0 n=560006990358567655816935 elapsed=2513s
progress: nodes=22,710,000,000 tested=28 found=0 n=823540011825125306488095 elapsed=2514s
progress: nodes=22,720,000,000 tested=28 found=0 n=481600851826681252616445 elapsed=2514s
progress: nodes=22,730,000,000 tested=28 found=0 n=486096955331436661779765 elapsed=2515s
progress: nodes=22,740,000,000 tested=28 found=0 n=581756086492711018881795 elapsed=2515s
progress: nodes=22,750,000,000 tested=28 found=0 n=952177842479332786940865 elapsed=2515s
progress: nodes=22,760,000,000 tested=28 found=0 n=916506404373199821978555 elapsed=2516s
progress: nodes=22,770,000,000 tested=28 found=0 n=320840416268217061495785 elapsed=2516s
progress: nodes=22,780,000,000 tested=28 found=0 n=708867973865829033957195 elapsed=2517s
progress: nodes=22,790,000,000 tested=28 found=0 n=662091745973310942120315 elapsed=2517s
progress: nodes=22,800,000,000 tested=28 found=0 n=877084967354121101526885 elapsed=2518s
progress: nodes=22,810,000,000 tested=28 found=0 n=910882536479991216672795 elapsed=2518s
progress: nodes=22,820,000,000 tested=28 found=0 n=865236190398685483449555 elapsed=2519s
progress: nodes=22,830,000,000 tested=28 found=0 n=805637816424382062082005 elapsed=2519s
progress: nodes=22,840,000,000 tested=28 found=0 n=766584744985111252960485 elapsed=2520s
progress: nodes=22,850,000,000 tested=28 found=0 n=764256275145148980349485 elapsed=2520s
progress: nodes=22,860,000,000 tested=28 found=0 n=505691051143355327147535 elapsed=2520s
progress: nodes=22,870,000,000 tested=28 found=0 n=984590783029429637506335 elapsed=2521s
progress: nodes=22,880,000,000 tested=28 found=0 n=981240282954183137530095 elapsed=2521s
progress: nodes=22,890,000,000 tested=28 found=0 n=757350550076562415844145 elapsed=2522s
progress: nodes=22,900,000,000 tested=28 found=0 n=826020398925688775143005 elapsed=2522s
progress: nodes=22,910,000,000 tested=28 found=0 n=866035282307250372712065 elapsed=2523s
progress: nodes=22,920,000,000 tested=28 found=0 n=531838535062724683434135 elapsed=2523s
progress: nodes=22,930,000,000 tested=28 found=0 n=989288899105434209769465 elapsed=2524s
progress: nodes=22,940,000,000 tested=28 found=0 n=580618936595151040198095 elapsed=2524s
progress: nodes=22,950,000,000 tested=28 found=0 n=811826043594730934503635 elapsed=2524s
progress: nodes=22,960,000,000 tested=28 found=0 n=358281413943961664062665 elapsed=2525s
progress: nodes=22,970,000,000 tested=28 found=0 n=786525988349346270518295 elapsed=2525s
progress: nodes=22,980,000,000 tested=28 found=0 n=565249548185822979850635 elapsed=2526s
progress: nodes=22,990,000,000 tested=28 found=0 n=695425360323469156339365 elapsed=2526s
progress: nodes=23,000,000,000 tested=28 found=0 n=583418222807227779093705 elapsed=2527s
progress: nodes=23,010,000,000 tested=28 found=0 n=488185543436864237666955 elapsed=2527s
progress: nodes=23,020,000,000 tested=28 found=0 n=678480044131064332274535 elapsed=2528s
progress: nodes=23,030,000,000 tested=28 found=0 n=784151755361312538564045 elapsed=2528s
progress: nodes=23,040,000,000 tested=28 found=0 n=514564339948305920963415 elapsed=2529s
progress: nodes=23,050,000,000 tested=28 found=0 n=868604185130718017015595 elapsed=2529s
progress: nodes=23,060,000,000 tested=28 found=0 n=851576359408436715084405 elapsed=2529s
progress: nodes=23,070,000,000 tested=28 found=0 n=786581406983179785373605 elapsed=2530s
progress: nodes=23,080,000,000 tested=28 found=0 n=923353946616711076282035 elapsed=2530s
progress: nodes=23,090,000,000 tested=28 found=0 n=495267423993797003797545 elapsed=2531s
progress: nodes=23,100,000,000 tested=28 found=0 n=914981275395828640574685 elapsed=2531s
progress: nodes=23,110,000,000 tested=28 found=0 n=831971449786448389023045 elapsed=2532s
progress: nodes=23,120,000,000 tested=28 found=0 n=895636769200689333227355 elapsed=2532s
progress: nodes=23,130,000,000 tested=28 found=0 n=989887159616675337273465 elapsed=2533s
progress: nodes=23,140,000,000 tested=28 found=0 n=597933805860421378832385 elapsed=2533s
progress: nodes=23,150,000,000 tested=28 found=0 n=351740057202619584677145 elapsed=2533s
progress: nodes=23,160,000,000 tested=28 found=0 n=985742610161550171585435 elapsed=2534s
progress: nodes=23,170,000,000 tested=28 found=0 n=854967356636788480680045 elapsed=2534s
progress: nodes=23,180,000,000 tested=28 found=0 n=890985396031530547963545 elapsed=2535s
progress: nodes=23,190,000,000 tested=28 found=0 n=812084482890626884531065 elapsed=2535s
progress: nodes=23,200,000,000 tested=28 found=0 n=621914964173266523913945 elapsed=2536s
progress: nodes=23,210,000,000 tested=28 found=0 n=885159938993208144546555 elapsed=2536s
progress: nodes=23,220,000,000 tested=28 found=0 n=953749826717854121782695 elapsed=2537s
progress: nodes=23,230,000,000 tested=28 found=0 n=991159196946887640469545 elapsed=2537s
progress: nodes=23,240,000,000 tested=28 found=0 n=392973453447952714985835 elapsed=2538s
progress: nodes=23,250,000,000 tested=28 found=0 n=889554390063933133737945 elapsed=2538s
progress: nodes=23,260,000,000 tested=28 found=0 n=965220495221695984979895 elapsed=2538s
progress: nodes=23,270,000,000 tested=28 found=0 n=736947995403771276428655 elapsed=2539s
progress: nodes=23,280,000,000 tested=28 found=0 n=974445455752709429480805 elapsed=2539s
progress: nodes=23,290,000,000 tested=28 found=0 n=990585096819829078055895 elapsed=2540s
progress: nodes=23,300,000,000 tested=28 found=0 n=378960148935178836171795 elapsed=2540s
progress: nodes=23,310,000,000 tested=28 found=0 n=635661266421756294676935 elapsed=2541s
progress: nodes=23,320,000,000 tested=28 found=0 n=544225254719187613241835 elapsed=2541s
progress: nodes=23,330,000,000 tested=28 found=0 n=720513672209796729696795 elapsed=2542s
progress: nodes=23,340,000,000 tested=28 found=0 n=818466329356836119551845 elapsed=2542s
progress: nodes=23,350,000,000 tested=28 found=0 n=503214596084636714904615 elapsed=2542s
progress: nodes=23,360,000,000 tested=28 found=0 n=924843713601675460818555 elapsed=2543s
progress: nodes=23,370,000,000 tested=28 found=0 n=522380088380359812770145 elapsed=2543s
progress: nodes=23,380,000,000 tested=28 found=0 n=920367303430735005467985 elapsed=2544s
progress: nodes=23,390,000,000 tested=28 found=0 n=441775709731696490546715 elapsed=2544s
progress: nodes=23,400,000,000 tested=28 found=0 n=739210358940481976131485 elapsed=2545s
progress: nodes=23,410,000,000 tested=28 found=0 n=802801172811668987230065 elapsed=2545s
progress: nodes=23,420,000,000 tested=28 found=0 n=496289786077589396854995 elapsed=2546s
progress: nodes=23,430,000,000 tested=28 found=0 n=546452278016621602307715 elapsed=2546s
progress: nodes=23,440,000,000 tested=28 found=0 n=833219803762213147172145 elapsed=2547s
progress: nodes=23,450,000,000 tested=28 found=0 n=936648625775170345265745 elapsed=2547s
progress: nodes=23,460,000,000 tested=28 found=0 n=603144089384953992499305 elapsed=2547s
progress: nodes=23,470,000,000 tested=28 found=0 n=941551715033686936215135 elapsed=2548s
progress: nodes=23,480,000,000 tested=28 found=0 n=439110021708821464431705 elapsed=2548s
progress: nodes=23,490,000,000 tested=28 found=0 n=714420343767227390242785 elapsed=2549s
progress: nodes=23,500,000,000 tested=28 found=0 n=631376046054533935980495 elapsed=2549s
progress: nodes=23,510,000,000 tested=28 found=0 n=845055976386365142903405 elapsed=2550s
progress: nodes=23,520,000,000 tested=28 found=0 n=806054506487525731647915 elapsed=2550s
progress: nodes=23,530,000,000 tested=28 found=0 n=922012189680111929839935 elapsed=2551s
progress: nodes=23,540,000,000 tested=28 found=0 n=897603520984384728635055 elapsed=2551s
progress: nodes=23,550,000,000 tested=28 found=0 n=878203227004996199230935 elapsed=2552s
progress: nodes=23,560,000,000 tested=28 found=0 n=957288205352951538234795 elapsed=2552s
progress: nodes=23,570,000,000 tested=28 found=0 n=520532978605244853639435 elapsed=2552s
progress: nodes=23,580,000,000 tested=28 found=0 n=939198352482364382099505 elapsed=2553s
progress: nodes=23,590,000,000 tested=28 found=0 n=528380553712406480213535 elapsed=2553s
progress: nodes=23,600,000,000 tested=28 found=0 n=822530883912904797255405 elapsed=2554s
progress: nodes=23,610,000,000 tested=28 found=0 n=720194192516041341081885 elapsed=2554s
progress: nodes=23,620,000,000 tested=28 found=0 n=901235419400783448492885 elapsed=2555s
progress: nodes=23,630,000,000 tested=28 found=0 n=971694846915107931528165 elapsed=2555s
progress: nodes=23,640,000,000 tested=28 found=0 n=678448472725104633120195 elapsed=2556s
progress: nodes=23,650,000,000 tested=28 found=0 n=861327593246615327586765 elapsed=2556s
progress: nodes=23,660,000,000 tested=28 found=0 n=984036789351780076364265 elapsed=2556s
progress: nodes=23,670,000,000 tested=28 found=0 n=732787238524319009617905 elapsed=2557s
progress: nodes=23,680,000,000 tested=28 found=0 n=925203928094147621074815 elapsed=2557s
progress: nodes=23,690,000,000 tested=28 found=0 n=595159280437537072692765 elapsed=2558s
progress: nodes=23,700,000,000 tested=28 found=0 n=758638657493203651789185 elapsed=2558s
progress: nodes=23,710,000,000 tested=28 found=0 n=793747760145121437445845 elapsed=2559s
progress: nodes=23,720,000,000 tested=28 found=0 n=486042055793702891045145 elapsed=2559s
progress: nodes=23,730,000,000 tested=28 found=0 n=893990437158889554096195 elapsed=2560s
progress: nodes=23,740,000,000 tested=28 found=0 n=977936860026320514660945 elapsed=2560s
progress: nodes=23,750,000,000 tested=28 found=0 n=859582397220078454566435 elapsed=2561s
progress: nodes=23,760,000,000 tested=28 found=0 n=711376901231000655985785 elapsed=2561s
progress: nodes=23,770,000,000 tested=28 found=0 n=823723083107591998879845 elapsed=2561s
progress: nodes=23,780,000,000 tested=28 found=0 n=649006441761020861512665 elapsed=2562s
progress: nodes=23,790,000,000 tested=28 found=0 n=429876565693830200841885 elapsed=2562s
progress: nodes=23,800,000,000 tested=28 found=0 n=590165985952609810984845 elapsed=2563s
progress: nodes=23,810,000,000 tested=28 found=0 n=758160839105663468309505 elapsed=2563s
progress: nodes=23,820,000,000 tested=28 found=0 n=615074285938947618107115 elapsed=2564s
progress: nodes=23,830,000,000 tested=28 found=0 n=904789765224364699201995 elapsed=2564s
progress: nodes=23,840,000,000 tested=28 found=0 n=391780663160931633274785 elapsed=2565s
progress: nodes=23,850,000,000 tested=28 found=0 n=673176619177135926149385 elapsed=2565s
progress: nodes=23,860,000,000 tested=28 found=0 n=530037896283226764921015 elapsed=2566s
progress: nodes=23,870,000,000 tested=28 found=0 n=845248092924358782614835 elapsed=2566s
progress: nodes=23,880,000,000 tested=28 found=0 n=708512741571744575513685 elapsed=2566s
progress: nodes=23,890,000,000 tested=28 found=0 n=529508761221801666476655 elapsed=2567s
progress: nodes=23,900,000,000 tested=28 found=0 n=855777915271416652786755 elapsed=2567s
progress: nodes=23,910,000,000 tested=28 found=0 n=925365967935826927512915 elapsed=2568s
progress: nodes=23,920,000,000 tested=28 found=0 n=962312738403799109552445 elapsed=2568s
progress: nodes=23,930,000,000 tested=28 found=0 n=853739515257457278991365 elapsed=2569s
progress: nodes=23,940,000,000 tested=28 found=0 n=806306704538938252245585 elapsed=2569s
progress: nodes=23,950,000,000 tested=28 found=0 n=841866322731800100665535 elapsed=2570s
progress: nodes=23,960,000,000 tested=28 found=0 n=512656434662549037294555 elapsed=2570s
progress: nodes=23,970,000,000 tested=28 found=0 n=515711291288495683613265 elapsed=2570s
progress: nodes=23,980,000,000 tested=28 found=0 n=796368567386414938490685 elapsed=2571s
progress: nodes=23,990,000,000 tested=28 found=0 n=914468845053794273427195 elapsed=2571s
progress: nodes=24,000,000,000 tested=28 found=0 n=919965285182871688034835 elapsed=2572s
progress: nodes=24,010,000,000 tested=28 found=0 n=796815412885067543289135 elapsed=2572s
progress: nodes=24,020,000,000 tested=28 found=0 n=565620401494353789732555 elapsed=2573s
progress: nodes=24,030,000,000 tested=28 found=0 n=931255374862076015403135 elapsed=2573s
progress: nodes=24,040,000,000 tested=28 found=0 n=958385740473971590602195 elapsed=2573s
progress: nodes=24,050,000,000 tested=28 found=0 n=450346013576781278000715 elapsed=2574s
progress: nodes=24,060,000,000 tested=28 found=0 n=997357096030032896855895 elapsed=2574s
progress: nodes=24,070,000,000 tested=28 found=0 n=906714604834037033238765 elapsed=2575s
progress: nodes=24,080,000,000 tested=28 found=0 n=768948567162275366619885 elapsed=2575s
progress: nodes=24,090,000,000 tested=28 found=0 n=629694480032481096601335 elapsed=2576s
progress: nodes=24,100,000,000 tested=28 found=0 n=643970287023527977514595 elapsed=2576s
progress: nodes=24,110,000,000 tested=28 found=0 n=589902756126914977515945 elapsed=2577s
progress: nodes=24,120,000,000 tested=28 found=0 n=608588614239156166561605 elapsed=2577s
progress: nodes=24,130,000,000 tested=28 found=0 n=914211673204158528458985 elapsed=2577s
progress: nodes=24,140,000,000 tested=28 found=0 n=577423724187177354807045 elapsed=2578s
progress: nodes=24,150,000,000 tested=28 found=0 n=879177027167761840986105 elapsed=2578s
progress: nodes=24,160,000,000 tested=28 found=0 n=365751406823334487172415 elapsed=2579s
progress: nodes=24,170,000,000 tested=28 found=0 n=931748096544386280750855 elapsed=2579s
progress: nodes=24,180,000,000 tested=28 found=0 n=777428445986267175675135 elapsed=2580s
progress: nodes=24,190,000,000 tested=28 found=0 n=954936188827217217716535 elapsed=2580s
progress: nodes=24,200,000,000 tested=28 found=0 n=905911475145931891569735 elapsed=2580s
progress: nodes=24,210,000,000 tested=28 found=0 n=674421803058427812986895 elapsed=2581s
progress: nodes=24,220,000,000 tested=28 found=0 n=757664404734247542709155 elapsed=2581s
progress: nodes=24,230,000,000 tested=28 found=0 n=559378732794000210555255 elapsed=2582s
progress: nodes=24,240,000,000 tested=28 found=0 n=673779314933849337511815 elapsed=2582s
progress: nodes=24,250,000,000 tested=28 found=0 n=475555126500361671923115 elapsed=2583s
progress: nodes=24,260,000,000 tested=28 found=0 n=490623456613129910411715 elapsed=2583s
progress: nodes=24,270,000,000 tested=28 found=0 n=998681564451458330066745 elapsed=2584s
progress: nodes=24,280,000,000 tested=28 found=0 n=945769206592340616525435 elapsed=2584s
progress: nodes=24,290,000,000 tested=28 found=0 n=638495512661039105115945 elapsed=2584s
progress: nodes=24,300,000,000 tested=28 found=0 n=897337133580932715846285 elapsed=2585s
progress: nodes=24,310,000,000 tested=28 found=0 n=822685375662246361663695 elapsed=2585s
progress: nodes=24,320,000,000 tested=28 found=0 n=640938607067105391459195 elapsed=2586s
progress: nodes=24,330,000,000 tested=28 found=0 n=787473909232952458541805 elapsed=2586s
progress: nodes=24,340,000,000 tested=28 found=0 n=986044661463005392955355 elapsed=2587s
progress: nodes=24,350,000,000 tested=28 found=0 n=812838251601441970383105 elapsed=2587s
progress: nodes=24,360,000,000 tested=28 found=0 n=774009716984465214133485 elapsed=2587s
progress: nodes=24,370,000,000 tested=28 found=0 n=953980894902743689765905 elapsed=2588s
progress: nodes=24,380,000,000 tested=28 found=0 n=909685642377050142006645 elapsed=2588s
progress: nodes=24,390,000,000 tested=28 found=0 n=974511712354458229262685 elapsed=2589s
progress: nodes=24,400,000,000 tested=28 found=0 n=418105550778340284685485 elapsed=2589s
progress: nodes=24,410,000,000 tested=28 found=0 n=741586429140244165749645 elapsed=2590s
progress: nodes=24,420,000,000 tested=28 found=0 n=905560426255384217407815 elapsed=2590s
progress: nodes=24,430,000,000 tested=28 found=0 n=641135797823422472958585 elapsed=2591s
progress: nodes=24,440,000,000 tested=28 found=0 n=841708509374157932542365 elapsed=2591s
progress: nodes=24,450,000,000 tested=28 found=0 n=931722097206848401119105 elapsed=2591s
progress: nodes=24,460,000,000 tested=28 found=0 n=941821967252522976779115 elapsed=2592s
progress: nodes=24,470,000,000 tested=28 found=0 n=678262356795458272366485 elapsed=2592s
progress: nodes=24,480,000,000 tested=28 found=0 n=899788429839358704666285 elapsed=2593s
progress: nodes=24,490,000,000 tested=28 found=0 n=896681249782861070354805 elapsed=2593s
progress: nodes=24,500,000,000 tested=28 found=0 n=564096139008723542029545 elapsed=2594s
progress: nodes=24,510,000,000 tested=28 found=0 n=626007443988610114013385 elapsed=2594s
progress: nodes=24,520,000,000 tested=28 found=0 n=729838791870905645270595 elapsed=2594s
progress: nodes=24,530,000,000 tested=28 found=0 n=733973820571560454628985 elapsed=2595s
progress: nodes=24,540,000,000 tested=28 found=0 n=972302680225280594454165 elapsed=2595s
progress: nodes=24,550,000,000 tested=28 found=0 n=910577032372922459118255 elapsed=2596s
progress: nodes=24,560,000,000 tested=28 found=0 n=916814498073963941534445 elapsed=2596s
progress: nodes=24,570,000,000 tested=28 found=0 n=579904647325216492192155 elapsed=2597s
progress: nodes=24,580,000,000 tested=28 found=0 n=852703677801977789421315 elapsed=2597s
progress: nodes=24,590,000,000 tested=28 found=0 n=465206387147650455448185 elapsed=2598s
progress: nodes=24,600,000,000 tested=28 found=0 n=658845526570937191144395 elapsed=2598s
progress: nodes=24,610,000,000 tested=28 found=0 n=889424226865993481338995 elapsed=2598s
progress: nodes=24,620,000,000 tested=28 found=0 n=661552556497813711957545 elapsed=2599s
progress: nodes=24,630,000,000 tested=28 found=0 n=681147998936625655503585 elapsed=2599s
progress: nodes=24,640,000,000 tested=28 found=0 n=993166940179195965613485 elapsed=2600s
progress: nodes=24,650,000,000 tested=28 found=0 n=858334483996056386301015 elapsed=2600s
progress: nodes=24,660,000,000 tested=28 found=0 n=784774465993914480031365 elapsed=2601s
progress: nodes=24,670,000,000 tested=28 found=0 n=899311597222146775078995 elapsed=2601s
progress: nodes=24,680,000,000 tested=28 found=0 n=783589850551694883068955 elapsed=2602s
progress: nodes=24,690,000,000 tested=28 found=0 n=949561142333259996657315 elapsed=2602s
progress: nodes=24,700,000,000 tested=28 found=0 n=860722736310172049392485 elapsed=2602s
progress: nodes=24,710,000,000 tested=28 found=0 n=479283411198089714929515 elapsed=2603s
progress: nodes=24,720,000,000 tested=28 found=0 n=607534733082719633054985 elapsed=2603s
progress: nodes=24,730,000,000 tested=28 found=0 n=919801232773495292265705 elapsed=2604s
progress: nodes=24,740,000,000 tested=28 found=0 n=511686261213822203935635 elapsed=2604s
progress: nodes=24,750,000,000 tested=28 found=0 n=943833556566800720280405 elapsed=2605s
progress: nodes=24,760,000,000 tested=28 found=0 n=955553615644602418318215 elapsed=2605s
progress: nodes=24,770,000,000 tested=28 found=0 n=693098195816552762359035 elapsed=2605s
progress: nodes=24,780,000,000 tested=28 found=0 n=753031621097989753142205 elapsed=2606s
progress: nodes=24,790,000,000 tested=28 found=0 n=802815427136332525345155 elapsed=2606s
progress: nodes=24,800,000,000 tested=28 found=0 n=988935683878176323405985 elapsed=2607s
progress: nodes=24,810,000,000 tested=28 found=0 n=403088767588929411886545 elapsed=2607s
progress: nodes=24,820,000,000 tested=28 found=0 n=766460589410715397312455 elapsed=2608s
progress: nodes=24,830,000,000 tested=28 found=0 n=608816428373963467061415 elapsed=2608s
progress: nodes=24,840,000,000 tested=28 found=0 n=606963616472026055614185 elapsed=2609s
progress: nodes=24,850,000,000 tested=28 found=0 n=623518299336876223415355 elapsed=2609s
progress: nodes=24,860,000,000 tested=28 found=0 n=968397883119331769118465 elapsed=2609s
progress: nodes=24,870,000,000 tested=28 found=0 n=817500662569018199999205 elapsed=2610s
progress: nodes=24,880,000,000 tested=28 found=0 n=520031678566105385950545 elapsed=2610s
progress: nodes=24,890,000,000 tested=28 found=0 n=811194120677511935906355 elapsed=2611s
progress: nodes=24,900,000,000 tested=28 found=0 n=503615438134354298339235 elapsed=2611s
progress: nodes=24,910,000,000 tested=28 found=0 n=442650663917379859251915 elapsed=2612s
progress: nodes=24,920,000,000 tested=28 found=0 n=843058688114542112949285 elapsed=2612s
progress: nodes=24,930,000,000 tested=28 found=0 n=980737942256092686892545 elapsed=2612s
progress: nodes=24,940,000,000 tested=28 found=0 n=738561484437873026516685 elapsed=2613s
progress: nodes=24,950,000,000 tested=28 found=0 n=420232509428929262760915 elapsed=2613s
progress: nodes=24,960,000,000 tested=28 found=0 n=808513186963732101469035 elapsed=2614s
progress: nodes=24,970,000,000 tested=28 found=0 n=9028535205235054905 elapsed=2614s
progress: nodes=24,980,000,000 tested=28 found=0 n=706554004376085867303885 elapsed=2615s
progress: nodes=24,990,000,000 tested=28 found=0 n=658867394667624511828635 elapsed=2615s
progress: nodes=25,000,000,000 tested=28 found=0 n=910900498760764946279505 elapsed=2616s
progress: nodes=25,010,000,000 tested=28 found=0 n=515265879446005540155435 elapsed=2616s
progress: nodes=25,020,000,000 tested=28 found=0 n=387380698719563207103885 elapsed=2616s
progress: nodes=25,030,000,000 tested=28 found=0 n=592042319799866395488765 elapsed=2617s
progress: nodes=25,040,000,000 tested=28 found=0 n=740254750746128323431165 elapsed=2617s
progress: nodes=25,050,000,000 tested=28 found=0 n=342839302267771250752635 elapsed=2618s
progress: nodes=25,060,000,000 tested=28 found=0 n=849662033913457827752745 elapsed=2618s
progress: nodes=25,070,000,000 tested=28 found=0 n=990846395958999069775395 elapsed=2619s
progress: nodes=25,080,000,000 tested=28 found=0 n=675625203654697735625835 elapsed=2619s
progress: nodes=25,090,000,000 tested=28 found=0 n=868666390415288700195015 elapsed=2619s
progress: nodes=25,100,000,000 tested=28 found=0 n=564146368961985722891385 elapsed=2620s
progress: nodes=25,110,000,000 tested=28 found=0 n=843925896324026917838415 elapsed=2620s
progress: nodes=25,120,000,000 tested=28 found=0 n=810729048469037085150345 elapsed=2621s
progress: nodes=25,130,000,000 tested=28 found=0 n=820870653661519157028585 elapsed=2621s
progress: nodes=25,140,000,000 tested=28 found=0 n=751092880066495798728105 elapsed=2622s
progress: nodes=25,150,000,000 tested=28 found=0 n=696337781172805831994055 elapsed=2622s
progress: nodes=25,160,000,000 tested=28 found=0 n=687970440113637846046365 elapsed=2623s
progress: nodes=25,170,000,000 tested=28 found=0 n=790547002066252308403845 elapsed=2623s
progress: nodes=25,180,000,000 tested=28 found=0 n=849799317339044614356705 elapsed=2624s
progress: nodes=25,190,000,000 tested=28 found=0 n=936439060461766617391515 elapsed=2624s
progress: nodes=25,200,000,000 tested=28 found=0 n=336594223166956528776255 elapsed=2624s
progress: nodes=25,210,000,000 tested=28 found=0 n=748050215277355254825165 elapsed=2625s
progress: nodes=25,220,000,000 tested=28 found=0 n=763383342289806840728115 elapsed=2625s
progress: nodes=25,230,000,000 tested=28 found=0 n=496748291375560436428095 elapsed=2626s
progress: nodes=25,240,000,000 tested=28 found=0 n=958986946128710291327865 elapsed=2626s
progress: nodes=25,250,000,000 tested=28 found=0 n=307228684930972592781015 elapsed=2627s
progress: nodes=25,260,000,000 tested=28 found=0 n=991544176582188691263615 elapsed=2627s
progress: nodes=25,270,000,000 tested=28 found=0 n=338602153013080393318695 elapsed=2628s
progress: nodes=25,280,000,000 tested=28 found=0 n=931550026791819648910455 elapsed=2628s
progress: nodes=25,290,000,000 tested=28 found=0 n=690394186194607751818005 elapsed=2628s
progress: nodes=25,300,000,000 tested=28 found=0 n=450117091200286099275345 elapsed=2629s
progress: nodes=25,310,000,000 tested=28 found=0 n=609009583458022569086715 elapsed=2629s
progress: nodes=25,320,000,000 tested=28 found=0 n=290299602896624808547335 elapsed=2630s
progress: nodes=25,330,000,000 tested=28 found=0 n=857445564489549634264545 elapsed=2630s
progress: nodes=25,340,000,000 tested=28 found=0 n=815364612006546707908605 elapsed=2631s
progress: nodes=25,350,000,000 tested=28 found=0 n=305716892420656156652685 elapsed=2631s
progress: nodes=25,360,000,000 tested=28 found=0 n=528808083999825419023905 elapsed=2632s
progress: nodes=25,370,000,000 tested=28 found=0 n=992934449011826168964435 elapsed=2632s
progress: nodes=25,380,000,000 tested=28 found=0 n=476799489195302548908765 elapsed=2632s
progress: nodes=25,390,000,000 tested=28 found=0 n=657382989663530343887355 elapsed=2633s
progress: nodes=25,400,000,000 tested=28 found=0 n=343296354790889735858865 elapsed=2633s
progress: nodes=25,410,000,000 tested=28 found=0 n=515006030739565366097085 elapsed=2634s
progress: nodes=25,420,000,000 tested=28 found=0 n=837177542537407248681405 elapsed=2634s
progress: nodes=25,430,000,000 tested=28 found=0 n=531605546151439793149215 elapsed=2635s
progress: nodes=25,440,000,000 tested=28 found=0 n=606346502888237879774655 elapsed=2635s
progress: nodes=25,450,000,000 tested=28 found=0 n=548622987469252561750995 elapsed=2635s
progress: nodes=25,460,000,000 tested=28 found=0 n=982972206511933259651535 elapsed=2636s
progress: nodes=25,470,000,000 tested=28 found=0 n=794506379394769459281765 elapsed=2636s
progress: nodes=25,480,000,000 tested=28 found=0 n=610719758273568854857815 elapsed=2637s
progress: nodes=25,490,000,000 tested=28 found=0 n=519171787279021926825765 elapsed=2637s
progress: nodes=25,500,000,000 tested=28 found=0 n=325731761472675920866515 elapsed=2638s
progress: nodes=25,510,000,000 tested=28 found=0 n=412324061352682142352645 elapsed=2638s
progress: nodes=25,520,000,000 tested=28 found=0 n=696194929673338591767645 elapsed=2639s
progress: nodes=25,530,000,000 tested=28 found=0 n=486125289271291561740585 elapsed=2639s
progress: nodes=25,540,000,000 tested=28 found=0 n=605173144224689461544805 elapsed=2639s
progress: nodes=25,550,000,000 tested=28 found=0 n=900345522613747481853615 elapsed=2640s
progress: nodes=25,560,000,000 tested=28 found=0 n=892578953219381678522745 elapsed=2640s
progress: nodes=25,570,000,000 tested=28 found=0 n=736020365815251753953805 elapsed=2641s
progress: nodes=25,580,000,000 tested=28 found=0 n=578943390788035756377345 elapsed=2641s
progress: nodes=25,590,000,000 tested=28 found=0 n=451243497708784491862635 elapsed=2642s
progress: nodes=25,600,000,000 tested=28 found=0 n=996324454508194241346015 elapsed=2642s
progress: nodes=25,610,000,000 tested=28 found=0 n=514358777801737072616445 elapsed=2643s
progress: nodes=25,620,000,000 tested=28 found=0 n=631583261304172065868815 elapsed=2643s
progress: nodes=25,630,000,000 tested=28 found=0 n=741170054355473999633355 elapsed=2643s
progress: nodes=25,640,000,000 tested=28 found=0 n=783082789378792778334195 elapsed=2644s
progress: nodes=25,650,000,000 tested=28 found=0 n=792847938261227850731565 elapsed=2644s
progress: nodes=25,660,000,000 tested=28 found=0 n=715775535512985766454955 elapsed=2645s
progress: nodes=25,670,000,000 tested=28 found=0 n=530396316538252734667185 elapsed=2645s
progress: nodes=25,680,000,000 tested=28 found=0 n=293545600039870441401105 elapsed=2646s
progress: nodes=25,690,000,000 tested=28 found=0 n=691452233039791648862415 elapsed=2646s
progress: nodes=25,700,000,000 tested=28 found=0 n=924089042750587605321705 elapsed=2646s
progress: nodes=25,710,000,000 tested=28 found=0 n=741243676897800822590955 elapsed=2647s
progress: nodes=25,720,000,000 tested=28 found=0 n=668906985784952052776385 elapsed=2647s
progress: nodes=25,730,000,000 tested=28 found=0 n=734131301354021095486335 elapsed=2648s
progress: nodes=25,740,000,000 tested=28 found=0 n=685136668551456879055485 elapsed=2648s
progress: nodes=25,750,000,000 tested=28 found=0 n=776584506218254956719145 elapsed=2649s
progress: nodes=25,760,000,000 tested=28 found=0 n=353231998157753398714635 elapsed=2649s
progress: nodes=25,770,000,000 tested=28 found=0 n=652978001055457625922495 elapsed=2650s
progress: nodes=25,780,000,000 tested=28 found=0 n=870716571044932098227565 elapsed=2650s
progress: nodes=25,790,000,000 tested=28 found=0 n=787783721387733533814615 elapsed=2650s
progress: nodes=25,800,000,000 tested=28 found=0 n=896277489527215739318265 elapsed=2651s
progress: nodes=25,810,000,000 tested=28 found=0 n=443613053927420556858855 elapsed=2651s
progress: nodes=25,820,000,000 tested=28 found=0 n=726112527573658135002345 elapsed=2652s
progress: nodes=25,830,000,000 tested=28 found=0 n=692493849321392804022315 elapsed=2652s
progress: nodes=25,840,000,000 tested=28 found=0 n=676455508843727213641095 elapsed=2653s
progress: nodes=25,850,000,000 tested=28 found=0 n=798208195117517950636035 elapsed=2653s
progress: nodes=25,860,000,000 tested=28 found=0 n=315293810821088552482095 elapsed=2654s
progress: nodes=25,870,000,000 tested=28 found=0 n=891317963509035958493235 elapsed=2654s
progress: nodes=25,880,000,000 tested=28 found=0 n=823220862078088829630385 elapsed=2654s
progress: nodes=25,890,000,000 tested=28 found=0 n=689183193230389643207895 elapsed=2655s
progress: nodes=25,900,000,000 tested=28 found=0 n=437791402724261831416215 elapsed=2655s
progress: nodes=25,910,000,000 tested=28 found=0 n=972754012178399807974035 elapsed=2656s
progress: nodes=25,920,000,000 tested=28 found=0 n=977526213574222861697115 elapsed=2656s
progress: nodes=25,930,000,000 tested=28 found=0 n=757919447318355581936655 elapsed=2657s
progress: nodes=25,940,000,000 tested=28 found=0 n=999027126388709126763615 elapsed=2657s
progress: nodes=25,950,000,000 tested=28 found=0 n=633667001007039695077635 elapsed=2657s
progress: nodes=25,960,000,000 tested=28 found=0 n=836552616567067487820645 elapsed=2658s
progress: nodes=25,970,000,000 tested=28 found=0 n=350157383326052197397865 elapsed=2658s
progress: nodes=25,980,000,000 tested=28 found=0 n=765852601354641657668295 elapsed=2659s
progress: nodes=25,990,000,000 tested=28 found=0 n=817290103848007395744765 elapsed=2659s
progress: nodes=26,000,000,000 tested=28 found=0 n=726378671954173190712705 elapsed=2660s
progress: nodes=26,010,000,000 tested=28 found=0 n=817751451303105744831615 elapsed=2660s
progress: nodes=26,020,000,000 tested=28 found=0 n=708594369794379853623135 elapsed=2661s
progress: nodes=26,030,000,000 tested=28 found=0 n=546410782672093030942305 elapsed=2661s
progress: nodes=26,040,000,000 tested=28 found=0 n=851307204114633646225395 elapsed=2661s
progress: nodes=26,050,000,000 tested=28 found=0 n=319506496284321348184215 elapsed=2662s
progress: nodes=26,060,000,000 tested=28 found=0 n=831331796842327383569835 elapsed=2662s
progress: nodes=26,070,000,000 tested=28 found=0 n=786230820812803589802315 elapsed=2663s
progress: nodes=26,080,000,000 tested=28 found=0 n=771128087344116700622985 elapsed=2663s
progress: nodes=26,090,000,000 tested=28 found=0 n=588349565335894419287505 elapsed=2664s
progress: nodes=26,100,000,000 tested=28 found=0 n=836715496753671883987815 elapsed=2664s
progress: nodes=26,110,000,000 tested=28 found=0 n=728902008609654185293185 elapsed=2664s
progress: nodes=26,120,000,000 tested=28 found=0 n=804430462633450362129915 elapsed=2665s
progress: nodes=26,130,000,000 tested=28 found=0 n=325199883426291719919315 elapsed=2665s
progress: nodes=26,140,000,000 tested=28 found=0 n=598366021600404876267405 elapsed=2666s
progress: nodes=26,150,000,000 tested=28 found=0 n=381321788993963774200035 elapsed=2666s
progress: nodes=26,160,000,000 tested=28 found=0 n=710989657368424886771055 elapsed=2667s
progress: nodes=26,170,000,000 tested=28 found=0 n=946462414436368041920895 elapsed=2667s
progress: nodes=26,180,000,000 tested=28 found=0 n=517218688037547044253045 elapsed=2668s
progress: nodes=26,190,000,000 tested=28 found=0 n=481817903524978166109315 elapsed=2668s
progress: nodes=26,200,000,000 tested=28 found=0 n=960227875338305431417065 elapsed=2668s
progress: nodes=26,210,000,000 tested=28 found=0 n=682405650151378368509745 elapsed=2669s
progress: nodes=26,220,000,000 tested=28 found=0 n=688193314063487139274785 elapsed=2669s
progress: nodes=26,230,000,000 tested=28 found=0 n=510268894731451242035055 elapsed=2670s
progress: nodes=26,240,000,000 tested=28 found=0 n=618175589062860030164985 elapsed=2670s
progress: nodes=26,250,000,000 tested=28 found=0 n=737089215731976797765955 elapsed=2671s
progress: nodes=26,260,000,000 tested=28 found=0 n=797669428640943250937655 elapsed=2671s
progress: nodes=26,270,000,000 tested=28 found=0 n=763813686696989289330915 elapsed=2672s
progress: nodes=26,280,000,000 tested=28 found=0 n=837622978121553962653755 elapsed=2672s
progress: nodes=26,290,000,000 tested=28 found=0 n=989447412915561790073565 elapsed=2672s
progress: nodes=26,300,000,000 tested=28 found=0 n=895915737293278248735705 elapsed=2673s
progress: nodes=26,310,000,000 tested=28 found=0 n=953448512374974067854435 elapsed=2673s
progress: nodes=26,320,000,000 tested=28 found=0 n=987833842047758785360545 elapsed=2674s
progress: nodes=26,330,000,000 tested=28 found=0 n=757279846574760125198835 elapsed=2674s
progress: nodes=26,340,000,000 tested=28 found=0 n=994083623256156710477805 elapsed=2675s
progress: nodes=26,350,000,000 tested=28 found=0 n=556208782130299625329365 elapsed=2675s
progress: nodes=26,360,000,000 tested=28 found=0 n=887172842110615030667565 elapsed=2675s
progress: nodes=26,370,000,000 tested=28 found=0 n=543135597209089106447115 elapsed=2676s
progress: nodes=26,380,000,000 tested=28 found=0 n=832238441812702773257805 elapsed=2676s
progress: nodes=26,390,000,000 tested=28 found=0 n=845077047037940390881185 elapsed=2677s
progress: nodes=26,400,000,000 tested=28 found=0 n=563495106907430450458695 elapsed=2677s
progress: nodes=26,410,000,000 tested=28 found=0 n=637849848324842195267115 elapsed=2678s
progress: nodes=26,420,000,000 tested=28 found=0 n=806728640766510645439245 elapsed=2678s
progress: nodes=26,430,000,000 tested=28 found=0 n=920906443401373472071545 elapsed=2679s
progress: nodes=26,440,000,000 tested=28 found=0 n=853448838472906881498315 elapsed=2679s
progress: nodes=26,450,000,000 tested=28 found=0 n=642800622267433955986155 elapsed=2679s
progress: nodes=26,460,000,000 tested=28 found=0 n=610321704263307051276195 elapsed=2680s
progress: nodes=26,470,000,000 tested=28 found=0 n=516619742724778924158345 elapsed=2680s
progress: nodes=26,480,000,000 tested=28 found=0 n=979207105814448888171465 elapsed=2681s
progress: nodes=26,490,000,000 tested=28 found=0 n=926006241924076976820135 elapsed=2681s
progress: nodes=26,500,000,000 tested=28 found=0 n=697804111717836967583685 elapsed=2682s
progress: nodes=26,510,000,000 tested=28 found=0 n=519406211992104215781255 elapsed=2682s
progress: nodes=26,520,000,000 tested=28 found=0 n=962651520932040555685245 elapsed=2683s
progress: nodes=26,530,000,000 tested=28 found=0 n=547823509302738864634065 elapsed=2683s
progress: nodes=26,540,000,000 tested=28 found=0 n=867624126786199749350835 elapsed=2683s
progress: nodes=26,550,000,000 tested=28 found=0 n=732816741378811087514835 elapsed=2684s
progress: nodes=26,560,000,000 tested=28 found=0 n=484432624933684027761105 elapsed=2684s
progress: nodes=26,570,000,000 tested=28 found=0 n=981445229261979152649165 elapsed=2685s
progress: nodes=26,580,000,000 tested=28 found=0 n=354905546283686933401185 elapsed=2685s
progress: nodes=26,590,000,000 tested=28 found=0 n=817945984205041100543145 elapsed=2686s
progress: nodes=26,600,000,000 tested=28 found=0 n=991949682095804227603995 elapsed=2686s
progress: nodes=26,610,000,000 tested=28 found=0 n=491271372942788950792335 elapsed=2687s
progress: nodes=26,620,000,000 tested=28 found=0 n=466088877372328797925305 elapsed=2687s
progress: nodes=26,630,000,000 tested=28 found=0 n=429184074001117832152965 elapsed=2687s
progress: nodes=26,640,000,000 tested=28 found=0 n=587684098686221124885495 elapsed=2688s
progress: nodes=26,650,000,000 tested=28 found=0 n=650501392334770543731615 elapsed=2688s
progress: nodes=26,660,000,000 tested=28 found=0 n=881234341070291794531935 elapsed=2689s
progress: nodes=26,670,000,000 tested=28 found=0 n=841950628158249634127895 elapsed=2689s
progress: nodes=26,680,000,000 tested=28 found=0 n=838267651057115754209295 elapsed=2690s
progress: nodes=26,690,000,000 tested=28 found=0 n=941821215212850121911465 elapsed=2690s
progress: nodes=26,700,000,000 tested=28 found=0 n=866274533958904024669605 elapsed=2691s
progress: nodes=26,710,000,000 tested=28 found=0 n=836895133928127588210765 elapsed=2691s
progress: nodes=26,720,000,000 tested=28 found=0 n=719718826753390541884785 elapsed=2691s
progress: nodes=26,730,000,000 tested=28 found=0 n=638279284721453734398435 elapsed=2692s
progress: nodes=26,740,000,000 tested=28 found=0 n=540807486365448423719235 elapsed=2692s
progress: nodes=26,750,000,000 tested=28 found=0 n=757430691706143747882315 elapsed=2693s
progress: nodes=26,760,000,000 tested=28 found=0 n=634316008289504923185705 elapsed=2693s
progress: nodes=26,770,000,000 tested=28 found=0 n=945329011280242121961945 elapsed=2694s
progress: nodes=26,780,000,000 tested=28 found=0 n=460931025984397841351655 elapsed=2694s
progress: nodes=26,790,000,000 tested=28 found=0 n=836887200585903583039935 elapsed=2694s
progress: nodes=26,800,000,000 tested=28 found=0 n=629856570676432030550685 elapsed=2695s
progress: nodes=26,810,000,000 tested=28 found=0 n=787616571968070730647795 elapsed=2695s
progress: nodes=26,820,000,000 tested=28 found=0 n=2401715568753501165 elapsed=2696s
progress: nodes=26,830,000,000 tested=28 found=0 n=464031013391759027385765 elapsed=2696s
progress: nodes=26,840,000,000 tested=28 found=0 n=793628821260513966572955 elapsed=2697s
progress: nodes=26,850,000,000 tested=28 found=0 n=327798420976912335237315 elapsed=2697s
progress: nodes=26,860,000,000 tested=28 found=0 n=572245375460578145031915 elapsed=2698s
progress: nodes=26,870,000,000 tested=28 found=0 n=808415061707822319074115 elapsed=2698s
progress: nodes=26,880,000,000 tested=28 found=0 n=337156233443843273065485 elapsed=2698s
progress: nodes=26,890,000,000 tested=28 found=0 n=721181067257198689861995 elapsed=2699s
progress: nodes=26,900,000,000 tested=28 found=0 n=965995299198628702630605 elapsed=2699s
progress: nodes=26,910,000,000 tested=28 found=0 n=363504322036394216079435 elapsed=2700s
progress: nodes=26,920,000,000 tested=28 found=0 n=720145176476802812172855 elapsed=2700s
progress: nodes=26,930,000,000 tested=28 found=0 n=798220276604398837533465 elapsed=2701s
progress: nodes=26,940,000,000 tested=28 found=0 n=610361153498184213988665 elapsed=2701s
progress: nodes=26,950,000,000 tested=28 found=0 n=609146567102096259321195 elapsed=2702s
progress: nodes=26,960,000,000 tested=28 found=0 n=642004868639102466404115 elapsed=2702s
progress: nodes=26,970,000,000 tested=28 found=0 n=546594548775380962664445 elapsed=2702s
progress: nodes=26,980,000,000 tested=28 found=0 n=993920735036052533565405 elapsed=2703s
progress: nodes=26,990,000,000 tested=28 found=0 n=926732197084608355863015 elapsed=2703s
progress: nodes=27,000,000,000 tested=28 found=0 n=982405095628715258240565 elapsed=2704s
progress: nodes=27,010,000,000 tested=28 found=0 n=975561863642849396439405 elapsed=2704s
progress: nodes=27,020,000,000 tested=28 found=0 n=797704696154780561734785 elapsed=2705s
progress: nodes=27,030,000,000 tested=28 found=0 n=934703827359908426715015 elapsed=2705s
progress: nodes=27,040,000,000 tested=28 found=0 n=251063880706440593432685 elapsed=2706s
progress: nodes=27,050,000,000 tested=28 found=0 n=454957424917253692774065 elapsed=2706s
progress: nodes=27,060,000,000 tested=28 found=0 n=833221925992419627145185 elapsed=2706s
progress: nodes=27,070,000,000 tested=28 found=0 n=802372897054437328740285 elapsed=2707s
progress: nodes=27,080,000,000 tested=28 found=0 n=637143849415106571403305 elapsed=2707s
progress: nodes=27,090,000,000 tested=28 found=0 n=835701291244099846893195 elapsed=2708s
progress: nodes=27,100,000,000 tested=28 found=0 n=494632288204415074552905 elapsed=2708s
progress: nodes=27,110,000,000 tested=28 found=0 n=717563443401383768507835 elapsed=2709s
progress: nodes=27,120,000,000 tested=28 found=0 n=684055541889633716826705 elapsed=2709s
progress: nodes=27,130,000,000 tested=28 found=0 n=408222665113718740269105 elapsed=2709s
progress: nodes=27,140,000,000 tested=28 found=0 n=710628558863317364379285 elapsed=2710s
progress: nodes=27,150,000,000 tested=28 found=0 n=897251420537926598883915 elapsed=2710s
progress: nodes=27,160,000,000 tested=28 found=0 n=352640013732329241027285 elapsed=2711s
progress: nodes=27,170,000,000 tested=28 found=0 n=600829422153035468826015 elapsed=2711s
progress: nodes=27,180,000,000 tested=28 found=0 n=574754808570745851163665 elapsed=2712s
progress: nodes=27,190,000,000 tested=28 found=0 n=717622565629651574717385 elapsed=2712s
progress: nodes=27,200,000,000 tested=28 found=0 n=659707259843429027402535 elapsed=2713s
progress: nodes=27,210,000,000 tested=28 found=0 n=586854315347400745738335 elapsed=2713s
progress: nodes=27,220,000,000 tested=28 found=0 n=671588129073777740669295 elapsed=2713s
progress: nodes=27,230,000,000 tested=28 found=0 n=990964650447027303590565 elapsed=2714s
progress: nodes=27,240,000,000 tested=28 found=0 n=903563923657885568197515 elapsed=2714s
progress: nodes=27,250,000,000 tested=28 found=0 n=713004133586548225485195 elapsed=2715s
progress: nodes=27,260,000,000 tested=28 found=0 n=899493614311008958776315 elapsed=2715s
progress: nodes=27,270,000,000 tested=28 found=0 n=845370836242961277369285 elapsed=2716s
progress: nodes=27,280,000,000 tested=28 found=0 n=797234551714707709570605 elapsed=2716s
progress: nodes=27,290,000,000 tested=28 found=0 n=760509910888471521458505 elapsed=2717s
progress: nodes=27,300,000,000 tested=28 found=0 n=427971057077521633067865 elapsed=2717s
progress: nodes=27,310,000,000 tested=28 found=0 n=599253063017846750532855 elapsed=2717s
progress: nodes=27,320,000,000 tested=28 found=0 n=469883353782934486688535 elapsed=2718s
progress: nodes=27,330,000,000 tested=28 found=0 n=673456887597800220583185 elapsed=2718s
progress: nodes=27,340,000,000 tested=28 found=0 n=630707500023313779495495 elapsed=2719s
progress: nodes=27,350,000,000 tested=28 found=0 n=483565772303053055331705 elapsed=2719s
progress: nodes=27,360,000,000 tested=28 found=0 n=427845229130087415483705 elapsed=2720s
progress: nodes=27,370,000,000 tested=28 found=0 n=767451670155778511425995 elapsed=2720s
progress: nodes=27,380,000,000 tested=28 found=0 n=924453863410434996985335 elapsed=2721s
progress: nodes=27,390,000,000 tested=28 found=0 n=837182822383349442478665 elapsed=2721s
progress: nodes=27,400,000,000 tested=28 found=0 n=890281865786824823821245 elapsed=2721s
progress: nodes=27,410,000,000 tested=28 found=0 n=945504998947360821593745 elapsed=2722s
progress: nodes=27,420,000,000 tested=28 found=0 n=493726519513627672556295 elapsed=2722s
progress: nodes=27,430,000,000 tested=28 found=0 n=247076895258135537530265 elapsed=2723s
progress: nodes=27,440,000,000 tested=28 found=0 n=439526419720367161803885 elapsed=2723s
progress: nodes=27,450,000,000 tested=28 found=0 n=713605897663154219291535 elapsed=2724s
progress: nodes=27,460,000,000 tested=28 found=0 n=609828398776713224793465 elapsed=2724s
progress: nodes=27,470,000,000 tested=28 found=0 n=397978768475697901760235 elapsed=2725s
progress: nodes=27,480,000,000 tested=28 found=0 n=970223811317778108522915 elapsed=2725s
progress: nodes=27,490,000,000 tested=28 found=0 n=777543695800919768534715 elapsed=2725s
progress: nodes=27,500,000,000 tested=28 found=0 n=965102045803962667934355 elapsed=2726s
progress: nodes=27,510,000,000 tested=28 found=0 n=722748333106873940323545 elapsed=2726s
progress: nodes=27,520,000,000 tested=28 found=0 n=955125295703352534152205 elapsed=2727s
progress: nodes=27,530,000,000 tested=28 found=0 n=872260575328885238739045 elapsed=2727s
progress: nodes=27,540,000,000 tested=28 found=0 n=948096219964831792557615 elapsed=2728s
progress: nodes=27,550,000,000 tested=28 found=0 n=394484921166651234565635 elapsed=2728s
progress: nodes=27,560,000,000 tested=28 found=0 n=776623274462561824232055 elapsed=2729s
progress: nodes=27,570,000,000 tested=28 found=0 n=244634430335794323084315 elapsed=2729s
progress: nodes=27,580,000,000 tested=28 found=0 n=658463855556052305449415 elapsed=2729s
progress: nodes=27,590,000,000 tested=28 found=0 n=940174340672055595367745 elapsed=2730s
progress: nodes=27,600,000,000 tested=28 found=0 n=490782457987550627345865 elapsed=2730s
progress: nodes=27,610,000,000 tested=28 found=0 n=746419167128907179080965 elapsed=2731s
progress: nodes=27,620,000,000 tested=28 found=0 n=669710054702903728072185 elapsed=2731s
progress: nodes=27,630,000,000 tested=28 found=0 n=893149888034704712787045 elapsed=2732s
progress: nodes=27,640,000,000 tested=28 found=0 n=715346600612699040417135 elapsed=2732s
progress: nodes=27,650,000,000 tested=28 found=0 n=732671678560039502786865 elapsed=2732s
progress: nodes=27,660,000,000 tested=28 found=0 n=451773246980560311774495 elapsed=2733s
progress: nodes=27,670,000,000 tested=28 found=0 n=491546463787587882924855 elapsed=2733s
progress: nodes=27,680,000,000 tested=28 found=0 n=971295526927672203633255 elapsed=2734s
progress: nodes=27,690,000,000 tested=28 found=0 n=794786125896750183702165 elapsed=2734s
progress: nodes=27,700,000,000 tested=28 found=0 n=538477133733939142607535 elapsed=2735s
progress: nodes=27,710,000,000 tested=28 found=0 n=411312720352166745368355 elapsed=2735s
progress: nodes=27,720,000,000 tested=28 found=0 n=423189745307254097176455 elapsed=2736s
progress: nodes=27,730,000,000 tested=28 found=0 n=883777917856891227406335 elapsed=2736s
progress: nodes=27,740,000,000 tested=28 found=0 n=688852185573451194528255 elapsed=2736s
progress: nodes=27,750,000,000 tested=28 found=0 n=991742356491124873425615 elapsed=2737s
progress: nodes=27,760,000,000 tested=28 found=0 n=730045423273069963100745 elapsed=2737s
progress: nodes=27,770,000,000 tested=28 found=0 n=368361863005991403931965 elapsed=2738s
progress: nodes=27,780,000,000 tested=28 found=0 n=598253679308557544053815 elapsed=2738s
progress: nodes=27,790,000,000 tested=28 found=0 n=699738966492580118040255 elapsed=2739s
progress: nodes=27,800,000,000 tested=28 found=0 n=961107845746184021574315 elapsed=2739s
progress: nodes=27,810,000,000 tested=28 found=0 n=905437339498355916608235 elapsed=2740s
progress: nodes=27,820,000,000 tested=28 found=0 n=847892733275029824280305 elapsed=2740s
progress: nodes=27,830,000,000 tested=28 found=0 n=754420875585251713903845 elapsed=2740s
progress: nodes=27,840,000,000 tested=28 found=0 n=598600336498759112231835 elapsed=2741s
progress: nodes=27,850,000,000 tested=28 found=0 n=992884199510999227670865 elapsed=2741s
progress: nodes=27,860,000,000 tested=28 found=0 n=973596272883783263296065 elapsed=2742s
progress: nodes=27,870,000,000 tested=28 found=0 n=854036995078572680841345 elapsed=2742s
progress: nodes=27,880,000,000 tested=28 found=0 n=491632692269930766773955 elapsed=2743s
progress: nodes=27,890,000,000 tested=28 found=0 n=622700280091285015903965 elapsed=2743s
progress: nodes=27,900,000,000 tested=28 found=0 n=752929173333255402756855 elapsed=2744s
progress: nodes=27,910,000,000 tested=28 found=0 n=483501226883741308309815 elapsed=2744s
progress: nodes=27,920,000,000 tested=28 found=0 n=784540905758797223051235 elapsed=2744s
progress: nodes=27,930,000,000 tested=28 found=0 n=827222648922893943459135 elapsed=2745s
progress: nodes=27,940,000,000 tested=28 found=0 n=512629169621543702636535 elapsed=2745s
progress: nodes=27,950,000,000 tested=28 found=0 n=630370468634381860689315 elapsed=2746s
progress: nodes=27,960,000,000 tested=28 found=0 n=910358868987453671464635 elapsed=2746s
progress: nodes=27,970,000,000 tested=28 found=0 n=586041736423426020555345 elapsed=2747s
progress: nodes=27,980,000,000 tested=28 found=0 n=540084142630535988548745 elapsed=2747s
progress: nodes=27,990,000,000 tested=28 found=0 n=879352337826078990779565 elapsed=2748s
progress: nodes=28,000,000,000 tested=28 found=0 n=851746974636292967227545 elapsed=2748s
progress: nodes=28,010,000,000 tested=28 found=0 n=799498631450432689122105 elapsed=2749s
progress: nodes=28,020,000,000 tested=28 found=0 n=950838464711708059569885 elapsed=2749s
progress: nodes=28,030,000,000 tested=28 found=0 n=690380003223057764004795 elapsed=2750s
progress: nodes=28,040,000,000 tested=28 found=0 n=801991278936029198618415 elapsed=2750s
progress: nodes=28,050,000,000 tested=28 found=0 n=623742116719697194071105 elapsed=2750s
progress: nodes=28,060,000,000 tested=28 found=0 n=845909400235095566617005 elapsed=2751s
progress: nodes=28,070,000,000 tested=28 found=0 n=618122133351296409591855 elapsed=2751s
progress: nodes=28,080,000,000 tested=28 found=0 n=580979366696696875822035 elapsed=2752s
progress: nodes=28,090,000,000 tested=28 found=0 n=490574956861937460697965 elapsed=2752s
progress: nodes=28,100,000,000 tested=28 found=0 n=859012627974880169983005 elapsed=2753s
progress: nodes=28,110,000,000 tested=28 found=0 n=363527963785048336931745 elapsed=2753s
progress: nodes=28,120,000,000 tested=28 found=0 n=464112935621908556400945 elapsed=2754s
progress: nodes=28,130,000,000 tested=28 found=0 n=615086388428984767942515 elapsed=2754s
progress: nodes=28,140,000,000 tested=28 found=0 n=834509899887357210611985 elapsed=2755s
progress: nodes=28,150,000,000 tested=28 found=0 n=579328984224711351232965 elapsed=2755s
progress: nodes=28,160,000,000 tested=28 found=0 n=683530014544175071071315 elapsed=2756s
progress: nodes=28,170,000,000 tested=28 found=0 n=416455315948990882308195 elapsed=2756s
progress: nodes=28,180,000,000 tested=28 found=0 n=485071527047763728526795 elapsed=2756s
progress: nodes=28,190,000,000 tested=28 found=0 n=951178552707629941703415 elapsed=2757s
progress: nodes=28,200,000,000 tested=28 found=0 n=625752689501642783819805 elapsed=2757s
progress: nodes=28,210,000,000 tested=28 found=0 n=592343336781253413889335 elapsed=2758s
progress: nodes=28,220,000,000 tested=28 found=0 n=916952433943992773076585 elapsed=2758s
progress: nodes=28,230,000,000 tested=28 found=0 n=528282378898146060231285 elapsed=2759s
progress: nodes=28,240,000,000 tested=28 found=0 n=921980863020348877095405 elapsed=2759s
progress: nodes=28,250,000,000 tested=28 found=0 n=391082979684022949367495 elapsed=2760s
progress: nodes=28,260,000,000 tested=28 found=0 n=483202352328727553947755 elapsed=2760s
progress: nodes=28,270,000,000 tested=28 found=0 n=784345363150381702655535 elapsed=2761s
progress: nodes=28,280,000,000 tested=28 found=0 n=268091210262034022990445 elapsed=2761s
progress: nodes=28,290,000,000 tested=28 found=0 n=625903465143123227663955 elapsed=2762s
progress: nodes=28,300,000,000 tested=28 found=0 n=752899020308108756705205 elapsed=2762s
progress: nodes=28,310,000,000 tested=28 found=0 n=607563521961079152440565 elapsed=2762s
progress: nodes=28,320,000,000 tested=28 found=0 n=606411938644650716981535 elapsed=2763s
progress: nodes=28,330,000,000 tested=28 found=0 n=804422417964073860480705 elapsed=2763s
progress: nodes=28,340,000,000 tested=28 found=0 n=836587513429993301034465 elapsed=2764s
progress: nodes=28,350,000,000 tested=28 found=0 n=448041262389908630009985 elapsed=2764s
progress: nodes=28,360,000,000 tested=28 found=0 n=669782453670633614325795 elapsed=2765s
progress: nodes=28,370,000,000 tested=28 found=0 n=789392271013057593835965 elapsed=2765s
progress: nodes=28,380,000,000 tested=28 found=0 n=435146988431129202800055 elapsed=2766s
progress: nodes=28,390,000,000 tested=28 found=0 n=889793464310108497157535 elapsed=2766s
progress: nodes=28,400,000,000 tested=28 found=0 n=276422680275586000045065 elapsed=2767s
progress: nodes=28,410,000,000 tested=28 found=0 n=439193732620179337708545 elapsed=2767s
progress: nodes=28,420,000,000 tested=28 found=0 n=701298349729765295043195 elapsed=2767s
progress: nodes=28,430,000,000 tested=28 found=0 n=500620069057427973381915 elapsed=2768s
progress: nodes=28,440,000,000 tested=28 found=0 n=856185382203134599657305 elapsed=2768s
progress: nodes=28,450,000,000 tested=28 found=0 n=917579932056025572018465 elapsed=2769s
progress: nodes=28,460,000,000 tested=28 found=0 n=873053800463579092212195 elapsed=2769s
progress: nodes=28,470,000,000 tested=28 found=0 n=839574521735988148271865 elapsed=2770s
progress: nodes=28,480,000,000 tested=28 found=0 n=806245922865272909220135 elapsed=2770s
progress: nodes=28,490,000,000 tested=28 found=0 n=787739467449555417589155 elapsed=2771s
progress: nodes=28,500,000,000 tested=28 found=0 n=450710640609226241082795 elapsed=2771s
progress: nodes=28,510,000,000 tested=28 found=0 n=999383915133285476333715 elapsed=2772s
progress: nodes=28,520,000,000 tested=28 found=0 n=602364342188843731882935 elapsed=2772s
progress: nodes=28,530,000,000 tested=28 found=0 n=936378312496143164169885 elapsed=2773s
progress: nodes=28,540,000,000 tested=28 found=0 n=353535558732617038089345 elapsed=2773s
progress: nodes=28,550,000,000 tested=28 found=0 n=867858917944233977567685 elapsed=2774s
progress: nodes=28,560,000,000 tested=28 found=0 n=734472860167279235771505 elapsed=2774s
progress: nodes=28,570,000,000 tested=28 found=0 n=362852621607883140152595 elapsed=2775s
progress: nodes=28,580,000,000 tested=28 found=0 n=526713459495923614712985 elapsed=2775s
progress: nodes=28,590,000,000 tested=28 found=0 n=799773793299194974276995 elapsed=2775s
progress: nodes=28,600,000,000 tested=28 found=0 n=545064654356178239253465 elapsed=2776s
progress: nodes=28,610,000,000 tested=28 found=0 n=786971086976676162321585 elapsed=2776s
progress: nodes=28,620,000,000 tested=28 found=0 n=580737685791961258959915 elapsed=2777s
progress: nodes=28,630,000,000 tested=28 found=0 n=455565001595096901193785 elapsed=2777s
progress: nodes=28,640,000,000 tested=28 found=0 n=425786262602878504028295 elapsed=2778s
progress: nodes=28,650,000,000 tested=28 found=0 n=809466429215999669810355 elapsed=2778s
progress: nodes=28,660,000,000 tested=28 found=0 n=517420878051139341410835 elapsed=2779s
progress: nodes=28,670,000,000 tested=28 found=0 n=590922590968360213214355 elapsed=2779s
progress: nodes=28,680,000,000 tested=28 found=0 n=940618688068694570374395 elapsed=2780s
progress: nodes=28,690,000,000 tested=28 found=0 n=415066473137906058857355 elapsed=2780s
progress: nodes=28,700,000,000 tested=28 found=0 n=951592125445886556879885 elapsed=2781s
progress: nodes=28,710,000,000 tested=28 found=0 n=960289515336316929119235 elapsed=2781s
progress: nodes=28,720,000,000 tested=28 found=0 n=267235038464745802697235 elapsed=2781s
progress: nodes=28,730,000,000 tested=28 found=0 n=617365068660313320940065 elapsed=2782s
progress: nodes=28,740,000,000 tested=28 found=0 n=896181840226926778591935 elapsed=2782s
progress: nodes=28,750,000,000 tested=28 found=0 n=934860844246890281326155 elapsed=2783s
progress: nodes=28,760,000,000 tested=28 found=0 n=403836920998360042368285 elapsed=2783s
progress: nodes=28,770,000,000 tested=28 found=0 n=763862482571992183099665 elapsed=2784s
progress: nodes=28,780,000,000 tested=28 found=0 n=944160381926078144717835 elapsed=2784s
progress: nodes=28,790,000,000 tested=28 found=0 n=710078207852918481429105 elapsed=2785s
progress: nodes=28,800,000,000 tested=28 found=0 n=775754747927013291934365 elapsed=2785s
progress: nodes=28,810,000,000 tested=28 found=0 n=407996427815297474274495 elapsed=2786s
progress: nodes=28,820,000,000 tested=28 found=0 n=604679958004414975035705 elapsed=2786s
progress: nodes=28,830,000,000 tested=28 found=0 n=996364291952081502708885 elapsed=2787s
progress: nodes=28,840,000,000 tested=28 found=0 n=533545250116033995246495 elapsed=2787s
progress: nodes=28,850,000,000 tested=28 found=0 n=754242413023083432788505 elapsed=2787s
progress: nodes=28,860,000,000 tested=28 found=0 n=950632434952584228685665 elapsed=2788s
progress: nodes=28,870,000,000 tested=28 found=0 n=368203555503267890831865 elapsed=2788s
progress: nodes=28,880,000,000 tested=28 found=0 n=676418219053069649601555 elapsed=2789s
progress: nodes=28,890,000,000 tested=28 found=0 n=350525869702770943745685 elapsed=2789s
progress: nodes=28,900,000,000 tested=28 found=0 n=555062831175900699514665 elapsed=2790s
progress: nodes=28,910,000,000 tested=28 found=0 n=874227239344578925877445 elapsed=2790s
progress: nodes=28,920,000,000 tested=28 found=0 n=807937092840079590372765 elapsed=2791s
progress: nodes=28,930,000,000 tested=28 found=0 n=519166471066183699417395 elapsed=2791s
progress: nodes=28,940,000,000 tested=28 found=0 n=728005252441160328509655 elapsed=2792s
progress: nodes=28,950,000,000 tested=28 found=0 n=654719269143719419856865 elapsed=2792s
progress: nodes=28,960,000,000 tested=28 found=0 n=627881268810756707734185 elapsed=2793s
progress: nodes=28,970,000,000 tested=28 found=0 n=738854998382045430291285 elapsed=2793s
progress: nodes=28,980,000,000 tested=28 found=0 n=599840331065294693371965 elapsed=2794s
progress: nodes=28,990,000,000 tested=28 found=0 n=340173732638709850958055 elapsed=2794s
progress: nodes=29,000,000,000 tested=28 found=0 n=573813711320938697040795 elapsed=2794s
progress: nodes=29,010,000,000 tested=28 found=0 n=455402430814227381643455 elapsed=2795s
progress: nodes=29,020,000,000 tested=28 found=0 n=723296072940928796594835 elapsed=2795s
progress: nodes=29,030,000,000 tested=28 found=0 n=922162457640978732747195 elapsed=2796s
progress: nodes=29,040,000,000 tested=28 found=0 n=887079288839772395764485 elapsed=2796s
progress: nodes=29,050,000,000 tested=28 found=0 n=864976294395518576711715 elapsed=2797s
progress: nodes=29,060,000,000 tested=28 found=0 n=730881717372588255193665 elapsed=2797s
progress: nodes=29,070,000,000 tested=28 found=0 n=554681394519896208343185 elapsed=2798s
progress: nodes=29,080,000,000 tested=28 found=0 n=550061683356018154366485 elapsed=2798s
progress: nodes=29,090,000,000 tested=28 found=0 n=910863795303326306605185 elapsed=2799s
progress: nodes=29,100,000,000 tested=28 found=0 n=648016175901987458353755 elapsed=2799s
progress: nodes=29,110,000,000 tested=28 found=0 n=734892455810571746740965 elapsed=2799s
progress: nodes=29,120,000,000 tested=28 found=0 n=829409004906378228321165 elapsed=2800s
progress: nodes=29,130,000,000 tested=28 found=0 n=869310353435045255470935 elapsed=2800s
progress: nodes=29,140,000,000 tested=28 found=0 n=419979630435096094145145 elapsed=2801s
progress: nodes=29,150,000,000 tested=28 found=0 n=911854123567312897471995 elapsed=2801s
progress: nodes=29,160,000,000 tested=28 found=0 n=353086131233061239270895 elapsed=2802s
progress: nodes=29,170,000,000 tested=28 found=0 n=881742866600629408041315 elapsed=2802s
progress: nodes=29,180,000,000 tested=28 found=0 n=967086446947259331069135 elapsed=2803s
progress: nodes=29,190,000,000 tested=28 found=0 n=361536973647352148040615 elapsed=2803s
progress: nodes=29,200,000,000 tested=28 found=0 n=856733868330931908015435 elapsed=2804s
progress: nodes=29,210,000,000 tested=28 found=0 n=709312133294354460461085 elapsed=2804s
progress: nodes=29,220,000,000 tested=28 found=0 n=370471566221980523562735 elapsed=2805s
progress: nodes=29,230,000,000 tested=28 found=0 n=428169391866097277713515 elapsed=2805s
progress: nodes=29,240,000,000 tested=28 found=0 n=899222370893820262391355 elapsed=2805s
progress: nodes=29,250,000,000 tested=28 found=0 n=906105826189895202212715 elapsed=2806s
progress: nodes=29,260,000,000 tested=28 found=0 n=654545306298696242264505 elapsed=2806s
progress: nodes=29,270,000,000 tested=28 found=0 n=808893872079622852801905 elapsed=2807s
progress: nodes=29,280,000,000 tested=28 found=0 n=781340630156507119677165 elapsed=2807s
progress: nodes=29,290,000,000 tested=28 found=0 n=680665286576982495528135 elapsed=2808s
progress: nodes=29,300,000,000 tested=28 found=0 n=785989074778370276751135 elapsed=2808s
progress: nodes=29,310,000,000 tested=28 found=0 n=631914056720919914663205 elapsed=2809s
progress: nodes=29,320,000,000 tested=28 found=0 n=494681548783800386382165 elapsed=2809s
progress: nodes=29,330,000,000 tested=28 found=0 n=769843929609492579884295 elapsed=2810s
progress: nodes=29,340,000,000 tested=28 found=0 n=604228179916833189557895 elapsed=2810s
progress: nodes=29,350,000,000 tested=28 found=0 n=648990284638805924904045 elapsed=2811s
progress: nodes=29,360,000,000 tested=28 found=0 n=989265668567243815488015 elapsed=2811s
progress: nodes=29,370,000,000 tested=28 found=0 n=320962115371555122036165 elapsed=2812s
progress: nodes=29,380,000,000 tested=28 found=0 n=664899915786783380490105 elapsed=2812s
progress: nodes=29,390,000,000 tested=28 found=0 n=973383053978753494045695 elapsed=2812s
progress: nodes=29,400,000,000 tested=28 found=0 n=556102528255677146345415 elapsed=2813s
progress: nodes=29,410,000,000 tested=28 found=0 n=515524983141264039389655 elapsed=2813s
progress: nodes=29,420,000,000 tested=28 found=0 n=983177163482901067655865 elapsed=2814s
progress: nodes=29,430,000,000 tested=28 found=0 n=506193063835799758745745 elapsed=2814s
progress: nodes=29,440,000,000 tested=28 found=0 n=585627537645144686902815 elapsed=2815s
progress: nodes=29,450,000,000 tested=28 found=0 n=216261810054157063518135 elapsed=2815s
progress: nodes=29,460,000,000 tested=28 found=0 n=383379714520484497729155 elapsed=2816s
progress: nodes=29,470,000,000 tested=28 found=0 n=895314789841318382225745 elapsed=2816s
progress: nodes=29,480,000,000 tested=28 found=0 n=264138135926564343421395 elapsed=2817s
progress: nodes=29,490,000,000 tested=28 found=0 n=833821657767238267705545 elapsed=2817s
progress: nodes=29,500,000,000 tested=28 found=0 n=824480687953254522950595 elapsed=2818s
progress: nodes=29,510,000,000 tested=28 found=0 n=341747704009185446257065 elapsed=2818s
progress: nodes=29,520,000,000 tested=28 found=0 n=944404398279203783575005 elapsed=2818s
progress: nodes=29,530,000,000 tested=28 found=0 n=466715658997399821816015 elapsed=2819s
progress: nodes=29,540,000,000 tested=28 found=0 n=709127567413585198534755 elapsed=2819s
progress: nodes=29,550,000,000 tested=28 found=0 n=802662584842467797974515 elapsed=2820s
progress: nodes=29,560,000,000 tested=28 found=0 n=853367535098626753271385 elapsed=2820s
progress: nodes=29,570,000,000 tested=28 found=0 n=836374361211102488426685 elapsed=2821s
progress: nodes=29,580,000,000 tested=28 found=0 n=795962480968849079125845 elapsed=2821s
progress: nodes=29,590,000,000 tested=28 found=0 n=744772457257243600402305 elapsed=2822s
progress: nodes=29,600,000,000 tested=28 found=0 n=434721915059869522932165 elapsed=2822s
progress: nodes=29,610,000,000 tested=28 found=0 n=716712592215074289301665 elapsed=2823s
progress: nodes=29,620,000,000 tested=28 found=0 n=710752288623054310784745 elapsed=2823s
progress: nodes=29,630,000,000 tested=28 found=0 n=816876717449407414529895 elapsed=2823s
progress: nodes=29,640,000,000 tested=28 found=0 n=690956820857630168001765 elapsed=2824s
progress: nodes=29,650,000,000 tested=28 found=0 n=817599001901522111861535 elapsed=2824s
progress: nodes=29,660,000,000 tested=28 found=0 n=433401824095856578017495 elapsed=2825s
progress: nodes=29,670,000,000 tested=28 found=0 n=912629276075440636035345 elapsed=2825s
progress: nodes=29,680,000,000 tested=28 found=0 n=963835817006586011983605 elapsed=2826s
progress: nodes=29,690,000,000 tested=28 found=0 n=599559431104565624445885 elapsed=2826s
progress: nodes=29,700,000,000 tested=28 found=0 n=943258278776825687936535 elapsed=2827s
progress: nodes=29,710,000,000 tested=28 found=0 n=502044333518532567518415 elapsed=2827s
progress: nodes=29,720,000,000 tested=28 found=0 n=628560189278633164248135 elapsed=2828s
progress: nodes=29,730,000,000 tested=28 found=0 n=378203991799650692992965 elapsed=2828s
progress: nodes=29,740,000,000 tested=28 found=0 n=695939319567401867885565 elapsed=2829s
progress: nodes=29,750,000,000 tested=28 found=0 n=880550990386719235851465 elapsed=2829s
progress: nodes=29,760,000,000 tested=28 found=0 n=457744307030790808078215 elapsed=2829s
progress: nodes=29,770,000,000 tested=28 found=0 n=950733515267738857585755 elapsed=2830s
progress: nodes=29,780,000,000 tested=28 found=0 n=330352683439957286638365 elapsed=2830s
progress: nodes=29,790,000,000 tested=28 found=0 n=527306845546831866141285 elapsed=2831s
progress: nodes=29,800,000,000 tested=28 found=0 n=677475564142569308211645 elapsed=2831s
progress: nodes=29,810,000,000 tested=28 found=0 n=465810920999595716847885 elapsed=2832s
progress: nodes=29,820,000,000 tested=28 found=0 n=601464761216358890061915 elapsed=2832s
progress: nodes=29,830,000,000 tested=28 found=0 n=906200748634943257077285 elapsed=2833s
progress: nodes=29,840,000,000 tested=28 found=0 n=351794622395528732756655 elapsed=2833s
progress: nodes=29,850,000,000 tested=28 found=0 n=565211190270808232846145 elapsed=2834s
progress: nodes=29,860,000,000 tested=28 found=0 n=698107334685263199871515 elapsed=2834s
progress: nodes=29,870,000,000 tested=28 found=0 n=445230291073420266438915 elapsed=2835s
progress: nodes=29,880,000,000 tested=28 found=0 n=450122776314969873002085 elapsed=2835s
progress: nodes=29,890,000,000 tested=28 found=0 n=485068691811717516936015 elapsed=2836s
progress: nodes=29,900,000,000 tested=28 found=0 n=401339632471749079837245 elapsed=2836s
progress: nodes=29,910,000,000 tested=28 found=0 n=791548203994940075664915 elapsed=2836s
progress: nodes=29,920,000,000 tested=28 found=0 n=752112020926075628096685 elapsed=2837s
progress: nodes=29,930,000,000 tested=28 found=0 n=885970245734949546043785 elapsed=2837s
progress: nodes=29,940,000,000 tested=28 found=0 n=854886212250598682264385 elapsed=2838s
progress: nodes=29,950,000,000 tested=28 found=0 n=883434598128474764471055 elapsed=2838s
progress: nodes=29,960,000,000 tested=28 found=0 n=964427617801288881030285 elapsed=2839s
progress: nodes=29,970,000,000 tested=28 found=0 n=614693243541346475203665 elapsed=2839s
progress: nodes=29,980,000,000 tested=28 found=0 n=663711882294416626899855 elapsed=2840s
progress: nodes=29,990,000,000 tested=28 found=0 n=396576343945007328651615 elapsed=2840s
progress: nodes=30,000,000,000 tested=28 found=0 n=520708616678952860782635 elapsed=2841s
progress: nodes=30,010,000,000 tested=28 found=0 n=854439672770169690198555 elapsed=2841s
progress: nodes=30,020,000,000 tested=28 found=0 n=613306641594473149461435 elapsed=2841s
progress: nodes=30,030,000,000 tested=28 found=0 n=816172871578491794632155 elapsed=2842s
progress: nodes=30,040,000,000 tested=28 found=0 n=869501330488146468918465 elapsed=2842s
progress: nodes=30,050,000,000 tested=28 found=0 n=613764720271770278780745 elapsed=2843s
progress: nodes=30,060,000,000 tested=28 found=0 n=916920057268281408506505 elapsed=2843s
progress: nodes=30,070,000,000 tested=28 found=0 n=825476064503099038334415 elapsed=2844s
progress: nodes=30,080,000,000 tested=28 found=0 n=617302642341489687791505 elapsed=2844s
progress: nodes=30,090,000,000 tested=28 found=0 n=922185847521090628131645 elapsed=2845s
progress: nodes=30,100,000,000 tested=28 found=0 n=574659231519942161298585 elapsed=2845s
progress: nodes=30,110,000,000 tested=28 found=0 n=927441398081412275791455 elapsed=2846s
progress: nodes=30,120,000,000 tested=28 found=0 n=543966996776893108813845 elapsed=2846s
progress: nodes=30,130,000,000 tested=28 found=0 n=712260499195084444064955 elapsed=2847s
progress: nodes=30,140,000,000 tested=28 found=0 n=473387097498252881457195 elapsed=2847s
progress: nodes=30,150,000,000 tested=28 found=0 n=448065914321231963295165 elapsed=2847s
progress: nodes=30,160,000,000 tested=28 found=0 n=483487775285633632963845 elapsed=2848s
progress: nodes=30,170,000,000 tested=28 found=0 n=851872583098780925240295 elapsed=2848s
progress: nodes=30,180,000,000 tested=28 found=0 n=579184028395151859324315 elapsed=2849s
progress: nodes=30,190,000,000 tested=28 found=0 n=842783441125161848830155 elapsed=2849s
progress: nodes=30,200,000,000 tested=28 found=0 n=962167638121991809091595 elapsed=2850s
progress: nodes=30,210,000,000 tested=28 found=0 n=996572684579679634359735 elapsed=2850s
progress: nodes=30,220,000,000 tested=28 found=0 n=469573306790334549463485 elapsed=2851s
progress: nodes=30,230,000,000 tested=28 found=0 n=314690821021092332287845 elapsed=2851s
progress: nodes=30,240,000,000 tested=28 found=0 n=391900407098225825963295 elapsed=2852s
progress: nodes=30,250,000,000 tested=28 found=0 n=490191454179006860428335 elapsed=2852s
progress: nodes=30,260,000,000 tested=28 found=0 n=955831452149293481471985 elapsed=2853s
progress: nodes=30,270,000,000 tested=28 found=0 n=657894093452367231427605 elapsed=2853s
progress: nodes=30,280,000,000 tested=28 found=0 n=489999397118017163781195 elapsed=2853s
progress: nodes=30,290,000,000 tested=28 found=0 n=927046263517136101071315 elapsed=2854s
progress: nodes=30,300,000,000 tested=28 found=0 n=319807865397616486317405 elapsed=2854s
progress: nodes=30,310,000,000 tested=28 found=0 n=730319950381878000956295 elapsed=2855s
progress: nodes=30,320,000,000 tested=28 found=0 n=869093553415772024817345 elapsed=2855s
progress: nodes=30,330,000,000 tested=28 found=0 n=325951588894098633141555 elapsed=2856s
progress: nodes=30,340,000,000 tested=28 found=0 n=649841412127097773954305 elapsed=2856s
progress: nodes=30,350,000,000 tested=28 found=0 n=785767362820545741182415 elapsed=2857s
progress: nodes=30,360,000,000 tested=28 found=0 n=807700571880503433384285 elapsed=2857s
progress: nodes=30,370,000,000 tested=28 found=0 n=884183137911164516160285 elapsed=2858s
progress: nodes=30,380,000,000 tested=28 found=0 n=906551581698282126763035 elapsed=2858s
progress: nodes=30,390,000,000 tested=28 found=0 n=396428154255937806317865 elapsed=2859s
progress: nodes=30,400,000,000 tested=28 found=0 n=525795895357246587658365 elapsed=2859s
progress: nodes=30,410,000,000 tested=28 found=0 n=723559082142199525629165 elapsed=2859s
progress: nodes=30,420,000,000 tested=28 found=0 n=667968705649557182416095 elapsed=2860s
progress: nodes=30,430,000,000 tested=28 found=0 n=428869612109569108713345 elapsed=2860s
progress: nodes=30,440,000,000 tested=28 found=0 n=845532832523305010793885 elapsed=2861s
progress: nodes=30,450,000,000 tested=28 found=0 n=528594084776114587672695 elapsed=2861s
progress: nodes=30,460,000,000 tested=28 found=0 n=624468332927734502480955 elapsed=2862s
progress: nodes=30,470,000,000 tested=28 found=0 n=958595256024253819592445 elapsed=2862s
progress: nodes=30,480,000,000 tested=28 found=0 n=507345220859903131141755 elapsed=2863s
progress: nodes=30,490,000,000 tested=28 found=0 n=964278612701285407624395 elapsed=2863s
progress: nodes=30,500,000,000 tested=28 found=0 n=753205465629411013370745 elapsed=2864s
progress: nodes=30,510,000,000 tested=28 found=0 n=900285850350464796364905 elapsed=2864s
progress: nodes=30,520,000,000 tested=28 found=0 n=968219637578942939285535 elapsed=2865s
progress: nodes=30,530,000,000 tested=28 found=0 n=855988255395065215887255 elapsed=2865s
progress: nodes=30,540,000,000 tested=28 found=0 n=598031513966042039566485 elapsed=2865s
progress: nodes=30,550,000,000 tested=28 found=0 n=792717447434886921341295 elapsed=2866s
progress: nodes=30,560,000,000 tested=28 found=0 n=691940037537596954912355 elapsed=2866s
progress: nodes=30,570,000,000 tested=28 found=0 n=781573021968437265833145 elapsed=2867s
progress: nodes=30,580,000,000 tested=28 found=0 n=581401990286054127520605 elapsed=2867s
progress: nodes=30,590,000,000 tested=28 found=0 n=626408441545678814414205 elapsed=2868s
progress: nodes=30,600,000,000 tested=28 found=0 n=790511863668869668436055 elapsed=2868s
progress: nodes=30,610,000,000 tested=28 found=0 n=606536415334046525520555 elapsed=2869s
progress: nodes=30,620,000,000 tested=28 found=0 n=887651975634892112709405 elapsed=2869s
progress: nodes=30,630,000,000 tested=28 found=0 n=559190863184328217957455 elapsed=2870s
progress: nodes=30,640,000,000 tested=28 found=0 n=665586745726865915522295 elapsed=2870s
progress: nodes=30,650,000,000 tested=28 found=0 n=759110457534115258554345 elapsed=2871s
progress: nodes=30,660,000,000 tested=28 found=0 n=551858149966256013059685 elapsed=2871s
progress: nodes=30,670,000,000 tested=28 found=0 n=480886909896816554012145 elapsed=2871s
progress: nodes=30,680,000,000 tested=28 found=0 n=905840296708225579049745 elapsed=2872s
progress: nodes=30,690,000,000 tested=28 found=0 n=257939021395628186293845 elapsed=2872s
progress: nodes=30,700,000,000 tested=28 found=0 n=485398641445640585032095 elapsed=2873s
progress: nodes=30,710,000,000 tested=28 found=0 n=957201509998387124870355 elapsed=2873s
progress: nodes=30,720,000,000 tested=28 found=0 n=669983383883353576829265 elapsed=2874s
progress: nodes=30,730,000,000 tested=28 found=0 n=632772059601375717468885 elapsed=2874s
progress: nodes=30,740,000,000 tested=28 found=0 n=707205447527632982097345 elapsed=2875s
progress: nodes=30,750,000,000 tested=28 found=0 n=517248218574762585926895 elapsed=2875s
progress: nodes=30,760,000,000 tested=28 found=0 n=908539071028681620410685 elapsed=2876s
progress: nodes=30,770,000,000 tested=28 found=0 n=722803086741284060803335 elapsed=2876s
progress: nodes=30,780,000,000 tested=28 found=0 n=434123492953670575569855 elapsed=2877s
progress: nodes=30,790,000,000 tested=28 found=0 n=713189183223281536597815 elapsed=2877s
progress: nodes=30,800,000,000 tested=28 found=0 n=865027082594032638992415 elapsed=2877s
progress: nodes=30,810,000,000 tested=28 found=0 n=939164201124471702694215 elapsed=2878s
progress: nodes=30,820,000,000 tested=28 found=0 n=857072951432258297513535 elapsed=2878s
progress: nodes=30,830,000,000 tested=28 found=0 n=704953180481486747391405 elapsed=2879s
progress: nodes=30,840,000,000 tested=28 found=0 n=726593707501182884188485 elapsed=2879s
progress: nodes=30,850,000,000 tested=28 found=0 n=731064029865878703941595 elapsed=2880s
progress: nodes=30,860,000,000 tested=28 found=0 n=907194283293477413807595 elapsed=2880s
progress: nodes=30,870,000,000 tested=28 found=0 n=820196630113236683050755 elapsed=2881s
progress: nodes=30,880,000,000 tested=28 found=0 n=693024973865961024117555 elapsed=2881s
progress: nodes=30,890,000,000 tested=28 found=0 n=812535255386382968322795 elapsed=2882s
progress: nodes=30,900,000,000 tested=28 found=0 n=677910073963948683631785 elapsed=2882s
progress: nodes=30,910,000,000 tested=28 found=0 n=855610728259164782507955 elapsed=2883s
progress: nodes=30,920,000,000 tested=28 found=0 n=815231592907443990502785 elapsed=2883s
progress: nodes=30,930,000,000 tested=28 found=0 n=934313843888269390803015 elapsed=2883s
progress: nodes=30,940,000,000 tested=28 found=0 n=606359157099101806122855 elapsed=2884s
progress: nodes=30,950,000,000 tested=28 found=0 n=938143872572048907133545 elapsed=2884s
progress: nodes=30,960,000,000 tested=28 found=0 n=883164294446610201581655 elapsed=2885s
progress: nodes=30,970,000,000 tested=28 found=0 n=784666861601961174917355 elapsed=2885s
progress: nodes=30,980,000,000 tested=28 found=0 n=753678175501192072392855 elapsed=2886s
progress: nodes=30,990,000,000 tested=28 found=0 n=922675827606341884904565 elapsed=2886s
progress: nodes=31,000,000,000 tested=28 found=0 n=383320092925273917141135 elapsed=2887s
progress: nodes=31,010,000,000 tested=28 found=0 n=867898602028441021968765 elapsed=2887s
progress: nodes=31,020,000,000 tested=28 found=0 n=849835520635732553992905 elapsed=2888s
progress: nodes=31,030,000,000 tested=28 found=0 n=964208196287090863812495 elapsed=2888s
progress: nodes=31,040,000,000 tested=28 found=0 n=425943454901983277062815 elapsed=2888s
progress: nodes=31,050,000,000 tested=28 found=0 n=999540109163565559211985 elapsed=2889s
progress: nodes=31,060,000,000 tested=28 found=0 n=465476978767728829030965 elapsed=2889s
progress: nodes=31,070,000,000 tested=28 found=0 n=760379563885431247420905 elapsed=2890s
progress: nodes=31,080,000,000 tested=28 found=0 n=787963058250038143420365 elapsed=2890s
progress: nodes=31,090,000,000 tested=28 found=0 n=308125762378544112348555 elapsed=2891s
progress: nodes=31,100,000,000 tested=28 found=0 n=837130281399049798591695 elapsed=2891s
progress: nodes=31,110,000,000 tested=28 found=0 n=948577616704718960498055 elapsed=2892s
progress: nodes=31,120,000,000 tested=28 found=0 n=402374187570639221416215 elapsed=2892s
progress: nodes=31,130,000,000 tested=28 found=0 n=991547324137127842291845 elapsed=2893s
progress: nodes=31,140,000,000 tested=28 found=0 n=616144158414184610522565 elapsed=2893s
progress: nodes=31,150,000,000 tested=28 found=0 n=470284503934448561395455 elapsed=2894s
progress: nodes=31,160,000,000 tested=28 found=0 n=940215819111994781386965 elapsed=2894s
progress: nodes=31,170,000,000 tested=28 found=0 n=650433989066993141228955 elapsed=2895s
progress: nodes=31,180,000,000 tested=28 found=0 n=891754122112293050036415 elapsed=2895s
progress: nodes=31,190,000,000 tested=28 found=0 n=900802182571052357478465 elapsed=2896s
progress: nodes=31,200,000,000 tested=28 found=0 n=802508437320539780135745 elapsed=2896s
progress: nodes=31,210,000,000 tested=28 found=0 n=873413718912208897904745 elapsed=2896s
progress: nodes=31,220,000,000 tested=28 found=0 n=679648855787892885748095 elapsed=2897s
progress: nodes=31,230,000,000 tested=28 found=0 n=930424377207390376953015 elapsed=2897s
progress: nodes=31,240,000,000 tested=28 found=0 n=690595100440960393398555 elapsed=2898s
progress: nodes=31,250,000,000 tested=28 found=0 n=711765365747515299830115 elapsed=2898s
progress: nodes=31,260,000,000 tested=28 found=0 n=898692754986169804371645 elapsed=2899s
progress: nodes=31,270,000,000 tested=28 found=0 n=894999106773762970670955 elapsed=2899s
progress: nodes=31,280,000,000 tested=28 found=0 n=332623908558492210781605 elapsed=2900s
progress: nodes=31,290,000,000 tested=28 found=0 n=910980888872490928885635 elapsed=2900s
progress: nodes=31,300,000,000 tested=28 found=0 n=602029472963873020496595 elapsed=2900s
progress: nodes=31,310,000,000 tested=28 found=0 n=643821140917030413042585 elapsed=2901s
progress: nodes=31,320,000,000 tested=28 found=0 n=832912302164220742203135 elapsed=2901s
progress: nodes=31,330,000,000 tested=28 found=0 n=378812442667879660776435 elapsed=2902s
progress: nodes=31,340,000,000 tested=28 found=0 n=559990951963272460877895 elapsed=2902s
progress: nodes=31,350,000,000 tested=28 found=0 n=662570514921145179734055 elapsed=2903s
progress: nodes=31,360,000,000 tested=28 found=0 n=959823144103905200771685 elapsed=2903s
progress: nodes=31,370,000,000 tested=28 found=0 n=973818188848487152966455 elapsed=2904s
progress: nodes=31,380,000,000 tested=28 found=0 n=430742173861174319548965 elapsed=2904s
progress: nodes=31,390,000,000 tested=28 found=0 n=914626252126210043963565 elapsed=2905s
progress: nodes=31,400,000,000 tested=28 found=0 n=933164042888934503575335 elapsed=2905s
progress: nodes=31,410,000,000 tested=28 found=0 n=958344607214024162639265 elapsed=2905s
progress: nodes=31,420,000,000 tested=28 found=0 n=832931590128383453272785 elapsed=2906s
progress: nodes=31,430,000,000 tested=28 found=0 n=886160705070993801595245 elapsed=2906s
progress: nodes=31,440,000,000 tested=28 found=0 n=679771545548435164072215 elapsed=2907s
progress: nodes=31,450,000,000 tested=28 found=0 n=957830103984487222821915 elapsed=2907s
progress: nodes=31,460,000,000 tested=28 found=0 n=928212236981805047980455 elapsed=2908s
progress: nodes=31,470,000,000 tested=28 found=0 n=801120182214329777058435 elapsed=2908s
progress: nodes=31,480,000,000 tested=28 found=0 n=753865747737538084004565 elapsed=2909s
progress: nodes=31,490,000,000 tested=28 found=0 n=652128329552740169657715 elapsed=2909s
progress: nodes=31,500,000,000 tested=28 found=0 n=346436719586008474916295 elapsed=2910s
progress: nodes=31,510,000,000 tested=28 found=0 n=980212833761526241854615 elapsed=2910s
progress: nodes=31,520,000,000 tested=28 found=0 n=948278440893955017468105 elapsed=2910s
progress: nodes=31,530,000,000 tested=28 found=0 n=631666772636390863759035 elapsed=2911s
progress: nodes=31,540,000,000 tested=28 found=0 n=635561471122958730570165 elapsed=2911s
progress: nodes=31,550,000,000 tested=28 found=0 n=494008197539879675095245 elapsed=2912s
progress: nodes=31,560,000,000 tested=28 found=0 n=651005186230175803786485 elapsed=2912s
progress: nodes=31,570,000,000 tested=28 found=0 n=754846644478721774453595 elapsed=2913s
progress: nodes=31,580,000,000 tested=28 found=0 n=472729558602059948747745 elapsed=2913s
progress: nodes=31,590,000,000 tested=28 found=0 n=606651913903227732566235 elapsed=2914s
progress: nodes=31,600,000,000 tested=28 found=0 n=831502651505510740927545 elapsed=2914s
progress: nodes=31,610,000,000 tested=28 found=0 n=662739764314175030008845 elapsed=2915s
progress: nodes=31,620,000,000 tested=28 found=0 n=837387717158163345944715 elapsed=2915s
progress: nodes=31,630,000,000 tested=28 found=0 n=939593424580738999305795 elapsed=2915s
progress: nodes=31,640,000,000 tested=28 found=0 n=887920751390075751571245 elapsed=2916s
progress: nodes=31,650,000,000 tested=28 found=0 n=347501299615382833440795 elapsed=2916s
progress: nodes=31,660,000,000 tested=28 found=0 n=606312812747219264726985 elapsed=2917s
progress: nodes=31,670,000,000 tested=28 found=0 n=949609194964923267086895 elapsed=2917s
progress: nodes=31,680,000,000 tested=28 found=0 n=914423314786903239623415 elapsed=2918s
progress: nodes=31,690,000,000 tested=28 found=0 n=808809014282143591278045 elapsed=2918s
progress: nodes=31,700,000,000 tested=28 found=0 n=773450796506371975267155 elapsed=2919s
progress: nodes=31,710,000,000 tested=28 found=0 n=989593776497704534082685 elapsed=2919s
progress: nodes=31,720,000,000 tested=28 found=0 n=989170376306551001280135 elapsed=2920s
progress: nodes=31,730,000,000 tested=28 found=0 n=754672308627456707173785 elapsed=2920s
progress: nodes=31,740,000,000 tested=28 found=0 n=934307091927351856827135 elapsed=2920s
progress: nodes=31,750,000,000 tested=28 found=0 n=357789480474542812264305 elapsed=2921s
progress: nodes=31,760,000,000 tested=28 found=0 n=570712084604242355883735 elapsed=2921s
progress: nodes=31,770,000,000 tested=28 found=0 n=725620921048035059865345 elapsed=2922s
progress: nodes=31,780,000,000 tested=28 found=0 n=427503137546682167693085 elapsed=2922s
progress: nodes=31,790,000,000 tested=28 found=0 n=804871396975646439836595 elapsed=2923s
progress: nodes=31,800,000,000 tested=28 found=0 n=612515238968751095868165 elapsed=2923s
progress: nodes=31,810,000,000 tested=28 found=0 n=606501703310986312196895 elapsed=2924s
progress: nodes=31,820,000,000 tested=28 found=0 n=607431204480302798504535 elapsed=2924s
progress: nodes=31,830,000,000 tested=28 found=0 n=617163301126368663917085 elapsed=2925s
progress: nodes=31,840,000,000 tested=28 found=0 n=861484003549136073214515 elapsed=2925s
progress: nodes=31,850,000,000 tested=28 found=0 n=667839051866131810502805 elapsed=2925s
progress: nodes=31,860,000,000 tested=28 found=0 n=271383983238444672606615 elapsed=2926s
progress: nodes=31,870,000,000 tested=28 found=0 n=882931082373265148441955 elapsed=2926s
progress: nodes=31,880,000,000 tested=28 found=0 n=864149479106681310707835 elapsed=2927s
progress: nodes=31,890,000,000 tested=28 found=0 n=868047155122935523803705 elapsed=2927s
progress: nodes=31,900,000,000 tested=28 found=0 n=428652723217923630018945 elapsed=2928s
progress: nodes=31,910,000,000 tested=28 found=0 n=469707603459574074852015 elapsed=2928s
progress: nodes=31,920,000,000 tested=28 found=0 n=847769218390367206318935 elapsed=2929s
progress: nodes=31,930,000,000 tested=28 found=0 n=953798669588391782838705 elapsed=2929s
progress: nodes=31,940,000,000 tested=28 found=0 n=384935690621648462354685 elapsed=2930s
progress: nodes=31,950,000,000 tested=28 found=0 n=741368944183730498931735 elapsed=2930s
progress: nodes=31,960,000,000 tested=28 found=0 n=912666415568618954538405 elapsed=2930s
progress: nodes=31,970,000,000 tested=28 found=0 n=949731354065637253459305 elapsed=2931s
progress: nodes=31,980,000,000 tested=28 found=0 n=541440628819323925512645 elapsed=2931s
progress: nodes=31,990,000,000 tested=28 found=0 n=470242737149424955512885 elapsed=2932s
progress: nodes=32,000,000,000 tested=28 found=0 n=837553024322704921783365 elapsed=2932s
progress: nodes=32,010,000,000 tested=28 found=0 n=871323201220607298861885 elapsed=2933s
progress: nodes=32,020,000,000 tested=28 found=0 n=688419432164994510826395 elapsed=2933s
progress: nodes=32,030,000,000 tested=28 found=0 n=403226902691827051643685 elapsed=2934s
progress: nodes=32,040,000,000 tested=28 found=0 n=792921677341501315287405 elapsed=2934s
progress: nodes=32,050,000,000 tested=28 found=0 n=327120408226158441521715 elapsed=2935s
progress: nodes=32,060,000,000 tested=28 found=0 n=362885230026080147966085 elapsed=2935s
progress: nodes=32,070,000,000 tested=28 found=0 n=561129335057467282020255 elapsed=2935s
progress: nodes=32,080,000,000 tested=28 found=0 n=948328384194800823509955 elapsed=2936s
progress: nodes=32,090,000,000 tested=28 found=0 n=339076757600276183977005 elapsed=2936s
progress: nodes=32,100,000,000 tested=28 found=0 n=898939191532117288711455 elapsed=2937s
progress: nodes=32,110,000,000 tested=28 found=0 n=927244126316185040898315 elapsed=2937s
progress: nodes=32,120,000,000 tested=28 found=0 n=640742641353149021740845 elapsed=2938s
progress: nodes=32,130,000,000 tested=28 found=0 n=778014166460890557552255 elapsed=2938s
progress: nodes=32,140,000,000 tested=28 found=0 n=997088499959257134172755 elapsed=2939s
progress: nodes=32,150,000,000 tested=28 found=0 n=270886160277944168260545 elapsed=2939s
progress: nodes=32,160,000,000 tested=28 found=0 n=820176549423462589795965 elapsed=2939s
progress: nodes=32,170,000,000 tested=28 found=0 n=970832614279162299662745 elapsed=2940s
progress: nodes=32,180,000,000 tested=28 found=0 n=524514162685336519282785 elapsed=2940s
progress: nodes=32,190,000,000 tested=28 found=0 n=342764993028897322127145 elapsed=2941s
progress: nodes=32,200,000,000 tested=28 found=0 n=516284336228365149415245 elapsed=2941s
progress: nodes=32,210,000,000 tested=28 found=0 n=709526493837907532184915 elapsed=2942s
progress: nodes=32,220,000,000 tested=28 found=0 n=464995702192586085688365 elapsed=2942s
progress: nodes=32,230,000,000 tested=28 found=0 n=473467626429970852492065 elapsed=2943s
progress: nodes=32,240,000,000 tested=28 found=0 n=848295916070442587104005 elapsed=2943s
progress: nodes=32,250,000,000 tested=28 found=0 n=806826098299366213961805 elapsed=2944s
progress: nodes=32,260,000,000 tested=28 found=0 n=477584314873424922220695 elapsed=2944s
progress: nodes=32,270,000,000 tested=28 found=0 n=830280250401691037755455 elapsed=2944s
progress: nodes=32,280,000,000 tested=28 found=0 n=693087859194535971386055 elapsed=2945s
progress: nodes=32,290,000,000 tested=28 found=0 n=516340503258272693726715 elapsed=2945s
progress: nodes=32,300,000,000 tested=28 found=0 n=967440894003689898964545 elapsed=2946s
progress: nodes=32,310,000,000 tested=28 found=0 n=305839435996442098106235 elapsed=2946s
progress: nodes=32,320,000,000 tested=28 found=0 n=414495190822394281609845 elapsed=2947s
progress: nodes=32,330,000,000 tested=28 found=0 n=653327757711168675078735 elapsed=2947s
progress: nodes=32,340,000,000 tested=28 found=0 n=308129265570301127192295 elapsed=2948s
progress: nodes=32,350,000,000 tested=28 found=0 n=491469827446404888445485 elapsed=2948s
progress: nodes=32,360,000,000 tested=28 found=0 n=528623979918868098490005 elapsed=2949s
progress: nodes=32,370,000,000 tested=28 found=0 n=744847407974403472479345 elapsed=2949s
progress: nodes=32,380,000,000 tested=28 found=0 n=308235458352644301783645 elapsed=2950s
progress: nodes=32,390,000,000 tested=28 found=0 n=688272349808746947865995 elapsed=2950s
progress: nodes=32,400,000,000 tested=28 found=0 n=543886864329059703135585 elapsed=2951s
progress: nodes=32,410,000,000 tested=28 found=0 n=425486860494506566266555 elapsed=2951s
progress: nodes=32,420,000,000 tested=28 found=0 n=835232673348350167664565 elapsed=2951s
progress: nodes=32,430,000,000 tested=28 found=0 n=316613975124879583212105 elapsed=2952s
progress: nodes=32,440,000,000 tested=28 found=0 n=624354114545659100580615 elapsed=2952s
progress: nodes=32,450,000,000 tested=28 found=0 n=743245530059909223340785 elapsed=2953s
progress: nodes=32,460,000,000 tested=28 found=0 n=788513368597068102375915 elapsed=2953s
progress: nodes=32,470,000,000 tested=28 found=0 n=650614502102446387552365 elapsed=2954s
progress: nodes=32,480,000,000 tested=28 found=0 n=955467270735699192693255 elapsed=2954s
progress: nodes=32,490,000,000 tested=28 found=0 n=812227548498950431989405 elapsed=2955s
progress: nodes=32,500,000,000 tested=28 found=0 n=388476227333851344360585 elapsed=2955s
progress: nodes=32,510,000,000 tested=28 found=0 n=393134339791861058991105 elapsed=2956s
progress: nodes=32,520,000,000 tested=28 found=0 n=728143566268744362207735 elapsed=2956s
progress: nodes=32,530,000,000 tested=28 found=0 n=397801354393987946034435 elapsed=2956s
progress: nodes=32,540,000,000 tested=28 found=0 n=761255868450582926970615 elapsed=2957s
progress: nodes=32,550,000,000 tested=28 found=0 n=972749659903026577506495 elapsed=2957s
progress: nodes=32,560,000,000 tested=28 found=0 n=767930791575726751396545 elapsed=2958s
progress: nodes=32,570,000,000 tested=28 found=0 n=974254880872468433456955 elapsed=2958s
progress: nodes=32,580,000,000 tested=28 found=0 n=457640265495141945692685 elapsed=2959s
progress: nodes=32,590,000,000 tested=28 found=0 n=456130924101127456938405 elapsed=2959s
progress: nodes=32,600,000,000 tested=28 found=0 n=357820123201969621203945 elapsed=2960s
progress: nodes=32,610,000,000 tested=28 found=0 n=443708760969203192490555 elapsed=2960s
progress: nodes=32,620,000,000 tested=28 found=0 n=789965869973860915883955 elapsed=2961s
progress: nodes=32,630,000,000 tested=28 found=0 n=867040371454420286757315 elapsed=2961s
progress: nodes=32,640,000,000 tested=28 found=0 n=695854861391973912847515 elapsed=2961s
progress: nodes=32,650,000,000 tested=28 found=0 n=873347555549954881489995 elapsed=2962s
progress: nodes=32,660,000,000 tested=28 found=0 n=779370935123942732841435 elapsed=2962s
progress: nodes=32,670,000,000 tested=28 found=0 n=443402974175355716594985 elapsed=2963s
progress: nodes=32,680,000,000 tested=28 found=0 n=746796719108476834349805 elapsed=2963s
progress: nodes=32,690,000,000 tested=28 found=0 n=479170757502949700207745 elapsed=2964s
progress: nodes=32,700,000,000 tested=28 found=0 n=994240289061073728372105 elapsed=2964s
progress: nodes=32,710,000,000 tested=28 found=0 n=495608177742578980284645 elapsed=2965s
progress: nodes=32,720,000,000 tested=28 found=0 n=961898432193927536840235 elapsed=2965s
progress: nodes=32,730,000,000 tested=28 found=0 n=713508052041471254778045 elapsed=2966s
progress: nodes=32,740,000,000 tested=28 found=0 n=482393477126095460160345 elapsed=2966s
progress: nodes=32,750,000,000 tested=28 found=0 n=231287317041313642345335 elapsed=2966s
progress: nodes=32,760,000,000 tested=28 found=0 n=420069554397578833068915 elapsed=2967s
progress: nodes=32,770,000,000 tested=28 found=0 n=908311634201618101801665 elapsed=2967s
progress: nodes=32,780,000,000 tested=28 found=0 n=957171979263483087784515 elapsed=2968s
progress: nodes=32,790,000,000 tested=28 found=0 n=479606399327841735818385 elapsed=2968s
progress: nodes=32,800,000,000 tested=28 found=0 n=550779106459512708182295 elapsed=2969s
progress: nodes=32,810,000,000 tested=28 found=0 n=834472336906834136458695 elapsed=2969s
progress: nodes=32,820,000,000 tested=28 found=0 n=668359881557980127830215 elapsed=2970s
progress: nodes=32,830,000,000 tested=28 found=0 n=558457988164119908107155 elapsed=2970s
progress: nodes=32,840,000,000 tested=28 found=0 n=770051136436701153339195 elapsed=2970s
progress: nodes=32,850,000,000 tested=28 found=0 n=911671036902243327235185 elapsed=2971s
progress: nodes=32,860,000,000 tested=28 found=0 n=779400213896571955177545 elapsed=2971s
progress: nodes=32,870,000,000 tested=28 found=0 n=816159043601961590639295 elapsed=2972s
progress: nodes=32,880,000,000 tested=28 found=0 n=860170810309030799811045 elapsed=2972s
progress: nodes=32,890,000,000 tested=28 found=0 n=309830253024154210208685 elapsed=2973s
progress: nodes=32,900,000,000 tested=28 found=0 n=589184359727974919325945 elapsed=2973s
progress: nodes=32,910,000,000 tested=28 found=0 n=587854149415400943786645 elapsed=2974s
progress: nodes=32,920,000,000 tested=28 found=0 n=705051149858847653929155 elapsed=2974s
progress: nodes=32,930,000,000 tested=28 found=0 n=497665345031643242863035 elapsed=2975s
progress: nodes=32,940,000,000 tested=28 found=0 n=938824576090269999016095 elapsed=2975s
progress: nodes=32,950,000,000 tested=28 found=0 n=613713970778037748359345 elapsed=2975s
progress: nodes=32,960,000,000 tested=28 found=0 n=461033754408100787011065 elapsed=2976s
progress: nodes=32,970,000,000 tested=28 found=0 n=652697910373978083343905 elapsed=2976s
progress: nodes=32,980,000,000 tested=28 found=0 n=885352145679061144372035 elapsed=2977s
progress: nodes=32,990,000,000 tested=28 found=0 n=390728199830821549107345 elapsed=2977s
progress: nodes=33,000,000,000 tested=28 found=0 n=599626861723857126927735 elapsed=2978s
progress: nodes=33,010,000,000 tested=28 found=0 n=260997569496384459751485 elapsed=2978s
progress: nodes=33,020,000,000 tested=28 found=0 n=514694403132607032440985 elapsed=2979s
progress: nodes=33,030,000,000 tested=28 found=0 n=846530135786728127488545 elapsed=2979s
progress: nodes=33,040,000,000 tested=28 found=0 n=459951267370336990681455 elapsed=2980s
progress: nodes=33,050,000,000 tested=28 found=0 n=519767535982757748736545 elapsed=2980s
progress: nodes=33,060,000,000 tested=28 found=0 n=678669570780678764594505 elapsed=2980s
progress: nodes=33,070,000,000 tested=28 found=0 n=973023180340600668404565 elapsed=2981s
progress: nodes=33,080,000,000 tested=28 found=0 n=573938146694909381961015 elapsed=2981s
progress: nodes=33,090,000,000 tested=28 found=0 n=769696913450578917792285 elapsed=2982s
progress: nodes=33,100,000,000 tested=28 found=0 n=943758972501338706569505 elapsed=2982s
progress: nodes=33,110,000,000 tested=28 found=0 n=577413134333671838243085 elapsed=2983s
progress: nodes=33,120,000,000 tested=28 found=0 n=758243731308863240616615 elapsed=2983s
progress: nodes=33,130,000,000 tested=28 found=0 n=641099945309269237428285 elapsed=2984s
progress: nodes=33,140,000,000 tested=28 found=0 n=781674519861441878725845 elapsed=2984s
progress: nodes=33,150,000,000 tested=28 found=0 n=665721620731741054275135 elapsed=2985s
progress: nodes=33,160,000,000 tested=28 found=0 n=855846578405034480927465 elapsed=2985s
progress: nodes=33,170,000,000 tested=28 found=0 n=351023806900171334876265 elapsed=2985s
progress: nodes=33,180,000,000 tested=28 found=0 n=611361758597047372716615 elapsed=2986s
progress: nodes=33,190,000,000 tested=28 found=0 n=568880494207855902303165 elapsed=2986s
progress: nodes=33,200,000,000 tested=28 found=0 n=624269959364728260980055 elapsed=2987s
progress: nodes=33,210,000,000 tested=28 found=0 n=553285564706583129860505 elapsed=2987s
progress: nodes=33,220,000,000 tested=28 found=0 n=564505279424358510609855 elapsed=2988s
progress: nodes=33,230,000,000 tested=28 found=0 n=955717295252681799600345 elapsed=2988s
progress: nodes=33,240,000,000 tested=28 found=0 n=865198746562524104791665 elapsed=2989s
progress: nodes=33,250,000,000 tested=28 found=0 n=691243663844252848358205 elapsed=2989s
progress: nodes=33,260,000,000 tested=28 found=0 n=785285475160742220599055 elapsed=2990s
progress: nodes=33,270,000,000 tested=28 found=0 n=674856459686437013287665 elapsed=2990s
progress: nodes=33,280,000,000 tested=28 found=0 n=420597987329503024935795 elapsed=2990s
progress: nodes=33,290,000,000 tested=28 found=0 n=650889303733831519859535 elapsed=2991s
progress: nodes=33,300,000,000 tested=28 found=0 n=296248371514685162362845 elapsed=2991s
progress: nodes=33,310,000,000 tested=28 found=0 n=363537832094991653481855 elapsed=2992s
progress: nodes=33,320,000,000 tested=28 found=0 n=596119208448768204995685 elapsed=2992s
progress: nodes=33,330,000,000 tested=28 found=0 n=724223823353131193186985 elapsed=2993s
progress: nodes=33,340,000,000 tested=28 found=0 n=430216169528805475475385 elapsed=2993s
progress: nodes=33,350,000,000 tested=28 found=0 n=870362259732667258668045 elapsed=2994s
progress: nodes=33,360,000,000 tested=28 found=0 n=893303488827359981835255 elapsed=2994s
progress: nodes=33,370,000,000 tested=28 found=0 n=641241552232584205927695 elapsed=2995s
progress: nodes=33,380,000,000 tested=28 found=0 n=491367037408059001271445 elapsed=2995s
progress: nodes=33,390,000,000 tested=28 found=0 n=621053158893403661846685 elapsed=2995s
progress: nodes=33,400,000,000 tested=28 found=0 n=366086904947648078019705 elapsed=2996s
progress: nodes=33,410,000,000 tested=28 found=0 n=355904134022214268509645 elapsed=2996s
progress: nodes=33,420,000,000 tested=28 found=0 n=974691278035797496881465 elapsed=2997s
progress: nodes=33,430,000,000 tested=28 found=0 n=399681770110113342868335 elapsed=2997s
progress: nodes=33,440,000,000 tested=28 found=0 n=731855832140615518414485 elapsed=2998s
progress: nodes=33,450,000,000 tested=28 found=0 n=998712777385469937048885 elapsed=2998s
progress: nodes=33,460,000,000 tested=28 found=0 n=453352855680274899298455 elapsed=2999s
progress: nodes=33,470,000,000 tested=28 found=0 n=329468329433210902761915 elapsed=2999s
progress: nodes=33,480,000,000 tested=28 found=0 n=809649137257501923182295 elapsed=3000s
progress: nodes=33,490,000,000 tested=28 found=0 n=837169950165778668644865 elapsed=3000s
progress: nodes=33,500,000,000 tested=28 found=0 n=322543185536646341349885 elapsed=3001s
progress: nodes=33,510,000,000 tested=28 found=0 n=402314748139299727386765 elapsed=3001s
progress: nodes=33,520,000,000 tested=28 found=0 n=783922145396823127088955 elapsed=3001s
progress: nodes=33,530,000,000 tested=28 found=0 n=979350024585089829616065 elapsed=3002s
progress: nodes=33,540,000,000 tested=28 found=0 n=541378444906540559081115 elapsed=3002s
progress: nodes=33,550,000,000 tested=28 found=0 n=713832359957724792802545 elapsed=3003s
progress: nodes=33,560,000,000 tested=28 found=0 n=982379983684372149171735 elapsed=3003s
progress: nodes=33,570,000,000 tested=28 found=0 n=687247002948842015361165 elapsed=3004s
progress: nodes=33,580,000,000 tested=28 found=0 n=845544082741591111400115 elapsed=3004s
progress: nodes=33,590,000,000 tested=28 found=0 n=630239012092092932655885 elapsed=3005s
progress: nodes=33,600,000,000 tested=28 found=0 n=444002465439241210467405 elapsed=3005s
progress: nodes=33,610,000,000 tested=28 found=0 n=592852700171788986157965 elapsed=3005s
progress: nodes=33,620,000,000 tested=28 found=0 n=946503075410286474380355 elapsed=3006s
progress: nodes=33,630,000,000 tested=28 found=0 n=350591718970642058166015 elapsed=3006s
progress: nodes=33,640,000,000 tested=28 found=0 n=690230207278672419614805 elapsed=3007s
progress: nodes=33,650,000,000 tested=28 found=0 n=717236854576873993099485 elapsed=3007s
progress: nodes=33,660,000,000 tested=28 found=0 n=430074975627125747077995 elapsed=3008s
progress: nodes=33,670,000,000 tested=28 found=0 n=715778681503313704246245 elapsed=3008s
progress: nodes=33,680,000,000 tested=28 found=0 n=796256976690243985599045 elapsed=3009s
progress: nodes=33,690,000,000 tested=28 found=0 n=211241015781936918598755 elapsed=3009s
progress: nodes=33,700,000,000 tested=28 found=0 n=755800827045336040489785 elapsed=3010s
progress: nodes=33,710,000,000 tested=28 found=0 n=623931151899293820360405 elapsed=3010s
progress: nodes=33,720,000,000 tested=28 found=0 n=895047924160442958452415 elapsed=3011s
progress: nodes=33,730,000,000 tested=28 found=0 n=889537588142629219815285 elapsed=3011s
progress: nodes=33,740,000,000 tested=28 found=0 n=600951256563216215367315 elapsed=3011s
progress: nodes=33,750,000,000 tested=28 found=0 n=999603476073505004049315 elapsed=3012s
progress: nodes=33,760,000,000 tested=28 found=0 n=746475488946244218252465 elapsed=3012s
progress: nodes=33,770,000,000 tested=28 found=0 n=800435701540367907773715 elapsed=3013s
progress: nodes=33,780,000,000 tested=28 found=0 n=890152273659057470548245 elapsed=3013s
progress: nodes=33,790,000,000 tested=28 found=0 n=347459225626152554171895 elapsed=3014s
progress: nodes=33,800,000,000 tested=28 found=0 n=489786580667593523597085 elapsed=3014s
progress: nodes=33,810,000,000 tested=28 found=0 n=826523489208637939741605 elapsed=3015s
progress: nodes=33,820,000,000 tested=28 found=0 n=603522407396428289118855 elapsed=3015s
progress: nodes=33,830,000,000 tested=28 found=0 n=729016179948123478981515 elapsed=3015s
progress: nodes=33,840,000,000 tested=28 found=0 n=900094158315543769479495 elapsed=3016s
progress: nodes=33,850,000,000 tested=28 found=0 n=201758308765422629323455 elapsed=3016s
progress: nodes=33,860,000,000 tested=28 found=0 n=450468382518564873262965 elapsed=3017s
progress: nodes=33,870,000,000 tested=28 found=0 n=825566113097532833952915 elapsed=3017s
progress: nodes=33,880,000,000 tested=28 found=0 n=963841782013437413194515 elapsed=3018s
progress: nodes=33,890,000,000 tested=28 found=0 n=792852500586861504542115 elapsed=3018s
progress: nodes=33,900,000,000 tested=28 found=0 n=821888315654610396853485 elapsed=3019s
progress: nodes=33,910,000,000 tested=28 found=0 n=926386552856747997333495 elapsed=3019s
progress: nodes=33,920,000,000 tested=28 found=0 n=348145068542562992497005 elapsed=3020s
progress: nodes=33,930,000,000 tested=28 found=0 n=563944658539108469391945 elapsed=3020s
progress: nodes=33,940,000,000 tested=28 found=0 n=898950030165566150111505 elapsed=3021s
progress: nodes=33,950,000,000 tested=28 found=0 n=850990359687437404810485 elapsed=3021s
progress: nodes=33,960,000,000 tested=28 found=0 n=600826448939389876407105 elapsed=3021s
progress: nodes=33,970,000,000 tested=28 found=0 n=718072262387681163438465 elapsed=3022s
progress: nodes=33,980,000,000 tested=28 found=0 n=572481670464283512266235 elapsed=3022s
progress: nodes=33,990,000,000 tested=28 found=0 n=299736412813601847786285 elapsed=3023s
progress: nodes=34,000,000,000 tested=28 found=0 n=791652784924836314558595 elapsed=3023s
progress: nodes=34,010,000,000 tested=28 found=0 n=891276900111894804517845 elapsed=3024s
progress: nodes=34,020,000,000 tested=28 found=0 n=777088268738187700457295 elapsed=3024s
progress: nodes=34,030,000,000 tested=28 found=0 n=609792013876748690385585 elapsed=3025s
progress: nodes=34,040,000,000 tested=28 found=0 n=884296809914413770132885 elapsed=3025s
progress: nodes=34,050,000,000 tested=28 found=0 n=806459049402391335066435 elapsed=3026s
progress: nodes=34,060,000,000 tested=28 found=0 n=356335645399663438853685 elapsed=3026s
progress: nodes=34,070,000,000 tested=28 found=0 n=743872742016970493560545 elapsed=3026s
progress: nodes=34,080,000,000 tested=28 found=0 n=402251424763262563628865 elapsed=3027s
progress: nodes=34,090,000,000 tested=28 found=0 n=748575465528520124649495 elapsed=3027s
progress: nodes=34,100,000,000 tested=28 found=0 n=713841798375228283327215 elapsed=3028s
progress: nodes=34,110,000,000 tested=28 found=0 n=345462591496503418799895 elapsed=3028s
progress: nodes=34,120,000,000 tested=28 found=0 n=834839915841772519990905 elapsed=3029s
progress: nodes=34,130,000,000 tested=28 found=0 n=445590653384795932761165 elapsed=3029s
progress: nodes=34,140,000,000 tested=28 found=0 n=890093247457891478934735 elapsed=3030s
progress: nodes=34,150,000,000 tested=28 found=0 n=960697370308268889344565 elapsed=3030s
progress: nodes=34,160,000,000 tested=28 found=0 n=648632890624835040843105 elapsed=3030s
progress: nodes=34,170,000,000 tested=28 found=0 n=919645148579338271850705 elapsed=3031s
progress: nodes=34,180,000,000 tested=28 found=0 n=535401778532372510010615 elapsed=3031s
progress: nodes=34,190,000,000 tested=28 found=0 n=416582400138852312959715 elapsed=3032s
progress: nodes=34,200,000,000 tested=28 found=0 n=856220701442300290672785 elapsed=3032s
progress: nodes=34,210,000,000 tested=28 found=0 n=800691650203109693704335 elapsed=3033s
progress: nodes=34,220,000,000 tested=28 found=0 n=326071301747428401159105 elapsed=3033s
progress: nodes=34,230,000,000 tested=28 found=0 n=697864144625805348091395 elapsed=3034s
progress: nodes=34,240,000,000 tested=28 found=0 n=209837638082335961575845 elapsed=3034s
progress: nodes=34,250,000,000 tested=28 found=0 n=348845862807761353316865 elapsed=3035s
progress: nodes=34,260,000,000 tested=28 found=0 n=752094573396552886970745 elapsed=3035s
progress: nodes=34,270,000,000 tested=28 found=0 n=819128678073017431719105 elapsed=3036s
progress: nodes=34,280,000,000 tested=28 found=0 n=803350828499207817691665 elapsed=3036s
progress: nodes=34,290,000,000 tested=28 found=0 n=572736836697729596905815 elapsed=3036s
progress: nodes=34,300,000,000 tested=28 found=0 n=967891405196435438439765 elapsed=3037s
progress: nodes=34,310,000,000 tested=28 found=0 n=874834902614263866782265 elapsed=3037s
progress: nodes=34,320,000,000 tested=28 found=0 n=434403353869793048490255 elapsed=3038s
progress: nodes=34,330,000,000 tested=28 found=0 n=533123507789744513825205 elapsed=3038s
progress: nodes=34,340,000,000 tested=28 found=0 n=848149257773218957252785 elapsed=3039s
progress: nodes=34,350,000,000 tested=28 found=0 n=567904428096513509213685 elapsed=3039s
progress: nodes=34,360,000,000 tested=28 found=0 n=987740560793318900295915 elapsed=3040s
progress: nodes=34,370,000,000 tested=28 found=0 n=965514196029341675934855 elapsed=3040s
progress: nodes=34,380,000,000 tested=28 found=0 n=337600162429531998941835 elapsed=3041s
progress: nodes=34,390,000,000 tested=28 found=0 n=636872366393075125417005 elapsed=3041s
progress: nodes=34,400,000,000 tested=28 found=0 n=806903750599775270723655 elapsed=3041s
progress: nodes=34,410,000,000 tested=28 found=0 n=946660786917564646277955 elapsed=3042s
progress: nodes=34,420,000,000 tested=28 found=0 n=607372716308993367874515 elapsed=3042s
progress: nodes=34,430,000,000 tested=28 found=0 n=696105979520825667973905 elapsed=3043s
progress: nodes=34,440,000,000 tested=28 found=0 n=784856585898072763545195 elapsed=3043s
progress: nodes=34,450,000,000 tested=28 found=0 n=481235625298414266442965 elapsed=3044s
progress: nodes=34,460,000,000 tested=28 found=0 n=794078394305220597454695 elapsed=3044s
progress: nodes=34,470,000,000 tested=28 found=0 n=574162157872856082375945 elapsed=3045s
progress: nodes=34,480,000,000 tested=28 found=0 n=343409288254569200110095 elapsed=3045s
progress: nodes=34,490,000,000 tested=28 found=0 n=529750106803980739402605 elapsed=3046s
progress: nodes=34,500,000,000 tested=28 found=0 n=822992776533787071575385 elapsed=3046s
progress: nodes=34,510,000,000 tested=28 found=0 n=295186020376878481176315 elapsed=3046s
progress: nodes=34,520,000,000 tested=28 found=0 n=520708587571455756862455 elapsed=3047s
progress: nodes=34,530,000,000 tested=28 found=0 n=939987584896190994207495 elapsed=3047s
progress: nodes=34,540,000,000 tested=28 found=0 n=246574884857993662079835 elapsed=3048s
progress: nodes=34,550,000,000 tested=28 found=0 n=408625952929045647997905 elapsed=3048s
progress: nodes=34,560,000,000 tested=28 found=0 n=790488729638746818158655 elapsed=3049s
progress: nodes=34,570,000,000 tested=28 found=0 n=379808330382531205932645 elapsed=3049s
progress: nodes=34,580,000,000 tested=28 found=0 n=402017193937185345638955 elapsed=3050s
progress: nodes=34,590,000,000 tested=28 found=0 n=819199189376054042590485 elapsed=3050s
progress: nodes=34,600,000,000 tested=28 found=0 n=351316251677260441335555 elapsed=3051s
progress: nodes=34,610,000,000 tested=28 found=0 n=831770845354484875743255 elapsed=3051s
progress: nodes=34,620,000,000 tested=28 found=0 n=652097490578879870213865 elapsed=3052s
progress: nodes=34,630,000,000 tested=28 found=0 n=995508017654008817261655 elapsed=3052s
progress: nodes=34,640,000,000 tested=28 found=0 n=849185788792556354139495 elapsed=3052s
progress: nodes=34,650,000,000 tested=28 found=0 n=983686792468708938152565 elapsed=3053s
progress: nodes=34,660,000,000 tested=28 found=0 n=853907448695415045303735 elapsed=3053s
progress: nodes=34,670,000,000 tested=28 found=0 n=690266416801395122616015 elapsed=3054s
progress: nodes=34,680,000,000 tested=28 found=0 n=442319358167376522079005 elapsed=3054s
progress: nodes=34,690,000,000 tested=28 found=0 n=793231330765158392490405 elapsed=3055s
progress: nodes=34,700,000,000 tested=28 found=0 n=792245025672471048095055 elapsed=3055s
progress: nodes=34,710,000,000 tested=28 found=0 n=782030783568031024325265 elapsed=3056s
progress: nodes=34,720,000,000 tested=28 found=0 n=576641303375463038669715 elapsed=3056s
progress: nodes=34,730,000,000 tested=28 found=0 n=775054999033288647042105 elapsed=3057s
progress: nodes=34,740,000,000 tested=28 found=0 n=752992118329301211493935 elapsed=3057s
progress: nodes=34,750,000,000 tested=28 found=0 n=819990284569967937322215 elapsed=3057s
progress: nodes=34,760,000,000 tested=28 found=0 n=659768739764971533281145 elapsed=3058s
progress: nodes=34,770,000,000 tested=28 found=0 n=435913034094484381788705 elapsed=3058s
progress: nodes=34,780,000,000 tested=28 found=0 n=352064657545705976354505 elapsed=3059s
progress: nodes=34,790,000,000 tested=28 found=0 n=578071420196545091119545 elapsed=3059s
progress: nodes=34,800,000,000 tested=28 found=0 n=601000853024769384363165 elapsed=3060s
progress: nodes=34,810,000,000 tested=28 found=0 n=889043857575045204596355 elapsed=3060s
progress: nodes=34,820,000,000 tested=28 found=0 n=771352731355599624561165 elapsed=3061s
progress: nodes=34,830,000,000 tested=28 found=0 n=247948175398224482314155 elapsed=3061s
progress: nodes=34,840,000,000 tested=28 found=0 n=632466805110900453525645 elapsed=3062s
progress: nodes=34,850,000,000 tested=28 found=0 n=809782629347624865251715 elapsed=3062s
progress: nodes=34,860,000,000 tested=28 found=0 n=790187997735402781337955 elapsed=3063s
progress: nodes=34,870,000,000 tested=28 found=0 n=920918901174197198441355 elapsed=3063s
progress: nodes=34,880,000,000 tested=28 found=0 n=591821321990448183193395 elapsed=3063s
progress: nodes=34,890,000,000 tested=28 found=0 n=655105169695132439460045 elapsed=3064s
progress: nodes=34,900,000,000 tested=28 found=0 n=288966423950651304594495 elapsed=3064s
progress: nodes=34,910,000,000 tested=28 found=0 n=833911653711442383018315 elapsed=3065s
progress: nodes=34,920,000,000 tested=28 found=0 n=765238608404928142002045 elapsed=3065s
progress: nodes=34,930,000,000 tested=28 found=0 n=997312834241417626682805 elapsed=3066s
progress: nodes=34,940,000,000 tested=28 found=0 n=649901812538257547597505 elapsed=3066s
progress: nodes=34,950,000,000 tested=28 found=0 n=609220707110073452659815 elapsed=3067s
progress: nodes=34,960,000,000 tested=28 found=0 n=752052354868189656982305 elapsed=3067s
progress: nodes=34,970,000,000 tested=28 found=0 n=230351320870998951166785 elapsed=3068s
progress: nodes=34,980,000,000 tested=28 found=0 n=627159913300205616906135 elapsed=3068s
progress: nodes=34,990,000,000 tested=28 found=0 n=933654920179015285551135 elapsed=3069s
progress: nodes=35,000,000,000 tested=28 found=0 n=872297152472223917159985 elapsed=3069s
progress: nodes=35,010,000,000 tested=28 found=0 n=572019228508540001301585 elapsed=3069s
progress: nodes=35,020,000,000 tested=28 found=0 n=579711736397821032587835 elapsed=3070s
progress: nodes=35,030,000,000 tested=28 found=0 n=266465084246820112541085 elapsed=3070s
progress: nodes=35,040,000,000 tested=28 found=0 n=584226508161299070900195 elapsed=3071s
progress: nodes=35,050,000,000 tested=28 found=0 n=477893954644525353158235 elapsed=3071s
progress: nodes=35,060,000,000 tested=28 found=0 n=921866956649379322286265 elapsed=3072s
progress: nodes=35,070,000,000 tested=28 found=0 n=680979957498208797218955 elapsed=3072s
progress: nodes=35,080,000,000 tested=28 found=0 n=797045935723877380312035 elapsed=3073s
progress: nodes=35,090,000,000 tested=28 found=0 n=667366203225823375100805 elapsed=3073s
progress: nodes=35,100,000,000 tested=28 found=0 n=331240174812867733197345 elapsed=3074s
progress: nodes=35,110,000,000 tested=28 found=0 n=947258700935661594174915 elapsed=3074s
progress: nodes=35,120,000,000 tested=28 found=0 n=840580059825613394334135 elapsed=3075s
progress: nodes=35,130,000,000 tested=28 found=0 n=323514337347485808380505 elapsed=3075s
progress: nodes=35,140,000,000 tested=28 found=0 n=736053508513819036876995 elapsed=3076s
progress: nodes=35,150,000,000 tested=28 found=0 n=550499989235363804683035 elapsed=3076s
progress: nodes=35,160,000,000 tested=28 found=0 n=234896580729494589758985 elapsed=3077s
progress: nodes=35,170,000,000 tested=28 found=0 n=499780682865517216135005 elapsed=3077s
progress: nodes=35,180,000,000 tested=28 found=0 n=780716539595483890894935 elapsed=3078s
progress: nodes=35,190,000,000 tested=28 found=0 n=750707789559871672459755 elapsed=3078s
progress: nodes=35,200,000,000 tested=28 found=0 n=931633353365237223995745 elapsed=3079s
progress: nodes=35,210,000,000 tested=28 found=0 n=827827436613445039417635 elapsed=3079s
progress: nodes=35,220,000,000 tested=28 found=0 n=937446556406472586727055 elapsed=3079s
progress: nodes=35,230,000,000 tested=28 found=0 n=891698950295613052105095 elapsed=3080s
progress: nodes=35,240,000,000 tested=28 found=0 n=315279279333987393707865 elapsed=3080s
progress: nodes=35,250,000,000 tested=28 found=0 n=939814707907341680810715 elapsed=3081s
progress: nodes=35,260,000,000 tested=28 found=0 n=389700036999723476634795 elapsed=3081s
progress: nodes=35,270,000,000 tested=28 found=0 n=951309041817523826096055 elapsed=3082s
progress: nodes=35,280,000,000 tested=28 found=0 n=786246058017433140386985 elapsed=3082s
progress: nodes=35,290,000,000 tested=28 found=0 n=762376930292081190046455 elapsed=3083s
progress: nodes=35,300,000,000 tested=28 found=0 n=855972779310021497915835 elapsed=3083s
progress: nodes=35,310,000,000 tested=28 found=0 n=970379558924393212022835 elapsed=3084s
progress: nodes=35,320,000,000 tested=28 found=0 n=669101907489467633695305 elapsed=3084s
progress: nodes=35,330,000,000 tested=28 found=0 n=665668818530002203265305 elapsed=3085s
progress: nodes=35,340,000,000 tested=28 found=0 n=711722656384650441878985 elapsed=3085s
progress: nodes=35,350,000,000 tested=28 found=0 n=979013835299006259507315 elapsed=3086s
progress: nodes=35,360,000,000 tested=28 found=0 n=577956415975528155480585 elapsed=3086s
progress: nodes=35,370,000,000 tested=28 found=0 n=775287392834223815717655 elapsed=3087s
progress: nodes=35,380,000,000 tested=28 found=0 n=863201034260780967138915 elapsed=3087s
progress: nodes=35,390,000,000 tested=28 found=0 n=757705525535077880838165 elapsed=3088s
progress: nodes=35,400,000,000 tested=28 found=0 n=652486798768474725085305 elapsed=3088s
progress: nodes=35,410,000,000 tested=28 found=0 n=762954398904915390429135 elapsed=3088s
progress: nodes=35,420,000,000 tested=28 found=0 n=659551910096226194627085 elapsed=3089s
progress: nodes=35,430,000,000 tested=28 found=0 n=704049704022075105825405 elapsed=3089s
progress: nodes=35,440,000,000 tested=28 found=0 n=856160712325113516034065 elapsed=3090s
progress: nodes=35,450,000,000 tested=28 found=0 n=672743250073755002795895 elapsed=3090s
progress: nodes=35,460,000,000 tested=28 found=0 n=385954268611304596658895 elapsed=3091s
progress: nodes=35,470,000,000 tested=28 found=0 n=641572214088744995439735 elapsed=3091s
progress: nodes=35,480,000,000 tested=28 found=0 n=554259601286195898734685 elapsed=3092s
progress: nodes=35,490,000,000 tested=28 found=0 n=870797511484286040047745 elapsed=3092s
progress: nodes=35,500,000,000 tested=28 found=0 n=678910962106553982260895 elapsed=3093s
progress: nodes=35,510,000,000 tested=28 found=0 n=950476666655968283526255 elapsed=3093s
progress: nodes=35,520,000,000 tested=28 found=0 n=773304827981669622994905 elapsed=3094s
progress: nodes=35,530,000,000 tested=28 found=0 n=254039290463775064831605 elapsed=3094s
progress: nodes=35,540,000,000 tested=28 found=0 n=414077287175522750893905 elapsed=3095s
progress: nodes=35,550,000,000 tested=28 found=0 n=670102079742622698751305 elapsed=3095s
progress: nodes=35,560,000,000 tested=28 found=0 n=541527043359882056012415 elapsed=3096s
progress: nodes=35,570,000,000 tested=28 found=0 n=539006521995800185509765 elapsed=3096s
progress: nodes=35,580,000,000 tested=28 found=0 n=595211219874408169076715 elapsed=3097s
progress: nodes=35,590,000,000 tested=28 found=0 n=838314191351455598256345 elapsed=3097s
progress: nodes=35,600,000,000 tested=28 found=0 n=346902883548527832751665 elapsed=3097s
progress: nodes=35,610,000,000 tested=28 found=0 n=717403922984155065491745 elapsed=3098s
progress: nodes=35,620,000,000 tested=28 found=0 n=994877146575977508249615 elapsed=3098s
progress: nodes=35,630,000,000 tested=28 found=0 n=663176652959067721981155 elapsed=3099s
progress: nodes=35,640,000,000 tested=28 found=0 n=354646079390958770401965 elapsed=3099s
progress: nodes=35,650,000,000 tested=28 found=0 n=774008509340258223741765 elapsed=3100s
progress: nodes=35,660,000,000 tested=28 found=0 n=453874375250349240068145 elapsed=3100s
progress: nodes=35,670,000,000 tested=28 found=0 n=517655509084685441050515 elapsed=3101s
progress: nodes=35,680,000,000 tested=28 found=0 n=641054123667642113041635 elapsed=3101s
progress: nodes=35,690,000,000 tested=28 found=0 n=940978725841042202209005 elapsed=3102s
progress: nodes=35,700,000,000 tested=28 found=0 n=445692825190520616997035 elapsed=3102s
progress: nodes=35,710,000,000 tested=28 found=0 n=427091139434286864964845 elapsed=3103s
progress: nodes=35,720,000,000 tested=28 found=0 n=851127192647155437885135 elapsed=3103s
progress: nodes=35,730,000,000 tested=28 found=0 n=451318682956950611406945 elapsed=3104s
progress: nodes=35,740,000,000 tested=28 found=0 n=357382839345825647925945 elapsed=3104s
progress: nodes=35,750,000,000 tested=28 found=0 n=759298606605879515394615 elapsed=3105s
progress: nodes=35,760,000,000 tested=28 found=0 n=738596901848313752666235 elapsed=3105s
progress: nodes=35,770,000,000 tested=28 found=0 n=871387020908651346056595 elapsed=3106s
progress: nodes=35,780,000,000 tested=28 found=0 n=946210157274094233244515 elapsed=3106s
progress: nodes=35,790,000,000 tested=28 found=0 n=975876584322603229953885 elapsed=3107s
progress: nodes=35,800,000,000 tested=28 found=0 n=835355636721829259716185 elapsed=3107s
progress: nodes=35,810,000,000 tested=28 found=0 n=594893113569083419175745 elapsed=3107s
progress: nodes=35,820,000,000 tested=28 found=0 n=952288379109120796206255 elapsed=3108s
progress: nodes=35,830,000,000 tested=28 found=0 n=823323636888878227245165 elapsed=3108s
progress: nodes=35,840,000,000 tested=28 found=0 n=384834505594740910788915 elapsed=3109s
progress: nodes=35,850,000,000 tested=28 found=0 n=523275313736291362126155 elapsed=3109s
progress: nodes=35,860,000,000 tested=28 found=0 n=499668359515657558433955 elapsed=3110s
progress: nodes=35,870,000,000 tested=28 found=0 n=402973586971923646434195 elapsed=3110s
progress: nodes=35,880,000,000 tested=28 found=0 n=785275473492398599591815 elapsed=3111s
progress: nodes=35,890,000,000 tested=28 found=0 n=991288157100434229964455 elapsed=3111s
progress: nodes=35,900,000,000 tested=28 found=0 n=870567453727721112491865 elapsed=3112s
progress: nodes=35,910,000,000 tested=28 found=0 n=525252808198079736874605 elapsed=3112s
progress: nodes=35,920,000,000 tested=28 found=0 n=739769760268898602007655 elapsed=3113s
progress: nodes=35,930,000,000 tested=28 found=0 n=795602301835767252259455 elapsed=3113s
progress: nodes=35,940,000,000 tested=28 found=0 n=780820091660456395655085 elapsed=3114s
progress: nodes=35,950,000,000 tested=28 found=0 n=927432113717399838069555 elapsed=3114s
progress: nodes=35,960,000,000 tested=28 found=0 n=514353877702769856531285 elapsed=3115s
progress: nodes=35,970,000,000 tested=28 found=0 n=644363807286938086595115 elapsed=3115s
progress: nodes=35,980,000,000 tested=28 found=0 n=484635117088861692271065 elapsed=3115s
progress: nodes=35,990,000,000 tested=28 found=0 n=873927056408108923335555 elapsed=3116s
progress: nodes=36,000,000,000 tested=28 found=0 n=730986274619435806372665 elapsed=3116s
progress: nodes=36,010,000,000 tested=28 found=0 n=434944569820961622247155 elapsed=3117s
progress: nodes=36,020,000,000 tested=28 found=0 n=944857648458382141255905 elapsed=3117s
progress: nodes=36,030,000,000 tested=28 found=0 n=974185146315981569565585 elapsed=3118s
progress: nodes=36,040,000,000 tested=28 found=0 n=409797311781708352656495 elapsed=3118s
progress: nodes=36,050,000,000 tested=28 found=0 n=489319012614248089934265 elapsed=3119s
progress: nodes=36,060,000,000 tested=28 found=0 n=723545518694567015987595 elapsed=3119s
progress: nodes=36,070,000,000 tested=28 found=0 n=869127731977858633244745 elapsed=3120s
progress: nodes=36,080,000,000 tested=28 found=0 n=420378427897296688246185 elapsed=3120s
progress: nodes=36,090,000,000 tested=28 found=0 n=925419277740673626707115 elapsed=3121s
progress: nodes=36,100,000,000 tested=28 found=0 n=405141465604902966473985 elapsed=3121s
progress: nodes=36,110,000,000 tested=28 found=0 n=920425064351557049840115 elapsed=3122s
progress: nodes=36,120,000,000 tested=28 found=0 n=819876367619292358585485 elapsed=3122s
progress: nodes=36,130,000,000 tested=28 found=0 n=246770741368028182535505 elapsed=3123s
progress: nodes=36,140,000,000 tested=28 found=0 n=610988635162718649391005 elapsed=3123s
progress: nodes=36,150,000,000 tested=28 found=0 n=741498549675809167520685 elapsed=3124s
progress: nodes=36,160,000,000 tested=28 found=0 n=280574910676852394675985 elapsed=3124s
progress: nodes=36,170,000,000 tested=28 found=0 n=469920050783186993885115 elapsed=3125s
progress: nodes=36,180,000,000 tested=28 found=0 n=620910330151222440423765 elapsed=3125s
progress: nodes=36,190,000,000 tested=28 found=0 n=899115178830404818543965 elapsed=3125s
progress: nodes=36,200,000,000 tested=28 found=0 n=279206137711056084530265 elapsed=3126s
progress: nodes=36,210,000,000 tested=28 found=0 n=899622088182640474304895 elapsed=3126s
progress: nodes=36,220,000,000 tested=28 found=0 n=796128933768004047081915 elapsed=3127s
progress: nodes=36,230,000,000 tested=28 found=0 n=506257362018375664001085 elapsed=3127s
progress: nodes=36,240,000,000 tested=28 found=0 n=779008366733900251639185 elapsed=3128s
progress: nodes=36,250,000,000 tested=28 found=0 n=992611115526563265951405 elapsed=3128s
progress: nodes=36,260,000,000 tested=28 found=0 n=870269301025318251292455 elapsed=3129s
progress: nodes=36,270,000,000 tested=28 found=0 n=519883655932767502098855 elapsed=3129s
progress: nodes=36,280,000,000 tested=28 found=0 n=996252384812566164597765 elapsed=3130s
progress: nodes=36,290,000,000 tested=28 found=0 n=886735207496211292863765 elapsed=3130s
progress: nodes=36,300,000,000 tested=28 found=0 n=666734068144031518514565 elapsed=3131s
progress: nodes=36,310,000,000 tested=28 found=0 n=479205163976144722876485 elapsed=3131s
progress: nodes=36,320,000,000 tested=28 found=0 n=789422003759110325122035 elapsed=3132s
progress: nodes=36,330,000,000 tested=28 found=0 n=888714572884774074707895 elapsed=3132s
progress: nodes=36,340,000,000 tested=28 found=0 n=412090274460548573732205 elapsed=3133s
progress: nodes=36,350,000,000 tested=28 found=0 n=497244623908253895967095 elapsed=3133s
progress: nodes=36,360,000,000 tested=28 found=0 n=264329554640561288546085 elapsed=3134s
progress: nodes=36,370,000,000 tested=28 found=0 n=844605424161506516586165 elapsed=3134s
progress: nodes=36,380,000,000 tested=28 found=0 n=849686186720639986631595 elapsed=3135s
progress: nodes=36,390,000,000 tested=28 found=0 n=915035103603625500883035 elapsed=3135s
progress: nodes=36,400,000,000 tested=28 found=0 n=669404049946853460587865 elapsed=3135s
progress: nodes=36,410,000,000 tested=28 found=0 n=689664989475660495831435 elapsed=3136s
progress: nodes=36,420,000,000 tested=28 found=0 n=700990408338855510823695 elapsed=3136s
progress: nodes=36,430,000,000 tested=28 found=0 n=205472791037595304307205 elapsed=3137s
progress: nodes=36,440,000,000 tested=28 found=0 n=455925608560685464377165 elapsed=3137s
progress: nodes=36,450,000,000 tested=28 found=0 n=952504093400381402812965 elapsed=3138s
progress: nodes=36,460,000,000 tested=28 found=0 n=831518936864296445191185 elapsed=3138s
progress: nodes=36,470,000,000 tested=28 found=0 n=337756726049464984298355 elapsed=3139s
progress: nodes=36,480,000,000 tested=28 found=0 n=883517734933474445814735 elapsed=3139s
progress: nodes=36,490,000,000 tested=28 found=0 n=716157174033201611457945 elapsed=3140s
progress: nodes=36,500,000,000 tested=28 found=0 n=661854816844042217733315 elapsed=3140s
progress: nodes=36,510,000,000 tested=28 found=0 n=601451144027777551096215 elapsed=3141s
progress: nodes=36,520,000,000 tested=28 found=0 n=912327741575563925364885 elapsed=3141s
progress: nodes=36,530,000,000 tested=28 found=0 n=290189911969667388403395 elapsed=3142s
progress: nodes=36,540,000,000 tested=28 found=0 n=882522214373220825017295 elapsed=3142s
progress: nodes=36,550,000,000 tested=28 found=0 n=568056351177644868597465 elapsed=3143s
progress: nodes=36,560,000,000 tested=28 found=0 n=456467782404911283801135 elapsed=3143s
progress: nodes=36,570,000,000 tested=28 found=0 n=691488019586848779642105 elapsed=3143s
progress: nodes=36,580,000,000 tested=28 found=0 n=747818341948769693338935 elapsed=3144s
progress: nodes=36,590,000,000 tested=28 found=0 n=903880764096604828259715 elapsed=3144s
progress: nodes=36,600,000,000 tested=28 found=0 n=271622059932489010060635 elapsed=3145s
progress: nodes=36,610,000,000 tested=28 found=0 n=762627038652747450201195 elapsed=3145s
progress: nodes=36,620,000,000 tested=28 found=0 n=636535891492724729168685 elapsed=3146s
progress: nodes=36,630,000,000 tested=28 found=0 n=249128718515167704868215 elapsed=3146s
progress: nodes=36,640,000,000 tested=28 found=0 n=500201185122397016869545 elapsed=3147s
progress: nodes=36,650,000,000 tested=28 found=0 n=697033084247947296054315 elapsed=3147s
progress: nodes=36,660,000,000 tested=28 found=0 n=448925502056225555036115 elapsed=3148s
progress: nodes=36,670,000,000 tested=28 found=0 n=912608247299371662447045 elapsed=3148s
progress: nodes=36,680,000,000 tested=28 found=0 n=680379852147452848015515 elapsed=3149s
progress: nodes=36,690,000,000 tested=28 found=0 n=756386302258751226270615 elapsed=3149s
progress: nodes=36,700,000,000 tested=28 found=0 n=564781601780806954010445 elapsed=3150s
progress: nodes=36,710,000,000 tested=28 found=0 n=810899702444377881145305 elapsed=3150s
progress: nodes=36,720,000,000 tested=28 found=0 n=867573345694448321042895 elapsed=3151s
progress: nodes=36,730,000,000 tested=28 found=0 n=322423949490801035442345 elapsed=3151s
progress: nodes=36,740,000,000 tested=28 found=0 n=762972860187228798519885 elapsed=3152s
progress: nodes=36,750,000,000 tested=28 found=0 n=586459020743276805249345 elapsed=3152s
progress: nodes=36,760,000,000 tested=28 found=0 n=833210158099657770902745 elapsed=3153s
progress: nodes=36,770,000,000 tested=28 found=0 n=381534898075773611953905 elapsed=3153s
progress: nodes=36,780,000,000 tested=28 found=0 n=742432091348096609742315 elapsed=3153s
progress: nodes=36,790,000,000 tested=28 found=0 n=750079755950972199723135 elapsed=3154s
progress: nodes=36,800,000,000 tested=28 found=0 n=758930240990642373250785 elapsed=3154s
progress: nodes=36,810,000,000 tested=28 found=0 n=669049892160660932803695 elapsed=3155s
progress: nodes=36,820,000,000 tested=28 found=0 n=854870899259590361217135 elapsed=3155s
progress: nodes=36,830,000,000 tested=28 found=0 n=233558361590031845689905 elapsed=3156s
progress: nodes=36,840,000,000 tested=28 found=0 n=442016841080747226841965 elapsed=3156s
progress: nodes=36,850,000,000 tested=28 found=0 n=593250878183819194517805 elapsed=3157s
progress: nodes=36,860,000,000 tested=28 found=0 n=887516383179801234420495 elapsed=3157s
progress: nodes=36,870,000,000 tested=28 found=0 n=638118083373061070829555 elapsed=3158s
progress: nodes=36,880,000,000 tested=28 found=0 n=875048036175148995183915 elapsed=3158s
progress: nodes=36,890,000,000 tested=28 found=0 n=864551432165760510916635 elapsed=3159s
progress: nodes=36,900,000,000 tested=28 found=0 n=986971110402338440997805 elapsed=3159s
progress: nodes=36,910,000,000 tested=28 found=0 n=961176900570595244633295 elapsed=3160s
progress: nodes=36,920,000,000 tested=28 found=0 n=922035401027518270650795 elapsed=3160s
progress: nodes=36,930,000,000 tested=28 found=0 n=509382528131236309674795 elapsed=3161s
progress: nodes=36,940,000,000 tested=28 found=0 n=550039485004198379525115 elapsed=3161s
progress: nodes=36,950,000,000 tested=28 found=0 n=538808701889566023440085 elapsed=3161s
progress: nodes=36,960,000,000 tested=28 found=0 n=946051732219810490301555 elapsed=3162s
progress: nodes=36,970,000,000 tested=28 found=0 n=602130470573908268017245 elapsed=3162s
progress: nodes=36,980,000,000 tested=28 found=0 n=598673940129863918868735 elapsed=3163s
progress: nodes=36,990,000,000 tested=28 found=0 n=536843526262419143171745 elapsed=3163s
progress: nodes=37,000,000,000 tested=28 found=0 n=992937370783037784572655 elapsed=3164s
progress: nodes=37,010,000,000 tested=28 found=0 n=813045582048667246459785 elapsed=3164s
progress: nodes=37,020,000,000 tested=28 found=0 n=718021952475221601770805 elapsed=3165s
progress: nodes=37,030,000,000 tested=28 found=0 n=374094044948591406964305 elapsed=3165s
progress: nodes=37,040,000,000 tested=28 found=0 n=971380776600112475162115 elapsed=3166s
progress: nodes=37,050,000,000 tested=28 found=0 n=380671417197498578931945 elapsed=3166s
progress: nodes=37,060,000,000 tested=28 found=0 n=938484259663164348354165 elapsed=3167s
progress: nodes=37,070,000,000 tested=28 found=0 n=365566781427617550458205 elapsed=3167s
progress: nodes=37,080,000,000 tested=28 found=0 n=968399918500782389036085 elapsed=3168s
progress: nodes=37,090,000,000 tested=28 found=0 n=582691209850856170878165 elapsed=3168s
progress: nodes=37,100,000,000 tested=28 found=0 n=908908384145579130291165 elapsed=3169s
progress: nodes=37,110,000,000 tested=28 found=0 n=727776431074498487179905 elapsed=3169s
progress: nodes=37,120,000,000 tested=28 found=0 n=459649506510616212585135 elapsed=3170s
progress: nodes=37,130,000,000 tested=28 found=0 n=980310539025038716689645 elapsed=3170s
progress: nodes=37,140,000,000 tested=28 found=0 n=645222634531125673603185 elapsed=3170s
progress: nodes=37,150,000,000 tested=28 found=0 n=718366659557215225776615 elapsed=3171s
progress: nodes=37,160,000,000 tested=28 found=0 n=629818738624743732545085 elapsed=3171s
progress: nodes=37,170,000,000 tested=28 found=0 n=828793526952201095764215 elapsed=3172s
progress: nodes=37,180,000,000 tested=28 found=0 n=751905708906394034143965 elapsed=3172s
progress: nodes=37,190,000,000 tested=28 found=0 n=860718913467141734166645 elapsed=3173s
progress: nodes=37,200,000,000 tested=28 found=0 n=428378209444053360517905 elapsed=3173s
progress: nodes=37,210,000,000 tested=28 found=0 n=959498029910959842297555 elapsed=3174s
progress: nodes=37,220,000,000 tested=28 found=0 n=818893954197476509162635 elapsed=3174s
progress: nodes=37,230,000,000 tested=28 found=0 n=890579506678315731134055 elapsed=3175s
progress: nodes=37,240,000,000 tested=28 found=0 n=672028420835631720073455 elapsed=3175s
progress: nodes=37,250,000,000 tested=28 found=0 n=477569100881240857913985 elapsed=3176s
progress: nodes=37,260,000,000 tested=28 found=0 n=804659217762685499155755 elapsed=3176s
progress: nodes=37,270,000,000 tested=28 found=0 n=964631241571614975229905 elapsed=3177s
progress: nodes=37,280,000,000 tested=28 found=0 n=794665858692982531898115 elapsed=3177s
progress: nodes=37,290,000,000 tested=28 found=0 n=605874779348023417875885 elapsed=3178s
progress: nodes=37,300,000,000 tested=28 found=0 n=946573993929828392500185 elapsed=3178s
progress: nodes=37,310,000,000 tested=28 found=0 n=360126023948608983071985 elapsed=3178s
progress: nodes=37,320,000,000 tested=28 found=0 n=456136711127958863434905 elapsed=3179s
progress: nodes=37,330,000,000 tested=28 found=0 n=829024702148776652242515 elapsed=3179s
progress: nodes=37,340,000,000 tested=28 found=0 n=278762881361373519902055 elapsed=3180s
progress: nodes=37,350,000,000 tested=28 found=0 n=449141416464067178915745 elapsed=3180s
progress: nodes=37,360,000,000 tested=28 found=0 n=624609013903638698821095 elapsed=3181s
progress: nodes=37,370,000,000 tested=28 found=0 n=757359340486569475656705 elapsed=3181s
progress: nodes=37,380,000,000 tested=28 found=0 n=361666654935998101159635 elapsed=3182s
progress: nodes=37,390,000,000 tested=28 found=0 n=986184296447937675144705 elapsed=3182s
progress: nodes=37,400,000,000 tested=28 found=0 n=788280617480185306557135 elapsed=3183s
progress: nodes=37,410,000,000 tested=28 found=0 n=526419712136435107684815 elapsed=3183s
progress: nodes=37,420,000,000 tested=28 found=0 n=439611704604268547102235 elapsed=3184s
progress: nodes=37,430,000,000 tested=28 found=0 n=865140220993964914760355 elapsed=3184s
progress: nodes=37,440,000,000 tested=28 found=0 n=505381311401867511078105 elapsed=3185s
progress: nodes=37,450,000,000 tested=28 found=0 n=781346541259758895682085 elapsed=3185s
progress: nodes=37,460,000,000 tested=28 found=0 n=674133354749464855797915 elapsed=3186s
progress: nodes=37,470,000,000 tested=28 found=0 n=805847781121681667701365 elapsed=3186s
progress: nodes=37,480,000,000 tested=28 found=0 n=323269765461341196902415 elapsed=3186s
progress: nodes=37,490,000,000 tested=28 found=0 n=857221027472238199403985 elapsed=3187s
progress: nodes=37,500,000,000 tested=28 found=0 n=897694918695781160248305 elapsed=3187s
progress: nodes=37,510,000,000 tested=28 found=0 n=368044884195653080667295 elapsed=3188s
progress: nodes=37,520,000,000 tested=28 found=0 n=802408088491144737910605 elapsed=3188s
progress: nodes=37,530,000,000 tested=28 found=0 n=773870877011347682948865 elapsed=3189s
progress: nodes=37,540,000,000 tested=28 found=0 n=879315019714536773557365 elapsed=3189s
progress: nodes=37,550,000,000 tested=28 found=0 n=850426372864845346774545 elapsed=3190s
progress: nodes=37,560,000,000 tested=28 found=0 n=915842508389771064617295 elapsed=3190s
progress: nodes=37,570,000,000 tested=28 found=0 n=731690481738656550790845 elapsed=3191s
progress: nodes=37,580,000,000 tested=28 found=0 n=841264523682358259370645 elapsed=3191s
progress: nodes=37,590,000,000 tested=28 found=0 n=387769903690079004715665 elapsed=3192s
progress: nodes=37,600,000,000 tested=28 found=0 n=765156729300966317462895 elapsed=3192s
progress: nodes=37,610,000,000 tested=28 found=0 n=472551982169258257676685 elapsed=3193s
progress: nodes=37,620,000,000 tested=28 found=0 n=982808176962189160205865 elapsed=3193s
progress: nodes=37,630,000,000 tested=28 found=0 n=595634445529424775185085 elapsed=3194s
progress: nodes=37,640,000,000 tested=28 found=0 n=842847001270493900463585 elapsed=3194s
progress: nodes=37,650,000,000 tested=28 found=0 n=947107166920071570725895 elapsed=3194s
progress: nodes=37,660,000,000 tested=28 found=0 n=526819935617084305879155 elapsed=3195s
progress: nodes=37,670,000,000 tested=28 found=0 n=632575508953202604375795 elapsed=3195s
progress: nodes=37,680,000,000 tested=28 found=0 n=994585100060438103501405 elapsed=3196s
progress: nodes=37,690,000,000 tested=28 found=0 n=555582706047620699769585 elapsed=3196s
progress: nodes=37,700,000,000 tested=28 found=0 n=659975830189886003845095 elapsed=3197s
progress: nodes=37,710,000,000 tested=28 found=0 n=455026394069138637123345 elapsed=3197s
progress: nodes=37,720,000,000 tested=28 found=0 n=765437422658189260478895 elapsed=3198s
progress: nodes=37,730,000,000 tested=28 found=0 n=611827049887382676281715 elapsed=3198s
progress: nodes=37,740,000,000 tested=28 found=0 n=429865689435782414725845 elapsed=3199s
progress: nodes=37,750,000,000 tested=28 found=0 n=452552888865109124716965 elapsed=3199s
progress: nodes=37,760,000,000 tested=28 found=0 n=445879664151748171243965 elapsed=3200s
progress: nodes=37,770,000,000 tested=28 found=0 n=981299483664357288235365 elapsed=3200s
progress: nodes=37,780,000,000 tested=28 found=0 n=264970108930799110176855 elapsed=3201s
progress: nodes=37,790,000,000 tested=28 found=0 n=355081241085362034157035 elapsed=3201s
progress: nodes=37,800,000,000 tested=28 found=0 n=872176629193684760015235 elapsed=3202s
progress: nodes=37,810,000,000 tested=28 found=0 n=259277316683801451317865 elapsed=3202s
progress: nodes=37,820,000,000 tested=28 found=0 n=512496251019229130052795 elapsed=3202s
progress: nodes=37,830,000,000 tested=28 found=0 n=656331888070219227098265 elapsed=3203s
progress: nodes=37,840,000,000 tested=28 found=0 n=321805920710920623298695 elapsed=3203s
progress: nodes=37,850,000,000 tested=28 found=0 n=873285255615793847585715 elapsed=3204s
progress: nodes=37,860,000,000 tested=28 found=0 n=763191704129372912942955 elapsed=3204s
progress: nodes=37,870,000,000 tested=28 found=0 n=887569757199902565334755 elapsed=3205s
progress: nodes=37,880,000,000 tested=28 found=0 n=275976055523158531645995 elapsed=3205s
progress: nodes=37,890,000,000 tested=28 found=0 n=579168941571023587779105 elapsed=3206s
progress: nodes=37,900,000,000 tested=28 found=0 n=688470190655941923322995 elapsed=3206s
progress: nodes=37,910,000,000 tested=28 found=0 n=592420066123723558824015 elapsed=3207s
progress: nodes=37,920,000,000 tested=28 found=0 n=915567483219107129492895 elapsed=3207s
progress: nodes=37,930,000,000 tested=28 found=0 n=661176034430078939558985 elapsed=3208s
progress: nodes=37,940,000,000 tested=28 found=0 n=447790239684008517571605 elapsed=3208s
progress: nodes=37,950,000,000 tested=28 found=0 n=760271521937204772073755 elapsed=3208s
progress: nodes=37,960,000,000 tested=28 found=0 n=382082037255856908392895 elapsed=3209s
progress: nodes=37,970,000,000 tested=28 found=0 n=767390045349641952308895 elapsed=3209s
progress: nodes=37,980,000,000 tested=28 found=0 n=242081023633983832423455 elapsed=3210s
progress: nodes=37,990,000,000 tested=28 found=0 n=533961720398320761829095 elapsed=3210s
progress: nodes=38,000,000,000 tested=28 found=0 n=594506538685733432584815 elapsed=3211s
progress: nodes=38,010,000,000 tested=28 found=0 n=835052635044499919459445 elapsed=3211s
progress: nodes=38,020,000,000 tested=28 found=0 n=694346909956437718097865 elapsed=3212s
progress: nodes=38,030,000,000 tested=28 found=0 n=641011424260539025552815 elapsed=3212s
progress: nodes=38,040,000,000 tested=28 found=0 n=824580854762139833262795 elapsed=3213s
progress: nodes=38,050,000,000 tested=28 found=0 n=432103877097236104559535 elapsed=3213s
progress: nodes=38,060,000,000 tested=28 found=0 n=511844812662722141420235 elapsed=3213s
progress: nodes=38,070,000,000 tested=28 found=0 n=731993265793136313954405 elapsed=3214s
progress: nodes=38,080,000,000 tested=28 found=0 n=494885920180972048290045 elapsed=3214s
progress: nodes=38,090,000,000 tested=28 found=0 n=666103044557004362657415 elapsed=3215s
progress: nodes=38,100,000,000 tested=28 found=0 n=706626019705306940299665 elapsed=3215s
progress: nodes=38,110,000,000 tested=28 found=0 n=312891425157462627955545 elapsed=3216s
progress: nodes=38,120,000,000 tested=28 found=0 n=773070684541764104861145 elapsed=3216s
progress: nodes=38,130,000,000 tested=28 found=0 n=576633013687766947848255 elapsed=3217s
progress: nodes=38,140,000,000 tested=28 found=0 n=668533733632747505275335 elapsed=3217s
progress: nodes=38,150,000,000 tested=28 found=0 n=344645613456058035484605 elapsed=3218s
progress: nodes=38,160,000,000 tested=28 found=0 n=464118103171519115810535 elapsed=3218s
progress: nodes=38,170,000,000 tested=28 found=0 n=821123041734504998616105 elapsed=3219s
progress: nodes=38,180,000,000 tested=28 found=0 n=331010380977778866693285 elapsed=3219s
progress: nodes=38,190,000,000 tested=28 found=0 n=732570561216709903750095 elapsed=3219s
progress: nodes=38,200,000,000 tested=28 found=0 n=781532621416148954943195 elapsed=3220s
progress: nodes=38,210,000,000 tested=28 found=0 n=819831557263721807846745 elapsed=3220s
progress: nodes=38,220,000,000 tested=28 found=0 n=533406445239406591590705 elapsed=3221s
progress: nodes=38,230,000,000 tested=28 found=0 n=924115625891739092558835 elapsed=3221s
progress: nodes=38,240,000,000 tested=28 found=0 n=679188250387253767848435 elapsed=3222s
progress: nodes=38,250,000,000 tested=28 found=0 n=789640110983175187850235 elapsed=3222s
progress: nodes=38,260,000,000 tested=28 found=0 n=292545248568177523419765 elapsed=3223s
progress: nodes=38,270,000,000 tested=28 found=0 n=612309027151226005518555 elapsed=3223s
progress: nodes=38,280,000,000 tested=28 found=0 n=301622218686815655473955 elapsed=3224s
progress: nodes=38,290,000,000 tested=28 found=0 n=843448925752785790692705 elapsed=3224s
progress: nodes=38,300,000,000 tested=28 found=0 n=829615890583322931280005 elapsed=3224s
progress: nodes=38,310,000,000 tested=28 found=0 n=937785766533372184555215 elapsed=3225s
progress: nodes=38,320,000,000 tested=28 found=0 n=617116126553072206517655 elapsed=3225s
progress: nodes=38,330,000,000 tested=28 found=0 n=724057915889058277471065 elapsed=3226s
progress: nodes=38,340,000,000 tested=28 found=0 n=913997712254301197596755 elapsed=3226s
progress: nodes=38,350,000,000 tested=28 found=0 n=300865517331008133359295 elapsed=3227s
progress: nodes=38,360,000,000 tested=28 found=0 n=726843701321782234358355 elapsed=3227s
progress: nodes=38,370,000,000 tested=28 found=0 n=616164527316548937287385 elapsed=3228s
progress: nodes=38,380,000,000 tested=28 found=0 n=910733190955369642000305 elapsed=3228s
progress: nodes=38,390,000,000 tested=28 found=0 n=261601647866788612832955 elapsed=3229s
progress: nodes=38,400,000,000 tested=28 found=0 n=392992625622863605556745 elapsed=3229s
progress: nodes=38,410,000,000 tested=28 found=0 n=663105073848996982419315 elapsed=3230s
progress: nodes=38,420,000,000 tested=28 found=0 n=710710339226587157074815 elapsed=3230s
progress: nodes=38,430,000,000 tested=28 found=0 n=283542504645872278448235 elapsed=3230s
progress: nodes=38,440,000,000 tested=28 found=0 n=620057360375590689756765 elapsed=3231s
progress: nodes=38,450,000,000 tested=28 found=0 n=980644129902230586096645 elapsed=3231s
progress: nodes=38,460,000,000 tested=28 found=0 n=463601420400766317030405 elapsed=3232s
progress: nodes=38,470,000,000 tested=28 found=0 n=858195920320823197525995 elapsed=3232s
progress: nodes=38,480,000,000 tested=28 found=0 n=786266052182204241606255 elapsed=3233s
progress: nodes=38,490,000,000 tested=28 found=0 n=553111924802348586609495 elapsed=3233s
progress: nodes=38,500,000,000 tested=28 found=0 n=788875139427688777465485 elapsed=3234s
progress: nodes=38,510,000,000 tested=28 found=0 n=999439489355090749785765 elapsed=3234s
progress: nodes=38,520,000,000 tested=28 found=0 n=804311605256337681818535 elapsed=3235s
progress: nodes=38,530,000,000 tested=28 found=0 n=884136767213924967252015 elapsed=3235s
progress: nodes=38,540,000,000 tested=28 found=0 n=519880886394156749235015 elapsed=3236s
progress: nodes=38,550,000,000 tested=28 found=0 n=904135622872114566382185 elapsed=3236s
progress: nodes=38,560,000,000 tested=28 found=0 n=488839976184300094493865 elapsed=3236s
progress: nodes=38,570,000,000 tested=28 found=0 n=375392742492035696086395 elapsed=3237s
progress: nodes=38,580,000,000 tested=28 found=0 n=831230058509848433584665 elapsed=3237s
progress: nodes=38,590,000,000 tested=28 found=0 n=604657946268255286973115 elapsed=3238s
progress: nodes=38,600,000,000 tested=28 found=0 n=740164816114496414026605 elapsed=3238s
progress: nodes=38,610,000,000 tested=28 found=0 n=605709061420085936414145 elapsed=3239s
progress: nodes=38,620,000,000 tested=28 found=0 n=876443039576734553556435 elapsed=3239s
progress: nodes=38,630,000,000 tested=28 found=0 n=252257787477674835359085 elapsed=3240s
progress: nodes=38,640,000,000 tested=28 found=0 n=519357906717763066048755 elapsed=3240s
progress: nodes=38,650,000,000 tested=28 found=0 n=798875367954315569753715 elapsed=3241s
progress: nodes=38,660,000,000 tested=28 found=0 n=718707291761287717751115 elapsed=3241s
progress: nodes=38,670,000,000 tested=28 found=0 n=555805154353840649105265 elapsed=3242s
progress: nodes=38,680,000,000 tested=28 found=0 n=559168072442840005334145 elapsed=3242s
progress: nodes=38,690,000,000 tested=28 found=0 n=935043363414145085632785 elapsed=3242s
progress: nodes=38,700,000,000 tested=28 found=0 n=627203468693238618416895 elapsed=3243s
progress: nodes=38,710,000,000 tested=28 found=0 n=431986363803594681704865 elapsed=3243s
progress: nodes=38,720,000,000 tested=28 found=0 n=935771384324050397212815 elapsed=3244s
progress: nodes=38,730,000,000 tested=28 found=0 n=769297295878581731088465 elapsed=3244s
progress: nodes=38,740,000,000 tested=28 found=0 n=426214938748675313852505 elapsed=3245s
progress: nodes=38,750,000,000 tested=28 found=0 n=883736261150374650590055 elapsed=3245s
progress: nodes=38,760,000,000 tested=28 found=0 n=827191064464247027913885 elapsed=3246s
progress: nodes=38,770,000,000 tested=28 found=0 n=703237315484685266243145 elapsed=3246s
progress: nodes=38,780,000,000 tested=28 found=0 n=646512823781019752244435 elapsed=3247s
progress: nodes=38,790,000,000 tested=28 found=0 n=710125200600244050668805 elapsed=3247s
progress: nodes=38,800,000,000 tested=28 found=0 n=934660010820312081099135 elapsed=3247s
progress: nodes=38,810,000,000 tested=28 found=0 n=761544606939902743230405 elapsed=3248s
progress: nodes=38,820,000,000 tested=28 found=0 n=838773918339827126272605 elapsed=3248s
progress: nodes=38,830,000,000 tested=28 found=0 n=278408928435763857567165 elapsed=3249s
progress: nodes=38,840,000,000 tested=28 found=0 n=956387965681529914144095 elapsed=3249s
progress: nodes=38,850,000,000 tested=28 found=0 n=609173820297766345628655 elapsed=3250s
progress: nodes=38,860,000,000 tested=28 found=0 n=611492712915285341964945 elapsed=3250s
progress: nodes=38,870,000,000 tested=28 found=0 n=717628146074397966861585 elapsed=3251s
progress: nodes=38,880,000,000 tested=28 found=0 n=461478531634351868076165 elapsed=3251s
progress: nodes=38,890,000,000 tested=28 found=0 n=795467518642420101595755 elapsed=3252s
progress: nodes=38,900,000,000 tested=28 found=0 n=589406761933744119045615 elapsed=3252s
progress: nodes=38,910,000,000 tested=28 found=0 n=652534480168655209988445 elapsed=3253s
progress: nodes=38,920,000,000 tested=28 found=0 n=692254831652784317161035 elapsed=3253s
progress: nodes=38,930,000,000 tested=28 found=0 n=860980888838202100123815 elapsed=3253s
progress: nodes=38,940,000,000 tested=28 found=0 n=501235068433798894214745 elapsed=3254s
progress: nodes=38,950,000,000 tested=28 found=0 n=510838444763495583392295 elapsed=3254s
progress: nodes=38,960,000,000 tested=28 found=0 n=825624536755902047632215 elapsed=3255s
progress: nodes=38,970,000,000 tested=28 found=0 n=865259163972432187127235 elapsed=3255s
progress: nodes=38,980,000,000 tested=28 found=0 n=856566581494098902598765 elapsed=3256s
progress: nodes=38,990,000,000 tested=28 found=0 n=827921434305487655720565 elapsed=3256s
progress: nodes=39,000,000,000 tested=28 found=0 n=992938141922224400367795 elapsed=3257s
progress: nodes=39,010,000,000 tested=28 found=0 n=500705859272920611525765 elapsed=3257s
progress: nodes=39,020,000,000 tested=28 found=0 n=646377004441911424808115 elapsed=3258s
progress: nodes=39,030,000,000 tested=28 found=0 n=720064217239092272036655 elapsed=3258s
progress: nodes=39,040,000,000 tested=28 found=0 n=444545513576233869555855 elapsed=3259s
progress: nodes=39,050,000,000 tested=28 found=0 n=585639577510640503825095 elapsed=3259s
progress: nodes=39,060,000,000 tested=28 found=0 n=939182034615145137353295 elapsed=3259s
progress: nodes=39,070,000,000 tested=28 found=0 n=243645410863345146092415 elapsed=3260s
progress: nodes=39,080,000,000 tested=28 found=0 n=995410644840152940186315 elapsed=3260s
progress: nodes=39,090,000,000 tested=28 found=0 n=837569987046576943220655 elapsed=3261s
progress: nodes=39,100,000,000 tested=28 found=0 n=531919849813781521944555 elapsed=3261s
progress: nodes=39,110,000,000 tested=28 found=0 n=514641744109864956573945 elapsed=3262s
progress: nodes=39,120,000,000 tested=28 found=0 n=990764387442663230299815 elapsed=3262s
progress: nodes=39,130,000,000 tested=28 found=0 n=574154890996731659758935 elapsed=3263s
progress: nodes=39,140,000,000 tested=28 found=0 n=595320415263685774913085 elapsed=3263s
progress: nodes=39,150,000,000 tested=28 found=0 n=790902890505967538659635 elapsed=3264s
progress: nodes=39,160,000,000 tested=28 found=0 n=690489478858560386692005 elapsed=3264s
progress: nodes=39,170,000,000 tested=28 found=0 n=460102171756952536731315 elapsed=3265s
progress: nodes=39,180,000,000 tested=28 found=0 n=837067654014468908502735 elapsed=3265s
progress: nodes=39,190,000,000 tested=28 found=0 n=535484280389288614414965 elapsed=3265s
progress: nodes=39,200,000,000 tested=28 found=0 n=885826191782510297758395 elapsed=3266s
progress: nodes=39,210,000,000 tested=28 found=0 n=301648834794100753663605 elapsed=3266s
progress: nodes=39,220,000,000 tested=28 found=0 n=547835850042937924378185 elapsed=3267s
progress: nodes=39,230,000,000 tested=28 found=0 n=838086559796316906750015 elapsed=3267s
progress: nodes=39,240,000,000 tested=28 found=0 n=379233685185457270242195 elapsed=3268s
progress: nodes=39,250,000,000 tested=28 found=0 n=634234741002854615056455 elapsed=3268s
progress: nodes=39,260,000,000 tested=28 found=0 n=696904301203985753075835 elapsed=3269s
progress: nodes=39,270,000,000 tested=28 found=0 n=950931396726820743598155 elapsed=3269s
progress: nodes=39,280,000,000 tested=28 found=0 n=391989002120849489796495 elapsed=3270s
progress: nodes=39,290,000,000 tested=28 found=0 n=901387649640616845419295 elapsed=3270s
progress: nodes=39,300,000,000 tested=28 found=0 n=870152483307727110955365 elapsed=3271s
progress: nodes=39,310,000,000 tested=28 found=0 n=510248119818619771088445 elapsed=3271s
progress: nodes=39,320,000,000 tested=28 found=0 n=726159966615008325289395 elapsed=3272s
progress: nodes=39,330,000,000 tested=28 found=0 n=612701488946371358362455 elapsed=3272s
progress: nodes=39,340,000,000 tested=28 found=0 n=943957510561524056895495 elapsed=3273s
progress: nodes=39,350,000,000 tested=28 found=0 n=984255494377641608690865 elapsed=3273s
progress: nodes=39,360,000,000 tested=28 found=0 n=846541359003372483095865 elapsed=3273s
progress: nodes=39,370,000,000 tested=28 found=0 n=617067049094695357013295 elapsed=3274s
progress: nodes=39,380,000,000 tested=28 found=0 n=710470183273321043324565 elapsed=3274s
progress: nodes=39,390,000,000 tested=28 found=0 n=788123760686195063935365 elapsed=3275s
progress: nodes=39,400,000,000 tested=28 found=0 n=827442889390252937501865 elapsed=3275s
progress: nodes=39,410,000,000 tested=28 found=0 n=605032768431872650125135 elapsed=3276s
progress: nodes=39,420,000,000 tested=28 found=0 n=859489593054599221703505 elapsed=3276s
progress: nodes=39,430,000,000 tested=28 found=0 n=903726895651371781222365 elapsed=3277s
progress: nodes=39,440,000,000 tested=28 found=0 n=349995486689480452367745 elapsed=3277s
progress: nodes=39,450,000,000 tested=28 found=0 n=836906316234494691721635 elapsed=3278s
progress: nodes=39,460,000,000 tested=28 found=0 n=462506120596281400190145 elapsed=3278s
progress: nodes=39,470,000,000 tested=28 found=0 n=852648090569500956650865 elapsed=3279s
progress: nodes=39,480,000,000 tested=28 found=0 n=508945812056410554397935 elapsed=3279s
progress: nodes=39,490,000,000 tested=28 found=0 n=493099127316636539666715 elapsed=3280s
progress: nodes=39,500,000,000 tested=28 found=0 n=801568359314262305835795 elapsed=3280s
progress: nodes=39,510,000,000 tested=28 found=0 n=255233707369158086408565 elapsed=3281s
progress: nodes=39,520,000,000 tested=28 found=0 n=918384309451175945364855 elapsed=3281s
progress: nodes=39,530,000,000 tested=28 found=0 n=746816074036400284184565 elapsed=3282s
progress: nodes=39,540,000,000 tested=28 found=0 n=847924853429911143203955 elapsed=3282s
progress: nodes=39,550,000,000 tested=28 found=0 n=459036427363108761004245 elapsed=3282s
progress: nodes=39,560,000,000 tested=28 found=0 n=953554654821811809792465 elapsed=3283s
progress: nodes=39,570,000,000 tested=28 found=0 n=705070185796681032260295 elapsed=3283s
progress: nodes=39,580,000,000 tested=28 found=0 n=723519740010600569676915 elapsed=3284s
progress: nodes=39,590,000,000 tested=28 found=0 n=501333270321708012588345 elapsed=3284s
progress: nodes=39,600,000,000 tested=28 found=0 n=539974468509554274467535 elapsed=3285s
progress: nodes=39,610,000,000 tested=28 found=0 n=672923266450217641505295 elapsed=3285s
progress: nodes=39,620,000,000 tested=28 found=0 n=683885305457261817807645 elapsed=3286s
progress: nodes=39,630,000,000 tested=28 found=0 n=861014757970618219466685 elapsed=3286s
progress: nodes=39,640,000,000 tested=28 found=0 n=729053038584366284552445 elapsed=3287s
progress: nodes=39,650,000,000 tested=28 found=0 n=316656692927575387976655 elapsed=3287s
progress: nodes=39,660,000,000 tested=28 found=0 n=815733556852329467184195 elapsed=3288s
progress: nodes=39,670,000,000 tested=28 found=0 n=769998365817285146093145 elapsed=3288s
progress: nodes=39,680,000,000 tested=28 found=0 n=981340096379678434065645 elapsed=3289s
progress: nodes=39,690,000,000 tested=28 found=0 n=727605584011729106789985 elapsed=3289s
progress: nodes=39,700,000,000 tested=28 found=0 n=709867918094079292381845 elapsed=3290s
progress: nodes=39,710,000,000 tested=28 found=0 n=746998089516825852972915 elapsed=3290s
progress: nodes=39,720,000,000 tested=28 found=0 n=274374994083119009434035 elapsed=3290s
progress: nodes=39,730,000,000 tested=28 found=0 n=859840355053696322090565 elapsed=3291s
progress: nodes=39,740,000,000 tested=28 found=0 n=639183693424612528623915 elapsed=3291s
progress: nodes=39,750,000,000 tested=28 found=0 n=192521715360984242722665 elapsed=3292s
progress: nodes=39,760,000,000 tested=28 found=0 n=695572374227536755076545 elapsed=3292s
progress: nodes=39,770,000,000 tested=28 found=0 n=875091406405886034453495 elapsed=3293s
progress: nodes=39,780,000,000 tested=28 found=0 n=793772913105611857683045 elapsed=3293s
progress: nodes=39,790,000,000 tested=28 found=0 n=222585887136030015046185 elapsed=3294s
progress: nodes=39,800,000,000 tested=28 found=0 n=919156272388629154133265 elapsed=3294s
progress: nodes=39,810,000,000 tested=28 found=0 n=960976646624646743384205 elapsed=3295s
progress: nodes=39,820,000,000 tested=28 found=0 n=279839248130729437172055 elapsed=3295s
progress: nodes=39,830,000,000 tested=28 found=0 n=282895387276995113567265 elapsed=3296s
progress: nodes=39,840,000,000 tested=28 found=0 n=553344008371104645350865 elapsed=3296s
progress: nodes=39,850,000,000 tested=28 found=0 n=334793681680833500726205 elapsed=3296s
progress: nodes=39,860,000,000 tested=28 found=0 n=771359454611340200202465 elapsed=3297s
progress: nodes=39,870,000,000 tested=28 found=0 n=898341816115451670914655 elapsed=3297s
progress: nodes=39,880,000,000 tested=28 found=0 n=882895750950681296078085 elapsed=3298s
progress: nodes=39,890,000,000 tested=28 found=0 n=557019161648918936629695 elapsed=3298s
progress: nodes=39,900,000,000 tested=28 found=0 n=840301666456209755558805 elapsed=3299s
progress: nodes=39,910,000,000 tested=28 found=0 n=993994483201008968941515 elapsed=3299s
progress: nodes=39,920,000,000 tested=28 found=0 n=220945369295307778589655 elapsed=3300s
progress: nodes=39,930,000,000 tested=28 found=0 n=673285779538241263088805 elapsed=3300s
progress: nodes=39,940,000,000 tested=28 found=0 n=698517848488258621657395 elapsed=3301s
progress: nodes=39,950,000,000 tested=28 found=0 n=916776112944340533365415 elapsed=3301s
progress: nodes=39,960,000,000 tested=28 found=0 n=803841394781198894079465 elapsed=3302s
progress: nodes=39,970,000,000 tested=28 found=0 n=604911880457543212631055 elapsed=3302s
progress: nodes=39,980,000,000 tested=28 found=0 n=557180818483350967930035 elapsed=3302s
progress: nodes=39,990,000,000 tested=28 found=0 n=974467116974829166305705 elapsed=3303s
progress: nodes=40,000,000,000 tested=28 found=0 n=629249354918660220608655 elapsed=3303s
progress: nodes=40,010,000,000 tested=28 found=0 n=640706371511917238984115 elapsed=3304s
progress: nodes=40,020,000,000 tested=28 found=0 n=932730841197926714542005 elapsed=3304s
progress: nodes=40,030,000,000 tested=28 found=0 n=528299910133324626110715 elapsed=3305s
progress: nodes=40,040,000,000 tested=28 found=0 n=676251142139780142780735 elapsed=3305s
progress: nodes=40,050,000,000 tested=28 found=0 n=781328659000566531393495 elapsed=3306s
progress: nodes=40,060,000,000 tested=28 found=0 n=186137886630720494926665 elapsed=3306s
progress: nodes=40,070,000,000 tested=28 found=0 n=439878918192507847360395 elapsed=3307s
progress: nodes=40,080,000,000 tested=28 found=0 n=812050759190644091065035 elapsed=3307s
progress: nodes=40,090,000,000 tested=28 found=0 n=629883076690671238011555 elapsed=3308s
progress: nodes=40,100,000,000 tested=28 found=0 n=855309807833020477431615 elapsed=3308s
progress: nodes=40,110,000,000 tested=28 found=0 n=763177327389077703186645 elapsed=3308s
progress: nodes=40,120,000,000 tested=28 found=0 n=788535634553028482661585 elapsed=3309s
progress: nodes=40,130,000,000 tested=28 found=0 n=675039890509010044242345 elapsed=3309s
progress: nodes=40,140,000,000 tested=28 found=0 n=946730402426859178555845 elapsed=3310s
progress: nodes=40,150,000,000 tested=28 found=0 n=945254082995597419331265 elapsed=3310s
progress: nodes=40,160,000,000 tested=28 found=0 n=514735098728270860082115 elapsed=3311s
progress: nodes=40,170,000,000 tested=28 found=0 n=881669789806624155372915 elapsed=3311s
progress: nodes=40,180,000,000 tested=28 found=0 n=677141110324546824656205 elapsed=3312s
progress: nodes=40,190,000,000 tested=28 found=0 n=746433634203543748958595 elapsed=3312s
progress: nodes=40,200,000,000 tested=28 found=0 n=862862308440068681617455 elapsed=3313s
progress: nodes=40,210,000,000 tested=28 found=0 n=661133680195798237289895 elapsed=3313s
progress: nodes=40,220,000,000 tested=28 found=0 n=778332501189011605818465 elapsed=3313s
progress: nodes=40,230,000,000 tested=28 found=0 n=542119088335636616097645 elapsed=3314s
progress: nodes=40,240,000,000 tested=28 found=0 n=667925898697667811445695 elapsed=3314s
progress: nodes=40,250,000,000 tested=28 found=0 n=685864300370580137954565 elapsed=3315s
progress: nodes=40,260,000,000 tested=28 found=0 n=931950452032089144057315 elapsed=3315s
progress: nodes=40,270,000,000 tested=28 found=0 n=629929645742200796239005 elapsed=3316s
progress: nodes=40,280,000,000 tested=28 found=0 n=353646545341974545324565 elapsed=3316s
progress: nodes=40,290,000,000 tested=28 found=0 n=723605358657693804874065 elapsed=3317s
progress: nodes=40,300,000,000 tested=28 found=0 n=542637372444907582284255 elapsed=3317s
progress: nodes=40,310,000,000 tested=28 found=0 n=373191202043090047177605 elapsed=3318s
progress: nodes=40,320,000,000 tested=28 found=0 n=418297393903861127847015 elapsed=3318s
progress: nodes=40,330,000,000 tested=28 found=0 n=846880270827581343218085 elapsed=3319s
progress: nodes=40,340,000,000 tested=28 found=0 n=668031787877613699064635 elapsed=3319s
progress: nodes=40,350,000,000 tested=28 found=0 n=355222557688169345465115 elapsed=3319s
progress: nodes=40,360,000,000 tested=28 found=0 n=564643951227028736959995 elapsed=3320s
progress: nodes=40,370,000,000 tested=28 found=0 n=431949029825812743806265 elapsed=3320s
progress: nodes=40,380,000,000 tested=28 found=0 n=825198985570722390941445 elapsed=3321s
progress: nodes=40,390,000,000 tested=28 found=0 n=508550968709274778284195 elapsed=3321s
progress: nodes=40,400,000,000 tested=28 found=0 n=531608578149957726963105 elapsed=3322s
progress: nodes=40,410,000,000 tested=28 found=0 n=913627903242986669923515 elapsed=3322s
progress: nodes=40,420,000,000 tested=28 found=0 n=451699285501216747660545 elapsed=3323s
progress: nodes=40,430,000,000 tested=28 found=0 n=914130749207004226807635 elapsed=3323s
progress: nodes=40,440,000,000 tested=28 found=0 n=769926553601817065945535 elapsed=3324s
progress: nodes=40,450,000,000 tested=28 found=0 n=876906941776364098586745 elapsed=3324s
progress: nodes=40,460,000,000 tested=28 found=0 n=598955170975342548681105 elapsed=3325s
progress: nodes=40,470,000,000 tested=28 found=0 n=680466763722706305128685 elapsed=3325s
progress: nodes=40,480,000,000 tested=28 found=0 n=891360714262787069446035 elapsed=3325s
progress: nodes=40,490,000,000 tested=28 found=0 n=697680742561770639071565 elapsed=3326s
progress: nodes=40,500,000,000 tested=28 found=0 n=848133587033281613627145 elapsed=3326s
progress: nodes=40,510,000,000 tested=28 found=0 n=548046034713649518230745 elapsed=3327s
progress: nodes=40,520,000,000 tested=28 found=0 n=663514081154645194912185 elapsed=3327s
progress: nodes=40,530,000,000 tested=28 found=0 n=662756974613779379205465 elapsed=3328s
progress: nodes=40,540,000,000 tested=28 found=0 n=956637438501325533369615 elapsed=3328s
progress: nodes=40,550,000,000 tested=28 found=0 n=875357640154016908419465 elapsed=3329s
progress: nodes=40,560,000,000 tested=28 found=0 n=926290108093278321230805 elapsed=3329s
progress: nodes=40,570,000,000 tested=28 found=0 n=911407498070462649311715 elapsed=3330s
progress: nodes=40,580,000,000 tested=28 found=0 n=290695736260215759853215 elapsed=3330s
progress: nodes=40,590,000,000 tested=28 found=0 n=603193025956593119532705 elapsed=3331s
progress: nodes=40,600,000,000 tested=28 found=0 n=793302923497437753494985 elapsed=3331s
progress: nodes=40,610,000,000 tested=28 found=0 n=814004604815878818160335 elapsed=3331s
progress: nodes=40,620,000,000 tested=28 found=0 n=867800588747772418669755 elapsed=3332s
progress: nodes=40,630,000,000 tested=28 found=0 n=800575161945781597051545 elapsed=3332s
progress: nodes=40,640,000,000 tested=28 found=0 n=980772774853038815428605 elapsed=3333s
progress: nodes=40,650,000,000 tested=28 found=0 n=562566182970066392663865 elapsed=3333s
progress: nodes=40,660,000,000 tested=28 found=0 n=371036283856002188963055 elapsed=3334s
progress: nodes=40,670,000,000 tested=28 found=0 n=599874621950920010046165 elapsed=3334s
progress: nodes=40,680,000,000 tested=28 found=0 n=959231049401937490798455 elapsed=3335s
progress: nodes=40,690,000,000 tested=28 found=0 n=502035565070654993095245 elapsed=3335s
progress: nodes=40,700,000,000 tested=28 found=0 n=916388792623701025715295 elapsed=3336s
progress: nodes=40,710,000,000 tested=28 found=0 n=983636851474869863129595 elapsed=3336s
progress: nodes=40,720,000,000 tested=28 found=0 n=746967836378635223454135 elapsed=3337s
progress: nodes=40,730,000,000 tested=28 found=0 n=807903673978123311286995 elapsed=3337s
progress: nodes=40,740,000,000 tested=28 found=0 n=752449220996838211529595 elapsed=3337s
progress: nodes=40,750,000,000 tested=28 found=0 n=290699249064901052587695 elapsed=3338s
progress: nodes=40,760,000,000 tested=28 found=0 n=912539512690691340221415 elapsed=3338s
progress: nodes=40,770,000,000 tested=28 found=0 n=678718612151973937798155 elapsed=3339s
progress: nodes=40,780,000,000 tested=28 found=0 n=725109177559021100682705 elapsed=3339s
progress: nodes=40,790,000,000 tested=28 found=0 n=668595802846937295360195 elapsed=3340s
progress: nodes=40,800,000,000 tested=28 found=0 n=969350766984735343550595 elapsed=3340s
progress: nodes=40,810,000,000 tested=28 found=0 n=823434673908358329083145 elapsed=3341s
progress: nodes=40,820,000,000 tested=28 found=0 n=489987763799160131429265 elapsed=3341s
progress: nodes=40,830,000,000 tested=28 found=0 n=491293751167090829039445 elapsed=3342s
progress: nodes=40,840,000,000 tested=28 found=0 n=990327376567811702040885 elapsed=3342s
progress: nodes=40,850,000,000 tested=28 found=0 n=284658430246689581618085 elapsed=3343s
progress: nodes=40,860,000,000 tested=28 found=0 n=671065420306170908244105 elapsed=3343s
progress: nodes=40,870,000,000 tested=28 found=0 n=567279918058852782344385 elapsed=3343s
progress: nodes=40,880,000,000 tested=28 found=0 n=803428691721669554444145 elapsed=3344s
progress: nodes=40,890,000,000 tested=28 found=0 n=931637123391454348808115 elapsed=3344s
progress: nodes=40,900,000,000 tested=28 found=0 n=582525616256453302484535 elapsed=3345s
progress: nodes=40,910,000,000 tested=28 found=0 n=802275652742140592026605 elapsed=3345s
progress: nodes=40,920,000,000 tested=28 found=0 n=283192050042605962312065 elapsed=3346s
progress: nodes=40,930,000,000 tested=28 found=0 n=457812713888068125411495 elapsed=3346s
progress: nodes=40,940,000,000 tested=28 found=0 n=831551885847262352391795 elapsed=3347s
progress: nodes=40,950,000,000 tested=28 found=0 n=745581993558664325850765 elapsed=3347s
progress: nodes=40,960,000,000 tested=28 found=0 n=869850275522085022942755 elapsed=3348s
progress: nodes=40,970,000,000 tested=28 found=0 n=842209235499320279644185 elapsed=3348s
progress: nodes=40,980,000,000 tested=28 found=0 n=586055749369157658437715 elapsed=3349s
progress: nodes=40,990,000,000 tested=28 found=0 n=279292512386725490012085 elapsed=3349s
progress: nodes=41,000,000,000 tested=28 found=0 n=937711654150363240322295 elapsed=3349s
progress: nodes=41,010,000,000 tested=28 found=0 n=985321880530255638709515 elapsed=3350s
progress: nodes=41,020,000,000 tested=28 found=0 n=805319546688740046163365 elapsed=3350s
progress: nodes=41,030,000,000 tested=28 found=0 n=865443826733745754141515 elapsed=3351s
progress: nodes=41,040,000,000 tested=28 found=0 n=384860527934941814972535 elapsed=3351s
progress: nodes=41,050,000,000 tested=28 found=0 n=841684826297306067532335 elapsed=3352s
progress: nodes=41,060,000,000 tested=28 found=0 n=656192741650829981918595 elapsed=3352s
progress: nodes=41,070,000,000 tested=28 found=0 n=893375984309569824447945 elapsed=3353s
progress: nodes=41,080,000,000 tested=28 found=0 n=973696667066656971685335 elapsed=3353s
progress: nodes=41,090,000,000 tested=28 found=0 n=416296098363564995371785 elapsed=3354s
progress: nodes=41,100,000,000 tested=28 found=0 n=879758616387709259258805 elapsed=3354s
progress: nodes=41,110,000,000 tested=28 found=0 n=936393642270601091432955 elapsed=3355s
progress: nodes=41,120,000,000 tested=28 found=0 n=606734712484241344269255 elapsed=3355s
progress: nodes=41,130,000,000 tested=28 found=0 n=769380881880384166938435 elapsed=3356s
progress: nodes=41,140,000,000 tested=28 found=0 n=861597795728405852751195 elapsed=3356s
progress: nodes=41,150,000,000 tested=28 found=0 n=741999812065761545886645 elapsed=3356s
progress: nodes=41,160,000,000 tested=28 found=0 n=309710746985235419506815 elapsed=3357s
progress: nodes=41,170,000,000 tested=28 found=0 n=571165584694463133795915 elapsed=3357s
progress: nodes=41,180,000,000 tested=28 found=0 n=986908495438652486773095 elapsed=3358s
progress: nodes=41,190,000,000 tested=28 found=0 n=843233169351735290315385 elapsed=3358s
progress: nodes=41,200,000,000 tested=28 found=0 n=252214981755924553131645 elapsed=3359s
progress: nodes=41,210,000,000 tested=28 found=0 n=287136717338769997378185 elapsed=3359s
progress: nodes=41,220,000,000 tested=28 found=0 n=873221356514460137891355 elapsed=3360s
progress: nodes=41,230,000,000 tested=28 found=0 n=183729708406577519587665 elapsed=3360s
progress: nodes=41,240,000,000 tested=28 found=0 n=661875984180735456136455 elapsed=3361s
progress: nodes=41,250,000,000 tested=28 found=0 n=418399112517241111729605 elapsed=3361s
progress: nodes=41,260,000,000 tested=28 found=0 n=711294742638218031580485 elapsed=3362s
progress: nodes=41,270,000,000 tested=28 found=0 n=518071083498308442758535 elapsed=3362s
progress: nodes=41,280,000,000 tested=28 found=0 n=622447677184257324388395 elapsed=3362s
progress: nodes=41,290,000,000 tested=28 found=0 n=780444335499153539272245 elapsed=3363s
progress: nodes=41,300,000,000 tested=28 found=0 n=956137506408183951231435 elapsed=3363s
progress: nodes=41,310,000,000 tested=28 found=0 n=798630016489327409570865 elapsed=3364s
progress: nodes=41,320,000,000 tested=28 found=0 n=605495942321940088285185 elapsed=3364s
progress: nodes=41,330,000,000 tested=28 found=0 n=787242737143925896819095 elapsed=3365s
progress: nodes=41,340,000,000 tested=28 found=0 n=353838783918407318800335 elapsed=3365s
progress: nodes=41,350,000,000 tested=28 found=0 n=577585023216995914312995 elapsed=3366s
progress: nodes=41,360,000,000 tested=28 found=0 n=775684134879326131395915 elapsed=3366s
progress: nodes=41,370,000,000 tested=28 found=0 n=766688060721383373571515 elapsed=3367s
progress: nodes=41,380,000,000 tested=28 found=0 n=807156806012184273866055 elapsed=3367s
progress: nodes=41,390,000,000 tested=28 found=0 n=721769607913977669763035 elapsed=3367s
progress: nodes=41,400,000,000 tested=28 found=0 n=897350343462103884218415 elapsed=3368s
progress: nodes=41,410,000,000 tested=28 found=0 n=375075933888359672276715 elapsed=3368s
progress: nodes=41,420,000,000 tested=28 found=0 n=493247014071000123908655 elapsed=3369s
progress: nodes=41,430,000,000 tested=28 found=0 n=882481614903768430881495 elapsed=3369s
progress: nodes=41,440,000,000 tested=28 found=0 n=427251788453691559630305 elapsed=3370s
progress: nodes=41,450,000,000 tested=28 found=0 n=316018227766915089119385 elapsed=3370s
progress: nodes=41,460,000,000 tested=28 found=0 n=529804684776871214532855 elapsed=3371s
progress: nodes=41,470,000,000 tested=28 found=0 n=548692631052601725366435 elapsed=3371s
progress: nodes=41,480,000,000 tested=28 found=0 n=998690835991672739761065 elapsed=3372s
progress: nodes=41,490,000,000 tested=28 found=0 n=934880575440945087685665 elapsed=3372s
progress: nodes=41,500,000,000 tested=28 found=0 n=740452039662661856478135 elapsed=3373s
progress: nodes=41,510,000,000 tested=28 found=0 n=618738259290713594564895 elapsed=3373s
progress: nodes=41,520,000,000 tested=28 found=0 n=293172819243051130490745 elapsed=3373s
progress: nodes=41,530,000,000 tested=28 found=0 n=734198064709750797774915 elapsed=3374s
progress: nodes=41,540,000,000 tested=28 found=0 n=242746719459968431425465 elapsed=3374s
progress: nodes=41,550,000,000 tested=28 found=0 n=465772304816233696675845 elapsed=3375s
progress: nodes=41,560,000,000 tested=28 found=0 n=771246195941115366486795 elapsed=3375s
progress: nodes=41,570,000,000 tested=28 found=0 n=857307603032185761553185 elapsed=3376s
progress: nodes=41,580,000,000 tested=28 found=0 n=393565760949278602620045 elapsed=3376s
progress: nodes=41,590,000,000 tested=28 found=0 n=331109544634574311461735 elapsed=3377s
progress: nodes=41,600,000,000 tested=28 found=0 n=955098387725931162651465 elapsed=3377s
progress: nodes=41,610,000,000 tested=28 found=0 n=655386867353537361067905 elapsed=3378s
progress: nodes=41,620,000,000 tested=28 found=0 n=325032002856550851202935 elapsed=3378s
progress: nodes=41,630,000,000 tested=28 found=0 n=714673573919952534103095 elapsed=3379s
progress: nodes=41,640,000,000 tested=28 found=0 n=947129217123292396666605 elapsed=3379s
progress: nodes=41,650,000,000 tested=28 found=0 n=999275744263308487119045 elapsed=3380s
progress: nodes=41,660,000,000 tested=28 found=0 n=331978901140721819520855 elapsed=3380s
progress: nodes=41,670,000,000 tested=28 found=0 n=873143151666023110817835 elapsed=3380s
progress: nodes=41,680,000,000 tested=28 found=0 n=865959928301235614665995 elapsed=3381s
progress: nodes=41,690,000,000 tested=28 found=0 n=603458510563974864120795 elapsed=3381s
progress: nodes=41,700,000,000 tested=28 found=0 n=450316986630826535878185 elapsed=3382s
progress: nodes=41,710,000,000 tested=28 found=0 n=868063304943970792419015 elapsed=3382s
progress: nodes=41,720,000,000 tested=28 found=0 n=691745070054808666567935 elapsed=3383s
progress: nodes=41,730,000,000 tested=28 found=0 n=756812269140586158533715 elapsed=3383s
progress: nodes=41,740,000,000 tested=28 found=0 n=655490726389468302560865 elapsed=3384s
progress: nodes=41,750,000,000 tested=28 found=0 n=937073251403974573721415 elapsed=3384s
progress: nodes=41,760,000,000 tested=28 found=0 n=590369483596353326665965 elapsed=3385s
progress: nodes=41,770,000,000 tested=28 found=0 n=865428097871267789764455 elapsed=3385s
progress: nodes=41,780,000,000 tested=28 found=0 n=818572750382741271594435 elapsed=3386s
progress: nodes=41,790,000,000 tested=28 found=0 n=238750117855932209614065 elapsed=3386s
progress: nodes=41,800,000,000 tested=28 found=0 n=882248634024364992036465 elapsed=3386s
progress: nodes=41,810,000,000 tested=28 found=0 n=558056270332833428961585 elapsed=3387s
progress: nodes=41,820,000,000 tested=28 found=0 n=244292867775355581150705 elapsed=3387s
progress: nodes=41,830,000,000 tested=28 found=0 n=849932024277058900986105 elapsed=3388s
progress: nodes=41,840,000,000 tested=28 found=0 n=950261984076925211285385 elapsed=3388s
progress: nodes=41,850,000,000 tested=28 found=0 n=836642291938011735552585 elapsed=3389s
progress: nodes=41,860,000,000 tested=28 found=0 n=253460521520046460281915 elapsed=3389s
progress: nodes=41,870,000,000 tested=28 found=0 n=392459297418943875112905 elapsed=3390s
progress: nodes=41,880,000,000 tested=28 found=0 n=539948506077555066269415 elapsed=3390s
progress: nodes=41,890,000,000 tested=28 found=0 n=737218107954341051014845 elapsed=3391s
progress: nodes=41,900,000,000 tested=28 found=0 n=427285999030386351641445 elapsed=3391s
progress: nodes=41,910,000,000 tested=28 found=0 n=612456824593414601255565 elapsed=3392s
progress: nodes=41,920,000,000 tested=28 found=0 n=833910648838703036700165 elapsed=3392s
progress: nodes=41,930,000,000 tested=28 found=0 n=634937417172216081948915 elapsed=3393s
progress: nodes=41,940,000,000 tested=28 found=0 n=876633978717600560001765 elapsed=3393s
progress: nodes=41,950,000,000 tested=28 found=0 n=757073281640225505009615 elapsed=3394s
progress: nodes=41,960,000,000 tested=28 found=0 n=777267181855415561494635 elapsed=3394s
progress: nodes=41,970,000,000 tested=28 found=0 n=670077721425202866671445 elapsed=3395s
progress: nodes=41,980,000,000 tested=28 found=0 n=899238873264301312212195 elapsed=3395s
progress: nodes=41,990,000,000 tested=28 found=0 n=344745087683089401099495 elapsed=3396s
progress: nodes=42,000,000,000 tested=28 found=0 n=352031894358594553045305 elapsed=3396s
progress: nodes=42,010,000,000 tested=28 found=0 n=711862459813814804446545 elapsed=3397s
progress: nodes=42,020,000,000 tested=28 found=0 n=678078119608638325265205 elapsed=3397s
progress: nodes=42,030,000,000 tested=28 found=0 n=404001464641834894091235 elapsed=3398s
progress: nodes=42,040,000,000 tested=28 found=0 n=727551409364627968710315 elapsed=3398s
progress: nodes=42,050,000,000 tested=28 found=0 n=913858611306554759956605 elapsed=3398s
progress: nodes=42,060,000,000 tested=28 found=0 n=713439246144445357244895 elapsed=3399s
progress: nodes=42,070,000,000 tested=28 found=0 n=446196956778151558765335 elapsed=3399s
progress: nodes=42,080,000,000 tested=28 found=0 n=672353443116390747805335 elapsed=3400s
progress: nodes=42,090,000,000 tested=28 found=0 n=878214768176060775790605 elapsed=3400s
progress: nodes=42,100,000,000 tested=28 found=0 n=431325047732649952603095 elapsed=3401s
progress: nodes=42,110,000,000 tested=28 found=0 n=598060049990566508083035 elapsed=3401s
progress: nodes=42,120,000,000 tested=28 found=0 n=684482963316625551780405 elapsed=3402s
progress: nodes=42,130,000,000 tested=28 found=0 n=706815207877240432628955 elapsed=3402s
progress: nodes=42,140,000,000 tested=28 found=0 n=642744824668026197737455 elapsed=3403s
progress: nodes=42,150,000,000 tested=28 found=0 n=397310881724586163456155 elapsed=3403s
progress: nodes=42,160,000,000 tested=28 found=0 n=948644671931124379199505 elapsed=3404s
progress: nodes=42,170,000,000 tested=28 found=0 n=311317304112668978018235 elapsed=3404s
progress: nodes=42,180,000,000 tested=28 found=0 n=607801559418181338129315 elapsed=3405s
progress: nodes=42,190,000,000 tested=28 found=0 n=586041281110521786409695 elapsed=3405s
progress: nodes=42,200,000,000 tested=28 found=0 n=181551788569008512239365 elapsed=3406s
progress: nodes=42,210,000,000 tested=28 found=0 n=342548723271117156236685 elapsed=3406s
progress: nodes=42,220,000,000 tested=28 found=0 n=763122183056118868646565 elapsed=3407s
progress: nodes=42,230,000,000 tested=28 found=0 n=980393065929394324333335 elapsed=3407s
progress: nodes=42,240,000,000 tested=28 found=0 n=928729380574994595374745 elapsed=3408s
progress: nodes=42,250,000,000 tested=28 found=0 n=563931266189802903666945 elapsed=3408s
progress: nodes=42,260,000,000 tested=28 found=0 n=997389237031214345832195 elapsed=3409s
progress: nodes=42,270,000,000 tested=28 found=0 n=416209968733117728589695 elapsed=3409s
progress: nodes=42,280,000,000 tested=28 found=0 n=380648038245320631064455 elapsed=3410s
progress: nodes=42,290,000,000 tested=28 found=0 n=559468363998962773739835 elapsed=3410s
progress: nodes=42,300,000,000 tested=28 found=0 n=835137599968958081441085 elapsed=3411s
progress: nodes=42,310,000,000 tested=28 found=0 n=744519457848956055235695 elapsed=3411s
progress: nodes=42,320,000,000 tested=28 found=0 n=594360369289438537232205 elapsed=3411s
progress: nodes=42,330,000,000 tested=28 found=0 n=753858784689611389930845 elapsed=3412s
progress: nodes=42,340,000,000 tested=28 found=0 n=719646645520201056878385 elapsed=3412s
progress: nodes=42,350,000,000 tested=28 found=0 n=619544105362037446060635 elapsed=3413s
progress: nodes=42,360,000,000 tested=28 found=0 n=432007324126918145882595 elapsed=3413s
progress: nodes=42,370,000,000 tested=28 found=0 n=848422316913394049809785 elapsed=3414s
progress: nodes=42,380,000,000 tested=28 found=0 n=983832013175968293884415 elapsed=3414s
progress: nodes=42,390,000,000 tested=28 found=0 n=613404517025721013471395 elapsed=3415s
progress: nodes=42,400,000,000 tested=28 found=0 n=586194212232681039988605 elapsed=3415s
progress: nodes=42,410,000,000 tested=28 found=0 n=750875570379387547132005 elapsed=3416s
progress: nodes=42,420,000,000 tested=28 found=0 n=362405152531537358428845 elapsed=3416s
progress: nodes=42,430,000,000 tested=28 found=0 n=448146620734811625940995 elapsed=3417s
progress: nodes=42,440,000,000 tested=28 found=0 n=339115513602208979534085 elapsed=3417s
progress: nodes=42,450,000,000 tested=28 found=0 n=337749259434291409397715 elapsed=3418s
progress: nodes=42,460,000,000 tested=28 found=0 n=620592194460874512127185 elapsed=3418s
progress: nodes=42,470,000,000 tested=28 found=0 n=594274025893177272474315 elapsed=3419s
progress: nodes=42,480,000,000 tested=28 found=0 n=351285498782779628380995 elapsed=3419s
progress: nodes=42,490,000,000 tested=28 found=0 n=836257985191689558655905 elapsed=3420s
progress: nodes=42,500,000,000 tested=28 found=0 n=508946704029694776452805 elapsed=3420s
progress: nodes=42,510,000,000 tested=28 found=0 n=656452926439014559411755 elapsed=3421s
progress: nodes=42,520,000,000 tested=28 found=0 n=361956104411099845384485 elapsed=3421s
progress: nodes=42,530,000,000 tested=28 found=0 n=764181902733076580824665 elapsed=3422s
progress: nodes=42,540,000,000 tested=28 found=0 n=966660761405204991307215 elapsed=3422s
progress: nodes=42,550,000,000 tested=28 found=0 n=222152416885588389760395 elapsed=3423s
progress: nodes=42,560,000,000 tested=28 found=0 n=691388899249988119840605 elapsed=3423s
progress: nodes=42,570,000,000 tested=28 found=0 n=511327674286234511179815 elapsed=3424s
progress: nodes=42,580,000,000 tested=28 found=0 n=853963867583075953047465 elapsed=3424s
progress: nodes=42,590,000,000 tested=28 found=0 n=798374374076334735378765 elapsed=3424s
progress: nodes=42,600,000,000 tested=28 found=0 n=539208920750302688257845 elapsed=3425s
progress: nodes=42,610,000,000 tested=28 found=0 n=843769440969854622187635 elapsed=3426s
progress: nodes=42,620,000,000 tested=28 found=0 n=913782203434742885194545 elapsed=3426s
progress: nodes=42,630,000,000 tested=28 found=0 n=377419149748281688892955 elapsed=3426s
progress: nodes=42,640,000,000 tested=28 found=0 n=471500691584240306757285 elapsed=3427s
progress: nodes=42,650,000,000 tested=28 found=0 n=962663358402069271169805 elapsed=3427s
progress: nodes=42,660,000,000 tested=28 found=0 n=673446882247705225756305 elapsed=3428s
progress: nodes=42,670,000,000 tested=28 found=0 n=600912310430646884613735 elapsed=3428s
progress: nodes=42,680,000,000 tested=28 found=0 n=732217806538417215483885 elapsed=3429s
progress: nodes=42,690,000,000 tested=28 found=0 n=488064687280046135617545 elapsed=3429s
progress: nodes=42,700,000,000 tested=28 found=0 n=693861686062604190532665 elapsed=3430s
progress: nodes=42,710,000,000 tested=28 found=0 n=971480575278764691385905 elapsed=3430s
progress: nodes=42,720,000,000 tested=28 found=0 n=436568368486653614409165 elapsed=3431s
progress: nodes=42,730,000,000 tested=28 found=0 n=650148515730451703555865 elapsed=3431s
progress: nodes=42,740,000,000 tested=28 found=0 n=816454783263226929594795 elapsed=3432s
progress: nodes=42,750,000,000 tested=28 found=0 n=890631340104472317156465 elapsed=3432s
progress: nodes=42,760,000,000 tested=28 found=0 n=651094947120183468466905 elapsed=3433s
progress: nodes=42,770,000,000 tested=28 found=0 n=522874088727998192446635 elapsed=3433s
progress: nodes=42,780,000,000 tested=28 found=0 n=941561650088968739480595 elapsed=3434s
progress: nodes=42,790,000,000 tested=28 found=0 n=342735378011550974752335 elapsed=3434s
progress: nodes=42,800,000,000 tested=28 found=0 n=435628242851604776893755 elapsed=3435s
progress: nodes=42,810,000,000 tested=28 found=0 n=919875291821390633616855 elapsed=3435s
progress: nodes=42,820,000,000 tested=28 found=0 n=792728392985253799226955 elapsed=3436s
progress: nodes=42,830,000,000 tested=28 found=0 n=360068322487415593469715 elapsed=3436s
progress: nodes=42,840,000,000 tested=28 found=0 n=583712262878523009332805 elapsed=3437s
progress: nodes=42,850,000,000 tested=28 found=0 n=807738924726084230020845 elapsed=3437s
progress: nodes=42,860,000,000 tested=28 found=0 n=959214999801582505845765 elapsed=3438s
progress: nodes=42,870,000,000 tested=28 found=0 n=727421311018303093532835 elapsed=3438s
progress: nodes=42,880,000,000 tested=28 found=0 n=945260859708217827038385 elapsed=3438s
progress: nodes=42,890,000,000 tested=28 found=0 n=936502450345796003776755 elapsed=3439s
progress: nodes=42,900,000,000 tested=28 found=0 n=588397010682072868580205 elapsed=3439s
progress: nodes=42,910,000,000 tested=28 found=0 n=814452861790185650336205 elapsed=3440s
progress: nodes=42,920,000,000 tested=28 found=0 n=967817097319211606354085 elapsed=3440s
progress: nodes=42,930,000,000 tested=28 found=0 n=518979733929679192671105 elapsed=3441s
progress: nodes=42,940,000,000 tested=28 found=0 n=984552177936417441962985 elapsed=3441s
progress: nodes=42,950,000,000 tested=28 found=0 n=940952691805619143787895 elapsed=3442s
progress: nodes=42,960,000,000 tested=28 found=0 n=952372112034107569702095 elapsed=3442s
progress: nodes=42,970,000,000 tested=28 found=0 n=524919632939210784244365 elapsed=3443s
progress: nodes=42,980,000,000 tested=28 found=0 n=662175824921064911861415 elapsed=3443s
progress: nodes=42,990,000,000 tested=28 found=0 n=546817297696553600619705 elapsed=3444s
progress: nodes=43,000,000,000 tested=28 found=0 n=349193712400901126707905 elapsed=3444s
progress: nodes=43,010,000,000 tested=28 found=0 n=503434643396327572177215 elapsed=3445s
progress: nodes=43,020,000,000 tested=28 found=0 n=741038263999781509759635 elapsed=3445s
progress: nodes=43,030,000,000 tested=28 found=0 n=410458485350727004910895 elapsed=3446s
progress: nodes=43,040,000,000 tested=28 found=0 n=236173252166815423356765 elapsed=3446s
progress: nodes=43,050,000,000 tested=28 found=0 n=632631024547992249265035 elapsed=3447s
progress: nodes=43,060,000,000 tested=28 found=0 n=665064651636637020278235 elapsed=3447s
progress: nodes=43,070,000,000 tested=28 found=0 n=906185766964041182138355 elapsed=3448s
progress: nodes=43,080,000,000 tested=28 found=0 n=738577139345433755145405 elapsed=3448s
progress: nodes=43,090,000,000 tested=28 found=0 n=515823011898000578395965 elapsed=3449s
progress: nodes=43,100,000,000 tested=28 found=0 n=339407730343700124973515 elapsed=3449s
progress: nodes=43,110,000,000 tested=28 found=0 n=480300352040020107809565 elapsed=3449s
progress: nodes=43,120,000,000 tested=28 found=0 n=733310951287843929893805 elapsed=3450s
progress: nodes=43,130,000,000 tested=28 found=0 n=980388599187970997862255 elapsed=3450s
progress: nodes=43,140,000,000 tested=28 found=0 n=274456104490814508759915 elapsed=3451s
progress: nodes=43,150,000,000 tested=28 found=0 n=881968397140136074934385 elapsed=3451s
progress: nodes=43,160,000,000 tested=28 found=0 n=938849963359342094883405 elapsed=3452s
progress: nodes=43,170,000,000 tested=28 found=0 n=711726073154646913811745 elapsed=3452s
progress: nodes=43,180,000,000 tested=28 found=0 n=651016238858780287675545 elapsed=3453s
progress: nodes=43,190,000,000 tested=28 found=0 n=907046284332747383442585 elapsed=3453s
progress: nodes=43,200,000,000 tested=28 found=0 n=969907075940762432363385 elapsed=3454s
progress: nodes=43,210,000,000 tested=28 found=0 n=770595056203012541224515 elapsed=3454s
progress: nodes=43,220,000,000 tested=28 found=0 n=356650997044357394106255 elapsed=3455s
progress: nodes=43,230,000,000 tested=28 found=0 n=797425475079864728791485 elapsed=3455s
progress: nodes=43,240,000,000 tested=28 found=0 n=693462102634840845592935 elapsed=3456s
progress: nodes=43,250,000,000 tested=28 found=0 n=253934167589944928171415 elapsed=3456s
progress: nodes=43,260,000,000 tested=28 found=0 n=469095398596802721275235 elapsed=3457s
progress: nodes=43,270,000,000 tested=28 found=0 n=947422102436442659944665 elapsed=3457s
progress: nodes=43,280,000,000 tested=28 found=0 n=375687834004183388722155 elapsed=3458s
progress: nodes=43,290,000,000 tested=28 found=0 n=752897898482756336728605 elapsed=3458s
progress: nodes=43,300,000,000 tested=28 found=0 n=787059202027729251944565 elapsed=3459s
progress: nodes=43,310,000,000 tested=28 found=0 n=163425710523087101426535 elapsed=3459s
progress: nodes=43,320,000,000 tested=28 found=0 n=579911865892975651693185 elapsed=3460s
progress: nodes=43,330,000,000 tested=28 found=0 n=856762381930867540403715 elapsed=3460s
progress: nodes=43,340,000,000 tested=28 found=0 n=761763391350515657833455 elapsed=3461s
progress: nodes=43,350,000,000 tested=28 found=0 n=360958791716349360804765 elapsed=3461s
progress: nodes=43,360,000,000 tested=28 found=0 n=424105834000799502860715 elapsed=3461s
progress: nodes=43,370,000,000 tested=28 found=0 n=903116153556105700180365 elapsed=3462s
progress: nodes=43,380,000,000 tested=28 found=0 n=813752737350512291881065 elapsed=3462s
progress: nodes=43,390,000,000 tested=28 found=0 n=243180039047127483301605 elapsed=3463s
progress: nodes=43,400,000,000 tested=28 found=0 n=555532271410077840093435 elapsed=3463s
progress: nodes=43,410,000,000 tested=28 found=0 n=956896753314454558540605 elapsed=3464s
progress: nodes=43,420,000,000 tested=28 found=0 n=965293965778104055219995 elapsed=3464s
progress: nodes=43,430,000,000 tested=28 found=0 n=441236238269130449222715 elapsed=3465s
progress: nodes=43,440,000,000 tested=28 found=0 n=654885892647094642403265 elapsed=3465s
progress: nodes=43,450,000,000 tested=28 found=0 n=808687597573484510160015 elapsed=3466s
progress: nodes=43,460,000,000 tested=28 found=0 n=963516513496931423220015 elapsed=3466s
progress: nodes=43,470,000,000 tested=28 found=0 n=907855060444710682063815 elapsed=3467s
progress: nodes=43,480,000,000 tested=28 found=0 n=930737421187058715250185 elapsed=3467s
progress: nodes=43,490,000,000 tested=28 found=0 n=731933748239751228487635 elapsed=3468s
progress: nodes=43,500,000,000 tested=28 found=0 n=512366870753267843547135 elapsed=3468s
progress: nodes=43,510,000,000 tested=28 found=0 n=714236290977111834224205 elapsed=3469s
progress: nodes=43,520,000,000 tested=28 found=0 n=171973527487726529142765 elapsed=3469s
progress: nodes=43,530,000,000 tested=28 found=0 n=509013994671471203818695 elapsed=3470s
progress: nodes=43,540,000,000 tested=28 found=0 n=703656345478208071028805 elapsed=3470s
progress: nodes=43,550,000,000 tested=28 found=0 n=916383989978479913835285 elapsed=3471s
progress: nodes=43,560,000,000 tested=28 found=0 n=540802046106155021036805 elapsed=3471s
progress: nodes=43,570,000,000 tested=28 found=0 n=458128671555723825560805 elapsed=3472s
progress: nodes=43,580,000,000 tested=28 found=0 n=757166874489695292484455 elapsed=3472s
progress: nodes=43,590,000,000 tested=28 found=0 n=203191124455267477605945 elapsed=3473s
progress: nodes=43,600,000,000 tested=28 found=0 n=692303451016218346212435 elapsed=3473s
progress: nodes=43,610,000,000 tested=28 found=0 n=473970521681625616821855 elapsed=3474s
progress: nodes=43,620,000,000 tested=28 found=0 n=837231380808810996332115 elapsed=3474s
progress: nodes=43,630,000,000 tested=28 found=0 n=804971885440688841772215 elapsed=3474s
progress: nodes=43,640,000,000 tested=28 found=0 n=463754377944735586756245 elapsed=3475s
progress: nodes=43,650,000,000 tested=28 found=0 n=662143723585186940939655 elapsed=3475s
progress: nodes=43,660,000,000 tested=28 found=0 n=725266547649062360562555 elapsed=3476s
progress: nodes=43,670,000,000 tested=28 found=0 n=616657972142470547394765 elapsed=3476s
progress: nodes=43,680,000,000 tested=28 found=0 n=434415392809621904148435 elapsed=3477s
progress: nodes=43,690,000,000 tested=28 found=0 n=981846623789518796907345 elapsed=3477s
progress: nodes=43,700,000,000 tested=28 found=0 n=343136208930068969641215 elapsed=3478s
progress: nodes=43,710,000,000 tested=28 found=0 n=731874990485466880148745 elapsed=3478s
progress: nodes=43,720,000,000 tested=28 found=0 n=930058903248536060179785 elapsed=3479s
progress: nodes=43,730,000,000 tested=28 found=0 n=968744771972564232064815 elapsed=3479s
progress: nodes=43,740,000,000 tested=28 found=0 n=585895526767135130911695 elapsed=3480s
progress: nodes=43,750,000,000 tested=28 found=0 n=830665282502375499543705 elapsed=3480s
progress: nodes=43,760,000,000 tested=28 found=0 n=350142898362212070997695 elapsed=3481s
progress: nodes=43,770,000,000 tested=28 found=0 n=284734843686676656429255 elapsed=3481s
progress: nodes=43,780,000,000 tested=28 found=0 n=607168448892864144490545 elapsed=3482s
progress: nodes=43,790,000,000 tested=28 found=0 n=622109771824501689338115 elapsed=3482s
progress: nodes=43,800,000,000 tested=28 found=0 n=243915450214270231593405 elapsed=3483s
progress: nodes=43,810,000,000 tested=28 found=0 n=726755748846794755608465 elapsed=3483s
progress: nodes=43,820,000,000 tested=28 found=0 n=617859847492552318750965 elapsed=3484s
progress: nodes=43,830,000,000 tested=28 found=0 n=876912560229975618513285 elapsed=3484s
progress: nodes=43,840,000,000 tested=28 found=0 n=321938027706758522894505 elapsed=3485s
progress: nodes=43,850,000,000 tested=28 found=0 n=727467784323528373031115 elapsed=3485s
progress: nodes=43,860,000,000 tested=28 found=0 n=928236987189551317770855 elapsed=3485s
progress: nodes=43,870,000,000 tested=28 found=0 n=411365253130127298560745 elapsed=3486s
progress: nodes=43,880,000,000 tested=28 found=0 n=964093141963877637040065 elapsed=3486s
progress: nodes=43,890,000,000 tested=28 found=0 n=677815290509069514417165 elapsed=3487s
progress: nodes=43,900,000,000 tested=28 found=0 n=357478669559513081808855 elapsed=3487s
progress: nodes=43,910,000,000 tested=28 found=0 n=581056615501800951146535 elapsed=3488s
progress: nodes=43,920,000,000 tested=28 found=0 n=446986492743807017401455 elapsed=3488s
progress: nodes=43,930,000,000 tested=28 found=0 n=655256918502113505015735 elapsed=3489s
progress: nodes=43,940,000,000 tested=28 found=0 n=995308234705507653181845 elapsed=3489s
progress: nodes=43,950,000,000 tested=28 found=0 n=469363264907984618808285 elapsed=3490s
progress: nodes=43,960,000,000 tested=28 found=0 n=824366898705770994636315 elapsed=3490s
progress: nodes=43,970,000,000 tested=28 found=0 n=189848597557285225096065 elapsed=3491s
progress: nodes=43,980,000,000 tested=28 found=0 n=915819490462473089486235 elapsed=3491s
progress: nodes=43,990,000,000 tested=28 found=0 n=683807380388327116202985 elapsed=3492s
progress: nodes=44,000,000,000 tested=28 found=0 n=852283701770999807643345 elapsed=3492s
progress: nodes=44,010,000,000 tested=28 found=0 n=953603061857204319625185 elapsed=3493s
progress: nodes=44,020,000,000 tested=28 found=0 n=384045445319809584540735 elapsed=3493s
progress: nodes=44,030,000,000 tested=28 found=0 n=845994208689757811800215 elapsed=3494s
progress: nodes=44,040,000,000 tested=28 found=0 n=448614510777507273528285 elapsed=3494s
progress: nodes=44,050,000,000 tested=28 found=0 n=622064386475458765789005 elapsed=3494s
progress: nodes=44,060,000,000 tested=28 found=0 n=831074438983478707261035 elapsed=3495s
progress: nodes=44,070,000,000 tested=28 found=0 n=644337403216517042395605 elapsed=3495s
progress: nodes=44,080,000,000 tested=28 found=0 n=708280825408470700501995 elapsed=3496s
progress: nodes=44,090,000,000 tested=28 found=0 n=689176638360595190866995 elapsed=3496s
progress: nodes=44,100,000,000 tested=28 found=0 n=863971995609067588733655 elapsed=3497s
progress: nodes=44,110,000,000 tested=28 found=0 n=883783701315341318408895 elapsed=3497s
progress: nodes=44,120,000,000 tested=28 found=0 n=290407856813649799413255 elapsed=3498s
progress: nodes=44,130,000,000 tested=28 found=0 n=454724687698121834370135 elapsed=3498s
progress: nodes=44,140,000,000 tested=28 found=0 n=954222628790110345972515 elapsed=3499s
progress: nodes=44,150,000,000 tested=28 found=0 n=582976903502451094114995 elapsed=3499s
progress: nodes=44,160,000,000 tested=28 found=0 n=712727018019685663912665 elapsed=3500s
progress: nodes=44,170,000,000 tested=28 found=0 n=730027146405288670537005 elapsed=3500s
progress: nodes=44,180,000,000 tested=28 found=0 n=414009642581156830421565 elapsed=3501s
progress: nodes=44,190,000,000 tested=28 found=0 n=560844213643878068396745 elapsed=3501s
progress: nodes=44,200,000,000 tested=28 found=0 n=433206625844990902148145 elapsed=3502s
progress: nodes=44,210,000,000 tested=28 found=0 n=900420017900317516645065 elapsed=3502s
progress: nodes=44,220,000,000 tested=28 found=0 n=555615854611056888720885 elapsed=3503s
progress: nodes=44,230,000,000 tested=28 found=0 n=962538451678142583457455 elapsed=3503s
progress: nodes=44,240,000,000 tested=28 found=0 n=938796561687108944480265 elapsed=3504s
progress: nodes=44,250,000,000 tested=28 found=0 n=905015209784010431188995 elapsed=3504s
progress: nodes=44,260,000,000 tested=28 found=0 n=468185745436291599700005 elapsed=3505s
progress: nodes=44,270,000,000 tested=28 found=0 n=669216489948687785850405 elapsed=3505s
progress: nodes=44,280,000,000 tested=28 found=0 n=617776434285216449241735 elapsed=3505s
progress: nodes=44,290,000,000 tested=28 found=0 n=216022345826979318357555 elapsed=3506s
progress: nodes=44,300,000,000 tested=28 found=0 n=325816194596548943840355 elapsed=3506s
progress: nodes=44,310,000,000 tested=28 found=0 n=524454639236473482109485 elapsed=3507s
progress: nodes=44,320,000,000 tested=28 found=0 n=430957182541072417053615 elapsed=3507s
progress: nodes=44,330,000,000 tested=28 found=0 n=678656871480846006553365 elapsed=3508s
progress: nodes=44,340,000,000 tested=28 found=0 n=604430489620947220677765 elapsed=3508s
progress: nodes=44,350,000,000 tested=28 found=0 n=973315123368714174843135 elapsed=3509s
progress: nodes=44,360,000,000 tested=28 found=0 n=722710009130147579935845 elapsed=3509s
progress: nodes=44,370,000,000 tested=28 found=0 n=478726835997213826393635 elapsed=3510s
progress: nodes=44,380,000,000 tested=28 found=0 n=503536933737104267752785 elapsed=3510s
progress: nodes=44,390,000,000 tested=28 found=0 n=636541143382445806586565 elapsed=3511s
progress: nodes=44,400,000,000 tested=28 found=0 n=464961821089753523943495 elapsed=3511s
progress: nodes=44,410,000,000 tested=28 found=0 n=366994088880681560011065 elapsed=3512s
progress: nodes=44,420,000,000 tested=28 found=0 n=865892861355655027868985 elapsed=3512s
progress: nodes=44,430,000,000 tested=28 found=0 n=405417170669423268793635 elapsed=3513s
progress: nodes=44,440,000,000 tested=28 found=0 n=293042803879023683360535 elapsed=3513s
progress: nodes=44,450,000,000 tested=28 found=0 n=591051515901892905568005 elapsed=3514s
progress: nodes=44,460,000,000 tested=28 found=0 n=329846770744646829439095 elapsed=3514s
progress: nodes=44,470,000,000 tested=28 found=0 n=623568942219650683707495 elapsed=3515s
progress: nodes=44,480,000,000 tested=28 found=0 n=602634925788760490446755 elapsed=3515s
progress: nodes=44,490,000,000 tested=28 found=0 n=637333044163808550901695 elapsed=3515s
progress: nodes=44,500,000,000 tested=28 found=0 n=836105512292538658031565 elapsed=3516s
progress: nodes=44,510,000,000 tested=28 found=0 n=380132972844334404645555 elapsed=3516s
progress: nodes=44,520,000,000 tested=28 found=0 n=834994888973676397571715 elapsed=3517s
progress: nodes=44,530,000,000 tested=28 found=0 n=543555538183417443971265 elapsed=3517s
progress: nodes=44,540,000,000 tested=28 found=0 n=295707706441559226234585 elapsed=3518s
progress: nodes=44,550,000,000 tested=28 found=0 n=767650042178753003601705 elapsed=3518s
progress: nodes=44,560,000,000 tested=28 found=0 n=789807034057350070654695 elapsed=3519s
progress: nodes=44,570,000,000 tested=28 found=0 n=694217516365596666877335 elapsed=3519s
progress: nodes=44,580,000,000 tested=28 found=0 n=986456285751302158831335 elapsed=3520s
progress: nodes=44,590,000,000 tested=28 found=0 n=459238143629486013145155 elapsed=3520s
progress: nodes=44,600,000,000 tested=28 found=0 n=768440575869674621789205 elapsed=3521s
progress: nodes=44,610,000,000 tested=28 found=0 n=567909896321294268652845 elapsed=3521s
progress: nodes=44,620,000,000 tested=28 found=0 n=534279176966851109224695 elapsed=3522s
progress: nodes=44,630,000,000 tested=28 found=0 n=859492002309037584745995 elapsed=3522s
progress: nodes=44,640,000,000 tested=28 found=0 n=328400721490068784053585 elapsed=3523s
progress: nodes=44,650,000,000 tested=28 found=0 n=745997747006901184862715 elapsed=3523s
progress: nodes=44,660,000,000 tested=28 found=0 n=508622062466229655412205 elapsed=3524s
progress: nodes=44,670,000,000 tested=28 found=0 n=425761333211875700308005 elapsed=3524s
progress: nodes=44,680,000,000 tested=28 found=0 n=725512181991069939415785 elapsed=3524s
progress: nodes=44,690,000,000 tested=28 found=0 n=937413428826250667338245 elapsed=3525s
progress: nodes=44,700,000,000 tested=28 found=0 n=824553938300070234024945 elapsed=3525s
progress: nodes=44,710,000,000 tested=28 found=0 n=528244948034677706387445 elapsed=3526s
progress: nodes=44,720,000,000 tested=28 found=0 n=673053989002260573117465 elapsed=3526s
progress: nodes=44,730,000,000 tested=28 found=0 n=584579466142871995338345 elapsed=3527s
progress: nodes=44,740,000,000 tested=28 found=0 n=361224846038117576537055 elapsed=3527s
progress: nodes=44,750,000,000 tested=28 found=0 n=734518904073855243362415 elapsed=3528s
progress: nodes=44,760,000,000 tested=28 found=0 n=652538210798872774267155 elapsed=3528s
progress: nodes=44,770,000,000 tested=28 found=0 n=923406417706194588577455 elapsed=3529s
progress: nodes=44,780,000,000 tested=28 found=0 n=467427772268441244259065 elapsed=3529s
progress: nodes=44,790,000,000 tested=28 found=0 n=745097009938800511473855 elapsed=3530s
progress: nodes=44,800,000,000 tested=28 found=0 n=494466055712778790126035 elapsed=3530s
progress: nodes=44,810,000,000 tested=28 found=0 n=802845460167929625357405 elapsed=3531s
progress: nodes=44,820,000,000 tested=28 found=0 n=801832603778174052279855 elapsed=3531s
progress: nodes=44,830,000,000 tested=28 found=0 n=390624095101684194639405 elapsed=3532s
progress: nodes=44,840,000,000 tested=28 found=0 n=849067244146801769442705 elapsed=3532s
progress: nodes=44,850,000,000 tested=28 found=0 n=908933855139544287977055 elapsed=3533s
progress: nodes=44,860,000,000 tested=28 found=0 n=422292539521313676230895 elapsed=3533s
progress: nodes=44,870,000,000 tested=28 found=0 n=802997477301200698854315 elapsed=3534s
progress: nodes=44,880,000,000 tested=28 found=0 n=739769801489590556397735 elapsed=3534s
progress: nodes=44,890,000,000 tested=28 found=0 n=396159741287733732852015 elapsed=3534s
progress: nodes=44,900,000,000 tested=28 found=0 n=961013008341330521791005 elapsed=3535s
progress: nodes=44,910,000,000 tested=28 found=0 n=951372295730534258456535 elapsed=3535s
progress: nodes=44,920,000,000 tested=28 found=0 n=461165715763993780448535 elapsed=3536s
progress: nodes=44,930,000,000 tested=28 found=0 n=347363842887261085571235 elapsed=3536s
progress: nodes=44,940,000,000 tested=28 found=0 n=525294908034021481621815 elapsed=3537s
progress: nodes=44,950,000,000 tested=28 found=0 n=456039241723535450563935 elapsed=3537s
progress: nodes=44,960,000,000 tested=28 found=0 n=615621485579674550925465 elapsed=3538s
progress: nodes=44,970,000,000 tested=28 found=0 n=961303607796285945056745 elapsed=3538s
progress: nodes=44,980,000,000 tested=28 found=0 n=855645720940166909073255 elapsed=3539s
progress: nodes=44,990,000,000 tested=28 found=0 n=941054518673979656035815 elapsed=3539s
progress: nodes=45,000,000,000 tested=28 found=0 n=988512446601058205436885 elapsed=3540s
progress: nodes=45,010,000,000 tested=28 found=0 n=867980494072964203985295 elapsed=3540s
progress: nodes=45,020,000,000 tested=28 found=0 n=760112851556927456649765 elapsed=3541s
progress: nodes=45,030,000,000 tested=28 found=0 n=596472386677198566098355 elapsed=3541s
progress: nodes=45,040,000,000 tested=28 found=0 n=767240272951217142219945 elapsed=3541s
progress: nodes=45,050,000,000 tested=28 found=0 n=975724879884417053824455 elapsed=3542s
progress: nodes=45,060,000,000 tested=28 found=0 n=449674771168512114890445 elapsed=3542s
progress: nodes=45,070,000,000 tested=28 found=0 n=942917133947134246569405 elapsed=3543s
progress: nodes=45,080,000,000 tested=28 found=0 n=662897898698696510138685 elapsed=3543s
progress: nodes=45,090,000,000 tested=28 found=0 n=350618239578035266102485 elapsed=3544s
progress: nodes=45,100,000,000 tested=28 found=0 n=462072734005033887343245 elapsed=3544s
progress: nodes=45,110,000,000 tested=28 found=0 n=823731866956631033988345 elapsed=3545s
progress: nodes=45,120,000,000 tested=28 found=0 n=892577943137666632379445 elapsed=3545s
progress: nodes=45,130,000,000 tested=28 found=0 n=532254656504054278949715 elapsed=3546s
progress: nodes=45,140,000,000 tested=28 found=0 n=762796502075761805810565 elapsed=3546s
progress: nodes=45,150,000,000 tested=28 found=0 n=758585405593693418623245 elapsed=3547s
progress: nodes=45,160,000,000 tested=28 found=0 n=911760584601422435570955 elapsed=3547s
progress: nodes=45,170,000,000 tested=28 found=0 n=445697744518720258597395 elapsed=3547s
progress: nodes=45,180,000,000 tested=28 found=0 n=435357756810921351018645 elapsed=3548s
progress: nodes=45,190,000,000 tested=28 found=0 n=984566884254617795067585 elapsed=3548s
progress: nodes=45,200,000,000 tested=28 found=0 n=609994784577852817021395 elapsed=3549s
progress: nodes=45,210,000,000 tested=28 found=0 n=706171503538409415735195 elapsed=3549s
progress: nodes=45,220,000,000 tested=28 found=0 n=868433485165181680852305 elapsed=3550s
progress: nodes=45,230,000,000 tested=28 found=0 n=722966720415043766427315 elapsed=3550s
progress: nodes=45,240,000,000 tested=28 found=0 n=360543058054328630591055 elapsed=3551s
progress: nodes=45,250,000,000 tested=28 found=0 n=921319646778152916127515 elapsed=3551s
progress: nodes=45,260,000,000 tested=28 found=0 n=851537288345030046469215 elapsed=3552s
progress: nodes=45,270,000,000 tested=28 found=0 n=277260881367634971623685 elapsed=3552s
progress: nodes=45,280,000,000 tested=28 found=0 n=584673513223097052702585 elapsed=3553s
progress: nodes=45,290,000,000 tested=28 found=0 n=825388036761155591269755 elapsed=3553s
progress: nodes=45,300,000,000 tested=28 found=0 n=267495778087831672851285 elapsed=3554s
progress: nodes=45,310,000,000 tested=28 found=0 n=700255969249000035439755 elapsed=3554s
progress: nodes=45,320,000,000 tested=28 found=0 n=495600905134393063019685 elapsed=3554s
progress: nodes=45,330,000,000 tested=28 found=0 n=949267446666263446200435 elapsed=3555s
progress: nodes=45,340,000,000 tested=28 found=0 n=755157744302754082121865 elapsed=3555s
progress: nodes=45,350,000,000 tested=28 found=0 n=872210110889033859354885 elapsed=3556s
progress: nodes=45,360,000,000 tested=28 found=0 n=660098615839441363404765 elapsed=3556s
progress: nodes=45,370,000,000 tested=28 found=0 n=626364400276157032705545 elapsed=3557s
progress: nodes=45,380,000,000 tested=28 found=0 n=340209452355727227347745 elapsed=3557s
progress: nodes=45,390,000,000 tested=28 found=0 n=699021443568654660692205 elapsed=3558s
progress: nodes=45,400,000,000 tested=28 found=0 n=943735375236868094753235 elapsed=3558s
progress: nodes=45,410,000,000 tested=28 found=0 n=237085637974023915029745 elapsed=3559s
progress: nodes=45,420,000,000 tested=28 found=0 n=868475930066231204367045 elapsed=3559s
progress: nodes=45,430,000,000 tested=28 found=0 n=989408196081334358252055 elapsed=3560s
progress: nodes=45,440,000,000 tested=28 found=0 n=370223097249590825989815 elapsed=3560s
progress: nodes=45,450,000,000 tested=28 found=0 n=834558601551580614868335 elapsed=3561s
progress: nodes=45,460,000,000 tested=28 found=0 n=759030050080998889978455 elapsed=3561s
progress: nodes=45,470,000,000 tested=28 found=0 n=189057223400846881846095 elapsed=3561s
progress: nodes=45,480,000,000 tested=28 found=0 n=786034370808843200830665 elapsed=3562s
progress: nodes=45,490,000,000 tested=28 found=0 n=914456629732045612077855 elapsed=3562s
progress: nodes=45,500,000,000 tested=28 found=0 n=890283924223003428307695 elapsed=3563s
progress: nodes=45,510,000,000 tested=28 found=0 n=496574253915628789449945 elapsed=3563s
progress: nodes=45,520,000,000 tested=28 found=0 n=764380242401880858236505 elapsed=3564s
progress: nodes=45,530,000,000 tested=28 found=0 n=724241438496822292174755 elapsed=3564s
progress: nodes=45,540,000,000 tested=28 found=0 n=153402869379293120955555 elapsed=3565s
progress: nodes=45,550,000,000 tested=28 found=0 n=982993441478355848052765 elapsed=3565s
progress: nodes=45,560,000,000 tested=28 found=0 n=709793028220741672851765 elapsed=3566s
progress: nodes=45,570,000,000 tested=28 found=0 n=856983362802189990176205 elapsed=3566s
progress: nodes=45,580,000,000 tested=28 found=0 n=972700929704446963580835 elapsed=3567s
progress: nodes=45,590,000,000 tested=28 found=0 n=573208714405640436671295 elapsed=3567s
progress: nodes=45,600,000,000 tested=28 found=0 n=502332411676847898463515 elapsed=3567s
progress: nodes=45,610,000,000 tested=28 found=0 n=839556153089045453725785 elapsed=3568s
progress: nodes=45,620,000,000 tested=28 found=0 n=790394229241313383769445 elapsed=3568s
progress: nodes=45,630,000,000 tested=28 found=0 n=324090853488622432509165 elapsed=3569s
progress: nodes=45,640,000,000 tested=28 found=0 n=644960954850146096479515 elapsed=3569s
progress: nodes=45,650,000,000 tested=28 found=0 n=967358106308176944336855 elapsed=3570s
progress: nodes=45,660,000,000 tested=28 found=0 n=683968323944022111251235 elapsed=3570s
progress: nodes=45,670,000,000 tested=28 found=0 n=702936601039842972649605 elapsed=3571s
progress: nodes=45,680,000,000 tested=28 found=0 n=466799411394542430531855 elapsed=3571s
progress: nodes=45,690,000,000 tested=28 found=0 n=943065435033814495030155 elapsed=3572s
progress: nodes=45,700,000,000 tested=28 found=0 n=366816746451171551743395 elapsed=3572s
progress: nodes=45,710,000,000 tested=28 found=0 n=905865953620838131843515 elapsed=3573s
progress: nodes=45,720,000,000 tested=28 found=0 n=219506784555894816351195 elapsed=3573s
progress: nodes=45,730,000,000 tested=28 found=0 n=581740782068781311801715 elapsed=3574s
progress: nodes=45,740,000,000 tested=28 found=0 n=792872365607953459682535 elapsed=3574s
progress: nodes=45,750,000,000 tested=28 found=0 n=746134073703296619280335 elapsed=3574s
progress: nodes=45,760,000,000 tested=28 found=0 n=629739831837290118688755 elapsed=3575s
progress: nodes=45,770,000,000 tested=28 found=0 n=426673874874010680397305 elapsed=3575s
progress: nodes=45,780,000,000 tested=28 found=0 n=770718083961705644837655 elapsed=3576s
progress: nodes=45,790,000,000 tested=28 found=0 n=247791801503754058546215 elapsed=3576s
progress: nodes=45,800,000,000 tested=28 found=0 n=668153529376803109832445 elapsed=3577s
progress: nodes=45,810,000,000 tested=28 found=0 n=549774331468170005563245 elapsed=3577s
progress: nodes=45,820,000,000 tested=28 found=0 n=610346214805140391926645 elapsed=3578s
progress: nodes=45,830,000,000 tested=28 found=0 n=335870485119844346977965 elapsed=3578s
progress: nodes=45,840,000,000 tested=28 found=0 n=660556326590414891108505 elapsed=3579s
progress: nodes=45,850,000,000 tested=28 found=0 n=645887240374309788830085 elapsed=3579s
progress: nodes=45,860,000,000 tested=28 found=0 n=400593120471627293451285 elapsed=3580s
progress: nodes=45,870,000,000 tested=28 found=0 n=510810167585557889675505 elapsed=3580s
progress: nodes=45,880,000,000 tested=28 found=0 n=462168032849099016369435 elapsed=3580s
progress: nodes=45,890,000,000 tested=28 found=0 n=414037570629378681105615 elapsed=3581s
progress: nodes=45,900,000,000 tested=28 found=0 n=780566446730922172404435 elapsed=3581s
progress: nodes=45,910,000,000 tested=28 found=0 n=323334521210866935700755 elapsed=3582s
progress: nodes=45,920,000,000 tested=28 found=0 n=964805745220006618826865 elapsed=3582s
progress: nodes=45,930,000,000 tested=28 found=0 n=272785830466976907714315 elapsed=3583s
progress: nodes=45,940,000,000 tested=28 found=0 n=698654786829535195209495 elapsed=3583s
progress: nodes=45,950,000,000 tested=28 found=0 n=989620562612867148721395 elapsed=3584s
progress: nodes=45,960,000,000 tested=28 found=0 n=637243948875277584964035 elapsed=3584s
progress: nodes=45,970,000,000 tested=28 found=0 n=945846561922744417833645 elapsed=3585s
progress: nodes=45,980,000,000 tested=28 found=0 n=548613307356277179286215 elapsed=3585s
progress: nodes=45,990,000,000 tested=28 found=0 n=618585940294253297710245 elapsed=3586s
progress: nodes=46,000,000,000 tested=28 found=0 n=390113956937281393733895 elapsed=3586s
progress: nodes=46,010,000,000 tested=28 found=0 n=383846694018549163147845 elapsed=3587s
progress: nodes=46,020,000,000 tested=28 found=0 n=475421679822951728871345 elapsed=3587s
progress: nodes=46,030,000,000 tested=28 found=0 n=728812007230369404252735 elapsed=3588s
progress: nodes=46,040,000,000 tested=28 found=0 n=650977108707969405213885 elapsed=3588s
progress: nodes=46,050,000,000 tested=28 found=0 n=646070293979574063698835 elapsed=3588s
progress: nodes=46,060,000,000 tested=28 found=0 n=703127769373360189261755 elapsed=3589s
progress: nodes=46,070,000,000 tested=28 found=0 n=364118814553053386456685 elapsed=3589s
progress: nodes=46,080,000,000 tested=28 found=0 n=368595629400461698763055 elapsed=3590s
progress: nodes=46,090,000,000 tested=28 found=0 n=904716424818053888363235 elapsed=3590s
progress: nodes=46,100,000,000 tested=28 found=0 n=938491371624228778369035 elapsed=3591s
progress: nodes=46,110,000,000 tested=28 found=0 n=838997480707438551130665 elapsed=3591s
progress: nodes=46,120,000,000 tested=28 found=0 n=442429207224335610310845 elapsed=3592s
progress: nodes=46,130,000,000 tested=28 found=0 n=841616874289281638364795 elapsed=3592s
progress: nodes=46,140,000,000 tested=28 found=0 n=895925818123496244032355 elapsed=3593s
progress: nodes=46,150,000,000 tested=28 found=0 n=935711186032101952029645 elapsed=3593s
progress: nodes=46,160,000,000 tested=28 found=0 n=594357590959149424766535 elapsed=3594s
progress: nodes=46,170,000,000 tested=28 found=0 n=716138192110884900561765 elapsed=3594s
progress: nodes=46,180,000,000 tested=28 found=0 n=353884166200655303863815 elapsed=3594s
progress: nodes=46,190,000,000 tested=28 found=0 n=523832538573660039017085 elapsed=3595s
progress: nodes=46,200,000,000 tested=28 found=0 n=620131486459836669843195 elapsed=3595s
progress: nodes=46,210,000,000 tested=28 found=0 n=340788543793054835558355 elapsed=3596s
progress: nodes=46,220,000,000 tested=28 found=0 n=824198372279075824624935 elapsed=3596s
progress: nodes=46,230,000,000 tested=28 found=0 n=903596018120318747361555 elapsed=3597s
progress: nodes=46,240,000,000 tested=28 found=0 n=549225691838540522229105 elapsed=3597s
progress: nodes=46,250,000,000 tested=28 found=0 n=771029940659751973707705 elapsed=3598s
progress: nodes=46,260,000,000 tested=28 found=0 n=750002512792375683243315 elapsed=3598s
progress: nodes=46,270,000,000 tested=28 found=0 n=907965438414842203550055 elapsed=3599s
progress: nodes=46,280,000,000 tested=28 found=0 n=647227296261962753620635 elapsed=3599s
progress: nodes=46,290,000,000 tested=28 found=0 n=974171413102907714249115 elapsed=3600s

done in 3600.0s | nodes=46,299,127,808 | tested=28 | weird=0
