search v2: odd=True, N_CAP=1.00e+24, DELTA_MAX=1.0e+07, MIN_DEPTH=6
SPF shard: smallest prime factor = 3
P2 sub-shard: second prime factor = 5
P3 sub-sub-shard: third prime factor = 11
progress: nodes=10,000,000 tested=1 found=0 n=299104781587978593609525 elapsed=3s
progress: nodes=20,000,000 tested=1 found=0 n=628856079359677610973675 elapsed=6s
progress: nodes=30,000,000 tested=1 found=0 n=142268196838928931781725 elapsed=7s
progress: nodes=40,000,000 tested=1 found=0 n=195857859593330563210725 elapsed=7s
progress: nodes=50,000,000 tested=1 found=0 n=59265062431209773756475 elapsed=8s
progress: nodes=60,000,000 tested=1 found=0 n=27734984294183410111725 elapsed=8s
progress: nodes=70,000,000 tested=1 found=0 n=23120927190667816878225 elapsed=9s
progress: nodes=80,000,000 tested=1 found=0 n=3617972202478097060025 elapsed=9s
progress: nodes=90,000,000 tested=1 found=0 n=718782791001616094325 elapsed=10s
progress: nodes=100,000,000 tested=1 found=0 n=12207445012140195471225 elapsed=10s
progress: nodes=110,000,000 tested=1 found=0 n=2991933712668293539575 elapsed=11s
progress: nodes=120,000,000 tested=1 found=0 n=6914808330496980309825 elapsed=11s
progress: nodes=130,000,000 tested=1 found=0 n=1173085651801051356225 elapsed=12s
progress: nodes=140,000,000 tested=1 found=0 n=2922221321619931177275 elapsed=12s
progress: nodes=150,000,000 tested=1 found=0 n=3468247231617266358975 elapsed=13s
progress: nodes=160,000,000 tested=1 found=0 n=4276859616313335512175 elapsed=13s
progress: nodes=170,000,000 tested=1 found=0 n=2216249695288578817725 elapsed=14s
progress: nodes=180,000,000 tested=1 found=0 n=4476892420914109278225 elapsed=14s
progress: nodes=190,000,000 tested=1 found=0 n=42770805389694695302275 elapsed=15s
progress: nodes=200,000,000 tested=1 found=0 n=19705975468657085461425 elapsed=40s
progress: nodes=210,000,000 tested=1 found=0 n=35786316984430497417075 elapsed=40s
progress: nodes=220,000,000 tested=1 found=0 n=301836285049246458225 elapsed=41s
progress: nodes=230,000,000 tested=1 found=0 n=506152861418892069525 elapsed=41s
progress: nodes=240,000,000 tested=1 found=0 n=84956442950658687011175 elapsed=42s
progress: nodes=250,000,000 tested=1 found=0 n=148165206906220059237825 elapsed=42s
progress: nodes=260,000,000 tested=1 found=0 n=11729611981384588080075 elapsed=43s
progress: nodes=270,000,000 tested=1 found=0 n=2450582068770614568075 elapsed=43s
progress: nodes=280,000,000 tested=1 found=0 n=343901066986066986825 elapsed=44s
progress: nodes=290,000,000 tested=1 found=0 n=101764201565326096357275 elapsed=44s
progress: nodes=300,000,000 tested=1 found=0 n=402763647495541113885675 elapsed=53s
progress: nodes=310,000,000 tested=1 found=0 n=4971654386050711026525 elapsed=65s
progress: nodes=320,000,000 tested=1 found=0 n=1204274269396408170675 elapsed=66s
progress: nodes=330,000,000 tested=1 found=0 n=299422698018599385741225 elapsed=66s
progress: nodes=340,000,000 tested=1 found=0 n=25019952242213961178575 elapsed=67s
progress: nodes=350,000,000 tested=1 found=0 n=605327903490669922016025 elapsed=92s
progress: nodes=360,000,000 tested=1 found=0 n=3406471730783351490975 elapsed=102s
progress: nodes=370,000,000 tested=1 found=0 n=365326146628851375825 elapsed=103s
progress: nodes=380,000,000 tested=1 found=0 n=95041207162625896575975 elapsed=103s
progress: nodes=390,000,000 tested=1 found=0 n=418521851357504963650725 elapsed=104s
progress: nodes=400,000,000 tested=1 found=0 n=976257627782452072060575 elapsed=105s
progress: nodes=410,000,000 tested=1 found=0 n=887125717832512217706075 elapsed=105s
progress: nodes=420,000,000 tested=1 found=0 n=785929011216780783398475 elapsed=106s
progress: nodes=430,000,000 tested=1 found=0 n=877928514480184217654175 elapsed=107s
progress: nodes=440,000,000 tested=1 found=0 n=920005062163192665306075 elapsed=108s
progress: nodes=450,000,000 tested=1 found=0 n=917518709488130526144225 elapsed=108s
progress: nodes=460,000,000 tested=1 found=0 n=849153677391407079559725 elapsed=109s
progress: nodes=470,000,000 tested=1 found=0 n=904939833862803129523275 elapsed=110s
progress: nodes=480,000,000 tested=1 found=0 n=917313970090845174501225 elapsed=111s
progress: nodes=490,000,000 tested=1 found=0 n=777970832163763312363575 elapsed=112s
progress: nodes=500,000,000 tested=1 found=0 n=833196350916333840654075 elapsed=113s
progress: nodes=510,000,000 tested=1 found=0 n=699016987550105313021075 elapsed=113s
progress: nodes=520,000,000 tested=1 found=0 n=886494536763073880960175 elapsed=114s
progress: nodes=530,000,000 tested=1 found=0 n=552823013864697090168225 elapsed=115s
progress: nodes=540,000,000 tested=1 found=0 n=956056221494874817628025 elapsed=116s
progress: nodes=550,000,000 tested=1 found=0 n=810419157036875085231675 elapsed=117s
progress: nodes=560,000,000 tested=1 found=0 n=669775348502930635326075 elapsed=118s
progress: nodes=570,000,000 tested=1 found=0 n=970779366856652589833025 elapsed=119s
progress: nodes=580,000,000 tested=1 found=0 n=954248273611159200026925 elapsed=119s
progress: nodes=590,000,000 tested=1 found=0 n=947337975915701224987275 elapsed=120s
progress: nodes=600,000,000 tested=1 found=0 n=85325579589801611775 elapsed=121s
progress: nodes=610,000,000 tested=1 found=0 n=153100817472074058755025 elapsed=122s
progress: nodes=620,000,000 tested=1 found=0 n=851483714892796062588225 elapsed=122s
progress: nodes=630,000,000 tested=1 found=0 n=937691894191457177304675 elapsed=123s
progress: nodes=640,000,000 tested=1 found=0 n=999081836204046008946675 elapsed=124s
progress: nodes=650,000,000 tested=1 found=0 n=675967840453222915701675 elapsed=125s
progress: nodes=660,000,000 tested=1 found=0 n=727351646349546963855825 elapsed=126s
progress: nodes=670,000,000 tested=1 found=0 n=705814732697835440790825 elapsed=127s
progress: nodes=680,000,000 tested=1 found=0 n=56141408677086993975 elapsed=128s
progress: nodes=690,000,000 tested=1 found=0 n=978965921735270768366925 elapsed=128s
progress: nodes=700,000,000 tested=1 found=0 n=741110609252941060086525 elapsed=129s
progress: nodes=710,000,000 tested=1 found=0 n=406152318843811468832475 elapsed=130s
progress: nodes=720,000,000 tested=1 found=0 n=443348725864946331326325 elapsed=131s
progress: nodes=730,000,000 tested=1 found=0 n=893792541472833277092675 elapsed=132s
progress: nodes=740,000,000 tested=1 found=0 n=951464298366643277963175 elapsed=133s
progress: nodes=750,000,000 tested=1 found=0 n=891753782247325691361525 elapsed=134s
progress: nodes=760,000,000 tested=1 found=0 n=906817457650430721112575 elapsed=134s
progress: nodes=770,000,000 tested=1 found=0 n=591078050986010684392725 elapsed=135s
progress: nodes=780,000,000 tested=1 found=0 n=579781191932473048228425 elapsed=136s
progress: nodes=790,000,000 tested=1 found=0 n=850427402542080132959475 elapsed=137s
progress: nodes=800,000,000 tested=1 found=0 n=620615851366021208165325 elapsed=138s
progress: nodes=810,000,000 tested=1 found=0 n=558839402810447941042575 elapsed=139s
progress: nodes=820,000,000 tested=1 found=0 n=662262950051860396893225 elapsed=140s
progress: nodes=830,000,000 tested=1 found=0 n=613569934908519512384175 elapsed=141s
progress: nodes=840,000,000 tested=1 found=0 n=499839369183852619575225 elapsed=141s
progress: nodes=850,000,000 tested=1 found=0 n=499340847343161247270275 elapsed=142s
progress: nodes=860,000,000 tested=1 found=0 n=712225841494105011462675 elapsed=143s
progress: nodes=870,000,000 tested=1 found=0 n=810320671702530505020075 elapsed=144s
progress: nodes=880,000,000 tested=1 found=0 n=725233329702994432652475 elapsed=145s
progress: nodes=890,000,000 tested=1 found=0 n=862029505155825448374075 elapsed=146s
progress: nodes=900,000,000 tested=1 found=0 n=710350296749446601208675 elapsed=147s
progress: nodes=910,000,000 tested=1 found=0 n=839600362808051371237425 elapsed=147s
progress: nodes=920,000,000 tested=1 found=0 n=17996955528036686690775 elapsed=148s
progress: nodes=930,000,000 tested=1 found=0 n=910459880683377267682725 elapsed=149s
progress: nodes=940,000,000 tested=1 found=0 n=780506934419107496461575 elapsed=150s
progress: nodes=950,000,000 tested=1 found=0 n=616553307781353576101325 elapsed=151s
progress: nodes=960,000,000 tested=1 found=0 n=773504252056748252887275 elapsed=151s
progress: nodes=970,000,000 tested=1 found=0 n=964197875301951815564325 elapsed=152s
progress: nodes=980,000,000 tested=1 found=0 n=834370970645985907702425 elapsed=153s
progress: nodes=990,000,000 tested=1 found=0 n=751277272412626109403825 elapsed=154s
progress: nodes=1,000,000,000 tested=1 found=0 n=582602943943001034885975 elapsed=155s
progress: nodes=1,010,000,000 tested=1 found=0 n=986671595680574182311075 elapsed=156s
progress: nodes=1,020,000,000 tested=1 found=0 n=976261451446089161892825 elapsed=157s
progress: nodes=1,030,000,000 tested=1 found=0 n=519763162263529784317575 elapsed=158s
progress: nodes=1,040,000,000 tested=1 found=0 n=158579344639289554233825 elapsed=159s
progress: nodes=1,050,000,000 tested=1 found=0 n=536183807922564482291325 elapsed=159s
progress: nodes=1,060,000,000 tested=1 found=0 n=632787423411467544609675 elapsed=160s
progress: nodes=1,070,000,000 tested=1 found=0 n=904134723430293706590525 elapsed=161s
progress: nodes=1,080,000,000 tested=1 found=0 n=749814692665978218697275 elapsed=162s
progress: nodes=1,090,000,000 tested=1 found=0 n=938566648530651357349275 elapsed=163s
progress: nodes=1,100,000,000 tested=1 found=0 n=765539871629817228333675 elapsed=164s
progress: nodes=1,110,000,000 tested=1 found=0 n=598764324187018975546275 elapsed=165s
progress: nodes=1,120,000,000 tested=1 found=0 n=770441788032117893094975 elapsed=166s
progress: nodes=1,130,000,000 tested=1 found=0 n=944903918097005002775925 elapsed=166s
progress: nodes=1,140,000,000 tested=1 found=0 n=874586925984913661123175 elapsed=167s
progress: nodes=1,150,000,000 tested=1 found=0 n=876803346515558672828475 elapsed=168s
progress: nodes=1,160,000,000 tested=1 found=0 n=278612555752239172581975 elapsed=169s
progress: nodes=1,170,000,000 tested=1 found=0 n=333411090236295825757575 elapsed=170s
progress: nodes=1,180,000,000 tested=1 found=0 n=493165845631689558395925 elapsed=171s
progress: nodes=1,190,000,000 tested=1 found=0 n=550335406685245429108575 elapsed=172s
progress: nodes=1,200,000,000 tested=1 found=0 n=404595990947802227992275 elapsed=173s
progress: nodes=1,210,000,000 tested=1 found=0 n=846220669065388858409025 elapsed=174s
progress: nodes=1,220,000,000 tested=1 found=0 n=405878391777876361805175 elapsed=175s
progress: nodes=1,230,000,000 tested=1 found=0 n=380584608667542737997825 elapsed=176s
progress: nodes=1,240,000,000 tested=1 found=0 n=536674796611332068750775 elapsed=177s
progress: nodes=1,250,000,000 tested=1 found=0 n=968298747874944334595175 elapsed=178s
progress: nodes=1,260,000,000 tested=1 found=0 n=886290761381955744596925 elapsed=178s
progress: nodes=1,270,000,000 tested=1 found=0 n=416344921310241071694975 elapsed=179s
progress: nodes=1,280,000,000 tested=1 found=0 n=299138561139093594815325 elapsed=180s
progress: nodes=1,290,000,000 tested=1 found=0 n=574394799296615109802275 elapsed=181s
progress: nodes=1,300,000,000 tested=1 found=0 n=691248689990546559182025 elapsed=182s
progress: nodes=1,310,000,000 tested=1 found=0 n=500014892059980762969075 elapsed=183s
progress: nodes=1,320,000,000 tested=1 found=0 n=430558583476558691336325 elapsed=184s
progress: nodes=1,330,000,000 tested=1 found=0 n=940701266889507806815275 elapsed=185s
progress: nodes=1,340,000,000 tested=1 found=0 n=848528073898071291614175 elapsed=186s
progress: nodes=1,350,000,000 tested=1 found=0 n=733962932325226065601425 elapsed=187s
progress: nodes=1,360,000,000 tested=1 found=0 n=463133254180979143679775 elapsed=188s
progress: nodes=1,370,000,000 tested=1 found=0 n=729145268257820521525275 elapsed=189s
progress: nodes=1,380,000,000 tested=1 found=0 n=617818073159513216057925 elapsed=190s
progress: nodes=1,390,000,000 tested=1 found=0 n=552166634604626393362725 elapsed=191s
progress: nodes=1,400,000,000 tested=1 found=0 n=571756931351890116464775 elapsed=191s
progress: nodes=1,410,000,000 tested=1 found=0 n=950958578243609696721675 elapsed=192s
progress: nodes=1,420,000,000 tested=1 found=0 n=552753460118762512692225 elapsed=193s
progress: nodes=1,430,000,000 tested=1 found=0 n=940878911858438615108475 elapsed=194s
progress: nodes=1,440,000,000 tested=1 found=0 n=983355063246277766862675 elapsed=195s
progress: nodes=1,450,000,000 tested=1 found=0 n=897694885770615276083025 elapsed=196s
progress: nodes=1,460,000,000 tested=1 found=0 n=931293722501654654989275 elapsed=197s
progress: nodes=1,470,000,000 tested=1 found=0 n=816189602733501004404825 elapsed=198s
progress: nodes=1,480,000,000 tested=1 found=0 n=617930655037709495742975 elapsed=199s
progress: nodes=1,490,000,000 tested=1 found=0 n=783494541129162426274425 elapsed=200s
progress: nodes=1,500,000,000 tested=1 found=0 n=894424907826164963037075 elapsed=200s
progress: nodes=1,510,000,000 tested=1 found=0 n=983546008675868698449675 elapsed=201s
progress: nodes=1,520,000,000 tested=1 found=0 n=850424710494104866187925 elapsed=202s
progress: nodes=1,530,000,000 tested=1 found=0 n=766562736304331326427925 elapsed=203s
progress: nodes=1,540,000,000 tested=1 found=0 n=922201530466795630633725 elapsed=204s
progress: nodes=1,550,000,000 tested=1 found=0 n=903187434140665661205075 elapsed=205s
progress: nodes=1,560,000,000 tested=1 found=0 n=824422093360495031119575 elapsed=206s
progress: nodes=1,570,000,000 tested=1 found=0 n=943860818504320505206275 elapsed=206s
progress: nodes=1,580,000,000 tested=1 found=0 n=682726519564261563308775 elapsed=207s
progress: nodes=1,590,000,000 tested=1 found=0 n=675198958101023412417075 elapsed=208s
progress: nodes=1,600,000,000 tested=1 found=0 n=973382366859080196457725 elapsed=209s
progress: nodes=1,610,000,000 tested=1 found=0 n=657702168065835715776525 elapsed=210s
progress: nodes=1,620,000,000 tested=1 found=0 n=757451782701451212793275 elapsed=211s
progress: nodes=1,630,000,000 tested=1 found=0 n=753330986613378534750675 elapsed=212s
progress: nodes=1,640,000,000 tested=1 found=0 n=397346056956311081479575 elapsed=213s
progress: nodes=1,650,000,000 tested=1 found=0 n=830875718703594438335175 elapsed=214s
progress: nodes=1,660,000,000 tested=1 found=0 n=855622540827799072817775 elapsed=214s
progress: nodes=1,670,000,000 tested=1 found=0 n=669232252492272686334975 elapsed=215s
progress: nodes=1,680,000,000 tested=1 found=0 n=995883842517466341592725 elapsed=216s
progress: nodes=1,690,000,000 tested=1 found=0 n=276727256766325311492975 elapsed=217s
progress: nodes=1,700,000,000 tested=1 found=0 n=588469541446049740845225 elapsed=218s
progress: nodes=1,710,000,000 tested=1 found=0 n=517454256835603891850475 elapsed=219s
progress: nodes=1,720,000,000 tested=1 found=0 n=832169484297034390553475 elapsed=220s
progress: nodes=1,730,000,000 tested=1 found=0 n=810962591671381474922025 elapsed=221s
progress: nodes=1,740,000,000 tested=1 found=0 n=940687954492554285549675 elapsed=222s
progress: nodes=1,750,000,000 tested=1 found=0 n=577861825174089108413475 elapsed=222s
progress: nodes=1,760,000,000 tested=1 found=0 n=642919771755856132941975 elapsed=223s
progress: nodes=1,770,000,000 tested=1 found=0 n=620121586922344217149725 elapsed=224s
progress: nodes=1,780,000,000 tested=1 found=0 n=496395057643285256516775 elapsed=225s
progress: nodes=1,790,000,000 tested=1 found=0 n=966885392133448719048975 elapsed=226s
progress: nodes=1,800,000,000 tested=1 found=0 n=789296242889349938574975 elapsed=227s
progress: nodes=1,810,000,000 tested=1 found=0 n=599720099143362514306275 elapsed=228s
progress: nodes=1,820,000,000 tested=1 found=0 n=811823653082942967828075 elapsed=229s
progress: nodes=1,830,000,000 tested=1 found=0 n=980475424585135989177525 elapsed=230s
progress: nodes=1,840,000,000 tested=1 found=0 n=488552316754764599690925 elapsed=231s
progress: nodes=1,850,000,000 tested=1 found=0 n=574863558097123351474275 elapsed=231s
progress: nodes=1,860,000,000 tested=1 found=0 n=281569622175051223502775 elapsed=232s
progress: nodes=1,870,000,000 tested=1 found=0 n=830106053986711968619725 elapsed=233s
progress: nodes=1,880,000,000 tested=1 found=0 n=372725540586506122726425 elapsed=234s
progress: nodes=1,890,000,000 tested=1 found=0 n=781305476957359920819825 elapsed=235s
progress: nodes=1,900,000,000 tested=1 found=0 n=617616358023463614054525 elapsed=236s
progress: nodes=1,910,000,000 tested=1 found=0 n=922318448104660333895025 elapsed=237s
progress: nodes=1,920,000,000 tested=1 found=0 n=995061414446613189636675 elapsed=238s
progress: nodes=1,930,000,000 tested=1 found=0 n=830845728884633052580275 elapsed=239s
progress: nodes=1,940,000,000 tested=1 found=0 n=297878590064616441963225 elapsed=240s
progress: nodes=1,950,000,000 tested=1 found=0 n=707752225295273202447975 elapsed=240s
progress: nodes=1,960,000,000 tested=1 found=0 n=504238351562685666809025 elapsed=241s
progress: nodes=1,970,000,000 tested=1 found=0 n=909464510457458692619025 elapsed=242s
progress: nodes=1,980,000,000 tested=1 found=0 n=969938166419908925135325 elapsed=243s
progress: nodes=1,990,000,000 tested=1 found=0 n=744784951705130917398675 elapsed=244s
progress: nodes=2,000,000,000 tested=1 found=0 n=588631058702167165037925 elapsed=245s
progress: nodes=2,010,000,000 tested=1 found=0 n=535999439453231712740925 elapsed=246s
progress: nodes=2,020,000,000 tested=1 found=0 n=842154136173265900123425 elapsed=247s
progress: nodes=2,030,000,000 tested=1 found=0 n=299769827605435769750025 elapsed=248s
progress: nodes=2,040,000,000 tested=1 found=0 n=746202783509590376637525 elapsed=249s
progress: nodes=2,050,000,000 tested=1 found=0 n=496133160492046619459775 elapsed=250s
progress: nodes=2,060,000,000 tested=1 found=0 n=765174124447828155478275 elapsed=250s
progress: nodes=2,070,000,000 tested=1 found=0 n=861688443057269119460025 elapsed=251s
progress: nodes=2,080,000,000 tested=1 found=0 n=533647532797459193867325 elapsed=252s
progress: nodes=2,090,000,000 tested=1 found=0 n=992335152122108321680725 elapsed=253s
progress: nodes=2,100,000,000 tested=1 found=0 n=664133979993767365335825 elapsed=254s
progress: nodes=2,110,000,000 tested=1 found=0 n=765015733195166083841925 elapsed=255s
progress: nodes=2,120,000,000 tested=1 found=0 n=573274330542550258039275 elapsed=256s
progress: nodes=2,130,000,000 tested=1 found=0 n=492724003541155847164275 elapsed=257s
progress: nodes=2,140,000,000 tested=1 found=0 n=598643471416707730073775 elapsed=258s
progress: nodes=2,150,000,000 tested=1 found=0 n=875349896744211648506175 elapsed=259s
progress: nodes=2,160,000,000 tested=1 found=0 n=599016075949108234549275 elapsed=260s
progress: nodes=2,170,000,000 tested=1 found=0 n=717207209002141111157475 elapsed=261s
progress: nodes=2,180,000,000 tested=1 found=0 n=853780675504501863464775 elapsed=262s
progress: nodes=2,190,000,000 tested=1 found=0 n=933124514475884793701925 elapsed=263s
progress: nodes=2,200,000,000 tested=1 found=0 n=932238323353720891976325 elapsed=264s
progress: nodes=2,210,000,000 tested=1 found=0 n=981605373708571084891275 elapsed=265s
progress: nodes=2,220,000,000 tested=1 found=0 n=839078756974124140627725 elapsed=266s
progress: nodes=2,230,000,000 tested=1 found=0 n=984999772009387167150975 elapsed=267s
progress: nodes=2,240,000,000 tested=1 found=0 n=378778949435666117448825 elapsed=268s
progress: nodes=2,250,000,000 tested=1 found=0 n=452549516832106779689175 elapsed=269s
progress: nodes=2,260,000,000 tested=1 found=0 n=814781736115919009391525 elapsed=270s
progress: nodes=2,270,000,000 tested=1 found=0 n=889243959467864127516675 elapsed=271s
progress: nodes=2,280,000,000 tested=1 found=0 n=945236649465707570324925 elapsed=271s
progress: nodes=2,290,000,000 tested=1 found=0 n=930955447008691026576225 elapsed=272s
progress: nodes=2,300,000,000 tested=1 found=0 n=750191807155911298496175 elapsed=273s
progress: nodes=2,310,000,000 tested=1 found=0 n=765175487973605106265725 elapsed=274s
progress: nodes=2,320,000,000 tested=1 found=0 n=686660091097419933254475 elapsed=275s
progress: nodes=2,330,000,000 tested=1 found=0 n=957930717552523233100725 elapsed=276s
progress: nodes=2,340,000,000 tested=1 found=0 n=89671476455739546225 elapsed=277s
progress: nodes=2,350,000,000 tested=1 found=0 n=893011390678783420140525 elapsed=278s
progress: nodes=2,360,000,000 tested=1 found=0 n=790360200929562316385475 elapsed=279s
progress: nodes=2,370,000,000 tested=1 found=0 n=802251951779516056007475 elapsed=280s
progress: nodes=2,380,000,000 tested=1 found=0 n=920735007245754659555025 elapsed=281s
progress: nodes=2,390,000,000 tested=1 found=0 n=979113443360104969734675 elapsed=282s
progress: nodes=2,400,000,000 tested=1 found=0 n=702974435948374812082575 elapsed=283s
progress: nodes=2,410,000,000 tested=1 found=0 n=675896899695963473267025 elapsed=283s
progress: nodes=2,420,000,000 tested=1 found=0 n=996830819262912493227225 elapsed=284s
progress: nodes=2,430,000,000 tested=1 found=0 n=974939404184924681184825 elapsed=285s
progress: nodes=2,440,000,000 tested=1 found=0 n=823658166467067334764075 elapsed=286s
progress: nodes=2,450,000,000 tested=1 found=0 n=841732763390536621171425 elapsed=287s
progress: nodes=2,460,000,000 tested=1 found=0 n=868009854652490804214675 elapsed=288s
progress: nodes=2,470,000,000 tested=1 found=0 n=577672374669200757900525 elapsed=289s
progress: nodes=2,480,000,000 tested=1 found=0 n=814426338406927632768525 elapsed=290s
progress: nodes=2,490,000,000 tested=1 found=0 n=824256319327693113243525 elapsed=291s
progress: nodes=2,500,000,000 tested=1 found=0 n=840524120491970355151425 elapsed=292s
progress: nodes=2,510,000,000 tested=1 found=0 n=218516675713170948817275 elapsed=293s
progress: nodes=2,520,000,000 tested=1 found=0 n=965442945757295466543225 elapsed=294s
progress: nodes=2,530,000,000 tested=1 found=0 n=925429868704372541656575 elapsed=295s
progress: nodes=2,540,000,000 tested=1 found=0 n=806791725386606243137425 elapsed=296s
progress: nodes=2,550,000,000 tested=1 found=0 n=948568454132494322373675 elapsed=297s
progress: nodes=2,560,000,000 tested=1 found=0 n=696061292217369472905225 elapsed=298s
progress: nodes=2,570,000,000 tested=1 found=0 n=511239214932724752591975 elapsed=299s
progress: nodes=2,580,000,000 tested=1 found=0 n=804011037217302942595425 elapsed=300s
progress: nodes=2,590,000,000 tested=1 found=0 n=554242188256204745786775 elapsed=301s
progress: nodes=2,600,000,000 tested=1 found=0 n=207061593234427549664475 elapsed=302s
progress: nodes=2,610,000,000 tested=1 found=0 n=833274061069128307639725 elapsed=302s
progress: nodes=2,620,000,000 tested=1 found=0 n=904048225064827374771525 elapsed=303s
progress: nodes=2,630,000,000 tested=1 found=0 n=895094432375260160890275 elapsed=304s
progress: nodes=2,640,000,000 tested=1 found=0 n=392284234146971805220725 elapsed=305s
progress: nodes=2,650,000,000 tested=1 found=0 n=722269241030493840995025 elapsed=306s
progress: nodes=2,660,000,000 tested=1 found=0 n=958441341101807867336175 elapsed=307s
progress: nodes=2,670,000,000 tested=1 found=0 n=468472701454895393674275 elapsed=308s
progress: nodes=2,680,000,000 tested=1 found=0 n=657001214201829295452225 elapsed=309s
progress: nodes=2,690,000,000 tested=1 found=0 n=819862528440852609902475 elapsed=310s
progress: nodes=2,700,000,000 tested=1 found=0 n=897567550268574937741275 elapsed=311s
progress: nodes=2,710,000,000 tested=1 found=0 n=818701957282449577440675 elapsed=312s
progress: nodes=2,720,000,000 tested=1 found=0 n=496052833259172743085675 elapsed=313s
progress: nodes=2,730,000,000 tested=1 found=0 n=462983549362869913081275 elapsed=314s
progress: nodes=2,740,000,000 tested=1 found=0 n=989995318150074028896675 elapsed=315s
progress: nodes=2,750,000,000 tested=1 found=0 n=416737241277736001905425 elapsed=316s
progress: nodes=2,760,000,000 tested=1 found=0 n=600530782555538227954275 elapsed=317s
progress: nodes=2,770,000,000 tested=1 found=0 n=861030025326604726496475 elapsed=318s
progress: nodes=2,780,000,000 tested=1 found=0 n=690499616190893688347025 elapsed=319s
progress: nodes=2,790,000,000 tested=1 found=0 n=698575583476771935116325 elapsed=320s
progress: nodes=2,800,000,000 tested=1 found=0 n=953744497753554754007475 elapsed=321s
progress: nodes=2,810,000,000 tested=1 found=0 n=787397593677614202243675 elapsed=321s
progress: nodes=2,820,000,000 tested=1 found=0 n=483211760735186098826925 elapsed=322s
progress: nodes=2,830,000,000 tested=1 found=0 n=873486315595429959219225 elapsed=323s
progress: nodes=2,840,000,000 tested=1 found=0 n=741337439243890675446975 elapsed=324s
progress: nodes=2,850,000,000 tested=1 found=0 n=832633341483444411328275 elapsed=325s
progress: nodes=2,860,000,000 tested=1 found=0 n=261929689912553460057975 elapsed=326s
progress: nodes=2,870,000,000 tested=1 found=0 n=578490258743596832565075 elapsed=327s
progress: nodes=2,880,000,000 tested=1 found=0 n=627484876285735442520975 elapsed=328s
progress: nodes=2,890,000,000 tested=1 found=0 n=344015685712607905864725 elapsed=329s
progress: nodes=2,900,000,000 tested=1 found=0 n=542852044636958453064525 elapsed=330s
progress: nodes=2,910,000,000 tested=1 found=0 n=852867729392029211471325 elapsed=331s
progress: nodes=2,920,000,000 tested=1 found=0 n=934911456850959664973325 elapsed=332s
progress: nodes=2,930,000,000 tested=1 found=0 n=214655778845800895749575 elapsed=333s
progress: nodes=2,940,000,000 tested=1 found=0 n=889891955573712644971275 elapsed=334s
progress: nodes=2,950,000,000 tested=1 found=0 n=996035503077264995448675 elapsed=335s
progress: nodes=2,960,000,000 tested=1 found=0 n=884297969277280248844725 elapsed=336s
progress: nodes=2,970,000,000 tested=1 found=0 n=590360544629760138116025 elapsed=337s
progress: nodes=2,980,000,000 tested=1 found=0 n=531572834384899254744225 elapsed=338s
progress: nodes=2,990,000,000 tested=1 found=0 n=703968391950998681760825 elapsed=339s
progress: nodes=3,000,000,000 tested=1 found=0 n=774790274425976582984925 elapsed=340s
progress: nodes=3,010,000,000 tested=1 found=0 n=517276278552084946612575 elapsed=340s
progress: nodes=3,020,000,000 tested=1 found=0 n=301364533254014940427575 elapsed=341s
progress: nodes=3,030,000,000 tested=1 found=0 n=581841967388094039294525 elapsed=342s
progress: nodes=3,040,000,000 tested=1 found=0 n=889932709659597976289775 elapsed=343s
progress: nodes=3,050,000,000 tested=1 found=0 n=748141170759246759505725 elapsed=344s
progress: nodes=3,060,000,000 tested=1 found=0 n=566363841346873904301825 elapsed=345s
progress: nodes=3,070,000,000 tested=1 found=0 n=844824439966414157132025 elapsed=346s
progress: nodes=3,080,000,000 tested=1 found=0 n=927099136966557351149925 elapsed=347s
progress: nodes=3,090,000,000 tested=1 found=0 n=856872459192778618407675 elapsed=348s
progress: nodes=3,100,000,000 tested=1 found=0 n=859323058926331756624725 elapsed=349s
progress: nodes=3,110,000,000 tested=1 found=0 n=619977923137981370208675 elapsed=350s
progress: nodes=3,120,000,000 tested=1 found=0 n=696294205878771900253425 elapsed=351s
progress: nodes=3,130,000,000 tested=1 found=0 n=863865330338479721312775 elapsed=352s
progress: nodes=3,140,000,000 tested=1 found=0 n=669423691790242041306225 elapsed=353s
progress: nodes=3,150,000,000 tested=1 found=0 n=697852701370354735137075 elapsed=354s
progress: nodes=3,160,000,000 tested=1 found=0 n=815129176945824249012075 elapsed=355s
progress: nodes=3,170,000,000 tested=1 found=0 n=565686264264565342802475 elapsed=356s
progress: nodes=3,180,000,000 tested=1 found=0 n=979004835536832675681825 elapsed=357s
progress: nodes=3,190,000,000 tested=1 found=0 n=816900374997584453357925 elapsed=358s
progress: nodes=3,200,000,000 tested=1 found=0 n=605021272721750332294275 elapsed=359s
progress: nodes=3,210,000,000 tested=1 found=0 n=966414736038477039825225 elapsed=360s
progress: nodes=3,220,000,000 tested=1 found=0 n=809215219590552397161825 elapsed=361s
progress: nodes=3,230,000,000 tested=1 found=0 n=859161732221530442208075 elapsed=362s
progress: nodes=3,240,000,000 tested=1 found=0 n=864063514615384517030025 elapsed=363s
progress: nodes=3,250,000,000 tested=1 found=0 n=774597921947400686925075 elapsed=364s
progress: nodes=3,260,000,000 tested=1 found=0 n=930136601171583940766775 elapsed=364s
progress: nodes=3,270,000,000 tested=1 found=0 n=784405824641305393644975 elapsed=365s
progress: nodes=3,280,000,000 tested=1 found=0 n=679919113632262714363725 elapsed=366s
progress: nodes=3,290,000,000 tested=1 found=0 n=772936871818714228207725 elapsed=367s
progress: nodes=3,300,000,000 tested=1 found=0 n=794708329503305615766225 elapsed=368s
progress: nodes=3,310,000,000 tested=1 found=0 n=750414691666382471274975 elapsed=369s
progress: nodes=3,320,000,000 tested=1 found=0 n=899541937174700962310025 elapsed=370s
progress: nodes=3,330,000,000 tested=1 found=0 n=543059374274580056032425 elapsed=371s
progress: nodes=3,340,000,000 tested=1 found=0 n=784368625948083835004775 elapsed=372s
progress: nodes=3,350,000,000 tested=1 found=0 n=909006634024857104654775 elapsed=373s
progress: nodes=3,360,000,000 tested=1 found=0 n=823511558770319333911425 elapsed=374s
progress: nodes=3,370,000,000 tested=1 found=0 n=941288100031230574076025 elapsed=374s
progress: nodes=3,380,000,000 tested=1 found=0 n=878313968132579333601675 elapsed=375s
progress: nodes=3,390,000,000 tested=1 found=0 n=722534273611298392454925 elapsed=376s
progress: nodes=3,400,000,000 tested=1 found=0 n=498521948531214842723775 elapsed=377s
progress: nodes=3,410,000,000 tested=1 found=0 n=989200247393732447062275 elapsed=378s
progress: nodes=3,420,000,000 tested=1 found=0 n=893941017447041401255275 elapsed=379s
progress: nodes=3,430,000,000 tested=1 found=0 n=826051041225812373038925 elapsed=380s
progress: nodes=3,440,000,000 tested=1 found=0 n=960598351501112019728175 elapsed=381s
progress: nodes=3,450,000,000 tested=1 found=0 n=632667636171867401315925 elapsed=382s
progress: nodes=3,460,000,000 tested=1 found=0 n=908614835881537359978975 elapsed=383s
progress: nodes=3,470,000,000 tested=1 found=0 n=683422835954586733101525 elapsed=384s
progress: nodes=3,480,000,000 tested=1 found=0 n=760359452330925171013575 elapsed=385s
progress: nodes=3,490,000,000 tested=1 found=0 n=979462835838017173596525 elapsed=386s
progress: nodes=3,500,000,000 tested=1 found=0 n=781541828153249089072575 elapsed=387s
progress: nodes=3,510,000,000 tested=1 found=0 n=567621141521666373881025 elapsed=387s
progress: nodes=3,520,000,000 tested=1 found=0 n=480426756463345152350175 elapsed=388s
progress: nodes=3,530,000,000 tested=1 found=0 n=781973237972959995673425 elapsed=389s
progress: nodes=3,540,000,000 tested=1 found=0 n=782316749774927204955975 elapsed=390s
progress: nodes=3,550,000,000 tested=1 found=0 n=630285465906082134387525 elapsed=391s
progress: nodes=3,560,000,000 tested=1 found=0 n=492698071074905597648175 elapsed=392s
progress: nodes=3,570,000,000 tested=1 found=0 n=671465354740372602342075 elapsed=393s
progress: nodes=3,580,000,000 tested=1 found=0 n=986972416386030052396275 elapsed=394s
progress: nodes=3,590,000,000 tested=1 found=0 n=853044435114079798922475 elapsed=394s
progress: nodes=3,600,000,000 tested=1 found=0 n=665558254746487039841475 elapsed=395s
progress: nodes=3,610,000,000 tested=1 found=0 n=516195488301932987079675 elapsed=396s
progress: nodes=3,620,000,000 tested=1 found=0 n=883287269369835369028275 elapsed=397s
progress: nodes=3,630,000,000 tested=1 found=0 n=444121129136752538574675 elapsed=398s
progress: nodes=3,640,000,000 tested=1 found=0 n=443662866156964896445575 elapsed=399s
progress: nodes=3,650,000,000 tested=1 found=0 n=927591640827993915784725 elapsed=399s
progress: nodes=3,660,000,000 tested=1 found=0 n=516598878671399933376825 elapsed=400s
progress: nodes=3,670,000,000 tested=1 found=0 n=649696517704987857100425 elapsed=401s
progress: nodes=3,680,000,000 tested=1 found=0 n=918598860207238950779325 elapsed=402s
progress: nodes=3,690,000,000 tested=1 found=0 n=347902506897828347826075 elapsed=403s
progress: nodes=3,700,000,000 tested=1 found=0 n=322143586301167443780825 elapsed=404s
progress: nodes=3,710,000,000 tested=1 found=0 n=614214119808221890096425 elapsed=404s
progress: nodes=3,720,000,000 tested=1 found=0 n=960122286009986314976475 elapsed=405s
progress: nodes=3,730,000,000 tested=1 found=0 n=976388369073521495702325 elapsed=406s
progress: nodes=3,740,000,000 tested=1 found=0 n=489956350824963913422675 elapsed=407s
progress: nodes=3,750,000,000 tested=1 found=0 n=356648477489294408278575 elapsed=408s
progress: nodes=3,760,000,000 tested=1 found=0 n=922219422310767078036825 elapsed=408s
progress: nodes=3,770,000,000 tested=1 found=0 n=407812050866594128336725 elapsed=409s
progress: nodes=3,780,000,000 tested=1 found=0 n=520355331238050405529575 elapsed=410s
progress: nodes=3,790,000,000 tested=1 found=0 n=798116961108759359721225 elapsed=411s
progress: nodes=3,800,000,000 tested=1 found=0 n=177035722999663042311225 elapsed=412s
progress: nodes=3,810,000,000 tested=1 found=0 n=163981749921496824463575 elapsed=412s
progress: nodes=3,820,000,000 tested=1 found=0 n=787862740835601056844075 elapsed=413s
progress: nodes=3,830,000,000 tested=1 found=0 n=944609126033609831362425 elapsed=414s
progress: nodes=3,840,000,000 tested=1 found=0 n=632364489121318498298325 elapsed=415s
progress: nodes=3,850,000,000 tested=1 found=0 n=810880913875857942621075 elapsed=415s
progress: nodes=3,860,000,000 tested=1 found=0 n=808022307201168841535325 elapsed=416s
progress: nodes=3,870,000,000 tested=1 found=0 n=275187096911066577569475 elapsed=417s
progress: nodes=3,880,000,000 tested=1 found=0 n=567847173889576064923725 elapsed=418s
progress: nodes=3,890,000,000 tested=1 found=0 n=956998907596894523714925 elapsed=418s
progress: nodes=3,900,000,000 tested=1 found=0 n=345934917117211999444725 elapsed=419s
progress: nodes=3,910,000,000 tested=1 found=0 n=692193478269001209082725 elapsed=420s
progress: nodes=3,920,000,000 tested=1 found=0 n=697916092552194842865825 elapsed=421s
progress: nodes=3,930,000,000 tested=1 found=0 n=317773698589348143574575 elapsed=422s
progress: nodes=3,940,000,000 tested=1 found=0 n=224827790373496049593425 elapsed=422s
progress: nodes=3,950,000,000 tested=1 found=0 n=969995941718006203368225 elapsed=423s
progress: nodes=3,960,000,000 tested=1 found=0 n=434470310202720236305575 elapsed=424s
progress: nodes=3,970,000,000 tested=1 found=0 n=270655052904509860383225 elapsed=425s
progress: nodes=3,980,000,000 tested=1 found=0 n=346358583018132769001775 elapsed=425s
progress: nodes=3,990,000,000 tested=1 found=0 n=457597328115362481500025 elapsed=426s
progress: nodes=4,000,000,000 tested=1 found=0 n=375917077549194139454925 elapsed=427s
progress: nodes=4,010,000,000 tested=1 found=0 n=640472544919781819141325 elapsed=428s
progress: nodes=4,020,000,000 tested=1 found=0 n=600580748554644539671275 elapsed=428s
progress: nodes=4,030,000,000 tested=1 found=0 n=912691338059935399047225 elapsed=429s
progress: nodes=4,040,000,000 tested=1 found=0 n=644726144736977238624975 elapsed=430s
progress: nodes=4,050,000,000 tested=1 found=0 n=634145029020550125539175 elapsed=431s
progress: nodes=4,060,000,000 tested=1 found=0 n=694854900298614599082825 elapsed=431s
progress: nodes=4,070,000,000 tested=1 found=0 n=358739656783628429455575 elapsed=432s
progress: nodes=4,080,000,000 tested=1 found=0 n=445122321211912438047525 elapsed=433s
progress: nodes=4,090,000,000 tested=1 found=0 n=311863926792164129064825 elapsed=434s
progress: nodes=4,100,000,000 tested=1 found=0 n=781209651277376284402725 elapsed=434s
progress: nodes=4,110,000,000 tested=1 found=0 n=558436700002719947591325 elapsed=435s
progress: nodes=4,120,000,000 tested=1 found=0 n=353316475110967694222325 elapsed=436s
progress: nodes=4,130,000,000 tested=1 found=0 n=407653933442241646199325 elapsed=436s
progress: nodes=4,140,000,000 tested=1 found=0 n=825067274975857144449075 elapsed=437s
progress: nodes=4,150,000,000 tested=1 found=0 n=565818594054215320886925 elapsed=438s
progress: nodes=4,160,000,000 tested=1 found=0 n=667598338616851211759475 elapsed=439s
progress: nodes=4,170,000,000 tested=1 found=0 n=493160288852305372058475 elapsed=439s
progress: nodes=4,180,000,000 tested=1 found=0 n=483648917461279008506925 elapsed=440s
progress: nodes=4,190,000,000 tested=1 found=0 n=200466525647157371198025 elapsed=441s
progress: nodes=4,200,000,000 tested=1 found=0 n=290805791267869181765175 elapsed=442s
progress: nodes=4,210,000,000 tested=1 found=0 n=847758282935938658544975 elapsed=443s
progress: nodes=4,220,000,000 tested=1 found=0 n=602283803224771566895425 elapsed=443s
progress: nodes=4,230,000,000 tested=1 found=0 n=634623886648683075884025 elapsed=444s
progress: nodes=4,240,000,000 tested=1 found=0 n=335136620915774871775725 elapsed=445s
progress: nodes=4,250,000,000 tested=1 found=0 n=398012077829867366397675 elapsed=446s
progress: nodes=4,260,000,000 tested=1 found=0 n=184861987229920118729325 elapsed=447s
progress: nodes=4,270,000,000 tested=1 found=0 n=547174538735505997913025 elapsed=448s
progress: nodes=4,280,000,000 tested=1 found=0 n=524101067920802657924925 elapsed=449s
progress: nodes=4,290,000,000 tested=1 found=0 n=296153262513800857404525 elapsed=450s
progress: nodes=4,300,000,000 tested=1 found=0 n=245189810174766638534925 elapsed=451s
progress: nodes=4,310,000,000 tested=1 found=0 n=614554384965100980660975 elapsed=451s
progress: nodes=4,320,000,000 tested=1 found=0 n=196256532548400845374425 elapsed=452s
progress: nodes=4,330,000,000 tested=1 found=0 n=479670298978702425154275 elapsed=453s
progress: nodes=4,340,000,000 tested=1 found=0 n=492072471153564456859275 elapsed=454s
progress: nodes=4,350,000,000 tested=1 found=0 n=303916493404963848369675 elapsed=455s
progress: nodes=4,360,000,000 tested=1 found=0 n=191756010232785026789475 elapsed=456s
progress: nodes=4,370,000,000 tested=1 found=0 n=402668252986639138066425 elapsed=457s
progress: nodes=4,380,000,000 tested=1 found=0 n=484389347284260199664025 elapsed=458s
progress: nodes=4,390,000,000 tested=1 found=0 n=433185459973356655411275 elapsed=459s
progress: nodes=4,400,000,000 tested=1 found=0 n=347285376975663462432525 elapsed=460s
progress: nodes=4,410,000,000 tested=1 found=0 n=547196231845981075568925 elapsed=461s
progress: nodes=4,420,000,000 tested=1 found=0 n=594200175244086571692675 elapsed=462s
progress: nodes=4,430,000,000 tested=1 found=0 n=517561594475977107738825 elapsed=463s
progress: nodes=4,440,000,000 tested=1 found=0 n=574957422331122908509575 elapsed=464s
progress: nodes=4,450,000,000 tested=1 found=0 n=865023845434338098791425 elapsed=464s
progress: nodes=4,460,000,000 tested=1 found=0 n=998536782561862332799725 elapsed=465s
progress: nodes=4,470,000,000 tested=1 found=0 n=725157097655877846327225 elapsed=466s
progress: nodes=4,480,000,000 tested=1 found=0 n=842951031715193846906175 elapsed=467s
progress: nodes=4,490,000,000 tested=1 found=0 n=684495341412947498030025 elapsed=468s
progress: nodes=4,500,000,000 tested=1 found=0 n=818553298340736638597775 elapsed=469s
progress: nodes=4,510,000,000 tested=1 found=0 n=500686369818200072353275 elapsed=470s
progress: nodes=4,520,000,000 tested=1 found=0 n=562747384458101467042275 elapsed=471s
progress: nodes=4,530,000,000 tested=1 found=0 n=824741211292096291296675 elapsed=472s
progress: nodes=4,540,000,000 tested=1 found=0 n=993120576062049520553325 elapsed=472s
progress: nodes=4,550,000,000 tested=1 found=0 n=841249241258537563055175 elapsed=473s
progress: nodes=4,560,000,000 tested=1 found=0 n=721612970679444250868175 elapsed=474s
progress: nodes=4,570,000,000 tested=1 found=0 n=694314168973007764820925 elapsed=475s
progress: nodes=4,580,000,000 tested=1 found=0 n=720166298851637682233475 elapsed=476s
progress: nodes=4,590,000,000 tested=1 found=0 n=967981457133313012779675 elapsed=477s
progress: nodes=4,600,000,000 tested=1 found=0 n=882466861574629682840775 elapsed=478s
progress: nodes=4,610,000,000 tested=1 found=0 n=778049658333452911488225 elapsed=478s
progress: nodes=4,620,000,000 tested=1 found=0 n=935163805145486578844325 elapsed=479s
progress: nodes=4,630,000,000 tested=1 found=0 n=838718830794121309643325 elapsed=480s
progress: nodes=4,640,000,000 tested=1 found=0 n=548972911556542449222675 elapsed=481s
progress: nodes=4,650,000,000 tested=1 found=0 n=873204808442438211071475 elapsed=482s
progress: nodes=4,660,000,000 tested=1 found=0 n=472759169965301639588025 elapsed=483s
progress: nodes=4,670,000,000 tested=1 found=0 n=757449184716838929347175 elapsed=483s
progress: nodes=4,680,000,000 tested=1 found=0 n=725807631377479079210925 elapsed=484s
progress: nodes=4,690,000,000 tested=1 found=0 n=806513705202258978735525 elapsed=485s
progress: nodes=4,700,000,000 tested=1 found=0 n=954989975664031257017925 elapsed=486s
progress: nodes=4,710,000,000 tested=1 found=0 n=949443222517527199508475 elapsed=487s
progress: nodes=4,720,000,000 tested=1 found=0 n=714776157073510241520525 elapsed=487s
progress: nodes=4,730,000,000 tested=1 found=0 n=809705638335005727132675 elapsed=488s
progress: nodes=4,740,000,000 tested=1 found=0 n=920181909408238330993425 elapsed=489s
progress: nodes=4,750,000,000 tested=1 found=0 n=689644993538126211289275 elapsed=490s
progress: nodes=4,760,000,000 tested=1 found=0 n=540112868829392766539775 elapsed=491s
progress: nodes=4,770,000,000 tested=1 found=0 n=450709184255568316017225 elapsed=491s
progress: nodes=4,780,000,000 tested=1 found=0 n=471736305363612297154575 elapsed=492s
progress: nodes=4,790,000,000 tested=1 found=0 n=709399626112163815889775 elapsed=493s
progress: nodes=4,800,000,000 tested=1 found=0 n=240004691630384394724725 elapsed=494s
progress: nodes=4,810,000,000 tested=1 found=0 n=249481398396773476479975 elapsed=495s
progress: nodes=4,820,000,000 tested=1 found=0 n=368538185271112082944575 elapsed=495s
progress: nodes=4,830,000,000 tested=1 found=0 n=692470848861416958236475 elapsed=496s
progress: nodes=4,840,000,000 tested=1 found=0 n=489710951221956437827425 elapsed=497s
progress: nodes=4,850,000,000 tested=1 found=0 n=227141172043783022421825 elapsed=498s
progress: nodes=4,860,000,000 tested=1 found=0 n=668666330064992643501975 elapsed=499s
progress: nodes=4,870,000,000 tested=1 found=0 n=130010821251223757784225 elapsed=499s
progress: nodes=4,880,000,000 tested=1 found=0 n=400891353429749290926675 elapsed=500s
progress: nodes=4,890,000,000 tested=1 found=0 n=844410072717643722350775 elapsed=501s
progress: nodes=4,900,000,000 tested=1 found=0 n=228800478774297527064825 elapsed=502s
progress: nodes=4,910,000,000 tested=1 found=0 n=923240669012457467518275 elapsed=503s
progress: nodes=4,920,000,000 tested=1 found=0 n=697043722709334441473175 elapsed=503s
progress: nodes=4,930,000,000 tested=1 found=0 n=792632927352296428837725 elapsed=504s
progress: nodes=4,940,000,000 tested=1 found=0 n=284090443310340295639725 elapsed=505s
progress: nodes=4,950,000,000 tested=1 found=0 n=956503369537091524551975 elapsed=506s
progress: nodes=4,960,000,000 tested=1 found=0 n=461299330132036553553825 elapsed=506s
progress: nodes=4,970,000,000 tested=1 found=0 n=793399509032094848029575 elapsed=507s
progress: nodes=4,980,000,000 tested=1 found=0 n=434789258642486325939075 elapsed=508s
progress: nodes=4,990,000,000 tested=1 found=0 n=377034483544511718257475 elapsed=509s
progress: nodes=5,000,000,000 tested=1 found=0 n=404871253344432941169675 elapsed=510s
progress: nodes=5,010,000,000 tested=1 found=0 n=502178029995879403848825 elapsed=510s
progress: nodes=5,020,000,000 tested=1 found=0 n=717839877143979381245025 elapsed=511s
progress: nodes=5,030,000,000 tested=1 found=0 n=548746601028893484885525 elapsed=512s
progress: nodes=5,040,000,000 tested=1 found=0 n=634599902550005940587325 elapsed=513s
progress: nodes=5,050,000,000 tested=1 found=0 n=340977094916741384383425 elapsed=513s
progress: nodes=5,060,000,000 tested=1 found=0 n=120722803724838810484275 elapsed=514s
progress: nodes=5,070,000,000 tested=1 found=0 n=479073168455398949900325 elapsed=515s
progress: nodes=5,080,000,000 tested=1 found=0 n=618825765593444567418975 elapsed=515s
progress: nodes=5,090,000,000 tested=1 found=0 n=274907864781762810730275 elapsed=516s
progress: nodes=5,100,000,000 tested=1 found=0 n=447099453887473239856575 elapsed=517s
progress: nodes=5,110,000,000 tested=1 found=0 n=380697742709076922089675 elapsed=518s
progress: nodes=5,120,000,000 tested=1 found=0 n=342187725057961893599775 elapsed=518s
progress: nodes=5,130,000,000 tested=1 found=0 n=303765469098802687236975 elapsed=519s
progress: nodes=5,140,000,000 tested=1 found=0 n=368782320911502922291725 elapsed=520s
progress: nodes=5,150,000,000 tested=1 found=0 n=550233892813864764637275 elapsed=521s
progress: nodes=5,160,000,000 tested=1 found=0 n=340170173480718500129925 elapsed=521s
progress: nodes=5,170,000,000 tested=1 found=0 n=432681960754854053303775 elapsed=522s
progress: nodes=5,180,000,000 tested=1 found=0 n=399256364633152877597175 elapsed=523s
progress: nodes=5,190,000,000 tested=1 found=0 n=492024102294539992330725 elapsed=523s
progress: nodes=5,200,000,000 tested=1 found=0 n=315030188725631964724425 elapsed=524s
progress: nodes=5,210,000,000 tested=1 found=0 n=392521794440565936099525 elapsed=525s
progress: nodes=5,220,000,000 tested=1 found=0 n=883437541454538832250775 elapsed=525s
progress: nodes=5,230,000,000 tested=1 found=0 n=345979457143423225754775 elapsed=526s
progress: nodes=5,240,000,000 tested=1 found=0 n=504470226895124008908675 elapsed=527s
progress: nodes=5,250,000,000 tested=1 found=0 n=480415193179022052033225 elapsed=528s
progress: nodes=5,260,000,000 tested=1 found=0 n=498935016005708795659575 elapsed=528s
progress: nodes=5,270,000,000 tested=1 found=0 n=314096659953106711169775 elapsed=529s
progress: nodes=5,280,000,000 tested=1 found=0 n=273907255122421375444275 elapsed=530s
progress: nodes=5,290,000,000 tested=1 found=0 n=560279569620541708970175 elapsed=531s
progress: nodes=5,300,000,000 tested=1 found=0 n=148162257746920811833725 elapsed=531s
progress: nodes=5,310,000,000 tested=1 found=0 n=817336494621026902976025 elapsed=532s
progress: nodes=5,320,000,000 tested=1 found=0 n=324969803549810433417975 elapsed=533s
progress: nodes=5,330,000,000 tested=1 found=0 n=777636130545854723361075 elapsed=534s
progress: nodes=5,340,000,000 tested=1 found=0 n=333590851340300619468975 elapsed=534s
progress: nodes=5,350,000,000 tested=1 found=0 n=594522126309111949709475 elapsed=535s
progress: nodes=5,360,000,000 tested=1 found=0 n=201127146132242582033925 elapsed=536s
progress: nodes=5,370,000,000 tested=1 found=0 n=231627147382107281172225 elapsed=537s
progress: nodes=5,380,000,000 tested=1 found=0 n=226032397547177829003825 elapsed=538s
progress: nodes=5,390,000,000 tested=1 found=0 n=368328460641217673786475 elapsed=539s
progress: nodes=5,400,000,000 tested=1 found=0 n=458401226359686044367075 elapsed=540s
progress: nodes=5,410,000,000 tested=1 found=0 n=372057335371973727665475 elapsed=541s
progress: nodes=5,420,000,000 tested=1 found=0 n=528468674696573994336525 elapsed=542s
progress: nodes=5,430,000,000 tested=1 found=0 n=557120721929930713923225 elapsed=543s
progress: nodes=5,440,000,000 tested=1 found=0 n=421714427775543952967775 elapsed=543s
progress: nodes=5,450,000,000 tested=1 found=0 n=535947341076605460320175 elapsed=544s
progress: nodes=5,460,000,000 tested=1 found=0 n=481564331096370153800025 elapsed=545s
progress: nodes=5,470,000,000 tested=1 found=0 n=430601576242396589948775 elapsed=546s
progress: nodes=5,480,000,000 tested=1 found=0 n=454539671739423979276425 elapsed=547s
progress: nodes=5,490,000,000 tested=1 found=0 n=440817049207214973675525 elapsed=548s
progress: nodes=5,500,000,000 tested=1 found=0 n=537019911136781360670525 elapsed=549s
progress: nodes=5,510,000,000 tested=1 found=0 n=524558650159245001839825 elapsed=550s
progress: nodes=5,520,000,000 tested=1 found=0 n=579859736693700553050675 elapsed=551s
progress: nodes=5,530,000,000 tested=1 found=0 n=785400974480193473763075 elapsed=552s
progress: nodes=5,540,000,000 tested=1 found=0 n=949413368049372325445775 elapsed=553s
progress: nodes=5,550,000,000 tested=1 found=0 n=873481185951847922731425 elapsed=554s
progress: nodes=5,560,000,000 tested=1 found=0 n=846519089269213012985475 elapsed=554s
progress: nodes=5,570,000,000 tested=1 found=0 n=993836858417661327358575 elapsed=555s
progress: nodes=5,580,000,000 tested=1 found=0 n=948548090464114308071475 elapsed=556s
progress: nodes=5,590,000,000 tested=1 found=0 n=665592693783687830149275 elapsed=557s
progress: nodes=5,600,000,000 tested=1 found=0 n=761520735764478158565525 elapsed=558s
progress: nodes=5,610,000,000 tested=1 found=0 n=649843082840101209098325 elapsed=558s
progress: nodes=5,620,000,000 tested=1 found=0 n=544061646699859100809425 elapsed=559s
progress: nodes=5,630,000,000 tested=1 found=0 n=890411351862534538146825 elapsed=560s
progress: nodes=5,640,000,000 tested=1 found=0 n=713363384421378856919325 elapsed=561s
progress: nodes=5,650,000,000 tested=1 found=0 n=786533516141509599273525 elapsed=561s
progress: nodes=5,660,000,000 tested=1 found=0 n=416222618193649747419225 elapsed=562s
progress: nodes=5,670,000,000 tested=1 found=0 n=615455215270609737083775 elapsed=563s
progress: nodes=5,680,000,000 tested=1 found=0 n=944054588166904487355225 elapsed=564s
progress: nodes=5,690,000,000 tested=1 found=0 n=203197265324702224214925 elapsed=564s
progress: nodes=5,700,000,000 tested=1 found=0 n=898163887662085663229325 elapsed=565s
progress: nodes=5,710,000,000 tested=1 found=0 n=794249809784328373379475 elapsed=566s
progress: nodes=5,720,000,000 tested=1 found=0 n=356048144478373776396825 elapsed=566s
progress: nodes=5,730,000,000 tested=1 found=0 n=664438796428881438532425 elapsed=567s
progress: nodes=5,740,000,000 tested=1 found=0 n=949433031162019399248825 elapsed=568s
progress: nodes=5,750,000,000 tested=1 found=0 n=886886889941290268884425 elapsed=569s
progress: nodes=5,760,000,000 tested=1 found=0 n=188417044048485255850275 elapsed=569s
progress: nodes=5,770,000,000 tested=1 found=0 n=401166256656435796522425 elapsed=570s
progress: nodes=5,780,000,000 tested=1 found=0 n=874547810864162853636075 elapsed=571s
progress: nodes=5,790,000,000 tested=1 found=0 n=168506028751381611136275 elapsed=571s
progress: nodes=5,800,000,000 tested=1 found=0 n=308512370431161223931175 elapsed=572s
progress: nodes=5,810,000,000 tested=1 found=0 n=709618154361608512760025 elapsed=573s
progress: nodes=5,820,000,000 tested=1 found=0 n=586927169231570543493975 elapsed=573s
progress: nodes=5,830,000,000 tested=1 found=0 n=142047542205813314080725 elapsed=574s
progress: nodes=5,840,000,000 tested=1 found=0 n=243652119059249086189575 elapsed=575s
progress: nodes=5,850,000,000 tested=1 found=0 n=134009124915078097981725 elapsed=575s
progress: nodes=5,860,000,000 tested=1 found=0 n=706319711518586744339475 elapsed=576s
progress: nodes=5,870,000,000 tested=1 found=0 n=263213602746722139873075 elapsed=577s
progress: nodes=5,880,000,000 tested=1 found=0 n=664779906276952579080825 elapsed=577s
progress: nodes=5,890,000,000 tested=1 found=0 n=619642460935466324466825 elapsed=578s
progress: nodes=5,900,000,000 tested=1 found=0 n=470083181113373866220325 elapsed=579s
progress: nodes=5,910,000,000 tested=1 found=0 n=695295661239551710048425 elapsed=579s
progress: nodes=5,920,000,000 tested=1 found=0 n=563475124819375034226675 elapsed=580s
progress: nodes=5,930,000,000 tested=1 found=0 n=214411446077510698205475 elapsed=581s
progress: nodes=5,940,000,000 tested=1 found=0 n=699341040224542415238825 elapsed=581s
progress: nodes=5,950,000,000 tested=1 found=0 n=767355793595547323814075 elapsed=582s
progress: nodes=5,960,000,000 tested=1 found=0 n=462323001164761742265975 elapsed=582s
progress: nodes=5,970,000,000 tested=1 found=0 n=576237315134872796787525 elapsed=583s
progress: nodes=5,980,000,000 tested=1 found=0 n=767543372535345172198575 elapsed=584s
progress: nodes=5,990,000,000 tested=1 found=0 n=473441519834245069203525 elapsed=584s
progress: nodes=6,000,000,000 tested=1 found=0 n=599013423401800658254575 elapsed=585s
progress: nodes=6,010,000,000 tested=1 found=0 n=471973095830946610854525 elapsed=586s
progress: nodes=6,020,000,000 tested=1 found=0 n=991217628354012721243725 elapsed=586s
progress: nodes=6,030,000,000 tested=1 found=0 n=399976450650992145784425 elapsed=587s
progress: nodes=6,040,000,000 tested=1 found=0 n=324832552377595587929175 elapsed=587s
progress: nodes=6,050,000,000 tested=1 found=0 n=944922500211606262299525 elapsed=588s
progress: nodes=6,060,000,000 tested=1 found=0 n=670445746354295210409825 elapsed=589s
progress: nodes=6,070,000,000 tested=1 found=0 n=464003719450150781948475 elapsed=589s
progress: nodes=6,080,000,000 tested=1 found=0 n=597275539908739881478575 elapsed=590s
progress: nodes=6,090,000,000 tested=1 found=0 n=391531143657333311592675 elapsed=590s
progress: nodes=6,100,000,000 tested=1 found=0 n=544378965236025019096425 elapsed=591s
progress: nodes=6,110,000,000 tested=1 found=0 n=416514178729510857642075 elapsed=592s
progress: nodes=6,120,000,000 tested=1 found=0 n=661178270795299730905575 elapsed=592s
progress: nodes=6,130,000,000 tested=1 found=0 n=435916300479578069697975 elapsed=593s
progress: nodes=6,140,000,000 tested=1 found=0 n=172567368560859755114775 elapsed=593s
progress: nodes=6,150,000,000 tested=1 found=0 n=525170062008388070263275 elapsed=594s
progress: nodes=6,160,000,000 tested=1 found=0 n=559660280413913337848475 elapsed=595s
progress: nodes=6,170,000,000 tested=1 found=0 n=366013421270169109340475 elapsed=595s
progress: nodes=6,180,000,000 tested=1 found=0 n=326459073686082260040975 elapsed=596s
progress: nodes=6,190,000,000 tested=1 found=0 n=430685808447677646660225 elapsed=596s
progress: nodes=6,200,000,000 tested=1 found=0 n=476490079261973139802725 elapsed=597s
progress: nodes=6,210,000,000 tested=1 found=0 n=281349152917691598521925 elapsed=597s
progress: nodes=6,220,000,000 tested=1 found=0 n=591064291331489644608225 elapsed=598s
progress: nodes=6,230,000,000 tested=1 found=0 n=406560551362330572196275 elapsed=599s
progress: nodes=6,240,000,000 tested=1 found=0 n=409825708226135723625675 elapsed=599s
progress: nodes=6,250,000,000 tested=1 found=0 n=330545563604704015886175 elapsed=600s
progress: nodes=6,260,000,000 tested=1 found=0 n=334331854857559539841575 elapsed=600s
progress: nodes=6,270,000,000 tested=1 found=0 n=349858282769841882389925 elapsed=601s
progress: nodes=6,280,000,000 tested=1 found=0 n=195379727127260657091825 elapsed=602s
progress: nodes=6,290,000,000 tested=1 found=0 n=199373363973971918048175 elapsed=602s
progress: nodes=6,300,000,000 tested=1 found=0 n=598340143577029358151075 elapsed=603s
progress: nodes=6,310,000,000 tested=1 found=0 n=68726094329201688189525 elapsed=603s
progress: nodes=6,320,000,000 tested=1 found=0 n=281380178048215136501325 elapsed=604s
progress: nodes=6,330,000,000 tested=1 found=0 n=261864472695818061916275 elapsed=605s
progress: nodes=6,340,000,000 tested=1 found=0 n=396395221362125996514075 elapsed=605s
progress: nodes=6,350,000,000 tested=1 found=0 n=755449170265971090527475 elapsed=606s
progress: nodes=6,360,000,000 tested=1 found=0 n=433310149370014656908025 elapsed=606s
progress: nodes=6,370,000,000 tested=1 found=0 n=316624983950199469040925 elapsed=607s
progress: nodes=6,380,000,000 tested=1 found=0 n=400307771996447646785025 elapsed=608s
progress: nodes=6,390,000,000 tested=1 found=0 n=256646489184103698032925 elapsed=608s
progress: nodes=6,400,000,000 tested=1 found=0 n=141252306195311635692225 elapsed=609s
progress: nodes=6,410,000,000 tested=1 found=0 n=344656841244433739231925 elapsed=610s
progress: nodes=6,420,000,000 tested=1 found=0 n=304370365900701927137025 elapsed=610s
progress: nodes=6,430,000,000 tested=1 found=0 n=312482491668999840291675 elapsed=611s
progress: nodes=6,440,000,000 tested=1 found=0 n=328980842609425123871325 elapsed=612s
progress: nodes=6,450,000,000 tested=1 found=0 n=333886863113086474437675 elapsed=613s
progress: nodes=6,460,000,000 tested=1 found=0 n=268532611694993511369075 elapsed=613s
progress: nodes=6,470,000,000 tested=1 found=0 n=289456724477399323812825 elapsed=614s
progress: nodes=6,480,000,000 tested=1 found=0 n=281508780699577074812025 elapsed=615s
progress: nodes=6,490,000,000 tested=1 found=0 n=343249875228514563169575 elapsed=616s
progress: nodes=6,500,000,000 tested=1 found=0 n=6290856218309784274725 elapsed=617s
progress: nodes=6,510,000,000 tested=1 found=0 n=895356921576033153548025 elapsed=618s
progress: nodes=6,520,000,000 tested=1 found=0 n=881877333770058686978775 elapsed=619s
progress: nodes=6,530,000,000 tested=1 found=0 n=637162162439422947766725 elapsed=620s
progress: nodes=6,540,000,000 tested=1 found=0 n=322900085108133258908325 elapsed=621s
progress: nodes=6,550,000,000 tested=1 found=0 n=852972224727364000469925 elapsed=622s
progress: nodes=6,560,000,000 tested=1 found=0 n=798921638372980908496425 elapsed=623s
progress: nodes=6,570,000,000 tested=1 found=0 n=788871912966091044529725 elapsed=624s
progress: nodes=6,580,000,000 tested=1 found=0 n=629773179911473116915825 elapsed=624s
progress: nodes=6,590,000,000 tested=1 found=0 n=843347370576204307231275 elapsed=625s
progress: nodes=6,600,000,000 tested=1 found=0 n=889176781258227874151025 elapsed=626s
progress: nodes=6,610,000,000 tested=1 found=0 n=784753531743476694688575 elapsed=627s
progress: nodes=6,620,000,000 tested=1 found=0 n=729058220113865126424225 elapsed=627s
progress: nodes=6,630,000,000 tested=1 found=0 n=938264134472311227749025 elapsed=628s
progress: nodes=6,640,000,000 tested=1 found=0 n=973230693563327598838725 elapsed=629s
progress: nodes=6,650,000,000 tested=1 found=0 n=275967498545398913285175 elapsed=630s
progress: nodes=6,660,000,000 tested=1 found=0 n=888218927716798081607775 elapsed=630s
progress: nodes=6,670,000,000 tested=1 found=0 n=550774222089121016532975 elapsed=631s
progress: nodes=6,680,000,000 tested=1 found=0 n=584251681475869113960825 elapsed=632s
progress: nodes=6,690,000,000 tested=1 found=0 n=370965070286152883873475 elapsed=633s
progress: nodes=6,700,000,000 tested=1 found=0 n=252394985407977096581325 elapsed=633s
progress: nodes=6,710,000,000 tested=1 found=0 n=556319528299579651238775 elapsed=634s
progress: nodes=6,720,000,000 tested=1 found=0 n=848634345371930072916675 elapsed=635s
progress: nodes=6,730,000,000 tested=1 found=0 n=483589199844519554846775 elapsed=635s
progress: nodes=6,740,000,000 tested=1 found=0 n=773108198918782188065175 elapsed=636s
progress: nodes=6,750,000,000 tested=1 found=0 n=567202982448068617482975 elapsed=637s
progress: nodes=6,760,000,000 tested=1 found=0 n=889421518195986123315825 elapsed=637s
progress: nodes=6,770,000,000 tested=1 found=0 n=617424764636385435090075 elapsed=638s
progress: nodes=6,780,000,000 tested=1 found=0 n=427158620099278216653075 elapsed=639s
progress: nodes=6,790,000,000 tested=1 found=0 n=670703159427033559365825 elapsed=639s
progress: nodes=6,800,000,000 tested=1 found=0 n=112086439682746493132025 elapsed=640s
progress: nodes=6,810,000,000 tested=1 found=0 n=328550789209430425219725 elapsed=640s
progress: nodes=6,820,000,000 tested=1 found=0 n=352986093581931997719675 elapsed=641s
progress: nodes=6,830,000,000 tested=1 found=0 n=680880902486689304067525 elapsed=642s
progress: nodes=6,840,000,000 tested=1 found=0 n=301967040559186761297825 elapsed=642s
progress: nodes=6,850,000,000 tested=1 found=0 n=526835074104290513915925 elapsed=643s
progress: nodes=6,860,000,000 tested=1 found=0 n=223598548841639811207225 elapsed=643s
progress: nodes=6,870,000,000 tested=1 found=0 n=733505668886074656761475 elapsed=644s
progress: nodes=6,880,000,000 tested=1 found=0 n=670015566507334188323325 elapsed=645s
progress: nodes=6,890,000,000 tested=1 found=0 n=428652171664490175906075 elapsed=645s
progress: nodes=6,900,000,000 tested=1 found=0 n=309042064119037650697725 elapsed=646s
progress: nodes=6,910,000,000 tested=1 found=0 n=302040592103581835457525 elapsed=646s
progress: nodes=6,920,000,000 tested=1 found=0 n=583165127026395727209825 elapsed=647s
progress: nodes=6,930,000,000 tested=1 found=0 n=400614854783595921300975 elapsed=648s
progress: nodes=6,940,000,000 tested=1 found=0 n=406494699762254713499175 elapsed=648s
progress: nodes=6,950,000,000 tested=1 found=0 n=465942466567395523852575 elapsed=649s
progress: nodes=6,960,000,000 tested=1 found=0 n=385618662647759828934075 elapsed=649s
progress: nodes=6,970,000,000 tested=1 found=0 n=576799594158582326649975 elapsed=650s
progress: nodes=6,980,000,000 tested=1 found=0 n=637779238149516017958975 elapsed=651s
progress: nodes=6,990,000,000 tested=1 found=0 n=418611479648964576020475 elapsed=651s
progress: nodes=7,000,000,000 tested=1 found=0 n=449690484736078054787175 elapsed=652s
progress: nodes=7,010,000,000 tested=1 found=0 n=766668199251823468539225 elapsed=652s
progress: nodes=7,020,000,000 tested=1 found=0 n=319977354367627778432325 elapsed=653s
progress: nodes=7,030,000,000 tested=1 found=0 n=636914884764900311652225 elapsed=653s
progress: nodes=7,040,000,000 tested=1 found=0 n=443103044196076276895025 elapsed=654s
progress: nodes=7,050,000,000 tested=1 found=0 n=601930313892089953903275 elapsed=655s
progress: nodes=7,060,000,000 tested=1 found=0 n=939324685205653387179825 elapsed=655s
progress: nodes=7,070,000,000 tested=1 found=0 n=366694090690182434032425 elapsed=656s
progress: nodes=7,080,000,000 tested=1 found=0 n=449506556701104695052975 elapsed=656s
progress: nodes=7,090,000,000 tested=1 found=0 n=446825838612703761000075 elapsed=657s
progress: nodes=7,100,000,000 tested=1 found=0 n=441652501385975922674775 elapsed=657s
progress: nodes=7,110,000,000 tested=1 found=0 n=108455696338552841024175 elapsed=658s
progress: nodes=7,120,000,000 tested=1 found=0 n=176763003885564238438725 elapsed=658s
progress: nodes=7,130,000,000 tested=1 found=0 n=311382808355165651107575 elapsed=659s
progress: nodes=7,140,000,000 tested=1 found=0 n=397729323436126004219325 elapsed=660s
progress: nodes=7,150,000,000 tested=1 found=0 n=189693114794336403789825 elapsed=660s
progress: nodes=7,160,000,000 tested=1 found=0 n=346204674001877506755225 elapsed=661s
progress: nodes=7,170,000,000 tested=1 found=0 n=352600686044253349055925 elapsed=661s
progress: nodes=7,180,000,000 tested=1 found=0 n=348866893772324802828525 elapsed=662s
progress: nodes=7,190,000,000 tested=1 found=0 n=694309335900884721378075 elapsed=662s
progress: nodes=7,200,000,000 tested=1 found=0 n=307866700521938747721675 elapsed=663s
progress: nodes=7,210,000,000 tested=1 found=0 n=355647598331125646649675 elapsed=663s
progress: nodes=7,220,000,000 tested=1 found=0 n=716251309831796411683725 elapsed=664s
progress: nodes=7,230,000,000 tested=1 found=0 n=278845130950510591863825 elapsed=665s
progress: nodes=7,240,000,000 tested=1 found=0 n=215535740007642757956825 elapsed=665s
progress: nodes=7,250,000,000 tested=1 found=0 n=121653931452188636347275 elapsed=666s
progress: nodes=7,260,000,000 tested=1 found=0 n=308069951813563932338775 elapsed=666s
progress: nodes=7,270,000,000 tested=1 found=0 n=331010318688514714080975 elapsed=667s
progress: nodes=7,280,000,000 tested=1 found=0 n=180749284867421179520325 elapsed=667s
progress: nodes=7,290,000,000 tested=1 found=0 n=96201678700352370577575 elapsed=668s
progress: nodes=7,300,000,000 tested=1 found=0 n=596112021776878816412775 elapsed=668s
progress: nodes=7,310,000,000 tested=1 found=0 n=294416414822024806943775 elapsed=669s
progress: nodes=7,320,000,000 tested=1 found=0 n=217821552262561105705275 elapsed=670s
progress: nodes=7,330,000,000 tested=1 found=0 n=124865808101376751491225 elapsed=670s
progress: nodes=7,340,000,000 tested=1 found=0 n=234770660770173121533225 elapsed=671s
progress: nodes=7,350,000,000 tested=1 found=0 n=87589930973659458211725 elapsed=671s
progress: nodes=7,360,000,000 tested=1 found=0 n=222337954710940630429725 elapsed=672s
progress: nodes=7,370,000,000 tested=1 found=0 n=138701572054456608579525 elapsed=673s
progress: nodes=7,380,000,000 tested=1 found=0 n=310598832612555361778475 elapsed=673s
progress: nodes=7,390,000,000 tested=1 found=0 n=254980596507096943593825 elapsed=674s
progress: nodes=7,400,000,000 tested=1 found=0 n=206883960478423737870075 elapsed=675s
progress: nodes=7,410,000,000 tested=1 found=0 n=253912677875844319578675 elapsed=676s
progress: nodes=7,420,000,000 tested=1 found=0 n=192267799919859921360675 elapsed=677s
progress: nodes=7,430,000,000 tested=1 found=0 n=238084715891981451947025 elapsed=678s
progress: nodes=7,440,000,000 tested=1 found=0 n=952848214766610516064425 elapsed=679s
progress: nodes=7,450,000,000 tested=1 found=0 n=472624828973236690382775 elapsed=679s
progress: nodes=7,460,000,000 tested=1 found=0 n=689247549390809458517325 elapsed=680s
progress: nodes=7,470,000,000 tested=1 found=0 n=618009655349733765164475 elapsed=681s
progress: nodes=7,480,000,000 tested=1 found=0 n=325051614160760711613675 elapsed=682s
progress: nodes=7,490,000,000 tested=1 found=0 n=682360682529069509705025 elapsed=683s
progress: nodes=7,500,000,000 tested=1 found=0 n=459469441899104722896525 elapsed=683s
progress: nodes=7,510,000,000 tested=1 found=0 n=985298099464797595909575 elapsed=684s
progress: nodes=7,520,000,000 tested=1 found=0 n=452438058879607688777175 elapsed=685s
progress: nodes=7,530,000,000 tested=1 found=0 n=712329178286052866671275 elapsed=686s
progress: nodes=7,540,000,000 tested=1 found=0 n=923588109812534033428275 elapsed=686s
progress: nodes=7,550,000,000 tested=1 found=0 n=547841029213756767306675 elapsed=687s
progress: nodes=7,560,000,000 tested=1 found=0 n=514120448344236280757925 elapsed=688s
progress: nodes=7,570,000,000 tested=1 found=0 n=864214575575202419256975 elapsed=688s
progress: nodes=7,580,000,000 tested=1 found=0 n=858962253745747876907325 elapsed=689s
progress: nodes=7,590,000,000 tested=1 found=0 n=544711963435015154096175 elapsed=690s
progress: nodes=7,600,000,000 tested=1 found=0 n=661905113803804285797525 elapsed=690s
progress: nodes=7,610,000,000 tested=1 found=0 n=850830261427017043211325 elapsed=691s
progress: nodes=7,620,000,000 tested=1 found=0 n=387118316019028217792025 elapsed=692s
progress: nodes=7,630,000,000 tested=1 found=0 n=715964829229120928038725 elapsed=692s
progress: nodes=7,640,000,000 tested=1 found=0 n=377944288870173223330275 elapsed=693s
progress: nodes=7,650,000,000 tested=1 found=0 n=325684304215071345075675 elapsed=694s
progress: nodes=7,660,000,000 tested=1 found=0 n=713235967670047224106275 elapsed=694s
progress: nodes=7,670,000,000 tested=1 found=0 n=624867998540910970313325 elapsed=695s
progress: nodes=7,680,000,000 tested=1 found=0 n=759717107437090789368525 elapsed=696s
progress: nodes=7,690,000,000 tested=1 found=0 n=288842170983056287729275 elapsed=696s
progress: nodes=7,700,000,000 tested=1 found=0 n=530956014274612474880475 elapsed=697s
progress: nodes=7,710,000,000 tested=1 found=0 n=734596477085663957525475 elapsed=697s
progress: nodes=7,720,000,000 tested=1 found=0 n=593651631749019498165225 elapsed=698s
progress: nodes=7,730,000,000 tested=1 found=0 n=877682277369032858933925 elapsed=699s
progress: nodes=7,740,000,000 tested=1 found=0 n=215819851895257908344475 elapsed=699s
progress: nodes=7,750,000,000 tested=1 found=0 n=481484177096564060486925 elapsed=700s
progress: nodes=7,760,000,000 tested=1 found=0 n=527413363523527560983475 elapsed=700s
progress: nodes=7,770,000,000 tested=1 found=0 n=422176937550615251872725 elapsed=701s
progress: nodes=7,780,000,000 tested=1 found=0 n=425223326526592132399575 elapsed=701s
progress: nodes=7,790,000,000 tested=1 found=0 n=482968437083984477672475 elapsed=702s
progress: nodes=7,800,000,000 tested=1 found=0 n=534570888952120740366075 elapsed=703s
progress: nodes=7,810,000,000 tested=1 found=0 n=906375385493822781504825 elapsed=703s
progress: nodes=7,820,000,000 tested=1 found=0 n=105455532757803662802225 elapsed=704s
progress: nodes=7,830,000,000 tested=1 found=0 n=784247240398722298351725 elapsed=704s
progress: nodes=7,840,000,000 tested=1 found=0 n=156892247136413675826225 elapsed=705s
progress: nodes=7,850,000,000 tested=1 found=0 n=855800277163824680355525 elapsed=705s
progress: nodes=7,860,000,000 tested=1 found=0 n=174707402807506899447975 elapsed=706s
progress: nodes=7,870,000,000 tested=1 found=0 n=173193981918810686444325 elapsed=706s
progress: nodes=7,880,000,000 tested=1 found=0 n=427468322648411289992175 elapsed=707s
progress: nodes=7,890,000,000 tested=1 found=0 n=376097506435684012046925 elapsed=708s
progress: nodes=7,900,000,000 tested=1 found=0 n=704513338488630321082575 elapsed=708s
progress: nodes=7,910,000,000 tested=1 found=0 n=163447518099274705692825 elapsed=709s
progress: nodes=7,920,000,000 tested=1 found=0 n=180742239225194865922275 elapsed=709s
progress: nodes=7,930,000,000 tested=1 found=0 n=229219428720589683422475 elapsed=710s
progress: nodes=7,940,000,000 tested=1 found=0 n=491608315037987925931725 elapsed=710s
progress: nodes=7,950,000,000 tested=1 found=0 n=115801007657605695721725 elapsed=711s
progress: nodes=7,960,000,000 tested=1 found=0 n=355697463614301519292725 elapsed=711s
progress: nodes=7,970,000,000 tested=1 found=0 n=237507051141697036203075 elapsed=712s
progress: nodes=7,980,000,000 tested=1 found=0 n=129188431644255455589975 elapsed=712s
progress: nodes=7,990,000,000 tested=1 found=0 n=261351423694147495490925 elapsed=713s
progress: nodes=8,000,000,000 tested=1 found=0 n=183550550659373370212025 elapsed=713s
progress: nodes=8,010,000,000 tested=1 found=0 n=318953231812949920189575 elapsed=714s
progress: nodes=8,020,000,000 tested=1 found=0 n=295215015478184854048425 elapsed=714s
progress: nodes=8,030,000,000 tested=1 found=0 n=482137015852059272808675 elapsed=715s
progress: nodes=8,040,000,000 tested=1 found=0 n=261002255657318916494325 elapsed=715s
progress: nodes=8,050,000,000 tested=1 found=0 n=159972360794416084103475 elapsed=716s
progress: nodes=8,060,000,000 tested=1 found=0 n=107987474460444898165275 elapsed=716s
progress: nodes=8,070,000,000 tested=1 found=0 n=204927198795924735476775 elapsed=717s
progress: nodes=8,080,000,000 tested=1 found=0 n=232565662686221092617675 elapsed=718s
progress: nodes=8,090,000,000 tested=1 found=0 n=50448963581646514137825 elapsed=718s
progress: nodes=8,100,000,000 tested=1 found=0 n=605375304791984614526925 elapsed=719s
progress: nodes=8,110,000,000 tested=1 found=0 n=941698222441639043742075 elapsed=719s
progress: nodes=8,120,000,000 tested=1 found=0 n=930785372306060824056075 elapsed=720s
progress: nodes=8,130,000,000 tested=1 found=0 n=861409979670076277587575 elapsed=720s
progress: nodes=8,140,000,000 tested=1 found=0 n=90626496800270959317075 elapsed=721s
progress: nodes=8,150,000,000 tested=1 found=0 n=286637295425840203962975 elapsed=721s
progress: nodes=8,160,000,000 tested=1 found=0 n=250242233623409300012025 elapsed=722s
progress: nodes=8,170,000,000 tested=1 found=0 n=257531952025577604235575 elapsed=722s
progress: nodes=8,180,000,000 tested=1 found=0 n=135445844906616731197425 elapsed=723s
progress: nodes=8,190,000,000 tested=1 found=0 n=408474183444128072088675 elapsed=723s
progress: nodes=8,200,000,000 tested=1 found=0 n=269294641191047105751975 elapsed=724s
progress: nodes=8,210,000,000 tested=1 found=0 n=124284935689060514607525 elapsed=724s
progress: nodes=8,220,000,000 tested=1 found=0 n=130063230170667561478425 elapsed=725s
progress: nodes=8,230,000,000 tested=1 found=0 n=170597390072352990500325 elapsed=725s
progress: nodes=8,240,000,000 tested=1 found=0 n=216959060497159224955425 elapsed=726s
progress: nodes=8,250,000,000 tested=1 found=0 n=254104409654610450689325 elapsed=727s
progress: nodes=8,260,000,000 tested=1 found=0 n=194837000567662900793775 elapsed=727s
progress: nodes=8,270,000,000 tested=1 found=0 n=233517106875462336937725 elapsed=728s
progress: nodes=8,280,000,000 tested=1 found=0 n=215689449766478304720675 elapsed=728s
progress: nodes=8,290,000,000 tested=1 found=0 n=187726144793785900870425 elapsed=729s
progress: nodes=8,300,000,000 tested=1 found=0 n=234772858106362816093425 elapsed=730s
progress: nodes=8,310,000,000 tested=1 found=0 n=19183983056996381985075 elapsed=731s
progress: nodes=8,320,000,000 tested=1 found=0 n=684019642867103921781975 elapsed=732s
progress: nodes=8,330,000,000 tested=1 found=0 n=501696557402833685639175 elapsed=732s
progress: nodes=8,340,000,000 tested=1 found=0 n=446754019798257682400175 elapsed=733s
progress: nodes=8,350,000,000 tested=1 found=0 n=839287081110827702292225 elapsed=734s
progress: nodes=8,360,000,000 tested=1 found=0 n=803820631855093748513475 elapsed=735s
progress: nodes=8,370,000,000 tested=1 found=0 n=702657803683827824000025 elapsed=735s
progress: nodes=8,380,000,000 tested=1 found=0 n=848185561456055390557275 elapsed=736s
progress: nodes=8,390,000,000 tested=1 found=0 n=433629638307609023848425 elapsed=737s
progress: nodes=8,400,000,000 tested=1 found=0 n=949937505538306376187525 elapsed=737s
progress: nodes=8,410,000,000 tested=1 found=0 n=314947551224545453961175 elapsed=738s
progress: nodes=8,420,000,000 tested=1 found=0 n=517309854323450365716825 elapsed=739s
progress: nodes=8,430,000,000 tested=1 found=0 n=868084067693487525126675 elapsed=739s
progress: nodes=8,440,000,000 tested=1 found=0 n=771774878400686375068425 elapsed=740s
progress: nodes=8,450,000,000 tested=1 found=0 n=903952729559215337612325 elapsed=741s
progress: nodes=8,460,000,000 tested=1 found=0 n=154155418351668503387475 elapsed=741s
progress: nodes=8,470,000,000 tested=1 found=0 n=805504964841456282749775 elapsed=742s
progress: nodes=8,480,000,000 tested=1 found=0 n=930808720335226288766925 elapsed=743s
progress: nodes=8,490,000,000 tested=1 found=0 n=749292741450652928496825 elapsed=743s
progress: nodes=8,500,000,000 tested=1 found=0 n=639898117967775857479575 elapsed=744s
progress: nodes=8,510,000,000 tested=1 found=0 n=522953175584664353518275 elapsed=744s
progress: nodes=8,520,000,000 tested=1 found=0 n=631532641148808586784025 elapsed=745s
progress: nodes=8,530,000,000 tested=1 found=0 n=577806070970840626618275 elapsed=746s
progress: nodes=8,540,000,000 tested=1 found=0 n=750271287902608462622775 elapsed=746s
progress: nodes=8,550,000,000 tested=1 found=0 n=614087632262719859533575 elapsed=747s
progress: nodes=8,560,000,000 tested=1 found=0 n=590607007048149414641175 elapsed=747s
progress: nodes=8,570,000,000 tested=1 found=0 n=531126910165770090390075 elapsed=748s
progress: nodes=8,580,000,000 tested=1 found=0 n=208163741747846406661425 elapsed=748s
progress: nodes=8,590,000,000 tested=1 found=0 n=558171800346176778322275 elapsed=749s
progress: nodes=8,600,000,000 tested=1 found=0 n=448422151023535355999475 elapsed=750s
progress: nodes=8,610,000,000 tested=1 found=0 n=442314150513532260924675 elapsed=750s
progress: nodes=8,620,000,000 tested=1 found=0 n=349905868760715375869475 elapsed=751s
progress: nodes=8,630,000,000 tested=1 found=0 n=220395101996197142081925 elapsed=751s
progress: nodes=8,640,000,000 tested=1 found=0 n=773562411713708808830925 elapsed=752s
progress: nodes=8,650,000,000 tested=1 found=0 n=462263357520505937885775 elapsed=752s
progress: nodes=8,660,000,000 tested=1 found=0 n=218668137567238871558475 elapsed=753s
progress: nodes=8,670,000,000 tested=1 found=0 n=236280043217634172217175 elapsed=753s
progress: nodes=8,680,000,000 tested=1 found=0 n=152023716061485322486575 elapsed=754s
progress: nodes=8,690,000,000 tested=1 found=0 n=810415182981846692432325 elapsed=754s
progress: nodes=8,700,000,000 tested=1 found=0 n=489928729940025874501575 elapsed=755s
progress: nodes=8,710,000,000 tested=1 found=0 n=499363699742360301495075 elapsed=755s
progress: nodes=8,720,000,000 tested=1 found=0 n=323809045853537598815175 elapsed=756s
progress: nodes=8,730,000,000 tested=1 found=0 n=274020742712292561081525 elapsed=756s
progress: nodes=8,740,000,000 tested=1 found=0 n=436143430820954159235075 elapsed=757s
progress: nodes=8,750,000,000 tested=1 found=0 n=68055265392920115206325 elapsed=758s
progress: nodes=8,760,000,000 tested=1 found=0 n=223268415034299516099075 elapsed=758s
progress: nodes=8,770,000,000 tested=1 found=0 n=338998961241330110281275 elapsed=759s
progress: nodes=8,780,000,000 tested=1 found=0 n=104062033375245673931775 elapsed=759s
progress: nodes=8,790,000,000 tested=1 found=0 n=768767699155216253997075 elapsed=760s
progress: nodes=8,800,000,000 tested=1 found=0 n=303729263872109493421575 elapsed=760s
progress: nodes=8,810,000,000 tested=1 found=0 n=125861088770455872630225 elapsed=761s
progress: nodes=8,820,000,000 tested=1 found=0 n=427067575317335882561775 elapsed=761s
progress: nodes=8,830,000,000 tested=1 found=0 n=488566821116306821992675 elapsed=762s
progress: nodes=8,840,000,000 tested=1 found=0 n=423063833248021583163975 elapsed=762s
progress: nodes=8,850,000,000 tested=1 found=0 n=237745537886021416283175 elapsed=763s
progress: nodes=8,860,000,000 tested=1 found=0 n=213390606480765469545075 elapsed=763s
progress: nodes=8,870,000,000 tested=1 found=0 n=214061412185450648107575 elapsed=764s
progress: nodes=8,880,000,000 tested=1 found=0 n=210193541763754090359675 elapsed=764s
progress: nodes=8,890,000,000 tested=1 found=0 n=314666267416241023815675 elapsed=765s
progress: nodes=8,900,000,000 tested=1 found=0 n=281489930147703064927425 elapsed=765s
progress: nodes=8,910,000,000 tested=1 found=0 n=214937113075093889133225 elapsed=766s
progress: nodes=8,920,000,000 tested=1 found=0 n=210577836667440282300975 elapsed=766s
progress: nodes=8,930,000,000 tested=1 found=0 n=305054584895330490051975 elapsed=766s
progress: nodes=8,940,000,000 tested=1 found=0 n=243144331555334724554325 elapsed=767s
progress: nodes=8,950,000,000 tested=1 found=0 n=178295138601509694475425 elapsed=767s
progress: nodes=8,960,000,000 tested=1 found=0 n=304609983598167155111775 elapsed=768s
progress: nodes=8,970,000,000 tested=1 found=0 n=239572614558378596062425 elapsed=768s
progress: nodes=8,980,000,000 tested=1 found=0 n=741215756638879638369825 elapsed=769s
progress: nodes=8,990,000,000 tested=1 found=0 n=149597953087168662015225 elapsed=769s
progress: nodes=9,000,000,000 tested=1 found=0 n=471349734166648484508075 elapsed=770s
progress: nodes=9,010,000,000 tested=1 found=0 n=191509814250680931837975 elapsed=770s
progress: nodes=9,020,000,000 tested=1 found=0 n=226090493708105609400675 elapsed=771s
progress: nodes=9,030,000,000 tested=1 found=0 n=183564117169061900088675 elapsed=771s
progress: nodes=9,040,000,000 tested=1 found=0 n=432780009544298237475225 elapsed=772s
progress: nodes=9,050,000,000 tested=1 found=0 n=99411513074281526986725 elapsed=772s
progress: nodes=9,060,000,000 tested=1 found=0 n=242669441502533743408425 elapsed=773s
progress: nodes=9,070,000,000 tested=1 found=0 n=228601612524599698988175 elapsed=773s
progress: nodes=9,080,000,000 tested=1 found=0 n=235771122491181751220175 elapsed=774s
progress: nodes=9,090,000,000 tested=1 found=0 n=119908144674569354435475 elapsed=774s
progress: nodes=9,100,000,000 tested=1 found=0 n=180038526432589055420475 elapsed=775s
progress: nodes=9,110,000,000 tested=1 found=0 n=139443129090641289245475 elapsed=776s
progress: nodes=9,120,000,000 tested=1 found=0 n=214885667334328071177525 elapsed=776s
progress: nodes=9,130,000,000 tested=1 found=0 n=200889422552566481673225 elapsed=777s
progress: nodes=9,140,000,000 tested=1 found=0 n=221361817836053962149225 elapsed=778s
progress: nodes=9,150,000,000 tested=1 found=0 n=892890853495873321528725 elapsed=778s
progress: nodes=9,160,000,000 tested=1 found=0 n=647569133708001398096775 elapsed=779s
progress: nodes=9,170,000,000 tested=1 found=0 n=726153809222991720853425 elapsed=780s
progress: nodes=9,180,000,000 tested=1 found=0 n=764200050376677125071575 elapsed=781s
progress: nodes=9,190,000,000 tested=1 found=0 n=601357113956339150864025 elapsed=782s
progress: nodes=9,200,000,000 tested=1 found=0 n=716090633283651361303425 elapsed=782s
progress: nodes=9,210,000,000 tested=1 found=0 n=930327421772210957684475 elapsed=783s
progress: nodes=9,220,000,000 tested=1 found=0 n=906798601662478014922575 elapsed=784s
progress: nodes=9,230,000,000 tested=1 found=0 n=712661038152452000329575 elapsed=784s
progress: nodes=9,240,000,000 tested=1 found=0 n=667265041328816930753325 elapsed=785s
progress: nodes=9,250,000,000 tested=1 found=0 n=462834524980878436697025 elapsed=786s
progress: nodes=9,260,000,000 tested=1 found=0 n=740417103674719770231075 elapsed=786s
progress: nodes=9,270,000,000 tested=1 found=0 n=970603788067526721397575 elapsed=787s
progress: nodes=9,280,000,000 tested=1 found=0 n=659079673318470862919175 elapsed=788s
progress: nodes=9,290,000,000 tested=1 found=0 n=342729843375165177671025 elapsed=788s
progress: nodes=9,300,000,000 tested=1 found=0 n=790184783425869793650975 elapsed=789s
progress: nodes=9,310,000,000 tested=1 found=0 n=445207058731983861552525 elapsed=789s
progress: nodes=9,320,000,000 tested=1 found=0 n=536852273640173932251525 elapsed=790s
progress: nodes=9,330,000,000 tested=1 found=0 n=335923360771413224956575 elapsed=791s
progress: nodes=9,340,000,000 tested=1 found=0 n=356715607027989310669425 elapsed=791s
progress: nodes=9,350,000,000 tested=1 found=0 n=985310448925182760026075 elapsed=792s
progress: nodes=9,360,000,000 tested=1 found=0 n=489213184028313096956175 elapsed=792s
progress: nodes=9,370,000,000 tested=1 found=0 n=500657224822584486689175 elapsed=793s
progress: nodes=9,380,000,000 tested=1 found=0 n=263856961504958791408725 elapsed=793s
progress: nodes=9,390,000,000 tested=1 found=0 n=304911979278852028629975 elapsed=794s
progress: nodes=9,400,000,000 tested=1 found=0 n=988180878215419590562575 elapsed=795s
progress: nodes=9,410,000,000 tested=1 found=0 n=232632092299667673981225 elapsed=795s
progress: nodes=9,420,000,000 tested=1 found=0 n=245956684189689625334325 elapsed=796s
progress: nodes=9,430,000,000 tested=1 found=0 n=553804463597517902559075 elapsed=796s
progress: nodes=9,440,000,000 tested=1 found=0 n=732075050768375401841325 elapsed=797s
progress: nodes=9,450,000,000 tested=1 found=0 n=520287370806747820665675 elapsed=797s
progress: nodes=9,460,000,000 tested=1 found=0 n=762456083081919187758225 elapsed=798s
progress: nodes=9,470,000,000 tested=1 found=0 n=349299863830148795946525 elapsed=798s
progress: nodes=9,480,000,000 tested=1 found=0 n=197191554907228664865225 elapsed=799s
progress: nodes=9,490,000,000 tested=1 found=0 n=239658565947120681922275 elapsed=799s
progress: nodes=9,500,000,000 tested=1 found=0 n=517684809777107901281925 elapsed=800s
progress: nodes=9,510,000,000 tested=1 found=0 n=414767478613952512630725 elapsed=800s
progress: nodes=9,520,000,000 tested=1 found=0 n=351043006984573838016225 elapsed=801s
progress: nodes=9,530,000,000 tested=1 found=0 n=228283093688642639243025 elapsed=801s
progress: nodes=9,540,000,000 tested=1 found=0 n=413195246241245857035075 elapsed=802s
progress: nodes=9,550,000,000 tested=1 found=0 n=172139406998465009499825 elapsed=802s
progress: nodes=9,560,000,000 tested=1 found=0 n=694477985990802224972475 elapsed=803s
progress: nodes=9,570,000,000 tested=1 found=0 n=312887141364229485885975 elapsed=803s
progress: nodes=9,580,000,000 tested=1 found=0 n=484104073925638780474575 elapsed=804s
progress: nodes=9,590,000,000 tested=1 found=0 n=355782697785097963562325 elapsed=804s
progress: nodes=9,600,000,000 tested=1 found=0 n=106412687760963231980475 elapsed=805s
progress: nodes=9,610,000,000 tested=1 found=0 n=122804660206465602468675 elapsed=805s
progress: nodes=9,620,000,000 tested=1 found=0 n=321447273291069704889825 elapsed=806s
progress: nodes=9,630,000,000 tested=1 found=0 n=202551299602449548611575 elapsed=806s
progress: nodes=9,640,000,000 tested=1 found=0 n=189963082419439630683525 elapsed=807s
progress: nodes=9,650,000,000 tested=1 found=0 n=154197322452698554897725 elapsed=807s
progress: nodes=9,660,000,000 tested=1 found=0 n=291160720181597012142825 elapsed=808s
progress: nodes=9,670,000,000 tested=1 found=0 n=641685521792670595093425 elapsed=808s
progress: nodes=9,680,000,000 tested=1 found=0 n=349630698194064854627775 elapsed=809s
progress: nodes=9,690,000,000 tested=1 found=0 n=493736347176142589129325 elapsed=809s
progress: nodes=9,700,000,000 tested=1 found=0 n=220712683541899095765075 elapsed=810s
progress: nodes=9,710,000,000 tested=1 found=0 n=298667243335410299610975 elapsed=810s
progress: nodes=9,720,000,000 tested=1 found=0 n=836269893089516772068325 elapsed=811s
progress: nodes=9,730,000,000 tested=1 found=0 n=193482432520972916617725 elapsed=811s
progress: nodes=9,740,000,000 tested=1 found=0 n=131107188570685145150475 elapsed=812s
progress: nodes=9,750,000,000 tested=1 found=0 n=219424468348937651267325 elapsed=812s
progress: nodes=9,760,000,000 tested=1 found=0 n=81247904120542864236675 elapsed=813s
progress: nodes=9,770,000,000 tested=1 found=0 n=502179628991502070247925 elapsed=813s
progress: nodes=9,780,000,000 tested=1 found=0 n=189423467684947676970075 elapsed=814s
progress: nodes=9,790,000,000 tested=1 found=0 n=343236754783823112530175 elapsed=814s
progress: nodes=9,800,000,000 tested=1 found=0 n=154261178352166677502425 elapsed=815s
progress: nodes=9,810,000,000 tested=1 found=0 n=194863772768197901607525 elapsed=815s
progress: nodes=9,820,000,000 tested=1 found=0 n=66963714349116584710425 elapsed=816s
progress: nodes=9,830,000,000 tested=1 found=0 n=125311291413628417307925 elapsed=816s
progress: nodes=9,840,000,000 tested=1 found=0 n=96201288015103245621075 elapsed=817s
progress: nodes=9,850,000,000 tested=1 found=0 n=152686450956853248896175 elapsed=817s
progress: nodes=9,860,000,000 tested=1 found=0 n=213129345399310869596925 elapsed=818s
progress: nodes=9,870,000,000 tested=1 found=0 n=88335085119931930340775 elapsed=818s
progress: nodes=9,880,000,000 tested=1 found=0 n=94741407944325951676725 elapsed=819s
progress: nodes=9,890,000,000 tested=1 found=0 n=127496731023618119559825 elapsed=819s
progress: nodes=9,900,000,000 tested=1 found=0 n=168598500383551840955925 elapsed=820s
progress: nodes=9,910,000,000 tested=1 found=0 n=166670463020781322670925 elapsed=820s
progress: nodes=9,920,000,000 tested=1 found=0 n=201005807603733698033325 elapsed=821s
progress: nodes=9,930,000,000 tested=1 found=0 n=152085014013884123933475 elapsed=821s
progress: nodes=9,940,000,000 tested=1 found=0 n=195617652222217449005925 elapsed=822s
progress: nodes=9,950,000,000 tested=1 found=0 n=853922593492196839257075 elapsed=823s
progress: nodes=9,960,000,000 tested=1 found=0 n=718319685900729422699475 elapsed=824s
progress: nodes=9,970,000,000 tested=1 found=0 n=672096982820065115280825 elapsed=825s
progress: nodes=9,980,000,000 tested=1 found=0 n=972089530022407054840725 elapsed=826s
progress: nodes=9,990,000,000 tested=1 found=0 n=507285390672940875213075 elapsed=826s
progress: nodes=10,000,000,000 tested=1 found=0 n=709182725524287348723675 elapsed=827s
progress: nodes=10,010,000,000 tested=1 found=0 n=496205335090480698872475 elapsed=828s
progress: nodes=10,020,000,000 tested=1 found=0 n=761226281452869807657225 elapsed=828s
progress: nodes=10,030,000,000 tested=1 found=0 n=475008400719841053855075 elapsed=829s
progress: nodes=10,040,000,000 tested=1 found=0 n=966369103779998221864275 elapsed=830s
progress: nodes=10,050,000,000 tested=1 found=0 n=782821273041419662768575 elapsed=830s
progress: nodes=10,060,000,000 tested=1 found=0 n=931282147671894709236975 elapsed=831s
progress: nodes=10,070,000,000 tested=1 found=0 n=391950788334850247957025 elapsed=832s
progress: nodes=10,080,000,000 tested=1 found=0 n=685331019786212089601025 elapsed=832s
progress: nodes=10,090,000,000 tested=1 found=0 n=844351300607452314737775 elapsed=833s
progress: nodes=10,100,000,000 tested=1 found=0 n=465782860170847268617425 elapsed=834s
progress: nodes=10,110,000,000 tested=1 found=0 n=653169881080239823153425 elapsed=834s
progress: nodes=10,120,000,000 tested=1 found=0 n=842281076442814788919425 elapsed=835s
progress: nodes=10,130,000,000 tested=1 found=0 n=975173841876962186755725 elapsed=836s
progress: nodes=10,140,000,000 tested=1 found=0 n=561696652720085806520025 elapsed=836s
progress: nodes=10,150,000,000 tested=1 found=0 n=701365093101436822268925 elapsed=837s
progress: nodes=10,160,000,000 tested=1 found=0 n=240349248823790222677275 elapsed=837s
progress: nodes=10,170,000,000 tested=1 found=0 n=566203781857600439006025 elapsed=838s
progress: nodes=10,180,000,000 tested=1 found=0 n=356993369963823089951025 elapsed=838s
progress: nodes=10,190,000,000 tested=1 found=0 n=672521351002764494334675 elapsed=839s
progress: nodes=10,200,000,000 tested=1 found=0 n=518788238327513481616575 elapsed=839s
progress: nodes=10,210,000,000 tested=1 found=0 n=314451216216275724289275 elapsed=840s
progress: nodes=10,220,000,000 tested=1 found=0 n=362673047882635646216775 elapsed=841s
progress: nodes=10,230,000,000 tested=1 found=0 n=733626471875505575613675 elapsed=841s
progress: nodes=10,240,000,000 tested=1 found=0 n=423292904369024060117175 elapsed=842s
progress: nodes=10,250,000,000 tested=1 found=0 n=274528258477953294468225 elapsed=842s
progress: nodes=10,260,000,000 tested=1 found=0 n=508655074816627356414225 elapsed=843s
progress: nodes=10,270,000,000 tested=1 found=0 n=497184611139696066840825 elapsed=843s
progress: nodes=10,280,000,000 tested=1 found=0 n=461139355679424371095575 elapsed=844s
progress: nodes=10,290,000,000 tested=1 found=0 n=929689650892376902960575 elapsed=844s
progress: nodes=10,300,000,000 tested=1 found=0 n=255635711869799431030575 elapsed=845s
progress: nodes=10,310,000,000 tested=1 found=0 n=316709864294575718076825 elapsed=845s
progress: nodes=10,320,000,000 tested=1 found=0 n=263302646083344402881775 elapsed=846s
progress: nodes=10,330,000,000 tested=1 found=0 n=368234381193021047336775 elapsed=846s
progress: nodes=10,340,000,000 tested=1 found=0 n=310947583695754583967675 elapsed=847s
progress: nodes=10,350,000,000 tested=1 found=0 n=749197071070417047860925 elapsed=847s
progress: nodes=10,360,000,000 tested=1 found=0 n=190515985142240137476525 elapsed=848s
progress: nodes=10,370,000,000 tested=1 found=0 n=291194523878971178455275 elapsed=848s
progress: nodes=10,380,000,000 tested=1 found=0 n=756536708681522864098575 elapsed=849s
progress: nodes=10,390,000,000 tested=1 found=0 n=141214072498350516532725 elapsed=849s
progress: nodes=10,400,000,000 tested=1 found=0 n=173741603228544957359325 elapsed=850s
progress: nodes=10,410,000,000 tested=1 found=0 n=432096670153828556587425 elapsed=850s
progress: nodes=10,420,000,000 tested=1 found=0 n=895096661972368721569275 elapsed=851s
progress: nodes=10,430,000,000 tested=1 found=0 n=204131168298641276989725 elapsed=851s
progress: nodes=10,440,000,000 tested=1 found=0 n=186355280186377808874225 elapsed=852s
progress: nodes=10,450,000,000 tested=1 found=0 n=320707774280251132385325 elapsed=852s
progress: nodes=10,460,000,000 tested=1 found=0 n=242065983064411177418175 elapsed=853s
progress: nodes=10,470,000,000 tested=1 found=0 n=669839664541197497286225 elapsed=853s
progress: nodes=10,480,000,000 tested=1 found=0 n=173087065225082619478725 elapsed=854s
progress: nodes=10,490,000,000 tested=1 found=0 n=912022633523500808498475 elapsed=854s
progress: nodes=10,500,000,000 tested=1 found=0 n=245738689931755980842025 elapsed=855s
progress: nodes=10,510,000,000 tested=1 found=0 n=58292289901193504517075 elapsed=855s
progress: nodes=10,520,000,000 tested=1 found=0 n=130996736822075589861825 elapsed=856s
progress: nodes=10,530,000,000 tested=1 found=0 n=411684881992281861474225 elapsed=856s
progress: nodes=10,540,000,000 tested=1 found=0 n=268793248209797859179775 elapsed=856s
progress: nodes=10,550,000,000 tested=1 found=0 n=189620693002490544140775 elapsed=857s
progress: nodes=10,560,000,000 tested=1 found=0 n=167370688284313725965325 elapsed=857s
progress: nodes=10,570,000,000 tested=1 found=0 n=277656310974613777109475 elapsed=858s
progress: nodes=10,580,000,000 tested=1 found=0 n=290794746642309312771225 elapsed=858s
progress: nodes=10,590,000,000 tested=1 found=0 n=235947005046407001407775 elapsed=859s
progress: nodes=10,600,000,000 tested=1 found=0 n=188997894137903042145525 elapsed=859s
progress: nodes=10,610,000,000 tested=1 found=0 n=208128840087053140258575 elapsed=860s
progress: nodes=10,620,000,000 tested=1 found=0 n=185731617504735026985975 elapsed=860s
progress: nodes=10,630,000,000 tested=1 found=0 n=123095825578335443680275 elapsed=861s
progress: nodes=10,640,000,000 tested=1 found=0 n=256937807614905923852775 elapsed=861s
progress: nodes=10,650,000,000 tested=1 found=0 n=218096149175024736769725 elapsed=862s
progress: nodes=10,660,000,000 tested=1 found=0 n=228291853258442924711475 elapsed=862s
progress: nodes=10,670,000,000 tested=1 found=0 n=169236170404018166709975 elapsed=863s
progress: nodes=10,680,000,000 tested=1 found=0 n=171470598120173734871775 elapsed=863s
progress: nodes=10,690,000,000 tested=1 found=0 n=183946961983456419708675 elapsed=864s
progress: nodes=10,700,000,000 tested=1 found=0 n=191459850156170163271275 elapsed=864s
progress: nodes=10,710,000,000 tested=1 found=0 n=120003420344287582234275 elapsed=865s
progress: nodes=10,720,000,000 tested=1 found=0 n=117446471393138228408925 elapsed=865s
progress: nodes=10,730,000,000 tested=1 found=0 n=135501158614827081294075 elapsed=866s
progress: nodes=10,740,000,000 tested=1 found=0 n=802392347979067892013825 elapsed=867s
progress: nodes=10,750,000,000 tested=1 found=0 n=686409619012386550592025 elapsed=868s
progress: nodes=10,760,000,000 tested=1 found=0 n=960245790071685270506925 elapsed=869s
progress: nodes=10,770,000,000 tested=1 found=0 n=976062453900506498622525 elapsed=869s
progress: nodes=10,780,000,000 tested=1 found=0 n=719822460333930034535025 elapsed=870s
progress: nodes=10,790,000,000 tested=1 found=0 n=615598861783984388492325 elapsed=871s
progress: nodes=10,800,000,000 tested=1 found=0 n=764009724600038582662425 elapsed=871s
progress: nodes=10,810,000,000 tested=1 found=0 n=914226691497983298788925 elapsed=872s
progress: nodes=10,820,000,000 tested=1 found=0 n=559035117743812802374425 elapsed=873s
progress: nodes=10,830,000,000 tested=1 found=0 n=908445454548670043566275 elapsed=873s
progress: nodes=10,840,000,000 tested=1 found=0 n=553890498050616923635725 elapsed=874s
progress: nodes=10,850,000,000 tested=1 found=0 n=615512658339413223128025 elapsed=874s
progress: nodes=10,860,000,000 tested=1 found=0 n=819583213187446797879075 elapsed=875s
progress: nodes=10,870,000,000 tested=1 found=0 n=323302989697881071918325 elapsed=876s
progress: nodes=10,880,000,000 tested=1 found=0 n=264421646283475534006725 elapsed=876s
progress: nodes=10,890,000,000 tested=1 found=0 n=653131176592589918619825 elapsed=877s
progress: nodes=10,900,000,000 tested=1 found=0 n=324527198827926633942975 elapsed=877s
progress: nodes=10,910,000,000 tested=1 found=0 n=230823105772917594018225 elapsed=878s
progress: nodes=10,920,000,000 tested=1 found=0 n=400459962580610327999175 elapsed=879s
progress: nodes=10,930,000,000 tested=1 found=0 n=478024385279660638858725 elapsed=879s
progress: nodes=10,940,000,000 tested=1 found=0 n=563624207489804326554975 elapsed=880s
progress: nodes=10,950,000,000 tested=1 found=0 n=444580553332387438169775 elapsed=880s
progress: nodes=10,960,000,000 tested=1 found=0 n=595885577456437022458275 elapsed=881s
progress: nodes=10,970,000,000 tested=1 found=0 n=139497469391155331752725 elapsed=881s
progress: nodes=10,980,000,000 tested=1 found=0 n=288148062740219418690525 elapsed=882s
progress: nodes=10,990,000,000 tested=1 found=0 n=492548929220016180894525 elapsed=882s
progress: nodes=11,000,000,000 tested=1 found=0 n=371081701671839181662925 elapsed=883s
progress: nodes=11,010,000,000 tested=1 found=0 n=328962409368141009543225 elapsed=884s
progress: nodes=11,020,000,000 tested=1 found=0 n=257439923704462658327025 elapsed=884s
progress: nodes=11,030,000,000 tested=1 found=0 n=421358768002359887303175 elapsed=885s
progress: nodes=11,040,000,000 tested=1 found=0 n=386401687420152318046275 elapsed=885s
progress: nodes=11,050,000,000 tested=1 found=0 n=587652175319795994375825 elapsed=886s
progress: nodes=11,060,000,000 tested=1 found=0 n=437621476855093619506275 elapsed=886s
progress: nodes=11,070,000,000 tested=1 found=0 n=317156325329877697832025 elapsed=887s
progress: nodes=11,080,000,000 tested=1 found=0 n=128131638062215735544025 elapsed=887s
progress: nodes=11,090,000,000 tested=1 found=0 n=325807390989728004110325 elapsed=888s
progress: nodes=11,100,000,000 tested=1 found=0 n=131154846493002037852575 elapsed=888s
progress: nodes=11,110,000,000 tested=1 found=0 n=395226376648565503695225 elapsed=889s
progress: nodes=11,120,000,000 tested=1 found=0 n=182843460430560890843025 elapsed=889s
progress: nodes=11,130,000,000 tested=1 found=0 n=312611255956805967672225 elapsed=890s
progress: nodes=11,140,000,000 tested=1 found=0 n=475216399198969303021575 elapsed=890s
progress: nodes=11,150,000,000 tested=1 found=0 n=327370533870628516307325 elapsed=891s
progress: nodes=11,160,000,000 tested=1 found=0 n=69948625093532167371675 elapsed=891s
progress: nodes=11,170,000,000 tested=1 found=0 n=938705763002688908766825 elapsed=892s
progress: nodes=11,180,000,000 tested=1 found=0 n=266263833563908382748975 elapsed=892s
progress: nodes=11,190,000,000 tested=1 found=0 n=172376535614018644226175 elapsed=893s
progress: nodes=11,200,000,000 tested=1 found=0 n=307117700532719339802825 elapsed=893s
progress: nodes=11,210,000,000 tested=1 found=0 n=351954985845283006983225 elapsed=894s
progress: nodes=11,220,000,000 tested=1 found=0 n=165151598387620909253475 elapsed=894s
progress: nodes=11,230,000,000 tested=1 found=0 n=148378684989343797127425 elapsed=895s
progress: nodes=11,240,000,000 tested=1 found=0 n=336614418249118780066725 elapsed=895s
progress: nodes=11,250,000,000 tested=1 found=0 n=850160822624795481539025 elapsed=896s
progress: nodes=11,260,000,000 tested=1 found=0 n=234126777869171652647325 elapsed=896s
progress: nodes=11,270,000,000 tested=1 found=0 n=265002127543166231907975 elapsed=897s
progress: nodes=11,280,000,000 tested=1 found=0 n=215401925589156344277525 elapsed=897s
progress: nodes=11,290,000,000 tested=1 found=0 n=262975046385564414855525 elapsed=898s
progress: nodes=11,300,000,000 tested=1 found=0 n=186727867813502700838725 elapsed=898s
progress: nodes=11,310,000,000 tested=1 found=0 n=499589676106326059171775 elapsed=899s
progress: nodes=11,320,000,000 tested=1 found=0 n=190022355259595526621525 elapsed=899s
progress: nodes=11,330,000,000 tested=1 found=0 n=60052277385933467145225 elapsed=900s
progress: nodes=11,340,000,000 tested=1 found=0 n=260009249029603109075325 elapsed=900s
progress: nodes=11,350,000,000 tested=1 found=0 n=189071013600020305600275 elapsed=901s
progress: nodes=11,360,000,000 tested=1 found=0 n=161933999757875905120275 elapsed=901s
progress: nodes=11,370,000,000 tested=1 found=0 n=153817627106963035884525 elapsed=902s
progress: nodes=11,380,000,000 tested=1 found=0 n=128062812015415666828725 elapsed=902s
progress: nodes=11,390,000,000 tested=1 found=0 n=156267990173150514226425 elapsed=903s
progress: nodes=11,400,000,000 tested=1 found=0 n=164953491855232818727275 elapsed=903s
progress: nodes=11,410,000,000 tested=1 found=0 n=215175695285819896173975 elapsed=904s
progress: nodes=11,420,000,000 tested=1 found=0 n=245716811746067750270325 elapsed=904s
progress: nodes=11,430,000,000 tested=1 found=0 n=106986016662542607779475 elapsed=905s
progress: nodes=11,440,000,000 tested=1 found=0 n=139592105833036003794075 elapsed=905s
progress: nodes=11,450,000,000 tested=1 found=0 n=159307840807400767943175 elapsed=906s
progress: nodes=11,460,000,000 tested=1 found=0 n=155070865672309691214825 elapsed=907s
progress: nodes=11,470,000,000 tested=1 found=0 n=172280367511219817453175 elapsed=907s
progress: nodes=11,480,000,000 tested=1 found=0 n=128204684934248334415575 elapsed=908s
progress: nodes=11,490,000,000 tested=1 found=0 n=3459208312345932743025 elapsed=908s
progress: nodes=11,500,000,000 tested=1 found=0 n=601438840769827734241425 elapsed=909s
progress: nodes=11,510,000,000 tested=1 found=0 n=984934845161252211873075 elapsed=910s
progress: nodes=11,520,000,000 tested=1 found=0 n=521717682510300489502575 elapsed=911s
progress: nodes=11,530,000,000 tested=1 found=0 n=614111136198695691666825 elapsed=911s
progress: nodes=11,540,000,000 tested=1 found=0 n=628501274105049545117775 elapsed=912s
progress: nodes=11,550,000,000 tested=1 found=0 n=736238587722718112679075 elapsed=913s
progress: nodes=11,560,000,000 tested=1 found=0 n=593348369977217492427075 elapsed=913s
progress: nodes=11,570,000,000 tested=1 found=0 n=486287781986963360364675 elapsed=914s
progress: nodes=11,580,000,000 tested=1 found=0 n=342921368361015093088725 elapsed=915s
progress: nodes=11,590,000,000 tested=1 found=0 n=907584696977452020287475 elapsed=915s
progress: nodes=11,600,000,000 tested=1 found=0 n=982084365700818936087675 elapsed=916s
progress: nodes=11,610,000,000 tested=1 found=0 n=714677522190562629902775 elapsed=917s
progress: nodes=11,620,000,000 tested=1 found=0 n=877907888129259310290825 elapsed=917s
progress: nodes=11,630,000,000 tested=1 found=0 n=822274770446637191616075 elapsed=918s
progress: nodes=11,640,000,000 tested=1 found=0 n=420710147306570753699925 elapsed=919s
progress: nodes=11,650,000,000 tested=1 found=0 n=655794261916743813359925 elapsed=919s
progress: nodes=11,660,000,000 tested=1 found=0 n=526190736846683300524275 elapsed=920s
progress: nodes=11,670,000,000 tested=1 found=0 n=729215879819157861927225 elapsed=920s
progress: nodes=11,680,000,000 tested=1 found=0 n=319652666717375857619325 elapsed=921s
progress: nodes=11,690,000,000 tested=1 found=0 n=593403870518264536484325 elapsed=921s
progress: nodes=11,700,000,000 tested=1 found=0 n=805509947475331608070275 elapsed=922s
progress: nodes=11,710,000,000 tested=1 found=0 n=349812724307719717548075 elapsed=923s
progress: nodes=11,720,000,000 tested=1 found=0 n=369300541499791327022025 elapsed=923s
progress: nodes=11,730,000,000 tested=1 found=0 n=369038123010330828472275 elapsed=924s
progress: nodes=11,740,000,000 tested=1 found=0 n=916697030995083560819025 elapsed=924s
progress: nodes=11,750,000,000 tested=1 found=0 n=271354193821331759070075 elapsed=925s
progress: nodes=11,760,000,000 tested=1 found=0 n=470280930097138490069025 elapsed=925s
progress: nodes=11,770,000,000 tested=1 found=0 n=555644102450207921339475 elapsed=926s
progress: nodes=11,780,000,000 tested=1 found=0 n=348623267003555727837225 elapsed=926s
progress: nodes=11,790,000,000 tested=1 found=0 n=264505142775011683727325 elapsed=927s
progress: nodes=11,800,000,000 tested=1 found=0 n=578758743397404572885025 elapsed=927s
progress: nodes=11,810,000,000 tested=1 found=0 n=775554291406653326450025 elapsed=928s
progress: nodes=11,820,000,000 tested=1 found=0 n=338152788066543474528075 elapsed=928s
progress: nodes=11,830,000,000 tested=1 found=0 n=481981654637526903641925 elapsed=929s
progress: nodes=11,840,000,000 tested=1 found=0 n=466267026006711440199975 elapsed=929s
progress: nodes=11,850,000,000 tested=1 found=0 n=224293580127400874944425 elapsed=930s
progress: nodes=11,860,000,000 tested=1 found=0 n=314468128977733831503975 elapsed=930s
progress: nodes=11,870,000,000 tested=1 found=0 n=233498334240302713821525 elapsed=931s
progress: nodes=11,880,000,000 tested=1 found=0 n=235349423100445098877575 elapsed=931s
progress: nodes=11,890,000,000 tested=1 found=0 n=280314261893442568731225 elapsed=932s
progress: nodes=11,900,000,000 tested=1 found=0 n=168430554116334116467575 elapsed=932s
progress: nodes=11,910,000,000 tested=1 found=0 n=467535779349595763524575 elapsed=933s
progress: nodes=11,920,000,000 tested=1 found=0 n=422030729201676140392275 elapsed=933s
progress: nodes=11,930,000,000 tested=1 found=0 n=287007205305246095380425 elapsed=934s
progress: nodes=11,940,000,000 tested=1 found=0 n=337705729830584351818725 elapsed=934s
progress: nodes=11,950,000,000 tested=1 found=0 n=187602707750787277580775 elapsed=935s
progress: nodes=11,960,000,000 tested=1 found=0 n=199544843743194584037975 elapsed=935s
progress: nodes=11,970,000,000 tested=1 found=0 n=221404703997280682081775 elapsed=936s
progress: nodes=11,980,000,000 tested=1 found=0 n=89252029538050886675025 elapsed=936s
progress: nodes=11,990,000,000 tested=1 found=0 n=145540166676891603699225 elapsed=937s
progress: nodes=12,000,000,000 tested=1 found=0 n=154413898589170317229275 elapsed=938s
progress: nodes=12,010,000,000 tested=1 found=0 n=322998311195237427353175 elapsed=938s
progress: nodes=12,020,000,000 tested=1 found=0 n=204291779903133047814975 elapsed=939s
progress: nodes=12,030,000,000 tested=1 found=0 n=578790378219191433663225 elapsed=939s
progress: nodes=12,040,000,000 tested=1 found=0 n=226096676119079534479425 elapsed=940s
progress: nodes=12,050,000,000 tested=1 found=0 n=133103903285397672266925 elapsed=940s
progress: nodes=12,060,000,000 tested=1 found=0 n=121998334056361691331975 elapsed=941s
progress: nodes=12,070,000,000 tested=1 found=0 n=867161588002638192296175 elapsed=941s
progress: nodes=12,080,000,000 tested=1 found=0 n=227629218604250916871275 elapsed=942s
progress: nodes=12,090,000,000 tested=1 found=0 n=171421916576317304115075 elapsed=942s
progress: nodes=12,100,000,000 tested=1 found=0 n=105909149227822300899825 elapsed=943s
progress: nodes=12,110,000,000 tested=1 found=0 n=193582985557834391086425 elapsed=943s
progress: nodes=12,120,000,000 tested=1 found=0 n=102335960775658525268925 elapsed=944s
progress: nodes=12,130,000,000 tested=1 found=0 n=50947133022074200057575 elapsed=944s
progress: nodes=12,140,000,000 tested=1 found=0 n=142616274496820030059725 elapsed=945s
progress: nodes=12,150,000,000 tested=1 found=0 n=87293293569913333799325 elapsed=945s
progress: nodes=12,160,000,000 tested=1 found=0 n=106256191604293142165325 elapsed=946s
progress: nodes=12,170,000,000 tested=1 found=0 n=143248274843612585114325 elapsed=946s
progress: nodes=12,180,000,000 tested=1 found=0 n=92179490599997032764675 elapsed=947s
progress: nodes=12,190,000,000 tested=1 found=0 n=135862617481802693013675 elapsed=947s
progress: nodes=12,200,000,000 tested=1 found=0 n=508005000595319049311775 elapsed=948s
progress: nodes=12,210,000,000 tested=1 found=0 n=537010367032134613664475 elapsed=949s
progress: nodes=12,220,000,000 tested=1 found=0 n=807606678413302118454675 elapsed=949s
progress: nodes=12,230,000,000 tested=1 found=0 n=996969522203496586290975 elapsed=950s
progress: nodes=12,240,000,000 tested=1 found=0 n=497684310901407164116725 elapsed=951s
progress: nodes=12,250,000,000 tested=1 found=0 n=479026509320120976324825 elapsed=952s
progress: nodes=12,260,000,000 tested=1 found=0 n=834666338308511586531225 elapsed=952s
progress: nodes=12,270,000,000 tested=1 found=0 n=860316261198705416466075 elapsed=953s
progress: nodes=12,280,000,000 tested=1 found=0 n=750334120132325146307175 elapsed=953s
progress: nodes=12,290,000,000 tested=1 found=0 n=809189143189158023796075 elapsed=954s
progress: nodes=12,300,000,000 tested=1 found=0 n=851238733749685012799925 elapsed=955s
progress: nodes=12,310,000,000 tested=1 found=0 n=869413055576819914199325 elapsed=955s
progress: nodes=12,320,000,000 tested=1 found=0 n=784050556555479522126675 elapsed=956s
progress: nodes=12,330,000,000 tested=1 found=0 n=623936419899883117588275 elapsed=957s
progress: nodes=12,340,000,000 tested=1 found=0 n=520281416160643042051575 elapsed=957s
progress: nodes=12,350,000,000 tested=1 found=0 n=589287412595507333468475 elapsed=958s
progress: nodes=12,360,000,000 tested=1 found=0 n=397829291636950354070175 elapsed=958s
progress: nodes=12,370,000,000 tested=1 found=0 n=207948396010586951673525 elapsed=959s
progress: nodes=12,380,000,000 tested=1 found=0 n=880992243976114779012075 elapsed=959s
progress: nodes=12,390,000,000 tested=1 found=0 n=476579383513358996667225 elapsed=960s
progress: nodes=12,400,000,000 tested=1 found=0 n=208795135641518533653975 elapsed=961s
progress: nodes=12,410,000,000 tested=1 found=0 n=267744037500163461977025 elapsed=961s
progress: nodes=12,420,000,000 tested=1 found=0 n=711229897687822979133525 elapsed=962s
progress: nodes=12,430,000,000 tested=1 found=0 n=537188066470965440420175 elapsed=962s
progress: nodes=12,440,000,000 tested=1 found=0 n=364453227743772931581675 elapsed=963s
progress: nodes=12,450,000,000 tested=1 found=0 n=332664304690917617235675 elapsed=963s
progress: nodes=12,460,000,000 tested=1 found=0 n=438857780605443616248975 elapsed=964s
progress: nodes=12,470,000,000 tested=1 found=0 n=618509620759097316109575 elapsed=964s
progress: nodes=12,480,000,000 tested=1 found=0 n=607008519804161748819975 elapsed=965s
progress: nodes=12,490,000,000 tested=1 found=0 n=395797453463426858940525 elapsed=965s
progress: nodes=12,500,000,000 tested=1 found=0 n=238524535543867441858275 elapsed=966s
progress: nodes=12,510,000,000 tested=1 found=0 n=164448714605995301700075 elapsed=966s
progress: nodes=12,520,000,000 tested=1 found=0 n=711977592501734727822225 elapsed=967s
progress: nodes=12,530,000,000 tested=1 found=0 n=442893486879323931561825 elapsed=967s
progress: nodes=12,540,000,000 tested=1 found=0 n=281409792275193926712225 elapsed=968s
progress: nodes=12,550,000,000 tested=1 found=0 n=233389200257774325882975 elapsed=968s
progress: nodes=12,560,000,000 tested=1 found=0 n=169878358964127327045675 elapsed=969s
progress: nodes=12,570,000,000 tested=1 found=0 n=952474165688869310154525 elapsed=969s
progress: nodes=12,580,000,000 tested=1 found=0 n=90082614657406496171475 elapsed=970s
progress: nodes=12,590,000,000 tested=1 found=0 n=194553565949225271585225 elapsed=970s
progress: nodes=12,600,000,000 tested=1 found=0 n=70651761697544275644825 elapsed=971s
progress: nodes=12,610,000,000 tested=1 found=0 n=190395898666135099476825 elapsed=971s
progress: nodes=12,620,000,000 tested=1 found=0 n=220084022813038400198325 elapsed=972s
progress: nodes=12,630,000,000 tested=1 found=0 n=951431666821933574287725 elapsed=972s
progress: nodes=12,640,000,000 tested=1 found=0 n=131783943661785505758525 elapsed=973s
progress: nodes=12,650,000,000 tested=1 found=0 n=234036575305085183534475 elapsed=973s
progress: nodes=12,660,000,000 tested=1 found=0 n=131130386569042320399225 elapsed=974s
progress: nodes=12,670,000,000 tested=1 found=0 n=184545241538929294205325 elapsed=974s
progress: nodes=12,680,000,000 tested=1 found=0 n=254765605599238325903025 elapsed=975s
progress: nodes=12,690,000,000 tested=1 found=0 n=151818076071708337980975 elapsed=975s
progress: nodes=12,700,000,000 tested=1 found=0 n=112590454008734179774725 elapsed=976s
progress: nodes=12,710,000,000 tested=1 found=0 n=186474826500966699578025 elapsed=976s
progress: nodes=12,720,000,000 tested=1 found=0 n=129938892052999283922525 elapsed=977s
progress: nodes=12,730,000,000 tested=1 found=0 n=160738495393527857402025 elapsed=977s
progress: nodes=12,740,000,000 tested=1 found=0 n=154089386556553575194925 elapsed=978s
progress: nodes=12,750,000,000 tested=1 found=0 n=410503457590550405720925 elapsed=978s
progress: nodes=12,760,000,000 tested=1 found=0 n=164815385463434424500925 elapsed=979s
progress: nodes=12,770,000,000 tested=1 found=0 n=398767689120281544202425 elapsed=979s
progress: nodes=12,780,000,000 tested=1 found=0 n=550946717150252188698075 elapsed=980s
progress: nodes=12,790,000,000 tested=1 found=0 n=643643856715792664942925 elapsed=980s
progress: nodes=12,800,000,000 tested=1 found=0 n=251852197946434934566575 elapsed=981s
progress: nodes=12,810,000,000 tested=1 found=0 n=139898658393111466209075 elapsed=981s
progress: nodes=12,820,000,000 tested=1 found=0 n=249801232178690895749475 elapsed=982s
progress: nodes=12,830,000,000 tested=1 found=0 n=85227792157100013789225 elapsed=982s
progress: nodes=12,840,000,000 tested=1 found=0 n=95452620052916736763725 elapsed=983s
progress: nodes=12,850,000,000 tested=1 found=0 n=110135018346491523216975 elapsed=983s
progress: nodes=12,860,000,000 tested=1 found=0 n=119897015261749688273025 elapsed=984s
progress: nodes=12,870,000,000 tested=1 found=0 n=124094865299080274216475 elapsed=985s
progress: nodes=12,880,000,000 tested=1 found=0 n=831423044676177298841925 elapsed=985s
progress: nodes=12,890,000,000 tested=1 found=0 n=690276257852303778845475 elapsed=986s
progress: nodes=12,900,000,000 tested=1 found=0 n=653193633809006026704825 elapsed=987s
progress: nodes=12,910,000,000 tested=1 found=0 n=742247704927323012335775 elapsed=988s
progress: nodes=12,920,000,000 tested=1 found=0 n=592861459450196424098325 elapsed=988s
progress: nodes=12,930,000,000 tested=1 found=0 n=573937532183246871429075 elapsed=989s
progress: nodes=12,940,000,000 tested=1 found=0 n=996724004830048901717025 elapsed=989s
progress: nodes=12,950,000,000 tested=1 found=0 n=418478605777409191882725 elapsed=990s
progress: nodes=12,960,000,000 tested=1 found=0 n=395393795258538494450175 elapsed=991s
progress: nodes=12,970,000,000 tested=1 found=0 n=643042149741301767953925 elapsed=991s
progress: nodes=12,980,000,000 tested=1 found=0 n=601920510516963878129175 elapsed=992s
progress: nodes=12,990,000,000 tested=1 found=0 n=770621107797989114634825 elapsed=993s
progress: nodes=13,000,000,000 tested=1 found=0 n=738869795965446155256675 elapsed=993s
progress: nodes=13,010,000,000 tested=1 found=0 n=305721818443508653082325 elapsed=994s
progress: nodes=13,020,000,000 tested=1 found=0 n=759766686190866043693575 elapsed=994s
progress: nodes=13,030,000,000 tested=1 found=0 n=259737176405220465312075 elapsed=995s
progress: nodes=13,040,000,000 tested=1 found=0 n=405280208106904371695025 elapsed=995s
progress: nodes=13,050,000,000 tested=1 found=0 n=640565976914376831500325 elapsed=996s
progress: nodes=13,060,000,000 tested=1 found=0 n=882288137960100877187325 elapsed=997s
progress: nodes=13,070,000,000 tested=1 found=0 n=136030240672555210013175 elapsed=997s
progress: nodes=13,080,000,000 tested=1 found=0 n=269729970759259392921825 elapsed=998s
progress: nodes=13,090,000,000 tested=1 found=0 n=533327005051027243688775 elapsed=998s
progress: nodes=13,100,000,000 tested=1 found=0 n=531566486803944646486575 elapsed=999s
progress: nodes=13,110,000,000 tested=1 found=0 n=446305451408062964600025 elapsed=999s
progress: nodes=13,120,000,000 tested=1 found=0 n=189615875408326020342975 elapsed=1000s
progress: nodes=13,130,000,000 tested=1 found=0 n=344311160817545701268775 elapsed=1000s
progress: nodes=13,140,000,000 tested=1 found=0 n=413466667623208816327425 elapsed=1001s
progress: nodes=13,150,000,000 tested=1 found=0 n=839204030873202052161675 elapsed=1001s
progress: nodes=13,160,000,000 tested=1 found=0 n=234073903790024756890575 elapsed=1002s
progress: nodes=13,170,000,000 tested=1 found=0 n=212907877500560323663725 elapsed=1002s
progress: nodes=13,180,000,000 tested=1 found=0 n=328868088724476199459275 elapsed=1003s
progress: nodes=13,190,000,000 tested=1 found=0 n=199378894477986644925075 elapsed=1003s
progress: nodes=13,200,000,000 tested=1 found=0 n=282097144585890764033475 elapsed=1004s
progress: nodes=13,210,000,000 tested=1 found=0 n=721226826110806256123025 elapsed=1004s
progress: nodes=13,220,000,000 tested=1 found=0 n=54334070693228870533275 elapsed=1005s
progress: nodes=13,230,000,000 tested=1 found=0 n=267111042835986168866475 elapsed=1005s
progress: nodes=13,240,000,000 tested=1 found=0 n=49701718156582431621825 elapsed=1006s
progress: nodes=13,250,000,000 tested=1 found=0 n=205949618382359946440775 elapsed=1006s
progress: nodes=13,260,000,000 tested=1 found=0 n=779296582269361248924975 elapsed=1007s
progress: nodes=13,270,000,000 tested=1 found=0 n=412318891297071212636325 elapsed=1007s
progress: nodes=13,280,000,000 tested=1 found=0 n=312149645672998515278325 elapsed=1008s
progress: nodes=13,290,000,000 tested=1 found=0 n=217482912797082461282325 elapsed=1008s
progress: nodes=13,300,000,000 tested=1 found=0 n=167360561004428609607075 elapsed=1009s
progress: nodes=13,310,000,000 tested=1 found=0 n=744121725892867749473475 elapsed=1009s
progress: nodes=13,320,000,000 tested=1 found=0 n=177896085264879404633925 elapsed=1010s
progress: nodes=13,330,000,000 tested=1 found=0 n=180448433438183231403225 elapsed=1010s
progress: nodes=13,340,000,000 tested=1 found=0 n=169243357637567240280825 elapsed=1011s
progress: nodes=13,350,000,000 tested=1 found=0 n=846931422221762306210925 elapsed=1011s
progress: nodes=13,360,000,000 tested=1 found=0 n=132092430637306113835575 elapsed=1012s
progress: nodes=13,370,000,000 tested=1 found=0 n=32954707858998762697575 elapsed=1012s
progress: nodes=13,380,000,000 tested=1 found=0 n=314508922851771231473175 elapsed=1013s
progress: nodes=13,390,000,000 tested=1 found=0 n=171463641491843882513475 elapsed=1013s
progress: nodes=13,400,000,000 tested=1 found=0 n=162686645767244104902825 elapsed=1014s
progress: nodes=13,410,000,000 tested=1 found=0 n=487730307065255855161275 elapsed=1014s
progress: nodes=13,420,000,000 tested=1 found=0 n=116567049899662660659075 elapsed=1015s
progress: nodes=13,430,000,000 tested=1 found=0 n=112592854712015476881225 elapsed=1015s
progress: nodes=13,440,000,000 tested=1 found=0 n=50099623931264195048475 elapsed=1015s
progress: nodes=13,450,000,000 tested=1 found=0 n=121712073820174214208975 elapsed=1016s
progress: nodes=13,460,000,000 tested=1 found=0 n=114941455654876176644175 elapsed=1017s
progress: nodes=13,470,000,000 tested=1 found=0 n=101255466771723614782575 elapsed=1017s
progress: nodes=13,480,000,000 tested=1 found=0 n=141740465651374960666725 elapsed=1017s
progress: nodes=13,490,000,000 tested=1 found=0 n=135201800772083868826575 elapsed=1018s
progress: nodes=13,500,000,000 tested=1 found=0 n=110787249531745934508075 elapsed=1018s
progress: nodes=13,510,000,000 tested=1 found=0 n=121892794255336371835425 elapsed=1019s
progress: nodes=13,520,000,000 tested=1 found=0 n=69737456438450537225775 elapsed=1019s
progress: nodes=13,530,000,000 tested=1 found=0 n=897178041196411531160175 elapsed=1020s
progress: nodes=13,540,000,000 tested=1 found=0 n=776462749942678421905425 elapsed=1021s
progress: nodes=13,550,000,000 tested=1 found=0 n=513647725645981165421325 elapsed=1022s
progress: nodes=13,560,000,000 tested=1 found=0 n=720121701940473662082825 elapsed=1022s
progress: nodes=13,570,000,000 tested=1 found=0 n=305843928231256644511425 elapsed=1023s
progress: nodes=13,580,000,000 tested=1 found=0 n=355237182501523913973525 elapsed=1024s
progress: nodes=13,590,000,000 tested=1 found=0 n=701147760479373393475575 elapsed=1024s
progress: nodes=13,600,000,000 tested=1 found=0 n=491574073984259347341975 elapsed=1025s
progress: nodes=13,610,000,000 tested=1 found=0 n=831796322967828468489525 elapsed=1026s
progress: nodes=13,620,000,000 tested=1 found=0 n=668298232532113814813325 elapsed=1026s
progress: nodes=13,630,000,000 tested=1 found=0 n=282624949238981983137075 elapsed=1027s
progress: nodes=13,640,000,000 tested=1 found=0 n=466369754635133089358475 elapsed=1027s
progress: nodes=13,650,000,000 tested=1 found=0 n=522921822253597303283175 elapsed=1028s
progress: nodes=13,660,000,000 tested=1 found=0 n=618016213033791455480025 elapsed=1029s
progress: nodes=13,670,000,000 tested=1 found=0 n=300937447634449723286475 elapsed=1029s
progress: nodes=13,680,000,000 tested=1 found=0 n=728763130892941756658475 elapsed=1030s
progress: nodes=13,690,000,000 tested=1 found=0 n=810581460572664311720475 elapsed=1030s
progress: nodes=13,700,000,000 tested=1 found=0 n=666891671948869874246025 elapsed=1031s
progress: nodes=13,710,000,000 tested=1 found=0 n=525547050075494066301825 elapsed=1031s
progress: nodes=13,720,000,000 tested=1 found=0 n=265135363234661961745275 elapsed=1032s
progress: nodes=13,730,000,000 tested=1 found=0 n=791802932936942183196225 elapsed=1032s
progress: nodes=13,740,000,000 tested=1 found=0 n=918038453740979783859075 elapsed=1033s
progress: nodes=13,750,000,000 tested=1 found=0 n=425027374663288177841775 elapsed=1033s
progress: nodes=13,760,000,000 tested=1 found=0 n=242270932473862481678775 elapsed=1034s
progress: nodes=13,770,000,000 tested=1 found=0 n=357441579108101498020725 elapsed=1034s
progress: nodes=13,780,000,000 tested=1 found=0 n=294663947364156862195275 elapsed=1035s
progress: nodes=13,790,000,000 tested=1 found=0 n=957787730876517580686075 elapsed=1035s
progress: nodes=13,800,000,000 tested=1 found=0 n=361312958184363455352225 elapsed=1036s
progress: nodes=13,810,000,000 tested=1 found=0 n=371857454342201589729825 elapsed=1036s
progress: nodes=13,820,000,000 tested=1 found=0 n=463032421150536109704975 elapsed=1037s
progress: nodes=13,830,000,000 tested=1 found=0 n=411283671862660855047075 elapsed=1037s
progress: nodes=13,840,000,000 tested=1 found=0 n=96643215580831038930525 elapsed=1038s
progress: nodes=13,850,000,000 tested=1 found=0 n=107484085882633440434025 elapsed=1038s
progress: nodes=13,860,000,000 tested=1 found=0 n=458440381305544518233925 elapsed=1039s
progress: nodes=13,870,000,000 tested=1 found=0 n=473730986859789922595475 elapsed=1039s
progress: nodes=13,880,000,000 tested=1 found=0 n=207432244309446396336525 elapsed=1040s
progress: nodes=13,890,000,000 tested=1 found=0 n=208453446596609325615075 elapsed=1040s
progress: nodes=13,900,000,000 tested=1 found=0 n=144474483831455136527025 elapsed=1041s
progress: nodes=13,910,000,000 tested=1 found=0 n=384545872613296149444975 elapsed=1041s
progress: nodes=13,920,000,000 tested=1 found=0 n=262885204265828140736025 elapsed=1042s
progress: nodes=13,930,000,000 tested=1 found=0 n=130682070870705473465775 elapsed=1042s
progress: nodes=13,940,000,000 tested=1 found=0 n=34309473651666429419775 elapsed=1043s
progress: nodes=13,950,000,000 tested=1 found=0 n=159558869468091569844225 elapsed=1043s
progress: nodes=13,960,000,000 tested=1 found=0 n=146728032941985374568975 elapsed=1044s
progress: nodes=13,970,000,000 tested=1 found=0 n=64521226523660475972975 elapsed=1044s
progress: nodes=13,980,000,000 tested=1 found=0 n=146031359044356252785175 elapsed=1045s
progress: nodes=13,990,000,000 tested=1 found=0 n=116517502908617638938825 elapsed=1045s
progress: nodes=14,000,000,000 tested=1 found=0 n=72994940831780672894475 elapsed=1046s
progress: nodes=14,010,000,000 tested=1 found=0 n=96030834290885992329975 elapsed=1046s
progress: nodes=14,020,000,000 tested=1 found=0 n=102664316327820762704475 elapsed=1047s
progress: nodes=14,030,000,000 tested=1 found=0 n=57542046897688647840975 elapsed=1048s
progress: nodes=14,040,000,000 tested=1 found=0 n=73686769532489995842675 elapsed=1048s
progress: nodes=14,050,000,000 tested=1 found=0 n=347198828315380846007775 elapsed=1049s
progress: nodes=14,060,000,000 tested=1 found=0 n=150649910438323667009925 elapsed=1049s
progress: nodes=14,070,000,000 tested=1 found=0 n=102101940973357471435575 elapsed=1050s
progress: nodes=14,080,000,000 tested=1 found=0 n=199959446558048419038225 elapsed=1050s
progress: nodes=14,090,000,000 tested=1 found=0 n=78892882408046339414925 elapsed=1050s
progress: nodes=14,100,000,000 tested=1 found=0 n=233620704185573326125075 elapsed=1051s
progress: nodes=14,110,000,000 tested=1 found=0 n=71874959638466884967925 elapsed=1051s
progress: nodes=14,120,000,000 tested=1 found=0 n=116261201862568544635425 elapsed=1052s
progress: nodes=14,130,000,000 tested=1 found=0 n=160541277928879278577575 elapsed=1052s
progress: nodes=14,140,000,000 tested=1 found=0 n=82647740563004240405925 elapsed=1053s
progress: nodes=14,150,000,000 tested=1 found=0 n=122144679578941453745025 elapsed=1053s
progress: nodes=14,160,000,000 tested=1 found=0 n=94622637440517344612025 elapsed=1054s
progress: nodes=14,170,000,000 tested=1 found=0 n=9500831785435988250825 elapsed=1054s
progress: nodes=14,180,000,000 tested=1 found=0 n=990447568196842815849075 elapsed=1055s
progress: nodes=14,190,000,000 tested=1 found=0 n=890992875341156752582275 elapsed=1056s
progress: nodes=14,200,000,000 tested=1 found=0 n=691593087171576814556475 elapsed=1057s
progress: nodes=14,210,000,000 tested=1 found=0 n=594826434131455349420025 elapsed=1058s
progress: nodes=14,220,000,000 tested=1 found=0 n=617174391678462642528075 elapsed=1058s
progress: nodes=14,230,000,000 tested=1 found=0 n=376879829217059746996275 elapsed=1059s
progress: nodes=14,240,000,000 tested=1 found=0 n=822501359484977259869925 elapsed=1060s
progress: nodes=14,250,000,000 tested=1 found=0 n=570380131908829191882075 elapsed=1060s
progress: nodes=14,260,000,000 tested=1 found=0 n=740123340564239089146975 elapsed=1061s
progress: nodes=14,270,000,000 tested=1 found=0 n=273084010130204100045075 elapsed=1061s
progress: nodes=14,280,000,000 tested=1 found=0 n=491284860086777943432675 elapsed=1062s
progress: nodes=14,290,000,000 tested=1 found=0 n=316643355435683746373475 elapsed=1063s
progress: nodes=14,300,000,000 tested=1 found=0 n=337461301880803041845475 elapsed=1063s
progress: nodes=14,310,000,000 tested=1 found=0 n=965620381748882123968275 elapsed=1064s
progress: nodes=14,320,000,000 tested=1 found=0 n=502147041781747947080925 elapsed=1064s
progress: nodes=14,330,000,000 tested=1 found=0 n=239503427690457668498475 elapsed=1065s
progress: nodes=14,340,000,000 tested=1 found=0 n=169423139765901047136825 elapsed=1065s
progress: nodes=14,350,000,000 tested=1 found=0 n=770674247808229712515425 elapsed=1066s
progress: nodes=14,360,000,000 tested=1 found=0 n=153566592568242538574175 elapsed=1066s
progress: nodes=14,370,000,000 tested=1 found=0 n=523117190479599134808675 elapsed=1067s
progress: nodes=14,380,000,000 tested=1 found=0 n=319683571759595865532425 elapsed=1067s
progress: nodes=14,390,000,000 tested=1 found=0 n=467892305972324634333075 elapsed=1068s
progress: nodes=14,400,000,000 tested=1 found=0 n=667334131835342863073325 elapsed=1068s
progress: nodes=14,410,000,000 tested=1 found=0 n=144515263410476299544775 elapsed=1069s
progress: nodes=14,420,000,000 tested=1 found=0 n=885060928619893585656525 elapsed=1069s
progress: nodes=14,430,000,000 tested=1 found=0 n=190509557933838524634825 elapsed=1070s
progress: nodes=14,440,000,000 tested=1 found=0 n=351586918449360477344175 elapsed=1070s
progress: nodes=14,450,000,000 tested=1 found=0 n=213838484062209783144225 elapsed=1071s
progress: nodes=14,460,000,000 tested=1 found=0 n=269282318284753142966025 elapsed=1071s
progress: nodes=14,470,000,000 tested=1 found=0 n=176430067395186440324775 elapsed=1072s
progress: nodes=14,480,000,000 tested=1 found=0 n=350754823604554376768475 elapsed=1072s
progress: nodes=14,490,000,000 tested=1 found=0 n=444204860323454407716825 elapsed=1073s
progress: nodes=14,500,000,000 tested=1 found=0 n=262664154578699829716475 elapsed=1073s
progress: nodes=14,510,000,000 tested=1 found=0 n=234551555029597812638775 elapsed=1074s
progress: nodes=14,520,000,000 tested=1 found=0 n=649904233399434391960725 elapsed=1074s
progress: nodes=14,530,000,000 tested=1 found=0 n=138324419450832422818725 elapsed=1075s
progress: nodes=14,540,000,000 tested=1 found=0 n=163325608845994372431225 elapsed=1075s
progress: nodes=14,550,000,000 tested=1 found=0 n=144348177016864230578025 elapsed=1076s
progress: nodes=14,560,000,000 tested=1 found=0 n=84458184578189758897275 elapsed=1076s
progress: nodes=14,570,000,000 tested=1 found=0 n=119829189083776921030425 elapsed=1077s
progress: nodes=14,580,000,000 tested=1 found=0 n=139759977041329952618025 elapsed=1077s
progress: nodes=14,590,000,000 tested=1 found=0 n=311415996906195693894525 elapsed=1078s
progress: nodes=14,600,000,000 tested=1 found=0 n=206408787476965803540525 elapsed=1078s
progress: nodes=14,610,000,000 tested=1 found=0 n=140945100301625667043425 elapsed=1079s
progress: nodes=14,620,000,000 tested=1 found=0 n=151846933793804346164925 elapsed=1079s
progress: nodes=14,630,000,000 tested=1 found=0 n=131714302826552305012725 elapsed=1080s
progress: nodes=14,640,000,000 tested=1 found=0 n=166411674739954407653175 elapsed=1080s
progress: nodes=14,650,000,000 tested=1 found=0 n=204426943419895045953675 elapsed=1081s
progress: nodes=14,660,000,000 tested=1 found=0 n=264455902787015065236825 elapsed=1081s
progress: nodes=14,670,000,000 tested=1 found=0 n=110235796342267421815275 elapsed=1082s
progress: nodes=14,680,000,000 tested=1 found=0 n=33957841389254026626525 elapsed=1082s
progress: nodes=14,690,000,000 tested=1 found=0 n=138099697660957806570225 elapsed=1083s
progress: nodes=14,700,000,000 tested=1 found=0 n=205937563818959194354275 elapsed=1083s
progress: nodes=14,710,000,000 tested=1 found=0 n=178847815602519843426075 elapsed=1084s
progress: nodes=14,720,000,000 tested=1 found=0 n=389939129006468963525175 elapsed=1084s
progress: nodes=14,730,000,000 tested=1 found=0 n=114445866176277422969325 elapsed=1085s
progress: nodes=14,740,000,000 tested=1 found=0 n=109330443474489258203325 elapsed=1085s
progress: nodes=14,750,000,000 tested=1 found=0 n=84931092169971398540475 elapsed=1086s
progress: nodes=14,760,000,000 tested=1 found=0 n=109182229361193068641275 elapsed=1086s
progress: nodes=14,770,000,000 tested=1 found=0 n=105293216664448459936575 elapsed=1087s
progress: nodes=14,780,000,000 tested=1 found=0 n=109869453234759556734825 elapsed=1087s
progress: nodes=14,790,000,000 tested=1 found=0 n=425358931221918748915575 elapsed=1088s
progress: nodes=14,800,000,000 tested=1 found=0 n=905187505150316790541425 elapsed=1089s
progress: nodes=14,810,000,000 tested=1 found=0 n=849475520842585285688325 elapsed=1089s
progress: nodes=14,820,000,000 tested=1 found=0 n=591764475723206807339175 elapsed=1090s
progress: nodes=14,830,000,000 tested=1 found=0 n=994733725922211422143425 elapsed=1091s
progress: nodes=14,840,000,000 tested=1 found=0 n=442788034597538383922025 elapsed=1091s
progress: nodes=14,850,000,000 tested=1 found=0 n=965611747745369167582425 elapsed=1092s
progress: nodes=14,860,000,000 tested=1 found=0 n=912353740947191351876925 elapsed=1092s
progress: nodes=14,870,000,000 tested=1 found=0 n=661621917423274858596975 elapsed=1093s
progress: nodes=14,880,000,000 tested=1 found=0 n=599002170989195843501775 elapsed=1093s
progress: nodes=14,890,000,000 tested=1 found=0 n=963467615224998686656425 elapsed=1094s
progress: nodes=14,900,000,000 tested=1 found=0 n=491540527094938117185675 elapsed=1095s
progress: nodes=14,910,000,000 tested=1 found=0 n=650939135575331235086025 elapsed=1095s
progress: nodes=14,920,000,000 tested=1 found=0 n=337065960907224546093525 elapsed=1096s
progress: nodes=14,930,000,000 tested=1 found=0 n=493129571986463747939175 elapsed=1096s
progress: nodes=14,940,000,000 tested=1 found=0 n=351436096844161087161975 elapsed=1097s
progress: nodes=14,950,000,000 tested=1 found=0 n=367633326394045766522325 elapsed=1097s
progress: nodes=14,960,000,000 tested=1 found=0 n=459085904053194762640725 elapsed=1098s
progress: nodes=14,970,000,000 tested=1 found=0 n=322811502929770065107325 elapsed=1098s
progress: nodes=14,980,000,000 tested=1 found=0 n=466998512502020736440775 elapsed=1099s
progress: nodes=14,990,000,000 tested=1 found=0 n=734501944503749446156275 elapsed=1099s
progress: nodes=15,000,000,000 tested=1 found=0 n=454735372107049358678925 elapsed=1100s
progress: nodes=15,010,000,000 tested=1 found=0 n=215240155420716993470475 elapsed=1100s
progress: nodes=15,020,000,000 tested=1 found=0 n=388109235603297241894575 elapsed=1101s
progress: nodes=15,030,000,000 tested=1 found=0 n=343559557292887297458525 elapsed=1101s
progress: nodes=15,040,000,000 tested=1 found=0 n=292046353215711205157475 elapsed=1102s
progress: nodes=15,050,000,000 tested=1 found=0 n=171066753559826994430275 elapsed=1102s
progress: nodes=15,060,000,000 tested=1 found=0 n=156803061639313408615725 elapsed=1103s
progress: nodes=15,070,000,000 tested=1 found=0 n=343472830203767184910275 elapsed=1103s
progress: nodes=15,080,000,000 tested=1 found=0 n=217649161238541767624175 elapsed=1104s
progress: nodes=15,090,000,000 tested=1 found=0 n=538688455644517527159525 elapsed=1104s
progress: nodes=15,100,000,000 tested=1 found=0 n=167758060672597333341975 elapsed=1105s
progress: nodes=15,110,000,000 tested=1 found=0 n=85692466667073263079225 elapsed=1105s
progress: nodes=15,120,000,000 tested=1 found=0 n=225051224694699942535425 elapsed=1106s
progress: nodes=15,130,000,000 tested=1 found=0 n=637055862208623974119575 elapsed=1106s
progress: nodes=15,140,000,000 tested=1 found=0 n=35768035179686718469275 elapsed=1106s
progress: nodes=15,150,000,000 tested=1 found=0 n=136258439840699498139675 elapsed=1107s
progress: nodes=15,160,000,000 tested=1 found=0 n=949748484111704928318525 elapsed=1107s
progress: nodes=15,170,000,000 tested=1 found=0 n=162353810250148307708775 elapsed=1108s
progress: nodes=15,180,000,000 tested=1 found=0 n=113157996541593397540575 elapsed=1108s
progress: nodes=15,190,000,000 tested=1 found=0 n=123493274466692381040075 elapsed=1109s
progress: nodes=15,200,000,000 tested=1 found=0 n=219593018859576794750175 elapsed=1109s
progress: nodes=15,210,000,000 tested=1 found=0 n=132384830545190881439925 elapsed=1110s
progress: nodes=15,220,000,000 tested=1 found=0 n=192766765012105084332675 elapsed=1110s
progress: nodes=15,230,000,000 tested=1 found=0 n=36759262567844946525825 elapsed=1111s
progress: nodes=15,240,000,000 tested=1 found=0 n=98923674427321381219725 elapsed=1111s
progress: nodes=15,250,000,000 tested=1 found=0 n=132168672428841964848075 elapsed=1112s
progress: nodes=15,260,000,000 tested=1 found=0 n=56552635287474688265475 elapsed=1112s
progress: nodes=15,270,000,000 tested=1 found=0 n=778802233300701317211075 elapsed=1113s
progress: nodes=15,280,000,000 tested=1 found=0 n=377134397446044926505675 elapsed=1113s
progress: nodes=15,290,000,000 tested=1 found=0 n=512680595145302102665575 elapsed=1114s
progress: nodes=15,300,000,000 tested=1 found=0 n=69774309736746498966225 elapsed=1114s
progress: nodes=15,310,000,000 tested=1 found=0 n=48990903227139596118825 elapsed=1115s
progress: nodes=15,320,000,000 tested=1 found=0 n=65928277008166077851775 elapsed=1115s
progress: nodes=15,330,000,000 tested=1 found=0 n=80701796827087998501225 elapsed=1116s
progress: nodes=15,340,000,000 tested=1 found=0 n=33742153890054052131975 elapsed=1116s
progress: nodes=15,350,000,000 tested=1 found=0 n=84949774493538208994025 elapsed=1117s
progress: nodes=15,360,000,000 tested=1 found=0 n=38416029844833292712775 elapsed=1117s
progress: nodes=15,370,000,000 tested=1 found=0 n=75157727224976756528025 elapsed=1118s
progress: nodes=15,380,000,000 tested=1 found=0 n=548035455707474842868475 elapsed=1118s
progress: nodes=15,390,000,000 tested=1 found=0 n=636031461896313645666075 elapsed=1119s
progress: nodes=15,400,000,000 tested=1 found=0 n=812126816856112440443475 elapsed=1120s
progress: nodes=15,410,000,000 tested=1 found=0 n=776918334268146341882325 elapsed=1120s
progress: nodes=15,420,000,000 tested=1 found=0 n=656328394019051117868075 elapsed=1121s
progress: nodes=15,430,000,000 tested=1 found=0 n=925309201410414351026925 elapsed=1122s
progress: nodes=15,440,000,000 tested=1 found=0 n=342176137112202889363725 elapsed=1122s
progress: nodes=15,450,000,000 tested=1 found=0 n=298149237470506924112325 elapsed=1123s
progress: nodes=15,460,000,000 tested=1 found=0 n=238905779022031856173725 elapsed=1123s
progress: nodes=15,470,000,000 tested=1 found=0 n=403697593219223241477825 elapsed=1124s
progress: nodes=15,480,000,000 tested=1 found=0 n=864535945663827065310825 elapsed=1124s
progress: nodes=15,490,000,000 tested=1 found=0 n=400911941259615075908475 elapsed=1125s
progress: nodes=15,500,000,000 tested=1 found=0 n=174237082672360646871075 elapsed=1125s
progress: nodes=15,510,000,000 tested=1 found=0 n=911501155869788151707325 elapsed=1126s
progress: nodes=15,520,000,000 tested=1 found=0 n=456244080818931421334175 elapsed=1127s
progress: nodes=15,530,000,000 tested=1 found=0 n=383133406229174606158725 elapsed=1127s
progress: nodes=15,540,000,000 tested=1 found=0 n=367320917846097146249175 elapsed=1128s
progress: nodes=15,550,000,000 tested=1 found=0 n=337730706780335325095925 elapsed=1128s
progress: nodes=15,560,000,000 tested=1 found=0 n=539218659047389577867325 elapsed=1129s
progress: nodes=15,570,000,000 tested=1 found=0 n=899878041055750038164025 elapsed=1129s
progress: nodes=15,580,000,000 tested=1 found=0 n=249862888887094289417325 elapsed=1130s
progress: nodes=15,590,000,000 tested=1 found=0 n=259277134560064478296725 elapsed=1130s
progress: nodes=15,600,000,000 tested=1 found=0 n=478830213292466072991525 elapsed=1131s
progress: nodes=15,610,000,000 tested=1 found=0 n=794224125278045812167675 elapsed=1131s
progress: nodes=15,620,000,000 tested=1 found=0 n=270567935514958204341075 elapsed=1131s
progress: nodes=15,630,000,000 tested=1 found=0 n=341793423944746416432075 elapsed=1132s
progress: nodes=15,640,000,000 tested=1 found=0 n=183318074684424502133025 elapsed=1132s
progress: nodes=15,650,000,000 tested=1 found=0 n=251483857172630465987175 elapsed=1133s
progress: nodes=15,660,000,000 tested=1 found=0 n=148332287607114562455075 elapsed=1133s
progress: nodes=15,670,000,000 tested=1 found=0 n=850012207455578555999325 elapsed=1134s
progress: nodes=15,680,000,000 tested=1 found=0 n=99342586284739561302825 elapsed=1134s
progress: nodes=15,690,000,000 tested=1 found=0 n=223639541204404454532975 elapsed=1135s
progress: nodes=15,700,000,000 tested=1 found=0 n=228499103624859316853175 elapsed=1135s
progress: nodes=15,710,000,000 tested=1 found=0 n=43619426788899623408175 elapsed=1136s
progress: nodes=15,720,000,000 tested=1 found=0 n=170431449358718483975325 elapsed=1136s
progress: nodes=15,730,000,000 tested=1 found=0 n=201436545295997765207025 elapsed=1137s
progress: nodes=15,740,000,000 tested=1 found=0 n=230720790923286439464975 elapsed=1137s
progress: nodes=15,750,000,000 tested=1 found=0 n=311334468448723765541925 elapsed=1138s
progress: nodes=15,760,000,000 tested=1 found=0 n=534060543341649813735675 elapsed=1138s
progress: nodes=15,770,000,000 tested=1 found=0 n=176255548174384013896275 elapsed=1139s
progress: nodes=15,780,000,000 tested=1 found=0 n=137780626906530938626725 elapsed=1139s
progress: nodes=15,790,000,000 tested=1 found=0 n=139419328280265285713175 elapsed=1140s
progress: nodes=15,800,000,000 tested=1 found=0 n=47992688130839484543225 elapsed=1140s
progress: nodes=15,810,000,000 tested=1 found=0 n=106860040562840718571275 elapsed=1141s
progress: nodes=15,820,000,000 tested=1 found=0 n=133330038532215360725175 elapsed=1141s
progress: nodes=15,830,000,000 tested=1 found=0 n=116693111626971911921175 elapsed=1142s
progress: nodes=15,840,000,000 tested=1 found=0 n=716428794077928966573825 elapsed=1142s
progress: nodes=15,850,000,000 tested=1 found=0 n=123770095486292107313175 elapsed=1143s
progress: nodes=15,860,000,000 tested=1 found=0 n=730975553299979655964725 elapsed=1143s
progress: nodes=15,870,000,000 tested=1 found=0 n=97488475398293680883325 elapsed=1143s
progress: nodes=15,880,000,000 tested=1 found=0 n=314869352619993698123025 elapsed=1144s
progress: nodes=15,890,000,000 tested=1 found=0 n=121014995066329063417575 elapsed=1144s
progress: nodes=15,900,000,000 tested=1 found=0 n=189454461749634612713325 elapsed=1145s
progress: nodes=15,910,000,000 tested=1 found=0 n=90265113623619196880475 elapsed=1145s
progress: nodes=15,920,000,000 tested=1 found=0 n=115815708232818778823925 elapsed=1146s
progress: nodes=15,930,000,000 tested=1 found=0 n=94710982106093730587925 elapsed=1146s
progress: nodes=15,940,000,000 tested=1 found=0 n=86064085025487938129475 elapsed=1147s
progress: nodes=15,950,000,000 tested=1 found=0 n=910981978439291222424675 elapsed=1147s
progress: nodes=15,960,000,000 tested=1 found=0 n=991562372114224268111325 elapsed=1148s
progress: nodes=15,970,000,000 tested=1 found=0 n=555231819521966534665575 elapsed=1149s
progress: nodes=15,980,000,000 tested=1 found=0 n=774711235264794424986675 elapsed=1150s
progress: nodes=15,990,000,000 tested=1 found=0 n=280299970503328571442075 elapsed=1150s
progress: nodes=16,000,000,000 tested=1 found=0 n=903281709146956006478325 elapsed=1151s
progress: nodes=16,010,000,000 tested=1 found=0 n=922753276128890844891825 elapsed=1151s
progress: nodes=16,020,000,000 tested=1 found=0 n=983552148026270333221425 elapsed=1152s
progress: nodes=16,030,000,000 tested=1 found=0 n=829403215087828518927075 elapsed=1152s
progress: nodes=16,040,000,000 tested=1 found=0 n=677511305774358545522175 elapsed=1153s
progress: nodes=16,050,000,000 tested=1 found=0 n=817362028536517116585075 elapsed=1154s
progress: nodes=16,060,000,000 tested=1 found=0 n=424222784527009522508025 elapsed=1154s
progress: nodes=16,070,000,000 tested=1 found=0 n=642483349297871362420425 elapsed=1155s
progress: nodes=16,080,000,000 tested=1 found=0 n=401794150779785940858825 elapsed=1155s
progress: nodes=16,090,000,000 tested=1 found=0 n=933022972899715815234975 elapsed=1156s
progress: nodes=16,100,000,000 tested=1 found=0 n=522670141406257147006275 elapsed=1156s
progress: nodes=16,110,000,000 tested=1 found=0 n=414313965634294124052225 elapsed=1157s
progress: nodes=16,120,000,000 tested=1 found=0 n=204313893349105164907425 elapsed=1157s
progress: nodes=16,130,000,000 tested=1 found=0 n=725254642209649340978475 elapsed=1158s
progress: nodes=16,140,000,000 tested=1 found=0 n=192043017964734844511175 elapsed=1158s
progress: nodes=16,150,000,000 tested=1 found=0 n=317673336532195977729825 elapsed=1159s
progress: nodes=16,160,000,000 tested=1 found=0 n=234417681961792479482475 elapsed=1159s
progress: nodes=16,170,000,000 tested=1 found=0 n=374997052164833148797175 elapsed=1160s
progress: nodes=16,180,000,000 tested=1 found=0 n=606108898114866902516475 elapsed=1160s
progress: nodes=16,190,000,000 tested=1 found=0 n=686612262491096901627525 elapsed=1161s
progress: nodes=16,200,000,000 tested=1 found=0 n=464881377869312434677075 elapsed=1161s
progress: nodes=16,210,000,000 tested=1 found=0 n=151565032766584248872775 elapsed=1162s
progress: nodes=16,220,000,000 tested=1 found=0 n=95662022962452803860575 elapsed=1162s
progress: nodes=16,230,000,000 tested=1 found=0 n=549209114973869014268175 elapsed=1163s
progress: nodes=16,240,000,000 tested=1 found=0 n=147886637327747368811475 elapsed=1163s
progress: nodes=16,250,000,000 tested=1 found=0 n=218617332634143876222075 elapsed=1164s
progress: nodes=16,260,000,000 tested=1 found=0 n=231681982671576148579725 elapsed=1164s
progress: nodes=16,270,000,000 tested=1 found=0 n=948125230847192317351575 elapsed=1165s
progress: nodes=16,280,000,000 tested=1 found=0 n=213071574538257933894825 elapsed=1165s
progress: nodes=16,290,000,000 tested=1 found=0 n=329777518691639797682475 elapsed=1166s
progress: nodes=16,300,000,000 tested=1 found=0 n=142571665359062266545075 elapsed=1166s
progress: nodes=16,310,000,000 tested=1 found=0 n=55721590646027752263675 elapsed=1166s
progress: nodes=16,320,000,000 tested=1 found=0 n=268783494274413039968475 elapsed=1167s
progress: nodes=16,330,000,000 tested=1 found=0 n=380862679553494767990075 elapsed=1167s
progress: nodes=16,340,000,000 tested=1 found=0 n=86703782707018223099925 elapsed=1168s
progress: nodes=16,350,000,000 tested=1 found=0 n=446438325761710120742475 elapsed=1168s
progress: nodes=16,360,000,000 tested=1 found=0 n=431746674949821596711775 elapsed=1169s
progress: nodes=16,370,000,000 tested=1 found=0 n=278831725256872560276075 elapsed=1169s
progress: nodes=16,380,000,000 tested=1 found=0 n=57575428811185670738925 elapsed=1170s
progress: nodes=16,390,000,000 tested=1 found=0 n=73920372989760149070075 elapsed=1170s
progress: nodes=16,400,000,000 tested=1 found=0 n=331396949310686447127225 elapsed=1171s
progress: nodes=16,410,000,000 tested=1 found=0 n=696439606476089434068825 elapsed=1171s
progress: nodes=16,420,000,000 tested=1 found=0 n=476431781515115818080975 elapsed=1172s
progress: nodes=16,430,000,000 tested=1 found=0 n=243483128324335910964525 elapsed=1172s
progress: nodes=16,440,000,000 tested=1 found=0 n=678679646755003174184475 elapsed=1173s
progress: nodes=16,450,000,000 tested=1 found=0 n=113196729274496073395475 elapsed=1173s
progress: nodes=16,460,000,000 tested=1 found=0 n=67573015435016127540075 elapsed=1174s
progress: nodes=16,470,000,000 tested=1 found=0 n=115400689357015353001425 elapsed=1174s
progress: nodes=16,480,000,000 tested=1 found=0 n=101345860960064177167425 elapsed=1175s
progress: nodes=16,490,000,000 tested=1 found=0 n=88698971133317919027225 elapsed=1175s
progress: nodes=16,500,000,000 tested=1 found=0 n=78065338730600962358475 elapsed=1176s
progress: nodes=16,510,000,000 tested=1 found=0 n=84159245781071719390275 elapsed=1176s
progress: nodes=16,520,000,000 tested=1 found=0 n=785483844622292189870925 elapsed=1177s
progress: nodes=16,530,000,000 tested=1 found=0 n=620044956823845562248525 elapsed=1178s
progress: nodes=16,540,000,000 tested=1 found=0 n=872252991988132107821325 elapsed=1178s
progress: nodes=16,550,000,000 tested=1 found=0 n=989183022542650988920725 elapsed=1179s
progress: nodes=16,560,000,000 tested=1 found=0 n=818637235334021728514175 elapsed=1179s
progress: nodes=16,570,000,000 tested=1 found=0 n=828648195676563765671025 elapsed=1180s
progress: nodes=16,580,000,000 tested=1 found=0 n=836428352314724897259675 elapsed=1181s
progress: nodes=16,590,000,000 tested=1 found=0 n=900744287855152665864225 elapsed=1181s
progress: nodes=16,600,000,000 tested=1 found=0 n=693239155732795919107575 elapsed=1182s
progress: nodes=16,610,000,000 tested=1 found=0 n=783208576625868864889275 elapsed=1182s
progress: nodes=16,620,000,000 tested=1 found=0 n=380863822065978285466575 elapsed=1183s
progress: nodes=16,630,000,000 tested=1 found=0 n=728415191639554968581175 elapsed=1183s
progress: nodes=16,640,000,000 tested=1 found=0 n=395610295513696948981725 elapsed=1184s
progress: nodes=16,650,000,000 tested=1 found=0 n=203420846075752066593975 elapsed=1184s
progress: nodes=16,660,000,000 tested=1 found=0 n=802075691158608869906475 elapsed=1185s
progress: nodes=16,670,000,000 tested=1 found=0 n=396608833211179659116475 elapsed=1185s
progress: nodes=16,680,000,000 tested=1 found=0 n=71052996217566232659075 elapsed=1186s
progress: nodes=16,690,000,000 tested=1 found=0 n=235284099189951445930725 elapsed=1186s
progress: nodes=16,700,000,000 tested=1 found=0 n=344708707407136652140275 elapsed=1187s
progress: nodes=16,710,000,000 tested=1 found=0 n=288364743779106919235025 elapsed=1187s
progress: nodes=16,720,000,000 tested=1 found=0 n=238674249088183953855525 elapsed=1188s
progress: nodes=16,730,000,000 tested=1 found=0 n=249065756552475766643025 elapsed=1188s
progress: nodes=16,740,000,000 tested=1 found=0 n=191189521964738907206025 elapsed=1189s
progress: nodes=16,750,000,000 tested=1 found=0 n=237152237973633656527425 elapsed=1189s
progress: nodes=16,760,000,000 tested=1 found=0 n=103163993042645362574175 elapsed=1190s
progress: nodes=16,770,000,000 tested=1 found=0 n=270796463564869481135325 elapsed=1190s
progress: nodes=16,780,000,000 tested=1 found=0 n=97527280858002963278025 elapsed=1191s
progress: nodes=16,790,000,000 tested=1 found=0 n=187719329514611680296225 elapsed=1191s
progress: nodes=16,800,000,000 tested=1 found=0 n=200949853180995823593975 elapsed=1192s
progress: nodes=16,810,000,000 tested=1 found=0 n=261287425330219144953525 elapsed=1192s
progress: nodes=16,820,000,000 tested=1 found=0 n=569864240326958892411525 elapsed=1193s
progress: nodes=16,830,000,000 tested=1 found=0 n=202300601137449078982575 elapsed=1193s
progress: nodes=16,840,000,000 tested=1 found=0 n=625984328696084422317825 elapsed=1194s
progress: nodes=16,850,000,000 tested=1 found=0 n=158000280834292358715825 elapsed=1194s
progress: nodes=16,860,000,000 tested=1 found=0 n=554776507575399160011675 elapsed=1195s
progress: nodes=16,870,000,000 tested=1 found=0 n=499700094502645603827975 elapsed=1195s
progress: nodes=16,880,000,000 tested=1 found=0 n=63396371303577204953775 elapsed=1196s
progress: nodes=16,890,000,000 tested=1 found=0 n=213034678184514711921825 elapsed=1196s
progress: nodes=16,900,000,000 tested=1 found=0 n=365988659173101606352425 elapsed=1196s
progress: nodes=16,910,000,000 tested=1 found=0 n=35531552967450043314525 elapsed=1197s
progress: nodes=16,920,000,000 tested=1 found=0 n=444947684431998987836025 elapsed=1197s
progress: nodes=16,930,000,000 tested=1 found=0 n=96117917884809082515825 elapsed=1198s
progress: nodes=16,940,000,000 tested=1 found=0 n=962729677480290707870025 elapsed=1198s
progress: nodes=16,950,000,000 tested=1 found=0 n=288112761012784509119175 elapsed=1199s
progress: nodes=16,960,000,000 tested=1 found=0 n=48428008482837444521775 elapsed=1199s
progress: nodes=16,970,000,000 tested=1 found=0 n=62256218788933182702975 elapsed=1200s
progress: nodes=16,980,000,000 tested=1 found=0 n=223507958256640452691725 elapsed=1200s
progress: nodes=16,990,000,000 tested=1 found=0 n=106633683812412355802775 elapsed=1201s
progress: nodes=17,000,000,000 tested=1 found=0 n=124296428184590410759725 elapsed=1201s
progress: nodes=17,010,000,000 tested=1 found=0 n=42242948304297087214725 elapsed=1202s
progress: nodes=17,020,000,000 tested=1 found=0 n=84702099343281663811425 elapsed=1202s
progress: nodes=17,030,000,000 tested=1 found=0 n=88744381902588199155225 elapsed=1203s
progress: nodes=17,040,000,000 tested=1 found=0 n=40235854002908067075 elapsed=1203s
progress: nodes=17,050,000,000 tested=1 found=0 n=976366498771276485326025 elapsed=1204s
progress: nodes=17,060,000,000 tested=1 found=0 n=438630540848031598026675 elapsed=1205s
progress: nodes=17,070,000,000 tested=1 found=0 n=716246519740121480070675 elapsed=1205s
progress: nodes=17,080,000,000 tested=1 found=0 n=610788277052081410821825 elapsed=1206s
progress: nodes=17,090,000,000 tested=1 found=0 n=555877335004548460106775 elapsed=1206s
progress: nodes=17,100,000,000 tested=1 found=0 n=323786859967187076506475 elapsed=1207s
progress: nodes=17,110,000,000 tested=1 found=0 n=888897735944215857749175 elapsed=1208s
progress: nodes=17,120,000,000 tested=1 found=0 n=479402699674622343251775 elapsed=1208s
progress: nodes=17,130,000,000 tested=1 found=0 n=611991122293822564303725 elapsed=1209s
progress: nodes=17,140,000,000 tested=1 found=0 n=956946575743039393329675 elapsed=1209s
progress: nodes=17,150,000,000 tested=1 found=0 n=583662734075396259344775 elapsed=1210s
progress: nodes=17,160,000,000 tested=1 found=0 n=503016089267746003638975 elapsed=1210s
progress: nodes=17,170,000,000 tested=1 found=0 n=626035936611572388748275 elapsed=1211s
progress: nodes=17,180,000,000 tested=1 found=0 n=442684874603226431737275 elapsed=1211s
progress: nodes=17,190,000,000 tested=1 found=0 n=806789303000389469914725 elapsed=1212s
progress: nodes=17,200,000,000 tested=1 found=0 n=798499362793248056730075 elapsed=1212s
progress: nodes=17,210,000,000 tested=1 found=0 n=448274622294613555937925 elapsed=1213s
progress: nodes=17,220,000,000 tested=1 found=0 n=788388083346620051112675 elapsed=1213s
progress: nodes=17,230,000,000 tested=1 found=0 n=155793122863191767714475 elapsed=1214s
progress: nodes=17,240,000,000 tested=1 found=0 n=239246586842833865927775 elapsed=1214s
progress: nodes=17,250,000,000 tested=1 found=0 n=128052982165897373795925 elapsed=1215s
progress: nodes=17,260,000,000 tested=1 found=0 n=167422781705041948982325 elapsed=1215s
progress: nodes=17,270,000,000 tested=1 found=0 n=542947167090777955902825 elapsed=1216s
progress: nodes=17,280,000,000 tested=1 found=0 n=253390430316899172264825 elapsed=1216s
progress: nodes=17,290,000,000 tested=1 found=0 n=81450821137150486475025 elapsed=1217s
progress: nodes=17,300,000,000 tested=1 found=0 n=362603645499962704255275 elapsed=1217s
progress: nodes=17,310,000,000 tested=1 found=0 n=204468483109308338810175 elapsed=1218s
progress: nodes=17,320,000,000 tested=1 found=0 n=226042242840981060554775 elapsed=1218s
progress: nodes=17,330,000,000 tested=1 found=0 n=101089150946833425808575 elapsed=1219s
progress: nodes=17,340,000,000 tested=1 found=0 n=127142512434137852769975 elapsed=1219s
progress: nodes=17,350,000,000 tested=1 found=0 n=123367830791189571669225 elapsed=1220s
progress: nodes=17,360,000,000 tested=1 found=0 n=194203100165356346610975 elapsed=1220s
progress: nodes=17,370,000,000 tested=1 found=0 n=72972002314364978177925 elapsed=1221s
progress: nodes=17,380,000,000 tested=1 found=0 n=127529053826968178588775 elapsed=1221s
progress: nodes=17,390,000,000 tested=1 found=0 n=979384878724581409519725 elapsed=1222s
progress: nodes=17,400,000,000 tested=1 found=0 n=140045025664873808868675 elapsed=1222s
progress: nodes=17,410,000,000 tested=1 found=0 n=129477263961163431123525 elapsed=1223s
progress: nodes=17,420,000,000 tested=1 found=0 n=103980562774082401868175 elapsed=1223s
progress: nodes=17,430,000,000 tested=1 found=0 n=105166844551157867081175 elapsed=1223s
progress: nodes=17,440,000,000 tested=1 found=0 n=117789805230760296744825 elapsed=1224s
progress: nodes=17,450,000,000 tested=1 found=0 n=727102700414114813935575 elapsed=1224s
progress: nodes=17,460,000,000 tested=1 found=0 n=40063247789795530689675 elapsed=1225s
progress: nodes=17,470,000,000 tested=1 found=0 n=32042519285242609260975 elapsed=1225s
progress: nodes=17,480,000,000 tested=1 found=0 n=398893382303172179355075 elapsed=1226s
progress: nodes=17,490,000,000 tested=1 found=0 n=60575052293403460108725 elapsed=1226s
progress: nodes=17,500,000,000 tested=1 found=0 n=698813858020509231546975 elapsed=1227s
progress: nodes=17,510,000,000 tested=1 found=0 n=318782625268829142875025 elapsed=1227s
progress: nodes=17,520,000,000 tested=1 found=0 n=101607809608814007030675 elapsed=1228s
progress: nodes=17,530,000,000 tested=1 found=0 n=74752718468437804197975 elapsed=1228s
progress: nodes=17,540,000,000 tested=1 found=0 n=80490948789838643638725 elapsed=1229s
progress: nodes=17,550,000,000 tested=1 found=0 n=891797630529596385834525 elapsed=1229s
progress: nodes=17,560,000,000 tested=1 found=0 n=780823351902709330118475 elapsed=1230s
progress: nodes=17,570,000,000 tested=1 found=0 n=641770754113595983272825 elapsed=1231s
progress: nodes=17,580,000,000 tested=1 found=0 n=643252215550068062506425 elapsed=1231s
progress: nodes=17,590,000,000 tested=1 found=0 n=888687339079347332178225 elapsed=1232s
progress: nodes=17,600,000,000 tested=1 found=0 n=320768032362206327602275 elapsed=1233s
progress: nodes=17,610,000,000 tested=1 found=0 n=536920296623246333515575 elapsed=1233s
progress: nodes=17,620,000,000 tested=1 found=0 n=879840584178481410631575 elapsed=1234s
progress: nodes=17,630,000,000 tested=1 found=0 n=542201970345791159107275 elapsed=1234s
progress: nodes=17,640,000,000 tested=1 found=0 n=848266508819002739069175 elapsed=1235s
progress: nodes=17,650,000,000 tested=1 found=0 n=935578375738200488011575 elapsed=1235s
progress: nodes=17,660,000,000 tested=1 found=0 n=552418528466083687690425 elapsed=1236s
progress: nodes=17,670,000,000 tested=1 found=0 n=520953261852500552865075 elapsed=1236s
progress: nodes=17,680,000,000 tested=1 found=0 n=999432964006912545492525 elapsed=1237s
progress: nodes=17,690,000,000 tested=1 found=0 n=576415402567680976968525 elapsed=1237s
progress: nodes=17,700,000,000 tested=1 found=0 n=540027912305723641510425 elapsed=1238s
progress: nodes=17,710,000,000 tested=1 found=0 n=400244480603123914725825 elapsed=1238s
progress: nodes=17,720,000,000 tested=1 found=0 n=659769080363837793052275 elapsed=1239s
progress: nodes=17,730,000,000 tested=1 found=0 n=544550909181105396473475 elapsed=1240s
progress: nodes=17,740,000,000 tested=1 found=0 n=353733800275466749827975 elapsed=1240s
progress: nodes=17,750,000,000 tested=1 found=0 n=910232671606609009691175 elapsed=1241s
progress: nodes=17,760,000,000 tested=1 found=0 n=128853491814050196625575 elapsed=1241s
progress: nodes=17,770,000,000 tested=1 found=0 n=176652663709587227801925 elapsed=1241s
progress: nodes=17,780,000,000 tested=1 found=0 n=296031966538230564438225 elapsed=1242s
progress: nodes=17,790,000,000 tested=1 found=0 n=219028607491999721247975 elapsed=1242s
progress: nodes=17,800,000,000 tested=1 found=0 n=495848957985097774661175 elapsed=1243s
progress: nodes=17,810,000,000 tested=1 found=0 n=94142631290902225649475 elapsed=1243s
progress: nodes=17,820,000,000 tested=1 found=0 n=859545442984398085783725 elapsed=1244s
progress: nodes=17,830,000,000 tested=1 found=0 n=129337756841162735033025 elapsed=1244s
progress: nodes=17,840,000,000 tested=1 found=0 n=112560893003174174162175 elapsed=1245s
progress: nodes=17,850,000,000 tested=1 found=0 n=749859189922383549476325 elapsed=1245s
progress: nodes=17,860,000,000 tested=1 found=0 n=214145427558986170844025 elapsed=1246s
progress: nodes=17,870,000,000 tested=1 found=0 n=420979635094795670010975 elapsed=1246s
progress: nodes=17,880,000,000 tested=1 found=0 n=138634115867926781398725 elapsed=1247s
progress: nodes=17,890,000,000 tested=1 found=0 n=367821253781792146596975 elapsed=1247s
progress: nodes=17,900,000,000 tested=1 found=0 n=107549222110186060422075 elapsed=1248s
progress: nodes=17,910,000,000 tested=1 found=0 n=168924631968758979981525 elapsed=1248s
progress: nodes=17,920,000,000 tested=1 found=0 n=100439797224499277226825 elapsed=1249s
progress: nodes=17,930,000,000 tested=1 found=0 n=377292858067411414331775 elapsed=1249s
progress: nodes=17,940,000,000 tested=1 found=0 n=155817824424582773084775 elapsed=1250s
progress: nodes=17,950,000,000 tested=1 found=0 n=169402844925847241097675 elapsed=1250s
progress: nodes=17,960,000,000 tested=1 found=0 n=144128194042793124374925 elapsed=1251s
progress: nodes=17,970,000,000 tested=1 found=0 n=457477587111171977568075 elapsed=1251s
progress: nodes=17,980,000,000 tested=1 found=0 n=152402535954365069576775 elapsed=1252s
progress: nodes=17,990,000,000 tested=1 found=0 n=47816128562125326084825 elapsed=1252s
progress: nodes=18,000,000,000 tested=1 found=0 n=30677262572831176184025 elapsed=1253s
progress: nodes=18,010,000,000 tested=1 found=0 n=79770822074653050637725 elapsed=1253s
progress: nodes=18,020,000,000 tested=1 found=0 n=91783719413101649365575 elapsed=1254s
progress: nodes=18,030,000,000 tested=1 found=0 n=51269508567493061735175 elapsed=1254s
progress: nodes=18,040,000,000 tested=1 found=0 n=53516026350249600841275 elapsed=1255s
progress: nodes=18,050,000,000 tested=1 found=0 n=74261967305846866463775 elapsed=1255s
progress: nodes=18,060,000,000 tested=1 found=0 n=919060538532775066717575 elapsed=1256s
progress: nodes=18,070,000,000 tested=1 found=0 n=901048200085196333967225 elapsed=1256s
progress: nodes=18,080,000,000 tested=1 found=0 n=573973601675806422229425 elapsed=1257s
progress: nodes=18,090,000,000 tested=1 found=0 n=591500197573536265646775 elapsed=1258s
progress: nodes=18,100,000,000 tested=1 found=0 n=391880381311420429932075 elapsed=1258s
progress: nodes=18,110,000,000 tested=1 found=0 n=700118862338751687942825 elapsed=1259s
progress: nodes=18,120,000,000 tested=1 found=0 n=390683465626277252682825 elapsed=1259s
progress: nodes=18,130,000,000 tested=1 found=0 n=683893625929951881476175 elapsed=1260s
progress: nodes=18,140,000,000 tested=1 found=0 n=690512317168913097562275 elapsed=1260s
progress: nodes=18,150,000,000 tested=1 found=0 n=455266846551337925815425 elapsed=1261s
progress: nodes=18,160,000,000 tested=1 found=0 n=485018282110787357650575 elapsed=1261s
progress: nodes=18,170,000,000 tested=1 found=0 n=308422935537078414184275 elapsed=1262s
progress: nodes=18,180,000,000 tested=1 found=0 n=343326021445591908663225 elapsed=1263s
progress: nodes=18,190,000,000 tested=1 found=0 n=197132593091053019732475 elapsed=1263s
progress: nodes=18,200,000,000 tested=1 found=0 n=452389959824435332846575 elapsed=1264s
progress: nodes=18,210,000,000 tested=1 found=0 n=178911750169050939601275 elapsed=1264s
progress: nodes=18,220,000,000 tested=1 found=0 n=296683767310187508011475 elapsed=1264s
progress: nodes=18,230,000,000 tested=1 found=0 n=263758526850468996778575 elapsed=1265s
progress: nodes=18,240,000,000 tested=1 found=0 n=220878545078595958221525 elapsed=1265s
progress: nodes=18,250,000,000 tested=1 found=0 n=485583279230563855480425 elapsed=1266s
progress: nodes=18,260,000,000 tested=1 found=0 n=489992926365896745180675 elapsed=1266s
progress: nodes=18,270,000,000 tested=1 found=0 n=627168143347187328432975 elapsed=1267s
progress: nodes=18,280,000,000 tested=1 found=0 n=214502609565378432644775 elapsed=1267s
progress: nodes=18,290,000,000 tested=1 found=0 n=284001925713204354416475 elapsed=1268s
progress: nodes=18,300,000,000 tested=1 found=0 n=219108734778377170980825 elapsed=1268s
progress: nodes=18,310,000,000 tested=1 found=0 n=856013775117053172251775 elapsed=1269s
progress: nodes=18,320,000,000 tested=1 found=0 n=126617027891971071451425 elapsed=1269s
progress: nodes=18,330,000,000 tested=1 found=0 n=643357897217209753325175 elapsed=1270s
progress: nodes=18,340,000,000 tested=1 found=0 n=820461582659704290301425 elapsed=1270s
progress: nodes=18,350,000,000 tested=1 found=0 n=239363060966197597775775 elapsed=1271s
progress: nodes=18,360,000,000 tested=1 found=0 n=180764068381024707246525 elapsed=1271s
progress: nodes=18,370,000,000 tested=1 found=0 n=334453434189682890836325 elapsed=1272s
progress: nodes=18,380,000,000 tested=1 found=0 n=435203353440723819848325 elapsed=1272s
progress: nodes=18,390,000,000 tested=1 found=0 n=381101032816615133912175 elapsed=1273s
progress: nodes=18,400,000,000 tested=1 found=0 n=110726940421760748474675 elapsed=1273s
progress: nodes=18,410,000,000 tested=1 found=0 n=156579419130578347643025 elapsed=1274s
progress: nodes=18,420,000,000 tested=1 found=0 n=116033506941764825244975 elapsed=1274s
progress: nodes=18,430,000,000 tested=1 found=0 n=545658160468537484478825 elapsed=1275s
progress: nodes=18,440,000,000 tested=1 found=0 n=116742416115118321681725 elapsed=1275s
progress: nodes=18,450,000,000 tested=1 found=0 n=140987731189758819870075 elapsed=1276s
progress: nodes=18,460,000,000 tested=1 found=0 n=50119429214701372243575 elapsed=1276s
progress: nodes=18,470,000,000 tested=1 found=0 n=61924059105520765542675 elapsed=1276s
progress: nodes=18,480,000,000 tested=1 found=0 n=358101110747748409995525 elapsed=1277s
progress: nodes=18,490,000,000 tested=1 found=0 n=329875318395912687437325 elapsed=1277s
progress: nodes=18,500,000,000 tested=1 found=0 n=111831355099586561685675 elapsed=1278s
progress: nodes=18,510,000,000 tested=1 found=0 n=208195442781868430256225 elapsed=1278s
progress: nodes=18,520,000,000 tested=1 found=0 n=61896381108327964158675 elapsed=1279s
progress: nodes=18,530,000,000 tested=1 found=0 n=18977398480932438228825 elapsed=1279s
progress: nodes=18,540,000,000 tested=1 found=0 n=59102605200525949780575 elapsed=1280s
progress: nodes=18,550,000,000 tested=1 found=0 n=71120362497320097164775 elapsed=1280s
progress: nodes=18,560,000,000 tested=1 found=0 n=963622815485620728770475 elapsed=1281s
progress: nodes=18,570,000,000 tested=1 found=0 n=846309024848067903719025 elapsed=1282s
progress: nodes=18,580,000,000 tested=1 found=0 n=617319233638190152501575 elapsed=1283s
progress: nodes=18,590,000,000 tested=1 found=0 n=207487153821342434528775 elapsed=1283s
progress: nodes=18,600,000,000 tested=1 found=0 n=738152846607068046436425 elapsed=1284s
progress: nodes=18,610,000,000 tested=1 found=0 n=191423226322728080184075 elapsed=1284s
progress: nodes=18,620,000,000 tested=1 found=0 n=247248697529224928919525 elapsed=1285s
progress: nodes=18,630,000,000 tested=1 found=0 n=750874949960368437021675 elapsed=1285s
progress: nodes=18,640,000,000 tested=1 found=0 n=653766148847298126000075 elapsed=1286s
progress: nodes=18,650,000,000 tested=1 found=0 n=591064986713528178734025 elapsed=1287s
progress: nodes=18,660,000,000 tested=1 found=0 n=580884545855223031711575 elapsed=1287s
progress: nodes=18,670,000,000 tested=1 found=0 n=589607843181199990407975 elapsed=1288s
progress: nodes=18,680,000,000 tested=1 found=0 n=488375566459256146424325 elapsed=1288s
progress: nodes=18,690,000,000 tested=1 found=0 n=325283820397464513896025 elapsed=1289s
progress: nodes=18,700,000,000 tested=1 found=0 n=539312077433220018330975 elapsed=1289s
progress: nodes=18,710,000,000 tested=1 found=0 n=930309094304558352394725 elapsed=1290s
progress: nodes=18,720,000,000 tested=1 found=0 n=673144432183558751634075 elapsed=1290s
progress: nodes=18,730,000,000 tested=1 found=0 n=198305070924202139329575 elapsed=1291s
progress: nodes=18,740,000,000 tested=1 found=0 n=606602753489167290752325 elapsed=1291s
progress: nodes=18,750,000,000 tested=1 found=0 n=312863276990338874438925 elapsed=1292s
progress: nodes=18,760,000,000 tested=1 found=0 n=886530316040920074391725 elapsed=1292s
progress: nodes=18,770,000,000 tested=1 found=0 n=116311012810637077901325 elapsed=1293s
progress: nodes=18,780,000,000 tested=1 found=0 n=242585857987676734320075 elapsed=1293s
progress: nodes=18,790,000,000 tested=1 found=0 n=195829791106724706349275 elapsed=1293s
progress: nodes=18,800,000,000 tested=1 found=0 n=85299451504959742661325 elapsed=1294s
progress: nodes=18,810,000,000 tested=1 found=0 n=204227398122419393940075 elapsed=1294s
progress: nodes=18,820,000,000 tested=1 found=0 n=54200470895955237571575 elapsed=1295s
progress: nodes=18,830,000,000 tested=1 found=0 n=54630340319166760208775 elapsed=1295s
progress: nodes=18,840,000,000 tested=1 found=0 n=78363718907422739086725 elapsed=1296s
progress: nodes=18,850,000,000 tested=1 found=0 n=406939236657341389512225 elapsed=1296s
progress: nodes=18,860,000,000 tested=1 found=0 n=121883661503130185941425 elapsed=1297s
progress: nodes=18,870,000,000 tested=1 found=0 n=94753257993593752549425 elapsed=1297s
progress: nodes=18,880,000,000 tested=1 found=0 n=100174809779230845655425 elapsed=1298s
progress: nodes=18,890,000,000 tested=1 found=0 n=368041128679183648377975 elapsed=1298s
progress: nodes=18,900,000,000 tested=1 found=0 n=263356242371099529998775 elapsed=1299s
progress: nodes=18,910,000,000 tested=1 found=0 n=94339484912378110794675 elapsed=1299s
progress: nodes=18,920,000,000 tested=1 found=0 n=56110639208678884476075 elapsed=1300s
progress: nodes=18,930,000,000 tested=1 found=0 n=45427813235317299189975 elapsed=1300s
progress: nodes=18,940,000,000 tested=1 found=0 n=54574819196091239148675 elapsed=1301s
progress: nodes=18,950,000,000 tested=1 found=0 n=336302380750160861654475 elapsed=1301s
progress: nodes=18,960,000,000 tested=1 found=0 n=109012488739499609946825 elapsed=1302s
progress: nodes=18,970,000,000 tested=1 found=0 n=62476446146726899147575 elapsed=1302s
progress: nodes=18,980,000,000 tested=1 found=0 n=537445018359706083744975 elapsed=1303s
progress: nodes=18,990,000,000 tested=1 found=0 n=41240562086872215006225 elapsed=1303s
progress: nodes=19,000,000,000 tested=1 found=0 n=44513205506800669127775 elapsed=1304s
progress: nodes=19,010,000,000 tested=1 found=0 n=29636292981395810520525 elapsed=1304s
progress: nodes=19,020,000,000 tested=1 found=0 n=61886313394541431106025 elapsed=1305s
progress: nodes=19,030,000,000 tested=1 found=0 n=55689194189180307723825 elapsed=1305s
progress: nodes=19,040,000,000 tested=1 found=0 n=948055526423930008473675 elapsed=1306s
progress: nodes=19,050,000,000 tested=1 found=0 n=738439796376294094185675 elapsed=1306s
progress: nodes=19,060,000,000 tested=1 found=0 n=966873626701670122116825 elapsed=1307s
progress: nodes=19,070,000,000 tested=1 found=0 n=392664691770866123777025 elapsed=1308s
progress: nodes=19,080,000,000 tested=1 found=0 n=862480147717895661336525 elapsed=1308s
progress: nodes=19,090,000,000 tested=1 found=0 n=312364688149035333315075 elapsed=1309s
progress: nodes=19,100,000,000 tested=1 found=0 n=869815505151544663150725 elapsed=1309s
progress: nodes=19,110,000,000 tested=1 found=0 n=661017561294443003754675 elapsed=1310s
progress: nodes=19,120,000,000 tested=1 found=0 n=857511544581075226203075 elapsed=1310s
progress: nodes=19,130,000,000 tested=1 found=0 n=787317093384905217173325 elapsed=1311s
progress: nodes=19,140,000,000 tested=1 found=0 n=224489349050876993000775 elapsed=1312s
progress: nodes=19,150,000,000 tested=1 found=0 n=331721509457887496193675 elapsed=1312s
progress: nodes=19,160,000,000 tested=1 found=0 n=943768137136129174701975 elapsed=1313s
progress: nodes=19,170,000,000 tested=1 found=0 n=419848858763710041247725 elapsed=1313s
progress: nodes=19,180,000,000 tested=1 found=0 n=319908363305095754249775 elapsed=1314s
progress: nodes=19,190,000,000 tested=1 found=0 n=805144275244506009201675 elapsed=1314s
progress: nodes=19,200,000,000 tested=1 found=0 n=710847454292705808088725 elapsed=1315s
progress: nodes=19,210,000,000 tested=1 found=0 n=468489563116731969501975 elapsed=1315s
progress: nodes=19,220,000,000 tested=1 found=0 n=335897053445419619213775 elapsed=1316s
progress: nodes=19,230,000,000 tested=1 found=0 n=552254691152033759057025 elapsed=1316s
progress: nodes=19,240,000,000 tested=1 found=0 n=311768072917801248380775 elapsed=1317s
progress: nodes=19,250,000,000 tested=1 found=0 n=550365392769951324776925 elapsed=1317s
progress: nodes=19,260,000,000 tested=1 found=0 n=571062060576906612596025 elapsed=1317s
progress: nodes=19,270,000,000 tested=1 found=0 n=247847434778649896072025 elapsed=1318s
progress: nodes=19,280,000,000 tested=1 found=0 n=968630974752418756682475 elapsed=1318s
progress: nodes=19,290,000,000 tested=1 found=0 n=301819228170531647572425 elapsed=1319s
progress: nodes=19,300,000,000 tested=1 found=0 n=71621743732604158890225 elapsed=1319s
progress: nodes=19,310,000,000 tested=1 found=0 n=173182577592140443008825 elapsed=1320s
progress: nodes=19,320,000,000 tested=1 found=0 n=141357995134362584645925 elapsed=1320s
progress: nodes=19,330,000,000 tested=1 found=0 n=165704250562522354479225 elapsed=1321s
progress: nodes=19,340,000,000 tested=1 found=0 n=103247020995688479312975 elapsed=1321s
progress: nodes=19,350,000,000 tested=1 found=0 n=76336887664652421603225 elapsed=1322s
progress: nodes=19,360,000,000 tested=1 found=0 n=142440000826797924639675 elapsed=1322s
progress: nodes=19,370,000,000 tested=1 found=0 n=116152545818566170095325 elapsed=1323s
progress: nodes=19,380,000,000 tested=1 found=0 n=279610014347259305970975 elapsed=1323s
progress: nodes=19,390,000,000 tested=1 found=0 n=65306103480519183721725 elapsed=1324s
progress: nodes=19,400,000,000 tested=1 found=0 n=42470345328215523801225 elapsed=1324s
progress: nodes=19,410,000,000 tested=1 found=0 n=936953415605002199471925 elapsed=1325s
progress: nodes=19,420,000,000 tested=1 found=0 n=113282431469362359214725 elapsed=1325s
progress: nodes=19,430,000,000 tested=1 found=0 n=194641036599228566951175 elapsed=1326s
progress: nodes=19,440,000,000 tested=1 found=0 n=94065876665964718911825 elapsed=1326s
progress: nodes=19,450,000,000 tested=1 found=0 n=300810309268077241636575 elapsed=1327s
progress: nodes=19,460,000,000 tested=1 found=0 n=52774863447098965769025 elapsed=1327s
progress: nodes=19,470,000,000 tested=1 found=0 n=86388924490619991980025 elapsed=1328s
progress: nodes=19,480,000,000 tested=1 found=0 n=59341950829219260698925 elapsed=1328s
progress: nodes=19,490,000,000 tested=1 found=0 n=48311404385960122739475 elapsed=1329s
progress: nodes=19,500,000,000 tested=1 found=0 n=35455882494668607510825 elapsed=1329s
progress: nodes=19,510,000,000 tested=1 found=0 n=46007287064981874521175 elapsed=1330s
progress: nodes=19,520,000,000 tested=1 found=0 n=502379668955977159207575 elapsed=1330s
progress: nodes=19,530,000,000 tested=1 found=0 n=512638737517867728027975 elapsed=1331s
progress: nodes=19,540,000,000 tested=1 found=0 n=617140320959306059032975 elapsed=1331s
progress: nodes=19,550,000,000 tested=1 found=0 n=366171642856360648475025 elapsed=1332s
progress: nodes=19,560,000,000 tested=1 found=0 n=405373706956817631178575 elapsed=1333s
progress: nodes=19,570,000,000 tested=1 found=0 n=917661051116205826276275 elapsed=1333s
progress: nodes=19,580,000,000 tested=1 found=0 n=317777918158040417080575 elapsed=1334s
progress: nodes=19,590,000,000 tested=1 found=0 n=759102500840751096990675 elapsed=1334s
progress: nodes=19,600,000,000 tested=1 found=0 n=429136882111870404926025 elapsed=1335s
progress: nodes=19,610,000,000 tested=1 found=0 n=874653446345014694368725 elapsed=1335s
progress: nodes=19,620,000,000 tested=1 found=0 n=425147159797930884782325 elapsed=1336s
progress: nodes=19,630,000,000 tested=1 found=0 n=442475144220527375561175 elapsed=1337s
progress: nodes=19,640,000,000 tested=1 found=0 n=897810921355712766305475 elapsed=1337s
progress: nodes=19,650,000,000 tested=1 found=0 n=440313401766682595612175 elapsed=1338s
progress: nodes=19,660,000,000 tested=1 found=0 n=664026828935677852605675 elapsed=1338s
progress: nodes=19,670,000,000 tested=1 found=0 n=547286618683472995716675 elapsed=1339s
progress: nodes=19,680,000,000 tested=1 found=0 n=335137852185630980246475 elapsed=1339s
progress: nodes=19,690,000,000 tested=1 found=0 n=298802220398264015765475 elapsed=1340s
progress: nodes=19,700,000,000 tested=1 found=0 n=792280887324254850940275 elapsed=1340s
progress: nodes=19,710,000,000 tested=1 found=0 n=396716998149503502460275 elapsed=1341s
progress: nodes=19,720,000,000 tested=1 found=0 n=261213688763244235300425 elapsed=1341s
progress: nodes=19,730,000,000 tested=1 found=0 n=168790823591045798646075 elapsed=1342s
progress: nodes=19,740,000,000 tested=1 found=0 n=87844400591541504328275 elapsed=1342s
progress: nodes=19,750,000,000 tested=1 found=0 n=620332452991280282220825 elapsed=1343s
progress: nodes=19,760,000,000 tested=1 found=0 n=95104789171397364441225 elapsed=1343s
progress: nodes=19,770,000,000 tested=1 found=0 n=166759799713064330905275 elapsed=1344s
progress: nodes=19,780,000,000 tested=1 found=0 n=59259164769868014483675 elapsed=1344s
progress: nodes=19,790,000,000 tested=1 found=0 n=36929685979273639255275 elapsed=1345s
progress: nodes=19,800,000,000 tested=1 found=0 n=140330390234032236734925 elapsed=1345s
progress: nodes=19,810,000,000 tested=1 found=0 n=78802585850651069839575 elapsed=1346s
progress: nodes=19,820,000,000 tested=1 found=0 n=38280929919915047175525 elapsed=1346s
progress: nodes=19,830,000,000 tested=1 found=0 n=115340548419131508083325 elapsed=1347s
progress: nodes=19,840,000,000 tested=1 found=0 n=730194628643337852626775 elapsed=1347s
progress: nodes=19,850,000,000 tested=1 found=0 n=53541883780221837933075 elapsed=1348s
progress: nodes=19,860,000,000 tested=1 found=0 n=100482696118086215966175 elapsed=1348s
progress: nodes=19,870,000,000 tested=1 found=0 n=103955288206027164953475 elapsed=1349s
progress: nodes=19,880,000,000 tested=1 found=0 n=52104126221665980708675 elapsed=1349s
progress: nodes=19,890,000,000 tested=1 found=0 n=546413170453028917349025 elapsed=1349s
progress: nodes=19,900,000,000 tested=1 found=0 n=34676394065880994359075 elapsed=1350s
progress: nodes=19,910,000,000 tested=1 found=0 n=42493239899111154785775 elapsed=1350s
progress: nodes=19,920,000,000 tested=1 found=0 n=368174110007223419445975 elapsed=1351s
progress: nodes=19,930,000,000 tested=1 found=0 n=55780127842073782257825 elapsed=1351s
progress: nodes=19,940,000,000 tested=1 found=0 n=96054510843414364387575 elapsed=1352s
progress: nodes=19,950,000,000 tested=1 found=0 n=87023885453552349384225 elapsed=1352s
progress: nodes=19,960,000,000 tested=1 found=0 n=93652150805099615875575 elapsed=1353s
progress: nodes=19,970,000,000 tested=1 found=0 n=51976695347656515225075 elapsed=1353s
progress: nodes=19,980,000,000 tested=1 found=0 n=50569974137245233774675 elapsed=1354s
progress: nodes=19,990,000,000 tested=1 found=0 n=155537453657642038586175 elapsed=1355s
progress: nodes=20,000,000,000 tested=1 found=0 n=755785042674759947882175 elapsed=1355s
progress: nodes=20,010,000,000 tested=1 found=0 n=664525243804453632197025 elapsed=1356s
progress: nodes=20,020,000,000 tested=1 found=0 n=857370023536098926557275 elapsed=1357s
progress: nodes=20,030,000,000 tested=1 found=0 n=417286376008283827649175 elapsed=1357s
progress: nodes=20,040,000,000 tested=1 found=0 n=592105250376222915435675 elapsed=1358s
progress: nodes=20,050,000,000 tested=1 found=0 n=793161774063262786836225 elapsed=1359s
progress: nodes=20,060,000,000 tested=1 found=0 n=751234309759851913184475 elapsed=1359s
progress: nodes=20,070,000,000 tested=1 found=0 n=682797671523694126031775 elapsed=1360s
progress: nodes=20,080,000,000 tested=1 found=0 n=686944096703840993256525 elapsed=1360s
progress: nodes=20,090,000,000 tested=1 found=0 n=642345362723211414256275 elapsed=1361s
progress: nodes=20,100,000,000 tested=1 found=0 n=266935652532200675884575 elapsed=1362s
progress: nodes=20,110,000,000 tested=1 found=0 n=240878588722427510894325 elapsed=1362s
progress: nodes=20,120,000,000 tested=1 found=0 n=446880833381119878837525 elapsed=1363s
progress: nodes=20,130,000,000 tested=1 found=0 n=591197553457047675384675 elapsed=1363s
progress: nodes=20,140,000,000 tested=1 found=0 n=68068159543421775855975 elapsed=1364s
progress: nodes=20,150,000,000 tested=1 found=0 n=611684921761941473235075 elapsed=1364s
progress: nodes=20,160,000,000 tested=1 found=0 n=198561625779265793004675 elapsed=1365s
progress: nodes=20,170,000,000 tested=1 found=0 n=240840874189932546311925 elapsed=1366s
progress: nodes=20,180,000,000 tested=1 found=0 n=202362244562004518073225 elapsed=1366s
progress: nodes=20,190,000,000 tested=1 found=0 n=254186088885906543248025 elapsed=1367s
progress: nodes=20,200,000,000 tested=1 found=0 n=329176722350040498787425 elapsed=1367s
progress: nodes=20,210,000,000 tested=1 found=0 n=763660340027570761464975 elapsed=1368s
progress: nodes=20,220,000,000 tested=1 found=0 n=264286632395797848525975 elapsed=1368s
progress: nodes=20,230,000,000 tested=1 found=0 n=442696300706250842383275 elapsed=1369s
progress: nodes=20,240,000,000 tested=1 found=0 n=107945670493346446793175 elapsed=1369s
progress: nodes=20,250,000,000 tested=1 found=0 n=423213583579360617389775 elapsed=1370s
progress: nodes=20,260,000,000 tested=1 found=0 n=782797062647779519186275 elapsed=1370s
progress: nodes=20,270,000,000 tested=1 found=0 n=436669768752455928035775 elapsed=1371s
progress: nodes=20,280,000,000 tested=1 found=0 n=118542485283261061275825 elapsed=1371s
progress: nodes=20,290,000,000 tested=1 found=0 n=145498407857068269356925 elapsed=1372s
progress: nodes=20,300,000,000 tested=1 found=0 n=494532340131327866264325 elapsed=1372s
progress: nodes=20,310,000,000 tested=1 found=0 n=42634632501402341282025 elapsed=1373s
progress: nodes=20,320,000,000 tested=1 found=0 n=38264224569773780388525 elapsed=1373s
progress: nodes=20,330,000,000 tested=1 found=0 n=493086782835374278647525 elapsed=1374s
progress: nodes=20,340,000,000 tested=1 found=0 n=42985852856204959690275 elapsed=1374s
progress: nodes=20,350,000,000 tested=1 found=0 n=47587590102584946596325 elapsed=1375s
progress: nodes=20,360,000,000 tested=1 found=0 n=57914385253856500608525 elapsed=1375s
progress: nodes=20,370,000,000 tested=1 found=0 n=409970008357441268333025 elapsed=1376s
progress: nodes=20,380,000,000 tested=1 found=0 n=445802411912216343945675 elapsed=1376s
progress: nodes=20,390,000,000 tested=1 found=0 n=39982653825282215200725 elapsed=1377s
progress: nodes=20,400,000,000 tested=1 found=0 n=113846622827672226288225 elapsed=1377s
progress: nodes=20,410,000,000 tested=1 found=0 n=16015451517128997530025 elapsed=1378s
progress: nodes=20,420,000,000 tested=1 found=0 n=88864579463605101660075 elapsed=1378s
progress: nodes=20,430,000,000 tested=1 found=0 n=60046938307809807986775 elapsed=1379s
progress: nodes=20,440,000,000 tested=1 found=0 n=53151892860225450387525 elapsed=1380s
progress: nodes=20,450,000,000 tested=1 found=0 n=459505836306381078775275 elapsed=1380s
progress: nodes=20,460,000,000 tested=1 found=0 n=994445285438283915425475 elapsed=1381s
progress: nodes=20,470,000,000 tested=1 found=0 n=975311724808716961605225 elapsed=1381s
progress: nodes=20,480,000,000 tested=1 found=0 n=866692028259161517302175 elapsed=1382s
progress: nodes=20,490,000,000 tested=1 found=0 n=964333219791813250568475 elapsed=1382s
progress: nodes=20,500,000,000 tested=1 found=0 n=772860594527175438687975 elapsed=1383s
progress: nodes=20,510,000,000 tested=1 found=0 n=800614480172083821590775 elapsed=1384s
progress: nodes=20,520,000,000 tested=1 found=0 n=623183112734922210438825 elapsed=1384s
progress: nodes=20,530,000,000 tested=1 found=0 n=707711545156470644929425 elapsed=1385s
progress: nodes=20,540,000,000 tested=1 found=0 n=396727248477901651520925 elapsed=1385s
progress: nodes=20,550,000,000 tested=1 found=0 n=657791206160031880332825 elapsed=1386s
progress: nodes=20,560,000,000 tested=1 found=0 n=438172505758752753127425 elapsed=1386s
progress: nodes=20,570,000,000 tested=1 found=0 n=740264497362770768570325 elapsed=1387s
progress: nodes=20,580,000,000 tested=1 found=0 n=364591923101046581322525 elapsed=1387s
progress: nodes=20,590,000,000 tested=1 found=0 n=538323846281542113582075 elapsed=1388s
progress: nodes=20,600,000,000 tested=1 found=0 n=568537900168093149304725 elapsed=1388s
progress: nodes=20,610,000,000 tested=1 found=0 n=320832683089341091608225 elapsed=1389s
progress: nodes=20,620,000,000 tested=1 found=0 n=241568673387338204804325 elapsed=1389s
progress: nodes=20,630,000,000 tested=1 found=0 n=597367861984641475416975 elapsed=1390s
progress: nodes=20,640,000,000 tested=1 found=0 n=119811005339178141277575 elapsed=1390s
progress: nodes=20,650,000,000 tested=1 found=0 n=796352435796745775708475 elapsed=1391s
progress: nodes=20,660,000,000 tested=1 found=0 n=755786273161982957691225 elapsed=1391s
progress: nodes=20,670,000,000 tested=1 found=0 n=234890038910663316619725 elapsed=1392s
progress: nodes=20,680,000,000 tested=1 found=0 n=91973166856189297310775 elapsed=1392s
progress: nodes=20,690,000,000 tested=1 found=0 n=88286339501334980587725 elapsed=1393s
progress: nodes=20,700,000,000 tested=1 found=0 n=355080242156478733011975 elapsed=1393s
progress: nodes=20,710,000,000 tested=1 found=0 n=134914718680475007706575 elapsed=1394s
progress: nodes=20,720,000,000 tested=1 found=0 n=79039866548435277138225 elapsed=1394s
progress: nodes=20,730,000,000 tested=1 found=0 n=642206067213730861209225 elapsed=1395s
progress: nodes=20,740,000,000 tested=1 found=0 n=202807816331072316753675 elapsed=1395s
progress: nodes=20,750,000,000 tested=1 found=0 n=72701865593955922692225 elapsed=1396s
progress: nodes=20,760,000,000 tested=1 found=0 n=143085334851498265222425 elapsed=1396s
progress: nodes=20,770,000,000 tested=1 found=0 n=103524459906212281783275 elapsed=1397s
progress: nodes=20,780,000,000 tested=1 found=0 n=126898870758117991543725 elapsed=1397s
progress: nodes=20,790,000,000 tested=1 found=0 n=80960691662256310937175 elapsed=1398s
progress: nodes=20,800,000,000 tested=1 found=0 n=50597260022159315332725 elapsed=1398s
progress: nodes=20,810,000,000 tested=1 found=0 n=538465391967840049423425 elapsed=1399s
progress: nodes=20,820,000,000 tested=1 found=0 n=210661482832398988329225 elapsed=1399s
progress: nodes=20,830,000,000 tested=1 found=0 n=19100177381414198901975 elapsed=1400s
progress: nodes=20,840,000,000 tested=1 found=0 n=269415426788589355806675 elapsed=1400s
progress: nodes=20,850,000,000 tested=1 found=0 n=200429526912422418800475 elapsed=1401s
progress: nodes=20,860,000,000 tested=1 found=0 n=61126124210857446858975 elapsed=1401s
progress: nodes=20,870,000,000 tested=1 found=0 n=26401551061155907590525 elapsed=1402s
progress: nodes=20,880,000,000 tested=1 found=0 n=44087119781880073545075 elapsed=1402s
progress: nodes=20,890,000,000 tested=1 found=0 n=60034184355551799532425 elapsed=1403s
progress: nodes=20,900,000,000 tested=1 found=0 n=817714965275160076613775 elapsed=1404s
progress: nodes=20,910,000,000 tested=1 found=0 n=796274363785628467343175 elapsed=1404s
progress: nodes=20,920,000,000 tested=1 found=0 n=194778558613011973667925 elapsed=1405s
progress: nodes=20,930,000,000 tested=1 found=0 n=654052599080622087993075 elapsed=1405s
progress: nodes=20,940,000,000 tested=1 found=0 n=690449386557413787672225 elapsed=1406s
progress: nodes=20,950,000,000 tested=1 found=0 n=776847329705064440640675 elapsed=1407s
progress: nodes=20,960,000,000 tested=1 found=0 n=181120141517265059398575 elapsed=1407s
progress: nodes=20,970,000,000 tested=1 found=0 n=550742821287433395331425 elapsed=1408s
progress: nodes=20,980,000,000 tested=1 found=0 n=144314643966072944825175 elapsed=1408s
progress: nodes=20,990,000,000 tested=1 found=0 n=473681061966095513040225 elapsed=1409s
progress: nodes=21,000,000,000 tested=1 found=0 n=127490436555501868359225 elapsed=1409s
progress: nodes=21,010,000,000 tested=1 found=0 n=691833255917187323693325 elapsed=1410s
progress: nodes=21,020,000,000 tested=1 found=0 n=302442775833200506743525 elapsed=1410s
progress: nodes=21,030,000,000 tested=1 found=0 n=600385544383765173644325 elapsed=1411s
progress: nodes=21,040,000,000 tested=1 found=0 n=317847128296556085716775 elapsed=1411s
progress: nodes=21,050,000,000 tested=1 found=0 n=238323983936040232970025 elapsed=1412s
progress: nodes=21,060,000,000 tested=1 found=0 n=198829647917080965288075 elapsed=1412s
progress: nodes=21,070,000,000 tested=1 found=0 n=334653357198161766218025 elapsed=1413s
progress: nodes=21,080,000,000 tested=1 found=0 n=706962571565044909117575 elapsed=1413s
progress: nodes=21,090,000,000 tested=1 found=0 n=978641959354397328136575 elapsed=1414s
progress: nodes=21,100,000,000 tested=1 found=0 n=450869039032839090581775 elapsed=1414s
progress: nodes=21,110,000,000 tested=1 found=0 n=329085008056115927712525 elapsed=1414s
progress: nodes=21,120,000,000 tested=1 found=0 n=183555844627693493316075 elapsed=1415s
progress: nodes=21,130,000,000 tested=1 found=0 n=101828171935725842424675 elapsed=1415s
progress: nodes=21,140,000,000 tested=1 found=0 n=449564920902315887064825 elapsed=1416s
progress: nodes=21,150,000,000 tested=1 found=0 n=36678217860858661090575 elapsed=1416s
progress: nodes=21,160,000,000 tested=1 found=0 n=184335697285173481980075 elapsed=1417s
progress: nodes=21,170,000,000 tested=1 found=0 n=114095732411966449147575 elapsed=1417s
progress: nodes=21,180,000,000 tested=1 found=0 n=96538954756749500992425 elapsed=1418s
progress: nodes=21,190,000,000 tested=1 found=0 n=83419475320478034620025 elapsed=1418s
progress: nodes=21,200,000,000 tested=1 found=0 n=71121382561970738057775 elapsed=1419s
progress: nodes=21,210,000,000 tested=1 found=0 n=190306652506294812227025 elapsed=1419s
progress: nodes=21,220,000,000 tested=1 found=0 n=23470585992836311961775 elapsed=1420s
progress: nodes=21,230,000,000 tested=1 found=0 n=69075433290463414847175 elapsed=1420s
progress: nodes=21,240,000,000 tested=1 found=0 n=733555355205934586871975 elapsed=1421s
progress: nodes=21,250,000,000 tested=1 found=0 n=131090762381425319691075 elapsed=1421s
progress: nodes=21,260,000,000 tested=1 found=0 n=122754672926206804186275 elapsed=1422s
progress: nodes=21,270,000,000 tested=1 found=0 n=40229108908943921355675 elapsed=1422s
progress: nodes=21,280,000,000 tested=1 found=0 n=70909824870828358604475 elapsed=1423s
progress: nodes=21,290,000,000 tested=1 found=0 n=66206598497038233351975 elapsed=1423s
progress: nodes=21,300,000,000 tested=1 found=0 n=45322295159256636603225 elapsed=1424s
progress: nodes=21,310,000,000 tested=1 found=0 n=57932975379898114664025 elapsed=1424s
progress: nodes=21,320,000,000 tested=1 found=0 n=589581451798863336030075 elapsed=1425s
progress: nodes=21,330,000,000 tested=1 found=0 n=776102433615625741707225 elapsed=1425s
progress: nodes=21,340,000,000 tested=1 found=0 n=795658109266701739118775 elapsed=1426s
progress: nodes=21,350,000,000 tested=1 found=0 n=848454171171848711151825 elapsed=1427s
progress: nodes=21,360,000,000 tested=1 found=0 n=865478486730355512954225 elapsed=1427s
progress: nodes=21,370,000,000 tested=1 found=0 n=645975930854010228432675 elapsed=1428s
progress: nodes=21,380,000,000 tested=1 found=0 n=434333913916199358450675 elapsed=1428s
progress: nodes=21,390,000,000 tested=1 found=0 n=274812439402126425689175 elapsed=1429s
progress: nodes=21,400,000,000 tested=1 found=0 n=435759909706628653478475 elapsed=1429s
progress: nodes=21,410,000,000 tested=1 found=0 n=244863787302298158240675 elapsed=1430s
progress: nodes=21,420,000,000 tested=1 found=0 n=594549113542535678165925 elapsed=1430s
progress: nodes=21,430,000,000 tested=1 found=0 n=493170251712328393642725 elapsed=1431s
progress: nodes=21,440,000,000 tested=1 found=0 n=137021417591886721361325 elapsed=1431s
progress: nodes=21,450,000,000 tested=1 found=0 n=321737580641131183246575 elapsed=1432s
progress: nodes=21,460,000,000 tested=1 found=0 n=298695024988938970188225 elapsed=1432s
progress: nodes=21,470,000,000 tested=1 found=0 n=186684703857719689060725 elapsed=1432s
progress: nodes=21,480,000,000 tested=1 found=0 n=450385407965714107704675 elapsed=1433s
progress: nodes=21,490,000,000 tested=1 found=0 n=499385560448864879500425 elapsed=1433s
progress: nodes=21,500,000,000 tested=1 found=0 n=53142555867535985232525 elapsed=1434s
progress: nodes=21,510,000,000 tested=1 found=0 n=102146382574426834225725 elapsed=1435s
progress: nodes=21,520,000,000 tested=1 found=0 n=761923987445053829113575 elapsed=1435s
progress: nodes=21,530,000,000 tested=1 found=0 n=450322756910234998679175 elapsed=1436s
progress: nodes=21,540,000,000 tested=1 found=0 n=639087699894894351633675 elapsed=1436s
progress: nodes=21,550,000,000 tested=1 found=0 n=106569399984787012962975 elapsed=1437s
progress: nodes=21,560,000,000 tested=1 found=0 n=117982612501819162951425 elapsed=1437s
progress: nodes=21,570,000,000 tested=1 found=0 n=475979839909166862265425 elapsed=1438s
progress: nodes=21,580,000,000 tested=1 found=0 n=120853464254856629342475 elapsed=1438s
progress: nodes=21,590,000,000 tested=1 found=0 n=32518680734235660811275 elapsed=1439s
progress: nodes=21,600,000,000 tested=1 found=0 n=63631879858231879698075 elapsed=1439s
progress: nodes=21,610,000,000 tested=1 found=0 n=83599978406829511566225 elapsed=1440s
progress: nodes=21,620,000,000 tested=1 found=0 n=119673462352606546451925 elapsed=1440s
progress: nodes=21,630,000,000 tested=1 found=0 n=744018733807661536942575 elapsed=1441s
progress: nodes=21,640,000,000 tested=1 found=0 n=48308868862150263306225 elapsed=1441s
progress: nodes=21,650,000,000 tested=1 found=0 n=205598077624502700755475 elapsed=1442s
progress: nodes=21,660,000,000 tested=1 found=0 n=38104196804322989886975 elapsed=1442s
progress: nodes=21,670,000,000 tested=1 found=0 n=51042603308992966681725 elapsed=1443s
progress: nodes=21,680,000,000 tested=1 found=0 n=29173215281042106063075 elapsed=1443s
progress: nodes=21,690,000,000 tested=1 found=0 n=28977192067217743452675 elapsed=1444s
progress: nodes=21,700,000,000 tested=1 found=0 n=36310734416876061853425 elapsed=1444s
progress: nodes=21,710,000,000 tested=1 found=0 n=973981239084851587450575 elapsed=1445s
progress: nodes=21,720,000,000 tested=1 found=0 n=983345383916745604336725 elapsed=1446s
progress: nodes=21,730,000,000 tested=1 found=0 n=420342297616393719985275 elapsed=1446s
progress: nodes=21,740,000,000 tested=1 found=0 n=585153095554748255717325 elapsed=1447s
progress: nodes=21,750,000,000 tested=1 found=0 n=258248589058515913368225 elapsed=1447s
progress: nodes=21,760,000,000 tested=1 found=0 n=674456862331388685259425 elapsed=1448s
progress: nodes=21,770,000,000 tested=1 found=0 n=425193166583331759895425 elapsed=1449s
progress: nodes=21,780,000,000 tested=1 found=0 n=239486632046404715833575 elapsed=1449s
progress: nodes=21,790,000,000 tested=1 found=0 n=351170966875372773440025 elapsed=1450s
progress: nodes=21,800,000,000 tested=1 found=0 n=291315036846872262113175 elapsed=1450s
progress: nodes=21,810,000,000 tested=1 found=0 n=167440478768418667265025 elapsed=1451s
progress: nodes=21,820,000,000 tested=1 found=0 n=779418278735563125119175 elapsed=1451s
progress: nodes=21,830,000,000 tested=1 found=0 n=104604412587037758241275 elapsed=1452s
progress: nodes=21,840,000,000 tested=1 found=0 n=131694307342101708450675 elapsed=1452s
progress: nodes=21,850,000,000 tested=1 found=0 n=146348798054974852269075 elapsed=1453s
progress: nodes=21,860,000,000 tested=1 found=0 n=253483629153509134562325 elapsed=1453s
progress: nodes=21,870,000,000 tested=1 found=0 n=933098982872311232094975 elapsed=1454s
progress: nodes=21,880,000,000 tested=1 found=0 n=228590914929264623017425 elapsed=1454s
progress: nodes=21,890,000,000 tested=1 found=0 n=266155091686155016927725 elapsed=1455s
progress: nodes=21,900,000,000 tested=1 found=0 n=186737868227975725593075 elapsed=1455s
progress: nodes=21,910,000,000 tested=1 found=0 n=48614371162389849455925 elapsed=1456s
progress: nodes=21,920,000,000 tested=1 found=0 n=99101714257364319211425 elapsed=1456s
progress: nodes=21,930,000,000 tested=1 found=0 n=190237722399166689636675 elapsed=1457s
progress: nodes=21,940,000,000 tested=1 found=0 n=904833444261548139935025 elapsed=1457s
progress: nodes=21,950,000,000 tested=1 found=0 n=93397313717608700417475 elapsed=1457s
progress: nodes=21,960,000,000 tested=1 found=0 n=59083971014001579327825 elapsed=1458s
progress: nodes=21,970,000,000 tested=1 found=0 n=88145320151369207265825 elapsed=1458s
progress: nodes=21,980,000,000 tested=1 found=0 n=265262022335705176149225 elapsed=1459s
progress: nodes=21,990,000,000 tested=1 found=0 n=526141539365708816732325 elapsed=1459s
progress: nodes=22,000,000,000 tested=1 found=0 n=33327326949361171723425 elapsed=1460s
progress: nodes=22,010,000,000 tested=1 found=0 n=341918121944379465996225 elapsed=1460s
progress: nodes=22,020,000,000 tested=1 found=0 n=95029074451910127875775 elapsed=1461s
progress: nodes=22,030,000,000 tested=1 found=0 n=248146809580315847197425 elapsed=1461s
progress: nodes=22,040,000,000 tested=1 found=0 n=27719402031301359168075 elapsed=1462s
progress: nodes=22,050,000,000 tested=1 found=0 n=39257321820297468534075 elapsed=1462s
progress: nodes=22,060,000,000 tested=1 found=0 n=31546029473237851432575 elapsed=1463s
progress: nodes=22,070,000,000 tested=1 found=0 n=50424872160673925203575 elapsed=1463s
progress: nodes=22,080,000,000 tested=1 found=0 n=51539948886965163006525 elapsed=1464s
progress: nodes=22,090,000,000 tested=1 found=0 n=822416996116164853521975 elapsed=1464s
progress: nodes=22,100,000,000 tested=1 found=0 n=641000030704086271679175 elapsed=1465s
progress: nodes=22,110,000,000 tested=1 found=0 n=700549976660456055093675 elapsed=1466s
progress: nodes=22,120,000,000 tested=1 found=0 n=275766904404733762760025 elapsed=1466s
progress: nodes=22,130,000,000 tested=1 found=0 n=964866207140125618646175 elapsed=1467s
progress: nodes=22,140,000,000 tested=1 found=0 n=379007408976094029835275 elapsed=1467s
progress: nodes=22,150,000,000 tested=1 found=0 n=607064685774717966413475 elapsed=1468s
progress: nodes=22,160,000,000 tested=1 found=0 n=378189769024980669824925 elapsed=1468s
progress: nodes=22,170,000,000 tested=1 found=0 n=546380215926819133870725 elapsed=1469s
progress: nodes=22,180,000,000 tested=1 found=0 n=820434749043119453282325 elapsed=1469s
progress: nodes=22,190,000,000 tested=1 found=0 n=354913104976664856411075 elapsed=1470s
progress: nodes=22,200,000,000 tested=1 found=0 n=172141507402223622431025 elapsed=1470s
progress: nodes=22,210,000,000 tested=1 found=0 n=337477808393135484778275 elapsed=1471s
progress: nodes=22,220,000,000 tested=1 found=0 n=299539030818232900727175 elapsed=1471s
progress: nodes=22,230,000,000 tested=1 found=0 n=107097256998829131466575 elapsed=1472s
progress: nodes=22,240,000,000 tested=1 found=0 n=227476993450068684754575 elapsed=1472s
progress: nodes=22,250,000,000 tested=1 found=0 n=330969207326880856594575 elapsed=1473s
progress: nodes=22,260,000,000 tested=1 found=0 n=132453755237602922012175 elapsed=1473s
progress: nodes=22,270,000,000 tested=1 found=0 n=318111771343829999346525 elapsed=1474s
progress: nodes=22,280,000,000 tested=1 found=0 n=113215168160344865354025 elapsed=1474s
progress: nodes=22,290,000,000 tested=1 found=0 n=195763001023504028217675 elapsed=1475s
progress: nodes=22,300,000,000 tested=1 found=0 n=37920855093966644396025 elapsed=1475s
progress: nodes=22,310,000,000 tested=1 found=0 n=60957087595758077863425 elapsed=1476s
progress: nodes=22,320,000,000 tested=1 found=0 n=272858380004610429926325 elapsed=1476s
progress: nodes=22,330,000,000 tested=1 found=0 n=96256867117348935200775 elapsed=1477s
progress: nodes=22,340,000,000 tested=1 found=0 n=237085778416480876772175 elapsed=1477s
progress: nodes=22,350,000,000 tested=1 found=0 n=49302149702232128569725 elapsed=1478s
progress: nodes=22,360,000,000 tested=1 found=0 n=153443994713102408697525 elapsed=1478s
progress: nodes=22,370,000,000 tested=1 found=0 n=142946173756255618995675 elapsed=1479s
progress: nodes=22,380,000,000 tested=1 found=0 n=220561074516558153560325 elapsed=1479s
progress: nodes=22,390,000,000 tested=1 found=0 n=21606719801180553028275 elapsed=1480s
progress: nodes=22,400,000,000 tested=1 found=0 n=14671175830323992576025 elapsed=1480s
progress: nodes=22,410,000,000 tested=1 found=0 n=185178183376130514473475 elapsed=1481s
progress: nodes=22,420,000,000 tested=1 found=0 n=69645491078900512486425 elapsed=1481s
progress: nodes=22,430,000,000 tested=1 found=0 n=99456538496542783959975 elapsed=1482s
progress: nodes=22,440,000,000 tested=1 found=0 n=40057603727252822042475 elapsed=1482s
progress: nodes=22,450,000,000 tested=1 found=0 n=57948525087759927953475 elapsed=1483s
progress: nodes=22,460,000,000 tested=1 found=0 n=36066288144286057268325 elapsed=1483s
progress: nodes=22,470,000,000 tested=1 found=0 n=808588673969359820426175 elapsed=1484s
progress: nodes=22,480,000,000 tested=1 found=0 n=934821731966293909634325 elapsed=1484s
progress: nodes=22,490,000,000 tested=1 found=0 n=434277549114325719134475 elapsed=1485s
progress: nodes=22,500,000,000 tested=1 found=0 n=491314003089634455598725 elapsed=1485s
progress: nodes=22,510,000,000 tested=1 found=0 n=810175323186233124002025 elapsed=1486s
progress: nodes=22,520,000,000 tested=1 found=0 n=986411913022912384898175 elapsed=1487s
progress: nodes=22,530,000,000 tested=1 found=0 n=684459752277979602778425 elapsed=1487s
progress: nodes=22,540,000,000 tested=1 found=0 n=364345697343021631884075 elapsed=1488s
progress: nodes=22,550,000,000 tested=1 found=0 n=836637761891748052976025 elapsed=1488s
progress: nodes=22,560,000,000 tested=1 found=0 n=288309246790714986054075 elapsed=1489s
progress: nodes=22,570,000,000 tested=1 found=0 n=572121241281445691796675 elapsed=1489s
progress: nodes=22,580,000,000 tested=1 found=0 n=546951632730932572561275 elapsed=1490s
progress: nodes=22,590,000,000 tested=1 found=0 n=535301998460222690343075 elapsed=1490s
progress: nodes=22,600,000,000 tested=1 found=0 n=290495874732624559745175 elapsed=1491s
progress: nodes=22,610,000,000 tested=1 found=0 n=804793430197460927555475 elapsed=1491s
progress: nodes=22,620,000,000 tested=1 found=0 n=236707563132910656790575 elapsed=1492s
progress: nodes=22,630,000,000 tested=1 found=0 n=237710220553644661454775 elapsed=1492s
progress: nodes=22,640,000,000 tested=1 found=0 n=179615194695077612853525 elapsed=1493s
progress: nodes=22,650,000,000 tested=1 found=0 n=166997518313261513559825 elapsed=1493s
progress: nodes=22,660,000,000 tested=1 found=0 n=78272815830277111039425 elapsed=1494s
progress: nodes=22,670,000,000 tested=1 found=0 n=114354984318039452097825 elapsed=1494s
progress: nodes=22,680,000,000 tested=1 found=0 n=76085666144213636271075 elapsed=1495s
progress: nodes=22,690,000,000 tested=1 found=0 n=83443076320648306472925 elapsed=1495s
progress: nodes=22,700,000,000 tested=1 found=0 n=69905276909916676446075 elapsed=1496s
progress: nodes=22,710,000,000 tested=1 found=0 n=56533813453167263531175 elapsed=1496s
progress: nodes=22,720,000,000 tested=1 found=0 n=763888801754879420880975 elapsed=1497s
progress: nodes=22,730,000,000 tested=1 found=0 n=44532343156357455538425 elapsed=1497s
progress: nodes=22,740,000,000 tested=1 found=0 n=43374102523227470140575 elapsed=1498s
progress: nodes=22,750,000,000 tested=1 found=0 n=685596525190783824221175 elapsed=1498s
progress: nodes=22,760,000,000 tested=1 found=0 n=780699874845156992229075 elapsed=1499s
progress: nodes=22,770,000,000 tested=1 found=0 n=61712131379620089986475 elapsed=1499s
progress: nodes=22,780,000,000 tested=1 found=0 n=462655903422403560087075 elapsed=1500s
progress: nodes=22,790,000,000 tested=1 found=0 n=87933266584794627914775 elapsed=1500s
progress: nodes=22,800,000,000 tested=1 found=0 n=36093826267484525793825 elapsed=1501s
progress: nodes=22,810,000,000 tested=1 found=0 n=62700470881574310953025 elapsed=1501s
progress: nodes=22,820,000,000 tested=1 found=0 n=38211242888247856509225 elapsed=1502s
progress: nodes=22,830,000,000 tested=1 found=0 n=48561293286910789788975 elapsed=1502s
progress: nodes=22,840,000,000 tested=1 found=0 n=761285934476377026749175 elapsed=1503s
progress: nodes=22,850,000,000 tested=1 found=0 n=884514563561985869723925 elapsed=1504s
progress: nodes=22,860,000,000 tested=1 found=0 n=347347285022670144294225 elapsed=1504s
progress: nodes=22,870,000,000 tested=1 found=0 n=747377285390944750960275 elapsed=1505s
progress: nodes=22,880,000,000 tested=1 found=0 n=587964977994285744963825 elapsed=1506s
progress: nodes=22,890,000,000 tested=1 found=0 n=409248041448970761641175 elapsed=1506s
progress: nodes=22,900,000,000 tested=1 found=0 n=606096821899830127248525 elapsed=1507s
progress: nodes=22,910,000,000 tested=1 found=0 n=246451331809938264727575 elapsed=1507s
progress: nodes=22,920,000,000 tested=1 found=0 n=357364806083806685382075 elapsed=1508s
progress: nodes=22,930,000,000 tested=1 found=0 n=754419691990226803537425 elapsed=1509s
progress: nodes=22,940,000,000 tested=1 found=0 n=733860089020785340603275 elapsed=1510s
progress: nodes=22,950,000,000 tested=1 found=0 n=219156610217899886649975 elapsed=1510s
progress: nodes=22,960,000,000 tested=1 found=0 n=360028438446672420421425 elapsed=1511s
progress: nodes=22,970,000,000 tested=1 found=0 n=288740570549702798873775 elapsed=1511s
progress: nodes=22,980,000,000 tested=1 found=0 n=237740235263772521247825 elapsed=1512s
progress: nodes=22,990,000,000 tested=1 found=0 n=192694417203130959605775 elapsed=1512s
progress: nodes=23,000,000,000 tested=1 found=0 n=76026502182056300042025 elapsed=1513s
progress: nodes=23,010,000,000 tested=1 found=0 n=194009362719923443482075 elapsed=1513s
progress: nodes=23,020,000,000 tested=1 found=0 n=51387173305227798677925 elapsed=1514s
progress: nodes=23,030,000,000 tested=1 found=0 n=75298333218105278970975 elapsed=1515s
progress: nodes=23,040,000,000 tested=1 found=0 n=993313530920569558546275 elapsed=1515s
progress: nodes=23,050,000,000 tested=1 found=0 n=72087377977200381499275 elapsed=1516s
progress: nodes=23,060,000,000 tested=1 found=0 n=463626202520696213394825 elapsed=1516s
progress: nodes=23,070,000,000 tested=1 found=0 n=63065437088542838438775 elapsed=1517s
progress: nodes=23,080,000,000 tested=1 found=0 n=78676860404260139189025 elapsed=1517s
progress: nodes=23,090,000,000 tested=1 found=0 n=97442192267722860890475 elapsed=1518s
progress: nodes=23,100,000,000 tested=1 found=0 n=324289278886929780663525 elapsed=1518s
progress: nodes=23,110,000,000 tested=1 found=0 n=70009992316480542708525 elapsed=1519s
progress: nodes=23,120,000,000 tested=1 found=0 n=592300041682980610132725 elapsed=1519s
progress: nodes=23,130,000,000 tested=1 found=0 n=151801591924056883412175 elapsed=1520s
progress: nodes=23,140,000,000 tested=1 found=0 n=387461534756075353119975 elapsed=1520s
progress: nodes=23,150,000,000 tested=1 found=0 n=356891841468513349058775 elapsed=1521s
progress: nodes=23,160,000,000 tested=1 found=0 n=41267851955599126496925 elapsed=1521s
progress: nodes=23,170,000,000 tested=1 found=0 n=12176172346914492462975 elapsed=1522s
progress: nodes=23,180,000,000 tested=1 found=0 n=40106743884470859377925 elapsed=1522s
progress: nodes=23,190,000,000 tested=1 found=0 n=894579867193197770431275 elapsed=1523s
progress: nodes=23,200,000,000 tested=1 found=0 n=934448767346824536152775 elapsed=1524s
progress: nodes=23,210,000,000 tested=1 found=0 n=703134908253503574537975 elapsed=1524s
progress: nodes=23,220,000,000 tested=1 found=0 n=873670482204057733863525 elapsed=1525s
progress: nodes=23,230,000,000 tested=1 found=0 n=177327038418203496654975 elapsed=1525s
progress: nodes=23,240,000,000 tested=1 found=0 n=585748948791293539362825 elapsed=1526s
progress: nodes=23,250,000,000 tested=1 found=0 n=275317954264730677518075 elapsed=1526s
progress: nodes=23,260,000,000 tested=1 found=0 n=628008451916053297507275 elapsed=1527s
progress: nodes=23,270,000,000 tested=1 found=0 n=424072621628620496735775 elapsed=1527s
progress: nodes=23,280,000,000 tested=1 found=0 n=932276532896841977805675 elapsed=1528s
progress: nodes=23,290,000,000 tested=1 found=0 n=239417782431658294002825 elapsed=1528s
progress: nodes=23,300,000,000 tested=1 found=0 n=391077568865725214154825 elapsed=1529s
progress: nodes=23,310,000,000 tested=1 found=0 n=108172402076537235390525 elapsed=1529s
progress: nodes=23,320,000,000 tested=1 found=0 n=228778017453248412402825 elapsed=1530s
progress: nodes=23,330,000,000 tested=1 found=0 n=187177791594689808659175 elapsed=1530s
progress: nodes=23,340,000,000 tested=1 found=0 n=393094923043539496912275 elapsed=1531s
progress: nodes=23,350,000,000 tested=1 found=0 n=100293871304786922916725 elapsed=1531s
progress: nodes=23,360,000,000 tested=1 found=0 n=175878175795367702417475 elapsed=1532s
progress: nodes=23,370,000,000 tested=1 found=0 n=189123877416543390009975 elapsed=1532s
progress: nodes=23,380,000,000 tested=1 found=0 n=46157044807795312709175 elapsed=1533s
progress: nodes=23,390,000,000 tested=1 found=0 n=129641149305073520367825 elapsed=1533s
progress: nodes=23,400,000,000 tested=1 found=0 n=87591496387276675332825 elapsed=1534s
progress: nodes=23,410,000,000 tested=1 found=0 n=243893017886057240940525 elapsed=1534s
progress: nodes=23,420,000,000 tested=1 found=0 n=95132840421572284949475 elapsed=1535s
progress: nodes=23,430,000,000 tested=1 found=0 n=76756429376034468413925 elapsed=1535s
progress: nodes=23,440,000,000 tested=1 found=0 n=43110369806715023230275 elapsed=1536s
progress: nodes=23,450,000,000 tested=1 found=0 n=600093579871313878210575 elapsed=1536s
progress: nodes=23,460,000,000 tested=1 found=0 n=52930601457106267333725 elapsed=1537s
progress: nodes=23,470,000,000 tested=1 found=0 n=94739886162245993322225 elapsed=1537s
progress: nodes=23,480,000,000 tested=1 found=0 n=40973997366427515958425 elapsed=1538s
progress: nodes=23,490,000,000 tested=1 found=0 n=125377777671473679398475 elapsed=1538s
progress: nodes=23,500,000,000 tested=1 found=0 n=16458109233828687056775 elapsed=1539s
progress: nodes=23,510,000,000 tested=1 found=0 n=65415256788455595203325 elapsed=1539s
progress: nodes=23,520,000,000 tested=1 found=0 n=43556396289598774478325 elapsed=1540s
progress: nodes=23,530,000,000 tested=1 found=0 n=41885574860246010754575 elapsed=1540s
progress: nodes=23,540,000,000 tested=1 found=0 n=835519548436808506374675 elapsed=1541s
progress: nodes=23,550,000,000 tested=1 found=0 n=300941656015113581721825 elapsed=1541s
progress: nodes=23,560,000,000 tested=1 found=0 n=946813703556100474476525 elapsed=1542s
progress: nodes=23,570,000,000 tested=1 found=0 n=892700613759182359785225 elapsed=1542s
progress: nodes=23,580,000,000 tested=1 found=0 n=487390022175240595564725 elapsed=1543s
progress: nodes=23,590,000,000 tested=1 found=0 n=428568660034152353569425 elapsed=1543s
progress: nodes=23,600,000,000 tested=1 found=0 n=483797389361133617902275 elapsed=1544s
progress: nodes=23,610,000,000 tested=1 found=0 n=864829200216724583058075 elapsed=1544s
progress: nodes=23,620,000,000 tested=1 found=0 n=515274975088014845300025 elapsed=1545s
progress: nodes=23,630,000,000 tested=1 found=0 n=455192511907237967930925 elapsed=1545s
progress: nodes=23,640,000,000 tested=1 found=0 n=755127230207758087797975 elapsed=1546s
progress: nodes=23,650,000,000 tested=1 found=0 n=622282373041434107284425 elapsed=1546s
progress: nodes=23,660,000,000 tested=1 found=0 n=642888381248454931386225 elapsed=1547s
progress: nodes=23,670,000,000 tested=1 found=0 n=592929694390534249395075 elapsed=1547s
progress: nodes=23,680,000,000 tested=1 found=0 n=66447393796238503416225 elapsed=1548s
progress: nodes=23,690,000,000 tested=1 found=0 n=641498215878156550710225 elapsed=1548s
progress: nodes=23,700,000,000 tested=1 found=0 n=46782646451648923433475 elapsed=1549s
progress: nodes=23,710,000,000 tested=1 found=0 n=902412068866974769035075 elapsed=1549s
progress: nodes=23,720,000,000 tested=1 found=0 n=566043662588009093770425 elapsed=1550s
progress: nodes=23,730,000,000 tested=1 found=0 n=215963339376308907443775 elapsed=1550s
progress: nodes=23,740,000,000 tested=1 found=0 n=254421629421959400440325 elapsed=1551s
progress: nodes=23,750,000,000 tested=1 found=0 n=87182593338593614643925 elapsed=1551s
progress: nodes=23,760,000,000 tested=1 found=0 n=92788994923101122763975 elapsed=1552s
progress: nodes=23,770,000,000 tested=1 found=0 n=76090320547111516685325 elapsed=1552s
progress: nodes=23,780,000,000 tested=1 found=0 n=106574316069028605658575 elapsed=1553s
progress: nodes=23,790,000,000 tested=1 found=0 n=53110670559035689131675 elapsed=1553s
progress: nodes=23,800,000,000 tested=1 found=0 n=151133835741384379122525 elapsed=1554s
progress: nodes=23,810,000,000 tested=1 found=0 n=63815479147724406284325 elapsed=1554s
progress: nodes=23,820,000,000 tested=1 found=0 n=79480144040004580983825 elapsed=1554s
progress: nodes=23,830,000,000 tested=1 found=0 n=311992049364893717830725 elapsed=1555s
progress: nodes=23,840,000,000 tested=1 found=0 n=49228886600259933470475 elapsed=1555s
progress: nodes=23,850,000,000 tested=1 found=0 n=31149483160308267837225 elapsed=1556s
progress: nodes=23,860,000,000 tested=1 found=0 n=50181973378496500494525 elapsed=1556s
progress: nodes=23,870,000,000 tested=1 found=0 n=32206361438240921763975 elapsed=1557s
progress: nodes=23,880,000,000 tested=1 found=0 n=796230634711800921300525 elapsed=1558s
progress: nodes=23,890,000,000 tested=1 found=0 n=815625451347534093455475 elapsed=1558s
progress: nodes=23,900,000,000 tested=1 found=0 n=286515568320495659906475 elapsed=1559s
progress: nodes=23,910,000,000 tested=1 found=0 n=999385812155480026874025 elapsed=1559s
progress: nodes=23,920,000,000 tested=1 found=0 n=561839736380013431736825 elapsed=1560s
progress: nodes=23,930,000,000 tested=1 found=0 n=245665241897945883681525 elapsed=1560s
progress: nodes=23,940,000,000 tested=1 found=0 n=753017144718472095429825 elapsed=1561s
progress: nodes=23,950,000,000 tested=1 found=0 n=571120501956605427995025 elapsed=1561s
progress: nodes=23,960,000,000 tested=1 found=0 n=458202781866802719350175 elapsed=1562s
progress: nodes=23,970,000,000 tested=1 found=0 n=359821650733737703979325 elapsed=1562s
progress: nodes=23,980,000,000 tested=1 found=0 n=214308830490465634713075 elapsed=1563s
progress: nodes=23,990,000,000 tested=1 found=0 n=274860996564367337477925 elapsed=1563s
progress: nodes=24,000,000,000 tested=1 found=0 n=321522826513897304578425 elapsed=1564s
progress: nodes=24,010,000,000 tested=1 found=0 n=252656332206576526724925 elapsed=1564s
progress: nodes=24,020,000,000 tested=1 found=0 n=247805790126977400457425 elapsed=1565s
progress: nodes=24,030,000,000 tested=1 found=0 n=319103179501256124192075 elapsed=1565s
progress: nodes=24,040,000,000 tested=1 found=0 n=67732222201688182742175 elapsed=1566s
progress: nodes=24,050,000,000 tested=1 found=0 n=362911807927031389058175 elapsed=1566s
progress: nodes=24,060,000,000 tested=1 found=0 n=223077351217893855100275 elapsed=1567s
progress: nodes=24,070,000,000 tested=1 found=0 n=108765935859729551435175 elapsed=1567s
progress: nodes=24,080,000,000 tested=1 found=0 n=71569211326209851536425 elapsed=1567s
progress: nodes=24,090,000,000 tested=1 found=0 n=182288657341878679373925 elapsed=1568s
progress: nodes=24,100,000,000 tested=1 found=0 n=690291659284473558558675 elapsed=1568s
progress: nodes=24,110,000,000 tested=1 found=0 n=19048817103221300977725 elapsed=1569s
progress: nodes=24,120,000,000 tested=1 found=0 n=382031998322665109572725 elapsed=1569s
progress: nodes=24,130,000,000 tested=1 found=0 n=903870074089968581835525 elapsed=1570s
progress: nodes=24,140,000,000 tested=1 found=0 n=699539121120174293340525 elapsed=1570s
progress: nodes=24,150,000,000 tested=1 found=0 n=157703272664695664574525 elapsed=1571s
progress: nodes=24,160,000,000 tested=1 found=0 n=43487234373533634866325 elapsed=1571s
progress: nodes=24,170,000,000 tested=1 found=0 n=289164788926538373516525 elapsed=1572s
progress: nodes=24,180,000,000 tested=1 found=0 n=327247157010569046140175 elapsed=1572s
progress: nodes=24,190,000,000 tested=1 found=0 n=15398042163677186774475 elapsed=1573s
progress: nodes=24,200,000,000 tested=1 found=0 n=14430441333041522656725 elapsed=1573s
progress: nodes=24,210,000,000 tested=1 found=0 n=819152140702500815270775 elapsed=1574s
progress: nodes=24,220,000,000 tested=1 found=0 n=653453521175836389862425 elapsed=1574s
progress: nodes=24,230,000,000 tested=1 found=0 n=672944310821104457002725 elapsed=1575s
progress: nodes=24,240,000,000 tested=1 found=0 n=936754925090967873558525 elapsed=1575s
progress: nodes=24,250,000,000 tested=1 found=0 n=754950242434548174310725 elapsed=1576s
progress: nodes=24,260,000,000 tested=1 found=0 n=410437657289307979627725 elapsed=1576s
progress: nodes=24,270,000,000 tested=1 found=0 n=660871303153915021857975 elapsed=1577s
progress: nodes=24,280,000,000 tested=1 found=0 n=720903470448061331391675 elapsed=1577s
progress: nodes=24,290,000,000 tested=1 found=0 n=419134394329206909864225 elapsed=1578s
progress: nodes=24,300,000,000 tested=1 found=0 n=139329210749393149774575 elapsed=1578s
progress: nodes=24,310,000,000 tested=1 found=0 n=599821827037640852684325 elapsed=1579s
progress: nodes=24,320,000,000 tested=1 found=0 n=943791930824011655175075 elapsed=1579s
progress: nodes=24,330,000,000 tested=1 found=0 n=309648516498009892921575 elapsed=1580s
progress: nodes=24,340,000,000 tested=1 found=0 n=218086713057500455128675 elapsed=1580s
progress: nodes=24,350,000,000 tested=1 found=0 n=217461557646669857975025 elapsed=1581s
progress: nodes=24,360,000,000 tested=1 found=0 n=271639343519898617759925 elapsed=1581s
progress: nodes=24,370,000,000 tested=1 found=0 n=97899580628103857213325 elapsed=1582s
progress: nodes=24,380,000,000 tested=1 found=0 n=48714836833953110867475 elapsed=1582s
progress: nodes=24,390,000,000 tested=1 found=0 n=115026237644190468528075 elapsed=1583s
progress: nodes=24,400,000,000 tested=1 found=0 n=114899888229714061863675 elapsed=1583s
progress: nodes=24,410,000,000 tested=1 found=0 n=42711795846088624108425 elapsed=1584s
progress: nodes=24,420,000,000 tested=1 found=0 n=173376551736353458146225 elapsed=1584s
progress: nodes=24,430,000,000 tested=1 found=0 n=83203732878189628665675 elapsed=1585s
progress: nodes=24,440,000,000 tested=1 found=0 n=243130610123089757715075 elapsed=1585s
progress: nodes=24,450,000,000 tested=1 found=0 n=72052225101673095268275 elapsed=1586s
progress: nodes=24,460,000,000 tested=1 found=0 n=68215406439349834804425 elapsed=1586s
progress: nodes=24,470,000,000 tested=1 found=0 n=616931275778076680131425 elapsed=1587s
progress: nodes=24,480,000,000 tested=1 found=0 n=104026147873724660330175 elapsed=1587s
progress: nodes=24,490,000,000 tested=1 found=0 n=30615559227415218138225 elapsed=1588s
progress: nodes=24,500,000,000 tested=1 found=0 n=14326186579625442961725 elapsed=1588s
progress: nodes=24,510,000,000 tested=1 found=0 n=79895524509202957558575 elapsed=1588s
progress: nodes=24,520,000,000 tested=1 found=0 n=49910699668532742285675 elapsed=1589s
progress: nodes=24,530,000,000 tested=1 found=0 n=175495449433099891277325 elapsed=1589s
progress: nodes=24,540,000,000 tested=1 found=0 n=990891341115280949712225 elapsed=1590s
progress: nodes=24,550,000,000 tested=1 found=0 n=868035272176786723548825 elapsed=1591s
progress: nodes=24,560,000,000 tested=1 found=0 n=196113144104405471840325 elapsed=1591s
progress: nodes=24,570,000,000 tested=1 found=0 n=981724457078438289998925 elapsed=1592s
progress: nodes=24,580,000,000 tested=1 found=0 n=658874468300250896576025 elapsed=1592s
progress: nodes=24,590,000,000 tested=1 found=0 n=667028673412778162525325 elapsed=1593s
progress: nodes=24,600,000,000 tested=1 found=0 n=620503922985375871202475 elapsed=1593s
progress: nodes=24,610,000,000 tested=1 found=0 n=859316468716209416344575 elapsed=1594s
progress: nodes=24,620,000,000 tested=1 found=0 n=407515772307020665935075 elapsed=1594s
progress: nodes=24,630,000,000 tested=1 found=0 n=391576648966238782342725 elapsed=1595s
progress: nodes=24,640,000,000 tested=1 found=0 n=236000699597208082175925 elapsed=1595s
progress: nodes=24,650,000,000 tested=1 found=0 n=861783144885267027111975 elapsed=1596s
progress: nodes=24,660,000,000 tested=1 found=0 n=195095336239924850183025 elapsed=1596s
progress: nodes=24,670,000,000 tested=1 found=0 n=275971723168799251297275 elapsed=1597s
progress: nodes=24,680,000,000 tested=1 found=0 n=70909107958645915176075 elapsed=1597s
progress: nodes=24,690,000,000 tested=1 found=0 n=438675594351122495828175 elapsed=1598s
progress: nodes=24,700,000,000 tested=1 found=0 n=384847742166400763282175 elapsed=1598s
progress: nodes=24,710,000,000 tested=1 found=0 n=80370078180308491435575 elapsed=1599s
progress: nodes=24,720,000,000 tested=1 found=0 n=67514844147679712816175 elapsed=1599s
progress: nodes=24,730,000,000 tested=1 found=0 n=58835495208925250683725 elapsed=1599s
progress: nodes=24,740,000,000 tested=1 found=0 n=193764080902946134012575 elapsed=1600s
progress: nodes=24,750,000,000 tested=1 found=0 n=428893492107934863212775 elapsed=1600s
progress: nodes=24,760,000,000 tested=1 found=0 n=83899043585085912193725 elapsed=1601s
progress: nodes=24,770,000,000 tested=1 found=0 n=918473385557726399254425 elapsed=1601s
progress: nodes=24,780,000,000 tested=1 found=0 n=55542769925317694222775 elapsed=1602s
progress: nodes=24,790,000,000 tested=1 found=0 n=77967103364851520208675 elapsed=1602s
progress: nodes=24,800,000,000 tested=1 found=0 n=997769668739065110999825 elapsed=1603s
progress: nodes=24,810,000,000 tested=1 found=0 n=14900708318263689775425 elapsed=1603s
progress: nodes=24,820,000,000 tested=1 found=0 n=31446006908155378506825 elapsed=1604s
progress: nodes=24,830,000,000 tested=1 found=0 n=20650190124407388948975 elapsed=1604s
progress: nodes=24,840,000,000 tested=1 found=0 n=25695654952113952452075 elapsed=1605s
progress: nodes=24,850,000,000 tested=1 found=0 n=552462329436853360228275 elapsed=1605s
progress: nodes=24,860,000,000 tested=1 found=0 n=485743818373620262566825 elapsed=1606s
progress: nodes=24,870,000,000 tested=1 found=0 n=991358297333004285002175 elapsed=1606s
progress: nodes=24,880,000,000 tested=1 found=0 n=166257037070296747221075 elapsed=1607s
progress: nodes=24,890,000,000 tested=1 found=0 n=759321413762156494938975 elapsed=1608s
progress: nodes=24,900,000,000 tested=1 found=0 n=346055154938573732641275 elapsed=1608s
progress: nodes=24,910,000,000 tested=1 found=0 n=557252997758836599051975 elapsed=1609s
progress: nodes=24,920,000,000 tested=1 found=0 n=383300766641108229953325 elapsed=1609s
progress: nodes=24,930,000,000 tested=1 found=0 n=292568852509224578655225 elapsed=1609s
progress: nodes=24,940,000,000 tested=1 found=0 n=124651121887033092104325 elapsed=1610s
progress: nodes=24,950,000,000 tested=1 found=0 n=284307448700852538465075 elapsed=1610s
progress: nodes=24,960,000,000 tested=1 found=0 n=447415189165222546865025 elapsed=1611s
progress: nodes=24,970,000,000 tested=1 found=0 n=135240165576795673712175 elapsed=1611s
progress: nodes=24,980,000,000 tested=1 found=0 n=153165286552236779309775 elapsed=1612s
progress: nodes=24,990,000,000 tested=1 found=0 n=89496252752607233536575 elapsed=1612s
progress: nodes=25,000,000,000 tested=1 found=0 n=812005040005322454408975 elapsed=1613s
progress: nodes=25,010,000,000 tested=1 found=0 n=86128129554879178627575 elapsed=1613s
progress: nodes=25,020,000,000 tested=1 found=0 n=215061529384468387109775 elapsed=1614s
progress: nodes=25,030,000,000 tested=1 found=0 n=25207338662216588667075 elapsed=1614s
progress: nodes=25,040,000,000 tested=1 found=0 n=443734444279867766529075 elapsed=1615s
progress: nodes=25,050,000,000 tested=1 found=0 n=95667781523020039272225 elapsed=1615s
progress: nodes=25,060,000,000 tested=1 found=0 n=17157865580579706722025 elapsed=1616s
progress: nodes=25,070,000,000 tested=1 found=0 n=12000727683449660287275 elapsed=1616s
progress: nodes=25,080,000,000 tested=1 found=0 n=94989268448246538269475 elapsed=1617s
progress: nodes=25,090,000,000 tested=1 found=0 n=40541492719470917234775 elapsed=1617s
progress: nodes=25,100,000,000 tested=1 found=0 n=31138945102695624812475 elapsed=1618s
progress: nodes=25,110,000,000 tested=1 found=0 n=28737999672158757584175 elapsed=1618s
progress: nodes=25,120,000,000 tested=1 found=0 n=50882570478552275430825 elapsed=1619s
progress: nodes=25,130,000,000 tested=1 found=0 n=25637935588178791245225 elapsed=1619s
progress: nodes=25,140,000,000 tested=1 found=0 n=39066221228786833835325 elapsed=1620s
progress: nodes=25,150,000,000 tested=1 found=0 n=429265525969991828606775 elapsed=1620s
progress: nodes=25,160,000,000 tested=1 found=0 n=574304682993357905771325 elapsed=1621s
progress: nodes=25,170,000,000 tested=1 found=0 n=792567967232874780014925 elapsed=1621s
progress: nodes=25,180,000,000 tested=1 found=0 n=188315723238806299025175 elapsed=1622s
progress: nodes=25,190,000,000 tested=1 found=0 n=917558932446511425502575 elapsed=1622s
progress: nodes=25,200,000,000 tested=1 found=0 n=482676854629657427421825 elapsed=1623s
progress: nodes=25,210,000,000 tested=1 found=0 n=921261152325917004748575 elapsed=1623s
progress: nodes=25,220,000,000 tested=1 found=0 n=440907880699600444448175 elapsed=1624s
progress: nodes=25,230,000,000 tested=1 found=0 n=309463728021897727395975 elapsed=1624s
progress: nodes=25,240,000,000 tested=1 found=0 n=214914032841095583663525 elapsed=1625s
progress: nodes=25,250,000,000 tested=1 found=0 n=309065220384757623704775 elapsed=1625s
progress: nodes=25,260,000,000 tested=1 found=0 n=135694513268915980439775 elapsed=1626s
progress: nodes=25,270,000,000 tested=1 found=0 n=93666472966747595267925 elapsed=1626s
progress: nodes=25,280,000,000 tested=1 found=0 n=320187438394645798859025 elapsed=1627s
progress: nodes=25,290,000,000 tested=1 found=0 n=212438497641190608655725 elapsed=1627s
progress: nodes=25,300,000,000 tested=1 found=0 n=653520233512871361275925 elapsed=1628s
progress: nodes=25,310,000,000 tested=1 found=0 n=138159950337375671594175 elapsed=1628s
progress: nodes=25,320,000,000 tested=1 found=0 n=114739775008635697667175 elapsed=1629s
progress: nodes=25,330,000,000 tested=1 found=0 n=713800889562037241453775 elapsed=1629s
progress: nodes=25,340,000,000 tested=1 found=0 n=102116058622603540182525 elapsed=1630s
progress: nodes=25,350,000,000 tested=1 found=0 n=149864572147099748871075 elapsed=1630s
progress: nodes=25,360,000,000 tested=1 found=0 n=95008639589653745487675 elapsed=1631s
progress: nodes=25,370,000,000 tested=1 found=0 n=73441354309126242935925 elapsed=1631s
progress: nodes=25,380,000,000 tested=1 found=0 n=27861031835981384994525 elapsed=1632s
progress: nodes=25,390,000,000 tested=1 found=0 n=151900513213874980386975 elapsed=1632s
progress: nodes=25,400,000,000 tested=1 found=0 n=35348331337941950896425 elapsed=1633s
progress: nodes=25,410,000,000 tested=1 found=0 n=828028193092575620477475 elapsed=1633s
progress: nodes=25,420,000,000 tested=1 found=0 n=42332721119513629436775 elapsed=1633s
progress: nodes=25,430,000,000 tested=1 found=0 n=46224313233923067789975 elapsed=1634s
progress: nodes=25,440,000,000 tested=1 found=0 n=34093549734034718187975 elapsed=1634s
progress: nodes=25,450,000,000 tested=1 found=0 n=830909617307663079432675 elapsed=1635s
progress: nodes=25,460,000,000 tested=1 found=0 n=515103695674802265313425 elapsed=1636s
progress: nodes=25,470,000,000 tested=1 found=0 n=972840109316142140920275 elapsed=1636s
progress: nodes=25,480,000,000 tested=1 found=0 n=969073669008656640461175 elapsed=1637s
progress: nodes=25,490,000,000 tested=1 found=0 n=152673487231219071127725 elapsed=1637s
progress: nodes=25,500,000,000 tested=1 found=0 n=314103311316770519640525 elapsed=1638s
progress: nodes=25,510,000,000 tested=1 found=0 n=707567498648489243096475 elapsed=1638s
progress: nodes=25,520,000,000 tested=1 found=0 n=423305037834173913464475 elapsed=1639s
progress: nodes=25,530,000,000 tested=1 found=0 n=504613383217018363570425 elapsed=1639s
progress: nodes=25,540,000,000 tested=1 found=0 n=208176655236872052083925 elapsed=1640s
progress: nodes=25,550,000,000 tested=1 found=0 n=84378099492661182769275 elapsed=1640s
progress: nodes=25,560,000,000 tested=1 found=0 n=167161260747791580666825 elapsed=1641s
progress: nodes=25,570,000,000 tested=1 found=0 n=175450506066489177885075 elapsed=1641s
progress: nodes=25,580,000,000 tested=1 found=0 n=51547372561192265654325 elapsed=1642s
progress: nodes=25,590,000,000 tested=1 found=0 n=136237217762278365951075 elapsed=1642s
progress: nodes=25,600,000,000 tested=1 found=0 n=64271473382990638146525 elapsed=1643s
progress: nodes=25,610,000,000 tested=1 found=0 n=29732586287900085221775 elapsed=1643s
progress: nodes=25,620,000,000 tested=1 found=0 n=329654146738876064037075 elapsed=1643s
progress: nodes=25,630,000,000 tested=1 found=0 n=87911585501324618715825 elapsed=1644s
progress: nodes=25,640,000,000 tested=1 found=0 n=59026610259925186689525 elapsed=1644s
progress: nodes=25,650,000,000 tested=1 found=0 n=335022335140257419322525 elapsed=1645s
progress: nodes=25,660,000,000 tested=1 found=0 n=37748575386464530505775 elapsed=1645s
progress: nodes=25,670,000,000 tested=1 found=0 n=28650264706012150655025 elapsed=1646s
progress: nodes=25,680,000,000 tested=1 found=0 n=36006819754432897151925 elapsed=1646s
progress: nodes=25,690,000,000 tested=1 found=0 n=47825719498891369925175 elapsed=1647s
progress: nodes=25,700,000,000 tested=1 found=0 n=130571707617810529967325 elapsed=1647s
progress: nodes=25,710,000,000 tested=1 found=0 n=31644178355778328207725 elapsed=1648s
progress: nodes=25,720,000,000 tested=1 found=0 n=61513863957123530420325 elapsed=1648s
progress: nodes=25,730,000,000 tested=1 found=0 n=33095544497538726263775 elapsed=1649s
progress: nodes=25,740,000,000 tested=1 found=0 n=35219657992600621371975 elapsed=1649s
progress: nodes=25,750,000,000 tested=1 found=0 n=629745768424531165868175 elapsed=1650s
progress: nodes=25,760,000,000 tested=1 found=0 n=800482658178024751182825 elapsed=1650s
progress: nodes=25,770,000,000 tested=1 found=0 n=732468072493987985544675 elapsed=1651s
progress: nodes=25,780,000,000 tested=1 found=0 n=628925558381679565159725 elapsed=1652s
progress: nodes=25,790,000,000 tested=1 found=0 n=892324178422644788953275 elapsed=1652s
progress: nodes=25,800,000,000 tested=1 found=0 n=537406164928684851152925 elapsed=1653s
progress: nodes=25,810,000,000 tested=1 found=0 n=537958198264345539284175 elapsed=1653s
progress: nodes=25,820,000,000 tested=1 found=0 n=331888637193166728814425 elapsed=1654s
progress: nodes=25,830,000,000 tested=1 found=0 n=171546642618445919542575 elapsed=1654s
progress: nodes=25,840,000,000 tested=1 found=0 n=329296821875640256091025 elapsed=1655s
progress: nodes=25,850,000,000 tested=1 found=0 n=421036284890847270956025 elapsed=1655s
progress: nodes=25,860,000,000 tested=1 found=0 n=111299795519418126824775 elapsed=1655s
progress: nodes=25,870,000,000 tested=1 found=0 n=48153444269637848544975 elapsed=1656s
progress: nodes=25,880,000,000 tested=1 found=0 n=117388530784283090142525 elapsed=1656s
progress: nodes=25,890,000,000 tested=1 found=0 n=85707608682424207511175 elapsed=1657s
progress: nodes=25,900,000,000 tested=1 found=0 n=95379546499466126501175 elapsed=1657s
progress: nodes=25,910,000,000 tested=1 found=0 n=118796064537470060930475 elapsed=1658s
progress: nodes=25,920,000,000 tested=1 found=0 n=94126347149975001693975 elapsed=1658s
progress: nodes=25,930,000,000 tested=1 found=0 n=40473740580286732086225 elapsed=1659s
progress: nodes=25,940,000,000 tested=1 found=0 n=240341376941136833065275 elapsed=1659s
progress: nodes=25,950,000,000 tested=1 found=0 n=366545547003223551131025 elapsed=1660s
progress: nodes=25,960,000,000 tested=1 found=0 n=24218203647143003043975 elapsed=1660s
progress: nodes=25,970,000,000 tested=1 found=0 n=66869798147835621735225 elapsed=1661s
progress: nodes=25,980,000,000 tested=1 found=0 n=42179687528700448573275 elapsed=1661s
progress: nodes=25,990,000,000 tested=1 found=0 n=44304705738421434423975 elapsed=1662s
progress: nodes=26,000,000,000 tested=1 found=0 n=37599961478395395297075 elapsed=1662s
progress: nodes=26,010,000,000 tested=1 found=0 n=92691483401793249112425 elapsed=1663s
progress: nodes=26,020,000,000 tested=1 found=0 n=18728816887761938175075 elapsed=1663s
progress: nodes=26,030,000,000 tested=1 found=0 n=33576306039817338551325 elapsed=1664s
progress: nodes=26,040,000,000 tested=1 found=0 n=637957149351617699593275 elapsed=1664s
progress: nodes=26,050,000,000 tested=1 found=0 n=877902331237536038394675 elapsed=1665s
progress: nodes=26,060,000,000 tested=1 found=0 n=342026395037909208637725 elapsed=1665s
progress: nodes=26,070,000,000 tested=1 found=0 n=797605037141791345799475 elapsed=1666s
progress: nodes=26,080,000,000 tested=1 found=0 n=437655419194424257065525 elapsed=1666s
progress: nodes=26,090,000,000 tested=1 found=0 n=563422805676506916329475 elapsed=1667s
progress: nodes=26,100,000,000 tested=1 found=0 n=526171236205494136267725 elapsed=1667s
progress: nodes=26,110,000,000 tested=1 found=0 n=524830495640666599430475 elapsed=1668s
progress: nodes=26,120,000,000 tested=1 found=0 n=347243270708401268840925 elapsed=1668s
progress: nodes=26,130,000,000 tested=1 found=0 n=274911138491895675337425 elapsed=1669s
progress: nodes=26,140,000,000 tested=1 found=0 n=236094378581051955425175 elapsed=1669s
progress: nodes=26,150,000,000 tested=1 found=0 n=154811448447837434113575 elapsed=1670s
progress: nodes=26,160,000,000 tested=1 found=0 n=84053977112503920833025 elapsed=1670s
progress: nodes=26,170,000,000 tested=1 found=0 n=61662629499803989124325 elapsed=1671s
progress: nodes=26,180,000,000 tested=1 found=0 n=498696657325449798812025 elapsed=1671s
progress: nodes=26,190,000,000 tested=1 found=0 n=172228919903000171200275 elapsed=1672s
progress: nodes=26,200,000,000 tested=1 found=0 n=53154890102972971802775 elapsed=1672s
progress: nodes=26,210,000,000 tested=1 found=0 n=101863520135391569958975 elapsed=1673s
progress: nodes=26,220,000,000 tested=1 found=0 n=35796206162758632623175 elapsed=1673s
progress: nodes=26,230,000,000 tested=1 found=0 n=33539670174111999965925 elapsed=1674s
progress: nodes=26,240,000,000 tested=1 found=0 n=33240338079332251263825 elapsed=1674s
progress: nodes=26,250,000,000 tested=1 found=0 n=43227664739655058881075 elapsed=1675s
progress: nodes=26,260,000,000 tested=1 found=0 n=66712872879168732612825 elapsed=1675s
progress: nodes=26,270,000,000 tested=1 found=0 n=42085922135389332904275 elapsed=1676s
progress: nodes=26,280,000,000 tested=1 found=0 n=13340791198798079133975 elapsed=1676s
progress: nodes=26,290,000,000 tested=1 found=0 n=32161178760115211739075 elapsed=1676s
progress: nodes=26,300,000,000 tested=1 found=0 n=9885737604840983231775 elapsed=1677s
progress: nodes=26,310,000,000 tested=1 found=0 n=10506798140569493880975 elapsed=1677s
progress: nodes=26,320,000,000 tested=1 found=0 n=651260849095374569111775 elapsed=1678s
progress: nodes=26,330,000,000 tested=1 found=0 n=657509272066438529927475 elapsed=1679s
progress: nodes=26,340,000,000 tested=1 found=0 n=334471782542122060653675 elapsed=1679s
progress: nodes=26,350,000,000 tested=1 found=0 n=707606541803545047946425 elapsed=1680s
progress: nodes=26,360,000,000 tested=1 found=0 n=519628999648452824140725 elapsed=1680s
progress: nodes=26,370,000,000 tested=1 found=0 n=837065201220248165654775 elapsed=1681s
progress: nodes=26,380,000,000 tested=1 found=0 n=415187071530903641980725 elapsed=1681s
progress: nodes=26,390,000,000 tested=1 found=0 n=246582844532736514813725 elapsed=1682s
progress: nodes=26,400,000,000 tested=1 found=0 n=168178313830865765094525 elapsed=1682s
progress: nodes=26,410,000,000 tested=1 found=0 n=555998139427628993484675 elapsed=1683s
progress: nodes=26,420,000,000 tested=1 found=0 n=250804651503256769071725 elapsed=1683s
progress: nodes=26,430,000,000 tested=1 found=0 n=904589172479059461097275 elapsed=1684s
progress: nodes=26,440,000,000 tested=1 found=0 n=97296240994277913941925 elapsed=1684s
progress: nodes=26,450,000,000 tested=1 found=0 n=219977110161087298701825 elapsed=1685s
progress: nodes=26,460,000,000 tested=1 found=0 n=449025976722217919192025 elapsed=1685s
progress: nodes=26,470,000,000 tested=1 found=0 n=141060224610863474062575 elapsed=1686s
progress: nodes=26,480,000,000 tested=1 found=0 n=275563703962323894020475 elapsed=1686s
progress: nodes=26,490,000,000 tested=1 found=0 n=192489246149120818529775 elapsed=1687s
progress: nodes=26,500,000,000 tested=1 found=0 n=105927001253100313539825 elapsed=1687s
progress: nodes=26,510,000,000 tested=1 found=0 n=93593470590678533828925 elapsed=1688s
progress: nodes=26,520,000,000 tested=1 found=0 n=36263078679855650905425 elapsed=1688s
progress: nodes=26,530,000,000 tested=1 found=0 n=97790335743153714621675 elapsed=1688s
progress: nodes=26,540,000,000 tested=1 found=0 n=16383941933578605318075 elapsed=1689s
progress: nodes=26,550,000,000 tested=1 found=0 n=33374148618969840385275 elapsed=1689s
progress: nodes=26,560,000,000 tested=1 found=0 n=27235766586023728622175 elapsed=1690s
progress: nodes=26,570,000,000 tested=1 found=0 n=447450486184199873736075 elapsed=1690s
progress: nodes=26,580,000,000 tested=1 found=0 n=56147401714204202548575 elapsed=1691s
progress: nodes=26,590,000,000 tested=1 found=0 n=26772630831835112806725 elapsed=1691s
progress: nodes=26,600,000,000 tested=1 found=0 n=958408120323016556310975 elapsed=1692s
progress: nodes=26,610,000,000 tested=1 found=0 n=923296341969008189400075 elapsed=1693s
progress: nodes=26,620,000,000 tested=1 found=0 n=642650919447702389613675 elapsed=1693s
progress: nodes=26,630,000,000 tested=1 found=0 n=481819034249003374391325 elapsed=1694s
progress: nodes=26,640,000,000 tested=1 found=0 n=420359387802741780103425 elapsed=1694s
progress: nodes=26,650,000,000 tested=1 found=0 n=523824255598232192700525 elapsed=1695s
progress: nodes=26,660,000,000 tested=1 found=0 n=525696990724880901680325 elapsed=1695s
progress: nodes=26,670,000,000 tested=1 found=0 n=809223391321200762267075 elapsed=1696s
progress: nodes=26,680,000,000 tested=1 found=0 n=418159078015611762461775 elapsed=1696s
progress: nodes=26,690,000,000 tested=1 found=0 n=664240760898917234486025 elapsed=1697s
progress: nodes=26,700,000,000 tested=1 found=0 n=476725147887484094538225 elapsed=1697s
progress: nodes=26,710,000,000 tested=1 found=0 n=146123556718626414609825 elapsed=1698s
progress: nodes=26,720,000,000 tested=1 found=0 n=191415083048746407847425 elapsed=1698s
progress: nodes=26,730,000,000 tested=1 found=0 n=129606149007306840329175 elapsed=1699s
progress: nodes=26,740,000,000 tested=1 found=0 n=567311355350580053702775 elapsed=1699s
progress: nodes=26,750,000,000 tested=1 found=0 n=621839284084267385425575 elapsed=1700s
progress: nodes=26,760,000,000 tested=1 found=0 n=145455648864026860026525 elapsed=1700s
progress: nodes=26,770,000,000 tested=1 found=0 n=40767901356224276423475 elapsed=1701s
progress: nodes=26,780,000,000 tested=1 found=0 n=558881280235384746686475 elapsed=1701s
progress: nodes=26,790,000,000 tested=1 found=0 n=66268555019950651657575 elapsed=1701s
progress: nodes=26,800,000,000 tested=1 found=0 n=60328238362199312794575 elapsed=1702s
progress: nodes=26,810,000,000 tested=1 found=0 n=95161895684738587837275 elapsed=1702s
progress: nodes=26,820,000,000 tested=1 found=0 n=36523769529346683129975 elapsed=1703s
progress: nodes=26,830,000,000 tested=1 found=0 n=545175921210286038933975 elapsed=1703s
progress: nodes=26,840,000,000 tested=1 found=0 n=638338708542745741019775 elapsed=1704s
progress: nodes=26,850,000,000 tested=1 found=0 n=130755259395786652158675 elapsed=1704s
progress: nodes=26,860,000,000 tested=1 found=0 n=27256522708019755110675 elapsed=1705s
progress: nodes=26,870,000,000 tested=1 found=0 n=27977456783188076060325 elapsed=1705s
progress: nodes=26,880,000,000 tested=1 found=0 n=688427487363791044380225 elapsed=1706s
progress: nodes=26,890,000,000 tested=1 found=0 n=425159734393372929747225 elapsed=1706s
progress: nodes=26,900,000,000 tested=1 found=0 n=455047447365801967687725 elapsed=1707s
progress: nodes=26,910,000,000 tested=1 found=0 n=728318076706126664911725 elapsed=1707s
progress: nodes=26,920,000,000 tested=1 found=0 n=682862957266227643308975 elapsed=1708s
progress: nodes=26,930,000,000 tested=1 found=0 n=739509343999312191258525 elapsed=1709s
progress: nodes=26,940,000,000 tested=1 found=0 n=681488590108676414203425 elapsed=1709s
progress: nodes=26,950,000,000 tested=1 found=0 n=401638969750293763498725 elapsed=1710s
progress: nodes=26,960,000,000 tested=1 found=0 n=448142769475868176463325 elapsed=1710s
progress: nodes=26,970,000,000 tested=1 found=0 n=271229368623761895708075 elapsed=1710s
progress: nodes=26,980,000,000 tested=1 found=0 n=245256342938699390544675 elapsed=1711s
progress: nodes=26,990,000,000 tested=1 found=0 n=290735795145951422520825 elapsed=1711s
progress: nodes=27,000,000,000 tested=1 found=0 n=845415465020746070804925 elapsed=1712s
progress: nodes=27,010,000,000 tested=1 found=0 n=256440023122688198111175 elapsed=1712s
progress: nodes=27,020,000,000 tested=1 found=0 n=42672739585761975486225 elapsed=1713s
progress: nodes=27,030,000,000 tested=1 found=0 n=389560085145435256370175 elapsed=1713s
progress: nodes=27,040,000,000 tested=1 found=0 n=91342381088322126080175 elapsed=1714s
progress: nodes=27,050,000,000 tested=1 found=0 n=84617259356784697353525 elapsed=1714s
progress: nodes=27,060,000,000 tested=1 found=0 n=55488988439996319468975 elapsed=1715s
progress: nodes=27,070,000,000 tested=1 found=0 n=429153414099674197394175 elapsed=1715s
progress: nodes=27,080,000,000 tested=1 found=0 n=68001216532396549319775 elapsed=1716s
progress: nodes=27,090,000,000 tested=1 found=0 n=42193940426288743059825 elapsed=1716s
progress: nodes=27,100,000,000 tested=1 found=0 n=46451563739223739356975 elapsed=1717s
progress: nodes=27,110,000,000 tested=1 found=0 n=40424243850096915848325 elapsed=1717s
progress: nodes=27,120,000,000 tested=1 found=0 n=22048641512444407757325 elapsed=1718s
progress: nodes=27,130,000,000 tested=1 found=0 n=27084092180878401551025 elapsed=1718s
progress: nodes=27,140,000,000 tested=1 found=0 n=15872642790975560743725 elapsed=1719s
progress: nodes=27,150,000,000 tested=1 found=0 n=20112070426562170409925 elapsed=1719s
progress: nodes=27,160,000,000 tested=1 found=0 n=770725815154790656579275 elapsed=1720s
progress: nodes=27,170,000,000 tested=1 found=0 n=577095382821892053437175 elapsed=1720s
progress: nodes=27,180,000,000 tested=1 found=0 n=193930378522229969516325 elapsed=1721s
progress: nodes=27,190,000,000 tested=1 found=0 n=571673119330440314004675 elapsed=1722s
progress: nodes=27,200,000,000 tested=1 found=0 n=720148801070558335014825 elapsed=1722s
progress: nodes=27,210,000,000 tested=1 found=0 n=531153939391679276061675 elapsed=1723s
progress: nodes=27,220,000,000 tested=1 found=0 n=197849413731374381766075 elapsed=1723s
progress: nodes=27,230,000,000 tested=1 found=0 n=615642860710316269877475 elapsed=1724s
progress: nodes=27,240,000,000 tested=1 found=0 n=256296731684066687360175 elapsed=1724s
progress: nodes=27,250,000,000 tested=1 found=0 n=310716895909899020331075 elapsed=1725s
progress: nodes=27,260,000,000 tested=1 found=0 n=212915802470665997241825 elapsed=1725s
progress: nodes=27,270,000,000 tested=1 found=0 n=898386232314230023231725 elapsed=1726s
progress: nodes=27,280,000,000 tested=1 found=0 n=121389109728727568731575 elapsed=1726s
progress: nodes=27,290,000,000 tested=1 found=0 n=90456849738183468186075 elapsed=1727s
progress: nodes=27,300,000,000 tested=1 found=0 n=651701111739492669994425 elapsed=1727s
progress: nodes=27,310,000,000 tested=1 found=0 n=202595344985193805562775 elapsed=1728s
progress: nodes=27,320,000,000 tested=1 found=0 n=28005363345792734605275 elapsed=1728s
progress: nodes=27,330,000,000 tested=1 found=0 n=168680605593620449039425 elapsed=1729s
progress: nodes=27,340,000,000 tested=1 found=0 n=104613376059514203377925 elapsed=1729s
progress: nodes=27,350,000,000 tested=1 found=0 n=52261971219285816642225 elapsed=1730s
progress: nodes=27,360,000,000 tested=1 found=0 n=74433022421411598333675 elapsed=1730s
progress: nodes=27,370,000,000 tested=1 found=0 n=38820345241052911546725 elapsed=1731s
progress: nodes=27,380,000,000 tested=1 found=0 n=188305045485101570228775 elapsed=1731s
progress: nodes=27,390,000,000 tested=1 found=0 n=376131683890726385718525 elapsed=1732s
progress: nodes=27,400,000,000 tested=1 found=0 n=14018274114724046277825 elapsed=1732s
progress: nodes=27,410,000,000 tested=1 found=0 n=20959365846129945652275 elapsed=1733s
progress: nodes=27,420,000,000 tested=1 found=0 n=24598396117767935859825 elapsed=1733s
progress: nodes=27,430,000,000 tested=1 found=0 n=653280630852132398833575 elapsed=1734s
progress: nodes=27,440,000,000 tested=1 found=0 n=838450002249831698866425 elapsed=1734s
progress: nodes=27,450,000,000 tested=1 found=0 n=400112680579005030897975 elapsed=1735s
progress: nodes=27,460,000,000 tested=1 found=0 n=975872458649966117536725 elapsed=1735s
progress: nodes=27,470,000,000 tested=1 found=0 n=879620704483734919337775 elapsed=1736s
progress: nodes=27,480,000,000 tested=1 found=0 n=242279408249430324983925 elapsed=1736s
progress: nodes=27,490,000,000 tested=1 found=0 n=765520386438281649393075 elapsed=1737s
progress: nodes=27,500,000,000 tested=1 found=0 n=244714019253223252278975 elapsed=1737s
progress: nodes=27,510,000,000 tested=1 found=0 n=968353165444869511603725 elapsed=1738s
progress: nodes=27,520,000,000 tested=1 found=0 n=238961923751151165697275 elapsed=1738s
progress: nodes=27,530,000,000 tested=1 found=0 n=294295298272011248430075 elapsed=1739s
progress: nodes=27,540,000,000 tested=1 found=0 n=290555383732150774068975 elapsed=1739s
progress: nodes=27,550,000,000 tested=1 found=0 n=489775994993818226297175 elapsed=1740s
progress: nodes=27,560,000,000 tested=1 found=0 n=227626280398826584714725 elapsed=1740s
progress: nodes=27,570,000,000 tested=1 found=0 n=409034656190260088370525 elapsed=1741s
progress: nodes=27,580,000,000 tested=1 found=0 n=150828471962106975818925 elapsed=1741s
progress: nodes=27,590,000,000 tested=1 found=0 n=27364250414330556516075 elapsed=1742s
progress: nodes=27,600,000,000 tested=1 found=0 n=102243468191310687394725 elapsed=1742s
progress: nodes=27,610,000,000 tested=1 found=0 n=27264486879317048243025 elapsed=1743s
progress: nodes=27,620,000,000 tested=1 found=0 n=836294441821109782893525 elapsed=1743s
progress: nodes=27,630,000,000 tested=1 found=0 n=292752244817323255632525 elapsed=1744s
progress: nodes=27,640,000,000 tested=1 found=0 n=133522998984305497506225 elapsed=1744s
progress: nodes=27,650,000,000 tested=1 found=0 n=37931116274822520717825 elapsed=1745s
progress: nodes=27,660,000,000 tested=1 found=0 n=133092669590237946742725 elapsed=1745s
progress: nodes=27,670,000,000 tested=1 found=0 n=23634774819347034904275 elapsed=1746s
progress: nodes=27,680,000,000 tested=1 found=0 n=143320526665344633537075 elapsed=1746s
progress: nodes=27,690,000,000 tested=1 found=0 n=34531306395111637050225 elapsed=1747s
progress: nodes=27,700,000,000 tested=1 found=0 n=29720049471217006590975 elapsed=1747s
progress: nodes=27,710,000,000 tested=1 found=0 n=843395421137638485198225 elapsed=1748s
progress: nodes=27,720,000,000 tested=1 found=0 n=891066588341851284352275 elapsed=1748s
progress: nodes=27,730,000,000 tested=1 found=0 n=557833221264823845530475 elapsed=1749s
progress: nodes=27,740,000,000 tested=1 found=0 n=893935989408687685499325 elapsed=1749s
progress: nodes=27,750,000,000 tested=1 found=0 n=187560635246961439974225 elapsed=1750s
progress: nodes=27,760,000,000 tested=1 found=0 n=831217650046517567701725 elapsed=1750s
progress: nodes=27,770,000,000 tested=1 found=0 n=249381056579518092918975 elapsed=1751s
progress: nodes=27,780,000,000 tested=1 found=0 n=266648546066664499376925 elapsed=1751s
progress: nodes=27,790,000,000 tested=1 found=0 n=392818433643775638931575 elapsed=1752s
progress: nodes=27,800,000,000 tested=1 found=0 n=273152185987659382521975 elapsed=1752s
progress: nodes=27,810,000,000 tested=1 found=0 n=278470122737210527383975 elapsed=1753s
progress: nodes=27,820,000,000 tested=1 found=0 n=659314742015213229155925 elapsed=1753s
progress: nodes=27,830,000,000 tested=1 found=0 n=269315661618429479292525 elapsed=1754s
progress: nodes=27,840,000,000 tested=1 found=0 n=162932619068776714325025 elapsed=1754s
progress: nodes=27,850,000,000 tested=1 found=0 n=129889900489830403719225 elapsed=1755s
progress: nodes=27,860,000,000 tested=1 found=0 n=97294678461231741279075 elapsed=1755s
progress: nodes=27,870,000,000 tested=1 found=0 n=187566024427963181832975 elapsed=1756s
progress: nodes=27,880,000,000 tested=1 found=0 n=287778150994173772250175 elapsed=1756s
progress: nodes=27,890,000,000 tested=1 found=0 n=103821066617339597837025 elapsed=1757s
progress: nodes=27,900,000,000 tested=1 found=0 n=369852625285712413877175 elapsed=1757s
progress: nodes=27,910,000,000 tested=1 found=0 n=82958570394803345502975 elapsed=1758s
progress: nodes=27,920,000,000 tested=1 found=0 n=70871120325227936860575 elapsed=1758s
progress: nodes=27,930,000,000 tested=1 found=0 n=548513276543303854636425 elapsed=1759s
progress: nodes=27,940,000,000 tested=1 found=0 n=53914125842954682387225 elapsed=1759s
progress: nodes=27,950,000,000 tested=1 found=0 n=35703964647173002869975 elapsed=1759s
progress: nodes=27,960,000,000 tested=1 found=0 n=29301116161007009737275 elapsed=1760s
progress: nodes=27,970,000,000 tested=1 found=0 n=17576975277097683564975 elapsed=1760s
progress: nodes=27,980,000,000 tested=1 found=0 n=659797582340932041896175 elapsed=1761s
progress: nodes=27,990,000,000 tested=1 found=0 n=721817362878259468788825 elapsed=1762s
progress: nodes=28,000,000,000 tested=1 found=0 n=893642861885230458390675 elapsed=1762s
progress: nodes=28,010,000,000 tested=1 found=0 n=571239643277906810696775 elapsed=1763s
progress: nodes=28,020,000,000 tested=1 found=0 n=463108781010797393654325 elapsed=1763s
progress: nodes=28,030,000,000 tested=1 found=0 n=499630220029446421569225 elapsed=1764s
progress: nodes=28,040,000,000 tested=1 found=0 n=619498218504716639870925 elapsed=1764s
progress: nodes=28,050,000,000 tested=1 found=0 n=242578594391471588882775 elapsed=1765s
progress: nodes=28,060,000,000 tested=1 found=0 n=644601166970758942412325 elapsed=1765s
progress: nodes=28,070,000,000 tested=1 found=0 n=142583985302929965827175 elapsed=1766s
progress: nodes=28,080,000,000 tested=1 found=0 n=258281194565447528185425 elapsed=1766s
progress: nodes=28,090,000,000 tested=1 found=0 n=298594183372512019739175 elapsed=1767s
progress: nodes=28,100,000,000 tested=1 found=0 n=657269154867859986920325 elapsed=1767s
progress: nodes=28,110,000,000 tested=1 found=0 n=754916339952072547681575 elapsed=1768s
progress: nodes=28,120,000,000 tested=1 found=0 n=110212728767893855185225 elapsed=1768s
progress: nodes=28,130,000,000 tested=1 found=0 n=596965553360140138306275 elapsed=1769s
progress: nodes=28,140,000,000 tested=1 found=0 n=410949220066298231486025 elapsed=1769s
progress: nodes=28,150,000,000 tested=1 found=0 n=43768193461946546982675 elapsed=1770s
progress: nodes=28,160,000,000 tested=1 found=0 n=258230921052339268680075 elapsed=1770s
progress: nodes=28,170,000,000 tested=1 found=0 n=110467178149500080626575 elapsed=1771s
progress: nodes=28,180,000,000 tested=1 found=0 n=151716607505260639230675 elapsed=1771s
progress: nodes=28,190,000,000 tested=1 found=0 n=70346140330510290792975 elapsed=1772s
progress: nodes=28,200,000,000 tested=1 found=0 n=81224181456587607234225 elapsed=1772s
progress: nodes=28,210,000,000 tested=1 found=0 n=114399493502685210651975 elapsed=1773s
progress: nodes=28,220,000,000 tested=1 found=0 n=193766202871746373579425 elapsed=1773s
progress: nodes=28,230,000,000 tested=1 found=0 n=32499422471080189192425 elapsed=1774s
progress: nodes=28,240,000,000 tested=1 found=0 n=863620595518598160575475 elapsed=1774s
progress: nodes=28,250,000,000 tested=1 found=0 n=452414967794738947616475 elapsed=1775s
progress: nodes=28,260,000,000 tested=1 found=0 n=864997977874115206825275 elapsed=1775s
progress: nodes=28,270,000,000 tested=1 found=0 n=740476540283268814021425 elapsed=1776s
progress: nodes=28,280,000,000 tested=1 found=0 n=814453568372962385535525 elapsed=1777s
progress: nodes=28,290,000,000 tested=1 found=0 n=594502915423238554772325 elapsed=1777s
progress: nodes=28,300,000,000 tested=1 found=0 n=295989177826466783598225 elapsed=1778s
progress: nodes=28,310,000,000 tested=1 found=0 n=781078310256985299948675 elapsed=1778s
progress: nodes=28,320,000,000 tested=1 found=0 n=433434273098981888694675 elapsed=1779s
progress: nodes=28,330,000,000 tested=1 found=0 n=158790711062256214259175 elapsed=1779s
progress: nodes=28,340,000,000 tested=1 found=0 n=154943835903649433043975 elapsed=1779s
progress: nodes=28,350,000,000 tested=1 found=0 n=535087044599785635489675 elapsed=1780s
progress: nodes=28,360,000,000 tested=1 found=0 n=168792722636773018930575 elapsed=1780s
progress: nodes=28,370,000,000 tested=1 found=0 n=136731568362236732195025 elapsed=1781s
progress: nodes=28,380,000,000 tested=1 found=0 n=220053991274056434806025 elapsed=1781s
progress: nodes=28,390,000,000 tested=1 found=0 n=91664580330622822776825 elapsed=1782s
progress: nodes=28,400,000,000 tested=1 found=0 n=73806337391985061395675 elapsed=1782s
progress: nodes=28,410,000,000 tested=1 found=0 n=214901518926649681515675 elapsed=1783s
progress: nodes=28,420,000,000 tested=1 found=0 n=480809252889253291692975 elapsed=1783s
progress: nodes=28,430,000,000 tested=1 found=0 n=88591473190162864854075 elapsed=1784s
progress: nodes=28,440,000,000 tested=1 found=0 n=159378359928555524016975 elapsed=1784s
progress: nodes=28,450,000,000 tested=1 found=0 n=41478538098609378270075 elapsed=1785s
progress: nodes=28,460,000,000 tested=1 found=0 n=926892829407767089607025 elapsed=1785s
progress: nodes=28,470,000,000 tested=1 found=0 n=23718150339213310512675 elapsed=1786s
progress: nodes=28,480,000,000 tested=1 found=0 n=31700588656910881668675 elapsed=1786s
progress: nodes=28,490,000,000 tested=1 found=0 n=19837608554242281756525 elapsed=1787s
progress: nodes=28,500,000,000 tested=1 found=0 n=926772958071129312847275 elapsed=1787s
progress: nodes=28,510,000,000 tested=1 found=0 n=540089573430674283705975 elapsed=1788s
progress: nodes=28,520,000,000 tested=1 found=0 n=467623088907993836135175 elapsed=1788s
progress: nodes=28,530,000,000 tested=1 found=0 n=577701277242491314845075 elapsed=1789s
progress: nodes=28,540,000,000 tested=1 found=0 n=804694418217850942964325 elapsed=1789s
progress: nodes=28,550,000,000 tested=1 found=0 n=723933650987855131491525 elapsed=1790s
progress: nodes=28,560,000,000 tested=1 found=0 n=264879610395344331269025 elapsed=1790s
progress: nodes=28,570,000,000 tested=1 found=0 n=155660728285399202676525 elapsed=1791s
progress: nodes=28,580,000,000 tested=1 found=0 n=528777378233744847560925 elapsed=1791s
progress: nodes=28,590,000,000 tested=1 found=0 n=981375773311844824023825 elapsed=1792s
progress: nodes=28,600,000,000 tested=1 found=0 n=239307243789590724365475 elapsed=1792s
progress: nodes=28,610,000,000 tested=1 found=0 n=555406772157527354503725 elapsed=1793s
progress: nodes=28,620,000,000 tested=1 found=0 n=167469743008538729004675 elapsed=1793s
progress: nodes=28,630,000,000 tested=1 found=0 n=107517847028137297741275 elapsed=1794s
progress: nodes=28,640,000,000 tested=1 found=0 n=414231047700547008349275 elapsed=1794s
progress: nodes=28,650,000,000 tested=1 found=0 n=80066951598530499420675 elapsed=1795s
progress: nodes=28,660,000,000 tested=1 found=0 n=78562043618024480396025 elapsed=1795s
progress: nodes=28,670,000,000 tested=1 found=0 n=59885338322844097345425 elapsed=1796s
progress: nodes=28,680,000,000 tested=1 found=0 n=162508701387770733148725 elapsed=1796s
progress: nodes=28,690,000,000 tested=1 found=0 n=201798595929105825903825 elapsed=1797s
progress: nodes=28,700,000,000 tested=1 found=0 n=432232365736382526947775 elapsed=1797s
progress: nodes=28,710,000,000 tested=1 found=0 n=13314827794687177655325 elapsed=1798s
progress: nodes=28,720,000,000 tested=1 found=0 n=315308472445335481794825 elapsed=1798s
progress: nodes=28,730,000,000 tested=1 found=0 n=5755071987105644775 elapsed=1799s
progress: nodes=28,740,000,000 tested=1 found=0 n=20084334127567435686675 elapsed=1799s
progress: nodes=28,750,000,000 tested=1 found=0 n=639107897858209977407925 elapsed=1800s
progress: nodes=28,760,000,000 tested=1 found=0 n=990582282545383110329175 elapsed=1800s
progress: nodes=28,770,000,000 tested=1 found=0 n=729606526908648019477275 elapsed=1801s
progress: nodes=28,780,000,000 tested=1 found=0 n=152005709301576208017225 elapsed=1801s
progress: nodes=28,790,000,000 tested=1 found=0 n=602635266377397320957175 elapsed=1802s
progress: nodes=28,800,000,000 tested=1 found=0 n=283172679417691916112975 elapsed=1802s
progress: nodes=28,810,000,000 tested=1 found=0 n=850687109486557352820525 elapsed=1803s
progress: nodes=28,820,000,000 tested=1 found=0 n=429562177380738697076925 elapsed=1803s
progress: nodes=28,830,000,000 tested=1 found=0 n=385606431930261715484025 elapsed=1804s
progress: nodes=28,840,000,000 tested=1 found=0 n=297836056416207360898275 elapsed=1804s
progress: nodes=28,850,000,000 tested=1 found=0 n=85866314233459895753475 elapsed=1805s
progress: nodes=28,860,000,000 tested=1 found=0 n=936232270786879794896025 elapsed=1805s
progress: nodes=28,870,000,000 tested=1 found=0 n=207929220457916210263725 elapsed=1806s
progress: nodes=28,880,000,000 tested=1 found=0 n=491693836213455492270225 elapsed=1806s
progress: nodes=28,890,000,000 tested=1 found=0 n=106410977368275481655325 elapsed=1807s
progress: nodes=28,900,000,000 tested=1 found=0 n=55508707351439348367075 elapsed=1807s
progress: nodes=28,910,000,000 tested=1 found=0 n=47300951297403383118825 elapsed=1808s
progress: nodes=28,920,000,000 tested=1 found=0 n=76941682470837509335725 elapsed=1808s
progress: nodes=28,930,000,000 tested=1 found=0 n=37775709035568122908575 elapsed=1809s
progress: nodes=28,940,000,000 tested=1 found=0 n=23626177007708511339675 elapsed=1809s
progress: nodes=28,950,000,000 tested=1 found=0 n=442112225095248654128325 elapsed=1810s
progress: nodes=28,960,000,000 tested=1 found=0 n=43423828846012577466075 elapsed=1810s
progress: nodes=28,970,000,000 tested=1 found=0 n=26786151069418666936725 elapsed=1811s
progress: nodes=28,980,000,000 tested=1 found=0 n=74982643264496830144425 elapsed=1811s
progress: nodes=28,990,000,000 tested=1 found=0 n=20123225392781787780075 elapsed=1812s
progress: nodes=29,000,000,000 tested=1 found=0 n=854460650958712968852825 elapsed=1812s
progress: nodes=29,010,000,000 tested=1 found=0 n=861877897169434173889575 elapsed=1813s
progress: nodes=29,020,000,000 tested=1 found=0 n=293668199452377520131075 elapsed=1813s
progress: nodes=29,030,000,000 tested=1 found=0 n=447055793761079295732225 elapsed=1814s
progress: nodes=29,040,000,000 tested=1 found=0 n=201217719906577379244525 elapsed=1814s
progress: nodes=29,050,000,000 tested=1 found=0 n=411376452536989291219725 elapsed=1815s
progress: nodes=29,060,000,000 tested=1 found=0 n=991264160720503653544275 elapsed=1815s
progress: nodes=29,070,000,000 tested=1 found=0 n=311428938626637891269925 elapsed=1816s
progress: nodes=29,080,000,000 tested=1 found=0 n=330569370508595515793925 elapsed=1817s
progress: nodes=29,090,000,000 tested=1 found=0 n=232288049052524364932175 elapsed=1817s
progress: nodes=29,100,000,000 tested=1 found=0 n=253021420906180710680325 elapsed=1818s
progress: nodes=29,110,000,000 tested=1 found=0 n=447732102819750047517075 elapsed=1818s
progress: nodes=29,120,000,000 tested=1 found=0 n=493480124726292751701225 elapsed=1819s
progress: nodes=29,130,000,000 tested=1 found=0 n=130315847921985055161975 elapsed=1819s
progress: nodes=29,140,000,000 tested=1 found=0 n=525084876691392294773925 elapsed=1820s
progress: nodes=29,150,000,000 tested=1 found=0 n=100759756450695928453725 elapsed=1820s
progress: nodes=29,160,000,000 tested=1 found=0 n=119522287435233114228225 elapsed=1821s
progress: nodes=29,170,000,000 tested=1 found=0 n=61645545211574168634075 elapsed=1821s
progress: nodes=29,180,000,000 tested=1 found=0 n=66003885050560864524975 elapsed=1822s
progress: nodes=29,190,000,000 tested=1 found=0 n=11803730080407803741775 elapsed=1822s
progress: nodes=29,200,000,000 tested=1 found=0 n=19022535341647898592675 elapsed=1823s
progress: nodes=29,210,000,000 tested=1 found=0 n=45106951263936319296825 elapsed=1823s
progress: nodes=29,220,000,000 tested=1 found=0 n=25458209054045259996075 elapsed=1824s
progress: nodes=29,230,000,000 tested=1 found=0 n=44005675492462323236025 elapsed=1824s
progress: nodes=29,240,000,000 tested=1 found=0 n=18353331786315843098925 elapsed=1825s
progress: nodes=29,250,000,000 tested=1 found=0 n=567313609219501180854675 elapsed=1825s
progress: nodes=29,260,000,000 tested=1 found=0 n=697703610741766032765075 elapsed=1826s
progress: nodes=29,270,000,000 tested=1 found=0 n=837130832697290834413425 elapsed=1826s
progress: nodes=29,280,000,000 tested=1 found=0 n=836697025465419840461025 elapsed=1827s
progress: nodes=29,290,000,000 tested=1 found=0 n=745375086070876193586225 elapsed=1827s
progress: nodes=29,300,000,000 tested=1 found=0 n=458043002190708847051425 elapsed=1828s
progress: nodes=29,310,000,000 tested=1 found=0 n=381373552513990069293975 elapsed=1828s
progress: nodes=29,320,000,000 tested=1 found=0 n=356629772678583054983475 elapsed=1829s
progress: nodes=29,330,000,000 tested=1 found=0 n=218736741475849069762575 elapsed=1829s
progress: nodes=29,340,000,000 tested=1 found=0 n=375650100706411941878325 elapsed=1830s
progress: nodes=29,350,000,000 tested=1 found=0 n=282002323527748148657475 elapsed=1830s
progress: nodes=29,360,000,000 tested=1 found=0 n=207921220285009145246475 elapsed=1831s
progress: nodes=29,370,000,000 tested=1 found=0 n=71743685322435002265675 elapsed=1831s
progress: nodes=29,380,000,000 tested=1 found=0 n=88198097059275567174525 elapsed=1832s
progress: nodes=29,390,000,000 tested=1 found=0 n=87780784014240935700225 elapsed=1832s
progress: nodes=29,400,000,000 tested=1 found=0 n=424734532090979541170025 elapsed=1833s
progress: nodes=29,410,000,000 tested=1 found=0 n=80464142265957372919425 elapsed=1833s
progress: nodes=29,420,000,000 tested=1 found=0 n=461424076234171428560325 elapsed=1834s
progress: nodes=29,430,000,000 tested=1 found=0 n=38330470376800932726825 elapsed=1834s
progress: nodes=29,440,000,000 tested=1 found=0 n=19865458138731177268725 elapsed=1835s
progress: nodes=29,450,000,000 tested=1 found=0 n=18608011678235174813475 elapsed=1835s
progress: nodes=29,460,000,000 tested=1 found=0 n=78548648168487823443975 elapsed=1836s
progress: nodes=29,470,000,000 tested=1 found=0 n=20458029606720016557675 elapsed=1836s
progress: nodes=29,480,000,000 tested=1 found=0 n=39841941877141210874925 elapsed=1837s
progress: nodes=29,490,000,000 tested=1 found=0 n=474109505790515550587775 elapsed=1837s
progress: nodes=29,500,000,000 tested=1 found=0 n=945969865987009376359275 elapsed=1838s
progress: nodes=29,510,000,000 tested=1 found=0 n=339772888188333083237325 elapsed=1838s
progress: nodes=29,520,000,000 tested=1 found=0 n=443967663018700897823175 elapsed=1839s
progress: nodes=29,530,000,000 tested=1 found=0 n=467442592842105869585025 elapsed=1839s
progress: nodes=29,540,000,000 tested=1 found=0 n=241177451513082851577525 elapsed=1840s
progress: nodes=29,550,000,000 tested=1 found=0 n=281685273374755423526925 elapsed=1840s
progress: nodes=29,560,000,000 tested=1 found=0 n=364134192171607729560975 elapsed=1841s
progress: nodes=29,570,000,000 tested=1 found=0 n=248196778658478793861575 elapsed=1841s
progress: nodes=29,580,000,000 tested=1 found=0 n=207005983217127364981425 elapsed=1842s
progress: nodes=29,590,000,000 tested=1 found=0 n=644831440988355516999675 elapsed=1842s
progress: nodes=29,600,000,000 tested=1 found=0 n=224495883696633783974025 elapsed=1843s
progress: nodes=29,610,000,000 tested=1 found=0 n=143516222095391658502275 elapsed=1843s
progress: nodes=29,620,000,000 tested=1 found=0 n=145239262367122758581175 elapsed=1844s
progress: nodes=29,630,000,000 tested=1 found=0 n=837053791538522213916975 elapsed=1844s
progress: nodes=29,640,000,000 tested=1 found=0 n=24574289273603682466425 elapsed=1845s
progress: nodes=29,650,000,000 tested=1 found=0 n=601142806466406455297475 elapsed=1845s
progress: nodes=29,660,000,000 tested=1 found=0 n=118117336714352165157825 elapsed=1846s
progress: nodes=29,670,000,000 tested=1 found=0 n=132611334102007372250925 elapsed=1846s
progress: nodes=29,680,000,000 tested=1 found=0 n=42425748197008102866225 elapsed=1847s
progress: nodes=29,690,000,000 tested=1 found=0 n=26503001723971530068025 elapsed=1847s
progress: nodes=29,700,000,000 tested=1 found=0 n=77997567240401761062825 elapsed=1848s
progress: nodes=29,710,000,000 tested=1 found=0 n=35414652156791628188325 elapsed=1848s
progress: nodes=29,720,000,000 tested=1 found=0 n=22752495433351402279275 elapsed=1849s
progress: nodes=29,730,000,000 tested=1 found=0 n=561119879818336523824425 elapsed=1849s
progress: nodes=29,740,000,000 tested=1 found=0 n=220602175971018617393475 elapsed=1850s
progress: nodes=29,750,000,000 tested=1 found=0 n=752138611765416293085525 elapsed=1850s
progress: nodes=29,760,000,000 tested=1 found=0 n=443823267397910663330925 elapsed=1851s
progress: nodes=29,770,000,000 tested=1 found=0 n=617804574009824482098675 elapsed=1851s
progress: nodes=29,780,000,000 tested=1 found=0 n=419321543953998057876075 elapsed=1852s
progress: nodes=29,790,000,000 tested=1 found=0 n=449689703867761634244825 elapsed=1852s
progress: nodes=29,800,000,000 tested=1 found=0 n=152835704564088694766475 elapsed=1853s
progress: nodes=29,810,000,000 tested=1 found=0 n=170679227485046757359025 elapsed=1853s
progress: nodes=29,820,000,000 tested=1 found=0 n=833718235480068016639275 elapsed=1854s
progress: nodes=29,830,000,000 tested=1 found=0 n=157370650990702346865525 elapsed=1854s
progress: nodes=29,840,000,000 tested=1 found=0 n=170379581071370574542925 elapsed=1855s
progress: nodes=29,850,000,000 tested=1 found=0 n=164580811617587318950425 elapsed=1855s
progress: nodes=29,860,000,000 tested=1 found=0 n=121654939243151848902225 elapsed=1856s
progress: nodes=29,870,000,000 tested=1 found=0 n=27332707416389588316675 elapsed=1856s
progress: nodes=29,880,000,000 tested=1 found=0 n=151472796512369322393975 elapsed=1857s
progress: nodes=29,890,000,000 tested=1 found=0 n=183712576726037392272525 elapsed=1857s
progress: nodes=29,900,000,000 tested=1 found=0 n=513694285124969144507025 elapsed=1858s
progress: nodes=29,910,000,000 tested=1 found=0 n=124405927237382875302075 elapsed=1858s
progress: nodes=29,920,000,000 tested=1 found=0 n=597158723628508711215975 elapsed=1859s
progress: nodes=29,930,000,000 tested=1 found=0 n=29268185791258030799325 elapsed=1859s
progress: nodes=29,940,000,000 tested=1 found=0 n=341622659102163320084775 elapsed=1860s
progress: nodes=29,950,000,000 tested=1 found=0 n=15396596377342304563725 elapsed=1860s
progress: nodes=29,960,000,000 tested=1 found=0 n=29937922243102979959425 elapsed=1861s
progress: nodes=29,970,000,000 tested=1 found=0 n=576103685694140741505225 elapsed=1861s
progress: nodes=29,980,000,000 tested=1 found=0 n=768050437820168217632775 elapsed=1862s
progress: nodes=29,990,000,000 tested=1 found=0 n=824731149733434562122075 elapsed=1862s
progress: nodes=30,000,000,000 tested=1 found=0 n=526429952797371620079225 elapsed=1863s
progress: nodes=30,010,000,000 tested=1 found=0 n=351774573661107266552025 elapsed=1863s
progress: nodes=30,020,000,000 tested=1 found=0 n=191531898325856213343075 elapsed=1864s
progress: nodes=30,030,000,000 tested=1 found=0 n=818929823814127252967025 elapsed=1864s
progress: nodes=30,040,000,000 tested=1 found=0 n=891798940811914047723525 elapsed=1865s
progress: nodes=30,050,000,000 tested=1 found=0 n=91431058032533013033525 elapsed=1865s
progress: nodes=30,060,000,000 tested=1 found=0 n=122501124830027448508575 elapsed=1866s
progress: nodes=30,070,000,000 tested=1 found=0 n=126998971278820895901075 elapsed=1866s
progress: nodes=30,080,000,000 tested=1 found=0 n=82943994901323928740225 elapsed=1867s
progress: nodes=30,090,000,000 tested=1 found=0 n=100834516808581498488975 elapsed=1867s
progress: nodes=30,100,000,000 tested=1 found=0 n=513843322203023461066275 elapsed=1868s
progress: nodes=30,110,000,000 tested=1 found=0 n=91608841538958652118925 elapsed=1868s
progress: nodes=30,120,000,000 tested=1 found=0 n=193678871862916994064225 elapsed=1869s
progress: nodes=30,130,000,000 tested=1 found=0 n=224022951941828819733525 elapsed=1869s
progress: nodes=30,140,000,000 tested=1 found=0 n=56053282041525850749525 elapsed=1869s
progress: nodes=30,150,000,000 tested=1 found=0 n=28969456583469022131225 elapsed=1870s
progress: nodes=30,160,000,000 tested=1 found=0 n=34801350341512079292825 elapsed=1870s
progress: nodes=30,170,000,000 tested=1 found=0 n=65317967583194444729325 elapsed=1871s
progress: nodes=30,180,000,000 tested=1 found=0 n=217391393071904424591075 elapsed=1871s
progress: nodes=30,190,000,000 tested=1 found=0 n=14162777318838244314075 elapsed=1872s
progress: nodes=30,200,000,000 tested=1 found=0 n=678818263058341414790925 elapsed=1872s
progress: nodes=30,210,000,000 tested=1 found=0 n=796040089519318273890975 elapsed=1873s
progress: nodes=30,220,000,000 tested=1 found=0 n=458441903793530412573675 elapsed=1873s
progress: nodes=30,230,000,000 tested=1 found=0 n=363708343365628672264425 elapsed=1874s
progress: nodes=30,240,000,000 tested=1 found=0 n=557056703636219077895175 elapsed=1874s
progress: nodes=30,250,000,000 tested=1 found=0 n=245854198405841312354925 elapsed=1875s
progress: nodes=30,260,000,000 tested=1 found=0 n=260647398148651377252675 elapsed=1875s
progress: nodes=30,270,000,000 tested=1 found=0 n=159894667865036459966325 elapsed=1876s
progress: nodes=30,280,000,000 tested=1 found=0 n=466377863209822493240025 elapsed=1876s
progress: nodes=30,290,000,000 tested=1 found=0 n=189798360078029007666075 elapsed=1877s
progress: nodes=30,300,000,000 tested=1 found=0 n=582304542751018404806775 elapsed=1877s
progress: nodes=30,310,000,000 tested=1 found=0 n=999562175516961766506225 elapsed=1878s
progress: nodes=30,320,000,000 tested=1 found=0 n=97810191332109667629075 elapsed=1878s
progress: nodes=30,330,000,000 tested=1 found=0 n=643194003104923992332325 elapsed=1879s
progress: nodes=30,340,000,000 tested=1 found=0 n=78593630098699796963025 elapsed=1879s
progress: nodes=30,350,000,000 tested=1 found=0 n=38360690210941835740575 elapsed=1880s
progress: nodes=30,360,000,000 tested=1 found=0 n=45595278279529004244075 elapsed=1880s
progress: nodes=30,370,000,000 tested=1 found=0 n=142968415584544322562075 elapsed=1881s
progress: nodes=30,380,000,000 tested=1 found=0 n=34784254343960963330775 elapsed=1881s
progress: nodes=30,390,000,000 tested=1 found=0 n=17834246452350603485925 elapsed=1882s
progress: nodes=30,400,000,000 tested=1 found=0 n=144428760054029617012275 elapsed=1882s
progress: nodes=30,410,000,000 tested=1 found=0 n=22450384951950492955275 elapsed=1883s
progress: nodes=30,420,000,000 tested=1 found=0 n=732283998898645840893675 elapsed=1883s
progress: nodes=30,430,000,000 tested=1 found=0 n=271004454654483633830175 elapsed=1884s
progress: nodes=30,440,000,000 tested=1 found=0 n=251129225221119826613175 elapsed=1884s
progress: nodes=30,450,000,000 tested=1 found=0 n=357308381563194210681675 elapsed=1885s
progress: nodes=30,460,000,000 tested=1 found=0 n=494312202378288927729525 elapsed=1885s
progress: nodes=30,470,000,000 tested=1 found=0 n=223852489848180219816075 elapsed=1886s
progress: nodes=30,480,000,000 tested=1 found=0 n=74543474267818893147525 elapsed=1886s
progress: nodes=30,490,000,000 tested=1 found=0 n=965045844844296341079525 elapsed=1887s
progress: nodes=30,500,000,000 tested=1 found=0 n=52865607192164938324725 elapsed=1887s
progress: nodes=30,510,000,000 tested=1 found=0 n=125820982600541564847225 elapsed=1887s
progress: nodes=30,520,000,000 tested=1 found=0 n=108355708273175474793825 elapsed=1888s
progress: nodes=30,530,000,000 tested=1 found=0 n=331169173537036038965475 elapsed=1888s
progress: nodes=30,540,000,000 tested=1 found=0 n=76910172459026077131675 elapsed=1889s
progress: nodes=30,550,000,000 tested=1 found=0 n=39980735227925389958775 elapsed=1889s
progress: nodes=30,560,000,000 tested=1 found=0 n=195431225078901907127175 elapsed=1890s
progress: nodes=30,570,000,000 tested=1 found=0 n=42918591841073454009075 elapsed=1890s
progress: nodes=30,580,000,000 tested=1 found=0 n=37467658842478755579975 elapsed=1891s
progress: nodes=30,590,000,000 tested=1 found=0 n=608387122188744553522725 elapsed=1891s
progress: nodes=30,600,000,000 tested=1 found=0 n=151288829908752895562775 elapsed=1892s
progress: nodes=30,610,000,000 tested=1 found=0 n=21806523283272245650275 elapsed=1892s
progress: nodes=30,620,000,000 tested=1 found=0 n=374581037182681135960725 elapsed=1893s
progress: nodes=30,630,000,000 tested=1 found=0 n=623227405175153734323225 elapsed=1893s
progress: nodes=30,640,000,000 tested=1 found=0 n=361909357340452917963825 elapsed=1894s
progress: nodes=30,650,000,000 tested=1 found=0 n=359446325367054576618825 elapsed=1894s
progress: nodes=30,660,000,000 tested=1 found=0 n=168496811844902993262525 elapsed=1895s
progress: nodes=30,670,000,000 tested=1 found=0 n=228733013493255814053225 elapsed=1895s
progress: nodes=30,680,000,000 tested=1 found=0 n=222418056216644910132225 elapsed=1896s
progress: nodes=30,690,000,000 tested=1 found=0 n=112290971340433147322775 elapsed=1896s
progress: nodes=30,700,000,000 tested=1 found=0 n=681401583303018403607925 elapsed=1897s
progress: nodes=30,710,000,000 tested=1 found=0 n=885183040224109905424575 elapsed=1897s
progress: nodes=30,720,000,000 tested=1 found=0 n=666628530779897583837225 elapsed=1898s
progress: nodes=30,730,000,000 tested=1 found=0 n=647008849551862054289175 elapsed=1898s
progress: nodes=30,740,000,000 tested=1 found=0 n=116476249354546592071275 elapsed=1899s
progress: nodes=30,750,000,000 tested=1 found=0 n=68763661044545765844975 elapsed=1899s
progress: nodes=30,760,000,000 tested=1 found=0 n=250166129444246634622575 elapsed=1899s
progress: nodes=30,770,000,000 tested=1 found=0 n=36149614874413783453425 elapsed=1900s
progress: nodes=30,780,000,000 tested=1 found=0 n=26429078392669185872925 elapsed=1900s
progress: nodes=30,790,000,000 tested=1 found=0 n=989246549048399901048075 elapsed=1901s
progress: nodes=30,800,000,000 tested=1 found=0 n=15979135746855429966675 elapsed=1901s
progress: nodes=30,810,000,000 tested=1 found=0 n=397522311056871140422425 elapsed=1902s
progress: nodes=30,820,000,000 tested=1 found=0 n=264594118550300817017025 elapsed=1902s
progress: nodes=30,830,000,000 tested=1 found=0 n=149370698816645939843925 elapsed=1903s
progress: nodes=30,840,000,000 tested=1 found=0 n=87813666266412602147775 elapsed=1903s
progress: nodes=30,850,000,000 tested=1 found=0 n=119607917915110216095075 elapsed=1904s
progress: nodes=30,860,000,000 tested=1 found=0 n=229038927522689980549425 elapsed=1904s
progress: nodes=30,870,000,000 tested=1 found=0 n=318795060710665124253525 elapsed=1905s
progress: nodes=30,880,000,000 tested=1 found=0 n=65206047605446734332775 elapsed=1905s
progress: nodes=30,890,000,000 tested=1 found=0 n=241597837459633678913175 elapsed=1906s
progress: nodes=30,900,000,000 tested=1 found=0 n=48032586455019913450275 elapsed=1906s
progress: nodes=30,910,000,000 tested=1 found=0 n=14435286046283771064825 elapsed=1907s
progress: nodes=30,920,000,000 tested=1 found=0 n=10645228049205882014025 elapsed=1907s
progress: nodes=30,930,000,000 tested=1 found=0 n=116860978279760238477525 elapsed=1908s
progress: nodes=30,940,000,000 tested=1 found=0 n=182963638393049699424525 elapsed=1908s
progress: nodes=30,950,000,000 tested=1 found=0 n=47237835091277368920525 elapsed=1909s
progress: nodes=30,960,000,000 tested=1 found=0 n=22295616223155031710525 elapsed=1909s
progress: nodes=30,970,000,000 tested=1 found=0 n=143877122259739146982275 elapsed=1910s
progress: nodes=30,980,000,000 tested=1 found=0 n=177959805638618155591725 elapsed=1910s
progress: nodes=30,990,000,000 tested=1 found=0 n=176718586992609862167825 elapsed=1911s
progress: nodes=31,000,000,000 tested=1 found=0 n=91689986237752659696225 elapsed=1911s
progress: nodes=31,010,000,000 tested=1 found=0 n=663704308382134515456675 elapsed=1912s
progress: nodes=31,020,000,000 tested=1 found=0 n=589419544370888011820325 elapsed=1912s
progress: nodes=31,030,000,000 tested=1 found=0 n=48972766719249991085325 elapsed=1913s
progress: nodes=31,040,000,000 tested=1 found=0 n=158610015847409421126975 elapsed=1913s
progress: nodes=31,050,000,000 tested=1 found=0 n=207845597232478631422425 elapsed=1914s
progress: nodes=31,060,000,000 tested=1 found=0 n=799821959089403031971475 elapsed=1914s
progress: nodes=31,070,000,000 tested=1 found=0 n=48633126152712500717175 elapsed=1914s
progress: nodes=31,080,000,000 tested=1 found=0 n=34137766244405114694975 elapsed=1915s
progress: nodes=31,090,000,000 tested=1 found=0 n=9401474263320119419725 elapsed=1915s
progress: nodes=31,100,000,000 tested=1 found=0 n=16597245643963752221025 elapsed=1916s
progress: nodes=31,110,000,000 tested=1 found=0 n=24184113455026858465275 elapsed=1916s
progress: nodes=31,120,000,000 tested=1 found=0 n=299596935597691080159525 elapsed=1917s
progress: nodes=31,130,000,000 tested=1 found=0 n=306752709005487525913275 elapsed=1917s
progress: nodes=31,140,000,000 tested=1 found=0 n=152937243641739690029325 elapsed=1918s
progress: nodes=31,150,000,000 tested=1 found=0 n=69076380888060375890775 elapsed=1918s
progress: nodes=31,160,000,000 tested=1 found=0 n=106674374416031526164775 elapsed=1919s
progress: nodes=31,170,000,000 tested=1 found=0 n=203426186066188578603825 elapsed=1919s
progress: nodes=31,180,000,000 tested=1 found=0 n=47069894211023090903925 elapsed=1920s
progress: nodes=31,190,000,000 tested=1 found=0 n=67134341487635818614075 elapsed=1920s
progress: nodes=31,200,000,000 tested=1 found=0 n=37648574953180589894925 elapsed=1921s
progress: nodes=31,210,000,000 tested=1 found=0 n=106885552188841261932525 elapsed=1921s
progress: nodes=31,220,000,000 tested=1 found=0 n=160290776308539680435775 elapsed=1922s
progress: nodes=31,230,000,000 tested=1 found=0 n=26691962214643282739325 elapsed=1922s
progress: nodes=31,240,000,000 tested=1 found=0 n=167784783347388321660975 elapsed=1923s
progress: nodes=31,250,000,000 tested=1 found=0 n=21705709000142316445725 elapsed=1923s
progress: nodes=31,260,000,000 tested=1 found=0 n=244938380940039571473975 elapsed=1924s
progress: nodes=31,270,000,000 tested=1 found=0 n=506342983350569675063325 elapsed=1924s
progress: nodes=31,280,000,000 tested=1 found=0 n=35196431511651999807075 elapsed=1925s
progress: nodes=31,290,000,000 tested=1 found=0 n=66075675025079697516825 elapsed=1925s
progress: nodes=31,300,000,000 tested=1 found=0 n=69630966526047156162075 elapsed=1926s
progress: nodes=31,310,000,000 tested=1 found=0 n=108523541278059271832325 elapsed=1926s
progress: nodes=31,320,000,000 tested=1 found=0 n=29970070950397980391275 elapsed=1927s
progress: nodes=31,330,000,000 tested=1 found=0 n=177828951456923990469675 elapsed=1927s
progress: nodes=31,340,000,000 tested=1 found=0 n=29707213579802642737425 elapsed=1928s
progress: nodes=31,350,000,000 tested=1 found=0 n=10398118862428637372175 elapsed=1928s
progress: nodes=31,360,000,000 tested=1 found=0 n=415094726019269970927825 elapsed=1928s
progress: nodes=31,370,000,000 tested=1 found=0 n=674475251126907925491225 elapsed=1929s
progress: nodes=31,380,000,000 tested=1 found=0 n=20771740670889168664275 elapsed=1929s
progress: nodes=31,390,000,000 tested=1 found=0 n=160837083850477355188725 elapsed=1930s
progress: nodes=31,400,000,000 tested=1 found=0 n=770078275153422216299175 elapsed=1930s
progress: nodes=31,410,000,000 tested=1 found=0 n=46962979882730184562575 elapsed=1931s
progress: nodes=31,420,000,000 tested=1 found=0 n=407331431817779752386675 elapsed=1931s
progress: nodes=31,430,000,000 tested=1 found=0 n=80563638935670597210075 elapsed=1932s
progress: nodes=31,440,000,000 tested=1 found=0 n=151731963403708060755525 elapsed=1932s
progress: nodes=31,450,000,000 tested=1 found=0 n=966565293571342011507675 elapsed=1933s
progress: nodes=31,460,000,000 tested=1 found=0 n=54850871408472336279225 elapsed=1933s
progress: nodes=31,470,000,000 tested=1 found=0 n=25778463492906689146725 elapsed=1934s
progress: nodes=31,480,000,000 tested=1 found=0 n=43633029495866035292925 elapsed=1934s
progress: nodes=31,490,000,000 tested=1 found=0 n=6320034755835440736525 elapsed=1935s
progress: nodes=31,500,000,000 tested=1 found=0 n=17039243902359037991775 elapsed=1935s
progress: nodes=31,510,000,000 tested=1 found=0 n=636905953095414410661825 elapsed=1936s
progress: nodes=31,520,000,000 tested=1 found=0 n=314267112613227300930975 elapsed=1936s
progress: nodes=31,530,000,000 tested=1 found=0 n=458139738278175060275025 elapsed=1937s
progress: nodes=31,540,000,000 tested=1 found=0 n=62646938859093703997025 elapsed=1937s
progress: nodes=31,550,000,000 tested=1 found=0 n=63556559292405913401525 elapsed=1938s
progress: nodes=31,560,000,000 tested=1 found=0 n=40469327639110443012225 elapsed=1938s
progress: nodes=31,570,000,000 tested=1 found=0 n=119516746332774218882025 elapsed=1939s
progress: nodes=31,580,000,000 tested=1 found=0 n=104814088283278173517575 elapsed=1940s
progress: nodes=31,590,000,000 tested=1 found=0 n=18048141290994881384175 elapsed=1940s
progress: nodes=31,600,000,000 tested=1 found=0 n=71310522567126894941175 elapsed=1941s
progress: nodes=31,610,000,000 tested=1 found=0 n=17324156307805715950725 elapsed=1942s
progress: nodes=31,620,000,000 tested=1 found=0 n=154203397813823746148475 elapsed=1942s
progress: nodes=31,630,000,000 tested=1 found=0 n=117343774364417290071525 elapsed=1943s
progress: nodes=31,640,000,000 tested=1 found=0 n=64350252950063025306075 elapsed=1943s
progress: nodes=31,650,000,000 tested=1 found=0 n=73583714159373833726025 elapsed=1944s
progress: nodes=31,660,000,000 tested=1 found=0 n=975062306282425808078775 elapsed=1944s
progress: nodes=31,670,000,000 tested=1 found=0 n=45513857789328561171825 elapsed=1945s
progress: nodes=31,680,000,000 tested=1 found=0 n=174273887457749880018075 elapsed=1945s
progress: nodes=31,690,000,000 tested=1 found=0 n=51555774549831876978225 elapsed=1946s
progress: nodes=31,700,000,000 tested=1 found=0 n=17353368289697912439825 elapsed=1946s
progress: nodes=31,710,000,000 tested=1 found=0 n=18848914238489285818725 elapsed=1947s
progress: nodes=31,720,000,000 tested=1 found=0 n=699540247763826094014675 elapsed=1948s
progress: nodes=31,730,000,000 tested=1 found=0 n=313655619355920032022975 elapsed=1948s
progress: nodes=31,740,000,000 tested=1 found=0 n=437610865981106638853175 elapsed=1949s
progress: nodes=31,750,000,000 tested=1 found=0 n=112692417601632494758275 elapsed=1949s
progress: nodes=31,760,000,000 tested=1 found=0 n=95396288902854573423075 elapsed=1950s
progress: nodes=31,770,000,000 tested=1 found=0 n=540120644433536833298775 elapsed=1951s
progress: nodes=31,780,000,000 tested=1 found=0 n=37966887051576903452175 elapsed=1951s
progress: nodes=31,790,000,000 tested=1 found=0 n=468095844997903490414475 elapsed=1952s
progress: nodes=31,800,000,000 tested=1 found=0 n=11023094620346058146325 elapsed=1952s
progress: nodes=31,810,000,000 tested=1 found=0 n=70834114690553173641825 elapsed=1953s
progress: nodes=31,820,000,000 tested=1 found=0 n=35811482814432120434925 elapsed=1953s
progress: nodes=31,830,000,000 tested=1 found=0 n=214498960925496449663175 elapsed=1954s
progress: nodes=31,840,000,000 tested=1 found=0 n=17215279745103303510075 elapsed=1954s
progress: nodes=31,850,000,000 tested=1 found=0 n=8314668756274249200975 elapsed=1955s
progress: nodes=31,860,000,000 tested=1 found=0 n=245877526806639417400425 elapsed=1955s
progress: nodes=31,870,000,000 tested=1 found=0 n=207599618595535505742975 elapsed=1956s
progress: nodes=31,880,000,000 tested=1 found=0 n=27022936142334257171475 elapsed=1956s
progress: nodes=31,890,000,000 tested=1 found=0 n=13579902115575129466275 elapsed=1957s
progress: nodes=31,900,000,000 tested=1 found=0 n=110338726268315621408475 elapsed=1957s
progress: nodes=31,910,000,000 tested=1 found=0 n=57173664172467054272775 elapsed=1958s
progress: nodes=31,920,000,000 tested=1 found=0 n=450185734456126735734525 elapsed=1958s
progress: nodes=31,930,000,000 tested=1 found=0 n=47618804981102231973525 elapsed=1959s
progress: nodes=31,940,000,000 tested=1 found=0 n=53448127757066608254975 elapsed=1959s
progress: nodes=31,950,000,000 tested=1 found=0 n=608894388190953587676525 elapsed=1960s
progress: nodes=31,960,000,000 tested=1 found=0 n=109894906059572633688975 elapsed=1960s
progress: nodes=31,970,000,000 tested=1 found=0 n=22571573643073686949575 elapsed=1961s
progress: nodes=31,980,000,000 tested=1 found=0 n=21862113406272450200175 elapsed=1961s
progress: nodes=31,990,000,000 tested=1 found=0 n=63116516045255404328025 elapsed=1961s
progress: nodes=32,000,000,000 tested=1 found=0 n=54798623601062757712725 elapsed=1962s
progress: nodes=32,010,000,000 tested=1 found=0 n=40642212250972198934925 elapsed=1962s
progress: nodes=32,020,000,000 tested=1 found=0 n=23965690227129503820825 elapsed=1963s
progress: nodes=32,030,000,000 tested=1 found=0 n=345895235772927848403825 elapsed=1963s
progress: nodes=32,040,000,000 tested=1 found=0 n=25329059506564435060725 elapsed=1964s
progress: nodes=32,050,000,000 tested=1 found=0 n=17525075774866644774075 elapsed=1964s
progress: nodes=32,060,000,000 tested=1 found=0 n=21086024030320865154825 elapsed=1965s
progress: nodes=32,070,000,000 tested=1 found=0 n=191121123335576787456675 elapsed=1965s
progress: nodes=32,080,000,000 tested=1 found=0 n=154411439551537774137675 elapsed=1966s
progress: nodes=32,090,000,000 tested=1 found=0 n=320666141407795234633725 elapsed=1966s
progress: nodes=32,100,000,000 tested=1 found=0 n=10693034413424965805775 elapsed=1967s
progress: nodes=32,110,000,000 tested=1 found=0 n=17343920810325440191575 elapsed=1968s
progress: nodes=32,120,000,000 tested=1 found=0 n=10745721089212038168525 elapsed=1968s
progress: nodes=32,130,000,000 tested=1 found=0 n=43308890846060968160175 elapsed=1969s
progress: nodes=32,140,000,000 tested=1 found=0 n=32938846691999731100475 elapsed=1969s
progress: nodes=32,150,000,000 tested=1 found=0 n=33619906317950060426175 elapsed=1969s
progress: nodes=32,160,000,000 tested=1 found=0 n=52726464710250738467775 elapsed=1970s
progress: nodes=32,170,000,000 tested=1 found=0 n=29757621822328323183975 elapsed=1970s
progress: nodes=32,180,000,000 tested=1 found=0 n=346201243352793770080425 elapsed=1971s
progress: nodes=32,190,000,000 tested=1 found=0 n=18846174533715798136725 elapsed=1971s
progress: nodes=32,200,000,000 tested=1 found=0 n=82236070094011492412325 elapsed=1972s
progress: nodes=32,210,000,000 tested=1 found=0 n=18917856974572163611575 elapsed=1972s
progress: nodes=32,220,000,000 tested=1 found=0 n=45800965320430667286225 elapsed=1973s
progress: nodes=32,230,000,000 tested=1 found=0 n=21820118377609471158525 elapsed=1973s
progress: nodes=32,240,000,000 tested=1 found=0 n=255247244636160784046325 elapsed=1974s
progress: nodes=32,250,000,000 tested=1 found=0 n=79215749956841094886575 elapsed=1974s
progress: nodes=32,260,000,000 tested=1 found=0 n=7468266495786092578725 elapsed=1975s
progress: nodes=32,270,000,000 tested=1 found=0 n=35269078814812447208175 elapsed=1975s
progress: nodes=32,280,000,000 tested=1 found=0 n=64894876328240890728225 elapsed=1976s
progress: nodes=32,290,000,000 tested=1 found=0 n=144000864129418774259925 elapsed=1976s
progress: nodes=32,300,000,000 tested=1 found=0 n=38754321748047891231675 elapsed=1977s
progress: nodes=32,310,000,000 tested=1 found=0 n=475468378908469265351175 elapsed=1977s
progress: nodes=32,320,000,000 tested=1 found=0 n=24416625164365189566525 elapsed=1978s
progress: nodes=32,330,000,000 tested=1 found=0 n=10053862353835177030725 elapsed=1978s
progress: nodes=32,340,000,000 tested=1 found=0 n=34299235447968194321475 elapsed=1979s
progress: nodes=32,350,000,000 tested=1 found=0 n=44917103594881691112225 elapsed=1979s
progress: nodes=32,360,000,000 tested=1 found=0 n=47155416569118205287225 elapsed=1980s
progress: nodes=32,370,000,000 tested=1 found=0 n=205311316449002259992925 elapsed=1980s
progress: nodes=32,380,000,000 tested=1 found=0 n=11952955250255567229825 elapsed=1981s
progress: nodes=32,390,000,000 tested=1 found=0 n=105952128136468608841275 elapsed=1981s
progress: nodes=32,400,000,000 tested=1 found=0 n=30687652872609821549175 elapsed=1982s
progress: nodes=32,410,000,000 tested=1 found=0 n=46303941523010796735825 elapsed=1982s
progress: nodes=32,420,000,000 tested=1 found=0 n=17136030009000561955725 elapsed=1983s
progress: nodes=32,430,000,000 tested=1 found=0 n=32122284676226620686525 elapsed=1983s
progress: nodes=32,440,000,000 tested=1 found=0 n=117158647894036441203225 elapsed=1984s
progress: nodes=32,450,000,000 tested=1 found=0 n=53624652491028521191575 elapsed=1984s
progress: nodes=32,460,000,000 tested=1 found=0 n=33116320030438627865025 elapsed=1985s
progress: nodes=32,470,000,000 tested=1 found=0 n=334321436896896550841025 elapsed=1985s
progress: nodes=32,480,000,000 tested=1 found=0 n=144334589024045279563275 elapsed=1985s
progress: nodes=32,490,000,000 tested=1 found=0 n=47976092361251092070175 elapsed=1986s
progress: nodes=32,500,000,000 tested=1 found=0 n=10097300845843173973725 elapsed=1986s
progress: nodes=32,510,000,000 tested=1 found=0 n=19315754076878375763075 elapsed=1987s
progress: nodes=32,520,000,000 tested=1 found=0 n=10282279731273162509325 elapsed=1987s
progress: nodes=32,530,000,000 tested=1 found=0 n=15891365016021610626225 elapsed=1988s
progress: nodes=32,540,000,000 tested=1 found=0 n=40301745042079380856425 elapsed=1988s
progress: nodes=32,550,000,000 tested=1 found=0 n=31887766871552925901425 elapsed=1989s
progress: nodes=32,560,000,000 tested=1 found=0 n=23465765991339090565575 elapsed=1989s
progress: nodes=32,570,000,000 tested=1 found=0 n=21803643320420720111925 elapsed=1990s
progress: nodes=32,580,000,000 tested=1 found=0 n=97370201698817247818475 elapsed=1990s
progress: nodes=32,590,000,000 tested=1 found=0 n=28324776955878158108925 elapsed=1991s
progress: nodes=32,600,000,000 tested=1 found=0 n=58350427184618133804525 elapsed=1991s
progress: nodes=32,610,000,000 tested=1 found=0 n=325176039375116310949425 elapsed=1992s
progress: nodes=32,620,000,000 tested=1 found=0 n=12669246002211559428525 elapsed=1992s
progress: nodes=32,630,000,000 tested=1 found=0 n=55714694101285311174225 elapsed=1993s
progress: nodes=32,640,000,000 tested=1 found=0 n=64910704364916522759075 elapsed=1993s
progress: nodes=32,650,000,000 tested=1 found=0 n=86761925603344921719075 elapsed=1994s
progress: nodes=32,660,000,000 tested=1 found=0 n=334408064291545421816925 elapsed=1994s
progress: nodes=32,670,000,000 tested=1 found=0 n=77935806778190085356775 elapsed=1995s
progress: nodes=32,680,000,000 tested=1 found=0 n=46164975683857329188175 elapsed=1995s
progress: nodes=32,690,000,000 tested=1 found=0 n=158478384613225072892925 elapsed=1996s
progress: nodes=32,700,000,000 tested=1 found=0 n=104300028579170341749975 elapsed=1996s
progress: nodes=32,710,000,000 tested=1 found=0 n=218316573000620898299925 elapsed=1997s
progress: nodes=32,720,000,000 tested=1 found=0 n=22872418302034933814325 elapsed=1997s
progress: nodes=32,730,000,000 tested=1 found=0 n=69525696392743643920725 elapsed=1998s
progress: nodes=32,740,000,000 tested=1 found=0 n=305767439267909191683825 elapsed=1998s
progress: nodes=32,750,000,000 tested=1 found=0 n=79102725530238492900675 elapsed=1998s
progress: nodes=32,760,000,000 tested=1 found=0 n=121377487948259942030775 elapsed=1999s
progress: nodes=32,770,000,000 tested=1 found=0 n=18050722668716644002525 elapsed=1999s
progress: nodes=32,780,000,000 tested=1 found=0 n=106674207666607968140325 elapsed=2000s
progress: nodes=32,790,000,000 tested=1 found=0 n=261268227173275663780725 elapsed=2000s
progress: nodes=32,800,000,000 tested=1 found=0 n=42556859162609911880475 elapsed=2001s
progress: nodes=32,810,000,000 tested=1 found=0 n=13840059123912022040325 elapsed=2001s
progress: nodes=32,820,000,000 tested=1 found=0 n=235662030744312191673225 elapsed=2002s
progress: nodes=32,830,000,000 tested=1 found=0 n=57204983164103078271825 elapsed=2002s
progress: nodes=32,840,000,000 tested=1 found=0 n=333873698200134188049525 elapsed=2003s
progress: nodes=32,850,000,000 tested=1 found=0 n=18764399197728645114225 elapsed=2003s
progress: nodes=32,860,000,000 tested=1 found=0 n=8380310995468498225425 elapsed=2004s
progress: nodes=32,870,000,000 tested=1 found=0 n=9920347543228438462575 elapsed=2004s
progress: nodes=32,880,000,000 tested=1 found=0 n=267165682741082738409225 elapsed=2005s
progress: nodes=32,890,000,000 tested=1 found=0 n=14005092280647442034775 elapsed=2005s
progress: nodes=32,900,000,000 tested=1 found=0 n=241336337382120502418325 elapsed=2006s
progress: nodes=32,910,000,000 tested=1 found=0 n=6607779773222699567925 elapsed=2006s
progress: nodes=32,920,000,000 tested=1 found=0 n=7265551358162285234475 elapsed=2007s
progress: nodes=32,930,000,000 tested=1 found=0 n=20191046854225844357475 elapsed=2007s
progress: nodes=32,940,000,000 tested=1 found=0 n=171928335072116077873275 elapsed=2008s
progress: nodes=32,950,000,000 tested=1 found=0 n=19163598104225745788475 elapsed=2008s
progress: nodes=32,960,000,000 tested=1 found=0 n=21385689656778487958775 elapsed=2009s
progress: nodes=32,970,000,000 tested=1 found=0 n=52789715797346472741225 elapsed=2009s
progress: nodes=32,980,000,000 tested=1 found=0 n=5194390818462025612575 elapsed=2010s
progress: nodes=32,990,000,000 tested=1 found=0 n=12067219924731975335475 elapsed=2010s
progress: nodes=33,000,000,000 tested=1 found=0 n=11953148119610523186075 elapsed=2011s
progress: nodes=33,010,000,000 tested=1 found=0 n=6233972960644986017175 elapsed=2011s
progress: nodes=33,020,000,000 tested=1 found=0 n=459479406541603217601975 elapsed=2012s
progress: nodes=33,030,000,000 tested=1 found=0 n=6919352746636067155275 elapsed=2012s
progress: nodes=33,040,000,000 tested=1 found=0 n=88555935783158503813725 elapsed=2013s
progress: nodes=33,050,000,000 tested=1 found=0 n=267833499608644713647475 elapsed=2013s
progress: nodes=33,060,000,000 tested=1 found=0 n=12665102404424535168675 elapsed=2014s
progress: nodes=33,070,000,000 tested=1 found=0 n=34058488649997694750725 elapsed=2014s
progress: nodes=33,080,000,000 tested=1 found=0 n=22090523721131495090175 elapsed=2015s
progress: nodes=33,090,000,000 tested=1 found=0 n=17132264952612355828425 elapsed=2015s
progress: nodes=33,100,000,000 tested=1 found=0 n=13427796551604635332275 elapsed=2015s
progress: nodes=33,110,000,000 tested=1 found=0 n=13259403249016001788425 elapsed=2016s
progress: nodes=33,120,000,000 tested=1 found=0 n=16402110090831930347025 elapsed=2016s
progress: nodes=33,130,000,000 tested=1 found=0 n=59720263657769846241825 elapsed=2017s
progress: nodes=33,140,000,000 tested=1 found=0 n=20710633767253668305925 elapsed=2017s
progress: nodes=33,150,000,000 tested=1 found=0 n=27587947376175752955675 elapsed=2018s
progress: nodes=33,160,000,000 tested=1 found=0 n=40807008347775550012275 elapsed=2018s
progress: nodes=33,170,000,000 tested=1 found=0 n=14850020637181924097475 elapsed=2019s
progress: nodes=33,180,000,000 tested=1 found=0 n=8869304643032240217525 elapsed=2019s
progress: nodes=33,190,000,000 tested=1 found=0 n=11566608534284640804825 elapsed=2020s
progress: nodes=33,200,000,000 tested=1 found=0 n=20195630813883441484425 elapsed=2020s
progress: nodes=33,210,000,000 tested=1 found=0 n=22067576416477233759975 elapsed=2021s
progress: nodes=33,220,000,000 tested=1 found=0 n=12384709224898080352425 elapsed=2021s
progress: nodes=33,230,000,000 tested=1 found=0 n=410636102498351840220825 elapsed=2022s
progress: nodes=33,240,000,000 tested=1 found=0 n=15178221285396410680725 elapsed=2022s
progress: nodes=33,250,000,000 tested=1 found=0 n=102713611629610268783925 elapsed=2023s
progress: nodes=33,260,000,000 tested=1 found=0 n=14321768931418469138475 elapsed=2023s
progress: nodes=33,270,000,000 tested=1 found=0 n=499330434281648722606425 elapsed=2024s
progress: nodes=33,280,000,000 tested=1 found=0 n=177061153212049028433225 elapsed=2024s
progress: nodes=33,290,000,000 tested=1 found=0 n=252734842382722611922725 elapsed=2025s
progress: nodes=33,300,000,000 tested=1 found=0 n=164373511255879133840775 elapsed=2025s
progress: nodes=33,310,000,000 tested=1 found=0 n=16461714994446721503075 elapsed=2026s
progress: nodes=33,320,000,000 tested=1 found=0 n=7565327714220564405975 elapsed=2026s
progress: nodes=33,330,000,000 tested=1 found=0 n=6849946948039035158175 elapsed=2027s
progress: nodes=33,340,000,000 tested=1 found=0 n=25025894735375930542575 elapsed=2027s
progress: nodes=33,350,000,000 tested=1 found=0 n=449979588594869448075675 elapsed=2028s
progress: nodes=33,360,000,000 tested=1 found=0 n=19309987333154285099475 elapsed=2028s
progress: nodes=33,370,000,000 tested=1 found=0 n=20331897724957680050475 elapsed=2029s
progress: nodes=33,380,000,000 tested=1 found=0 n=551399378483426273261175 elapsed=2029s
progress: nodes=33,390,000,000 tested=1 found=0 n=3010853053233886575 elapsed=2030s
progress: nodes=33,400,000,000 tested=1 found=0 n=7712803395570592058025 elapsed=2030s
progress: nodes=33,410,000,000 tested=1 found=0 n=13258961159168983905075 elapsed=2031s
progress: nodes=33,420,000,000 tested=1 found=0 n=33525345877230018894225 elapsed=2031s
progress: nodes=33,430,000,000 tested=1 found=0 n=4281229961642714147925 elapsed=2032s
progress: nodes=33,440,000,000 tested=1 found=0 n=120163914984681748569675 elapsed=2032s
progress: nodes=33,450,000,000 tested=1 found=0 n=41008019211870411547275 elapsed=2033s
progress: nodes=33,460,000,000 tested=1 found=0 n=8448372309123520305675 elapsed=2033s
progress: nodes=33,470,000,000 tested=1 found=0 n=11690560222801436379975 elapsed=2034s
progress: nodes=33,480,000,000 tested=1 found=0 n=6500717397126829444425 elapsed=2034s
progress: nodes=33,490,000,000 tested=1 found=0 n=21992601748539477766425 elapsed=2035s
progress: nodes=33,500,000,000 tested=1 found=0 n=15441982718614461899175 elapsed=2035s
progress: nodes=33,510,000,000 tested=1 found=0 n=8611478008019650967775 elapsed=2036s
progress: nodes=33,520,000,000 tested=1 found=0 n=12353561383878956745075 elapsed=2036s
progress: nodes=33,530,000,000 tested=1 found=0 n=17889227376734973155325 elapsed=2037s
progress: nodes=33,540,000,000 tested=1 found=0 n=17749276738302148836225 elapsed=2037s
progress: nodes=33,550,000,000 tested=1 found=0 n=12939796841997880794225 elapsed=2038s
progress: nodes=33,560,000,000 tested=1 found=0 n=11976152872949702483475 elapsed=2038s
progress: nodes=33,570,000,000 tested=1 found=0 n=10488778173810440886525 elapsed=2039s
progress: nodes=33,580,000,000 tested=1 found=0 n=12809871698565867236025 elapsed=2039s
progress: nodes=33,590,000,000 tested=1 found=0 n=10095168527590188674775 elapsed=2040s
progress: nodes=33,600,000,000 tested=1 found=0 n=11521660639642521578925 elapsed=2040s
progress: nodes=33,610,000,000 tested=1 found=0 n=432663020480470625585025 elapsed=2041s
progress: nodes=33,620,000,000 tested=1 found=0 n=65280116088436435125225 elapsed=2042s
progress: nodes=33,630,000,000 tested=1 found=0 n=20275125373081389299775 elapsed=2042s
progress: nodes=33,640,000,000 tested=1 found=0 n=105295619894136559055025 elapsed=2043s
progress: nodes=33,650,000,000 tested=1 found=0 n=46686682291368939201525 elapsed=2043s
progress: nodes=33,660,000,000 tested=1 found=0 n=121302104247194541174075 elapsed=2044s
progress: nodes=33,670,000,000 tested=1 found=0 n=370943743241061724401525 elapsed=2044s
progress: nodes=33,680,000,000 tested=1 found=0 n=95230349536842715134225 elapsed=2045s
progress: nodes=33,690,000,000 tested=1 found=0 n=3796565784025108776825 elapsed=2045s
progress: nodes=33,700,000,000 tested=1 found=0 n=3049851276001793309475 elapsed=2046s
progress: nodes=33,710,000,000 tested=1 found=0 n=2666422663450021615425 elapsed=2046s
progress: nodes=33,720,000,000 tested=1 found=0 n=10678182029821638650175 elapsed=2047s
progress: nodes=33,730,000,000 tested=1 found=0 n=1315272331526804797575 elapsed=2047s
progress: nodes=33,740,000,000 tested=1 found=0 n=681557131636135508325 elapsed=2048s
progress: nodes=33,750,000,000 tested=1 found=0 n=314404193083096661612925 elapsed=2048s
progress: nodes=33,760,000,000 tested=1 found=0 n=1946758886139122451825 elapsed=2049s
progress: nodes=33,770,000,000 tested=1 found=0 n=3490708768857308652225 elapsed=2050s
progress: nodes=33,780,000,000 tested=1 found=0 n=587772336749237385956925 elapsed=2050s
progress: nodes=33,790,000,000 tested=1 found=0 n=966295264322087306510475 elapsed=2051s
progress: nodes=33,800,000,000 tested=1 found=0 n=954150512355603370997475 elapsed=2052s
progress: nodes=33,810,000,000 tested=1 found=0 n=330201520776953705247225 elapsed=2052s
progress: nodes=33,820,000,000 tested=1 found=0 n=186861757723634447025 elapsed=2053s
progress: nodes=33,830,000,000 tested=1 found=0 n=861926110199000363527725 elapsed=2054s
progress: nodes=33,840,000,000 tested=1 found=0 n=578596015560773440433775 elapsed=2055s
progress: nodes=33,850,000,000 tested=1 found=0 n=952132085027427795980775 elapsed=2055s
progress: nodes=33,860,000,000 tested=1 found=0 n=673627217076794911798725 elapsed=2056s
progress: nodes=33,870,000,000 tested=1 found=0 n=973474911412186272085425 elapsed=2057s
progress: nodes=33,880,000,000 tested=1 found=0 n=800166261260112429443475 elapsed=2058s
progress: nodes=33,890,000,000 tested=1 found=0 n=622510610853505082612475 elapsed=2059s
progress: nodes=33,900,000,000 tested=1 found=0 n=685135099512080366603025 elapsed=2059s
progress: nodes=33,910,000,000 tested=1 found=0 n=984986667334446544835925 elapsed=2060s
progress: nodes=33,920,000,000 tested=1 found=0 n=612193250023750260369075 elapsed=2061s
progress: nodes=33,930,000,000 tested=1 found=0 n=618733727300609901348225 elapsed=2062s
progress: nodes=33,940,000,000 tested=1 found=0 n=767020988258601065729025 elapsed=2062s
progress: nodes=33,950,000,000 tested=1 found=0 n=958489256012970054719775 elapsed=2063s
progress: nodes=33,960,000,000 tested=1 found=0 n=972344937799116509424225 elapsed=2064s
progress: nodes=33,970,000,000 tested=1 found=0 n=602351764694955727848825 elapsed=2065s
progress: nodes=33,980,000,000 tested=1 found=0 n=801557940734837101025925 elapsed=2066s
progress: nodes=33,990,000,000 tested=1 found=0 n=912422943456345450740325 elapsed=2066s
progress: nodes=34,000,000,000 tested=1 found=0 n=634045641889363621063575 elapsed=2067s
progress: nodes=34,010,000,000 tested=1 found=0 n=898916280640746314028225 elapsed=2068s
progress: nodes=34,020,000,000 tested=1 found=0 n=893384104855588590805275 elapsed=2069s
progress: nodes=34,030,000,000 tested=1 found=0 n=475143863282484669841425 elapsed=2070s
progress: nodes=34,040,000,000 tested=1 found=0 n=783234072681900937694025 elapsed=2071s
progress: nodes=34,050,000,000 tested=1 found=0 n=387753617885404840501575 elapsed=2071s
progress: nodes=34,060,000,000 tested=1 found=0 n=860677546941293540391075 elapsed=2072s
progress: nodes=34,070,000,000 tested=1 found=0 n=816138335875250573639025 elapsed=2073s
progress: nodes=34,080,000,000 tested=1 found=0 n=669207977499677255822325 elapsed=2074s
progress: nodes=34,090,000,000 tested=1 found=0 n=918686544758528267532525 elapsed=2075s
progress: nodes=34,100,000,000 tested=1 found=0 n=740340485485361084105925 elapsed=2076s
progress: nodes=34,110,000,000 tested=1 found=0 n=979024427705894597709825 elapsed=2076s
progress: nodes=34,120,000,000 tested=1 found=0 n=402020652190299757125225 elapsed=2077s
progress: nodes=34,130,000,000 tested=1 found=0 n=487254328810595971793025 elapsed=2078s
progress: nodes=34,140,000,000 tested=1 found=0 n=157499576621008659104925 elapsed=2078s
progress: nodes=34,150,000,000 tested=1 found=0 n=61831355499814863115725 elapsed=2079s
progress: nodes=34,160,000,000 tested=1 found=0 n=226778907645514702238475 elapsed=2079s
progress: nodes=34,170,000,000 tested=1 found=0 n=28195492422328937609475 elapsed=2080s
progress: nodes=34,180,000,000 tested=1 found=0 n=7952648041089869199225 elapsed=2080s
progress: nodes=34,190,000,000 tested=2 found=0 n=47613604142436250164675 elapsed=2081s
progress: nodes=34,200,000,000 tested=2 found=0 n=959663127776367882399675 elapsed=2081s
progress: nodes=34,210,000,000 tested=2 found=0 n=749463891517757168963925 elapsed=2082s
progress: nodes=34,220,000,000 tested=2 found=0 n=917557850595765739170525 elapsed=2083s
progress: nodes=34,230,000,000 tested=2 found=0 n=958925801353422233792175 elapsed=2084s
progress: nodes=34,240,000,000 tested=2 found=0 n=893558971523838869717325 elapsed=2085s
progress: nodes=34,250,000,000 tested=2 found=0 n=741197187633529228398225 elapsed=2085s
progress: nodes=34,260,000,000 tested=2 found=0 n=724619513864657824295025 elapsed=2086s
progress: nodes=34,270,000,000 tested=2 found=0 n=924735520934929777927425 elapsed=2087s
progress: nodes=34,280,000,000 tested=2 found=0 n=795597402906237752524275 elapsed=2088s
progress: nodes=34,290,000,000 tested=2 found=0 n=688799150810065078716075 elapsed=2089s
progress: nodes=34,300,000,000 tested=2 found=0 n=941514093649404379822575 elapsed=2090s
progress: nodes=34,310,000,000 tested=2 found=0 n=586688617238688468192975 elapsed=2091s
progress: nodes=34,320,000,000 tested=2 found=0 n=949812538365458408430075 elapsed=2092s
progress: nodes=34,330,000,000 tested=2 found=0 n=846097611911007890995275 elapsed=2092s
progress: nodes=34,340,000,000 tested=2 found=0 n=768623245124497431529575 elapsed=2093s
progress: nodes=34,350,000,000 tested=2 found=0 n=639772157979096281321325 elapsed=2094s
progress: nodes=34,360,000,000 tested=2 found=0 n=932565873806677555076775 elapsed=2095s
progress: nodes=34,370,000,000 tested=2 found=0 n=785681051908189658610675 elapsed=2096s
progress: nodes=34,380,000,000 tested=2 found=0 n=971338972530428082834825 elapsed=2097s
progress: nodes=34,390,000,000 tested=2 found=0 n=719419048235548574295525 elapsed=2098s
progress: nodes=34,400,000,000 tested=2 found=0 n=947929880855279639813925 elapsed=2098s
progress: nodes=34,410,000,000 tested=2 found=0 n=928108809864948030022275 elapsed=2099s
progress: nodes=34,420,000,000 tested=2 found=0 n=77083994774384265525 elapsed=2100s
progress: nodes=34,430,000,000 tested=2 found=0 n=696408050810155622484975 elapsed=2101s
progress: nodes=34,440,000,000 tested=2 found=0 n=759277137535361008095675 elapsed=2102s
progress: nodes=34,450,000,000 tested=2 found=0 n=880385713886841890324025 elapsed=2102s
progress: nodes=34,460,000,000 tested=2 found=0 n=677959757515183541294325 elapsed=2103s
progress: nodes=34,470,000,000 tested=2 found=0 n=992172921872153422197225 elapsed=2104s
progress: nodes=34,480,000,000 tested=2 found=0 n=623584533764025113612475 elapsed=2105s
progress: nodes=34,490,000,000 tested=2 found=0 n=859308685307901172247475 elapsed=2106s
progress: nodes=34,500,000,000 tested=2 found=0 n=749222934328664183098425 elapsed=2107s
progress: nodes=34,510,000,000 tested=2 found=0 n=665024490257488811060325 elapsed=2108s
progress: nodes=34,520,000,000 tested=2 found=0 n=995203735584573065147025 elapsed=2109s
progress: nodes=34,530,000,000 tested=2 found=0 n=363720230739640230745575 elapsed=2110s
progress: nodes=34,540,000,000 tested=2 found=0 n=996160601875985800436325 elapsed=2110s
progress: nodes=34,550,000,000 tested=2 found=0 n=834549488259178037206575 elapsed=2111s
progress: nodes=34,560,000,000 tested=2 found=0 n=598396148277451034800575 elapsed=2112s
progress: nodes=34,570,000,000 tested=2 found=0 n=576446506230254261069325 elapsed=2113s
progress: nodes=34,580,000,000 tested=2 found=0 n=699575585136397099019175 elapsed=2114s
progress: nodes=34,590,000,000 tested=2 found=0 n=659481825570474462173475 elapsed=2115s
progress: nodes=34,600,000,000 tested=2 found=0 n=404660993382460837340175 elapsed=2115s
progress: nodes=34,610,000,000 tested=2 found=0 n=665961504134838329300025 elapsed=2116s
progress: nodes=34,620,000,000 tested=2 found=0 n=919331760684676157364975 elapsed=2117s
progress: nodes=34,630,000,000 tested=2 found=0 n=714550615694954080496025 elapsed=2118s
progress: nodes=34,640,000,000 tested=2 found=0 n=467540985774373854882825 elapsed=2119s
progress: nodes=34,650,000,000 tested=2 found=0 n=723125629083193605630075 elapsed=2119s
progress: nodes=34,660,000,000 tested=2 found=0 n=636879176911943405979825 elapsed=2120s
progress: nodes=34,670,000,000 tested=2 found=0 n=345424738311732854571225 elapsed=2121s
progress: nodes=34,680,000,000 tested=2 found=0 n=669011154943865731064925 elapsed=2122s
progress: nodes=34,690,000,000 tested=2 found=0 n=620579060734072264614075 elapsed=2123s
progress: nodes=34,700,000,000 tested=2 found=0 n=943515347568181261527225 elapsed=2123s
progress: nodes=34,710,000,000 tested=2 found=0 n=829257863708496728938575 elapsed=2124s
progress: nodes=34,720,000,000 tested=2 found=0 n=982833290839911886871925 elapsed=2125s
progress: nodes=34,730,000,000 tested=2 found=0 n=969309173092008660021825 elapsed=2126s
progress: nodes=34,740,000,000 tested=2 found=0 n=840632399857295385794025 elapsed=2126s
progress: nodes=34,750,000,000 tested=2 found=0 n=786233217657495473483475 elapsed=2127s
progress: nodes=34,760,000,000 tested=2 found=0 n=570614474941155184972575 elapsed=2128s
progress: nodes=34,770,000,000 tested=2 found=0 n=507039114121529209173525 elapsed=2129s
progress: nodes=34,780,000,000 tested=2 found=0 n=779091581278572272964825 elapsed=2129s
progress: nodes=34,790,000,000 tested=2 found=0 n=469309439961001845551775 elapsed=2130s
progress: nodes=34,800,000,000 tested=2 found=0 n=813990958087286263616475 elapsed=2131s
progress: nodes=34,810,000,000 tested=2 found=0 n=898271075219345853607725 elapsed=2132s
progress: nodes=34,820,000,000 tested=2 found=0 n=698593820975422420008675 elapsed=2133s
progress: nodes=34,830,000,000 tested=2 found=0 n=713172060602661693022275 elapsed=2133s
progress: nodes=34,840,000,000 tested=2 found=0 n=688856029536984798392475 elapsed=2134s
progress: nodes=34,850,000,000 tested=2 found=0 n=451757260795911425322825 elapsed=2135s
progress: nodes=34,860,000,000 tested=2 found=0 n=996173018794567599746475 elapsed=2136s
progress: nodes=34,870,000,000 tested=2 found=0 n=710552005011284979231975 elapsed=2136s
progress: nodes=34,880,000,000 tested=2 found=0 n=647005186939500128142975 elapsed=2137s
progress: nodes=34,890,000,000 tested=2 found=0 n=934447269661083812730525 elapsed=2138s
progress: nodes=34,900,000,000 tested=2 found=0 n=921981142854753192257475 elapsed=2139s
progress: nodes=34,910,000,000 tested=2 found=0 n=700743058220622959245275 elapsed=2139s
progress: nodes=34,920,000,000 tested=2 found=0 n=307146457341534835585275 elapsed=2140s
progress: nodes=34,930,000,000 tested=2 found=0 n=416092771856836888574475 elapsed=2141s
progress: nodes=34,940,000,000 tested=2 found=0 n=995932360244476162504425 elapsed=2142s
progress: nodes=34,950,000,000 tested=2 found=0 n=652588105683734635926225 elapsed=2142s
progress: nodes=34,960,000,000 tested=2 found=0 n=625263175643103915285225 elapsed=2143s
progress: nodes=34,970,000,000 tested=2 found=0 n=962143604906153745107175 elapsed=2144s
progress: nodes=34,980,000,000 tested=2 found=0 n=329398217946366128198925 elapsed=2144s
progress: nodes=34,990,000,000 tested=2 found=0 n=228596075511458060952975 elapsed=2145s
progress: nodes=35,000,000,000 tested=2 found=0 n=543745546955615606004975 elapsed=2146s
progress: nodes=35,010,000,000 tested=2 found=0 n=486910708406225011397775 elapsed=2147s
progress: nodes=35,020,000,000 tested=2 found=0 n=965653658266263398278275 elapsed=2148s
progress: nodes=35,030,000,000 tested=2 found=0 n=392160270525940111906425 elapsed=2148s
progress: nodes=35,040,000,000 tested=2 found=0 n=205229512331533548905475 elapsed=2149s
progress: nodes=35,050,000,000 tested=2 found=0 n=943060611864006115633725 elapsed=2150s
progress: nodes=35,060,000,000 tested=2 found=0 n=830411556930035438475975 elapsed=2150s
progress: nodes=35,070,000,000 tested=2 found=0 n=915913719424264502938425 elapsed=2151s
progress: nodes=35,080,000,000 tested=2 found=0 n=733987626538016109198225 elapsed=2152s
progress: nodes=35,090,000,000 tested=2 found=0 n=853106811576053444349225 elapsed=2153s
progress: nodes=35,100,000,000 tested=2 found=0 n=872822438270091125527425 elapsed=2153s
progress: nodes=35,110,000,000 tested=2 found=0 n=269320479503253050054325 elapsed=2154s
progress: nodes=35,120,000,000 tested=2 found=0 n=825195155538234028451475 elapsed=2155s
progress: nodes=35,130,000,000 tested=2 found=0 n=573466681407891615533475 elapsed=2156s
progress: nodes=35,140,000,000 tested=2 found=0 n=956444686008649689004725 elapsed=2156s
progress: nodes=35,150,000,000 tested=2 found=0 n=560646423227707113200475 elapsed=2157s
progress: nodes=35,160,000,000 tested=2 found=0 n=781490185008607933941225 elapsed=2158s
progress: nodes=35,170,000,000 tested=2 found=0 n=997985976106273998590175 elapsed=2159s
progress: nodes=35,180,000,000 tested=2 found=0 n=373043131686809229928425 elapsed=2159s
progress: nodes=35,190,000,000 tested=2 found=0 n=851546250918774910881525 elapsed=2160s
progress: nodes=35,200,000,000 tested=2 found=0 n=702691237377464813681775 elapsed=2161s
progress: nodes=35,210,000,000 tested=2 found=0 n=508264456750479572704275 elapsed=2162s
progress: nodes=35,220,000,000 tested=2 found=0 n=668992710476760890552475 elapsed=2162s
progress: nodes=35,230,000,000 tested=2 found=0 n=689123428017317794397325 elapsed=2163s
progress: nodes=35,240,000,000 tested=2 found=0 n=435034057827834573569175 elapsed=2164s
progress: nodes=35,250,000,000 tested=2 found=0 n=794676683912381515856325 elapsed=2165s
progress: nodes=35,260,000,000 tested=2 found=0 n=604911199166544226038225 elapsed=2165s
progress: nodes=35,270,000,000 tested=2 found=0 n=980302030801824205793175 elapsed=2166s
progress: nodes=35,280,000,000 tested=2 found=0 n=673164799326762858869325 elapsed=2167s
progress: nodes=35,290,000,000 tested=2 found=0 n=967909849923309106917675 elapsed=2168s
progress: nodes=35,300,000,000 tested=2 found=0 n=365582409964700283101175 elapsed=2168s
progress: nodes=35,310,000,000 tested=2 found=0 n=135670143326657829393075 elapsed=2169s
progress: nodes=35,320,000,000 tested=2 found=0 n=953956166045799204170025 elapsed=2170s
progress: nodes=35,330,000,000 tested=2 found=0 n=438399208262710643766675 elapsed=2171s
progress: nodes=35,340,000,000 tested=2 found=0 n=654575995931941963747725 elapsed=2171s
progress: nodes=35,350,000,000 tested=2 found=0 n=787124889140497251061575 elapsed=2172s
progress: nodes=35,360,000,000 tested=2 found=0 n=739365287715059944320525 elapsed=2173s
progress: nodes=35,370,000,000 tested=2 found=0 n=874841518580310895581825 elapsed=2174s
progress: nodes=35,380,000,000 tested=2 found=0 n=223559682555549903859725 elapsed=2174s
progress: nodes=35,390,000,000 tested=2 found=0 n=801878987019882986996925 elapsed=2175s
progress: nodes=35,400,000,000 tested=2 found=0 n=820868935581576774331725 elapsed=2176s
progress: nodes=35,410,000,000 tested=2 found=0 n=802267308813917310367575 elapsed=2177s
progress: nodes=35,420,000,000 tested=2 found=0 n=989707213154458447194975 elapsed=2177s
progress: nodes=35,430,000,000 tested=2 found=0 n=999062339137051151294475 elapsed=2178s
progress: nodes=35,440,000,000 tested=2 found=0 n=433616728046898209824725 elapsed=2179s
progress: nodes=35,450,000,000 tested=2 found=0 n=683088430651533212838675 elapsed=2180s
progress: nodes=35,460,000,000 tested=2 found=0 n=574667196535212202668675 elapsed=2180s
progress: nodes=35,470,000,000 tested=2 found=0 n=928909422719616757172325 elapsed=2181s
progress: nodes=35,480,000,000 tested=2 found=0 n=570257347872363254843025 elapsed=2182s
progress: nodes=35,490,000,000 tested=2 found=0 n=188357912429632063157325 elapsed=2183s
progress: nodes=35,500,000,000 tested=2 found=0 n=372760858074364335007575 elapsed=2183s
progress: nodes=35,510,000,000 tested=2 found=0 n=597522102500626363749975 elapsed=2184s
progress: nodes=35,520,000,000 tested=2 found=0 n=677528650130069069678775 elapsed=2185s
progress: nodes=35,530,000,000 tested=2 found=0 n=563452136414770733119275 elapsed=2186s
progress: nodes=35,540,000,000 tested=2 found=0 n=364282658946865995346725 elapsed=2186s
progress: nodes=35,550,000,000 tested=2 found=0 n=849772592698258268400075 elapsed=2187s
progress: nodes=35,560,000,000 tested=2 found=0 n=974101862115592113735975 elapsed=2188s
progress: nodes=35,570,000,000 tested=2 found=0 n=573870863034869172855225 elapsed=2188s
progress: nodes=35,580,000,000 tested=2 found=0 n=815732017753807346488725 elapsed=2189s
progress: nodes=35,590,000,000 tested=2 found=0 n=438391852952100271835325 elapsed=2190s
progress: nodes=35,600,000,000 tested=2 found=0 n=363519288462761882333025 elapsed=2191s
progress: nodes=35,610,000,000 tested=2 found=0 n=980696078476867190477325 elapsed=2191s
progress: nodes=35,620,000,000 tested=2 found=0 n=469797839370244404601725 elapsed=2192s
progress: nodes=35,630,000,000 tested=2 found=0 n=721349437457377772332575 elapsed=2193s
progress: nodes=35,640,000,000 tested=2 found=0 n=455255170149811970828175 elapsed=2194s
progress: nodes=35,650,000,000 tested=2 found=0 n=175880258321894006691525 elapsed=2194s
progress: nodes=35,660,000,000 tested=2 found=0 n=522648781474523206106175 elapsed=2195s
progress: nodes=35,670,000,000 tested=2 found=0 n=244322725555337190665475 elapsed=2196s
progress: nodes=35,680,000,000 tested=2 found=0 n=634795356795897157156725 elapsed=2197s
progress: nodes=35,690,000,000 tested=2 found=0 n=666578239717204321510575 elapsed=2197s
progress: nodes=35,700,000,000 tested=2 found=0 n=282674664955180904502525 elapsed=2198s
progress: nodes=35,710,000,000 tested=2 found=0 n=305480301868445518525425 elapsed=2199s
progress: nodes=35,720,000,000 tested=2 found=0 n=753863366836326871227675 elapsed=2200s
progress: nodes=35,730,000,000 tested=2 found=0 n=625540554213025662600675 elapsed=2201s
progress: nodes=35,740,000,000 tested=2 found=0 n=359717920460065127328225 elapsed=2201s
progress: nodes=35,750,000,000 tested=2 found=0 n=706377604489277928560925 elapsed=2202s
progress: nodes=35,760,000,000 tested=2 found=0 n=595165653542936196359925 elapsed=2203s
progress: nodes=35,770,000,000 tested=2 found=0 n=237101795966277097788075 elapsed=2204s
progress: nodes=35,780,000,000 tested=2 found=0 n=936708441253342663652175 elapsed=2205s
progress: nodes=35,790,000,000 tested=2 found=0 n=668653025236911142095525 elapsed=2205s
progress: nodes=35,800,000,000 tested=2 found=0 n=662677554588900404450325 elapsed=2206s
progress: nodes=35,810,000,000 tested=2 found=0 n=170847899494527975108675 elapsed=2207s
progress: nodes=35,820,000,000 tested=2 found=0 n=532320803471848645672275 elapsed=2208s
progress: nodes=35,830,000,000 tested=2 found=0 n=563804732431851623609325 elapsed=2209s
progress: nodes=35,840,000,000 tested=2 found=0 n=519046631359256344247475 elapsed=2209s
progress: nodes=35,850,000,000 tested=2 found=0 n=984460857853553563937025 elapsed=2210s
progress: nodes=35,860,000,000 tested=2 found=0 n=495505540482795061115325 elapsed=2211s
progress: nodes=35,870,000,000 tested=2 found=0 n=337113861106075234241775 elapsed=2212s
progress: nodes=35,880,000,000 tested=2 found=0 n=907739652898308268477725 elapsed=2213s
progress: nodes=35,890,000,000 tested=2 found=0 n=559464094758667668687975 elapsed=2214s
progress: nodes=35,900,000,000 tested=2 found=0 n=427856212669214416369425 elapsed=2215s
progress: nodes=35,910,000,000 tested=2 found=0 n=938174472807881676863925 elapsed=2216s
progress: nodes=35,920,000,000 tested=2 found=0 n=682117550651516304435825 elapsed=2216s
progress: nodes=35,930,000,000 tested=2 found=0 n=504592289966945375663325 elapsed=2217s
progress: nodes=35,940,000,000 tested=2 found=0 n=481740212618896862019675 elapsed=2218s
progress: nodes=35,950,000,000 tested=2 found=0 n=536509144395549969361575 elapsed=2219s
progress: nodes=35,960,000,000 tested=2 found=0 n=614566982836568738036775 elapsed=2220s
progress: nodes=35,970,000,000 tested=2 found=0 n=676148705587460165742825 elapsed=2221s
progress: nodes=35,980,000,000 tested=2 found=0 n=793176340366841651573925 elapsed=2222s
progress: nodes=35,990,000,000 tested=2 found=0 n=762843665418418429999725 elapsed=2223s
progress: nodes=36,000,000,000 tested=2 found=0 n=680398656267174211148925 elapsed=2224s
progress: nodes=36,010,000,000 tested=2 found=0 n=658662317005160456842425 elapsed=2225s
progress: nodes=36,020,000,000 tested=2 found=0 n=586863021868962845409975 elapsed=2226s
progress: nodes=36,030,000,000 tested=2 found=0 n=759660175757825457161475 elapsed=2227s
progress: nodes=36,040,000,000 tested=2 found=0 n=360869291309537976654975 elapsed=2228s
progress: nodes=36,050,000,000 tested=2 found=0 n=807131702849124361748325 elapsed=2229s
progress: nodes=36,060,000,000 tested=2 found=0 n=404847949127512757198475 elapsed=2230s
progress: nodes=36,070,000,000 tested=2 found=0 n=752548104607875893921175 elapsed=2231s
progress: nodes=36,080,000,000 tested=2 found=0 n=775068290233503111985425 elapsed=2232s
progress: nodes=36,090,000,000 tested=2 found=0 n=691719827114149117852425 elapsed=2232s
progress: nodes=36,100,000,000 tested=2 found=0 n=678853490117252073634725 elapsed=2233s
progress: nodes=36,110,000,000 tested=2 found=0 n=445055315370771998682075 elapsed=2234s
progress: nodes=36,120,000,000 tested=2 found=0 n=729498812314943314847775 elapsed=2235s
progress: nodes=36,130,000,000 tested=2 found=0 n=730345212203999508048075 elapsed=2236s
progress: nodes=36,140,000,000 tested=2 found=0 n=628625430198327516851325 elapsed=2237s
progress: nodes=36,150,000,000 tested=2 found=0 n=716289614788731858120675 elapsed=2238s
progress: nodes=36,160,000,000 tested=2 found=0 n=739159087332990140463075 elapsed=2239s
progress: nodes=36,170,000,000 tested=2 found=0 n=688594567419808412981475 elapsed=2240s
progress: nodes=36,180,000,000 tested=2 found=0 n=771127577570477837027175 elapsed=2241s
progress: nodes=36,190,000,000 tested=2 found=0 n=718465819853780089580775 elapsed=2242s
progress: nodes=36,200,000,000 tested=2 found=0 n=746908279583695722131925 elapsed=2243s
progress: nodes=36,210,000,000 tested=2 found=0 n=754391062748865699160575 elapsed=2244s
progress: nodes=36,220,000,000 tested=2 found=0 n=671281015777688493509475 elapsed=2245s
progress: nodes=36,230,000,000 tested=2 found=0 n=770965847743171567226025 elapsed=2246s
progress: nodes=36,240,000,000 tested=2 found=0 n=767260574654031986674575 elapsed=2246s
progress: nodes=36,250,000,000 tested=2 found=0 n=869409895360441932600675 elapsed=2247s
progress: nodes=36,260,000,000 tested=2 found=0 n=766428992251524688868925 elapsed=2248s
progress: nodes=36,270,000,000 tested=2 found=0 n=913266201734308188849225 elapsed=2249s
progress: nodes=36,280,000,000 tested=2 found=0 n=559215378474466839915075 elapsed=2249s
progress: nodes=36,290,000,000 tested=2 found=0 n=572743484190896261625525 elapsed=2250s
progress: nodes=36,300,000,000 tested=2 found=0 n=875534275780779094483575 elapsed=2251s
progress: nodes=36,310,000,000 tested=2 found=0 n=740177232989240160253425 elapsed=2251s
progress: nodes=36,320,000,000 tested=2 found=0 n=683092943038663021518225 elapsed=2252s
progress: nodes=36,330,000,000 tested=2 found=0 n=743312557546595706630675 elapsed=2253s
progress: nodes=36,340,000,000 tested=2 found=0 n=925030938986621646175425 elapsed=2253s
progress: nodes=36,350,000,000 tested=2 found=0 n=554299161154484029852425 elapsed=2254s
progress: nodes=36,360,000,000 tested=2 found=0 n=918534012006208641175275 elapsed=2255s
progress: nodes=36,370,000,000 tested=2 found=0 n=520168598122392701228175 elapsed=2255s
progress: nodes=36,380,000,000 tested=2 found=0 n=544026440546395920109425 elapsed=2256s
progress: nodes=36,390,000,000 tested=2 found=0 n=810224031976185036220725 elapsed=2257s
progress: nodes=36,400,000,000 tested=2 found=0 n=631145379215259964351725 elapsed=2257s
progress: nodes=36,410,000,000 tested=2 found=0 n=685582008636878192257275 elapsed=2258s
progress: nodes=36,420,000,000 tested=2 found=0 n=536503054359076185391725 elapsed=2258s
progress: nodes=36,430,000,000 tested=2 found=0 n=523412077340011550036775 elapsed=2259s
progress: nodes=36,440,000,000 tested=2 found=0 n=947493361891202874708675 elapsed=2260s
progress: nodes=36,450,000,000 tested=2 found=0 n=712451998193650536253575 elapsed=2260s
progress: nodes=36,460,000,000 tested=2 found=0 n=828124467910394506469475 elapsed=2261s
progress: nodes=36,470,000,000 tested=2 found=0 n=984710407341070493301075 elapsed=2262s
progress: nodes=36,480,000,000 tested=2 found=0 n=973755179430694964363775 elapsed=2262s
progress: nodes=36,490,000,000 tested=2 found=0 n=980672270832097436231925 elapsed=2263s
progress: nodes=36,500,000,000 tested=2 found=0 n=766748422508118713616525 elapsed=2263s
progress: nodes=36,510,000,000 tested=2 found=0 n=608499126134302717002975 elapsed=2264s
progress: nodes=36,520,000,000 tested=2 found=0 n=844042029126556530559575 elapsed=2264s
progress: nodes=36,530,000,000 tested=2 found=0 n=614882251877899811101725 elapsed=2265s
progress: nodes=36,540,000,000 tested=2 found=0 n=917359855120841334269925 elapsed=2266s
progress: nodes=36,550,000,000 tested=2 found=0 n=493577112033930608229975 elapsed=2266s
progress: nodes=36,560,000,000 tested=2 found=0 n=329304938739472466059575 elapsed=2267s
progress: nodes=36,570,000,000 tested=2 found=0 n=647592712832606340839325 elapsed=2267s
progress: nodes=36,580,000,000 tested=2 found=0 n=234235090209846928713225 elapsed=2268s
progress: nodes=36,590,000,000 tested=2 found=0 n=770606658187230255029925 elapsed=2269s
progress: nodes=36,600,000,000 tested=2 found=0 n=847094130527297700043425 elapsed=2269s
progress: nodes=36,610,000,000 tested=2 found=0 n=442955776624272372350175 elapsed=2270s
progress: nodes=36,620,000,000 tested=2 found=0 n=725800481400983402045775 elapsed=2271s
progress: nodes=36,630,000,000 tested=2 found=0 n=489713821580137249384575 elapsed=2271s
progress: nodes=36,640,000,000 tested=2 found=0 n=135062493770961970581225 elapsed=2272s
progress: nodes=36,650,000,000 tested=2 found=0 n=287370327290461845347775 elapsed=2273s
progress: nodes=36,660,000,000 tested=2 found=0 n=443683475731927449779475 elapsed=2273s
progress: nodes=36,670,000,000 tested=2 found=0 n=671913472274466462794325 elapsed=2274s
progress: nodes=36,680,000,000 tested=2 found=0 n=308463218878380816832725 elapsed=2275s
progress: nodes=36,690,000,000 tested=2 found=0 n=698189779654598332647975 elapsed=2275s
progress: nodes=36,700,000,000 tested=2 found=0 n=196451368267560142447425 elapsed=2276s
progress: nodes=36,710,000,000 tested=2 found=0 n=706987216726238488787175 elapsed=2276s
progress: nodes=36,720,000,000 tested=2 found=0 n=587871966206963608502475 elapsed=2277s
progress: nodes=36,730,000,000 tested=2 found=0 n=908148319727299877022225 elapsed=2277s
progress: nodes=36,740,000,000 tested=2 found=0 n=343378573990406255118675 elapsed=2278s
progress: nodes=36,750,000,000 tested=2 found=0 n=540478683747291746574975 elapsed=2278s
progress: nodes=36,760,000,000 tested=2 found=0 n=835722413849470493807175 elapsed=2279s
progress: nodes=36,770,000,000 tested=2 found=0 n=766193044694906190830325 elapsed=2280s
progress: nodes=36,780,000,000 tested=2 found=0 n=333885868314139394649825 elapsed=2280s
progress: nodes=36,790,000,000 tested=2 found=0 n=770235142712002815200925 elapsed=2281s
progress: nodes=36,800,000,000 tested=2 found=0 n=698765878554862900899975 elapsed=2281s
progress: nodes=36,810,000,000 tested=2 found=0 n=525836500649097799450575 elapsed=2282s
progress: nodes=36,820,000,000 tested=2 found=0 n=779198004477365883127575 elapsed=2282s
progress: nodes=36,830,000,000 tested=2 found=0 n=806302687028842622758425 elapsed=2283s
progress: nodes=36,840,000,000 tested=2 found=0 n=667522951932948560045025 elapsed=2283s
progress: nodes=36,850,000,000 tested=2 found=0 n=249088466519210122200825 elapsed=2284s
progress: nodes=36,860,000,000 tested=2 found=0 n=644895523815980086617825 elapsed=2284s
progress: nodes=36,870,000,000 tested=2 found=0 n=146649100498214048602725 elapsed=2285s
progress: nodes=36,880,000,000 tested=2 found=0 n=493704950919109696348725 elapsed=2286s
progress: nodes=36,890,000,000 tested=2 found=0 n=651800444155748325084075 elapsed=2286s
progress: nodes=36,900,000,000 tested=2 found=0 n=414001396290436138716675 elapsed=2287s
progress: nodes=36,910,000,000 tested=2 found=0 n=386805684036859008217725 elapsed=2287s
progress: nodes=36,920,000,000 tested=2 found=0 n=636358824015406061180325 elapsed=2288s
progress: nodes=36,930,000,000 tested=2 found=0 n=165929950991634165882975 elapsed=2288s
progress: nodes=36,940,000,000 tested=2 found=0 n=174021406435882951234575 elapsed=2289s
progress: nodes=36,950,000,000 tested=2 found=0 n=503914626394792012460775 elapsed=2289s
progress: nodes=36,960,000,000 tested=2 found=0 n=251288751401135170040175 elapsed=2290s
progress: nodes=36,970,000,000 tested=2 found=0 n=257682614867052727755975 elapsed=2290s
progress: nodes=36,980,000,000 tested=2 found=0 n=670930993211174430445425 elapsed=2291s
progress: nodes=36,990,000,000 tested=2 found=0 n=162815415992890445595525 elapsed=2291s
progress: nodes=37,000,000,000 tested=2 found=0 n=455592099425640516542775 elapsed=2292s
progress: nodes=37,010,000,000 tested=2 found=0 n=230062108473529451379975 elapsed=2292s
progress: nodes=37,020,000,000 tested=2 found=0 n=234644961417677490461925 elapsed=2293s
progress: nodes=37,030,000,000 tested=2 found=0 n=495998954195135097102825 elapsed=2293s
progress: nodes=37,040,000,000 tested=2 found=0 n=579360869018154235251525 elapsed=2294s
progress: nodes=37,050,000,000 tested=2 found=0 n=438605201166454704750225 elapsed=2294s
progress: nodes=37,060,000,000 tested=2 found=0 n=772554168604127228201025 elapsed=2295s
progress: nodes=37,070,000,000 tested=2 found=0 n=323854139875597988524725 elapsed=2295s
progress: nodes=37,080,000,000 tested=2 found=0 n=281894645779363308259425 elapsed=2296s
progress: nodes=37,090,000,000 tested=2 found=0 n=486306300988341250871025 elapsed=2296s
progress: nodes=37,100,000,000 tested=2 found=0 n=649962043661102403563475 elapsed=2297s
progress: nodes=37,110,000,000 tested=2 found=0 n=288521639716864621814175 elapsed=2297s
progress: nodes=37,120,000,000 tested=2 found=0 n=325172608785714446102775 elapsed=2298s
progress: nodes=37,130,000,000 tested=2 found=0 n=423876207556118853296475 elapsed=2298s
progress: nodes=37,140,000,000 tested=2 found=0 n=111335913763167856158825 elapsed=2299s
progress: nodes=37,150,000,000 tested=2 found=0 n=372292794922459172522475 elapsed=2299s
progress: nodes=37,160,000,000 tested=2 found=0 n=883845846974189534624475 elapsed=2300s
progress: nodes=37,170,000,000 tested=2 found=0 n=399005162935326232846275 elapsed=2300s
progress: nodes=37,180,000,000 tested=2 found=0 n=249613640410133265734325 elapsed=2301s
progress: nodes=37,190,000,000 tested=2 found=0 n=427931087065716104688675 elapsed=2301s
progress: nodes=37,200,000,000 tested=2 found=0 n=401048185499177445468525 elapsed=2302s
progress: nodes=37,210,000,000 tested=2 found=0 n=244269388449465872675325 elapsed=2302s
progress: nodes=37,220,000,000 tested=2 found=0 n=149574138436027252994475 elapsed=2303s
progress: nodes=37,230,000,000 tested=2 found=0 n=226860384141612894504975 elapsed=2303s
progress: nodes=37,240,000,000 tested=2 found=0 n=727853543616147640145025 elapsed=2304s
progress: nodes=37,250,000,000 tested=2 found=0 n=211906329339981423179175 elapsed=2305s
progress: nodes=37,260,000,000 tested=2 found=0 n=682819862192275358940675 elapsed=2305s
progress: nodes=37,270,000,000 tested=2 found=0 n=450026897864584601450175 elapsed=2306s
progress: nodes=37,280,000,000 tested=2 found=0 n=361561534915556553767475 elapsed=2306s
progress: nodes=37,290,000,000 tested=2 found=0 n=681101343391030802708325 elapsed=2307s
progress: nodes=37,300,000,000 tested=2 found=0 n=432489068168529616883925 elapsed=2307s
progress: nodes=37,310,000,000 tested=2 found=0 n=212804457484717327740225 elapsed=2308s
progress: nodes=37,320,000,000 tested=2 found=0 n=272180540607878974317675 elapsed=2308s
progress: nodes=37,330,000,000 tested=2 found=0 n=251127411026649971417175 elapsed=2309s
progress: nodes=37,340,000,000 tested=2 found=0 n=123676388763708804877425 elapsed=2309s
progress: nodes=37,350,000,000 tested=2 found=0 n=358376090449651106729325 elapsed=2310s
progress: nodes=37,360,000,000 tested=2 found=0 n=196373045889297474407925 elapsed=2310s
progress: nodes=37,370,000,000 tested=2 found=0 n=139597794884773412969925 elapsed=2311s
progress: nodes=37,380,000,000 tested=2 found=0 n=474322101422000923838175 elapsed=2311s
progress: nodes=37,390,000,000 tested=2 found=0 n=188250911055645700129725 elapsed=2312s
progress: nodes=37,400,000,000 tested=2 found=0 n=281844395393418581069775 elapsed=2312s
progress: nodes=37,410,000,000 tested=2 found=0 n=215982084544314040942275 elapsed=2313s
progress: nodes=37,420,000,000 tested=2 found=0 n=374794744176055874588775 elapsed=2313s
progress: nodes=37,430,000,000 tested=2 found=0 n=441209035667298602235675 elapsed=2314s
progress: nodes=37,440,000,000 tested=2 found=0 n=207248128925652268343175 elapsed=2314s
progress: nodes=37,450,000,000 tested=2 found=0 n=189258356223406437428175 elapsed=2315s
progress: nodes=37,460,000,000 tested=2 found=0 n=200928622372026275909325 elapsed=2315s
progress: nodes=37,470,000,000 tested=2 found=0 n=401546532567007759427925 elapsed=2316s
progress: nodes=37,480,000,000 tested=2 found=0 n=545065700281924678074075 elapsed=2316s
progress: nodes=37,490,000,000 tested=2 found=0 n=725782547319502033142925 elapsed=2317s
progress: nodes=37,500,000,000 tested=2 found=0 n=357361292752108365638775 elapsed=2317s
progress: nodes=37,510,000,000 tested=2 found=0 n=259483710158077149662775 elapsed=2318s
progress: nodes=37,520,000,000 tested=2 found=0 n=345866853075625613985825 elapsed=2318s
progress: nodes=37,530,000,000 tested=2 found=0 n=937219823562752511671175 elapsed=2319s
progress: nodes=37,540,000,000 tested=2 found=0 n=533077181750123555291175 elapsed=2319s
progress: nodes=37,550,000,000 tested=2 found=0 n=149922950430340924990725 elapsed=2320s
progress: nodes=37,560,000,000 tested=2 found=0 n=218536700634510858567825 elapsed=2320s
progress: nodes=37,570,000,000 tested=2 found=0 n=144314385887624175784275 elapsed=2321s
progress: nodes=37,580,000,000 tested=2 found=0 n=704080075082519007025725 elapsed=2321s
progress: nodes=37,590,000,000 tested=2 found=0 n=311165948552400596000775 elapsed=2321s
progress: nodes=37,600,000,000 tested=2 found=0 n=997500714380157879595275 elapsed=2322s
progress: nodes=37,610,000,000 tested=2 found=0 n=204333063932542452218025 elapsed=2322s
progress: nodes=37,620,000,000 tested=2 found=0 n=271074750139728991373775 elapsed=2323s
progress: nodes=37,630,000,000 tested=2 found=0 n=216295196890304847754725 elapsed=2323s
progress: nodes=37,640,000,000 tested=2 found=0 n=798893661582596586574425 elapsed=2324s
progress: nodes=37,650,000,000 tested=2 found=0 n=136067030695607892834525 elapsed=2325s
progress: nodes=37,660,000,000 tested=2 found=0 n=74981995267468073316675 elapsed=2325s
progress: nodes=37,670,000,000 tested=2 found=0 n=113576170143922334931225 elapsed=2326s
progress: nodes=37,680,000,000 tested=2 found=0 n=217146896887856757317925 elapsed=2326s
progress: nodes=37,690,000,000 tested=2 found=0 n=294379889432341867021725 elapsed=2327s
progress: nodes=37,700,000,000 tested=2 found=0 n=102148952177598945107775 elapsed=2327s
progress: nodes=37,710,000,000 tested=2 found=0 n=216393439941426322135275 elapsed=2328s
progress: nodes=37,720,000,000 tested=2 found=0 n=308354413061380969172175 elapsed=2328s
progress: nodes=37,730,000,000 tested=2 found=0 n=330340308518239996837575 elapsed=2329s
progress: nodes=37,740,000,000 tested=2 found=0 n=253228444312932274339725 elapsed=2329s
progress: nodes=37,750,000,000 tested=2 found=0 n=392329339138471058320425 elapsed=2330s
progress: nodes=37,760,000,000 tested=2 found=0 n=145762387751974280655225 elapsed=2330s
progress: nodes=37,770,000,000 tested=2 found=0 n=313130950492631544133575 elapsed=2331s
progress: nodes=37,780,000,000 tested=2 found=0 n=306808908766657396445775 elapsed=2331s
progress: nodes=37,790,000,000 tested=2 found=0 n=296424633647909744545425 elapsed=2332s
progress: nodes=37,800,000,000 tested=2 found=0 n=172193675719179105945525 elapsed=2332s
progress: nodes=37,810,000,000 tested=2 found=0 n=246475459413430467116325 elapsed=2333s
progress: nodes=37,820,000,000 tested=2 found=0 n=288338268424867833089775 elapsed=2334s
progress: nodes=37,830,000,000 tested=2 found=0 n=169620721259621607572025 elapsed=2334s
progress: nodes=37,840,000,000 tested=2 found=0 n=330834816640089508686225 elapsed=2335s
progress: nodes=37,850,000,000 tested=2 found=0 n=192557687869099161319425 elapsed=2335s
progress: nodes=37,860,000,000 tested=2 found=0 n=319054319719112243548425 elapsed=2336s
progress: nodes=37,870,000,000 tested=2 found=0 n=264672930934219094891175 elapsed=2337s
progress: nodes=37,880,000,000 tested=2 found=0 n=227919031199698900271925 elapsed=2338s
progress: nodes=37,890,000,000 tested=2 found=0 n=252809225599986080571975 elapsed=2338s
progress: nodes=37,900,000,000 tested=2 found=0 n=793023339561517951340025 elapsed=2339s
progress: nodes=37,910,000,000 tested=2 found=0 n=987903574193599632522525 elapsed=2340s
progress: nodes=37,920,000,000 tested=2 found=0 n=587049096192721341818925 elapsed=2341s
progress: nodes=37,930,000,000 tested=2 found=0 n=421970683819073514078525 elapsed=2341s
progress: nodes=37,940,000,000 tested=2 found=0 n=342121430343358043310075 elapsed=2342s
progress: nodes=37,950,000,000 tested=2 found=0 n=745532886603049619292075 elapsed=2342s
progress: nodes=37,960,000,000 tested=2 found=0 n=711879701199956151945225 elapsed=2343s
progress: nodes=37,970,000,000 tested=2 found=0 n=384580127320659200748675 elapsed=2343s
progress: nodes=37,980,000,000 tested=2 found=0 n=828351473099300602848825 elapsed=2344s
progress: nodes=37,990,000,000 tested=2 found=0 n=738106570539891496504275 elapsed=2344s
progress: nodes=38,000,000,000 tested=2 found=0 n=372137665383301244437725 elapsed=2345s
progress: nodes=38,010,000,000 tested=2 found=0 n=621218247183571900401825 elapsed=2346s
progress: nodes=38,020,000,000 tested=2 found=0 n=427515014838220340020275 elapsed=2346s
progress: nodes=38,030,000,000 tested=2 found=0 n=440795397352517761242975 elapsed=2347s
progress: nodes=38,040,000,000 tested=2 found=0 n=696851894717216968147275 elapsed=2347s
progress: nodes=38,050,000,000 tested=2 found=0 n=415618714150058791611525 elapsed=2348s
progress: nodes=38,060,000,000 tested=2 found=0 n=584356854997116350195475 elapsed=2348s
progress: nodes=38,070,000,000 tested=2 found=0 n=377807331988443354543975 elapsed=2349s
progress: nodes=38,080,000,000 tested=2 found=0 n=860939826377424364438725 elapsed=2349s
progress: nodes=38,090,000,000 tested=2 found=0 n=669157317459741426147975 elapsed=2350s
progress: nodes=38,100,000,000 tested=2 found=0 n=924786504546979131153525 elapsed=2350s
progress: nodes=38,110,000,000 tested=2 found=0 n=631876827468336915347025 elapsed=2351s
progress: nodes=38,120,000,000 tested=2 found=0 n=675869510617319211346725 elapsed=2351s
progress: nodes=38,130,000,000 tested=2 found=0 n=915456156308929290959475 elapsed=2352s
progress: nodes=38,140,000,000 tested=2 found=0 n=864562114216603520685825 elapsed=2352s
progress: nodes=38,150,000,000 tested=2 found=0 n=475112789103843051093075 elapsed=2353s
progress: nodes=38,160,000,000 tested=2 found=0 n=403463152401458183645325 elapsed=2354s
progress: nodes=38,170,000,000 tested=2 found=0 n=767071729343049733606575 elapsed=2354s
progress: nodes=38,180,000,000 tested=2 found=0 n=593856281762404690962075 elapsed=2355s
progress: nodes=38,190,000,000 tested=2 found=0 n=356096035921748373955275 elapsed=2355s
progress: nodes=38,200,000,000 tested=2 found=0 n=294739865863943809848825 elapsed=2356s
progress: nodes=38,210,000,000 tested=2 found=0 n=947815958437848847379175 elapsed=2356s
progress: nodes=38,220,000,000 tested=2 found=0 n=718191153743918251715175 elapsed=2357s
progress: nodes=38,230,000,000 tested=2 found=0 n=758170422602383065056925 elapsed=2357s
progress: nodes=38,240,000,000 tested=2 found=0 n=978075836380747238630925 elapsed=2358s
progress: nodes=38,250,000,000 tested=2 found=0 n=554225557082200674452925 elapsed=2358s
progress: nodes=38,260,000,000 tested=2 found=0 n=443102622270270194543025 elapsed=2359s
progress: nodes=38,270,000,000 tested=2 found=0 n=251437725579694326526425 elapsed=2359s
progress: nodes=38,280,000,000 tested=2 found=0 n=475715345036476676134575 elapsed=2360s
progress: nodes=38,290,000,000 tested=2 found=0 n=410106861536317977892575 elapsed=2360s
progress: nodes=38,300,000,000 tested=2 found=0 n=394561551799040138294925 elapsed=2361s
progress: nodes=38,310,000,000 tested=2 found=0 n=510344602921054398493425 elapsed=2361s
progress: nodes=38,320,000,000 tested=2 found=0 n=516042022203183082474725 elapsed=2362s
progress: nodes=38,330,000,000 tested=2 found=0 n=218515748041782819524325 elapsed=2362s
progress: nodes=38,340,000,000 tested=2 found=0 n=757479406357128581422725 elapsed=2363s
progress: nodes=38,350,000,000 tested=2 found=0 n=505799910444243492223575 elapsed=2363s
progress: nodes=38,360,000,000 tested=2 found=0 n=827942852792625903150675 elapsed=2364s
progress: nodes=38,370,000,000 tested=2 found=0 n=207777334345193729076675 elapsed=2364s
progress: nodes=38,380,000,000 tested=2 found=0 n=831007009931998823019525 elapsed=2364s
progress: nodes=38,390,000,000 tested=2 found=0 n=225432620424724600097925 elapsed=2365s
progress: nodes=38,400,000,000 tested=2 found=0 n=358889386799198389874025 elapsed=2365s
progress: nodes=38,410,000,000 tested=2 found=0 n=511919326233823874126475 elapsed=2366s
progress: nodes=38,420,000,000 tested=2 found=0 n=923970982972427079357525 elapsed=2366s
progress: nodes=38,430,000,000 tested=2 found=0 n=285131012598873903150975 elapsed=2367s
progress: nodes=38,440,000,000 tested=2 found=0 n=403919526524370944834175 elapsed=2367s
progress: nodes=38,450,000,000 tested=2 found=0 n=587547467109946813437825 elapsed=2368s
progress: nodes=38,460,000,000 tested=2 found=0 n=885830207127138658102575 elapsed=2368s
progress: nodes=38,470,000,000 tested=2 found=0 n=333794341157093524861725 elapsed=2369s
progress: nodes=38,480,000,000 tested=2 found=0 n=398790313492672684000275 elapsed=2369s
progress: nodes=38,490,000,000 tested=2 found=0 n=389001423406320808072275 elapsed=2370s
progress: nodes=38,500,000,000 tested=2 found=0 n=245770249816573546274925 elapsed=2370s
progress: nodes=38,510,000,000 tested=2 found=0 n=339988975376222782863825 elapsed=2371s
progress: nodes=38,520,000,000 tested=2 found=0 n=378016158904537132540275 elapsed=2371s
progress: nodes=38,530,000,000 tested=2 found=0 n=170987547262089666397575 elapsed=2372s
progress: nodes=38,540,000,000 tested=2 found=0 n=239035052281508708092725 elapsed=2372s
progress: nodes=38,550,000,000 tested=2 found=0 n=367017583469748270355725 elapsed=2373s
progress: nodes=38,560,000,000 tested=2 found=0 n=244956898050386199924675 elapsed=2373s
progress: nodes=38,570,000,000 tested=2 found=0 n=393835428165141021999225 elapsed=2374s
progress: nodes=38,580,000,000 tested=2 found=0 n=520229130490314240792225 elapsed=2374s
progress: nodes=38,590,000,000 tested=2 found=0 n=161519020233841959642525 elapsed=2375s
progress: nodes=38,600,000,000 tested=2 found=0 n=265485588065937127735275 elapsed=2375s
progress: nodes=38,610,000,000 tested=2 found=0 n=539514298194393803885175 elapsed=2376s
progress: nodes=38,620,000,000 tested=2 found=0 n=328015044505550707637475 elapsed=2376s
progress: nodes=38,630,000,000 tested=2 found=0 n=611251171853959112007675 elapsed=2377s
progress: nodes=38,640,000,000 tested=2 found=0 n=266510082402018653601975 elapsed=2377s
progress: nodes=38,650,000,000 tested=2 found=0 n=420082104513011405761725 elapsed=2378s
progress: nodes=38,660,000,000 tested=2 found=0 n=203245044290153455772325 elapsed=2378s
progress: nodes=38,670,000,000 tested=2 found=0 n=717364352775846946738425 elapsed=2379s
progress: nodes=38,680,000,000 tested=2 found=0 n=237696039741756630638175 elapsed=2379s
progress: nodes=38,690,000,000 tested=2 found=0 n=919398594314070685911525 elapsed=2379s
progress: nodes=38,700,000,000 tested=2 found=0 n=175821750759965540576775 elapsed=2380s
progress: nodes=38,710,000,000 tested=2 found=0 n=223145253475080103907025 elapsed=2380s
progress: nodes=38,720,000,000 tested=2 found=0 n=376414348886477046727725 elapsed=2381s
progress: nodes=38,730,000,000 tested=2 found=0 n=924590415845785734806475 elapsed=2381s
progress: nodes=38,740,000,000 tested=2 found=0 n=231487861995985425069525 elapsed=2382s
progress: nodes=38,750,000,000 tested=2 found=0 n=128408112078861209884575 elapsed=2382s
progress: nodes=38,760,000,000 tested=2 found=0 n=144651764545268163837225 elapsed=2383s
progress: nodes=38,770,000,000 tested=2 found=0 n=242180710911783269415075 elapsed=2383s
progress: nodes=38,780,000,000 tested=2 found=0 n=65339088418747161479175 elapsed=2384s
progress: nodes=38,790,000,000 tested=2 found=0 n=293901325533166539141525 elapsed=2384s
progress: nodes=38,800,000,000 tested=2 found=0 n=223317855593372565693525 elapsed=2385s
progress: nodes=38,810,000,000 tested=2 found=0 n=226417016762400208183725 elapsed=2385s
progress: nodes=38,820,000,000 tested=2 found=0 n=196309190305817942957175 elapsed=2386s
progress: nodes=38,830,000,000 tested=2 found=0 n=53429392553299794720975 elapsed=2386s
progress: nodes=38,840,000,000 tested=2 found=0 n=322928336357392072260525 elapsed=2387s
progress: nodes=38,850,000,000 tested=2 found=0 n=67931780888558042388075 elapsed=2387s
progress: nodes=38,860,000,000 tested=2 found=0 n=328107000818523555947175 elapsed=2388s
progress: nodes=38,870,000,000 tested=2 found=0 n=101014145268614500933725 elapsed=2388s
progress: nodes=38,880,000,000 tested=2 found=0 n=206700456289027501161075 elapsed=2389s
progress: nodes=38,890,000,000 tested=2 found=0 n=578445736236339082221825 elapsed=2389s
progress: nodes=38,900,000,000 tested=2 found=0 n=157772397597480815216925 elapsed=2390s
progress: nodes=38,910,000,000 tested=2 found=0 n=496770460603366063975575 elapsed=2390s
progress: nodes=38,920,000,000 tested=2 found=0 n=195304004443307041028175 elapsed=2391s
progress: nodes=38,930,000,000 tested=2 found=0 n=160269115379796842229525 elapsed=2391s
progress: nodes=38,940,000,000 tested=2 found=0 n=224737164319378174882275 elapsed=2391s
progress: nodes=38,950,000,000 tested=2 found=0 n=168005219889096325904025 elapsed=2392s
progress: nodes=38,960,000,000 tested=2 found=0 n=102896473095526918461225 elapsed=2392s
progress: nodes=38,970,000,000 tested=2 found=0 n=94866864644899283625975 elapsed=2393s
progress: nodes=38,980,000,000 tested=2 found=0 n=84333815410967143989825 elapsed=2393s
progress: nodes=38,990,000,000 tested=2 found=0 n=113178907456257121167975 elapsed=2394s
progress: nodes=39,000,000,000 tested=2 found=0 n=156876311725520708939475 elapsed=2394s
progress: nodes=39,010,000,000 tested=2 found=0 n=152340796193220801748725 elapsed=2395s
progress: nodes=39,020,000,000 tested=2 found=0 n=41141160346741132467075 elapsed=2395s
progress: nodes=39,030,000,000 tested=2 found=0 n=186745723193595548385975 elapsed=2396s
progress: nodes=39,040,000,000 tested=2 found=0 n=62851006857829312733325 elapsed=2396s
progress: nodes=39,050,000,000 tested=2 found=0 n=165794507599364636453175 elapsed=2397s
progress: nodes=39,060,000,000 tested=2 found=0 n=243862082391711983338425 elapsed=2397s
progress: nodes=39,070,000,000 tested=2 found=0 n=154663061569698408580425 elapsed=2398s
progress: nodes=39,080,000,000 tested=2 found=0 n=199269481964648060404725 elapsed=2398s
progress: nodes=39,090,000,000 tested=2 found=0 n=236498353686166122654675 elapsed=2399s
progress: nodes=39,100,000,000 tested=2 found=0 n=82978666611541247042925 elapsed=2399s
progress: nodes=39,110,000,000 tested=2 found=0 n=133497042754101639895425 elapsed=2400s
progress: nodes=39,120,000,000 tested=2 found=0 n=113408735429526237869025 elapsed=2400s
progress: nodes=39,130,000,000 tested=2 found=0 n=139453842625566021149025 elapsed=2401s
progress: nodes=39,140,000,000 tested=2 found=0 n=174864315966901953538575 elapsed=2401s
progress: nodes=39,150,000,000 tested=2 found=0 n=131830308286339449039825 elapsed=2402s
progress: nodes=39,160,000,000 tested=2 found=0 n=134166348061253989842075 elapsed=2402s
progress: nodes=39,170,000,000 tested=2 found=0 n=79549660252506229532175 elapsed=2403s
progress: nodes=39,180,000,000 tested=2 found=0 n=165837888435017092125975 elapsed=2403s
progress: nodes=39,190,000,000 tested=2 found=0 n=161434595158011474166725 elapsed=2404s
progress: nodes=39,200,000,000 tested=2 found=0 n=71429270470560858216075 elapsed=2404s
progress: nodes=39,210,000,000 tested=2 found=0 n=140877418136206444482075 elapsed=2405s
progress: nodes=39,220,000,000 tested=2 found=0 n=112521943573271193400725 elapsed=2405s
progress: nodes=39,230,000,000 tested=2 found=0 n=264003733192336548057075 elapsed=2406s
progress: nodes=39,240,000,000 tested=2 found=0 n=997918218298431090707475 elapsed=2406s
progress: nodes=39,250,000,000 tested=2 found=0 n=975390188630992555953675 elapsed=2407s
progress: nodes=39,260,000,000 tested=2 found=0 n=756626953943265850698825 elapsed=2407s
progress: nodes=39,270,000,000 tested=2 found=0 n=872131302918343737565725 elapsed=2408s
progress: nodes=39,280,000,000 tested=2 found=0 n=976107861169958146740825 elapsed=2409s
progress: nodes=39,290,000,000 tested=2 found=0 n=400373425970386236557475 elapsed=2409s
progress: nodes=39,300,000,000 tested=2 found=0 n=556055247941448111960675 elapsed=2410s
progress: nodes=39,310,000,000 tested=2 found=0 n=904578562740679945286025 elapsed=2410s
progress: nodes=39,320,000,000 tested=2 found=0 n=752156983996978712799075 elapsed=2411s
progress: nodes=39,330,000,000 tested=2 found=0 n=916279281276466714067175 elapsed=2411s
progress: nodes=39,340,000,000 tested=2 found=0 n=312315272955172612907925 elapsed=2412s
progress: nodes=39,350,000,000 tested=2 found=0 n=802291789628316682298175 elapsed=2412s
progress: nodes=39,360,000,000 tested=2 found=0 n=378930449628974404793775 elapsed=2413s
progress: nodes=39,370,000,000 tested=2 found=0 n=589996876552449735873075 elapsed=2413s
progress: nodes=39,380,000,000 tested=2 found=0 n=737148109003734422140575 elapsed=2414s
progress: nodes=39,390,000,000 tested=2 found=0 n=581623984741536204757575 elapsed=2414s
progress: nodes=39,400,000,000 tested=2 found=0 n=637544899452374255488575 elapsed=2415s
progress: nodes=39,410,000,000 tested=2 found=0 n=806653133488075571937525 elapsed=2415s
progress: nodes=39,420,000,000 tested=2 found=0 n=755006103996967681962675 elapsed=2416s
progress: nodes=39,430,000,000 tested=2 found=0 n=762037636371321077549925 elapsed=2416s
progress: nodes=39,440,000,000 tested=2 found=0 n=603175745117903226587175 elapsed=2417s
progress: nodes=39,450,000,000 tested=2 found=0 n=435865541654600449102425 elapsed=2417s
progress: nodes=39,460,000,000 tested=2 found=0 n=609114214575982180311675 elapsed=2418s
progress: nodes=39,470,000,000 tested=2 found=0 n=590797402177440106752675 elapsed=2418s
progress: nodes=39,480,000,000 tested=2 found=0 n=829474247836401608201475 elapsed=2419s
progress: nodes=39,490,000,000 tested=2 found=0 n=369760310977549229519925 elapsed=2419s
progress: nodes=39,500,000,000 tested=2 found=0 n=642843836158861880260575 elapsed=2420s
progress: nodes=39,510,000,000 tested=2 found=0 n=478793674521671323032075 elapsed=2420s
progress: nodes=39,520,000,000 tested=2 found=0 n=238341554331610854728175 elapsed=2421s
progress: nodes=39,530,000,000 tested=2 found=0 n=461618085212446522728225 elapsed=2421s
progress: nodes=39,540,000,000 tested=2 found=0 n=278712067283590127090475 elapsed=2422s
progress: nodes=39,550,000,000 tested=2 found=0 n=349112579534545166157675 elapsed=2422s
progress: nodes=39,560,000,000 tested=2 found=0 n=588336181480394965149675 elapsed=2423s
progress: nodes=39,570,000,000 tested=2 found=0 n=735736756375848968522925 elapsed=2423s
progress: nodes=39,580,000,000 tested=2 found=0 n=361737975458988683122425 elapsed=2424s
progress: nodes=39,590,000,000 tested=2 found=0 n=460088542066410031213725 elapsed=2424s
progress: nodes=39,600,000,000 tested=2 found=0 n=179340434841145668379575 elapsed=2425s
progress: nodes=39,610,000,000 tested=2 found=0 n=350107480777386775646775 elapsed=2425s
progress: nodes=39,620,000,000 tested=2 found=0 n=620576530671118603842975 elapsed=2426s
progress: nodes=39,630,000,000 tested=2 found=0 n=486438453453268261727925 elapsed=2426s
progress: nodes=39,640,000,000 tested=2 found=0 n=321340310033487663772425 elapsed=2427s
progress: nodes=39,650,000,000 tested=2 found=0 n=441524722013775980440575 elapsed=2427s
progress: nodes=39,660,000,000 tested=2 found=0 n=316273384226907037348275 elapsed=2428s
progress: nodes=39,670,000,000 tested=2 found=0 n=661088253836502829976925 elapsed=2428s
progress: nodes=39,680,000,000 tested=2 found=0 n=319394551345916844937425 elapsed=2429s
progress: nodes=39,690,000,000 tested=2 found=0 n=439382121751376938916925 elapsed=2429s
progress: nodes=39,700,000,000 tested=2 found=0 n=314116133943661790522925 elapsed=2430s
progress: nodes=39,710,000,000 tested=2 found=0 n=502821939996082322004675 elapsed=2430s
progress: nodes=39,720,000,000 tested=2 found=0 n=638539968999921417311025 elapsed=2431s
progress: nodes=39,730,000,000 tested=2 found=0 n=386290817819703800149575 elapsed=2431s
progress: nodes=39,740,000,000 tested=2 found=0 n=213329588214750508654725 elapsed=2432s
progress: nodes=39,750,000,000 tested=2 found=0 n=680164660410546255011925 elapsed=2432s
progress: nodes=39,760,000,000 tested=2 found=0 n=781147278298521834231675 elapsed=2433s
progress: nodes=39,770,000,000 tested=2 found=0 n=383070420164998721609025 elapsed=2433s
progress: nodes=39,780,000,000 tested=2 found=0 n=136124757972999123674775 elapsed=2433s
progress: nodes=39,790,000,000 tested=2 found=0 n=346864439724114359865675 elapsed=2434s
progress: nodes=39,800,000,000 tested=2 found=0 n=243726936601089077918925 elapsed=2434s
progress: nodes=39,810,000,000 tested=2 found=0 n=374251845154532507265675 elapsed=2435s
progress: nodes=39,820,000,000 tested=2 found=0 n=195425803127136320599575 elapsed=2435s
progress: nodes=39,830,000,000 tested=2 found=0 n=122190203153943684377475 elapsed=2436s
progress: nodes=39,840,000,000 tested=2 found=0 n=253036580820725270508225 elapsed=2436s
progress: nodes=39,850,000,000 tested=2 found=0 n=176586167858635523177475 elapsed=2437s
progress: nodes=39,860,000,000 tested=2 found=0 n=347344453565012178657525 elapsed=2437s
progress: nodes=39,870,000,000 tested=2 found=0 n=391929747254591868540075 elapsed=2438s
progress: nodes=39,880,000,000 tested=2 found=0 n=286241874878248647297225 elapsed=2438s
progress: nodes=39,890,000,000 tested=2 found=0 n=164817269352166916231175 elapsed=2439s
progress: nodes=39,900,000,000 tested=2 found=0 n=168674509132733308301025 elapsed=2439s
progress: nodes=39,910,000,000 tested=2 found=0 n=218446489403010277040775 elapsed=2440s
progress: nodes=39,920,000,000 tested=2 found=0 n=375167630189632283921775 elapsed=2440s
progress: nodes=39,930,000,000 tested=2 found=0 n=219807057212030059189275 elapsed=2441s
progress: nodes=39,940,000,000 tested=2 found=0 n=433234342826741454108825 elapsed=2441s
progress: nodes=39,950,000,000 tested=2 found=0 n=612738161400749818637775 elapsed=2442s
progress: nodes=39,960,000,000 tested=2 found=0 n=241542825743295118152825 elapsed=2442s
progress: nodes=39,970,000,000 tested=2 found=0 n=287178029586313495526325 elapsed=2443s
progress: nodes=39,980,000,000 tested=2 found=0 n=648009197708451362923425 elapsed=2443s
progress: nodes=39,990,000,000 tested=2 found=0 n=195736338378963206177925 elapsed=2444s
progress: nodes=40,000,000,000 tested=2 found=0 n=244258061225486447171175 elapsed=2444s
progress: nodes=40,010,000,000 tested=2 found=0 n=181978522974850724511675 elapsed=2445s
progress: nodes=40,020,000,000 tested=2 found=0 n=89371714759087724717325 elapsed=2445s
progress: nodes=40,030,000,000 tested=2 found=0 n=256996145207031915945975 elapsed=2446s
progress: nodes=40,040,000,000 tested=2 found=0 n=131411366370235599980475 elapsed=2446s
progress: nodes=40,050,000,000 tested=2 found=0 n=99948114252389019227325 elapsed=2447s
progress: nodes=40,060,000,000 tested=2 found=0 n=209057944966146085856475 elapsed=2447s
progress: nodes=40,070,000,000 tested=2 found=0 n=402695664965231013229425 elapsed=2447s
progress: nodes=40,080,000,000 tested=2 found=0 n=288300684237835064291925 elapsed=2448s
progress: nodes=40,090,000,000 tested=2 found=0 n=230165489852732363990775 elapsed=2448s
progress: nodes=40,100,000,000 tested=2 found=0 n=155374289213109192680025 elapsed=2449s
progress: nodes=40,110,000,000 tested=2 found=0 n=422712451088162825078775 elapsed=2449s
progress: nodes=40,120,000,000 tested=2 found=0 n=148996038030196737569475 elapsed=2450s
progress: nodes=40,130,000,000 tested=2 found=0 n=667612524121743708039675 elapsed=2450s
progress: nodes=40,140,000,000 tested=2 found=0 n=120524801998442684989575 elapsed=2451s
progress: nodes=40,150,000,000 tested=2 found=0 n=151527913490627275462575 elapsed=2451s
progress: nodes=40,160,000,000 tested=2 found=0 n=196841506779753053586225 elapsed=2452s
progress: nodes=40,170,000,000 tested=2 found=0 n=159808047301662114916275 elapsed=2452s
progress: nodes=40,180,000,000 tested=2 found=0 n=175345940060022352109775 elapsed=2453s
progress: nodes=40,190,000,000 tested=2 found=0 n=61099852493308283108025 elapsed=2453s
progress: nodes=40,200,000,000 tested=2 found=0 n=50892711824038107319725 elapsed=2454s
progress: nodes=40,210,000,000 tested=2 found=0 n=318237504232635657072975 elapsed=2454s
progress: nodes=40,220,000,000 tested=2 found=0 n=226343728901480582888925 elapsed=2455s
progress: nodes=40,230,000,000 tested=2 found=0 n=96779380509261749238225 elapsed=2455s
progress: nodes=40,240,000,000 tested=2 found=0 n=105119896047421085677275 elapsed=2456s
progress: nodes=40,250,000,000 tested=2 found=0 n=165470886175684254047025 elapsed=2456s
progress: nodes=40,260,000,000 tested=2 found=0 n=156400101870139307648325 elapsed=2457s
progress: nodes=40,270,000,000 tested=2 found=0 n=142070739574393251968775 elapsed=2457s
progress: nodes=40,280,000,000 tested=2 found=0 n=323537167566251620377825 elapsed=2458s
progress: nodes=40,290,000,000 tested=2 found=0 n=127786773530878299348225 elapsed=2458s
progress: nodes=40,300,000,000 tested=2 found=0 n=494743284044003503905825 elapsed=2459s
progress: nodes=40,310,000,000 tested=2 found=0 n=712500159295295337369975 elapsed=2459s
progress: nodes=40,320,000,000 tested=2 found=0 n=156721068921480028068675 elapsed=2459s
progress: nodes=40,330,000,000 tested=2 found=0 n=152111008660459661916675 elapsed=2460s
progress: nodes=40,340,000,000 tested=2 found=0 n=116644070221174330788525 elapsed=2460s
progress: nodes=40,350,000,000 tested=2 found=0 n=174504287019663226765425 elapsed=2461s
progress: nodes=40,360,000,000 tested=2 found=0 n=123592409714281975928175 elapsed=2461s
progress: nodes=40,370,000,000 tested=2 found=0 n=213062265793270882871025 elapsed=2462s
progress: nodes=40,380,000,000 tested=2 found=0 n=81781283701484867417775 elapsed=2462s
progress: nodes=40,390,000,000 tested=2 found=0 n=139654499056146071315175 elapsed=2463s
progress: nodes=40,400,000,000 tested=2 found=0 n=94584082078248753479775 elapsed=2463s
progress: nodes=40,410,000,000 tested=2 found=0 n=104011519590418222915275 elapsed=2464s
progress: nodes=40,420,000,000 tested=2 found=0 n=106113467449048895045925 elapsed=2464s
progress: nodes=40,430,000,000 tested=2 found=0 n=134865692732173454755275 elapsed=2465s
progress: nodes=40,440,000,000 tested=2 found=0 n=96474491979660137460975 elapsed=2465s
progress: nodes=40,450,000,000 tested=2 found=0 n=100418434905462484249725 elapsed=2466s
progress: nodes=40,460,000,000 tested=2 found=0 n=105196277934217807290525 elapsed=2466s
progress: nodes=40,470,000,000 tested=2 found=0 n=953360529078713185490775 elapsed=2467s
progress: nodes=40,480,000,000 tested=2 found=0 n=742241324024377798731825 elapsed=2467s
progress: nodes=40,490,000,000 tested=2 found=0 n=954852262746986856992025 elapsed=2468s
progress: nodes=40,500,000,000 tested=2 found=0 n=919070280565947219920925 elapsed=2468s
progress: nodes=40,510,000,000 tested=2 found=0 n=386147716499606480980275 elapsed=2469s
progress: nodes=40,520,000,000 tested=2 found=0 n=716917894734530545066725 elapsed=2469s
progress: nodes=40,530,000,000 tested=2 found=0 n=993931560554895163440525 elapsed=2470s
progress: nodes=40,540,000,000 tested=2 found=0 n=662207137822955975689725 elapsed=2470s
progress: nodes=40,550,000,000 tested=2 found=0 n=890916897251289377822925 elapsed=2471s
progress: nodes=40,560,000,000 tested=2 found=0 n=769941767229202429944225 elapsed=2471s
progress: nodes=40,570,000,000 tested=2 found=0 n=893810438042006624471475 elapsed=2472s
progress: nodes=40,580,000,000 tested=2 found=0 n=292844617891271283198075 elapsed=2472s
progress: nodes=40,590,000,000 tested=2 found=0 n=355951054130206998101925 elapsed=2473s
progress: nodes=40,600,000,000 tested=2 found=0 n=320093536600687611450975 elapsed=2473s
progress: nodes=40,610,000,000 tested=2 found=0 n=723783119832705822629025 elapsed=2474s
progress: nodes=40,620,000,000 tested=2 found=0 n=263607665566434439997175 elapsed=2474s
progress: nodes=40,630,000,000 tested=2 found=0 n=768716977651728410458725 elapsed=2475s
progress: nodes=40,640,000,000 tested=2 found=0 n=905127513398086715118525 elapsed=2475s
progress: nodes=40,650,000,000 tested=2 found=0 n=492323485870101034288425 elapsed=2476s
progress: nodes=40,660,000,000 tested=2 found=0 n=514265116280699570454525 elapsed=2476s
progress: nodes=40,670,000,000 tested=2 found=0 n=549301584426785730400575 elapsed=2477s
progress: nodes=40,680,000,000 tested=2 found=0 n=561173869742395280267325 elapsed=2477s
progress: nodes=40,690,000,000 tested=2 found=0 n=578132243823865829981025 elapsed=2478s
progress: nodes=40,700,000,000 tested=2 found=0 n=580322837655955995604575 elapsed=2478s
progress: nodes=40,710,000,000 tested=2 found=0 n=409736084799031009980675 elapsed=2479s
progress: nodes=40,720,000,000 tested=2 found=0 n=907183104864582438546225 elapsed=2479s
progress: nodes=40,730,000,000 tested=2 found=0 n=521235222511163416874475 elapsed=2480s
progress: nodes=40,740,000,000 tested=2 found=0 n=128339265992358749531775 elapsed=2480s
progress: nodes=40,750,000,000 tested=2 found=0 n=417679052007326230117425 elapsed=2481s
progress: nodes=40,760,000,000 tested=2 found=0 n=448913350046939466878475 elapsed=2481s
progress: nodes=40,770,000,000 tested=2 found=0 n=294084349037291638672275 elapsed=2482s
progress: nodes=40,780,000,000 tested=2 found=0 n=403943554264387535980725 elapsed=2482s
progress: nodes=40,790,000,000 tested=2 found=0 n=316585536312246096184575 elapsed=2483s
progress: nodes=40,800,000,000 tested=2 found=0 n=931402095958998624921675 elapsed=2483s
progress: nodes=40,810,000,000 tested=2 found=0 n=501026603208422427139575 elapsed=2484s
progress: nodes=40,820,000,000 tested=2 found=0 n=697739442445855490849025 elapsed=2484s
progress: nodes=40,830,000,000 tested=2 found=0 n=553460463344175973754025 elapsed=2485s
progress: nodes=40,840,000,000 tested=2 found=0 n=384182168893658795549175 elapsed=2485s
progress: nodes=40,850,000,000 tested=2 found=0 n=520497531859265274160275 elapsed=2486s
progress: nodes=40,860,000,000 tested=2 found=0 n=436339963342636470363675 elapsed=2486s
progress: nodes=40,870,000,000 tested=2 found=0 n=402340085623604236047225 elapsed=2487s
progress: nodes=40,880,000,000 tested=2 found=0 n=628378372989438926722725 elapsed=2487s
progress: nodes=40,890,000,000 tested=2 found=0 n=329460004311024304821675 elapsed=2487s
progress: nodes=40,900,000,000 tested=2 found=0 n=69586373721607069437825 elapsed=2488s
progress: nodes=40,910,000,000 tested=2 found=0 n=520013550438091891027275 elapsed=2488s
progress: nodes=40,920,000,000 tested=2 found=0 n=382583268601252644686475 elapsed=2489s
progress: nodes=40,930,000,000 tested=2 found=0 n=178517833952061359602275 elapsed=2489s
progress: nodes=40,940,000,000 tested=2 found=0 n=148016924394011777922675 elapsed=2490s
progress: nodes=40,950,000,000 tested=2 found=0 n=188485221493800109732425 elapsed=2490s
progress: nodes=40,960,000,000 tested=2 found=0 n=145433273782499811612075 elapsed=2491s
progress: nodes=40,970,000,000 tested=2 found=0 n=174577268024316308268975 elapsed=2491s
progress: nodes=40,980,000,000 tested=2 found=0 n=397081922405314566752475 elapsed=2492s
progress: nodes=40,990,000,000 tested=2 found=0 n=69245863485099252483675 elapsed=2492s
progress: nodes=41,000,000,000 tested=2 found=0 n=156108812933723453371425 elapsed=2493s
progress: nodes=41,010,000,000 tested=2 found=0 n=319755920124267273407475 elapsed=2493s
progress: nodes=41,020,000,000 tested=2 found=0 n=256388232970304853872025 elapsed=2494s
progress: nodes=41,030,000,000 tested=2 found=0 n=979907568717763684680825 elapsed=2494s
progress: nodes=41,040,000,000 tested=2 found=0 n=127445653981869125363175 elapsed=2495s
progress: nodes=41,050,000,000 tested=2 found=0 n=66775541176019118439425 elapsed=2495s
progress: nodes=41,060,000,000 tested=2 found=0 n=975274088107309373751225 elapsed=2496s
progress: nodes=41,070,000,000 tested=2 found=0 n=85664452915602569869575 elapsed=2496s
progress: nodes=41,080,000,000 tested=2 found=0 n=108635306728740469188225 elapsed=2497s
progress: nodes=41,090,000,000 tested=2 found=0 n=99513582378176529302025 elapsed=2497s
progress: nodes=41,100,000,000 tested=2 found=0 n=101384954962414571458725 elapsed=2498s
progress: nodes=41,110,000,000 tested=2 found=0 n=260578417949773514222775 elapsed=2498s
progress: nodes=41,120,000,000 tested=2 found=0 n=114186695733135732639075 elapsed=2498s
progress: nodes=41,130,000,000 tested=2 found=0 n=195697505670687701098275 elapsed=2499s
progress: nodes=41,140,000,000 tested=2 found=0 n=69052900274357720624475 elapsed=2499s
progress: nodes=41,150,000,000 tested=2 found=0 n=228315360876610272611775 elapsed=2500s
progress: nodes=41,160,000,000 tested=2 found=0 n=39130272442364428407225 elapsed=2500s
progress: nodes=41,170,000,000 tested=2 found=0 n=920712850877985420866325 elapsed=2501s
progress: nodes=41,180,000,000 tested=2 found=0 n=116902119340447721719725 elapsed=2501s
progress: nodes=41,190,000,000 tested=2 found=0 n=254071569641065322835975 elapsed=2502s
progress: nodes=41,200,000,000 tested=2 found=0 n=214305955621225962897975 elapsed=2502s
progress: nodes=41,210,000,000 tested=2 found=0 n=643991234260564723114725 elapsed=2503s
progress: nodes=41,220,000,000 tested=2 found=0 n=341273243674120513566525 elapsed=2503s
progress: nodes=41,230,000,000 tested=2 found=0 n=57726513059216545283025 elapsed=2504s
progress: nodes=41,240,000,000 tested=2 found=0 n=90609509387705840971725 elapsed=2504s
progress: nodes=41,250,000,000 tested=2 found=0 n=616345400922796774611525 elapsed=2505s
progress: nodes=41,260,000,000 tested=2 found=0 n=82822696152227859495525 elapsed=2505s
progress: nodes=41,270,000,000 tested=2 found=0 n=134721081511246413601275 elapsed=2506s
progress: nodes=41,280,000,000 tested=2 found=0 n=181391736158024702642475 elapsed=2506s
progress: nodes=41,290,000,000 tested=2 found=0 n=95684368186339419554925 elapsed=2507s
progress: nodes=41,300,000,000 tested=2 found=0 n=564107402330005608864075 elapsed=2507s
progress: nodes=41,310,000,000 tested=2 found=0 n=235737683255352439021575 elapsed=2508s
progress: nodes=41,320,000,000 tested=2 found=0 n=108417511531916313129975 elapsed=2508s
progress: nodes=41,330,000,000 tested=2 found=0 n=44635049382250932215325 elapsed=2509s
progress: nodes=41,340,000,000 tested=2 found=0 n=295910047778478640467675 elapsed=2509s
progress: nodes=41,350,000,000 tested=2 found=0 n=42521388795173755284675 elapsed=2510s
progress: nodes=41,360,000,000 tested=2 found=0 n=166170545841451367319675 elapsed=2510s
progress: nodes=41,370,000,000 tested=2 found=0 n=917340536487444105904725 elapsed=2511s
progress: nodes=41,380,000,000 tested=2 found=0 n=57525930901231466741925 elapsed=2511s
progress: nodes=41,390,000,000 tested=2 found=0 n=121697204159122608684525 elapsed=2512s
progress: nodes=41,400,000,000 tested=2 found=0 n=116387254531539096416025 elapsed=2512s
progress: nodes=41,410,000,000 tested=2 found=0 n=87811327355645892387675 elapsed=2513s
progress: nodes=41,420,000,000 tested=2 found=0 n=92965237549841885846475 elapsed=2513s
progress: nodes=41,430,000,000 tested=2 found=0 n=88625983241626492157925 elapsed=2514s
progress: nodes=41,440,000,000 tested=2 found=0 n=69647174361296842413675 elapsed=2514s
progress: nodes=41,450,000,000 tested=2 found=0 n=64681965257884457693925 elapsed=2515s
progress: nodes=41,460,000,000 tested=2 found=0 n=51357695617179989927175 elapsed=2515s
progress: nodes=41,470,000,000 tested=2 found=0 n=74585067772506403923525 elapsed=2516s
progress: nodes=41,480,000,000 tested=2 found=0 n=973393301368152354679275 elapsed=2516s
progress: nodes=41,490,000,000 tested=2 found=0 n=557911184403347813470575 elapsed=2517s
progress: nodes=41,500,000,000 tested=2 found=0 n=305409144351804358833825 elapsed=2518s
progress: nodes=41,510,000,000 tested=2 found=0 n=514201479249809840785725 elapsed=2518s
progress: nodes=41,520,000,000 tested=2 found=0 n=359037087281333490540225 elapsed=2518s
progress: nodes=41,530,000,000 tested=2 found=0 n=632298363680786045625525 elapsed=2519s
progress: nodes=41,540,000,000 tested=2 found=0 n=889898017033055363393775 elapsed=2520s
progress: nodes=41,550,000,000 tested=2 found=0 n=794356849535246202551775 elapsed=2520s
progress: nodes=41,560,000,000 tested=2 found=0 n=903663560142749773663725 elapsed=2521s
progress: nodes=41,570,000,000 tested=2 found=0 n=727273319125620763857075 elapsed=2521s
progress: nodes=41,580,000,000 tested=2 found=0 n=274315660376666762471475 elapsed=2522s
progress: nodes=41,590,000,000 tested=2 found=0 n=369414615215824941659325 elapsed=2522s
progress: nodes=41,600,000,000 tested=2 found=0 n=341795461178277745277925 elapsed=2523s
progress: nodes=41,610,000,000 tested=2 found=0 n=661233368960465608603725 elapsed=2523s
progress: nodes=41,620,000,000 tested=2 found=0 n=661595431674952345932075 elapsed=2524s
progress: nodes=41,630,000,000 tested=2 found=0 n=390036800755465026724275 elapsed=2524s
progress: nodes=41,640,000,000 tested=2 found=0 n=309067268886509609179275 elapsed=2525s
progress: nodes=41,650,000,000 tested=2 found=0 n=469655509574228947537425 elapsed=2525s
progress: nodes=41,660,000,000 tested=2 found=0 n=177099603692582151834825 elapsed=2526s
progress: nodes=41,670,000,000 tested=2 found=0 n=546838317236348568599025 elapsed=2526s
progress: nodes=41,680,000,000 tested=2 found=0 n=323645771180595356846925 elapsed=2527s
progress: nodes=41,690,000,000 tested=2 found=0 n=559937239796157037932975 elapsed=2527s
progress: nodes=41,700,000,000 tested=2 found=0 n=535999673060398636292775 elapsed=2528s
progress: nodes=41,710,000,000 tested=2 found=0 n=473525880783395196546075 elapsed=2528s
progress: nodes=41,720,000,000 tested=2 found=0 n=530235747013672752935025 elapsed=2529s
progress: nodes=41,730,000,000 tested=2 found=0 n=615543879915615021989475 elapsed=2529s
progress: nodes=41,740,000,000 tested=2 found=0 n=523776087453231389280075 elapsed=2530s
progress: nodes=41,750,000,000 tested=2 found=0 n=180071711682215909459475 elapsed=2530s
progress: nodes=41,760,000,000 tested=2 found=0 n=409285980941427505268925 elapsed=2531s
progress: nodes=41,770,000,000 tested=2 found=0 n=886651447778257601443575 elapsed=2531s
progress: nodes=41,780,000,000 tested=2 found=0 n=273787102219969397105475 elapsed=2532s
progress: nodes=41,790,000,000 tested=2 found=0 n=358308853226290281926325 elapsed=2532s
progress: nodes=41,800,000,000 tested=2 found=0 n=528708808125122564178525 elapsed=2533s
progress: nodes=41,810,000,000 tested=2 found=0 n=183002444879355257474175 elapsed=2533s
progress: nodes=41,820,000,000 tested=2 found=0 n=515236311296471484001425 elapsed=2534s
progress: nodes=41,830,000,000 tested=2 found=0 n=221894330585168345558025 elapsed=2534s
progress: nodes=41,840,000,000 tested=2 found=0 n=203842480434356489186175 elapsed=2535s
progress: nodes=41,850,000,000 tested=2 found=0 n=347072811665260381668825 elapsed=2535s
progress: nodes=41,860,000,000 tested=2 found=0 n=254854296268391125588425 elapsed=2535s
progress: nodes=41,870,000,000 tested=2 found=0 n=275002234525331685039525 elapsed=2536s
progress: nodes=41,880,000,000 tested=2 found=0 n=57137387914425248783925 elapsed=2536s
progress: nodes=41,890,000,000 tested=2 found=0 n=157979984436424491852225 elapsed=2537s
progress: nodes=41,900,000,000 tested=2 found=0 n=286698029478362110398075 elapsed=2537s
progress: nodes=41,910,000,000 tested=2 found=0 n=78893909306640555409425 elapsed=2538s
progress: nodes=41,920,000,000 tested=2 found=0 n=7117543967514118077225 elapsed=2538s
progress: nodes=41,930,000,000 tested=2 found=0 n=789992215762651879166475 elapsed=2539s
progress: nodes=41,940,000,000 tested=2 found=0 n=218563333894587669905775 elapsed=2539s
progress: nodes=41,950,000,000 tested=2 found=0 n=117124368243653326123425 elapsed=2540s
progress: nodes=41,960,000,000 tested=2 found=0 n=79351609884641123397225 elapsed=2540s
progress: nodes=41,970,000,000 tested=2 found=0 n=329854458649069159709475 elapsed=2541s
progress: nodes=41,980,000,000 tested=2 found=0 n=141643730361260801377275 elapsed=2541s
progress: nodes=41,990,000,000 tested=2 found=0 n=338306895999539778693525 elapsed=2542s
progress: nodes=42,000,000,000 tested=2 found=0 n=957523666628866851195825 elapsed=2542s
progress: nodes=42,010,000,000 tested=2 found=0 n=85745872059628532369475 elapsed=2543s
progress: nodes=42,020,000,000 tested=2 found=0 n=118840442524217638835325 elapsed=2543s
progress: nodes=42,030,000,000 tested=2 found=0 n=138145131701201228807775 elapsed=2544s
progress: nodes=42,040,000,000 tested=2 found=0 n=117067094713884673011225 elapsed=2544s
progress: nodes=42,050,000,000 tested=2 found=0 n=540575165399234104542975 elapsed=2545s
progress: nodes=42,060,000,000 tested=2 found=0 n=133216344888357137196075 elapsed=2545s
progress: nodes=42,070,000,000 tested=2 found=0 n=85146170556682286519325 elapsed=2546s
progress: nodes=42,080,000,000 tested=2 found=0 n=391426462702519743459675 elapsed=2546s
progress: nodes=42,090,000,000 tested=2 found=0 n=112186717440008748719325 elapsed=2547s
progress: nodes=42,100,000,000 tested=2 found=0 n=52779457839674402254275 elapsed=2547s
progress: nodes=42,110,000,000 tested=2 found=0 n=111307360677341215883925 elapsed=2548s
progress: nodes=42,120,000,000 tested=2 found=0 n=78391554327973928087475 elapsed=2548s
progress: nodes=42,130,000,000 tested=2 found=0 n=265846787469232130443425 elapsed=2548s
progress: nodes=42,140,000,000 tested=2 found=0 n=125135427016578004058175 elapsed=2549s
progress: nodes=42,150,000,000 tested=2 found=0 n=123262612305842013157725 elapsed=2549s
progress: nodes=42,160,000,000 tested=2 found=0 n=98218291762944790040175 elapsed=2550s
progress: nodes=42,170,000,000 tested=2 found=0 n=43938685641080454091725 elapsed=2550s
progress: nodes=42,180,000,000 tested=2 found=0 n=31052250086008093832175 elapsed=2551s
progress: nodes=42,190,000,000 tested=2 found=0 n=47313436000731549180675 elapsed=2551s
progress: nodes=42,200,000,000 tested=2 found=0 n=124781742817632626379225 elapsed=2552s
progress: nodes=42,210,000,000 tested=2 found=0 n=122292750432464912768325 elapsed=2552s
progress: nodes=42,220,000,000 tested=2 found=0 n=525488015984483789083275 elapsed=2553s
progress: nodes=42,230,000,000 tested=2 found=0 n=517980996871639594325175 elapsed=2553s
progress: nodes=42,240,000,000 tested=2 found=0 n=474692672045318779305825 elapsed=2554s
progress: nodes=42,250,000,000 tested=2 found=0 n=819248361224623398064425 elapsed=2554s
progress: nodes=42,260,000,000 tested=2 found=0 n=758854779981244502974275 elapsed=2555s
progress: nodes=42,270,000,000 tested=2 found=0 n=100154983202054451088275 elapsed=2555s
progress: nodes=42,280,000,000 tested=2 found=0 n=73008486147246032214975 elapsed=2556s
progress: nodes=42,290,000,000 tested=2 found=0 n=34979440886689861129425 elapsed=2556s
progress: nodes=42,300,000,000 tested=2 found=0 n=68862104689897652229525 elapsed=2557s
progress: nodes=42,310,000,000 tested=2 found=0 n=54175855214223742932075 elapsed=2557s
progress: nodes=42,320,000,000 tested=2 found=0 n=72514510663913080115925 elapsed=2558s
progress: nodes=42,330,000,000 tested=2 found=0 n=60723199689513226683675 elapsed=2558s
progress: nodes=42,340,000,000 tested=2 found=0 n=31383797208585982671225 elapsed=2559s
progress: nodes=42,350,000,000 tested=2 found=0 n=65515339931784568243275 elapsed=2559s
progress: nodes=42,360,000,000 tested=2 found=0 n=963985371411530584319775 elapsed=2560s
progress: nodes=42,370,000,000 tested=2 found=0 n=483447804170332432012725 elapsed=2560s
progress: nodes=42,380,000,000 tested=2 found=0 n=751060203910480444276725 elapsed=2561s
progress: nodes=42,390,000,000 tested=2 found=0 n=441572427371817725272575 elapsed=2561s
progress: nodes=42,400,000,000 tested=2 found=0 n=373820138079551220990075 elapsed=2562s
progress: nodes=42,410,000,000 tested=2 found=0 n=885307520482667780987775 elapsed=2562s
progress: nodes=42,420,000,000 tested=2 found=0 n=610825821809152381714425 elapsed=2563s
progress: nodes=42,430,000,000 tested=2 found=0 n=566025937003843380067575 elapsed=2563s
progress: nodes=42,440,000,000 tested=2 found=0 n=349795088504773738709025 elapsed=2564s
progress: nodes=42,450,000,000 tested=2 found=0 n=884693238303206082711675 elapsed=2564s
progress: nodes=42,460,000,000 tested=2 found=0 n=773861677966498282300425 elapsed=2565s
progress: nodes=42,470,000,000 tested=2 found=0 n=713941512287748838547025 elapsed=2565s
progress: nodes=42,480,000,000 tested=2 found=0 n=434235131067928475152725 elapsed=2565s
progress: nodes=42,490,000,000 tested=2 found=0 n=428419602727462611204225 elapsed=2566s
progress: nodes=42,500,000,000 tested=2 found=0 n=367980173440513150256025 elapsed=2566s
progress: nodes=42,510,000,000 tested=2 found=0 n=468660394724310492807675 elapsed=2567s
progress: nodes=42,520,000,000 tested=2 found=0 n=448843455785333696383725 elapsed=2567s
progress: nodes=42,530,000,000 tested=2 found=0 n=461778364470700109021475 elapsed=2568s
progress: nodes=42,540,000,000 tested=2 found=0 n=342734654302846600391025 elapsed=2568s
progress: nodes=42,550,000,000 tested=2 found=0 n=340250934836047615712475 elapsed=2569s
progress: nodes=42,560,000,000 tested=2 found=0 n=332136380278461116990775 elapsed=2569s
progress: nodes=42,570,000,000 tested=2 found=0 n=666956907731602155600075 elapsed=2570s
progress: nodes=42,580,000,000 tested=2 found=0 n=271405977245376365760225 elapsed=2570s
progress: nodes=42,590,000,000 tested=2 found=0 n=382173708414576602441775 elapsed=2571s
progress: nodes=42,600,000,000 tested=2 found=0 n=121830369567736814845575 elapsed=2571s
progress: nodes=42,610,000,000 tested=2 found=0 n=328778533905464950024575 elapsed=2572s
progress: nodes=42,620,000,000 tested=2 found=0 n=671117749615738870848975 elapsed=2572s
progress: nodes=42,630,000,000 tested=2 found=0 n=259472228383257753402825 elapsed=2573s
progress: nodes=42,640,000,000 tested=2 found=0 n=666696194968332685438425 elapsed=2573s
progress: nodes=42,650,000,000 tested=2 found=0 n=327441918849693242691525 elapsed=2574s
progress: nodes=42,660,000,000 tested=2 found=0 n=90004134141200719429275 elapsed=2574s
progress: nodes=42,670,000,000 tested=2 found=0 n=114386617124485827725175 elapsed=2575s
progress: nodes=42,680,000,000 tested=2 found=0 n=121298220075043947153075 elapsed=2575s
progress: nodes=42,690,000,000 tested=2 found=0 n=123955622716638943519575 elapsed=2576s
progress: nodes=42,700,000,000 tested=2 found=0 n=192748767705442488336225 elapsed=2576s
progress: nodes=42,710,000,000 tested=2 found=0 n=421126552163478295573725 elapsed=2577s
progress: nodes=42,720,000,000 tested=2 found=0 n=260510881533871520119425 elapsed=2577s
progress: nodes=42,730,000,000 tested=2 found=0 n=128171716217755807064325 elapsed=2577s
progress: nodes=42,740,000,000 tested=2 found=0 n=178943009677878034478175 elapsed=2578s
progress: nodes=42,750,000,000 tested=2 found=0 n=187986661298200674162825 elapsed=2578s
progress: nodes=42,760,000,000 tested=2 found=0 n=175234891115072434856925 elapsed=2579s
progress: nodes=42,770,000,000 tested=2 found=0 n=192744893809715438194575 elapsed=2579s
progress: nodes=42,780,000,000 tested=2 found=0 n=76288946522863856699775 elapsed=2580s
progress: nodes=42,790,000,000 tested=2 found=0 n=111603758980294785321975 elapsed=2580s
progress: nodes=42,800,000,000 tested=2 found=0 n=324173477834276941738725 elapsed=2581s
progress: nodes=42,810,000,000 tested=2 found=0 n=104267005398141731992275 elapsed=2581s
progress: nodes=42,820,000,000 tested=2 found=0 n=322148472856722212554425 elapsed=2582s
progress: nodes=42,830,000,000 tested=2 found=0 n=614024074405912807483275 elapsed=2582s
progress: nodes=42,840,000,000 tested=2 found=0 n=640065059439118917714825 elapsed=2583s
progress: nodes=42,850,000,000 tested=2 found=0 n=170347164206054224292475 elapsed=2583s
progress: nodes=42,860,000,000 tested=2 found=0 n=369283941857293298989725 elapsed=2584s
progress: nodes=42,870,000,000 tested=2 found=0 n=679073346789130655108175 elapsed=2584s
progress: nodes=42,880,000,000 tested=2 found=0 n=141940718865846988776975 elapsed=2585s
progress: nodes=42,890,000,000 tested=2 found=0 n=88710383224328442795075 elapsed=2585s
progress: nodes=42,900,000,000 tested=2 found=0 n=219333826370382920936025 elapsed=2586s
progress: nodes=42,910,000,000 tested=2 found=0 n=70975575421002287317425 elapsed=2586s
progress: nodes=42,920,000,000 tested=2 found=0 n=152178902238352992062775 elapsed=2587s
progress: nodes=42,930,000,000 tested=2 found=0 n=44383113479391638490825 elapsed=2587s
progress: nodes=42,940,000,000 tested=2 found=0 n=117940721964635390352675 elapsed=2588s
progress: nodes=42,950,000,000 tested=2 found=0 n=26824526914360877634075 elapsed=2588s
progress: nodes=42,960,000,000 tested=2 found=0 n=140594974055801504371275 elapsed=2589s
progress: nodes=42,970,000,000 tested=2 found=0 n=297779050791137350502925 elapsed=2589s
progress: nodes=42,980,000,000 tested=2 found=0 n=86737150550455742025975 elapsed=2590s
progress: nodes=42,990,000,000 tested=2 found=0 n=93132625832067626837175 elapsed=2590s
progress: nodes=43,000,000,000 tested=2 found=0 n=72134723639082770018925 elapsed=2591s
progress: nodes=43,010,000,000 tested=2 found=0 n=43651948820178812717175 elapsed=2591s
progress: nodes=43,020,000,000 tested=2 found=0 n=45069627210682034456925 elapsed=2591s
progress: nodes=43,030,000,000 tested=2 found=0 n=50943924343205732370675 elapsed=2592s
progress: nodes=43,040,000,000 tested=2 found=0 n=20007969692102148867825 elapsed=2592s
progress: nodes=43,050,000,000 tested=2 found=0 n=519098386512769368687525 elapsed=2593s
progress: nodes=43,060,000,000 tested=2 found=0 n=434581453961176620845175 elapsed=2593s
progress: nodes=43,070,000,000 tested=2 found=0 n=634284805723352972406075 elapsed=2594s
progress: nodes=43,080,000,000 tested=2 found=0 n=44454904308665426036175 elapsed=2594s
progress: nodes=43,090,000,000 tested=2 found=0 n=406871022069390975192525 elapsed=2595s
progress: nodes=43,100,000,000 tested=2 found=0 n=905738233631645230362975 elapsed=2595s
progress: nodes=43,110,000,000 tested=2 found=0 n=27028390583385220425825 elapsed=2596s
progress: nodes=43,120,000,000 tested=2 found=0 n=38656254021134659563225 elapsed=2596s
progress: nodes=43,130,000,000 tested=2 found=0 n=60207822562098353259975 elapsed=2597s
progress: nodes=43,140,000,000 tested=2 found=0 n=42463547842312434326775 elapsed=2597s
progress: nodes=43,150,000,000 tested=2 found=0 n=50342841149542017294075 elapsed=2598s
progress: nodes=43,160,000,000 tested=2 found=0 n=54545787605931108383325 elapsed=2598s
progress: nodes=43,170,000,000 tested=2 found=0 n=59640376838345367753975 elapsed=2599s
progress: nodes=43,180,000,000 tested=2 found=0 n=935475739577257259527575 elapsed=2599s
progress: nodes=43,190,000,000 tested=2 found=0 n=788101771531234321343325 elapsed=2600s
progress: nodes=43,200,000,000 tested=2 found=0 n=550735767691422009378825 elapsed=2600s
progress: nodes=43,210,000,000 tested=2 found=0 n=965451368058488428056225 elapsed=2601s
progress: nodes=43,220,000,000 tested=2 found=0 n=806691870379348184270325 elapsed=2601s
progress: nodes=43,230,000,000 tested=2 found=0 n=782474418028833228581025 elapsed=2602s
progress: nodes=43,240,000,000 tested=2 found=0 n=405272556718145196076425 elapsed=2602s
progress: nodes=43,250,000,000 tested=2 found=0 n=504838484226623164428525 elapsed=2603s
progress: nodes=43,260,000,000 tested=2 found=0 n=746002079065538408159475 elapsed=2603s
progress: nodes=43,270,000,000 tested=2 found=0 n=356075015296646433634275 elapsed=2603s
progress: nodes=43,280,000,000 tested=2 found=0 n=928822820511395259439275 elapsed=2604s
progress: nodes=43,290,000,000 tested=2 found=0 n=582895273899107927246775 elapsed=2604s
progress: nodes=43,300,000,000 tested=2 found=0 n=530911579003352126891025 elapsed=2605s
progress: nodes=43,310,000,000 tested=2 found=0 n=174989738967170777288925 elapsed=2605s
progress: nodes=43,320,000,000 tested=2 found=0 n=799915742614268297449575 elapsed=2606s
progress: nodes=43,330,000,000 tested=2 found=0 n=336210753495916785196425 elapsed=2606s
progress: nodes=43,340,000,000 tested=2 found=0 n=659310299026260149900775 elapsed=2607s
progress: nodes=43,350,000,000 tested=2 found=0 n=299429968862986097168175 elapsed=2607s
progress: nodes=43,360,000,000 tested=2 found=0 n=379834375945476081168825 elapsed=2608s
progress: nodes=43,370,000,000 tested=2 found=0 n=493658510007576748166475 elapsed=2608s
progress: nodes=43,380,000,000 tested=2 found=0 n=643911665441275625426175 elapsed=2609s
progress: nodes=43,390,000,000 tested=2 found=0 n=274581724088352172002225 elapsed=2609s
progress: nodes=43,400,000,000 tested=2 found=0 n=305041879283954626960575 elapsed=2610s
progress: nodes=43,410,000,000 tested=2 found=0 n=458111129467716727119975 elapsed=2610s
progress: nodes=43,420,000,000 tested=2 found=0 n=401867016792623496532275 elapsed=2611s
progress: nodes=43,430,000,000 tested=2 found=0 n=198627495323852574182775 elapsed=2611s
progress: nodes=43,440,000,000 tested=2 found=0 n=613527693094281702454575 elapsed=2612s
progress: nodes=43,450,000,000 tested=2 found=0 n=462554778766749279671775 elapsed=2612s
progress: nodes=43,460,000,000 tested=2 found=0 n=138412213774990246130325 elapsed=2613s
progress: nodes=43,470,000,000 tested=2 found=0 n=581036546530640101655325 elapsed=2613s
progress: nodes=43,480,000,000 tested=2 found=0 n=255291159278310138265425 elapsed=2614s
progress: nodes=43,490,000,000 tested=2 found=0 n=578567464139878503286425 elapsed=2614s
progress: nodes=43,500,000,000 tested=2 found=0 n=176653166572563018548925 elapsed=2614s
progress: nodes=43,510,000,000 tested=2 found=0 n=397602162880632885993675 elapsed=2615s
progress: nodes=43,520,000,000 tested=2 found=0 n=346471594106573848780725 elapsed=2615s
progress: nodes=43,530,000,000 tested=2 found=0 n=272188303392444666416475 elapsed=2616s
progress: nodes=43,540,000,000 tested=2 found=0 n=32873056615287517618275 elapsed=2616s
progress: nodes=43,550,000,000 tested=2 found=0 n=216064197888110804543025 elapsed=2617s
progress: nodes=43,560,000,000 tested=2 found=0 n=111809200824074142792975 elapsed=2617s
progress: nodes=43,570,000,000 tested=2 found=0 n=218931098718108466200225 elapsed=2618s
progress: nodes=43,580,000,000 tested=2 found=0 n=6752754496893544349925 elapsed=2618s
progress: nodes=43,590,000,000 tested=2 found=0 n=86038770083985587700975 elapsed=2619s
progress: nodes=43,600,000,000 tested=2 found=0 n=118935007266068415675825 elapsed=2619s
progress: nodes=43,610,000,000 tested=2 found=0 n=86254756146068832926175 elapsed=2620s
progress: nodes=43,620,000,000 tested=2 found=0 n=130864807639004794394325 elapsed=2620s
progress: nodes=43,630,000,000 tested=2 found=0 n=61994945110498258404975 elapsed=2621s
progress: nodes=43,640,000,000 tested=2 found=0 n=65919727314269114639925 elapsed=2621s
progress: nodes=43,650,000,000 tested=2 found=0 n=35384344589135156332575 elapsed=2622s
progress: nodes=43,660,000,000 tested=2 found=0 n=187637569642571702157075 elapsed=2622s
progress: nodes=43,670,000,000 tested=2 found=0 n=59857019362108795172775 elapsed=2623s
progress: nodes=43,680,000,000 tested=2 found=0 n=22325786619820773342825 elapsed=2623s
progress: nodes=43,690,000,000 tested=2 found=0 n=93767145491124724722675 elapsed=2624s
progress: nodes=43,700,000,000 tested=2 found=0 n=33394875069964993738725 elapsed=2624s
progress: nodes=43,710,000,000 tested=2 found=0 n=761356774902323133823575 elapsed=2625s
progress: nodes=43,720,000,000 tested=2 found=0 n=32433295481597978370975 elapsed=2625s
progress: nodes=43,730,000,000 tested=2 found=0 n=22113340020013750547325 elapsed=2626s
progress: nodes=43,740,000,000 tested=2 found=0 n=138240843012710875576425 elapsed=2626s
progress: nodes=43,750,000,000 tested=2 found=0 n=48928835881681416921975 elapsed=2627s
progress: nodes=43,760,000,000 tested=2 found=0 n=34521382692215614091325 elapsed=2627s
progress: nodes=43,770,000,000 tested=2 found=0 n=52769114159356668505575 elapsed=2627s
progress: nodes=43,780,000,000 tested=2 found=0 n=18434090868070061580825 elapsed=2628s
progress: nodes=43,790,000,000 tested=2 found=0 n=75813253676884012886025 elapsed=2628s
progress: nodes=43,800,000,000 tested=2 found=0 n=126461819303291984751525 elapsed=2629s
progress: nodes=43,810,000,000 tested=2 found=0 n=14657160936083192337525 elapsed=2629s
progress: nodes=43,820,000,000 tested=2 found=0 n=33154573372913721310725 elapsed=2630s
progress: nodes=43,830,000,000 tested=2 found=0 n=14966901219311804430525 elapsed=2630s
progress: nodes=43,840,000,000 tested=2 found=0 n=14007736601427705632925 elapsed=2631s
progress: nodes=43,850,000,000 tested=2 found=0 n=576475228961517029783925 elapsed=2631s
progress: nodes=43,860,000,000 tested=2 found=0 n=379734088673308608192525 elapsed=2632s
progress: nodes=43,870,000,000 tested=2 found=0 n=739880385458069137178325 elapsed=2632s
progress: nodes=43,880,000,000 tested=2 found=0 n=347433082209533987205825 elapsed=2633s
progress: nodes=43,890,000,000 tested=2 found=0 n=928497443244177336483525 elapsed=2633s
progress: nodes=43,900,000,000 tested=2 found=0 n=956808837867745158549825 elapsed=2634s
progress: nodes=43,910,000,000 tested=2 found=0 n=761662456754619486484275 elapsed=2634s
progress: nodes=43,920,000,000 tested=2 found=0 n=476517986064745659187725 elapsed=2635s
progress: nodes=43,930,000,000 tested=2 found=0 n=130298205216039653010075 elapsed=2635s
progress: nodes=43,940,000,000 tested=2 found=0 n=868901166075674297462325 elapsed=2636s
progress: nodes=43,950,000,000 tested=2 found=0 n=443075569709123870708475 elapsed=2636s
progress: nodes=43,960,000,000 tested=2 found=0 n=380137495834170983690925 elapsed=2637s
progress: nodes=43,970,000,000 tested=2 found=0 n=415513969717994203838925 elapsed=2637s
progress: nodes=43,980,000,000 tested=2 found=0 n=699238483937320372584825 elapsed=2638s
progress: nodes=43,990,000,000 tested=2 found=0 n=265239525834150617188725 elapsed=2638s
progress: nodes=44,000,000,000 tested=2 found=0 n=208813990133550073175475 elapsed=2638s
progress: nodes=44,010,000,000 tested=2 found=0 n=258035283030415705268025 elapsed=2639s
progress: nodes=44,020,000,000 tested=2 found=0 n=178850320740602957685525 elapsed=2639s
progress: nodes=44,030,000,000 tested=2 found=0 n=874090469823524079265425 elapsed=2640s
progress: nodes=44,040,000,000 tested=2 found=0 n=364005744126793195294725 elapsed=2640s
progress: nodes=44,050,000,000 tested=2 found=0 n=147974128017919133748675 elapsed=2641s
progress: nodes=44,060,000,000 tested=2 found=0 n=301203660160462228572975 elapsed=2641s
progress: nodes=44,070,000,000 tested=2 found=0 n=210511724109480698265075 elapsed=2642s
progress: nodes=44,080,000,000 tested=2 found=0 n=437474780338622135205525 elapsed=2642s
progress: nodes=44,090,000,000 tested=2 found=0 n=127272610534635975455475 elapsed=2643s
progress: nodes=44,100,000,000 tested=2 found=0 n=108082687569595927970925 elapsed=2643s
progress: nodes=44,110,000,000 tested=2 found=0 n=389835949805156936227575 elapsed=2644s
progress: nodes=44,120,000,000 tested=2 found=0 n=109390059933196659184425 elapsed=2644s
progress: nodes=44,130,000,000 tested=2 found=0 n=98459121661776790446675 elapsed=2645s
progress: nodes=44,140,000,000 tested=2 found=0 n=401004422459507873517225 elapsed=2645s
progress: nodes=44,150,000,000 tested=2 found=0 n=100341055688529278862525 elapsed=2646s
progress: nodes=44,160,000,000 tested=2 found=0 n=686015635083110119991775 elapsed=2646s
progress: nodes=44,170,000,000 tested=2 found=0 n=49188648917209888868925 elapsed=2647s
progress: nodes=44,180,000,000 tested=2 found=0 n=56367405067273071775575 elapsed=2647s
progress: nodes=44,190,000,000 tested=2 found=0 n=185942354497988164437075 elapsed=2648s
progress: nodes=44,200,000,000 tested=2 found=0 n=591903663018920660147025 elapsed=2648s
progress: nodes=44,210,000,000 tested=2 found=0 n=123137156801105034920475 elapsed=2649s
progress: nodes=44,220,000,000 tested=2 found=0 n=41045161125352479885075 elapsed=2649s
progress: nodes=44,230,000,000 tested=2 found=0 n=35607723807846968231025 elapsed=2649s
progress: nodes=44,240,000,000 tested=2 found=0 n=17681124029746332108525 elapsed=2650s
progress: nodes=44,250,000,000 tested=2 found=0 n=29422632354091470275925 elapsed=2650s
progress: nodes=44,260,000,000 tested=2 found=0 n=466982043995090695317675 elapsed=2651s
progress: nodes=44,270,000,000 tested=2 found=0 n=8634231112300587876225 elapsed=2651s
progress: nodes=44,280,000,000 tested=2 found=0 n=555712824850480085034675 elapsed=2652s
progress: nodes=44,290,000,000 tested=2 found=0 n=40162059439885471835175 elapsed=2652s
progress: nodes=44,300,000,000 tested=2 found=0 n=14973162242909058870825 elapsed=2653s
progress: nodes=44,310,000,000 tested=2 found=0 n=11633860207073107886025 elapsed=2653s
progress: nodes=44,320,000,000 tested=2 found=0 n=13654281768432185069475 elapsed=2654s
progress: nodes=44,330,000,000 tested=2 found=0 n=787879647226000082325 elapsed=2654s
progress: nodes=44,340,000,000 tested=2 found=0 n=539862652012579274668575 elapsed=2655s
progress: nodes=44,350,000,000 tested=2 found=0 n=529253214410632134734025 elapsed=2655s
progress: nodes=44,360,000,000 tested=2 found=0 n=983480098376593446132075 elapsed=2656s
progress: nodes=44,370,000,000 tested=2 found=0 n=436581499422488791510425 elapsed=2656s
progress: nodes=44,380,000,000 tested=2 found=0 n=343382790443753108580675 elapsed=2657s
progress: nodes=44,390,000,000 tested=2 found=0 n=430184696019589664792925 elapsed=2657s
progress: nodes=44,400,000,000 tested=2 found=0 n=316831939685785388832825 elapsed=2658s
progress: nodes=44,410,000,000 tested=2 found=0 n=95254377101269262544525 elapsed=2658s
progress: nodes=44,420,000,000 tested=2 found=0 n=429990584417094253420725 elapsed=2659s
progress: nodes=44,430,000,000 tested=2 found=0 n=188990229415516019280075 elapsed=2659s
progress: nodes=44,440,000,000 tested=2 found=0 n=134989916085590720443575 elapsed=2660s
progress: nodes=44,450,000,000 tested=2 found=0 n=135125795157729822056325 elapsed=2660s
progress: nodes=44,460,000,000 tested=2 found=0 n=235349906030773130550525 elapsed=2661s
progress: nodes=44,470,000,000 tested=2 found=0 n=182683481852822647736325 elapsed=2661s
progress: nodes=44,480,000,000 tested=2 found=0 n=905350523638266272777925 elapsed=2661s
progress: nodes=44,490,000,000 tested=2 found=0 n=124803514190283908790525 elapsed=2662s
progress: nodes=44,500,000,000 tested=2 found=0 n=143473528008570804233475 elapsed=2662s
progress: nodes=44,510,000,000 tested=2 found=0 n=177945238243130722081575 elapsed=2663s
progress: nodes=44,520,000,000 tested=2 found=0 n=38636948700269463440325 elapsed=2663s
progress: nodes=44,530,000,000 tested=2 found=0 n=936679345442409248040075 elapsed=2664s
progress: nodes=44,540,000,000 tested=2 found=0 n=517778524813678119194775 elapsed=2664s
progress: nodes=44,550,000,000 tested=2 found=0 n=78799685701999606976775 elapsed=2665s
progress: nodes=44,560,000,000 tested=2 found=0 n=51385808592643787015325 elapsed=2665s
progress: nodes=44,570,000,000 tested=2 found=0 n=133484915365737526122675 elapsed=2666s
progress: nodes=44,580,000,000 tested=2 found=0 n=134048846808836934256425 elapsed=2666s
progress: nodes=44,590,000,000 tested=2 found=0 n=41635521425664695925825 elapsed=2667s
progress: nodes=44,600,000,000 tested=2 found=0 n=53554168762147350093225 elapsed=2667s
progress: nodes=44,610,000,000 tested=2 found=0 n=415546794791353808486475 elapsed=2668s
progress: nodes=44,620,000,000 tested=2 found=0 n=38547828825189444049575 elapsed=2668s
progress: nodes=44,630,000,000 tested=2 found=0 n=43259429296957759002975 elapsed=2669s
progress: nodes=44,640,000,000 tested=2 found=0 n=204045907317173175143175 elapsed=2669s
progress: nodes=44,650,000,000 tested=2 found=0 n=122557709324995584471975 elapsed=2670s
progress: nodes=44,660,000,000 tested=2 found=0 n=40706670916253482493925 elapsed=2670s
progress: nodes=44,670,000,000 tested=2 found=0 n=42050249078460576921825 elapsed=2671s
progress: nodes=44,680,000,000 tested=2 found=0 n=30494804506220240375475 elapsed=2671s
progress: nodes=44,690,000,000 tested=2 found=0 n=264539382448105963544775 elapsed=2672s
progress: nodes=44,700,000,000 tested=2 found=0 n=105564980189953710930075 elapsed=2672s
progress: nodes=44,710,000,000 tested=2 found=0 n=93749973681140110180275 elapsed=2673s
progress: nodes=44,720,000,000 tested=2 found=0 n=385402550678789179074825 elapsed=2673s
progress: nodes=44,730,000,000 tested=2 found=0 n=68765872817724003668175 elapsed=2674s
progress: nodes=44,740,000,000 tested=2 found=0 n=16172411217409676647275 elapsed=2674s
progress: nodes=44,750,000,000 tested=2 found=0 n=1036158699698087318925 elapsed=2675s
progress: nodes=44,760,000,000 tested=2 found=0 n=834517199009280736660425 elapsed=2675s
progress: nodes=44,770,000,000 tested=2 found=0 n=860071060955010457956975 elapsed=2675s
progress: nodes=44,780,000,000 tested=2 found=0 n=371432257094010788793975 elapsed=2676s
progress: nodes=44,790,000,000 tested=2 found=0 n=255835034866488565091175 elapsed=2676s
progress: nodes=44,800,000,000 tested=2 found=0 n=834893325391075080348075 elapsed=2677s
progress: nodes=44,810,000,000 tested=2 found=0 n=204825646334510924569275 elapsed=2677s
progress: nodes=44,820,000,000 tested=2 found=0 n=722969641085294568848025 elapsed=2678s
progress: nodes=44,830,000,000 tested=2 found=0 n=408960565839584987417475 elapsed=2678s
progress: nodes=44,840,000,000 tested=2 found=0 n=443205058291432664337825 elapsed=2679s
progress: nodes=44,850,000,000 tested=2 found=0 n=505809205113884587783725 elapsed=2679s
progress: nodes=44,860,000,000 tested=2 found=0 n=456411566010474518483325 elapsed=2680s
progress: nodes=44,870,000,000 tested=2 found=0 n=184673793663518937738675 elapsed=2680s
progress: nodes=44,880,000,000 tested=2 found=0 n=369178521207187889264925 elapsed=2681s
progress: nodes=44,890,000,000 tested=2 found=0 n=626472909984569369940075 elapsed=2681s
progress: nodes=44,900,000,000 tested=2 found=0 n=61627464295047116927175 elapsed=2682s
progress: nodes=44,910,000,000 tested=2 found=0 n=168944848359278133939225 elapsed=2682s
progress: nodes=44,920,000,000 tested=2 found=0 n=231729014082737413638825 elapsed=2683s
progress: nodes=44,930,000,000 tested=2 found=0 n=603385604642707382807025 elapsed=2683s
progress: nodes=44,940,000,000 tested=2 found=0 n=118963377809328382269225 elapsed=2684s
progress: nodes=44,950,000,000 tested=2 found=0 n=438467163802771414493325 elapsed=2684s
progress: nodes=44,960,000,000 tested=2 found=0 n=112936011842289003321525 elapsed=2685s
progress: nodes=44,970,000,000 tested=2 found=0 n=243699489968367871806225 elapsed=2685s
progress: nodes=44,980,000,000 tested=2 found=0 n=316462420909298203050225 elapsed=2686s
progress: nodes=44,990,000,000 tested=2 found=0 n=48855686339672009880225 elapsed=2686s
progress: nodes=45,000,000,000 tested=2 found=0 n=67666346156202900045225 elapsed=2687s
progress: nodes=45,010,000,000 tested=2 found=0 n=215424033365994753117675 elapsed=2687s
progress: nodes=45,020,000,000 tested=2 found=0 n=160738123116998994449025 elapsed=2688s
progress: nodes=45,030,000,000 tested=2 found=0 n=293916835979800584719025 elapsed=2688s
progress: nodes=45,040,000,000 tested=2 found=0 n=12932610591058174913325 elapsed=2689s
progress: nodes=45,050,000,000 tested=2 found=0 n=162376809443142164130975 elapsed=2689s
progress: nodes=45,060,000,000 tested=2 found=0 n=35129355522564266502825 elapsed=2689s
progress: nodes=45,070,000,000 tested=2 found=0 n=606132281731909625088825 elapsed=2690s
progress: nodes=45,080,000,000 tested=2 found=0 n=808616096623429881597525 elapsed=2690s
progress: nodes=45,090,000,000 tested=2 found=0 n=188549505811527198548925 elapsed=2691s
progress: nodes=45,100,000,000 tested=2 found=0 n=64690164545365817311425 elapsed=2691s
progress: nodes=45,110,000,000 tested=2 found=0 n=17580333568666132953975 elapsed=2692s
progress: nodes=45,120,000,000 tested=2 found=0 n=763201400353295564242725 elapsed=2692s
progress: nodes=45,130,000,000 tested=2 found=0 n=24484800353979128045025 elapsed=2693s
progress: nodes=45,140,000,000 tested=2 found=0 n=26764682583628602251925 elapsed=2693s
progress: nodes=45,150,000,000 tested=2 found=0 n=424542936774609312906675 elapsed=2694s
progress: nodes=45,160,000,000 tested=2 found=0 n=9033038251142531629575 elapsed=2695s
progress: nodes=45,170,000,000 tested=2 found=0 n=13184220405224064414075 elapsed=2695s
progress: nodes=45,180,000,000 tested=2 found=0 n=730878000049161941594475 elapsed=2696s
progress: nodes=45,190,000,000 tested=2 found=0 n=564925818821818151744475 elapsed=2696s
progress: nodes=45,200,000,000 tested=2 found=0 n=473882142580494421713225 elapsed=2696s
progress: nodes=45,210,000,000 tested=2 found=0 n=512621628486312810132525 elapsed=2697s
progress: nodes=45,220,000,000 tested=2 found=0 n=558704920880670482136075 elapsed=2697s
progress: nodes=45,230,000,000 tested=2 found=0 n=797609506215490065207825 elapsed=2698s
progress: nodes=45,240,000,000 tested=2 found=0 n=728882067337173002864325 elapsed=2698s
progress: nodes=45,250,000,000 tested=2 found=0 n=508227336701303075796225 elapsed=2699s
progress: nodes=45,260,000,000 tested=2 found=0 n=269484251844334010923725 elapsed=2699s
progress: nodes=45,270,000,000 tested=2 found=0 n=207700461298622630556075 elapsed=2700s
progress: nodes=45,280,000,000 tested=2 found=0 n=908401169911510889832075 elapsed=2700s
progress: nodes=45,290,000,000 tested=2 found=0 n=496786622747587335831525 elapsed=2701s
progress: nodes=45,300,000,000 tested=2 found=0 n=417073798995023930942325 elapsed=2701s
progress: nodes=45,310,000,000 tested=2 found=0 n=303095748043291522422675 elapsed=2702s
progress: nodes=45,320,000,000 tested=2 found=0 n=165280111061571396494175 elapsed=2702s
progress: nodes=45,330,000,000 tested=2 found=0 n=222807160128202998787725 elapsed=2703s
progress: nodes=45,340,000,000 tested=2 found=0 n=173116529831449437443925 elapsed=2703s
progress: nodes=45,350,000,000 tested=2 found=0 n=99782071701224270604675 elapsed=2704s
progress: nodes=45,360,000,000 tested=2 found=0 n=318984404587219314683025 elapsed=2704s
progress: nodes=45,370,000,000 tested=2 found=0 n=122387685816165290052675 elapsed=2705s
progress: nodes=45,380,000,000 tested=2 found=0 n=59126338935146030594475 elapsed=2705s
progress: nodes=45,390,000,000 tested=2 found=0 n=111999161641822163397975 elapsed=2706s
progress: nodes=45,400,000,000 tested=2 found=0 n=81698636085552683801175 elapsed=2706s
progress: nodes=45,410,000,000 tested=2 found=0 n=570555906776128429416975 elapsed=2707s
progress: nodes=45,420,000,000 tested=2 found=0 n=59528756533734866781975 elapsed=2707s
progress: nodes=45,430,000,000 tested=2 found=0 n=45930497105426122085325 elapsed=2708s
progress: nodes=45,440,000,000 tested=2 found=0 n=573102259077684141673725 elapsed=2708s
progress: nodes=45,450,000,000 tested=2 found=0 n=40774409707125467662575 elapsed=2709s
progress: nodes=45,460,000,000 tested=2 found=0 n=587656553368048087305525 elapsed=2709s
progress: nodes=45,470,000,000 tested=2 found=0 n=22154935137698863853925 elapsed=2710s
progress: nodes=45,480,000,000 tested=2 found=0 n=165183687229096039936575 elapsed=2710s
progress: nodes=45,490,000,000 tested=2 found=0 n=57985085521265854798275 elapsed=2710s
progress: nodes=45,500,000,000 tested=2 found=0 n=11361047093420516037975 elapsed=2711s
progress: nodes=45,510,000,000 tested=2 found=0 n=13276901553754106664825 elapsed=2711s
progress: nodes=45,520,000,000 tested=2 found=0 n=19201363432128220982925 elapsed=2712s
progress: nodes=45,530,000,000 tested=2 found=0 n=20592009733708803743925 elapsed=2712s
progress: nodes=45,540,000,000 tested=2 found=0 n=66176218987067340712275 elapsed=2713s
progress: nodes=45,550,000,000 tested=2 found=0 n=9211546241020829802525 elapsed=2713s
progress: nodes=45,560,000,000 tested=2 found=0 n=17532728964253094774325 elapsed=2714s
progress: nodes=45,570,000,000 tested=2 found=0 n=19695692860217599271475 elapsed=2714s
progress: nodes=45,580,000,000 tested=2 found=0 n=11232720412144418498025 elapsed=2715s
progress: nodes=45,590,000,000 tested=2 found=0 n=498343945172769354719775 elapsed=2715s
progress: nodes=45,600,000,000 tested=2 found=0 n=285340357293398485961025 elapsed=2716s
progress: nodes=45,610,000,000 tested=2 found=0 n=867668063435500927281825 elapsed=2716s
progress: nodes=45,620,000,000 tested=2 found=0 n=394932667759006208714025 elapsed=2717s
progress: nodes=45,630,000,000 tested=2 found=0 n=521705653068391733981325 elapsed=2717s
progress: nodes=45,640,000,000 tested=2 found=0 n=403714086165601791090225 elapsed=2718s
progress: nodes=45,650,000,000 tested=2 found=0 n=624861575485233855386475 elapsed=2718s
progress: nodes=45,660,000,000 tested=2 found=0 n=375658184753282947884225 elapsed=2719s
progress: nodes=45,670,000,000 tested=2 found=0 n=143917300507112604068025 elapsed=2719s
progress: nodes=45,680,000,000 tested=2 found=0 n=441719239091461842450225 elapsed=2720s
progress: nodes=45,690,000,000 tested=2 found=0 n=215393696271052089336975 elapsed=2720s
progress: nodes=45,700,000,000 tested=2 found=0 n=259205999946779995727475 elapsed=2721s
progress: nodes=45,710,000,000 tested=2 found=0 n=230822601967969977612075 elapsed=2721s
progress: nodes=45,720,000,000 tested=2 found=0 n=40656475162596435574575 elapsed=2722s
progress: nodes=45,730,000,000 tested=2 found=0 n=301763271400776784802775 elapsed=2722s
progress: nodes=45,740,000,000 tested=2 found=0 n=161612073685089762531225 elapsed=2723s
progress: nodes=45,750,000,000 tested=2 found=0 n=79573860414517243985925 elapsed=2723s
progress: nodes=45,760,000,000 tested=2 found=0 n=74350183584301024181925 elapsed=2724s
progress: nodes=45,770,000,000 tested=2 found=0 n=962401689637529968623225 elapsed=2724s
progress: nodes=45,780,000,000 tested=2 found=0 n=45986709584762717981925 elapsed=2725s
progress: nodes=45,790,000,000 tested=2 found=0 n=425009628268451227211925 elapsed=2725s
progress: nodes=45,800,000,000 tested=2 found=0 n=52571903731292100945075 elapsed=2726s
progress: nodes=45,810,000,000 tested=2 found=0 n=555808270695715224683925 elapsed=2726s
progress: nodes=45,820,000,000 tested=2 found=0 n=13748510727672585053475 elapsed=2727s
progress: nodes=45,830,000,000 tested=2 found=0 n=26474724952748373154425 elapsed=2727s
progress: nodes=45,840,000,000 tested=2 found=0 n=24153899336696690707575 elapsed=2728s
progress: nodes=45,850,000,000 tested=2 found=0 n=30317733551032708112475 elapsed=2728s
progress: nodes=45,860,000,000 tested=2 found=0 n=5968687376367282427575 elapsed=2729s
progress: nodes=45,870,000,000 tested=2 found=0 n=343720060995045843225975 elapsed=2729s
progress: nodes=45,880,000,000 tested=2 found=0 n=184070975064395940817725 elapsed=2730s
progress: nodes=45,890,000,000 tested=2 found=0 n=463691322822891042025575 elapsed=2730s
progress: nodes=45,900,000,000 tested=2 found=0 n=220784535152586509064675 elapsed=2731s
progress: nodes=45,910,000,000 tested=2 found=0 n=9325835291697928714425 elapsed=2731s
progress: nodes=45,920,000,000 tested=2 found=0 n=2493766545183523027275 elapsed=2732s
progress: nodes=45,930,000,000 tested=2 found=0 n=964098766783252032579075 elapsed=2733s
progress: nodes=45,940,000,000 tested=2 found=0 n=610181348057132038247775 elapsed=2733s
progress: nodes=45,950,000,000 tested=2 found=0 n=851997420955355445803175 elapsed=2734s
progress: nodes=45,960,000,000 tested=2 found=0 n=417370995545562512571975 elapsed=2734s
progress: nodes=45,970,000,000 tested=2 found=0 n=176165223569376113819175 elapsed=2735s
progress: nodes=45,980,000,000 tested=2 found=0 n=692732454688569693287175 elapsed=2735s
progress: nodes=45,990,000,000 tested=2 found=0 n=244855491278784534537675 elapsed=2736s
progress: nodes=46,000,000,000 tested=2 found=0 n=360264289172941011004575 elapsed=2736s
progress: nodes=46,010,000,000 tested=2 found=0 n=423172656163566814908975 elapsed=2737s
progress: nodes=46,020,000,000 tested=2 found=0 n=490770182669684198391825 elapsed=2737s
progress: nodes=46,030,000,000 tested=2 found=0 n=133488402566079957042075 elapsed=2738s
progress: nodes=46,040,000,000 tested=2 found=0 n=118114578634368062786325 elapsed=2738s
progress: nodes=46,050,000,000 tested=2 found=0 n=122185403264992167747075 elapsed=2739s
progress: nodes=46,060,000,000 tested=2 found=0 n=357671323822669287813525 elapsed=2739s
progress: nodes=46,070,000,000 tested=2 found=0 n=663133190978348896366275 elapsed=2740s
progress: nodes=46,080,000,000 tested=2 found=0 n=479787433098004233441525 elapsed=2740s
progress: nodes=46,090,000,000 tested=2 found=0 n=30286215792577739183475 elapsed=2741s
progress: nodes=46,100,000,000 tested=2 found=0 n=559227584845842291532725 elapsed=2741s
progress: nodes=46,110,000,000 tested=2 found=0 n=195684288048371374791825 elapsed=2742s
progress: nodes=46,120,000,000 tested=2 found=0 n=41816822711890050320925 elapsed=2742s
progress: nodes=46,130,000,000 tested=2 found=0 n=460587437414055512707575 elapsed=2743s
progress: nodes=46,140,000,000 tested=2 found=0 n=34173624925750734813675 elapsed=2743s
progress: nodes=46,150,000,000 tested=2 found=0 n=62459784980956956889725 elapsed=2744s
progress: nodes=46,160,000,000 tested=2 found=0 n=11278528317816235572525 elapsed=2744s
progress: nodes=46,170,000,000 tested=2 found=0 n=913072040805831451834575 elapsed=2745s
progress: nodes=46,180,000,000 tested=2 found=0 n=105384100310966451363675 elapsed=2745s
progress: nodes=46,190,000,000 tested=2 found=0 n=86258921481553277896725 elapsed=2746s
progress: nodes=46,200,000,000 tested=2 found=0 n=85678534345089326880525 elapsed=2746s
progress: nodes=46,210,000,000 tested=2 found=0 n=9743109111082997868075 elapsed=2747s
progress: nodes=46,220,000,000 tested=2 found=0 n=11281070433488819867475 elapsed=2747s
progress: nodes=46,230,000,000 tested=2 found=0 n=639993879957054087883275 elapsed=2748s
progress: nodes=46,240,000,000 tested=2 found=0 n=513658552467805714902075 elapsed=2748s
progress: nodes=46,250,000,000 tested=2 found=0 n=903088771645399026648675 elapsed=2748s
progress: nodes=46,260,000,000 tested=2 found=0 n=243214186452879005031525 elapsed=2749s
progress: nodes=46,270,000,000 tested=2 found=0 n=780900523723248753942975 elapsed=2749s
progress: nodes=46,280,000,000 tested=2 found=0 n=648177790574484627503475 elapsed=2750s
progress: nodes=46,290,000,000 tested=2 found=0 n=806690211188853456347025 elapsed=2750s
progress: nodes=46,300,000,000 tested=2 found=0 n=153175266917416570623225 elapsed=2751s
progress: nodes=46,310,000,000 tested=2 found=0 n=405390219111033197688075 elapsed=2751s
progress: nodes=46,320,000,000 tested=2 found=0 n=328089901103029334980425 elapsed=2752s
progress: nodes=46,330,000,000 tested=2 found=0 n=371299000359171636362325 elapsed=2752s
progress: nodes=46,340,000,000 tested=2 found=0 n=208667264112445526076975 elapsed=2753s
progress: nodes=46,350,000,000 tested=2 found=0 n=167641188850977870482025 elapsed=2753s
progress: nodes=46,360,000,000 tested=2 found=0 n=174047247519703052813175 elapsed=2754s
progress: nodes=46,370,000,000 tested=2 found=0 n=233037881276573395168575 elapsed=2754s
progress: nodes=46,380,000,000 tested=2 found=0 n=253378910003677615346475 elapsed=2755s
progress: nodes=46,390,000,000 tested=2 found=0 n=904306445948291836131825 elapsed=2755s
progress: nodes=46,400,000,000 tested=2 found=0 n=73165184501481777136575 elapsed=2756s
progress: nodes=46,410,000,000 tested=2 found=0 n=83159912252526580967925 elapsed=2756s
progress: nodes=46,420,000,000 tested=2 found=0 n=47396199770713434637425 elapsed=2757s
progress: nodes=46,430,000,000 tested=2 found=0 n=50280628521768954620025 elapsed=2757s
progress: nodes=46,440,000,000 tested=2 found=0 n=18719750966905831031475 elapsed=2758s
progress: nodes=46,450,000,000 tested=2 found=0 n=157723930327748628139725 elapsed=2758s
progress: nodes=46,460,000,000 tested=2 found=0 n=34274506218465168523725 elapsed=2759s
progress: nodes=46,470,000,000 tested=2 found=0 n=33270117171257321065425 elapsed=2759s
progress: nodes=46,480,000,000 tested=2 found=0 n=4282108938804638595225 elapsed=2760s
progress: nodes=46,490,000,000 tested=2 found=0 n=10242078365926459112775 elapsed=2760s
progress: nodes=46,500,000,000 tested=2 found=0 n=28414843899493588347525 elapsed=2761s
progress: nodes=46,510,000,000 tested=2 found=0 n=79991765943460159084725 elapsed=2761s
progress: nodes=46,520,000,000 tested=2 found=0 n=6977509317425740311075 elapsed=2762s
progress: nodes=46,530,000,000 tested=2 found=0 n=932678702458232827243575 elapsed=2762s
progress: nodes=46,540,000,000 tested=2 found=0 n=780813676965264503407275 elapsed=2763s
progress: nodes=46,550,000,000 tested=2 found=0 n=651203947059384311446425 elapsed=2763s
progress: nodes=46,560,000,000 tested=2 found=0 n=912307090724039047548225 elapsed=2764s
progress: nodes=46,570,000,000 tested=2 found=0 n=396439911976031843751975 elapsed=2764s
progress: nodes=46,580,000,000 tested=2 found=0 n=461394986267877114335025 elapsed=2765s
progress: nodes=46,590,000,000 tested=2 found=0 n=402479571774885854202525 elapsed=2765s
progress: nodes=46,600,000,000 tested=2 found=0 n=164829101838318608229825 elapsed=2766s
progress: nodes=46,610,000,000 tested=2 found=0 n=226268809737426277825575 elapsed=2766s
progress: nodes=46,620,000,000 tested=2 found=0 n=532361834929113431352825 elapsed=2767s
progress: nodes=46,630,000,000 tested=2 found=0 n=981302742107497496125725 elapsed=2767s
progress: nodes=46,640,000,000 tested=2 found=0 n=268113633443643947076975 elapsed=2768s
progress: nodes=46,650,000,000 tested=2 found=0 n=662297029448687776539825 elapsed=2768s
progress: nodes=46,660,000,000 tested=2 found=0 n=83545230519400558719525 elapsed=2768s
progress: nodes=46,670,000,000 tested=2 found=0 n=49341970517611262773425 elapsed=2769s
progress: nodes=46,680,000,000 tested=2 found=0 n=46416639639575658141975 elapsed=2769s
progress: nodes=46,690,000,000 tested=2 found=0 n=69368531851674304617225 elapsed=2770s
progress: nodes=46,700,000,000 tested=2 found=0 n=56040316774414978444725 elapsed=2770s
progress: nodes=46,710,000,000 tested=2 found=0 n=47703434589856360704675 elapsed=2771s
progress: nodes=46,720,000,000 tested=2 found=0 n=27758791574037753039525 elapsed=2771s
progress: nodes=46,730,000,000 tested=2 found=0 n=846478211922238887302025 elapsed=2772s
progress: nodes=46,740,000,000 tested=2 found=0 n=38165582688407302417575 elapsed=2772s
progress: nodes=46,750,000,000 tested=2 found=0 n=3972740090980423330425 elapsed=2773s
progress: nodes=46,760,000,000 tested=2 found=0 n=389585459798508920135475 elapsed=2773s
progress: nodes=46,770,000,000 tested=2 found=0 n=121125366369606464697975 elapsed=2774s
progress: nodes=46,780,000,000 tested=2 found=0 n=70802701743837503078925 elapsed=2774s
progress: nodes=46,790,000,000 tested=2 found=0 n=854037916944512068958475 elapsed=2775s
progress: nodes=46,800,000,000 tested=2 found=0 n=899742268769222203192725 elapsed=2775s
progress: nodes=46,810,000,000 tested=2 found=0 n=7704481061609926876425 elapsed=2776s
progress: nodes=46,820,000,000 tested=2 found=0 n=580106180146650881412975 elapsed=2776s
progress: nodes=46,830,000,000 tested=2 found=0 n=342759561875820744765825 elapsed=2777s
progress: nodes=46,840,000,000 tested=2 found=0 n=353113131559812217747725 elapsed=2777s
progress: nodes=46,850,000,000 tested=2 found=0 n=325895373755431693023525 elapsed=2778s
progress: nodes=46,860,000,000 tested=2 found=0 n=186616686317133791979975 elapsed=2778s
progress: nodes=46,870,000,000 tested=2 found=0 n=327052847583761541560175 elapsed=2779s
progress: nodes=46,880,000,000 tested=2 found=0 n=155962238504714158127325 elapsed=2779s
progress: nodes=46,890,000,000 tested=2 found=0 n=271387996012772319798975 elapsed=2780s
progress: nodes=46,900,000,000 tested=2 found=0 n=414938344104375388000275 elapsed=2780s
progress: nodes=46,910,000,000 tested=2 found=0 n=190460163508995633299475 elapsed=2781s
progress: nodes=46,920,000,000 tested=2 found=0 n=84127204099450497124425 elapsed=2781s
progress: nodes=46,930,000,000 tested=2 found=0 n=60820939469933648373225 elapsed=2782s
progress: nodes=46,940,000,000 tested=2 found=0 n=145379070456725170826475 elapsed=2782s
progress: nodes=46,950,000,000 tested=2 found=0 n=45632272250407651262025 elapsed=2782s
progress: nodes=46,960,000,000 tested=2 found=0 n=105296132059745519896575 elapsed=2783s
progress: nodes=46,970,000,000 tested=2 found=0 n=521309488354509109408725 elapsed=2783s
progress: nodes=46,980,000,000 tested=2 found=0 n=26575655667454245462825 elapsed=2784s
progress: nodes=46,990,000,000 tested=2 found=0 n=286322404447432085293275 elapsed=2784s
progress: nodes=47,000,000,000 tested=2 found=0 n=162986859674542352345325 elapsed=2785s
progress: nodes=47,010,000,000 tested=2 found=0 n=13671320555293564159425 elapsed=2785s
progress: nodes=47,020,000,000 tested=2 found=0 n=10845143258860048806525 elapsed=2786s
progress: nodes=47,030,000,000 tested=2 found=0 n=70551930134880797921175 elapsed=2786s
progress: nodes=47,040,000,000 tested=2 found=0 n=58351973614684999681575 elapsed=2787s
progress: nodes=47,050,000,000 tested=2 found=0 n=8874305725410013070325 elapsed=2787s
progress: nodes=47,060,000,000 tested=2 found=0 n=64493390095752537122775 elapsed=2788s
progress: nodes=47,070,000,000 tested=2 found=0 n=380635852214517346986825 elapsed=2788s
progress: nodes=47,080,000,000 tested=2 found=0 n=532343808240946055522025 elapsed=2789s
progress: nodes=47,090,000,000 tested=2 found=0 n=882740931809323591601025 elapsed=2789s
progress: nodes=47,100,000,000 tested=2 found=0 n=684431344727712069269925 elapsed=2790s
progress: nodes=47,110,000,000 tested=2 found=0 n=380871136348742686893675 elapsed=2790s
progress: nodes=47,120,000,000 tested=2 found=0 n=519068140157613095166975 elapsed=2791s
progress: nodes=47,130,000,000 tested=2 found=0 n=188225082285729828306825 elapsed=2791s
progress: nodes=47,140,000,000 tested=2 found=0 n=410408487496356015799275 elapsed=2792s
progress: nodes=47,150,000,000 tested=2 found=0 n=400206599114587976471475 elapsed=2792s
progress: nodes=47,160,000,000 tested=2 found=0 n=39193998596405967675075 elapsed=2793s
progress: nodes=47,170,000,000 tested=2 found=0 n=915453153086476994450175 elapsed=2793s
progress: nodes=47,180,000,000 tested=2 found=0 n=98091598607598015001725 elapsed=2794s
progress: nodes=47,190,000,000 tested=2 found=0 n=46898027289808061656575 elapsed=2794s
progress: nodes=47,200,000,000 tested=2 found=0 n=168005189788753539082575 elapsed=2795s
progress: nodes=47,210,000,000 tested=2 found=0 n=54742836370933454890575 elapsed=2795s
progress: nodes=47,220,000,000 tested=2 found=0 n=114386312878227876732675 elapsed=2796s
progress: nodes=47,230,000,000 tested=2 found=0 n=31758019246935832604325 elapsed=2796s
progress: nodes=47,240,000,000 tested=2 found=0 n=4194658550519851546275 elapsed=2797s
progress: nodes=47,250,000,000 tested=2 found=0 n=52878267922896379681575 elapsed=2797s
progress: nodes=47,260,000,000 tested=2 found=0 n=21768774388573872563475 elapsed=2798s
progress: nodes=47,270,000,000 tested=2 found=0 n=1309818035905418325 elapsed=2798s
progress: nodes=47,280,000,000 tested=2 found=0 n=42116418676431587491575 elapsed=2798s
progress: nodes=47,290,000,000 tested=2 found=0 n=26074150347477056864325 elapsed=2799s
progress: nodes=47,300,000,000 tested=2 found=0 n=945572857130612551494225 elapsed=2800s
progress: nodes=47,310,000,000 tested=2 found=0 n=999299315303944055983725 elapsed=2800s
progress: nodes=47,320,000,000 tested=2 found=0 n=448063989921522500515275 elapsed=2800s
progress: nodes=47,330,000,000 tested=2 found=0 n=264353201091479158669725 elapsed=2801s
progress: nodes=47,340,000,000 tested=2 found=0 n=670672787524131122241225 elapsed=2802s
progress: nodes=47,350,000,000 tested=2 found=0 n=645194060626190757299475 elapsed=2802s
progress: nodes=47,360,000,000 tested=2 found=0 n=313287518342558367561525 elapsed=2803s
progress: nodes=47,370,000,000 tested=2 found=0 n=225613743079313912583975 elapsed=2803s
progress: nodes=47,380,000,000 tested=2 found=0 n=678399885048213700761675 elapsed=2803s
progress: nodes=47,390,000,000 tested=2 found=0 n=175533075413718238476975 elapsed=2804s
progress: nodes=47,400,000,000 tested=2 found=0 n=199253033939668072553475 elapsed=2804s
progress: nodes=47,410,000,000 tested=2 found=0 n=351342642242787334628775 elapsed=2805s
progress: nodes=47,420,000,000 tested=2 found=0 n=193848007434754498436325 elapsed=2805s
progress: nodes=47,430,000,000 tested=2 found=0 n=87188743445902203866475 elapsed=2806s
progress: nodes=47,440,000,000 tested=2 found=0 n=45461809742467814799675 elapsed=2806s
progress: nodes=47,450,000,000 tested=2 found=0 n=45863240574112884468975 elapsed=2807s
progress: nodes=47,460,000,000 tested=2 found=0 n=23396743146495593621175 elapsed=2807s
progress: nodes=47,470,000,000 tested=2 found=0 n=20597181039385883865075 elapsed=2808s
progress: nodes=47,480,000,000 tested=2 found=0 n=62231875614399970146525 elapsed=2808s
progress: nodes=47,490,000,000 tested=2 found=0 n=48673750909717959843675 elapsed=2809s
progress: nodes=47,500,000,000 tested=2 found=0 n=742359004258728504744525 elapsed=2809s
progress: nodes=47,510,000,000 tested=2 found=0 n=207695874053252668801575 elapsed=2810s
progress: nodes=47,520,000,000 tested=2 found=0 n=14333536383471667780275 elapsed=2810s
progress: nodes=47,530,000,000 tested=2 found=0 n=3964749025866966383475 elapsed=2811s
progress: nodes=47,540,000,000 tested=2 found=0 n=596303367676195972939575 elapsed=2811s
progress: nodes=47,550,000,000 tested=2 found=0 n=323303328210148770830775 elapsed=2812s
progress: nodes=47,560,000,000 tested=2 found=0 n=639900751751351652458325 elapsed=2812s
progress: nodes=47,570,000,000 tested=2 found=0 n=706912606449871972003425 elapsed=2813s
progress: nodes=47,580,000,000 tested=2 found=0 n=225500742591741234628725 elapsed=2813s
progress: nodes=47,590,000,000 tested=2 found=0 n=562746290372421911752425 elapsed=2814s
progress: nodes=47,600,000,000 tested=2 found=0 n=338344596124913644555575 elapsed=2814s
progress: nodes=47,610,000,000 tested=2 found=0 n=181850829108291444633675 elapsed=2815s
progress: nodes=47,620,000,000 tested=2 found=0 n=179049079116501979531575 elapsed=2815s
progress: nodes=47,630,000,000 tested=2 found=0 n=674006849767841385005925 elapsed=2816s
progress: nodes=47,640,000,000 tested=2 found=0 n=261343390557571882442025 elapsed=2816s
progress: nodes=47,650,000,000 tested=2 found=0 n=298659824950967695526025 elapsed=2817s
progress: nodes=47,660,000,000 tested=2 found=0 n=23089124975187806395575 elapsed=2817s
progress: nodes=47,670,000,000 tested=2 found=0 n=29380271408459061379575 elapsed=2818s
progress: nodes=47,680,000,000 tested=2 found=0 n=42826815536517445429425 elapsed=2818s
progress: nodes=47,690,000,000 tested=2 found=0 n=439028881939869922561575 elapsed=2819s
progress: nodes=47,700,000,000 tested=2 found=0 n=5211197745242092900725 elapsed=2819s
progress: nodes=47,710,000,000 tested=2 found=0 n=5447646873864171587325 elapsed=2820s
progress: nodes=47,720,000,000 tested=2 found=0 n=4235691891906040533825 elapsed=2820s
progress: nodes=47,730,000,000 tested=2 found=0 n=11203105848474126540525 elapsed=2821s
progress: nodes=47,740,000,000 tested=2 found=0 n=777714678630626502705225 elapsed=2821s
progress: nodes=47,750,000,000 tested=2 found=0 n=847074948182351264708475 elapsed=2822s
progress: nodes=47,760,000,000 tested=2 found=0 n=624832099373509725243975 elapsed=2822s
progress: nodes=47,770,000,000 tested=2 found=0 n=973782703372614372548025 elapsed=2823s
progress: nodes=47,780,000,000 tested=2 found=0 n=438553235870166015981525 elapsed=2823s
progress: nodes=47,790,000,000 tested=2 found=0 n=429448320153920621343075 elapsed=2823s
progress: nodes=47,800,000,000 tested=2 found=0 n=160063914333273535288275 elapsed=2824s
progress: nodes=47,810,000,000 tested=2 found=0 n=340437062838309339270225 elapsed=2824s
progress: nodes=47,820,000,000 tested=2 found=0 n=99710369926610991158325 elapsed=2825s
progress: nodes=47,830,000,000 tested=2 found=0 n=37743330457955737468425 elapsed=2825s
progress: nodes=47,840,000,000 tested=2 found=0 n=33238980707613906471675 elapsed=2826s
progress: nodes=47,850,000,000 tested=2 found=0 n=33957330438712465967325 elapsed=2826s
progress: nodes=47,860,000,000 tested=2 found=0 n=10858291245000010801275 elapsed=2827s
progress: nodes=47,870,000,000 tested=2 found=0 n=23829946645343901959325 elapsed=2827s
progress: nodes=47,880,000,000 tested=2 found=0 n=220464503823191272712925 elapsed=2828s
progress: nodes=47,890,000,000 tested=2 found=0 n=449849632731439966407525 elapsed=2828s
progress: nodes=47,900,000,000 tested=2 found=0 n=726452063480130262307175 elapsed=2829s
progress: nodes=47,910,000,000 tested=2 found=0 n=28537055529435199257225 elapsed=2829s
progress: nodes=47,920,000,000 tested=2 found=0 n=3817445646297400871325 elapsed=2830s
progress: nodes=47,930,000,000 tested=2 found=0 n=984529463523363726872475 elapsed=2830s
progress: nodes=47,940,000,000 tested=2 found=0 n=943717328818779949316025 elapsed=2831s
progress: nodes=47,950,000,000 tested=2 found=0 n=848032148590715649249975 elapsed=2831s
progress: nodes=47,960,000,000 tested=2 found=0 n=238229655029247702388425 elapsed=2832s
progress: nodes=47,970,000,000 tested=2 found=0 n=502047942629457240298425 elapsed=2832s
progress: nodes=47,980,000,000 tested=2 found=0 n=453017623666726442363325 elapsed=2833s
progress: nodes=47,990,000,000 tested=2 found=0 n=941206535155953384178575 elapsed=2833s
progress: nodes=48,000,000,000 tested=2 found=0 n=994168786441859974084425 elapsed=2834s
progress: nodes=48,010,000,000 tested=2 found=0 n=304045060499547504004725 elapsed=2834s
progress: nodes=48,020,000,000 tested=2 found=0 n=34014564546962540637525 elapsed=2835s
progress: nodes=48,030,000,000 tested=2 found=0 n=35994248079494312010975 elapsed=2835s
progress: nodes=48,040,000,000 tested=2 found=0 n=63827644399177557852525 elapsed=2836s
progress: nodes=48,050,000,000 tested=2 found=0 n=932044881205905255692475 elapsed=2836s
progress: nodes=48,060,000,000 tested=2 found=0 n=7066806656427519798225 elapsed=2837s
progress: nodes=48,070,000,000 tested=2 found=0 n=13628282010506823627825 elapsed=2837s
progress: nodes=48,080,000,000 tested=2 found=0 n=50026473272185176849225 elapsed=2838s
progress: nodes=48,090,000,000 tested=2 found=0 n=18219008070197444892525 elapsed=2838s
progress: nodes=48,100,000,000 tested=2 found=0 n=4962098153531094264975 elapsed=2839s
progress: nodes=48,110,000,000 tested=2 found=0 n=6440728050028164825075 elapsed=2839s
progress: nodes=48,120,000,000 tested=2 found=0 n=908910273965303016124575 elapsed=2840s
progress: nodes=48,130,000,000 tested=2 found=0 n=442997719200597261139725 elapsed=2840s
progress: nodes=48,140,000,000 tested=2 found=0 n=854050223521504961769675 elapsed=2841s
progress: nodes=48,150,000,000 tested=2 found=0 n=181965978817103956557225 elapsed=2841s
progress: nodes=48,160,000,000 tested=2 found=0 n=448974263002994805444225 elapsed=2842s
progress: nodes=48,170,000,000 tested=2 found=0 n=344069603187631826601525 elapsed=2842s
progress: nodes=48,180,000,000 tested=2 found=0 n=405397810250095814247525 elapsed=2843s
progress: nodes=48,190,000,000 tested=2 found=0 n=89600908352333913602925 elapsed=2843s
progress: nodes=48,200,000,000 tested=2 found=0 n=209910264422117477586225 elapsed=2844s
progress: nodes=48,210,000,000 tested=2 found=0 n=185812549155177480167775 elapsed=2844s
progress: nodes=48,220,000,000 tested=2 found=0 n=112102162632023238363975 elapsed=2845s
progress: nodes=48,230,000,000 tested=2 found=0 n=76240125040704816058725 elapsed=2845s
progress: nodes=48,240,000,000 tested=2 found=0 n=29005672168150254730725 elapsed=2846s
progress: nodes=48,250,000,000 tested=2 found=0 n=15367051444114062360525 elapsed=2846s
progress: nodes=48,260,000,000 tested=2 found=0 n=17663925656126068100925 elapsed=2847s
progress: nodes=48,270,000,000 tested=2 found=0 n=122032507874517579843075 elapsed=2847s
progress: nodes=48,280,000,000 tested=2 found=0 n=10725336187482088983525 elapsed=2848s
progress: nodes=48,290,000,000 tested=2 found=0 n=5961991369436155449825 elapsed=2848s
progress: nodes=48,300,000,000 tested=2 found=0 n=803158213309174411678275 elapsed=2849s
progress: nodes=48,310,000,000 tested=2 found=0 n=4023222282523679138475 elapsed=2849s
progress: nodes=48,320,000,000 tested=2 found=0 n=855127085114446643852925 elapsed=2850s
progress: nodes=48,330,000,000 tested=2 found=0 n=719077140441157175395575 elapsed=2850s
progress: nodes=48,340,000,000 tested=2 found=0 n=413225410032927573735225 elapsed=2851s
progress: nodes=48,350,000,000 tested=2 found=0 n=965172747297021157655475 elapsed=2851s
progress: nodes=48,360,000,000 tested=2 found=0 n=145605730012711431359325 elapsed=2852s
progress: nodes=48,370,000,000 tested=2 found=0 n=185907817658257852518075 elapsed=2852s
progress: nodes=48,380,000,000 tested=2 found=0 n=651569425966078575416175 elapsed=2853s
progress: nodes=48,390,000,000 tested=2 found=0 n=266711547835081667528925 elapsed=2853s
progress: nodes=48,400,000,000 tested=2 found=0 n=614660537453817849111975 elapsed=2854s
progress: nodes=48,410,000,000 tested=2 found=0 n=185961329115211311122175 elapsed=2854s
progress: nodes=48,420,000,000 tested=2 found=0 n=96263956893508632860775 elapsed=2855s
progress: nodes=48,430,000,000 tested=2 found=0 n=944882982314952031418925 elapsed=2855s
progress: nodes=48,440,000,000 tested=2 found=0 n=43456415568518065359675 elapsed=2856s
progress: nodes=48,450,000,000 tested=2 found=0 n=18665521903442253936525 elapsed=2856s
progress: nodes=48,460,000,000 tested=2 found=0 n=4051314123178122018075 elapsed=2857s
progress: nodes=48,470,000,000 tested=2 found=0 n=6597647015771869661175 elapsed=2858s
progress: nodes=48,480,000,000 tested=2 found=0 n=20621106217491224584425 elapsed=2858s
progress: nodes=48,490,000,000 tested=2 found=0 n=38841710708671434660525 elapsed=2859s
progress: nodes=48,500,000,000 tested=2 found=0 n=782611399578705241791675 elapsed=2859s
progress: nodes=48,510,000,000 tested=2 found=0 n=373712913909411612103425 elapsed=2860s
progress: nodes=48,520,000,000 tested=2 found=0 n=969641898987005524362225 elapsed=2860s
progress: nodes=48,530,000,000 tested=2 found=0 n=359850734892870321983025 elapsed=2861s
progress: nodes=48,540,000,000 tested=2 found=0 n=368171126340544981536225 elapsed=2861s
progress: nodes=48,550,000,000 tested=2 found=0 n=300586601228635464825225 elapsed=2862s
progress: nodes=48,560,000,000 tested=2 found=0 n=221055624257467256711025 elapsed=2862s
progress: nodes=48,570,000,000 tested=2 found=0 n=758131730555585028453525 elapsed=2863s
progress: nodes=48,580,000,000 tested=2 found=0 n=165602681333333001904575 elapsed=2863s
progress: nodes=48,590,000,000 tested=2 found=0 n=254148669957903379026225 elapsed=2864s
progress: nodes=48,600,000,000 tested=2 found=0 n=56284194035695983603675 elapsed=2864s
progress: nodes=48,610,000,000 tested=2 found=0 n=49088965379443464542925 elapsed=2865s
progress: nodes=48,620,000,000 tested=2 found=0 n=9562155039616437268725 elapsed=2865s
progress: nodes=48,630,000,000 tested=2 found=0 n=4362240310799786018175 elapsed=2866s
progress: nodes=48,640,000,000 tested=2 found=0 n=31228750544322296962425 elapsed=2866s
progress: nodes=48,650,000,000 tested=2 found=0 n=6040790154422264358975 elapsed=2867s
progress: nodes=48,660,000,000 tested=2 found=0 n=110842931071269238337925 elapsed=2867s
progress: nodes=48,670,000,000 tested=2 found=0 n=899539030836829431680775 elapsed=2868s
progress: nodes=48,680,000,000 tested=2 found=0 n=643682539186721091475275 elapsed=2868s
progress: nodes=48,690,000,000 tested=2 found=0 n=936832476765084543275775 elapsed=2869s
progress: nodes=48,700,000,000 tested=2 found=0 n=537824203044639523723425 elapsed=2869s
progress: nodes=48,710,000,000 tested=2 found=0 n=674991274913312811672075 elapsed=2869s
progress: nodes=48,720,000,000 tested=2 found=0 n=778708472027895995232075 elapsed=2870s
progress: nodes=48,730,000,000 tested=2 found=0 n=209246109041581293513975 elapsed=2870s
progress: nodes=48,740,000,000 tested=2 found=0 n=408014956244005013592975 elapsed=2871s
progress: nodes=48,750,000,000 tested=2 found=0 n=57979919343412804334025 elapsed=2871s
progress: nodes=48,760,000,000 tested=2 found=0 n=554955529297053709871475 elapsed=2872s
progress: nodes=48,770,000,000 tested=2 found=0 n=281630083014670988415675 elapsed=2872s
progress: nodes=48,780,000,000 tested=2 found=0 n=766856660929703042909925 elapsed=2873s
progress: nodes=48,790,000,000 tested=2 found=0 n=417072106652195761949325 elapsed=2873s
progress: nodes=48,800,000,000 tested=2 found=0 n=700757420437039912957725 elapsed=2874s
progress: nodes=48,810,000,000 tested=2 found=0 n=125990826684389093008725 elapsed=2874s
progress: nodes=48,820,000,000 tested=2 found=0 n=788706405780392871603975 elapsed=2875s
progress: nodes=48,830,000,000 tested=2 found=0 n=8654527063791442537275 elapsed=2875s
progress: nodes=48,840,000,000 tested=2 found=0 n=8264132168569985640075 elapsed=2876s
progress: nodes=48,850,000,000 tested=2 found=0 n=100660405003415038213575 elapsed=2876s
progress: nodes=48,860,000,000 tested=2 found=0 n=3195470476612583909025 elapsed=2877s
progress: nodes=48,870,000,000 tested=2 found=0 n=192890381776544244088725 elapsed=2877s
progress: nodes=48,880,000,000 tested=2 found=0 n=330692817062152341085575 elapsed=2878s
progress: nodes=48,890,000,000 tested=2 found=0 n=823650776668566596295975 elapsed=2878s
progress: nodes=48,900,000,000 tested=2 found=0 n=194722888218213748396575 elapsed=2879s
progress: nodes=48,910,000,000 tested=2 found=0 n=115049372178677271953475 elapsed=2879s
progress: nodes=48,920,000,000 tested=2 found=0 n=276404746760766875533425 elapsed=2880s
progress: nodes=48,930,000,000 tested=2 found=0 n=273558608208477516563925 elapsed=2880s
progress: nodes=48,940,000,000 tested=2 found=0 n=62858147559694610012175 elapsed=2881s
progress: nodes=48,950,000,000 tested=2 found=0 n=193438851336123392259975 elapsed=2881s
progress: nodes=48,960,000,000 tested=2 found=0 n=36761809352064881466525 elapsed=2882s
progress: nodes=48,970,000,000 tested=2 found=0 n=25651915888688079458325 elapsed=2882s
progress: nodes=48,980,000,000 tested=2 found=0 n=22510415066146207832775 elapsed=2883s
progress: nodes=48,990,000,000 tested=2 found=0 n=8552668422614486666925 elapsed=2883s
progress: nodes=49,000,000,000 tested=2 found=0 n=66060222298676738643225 elapsed=2884s
progress: nodes=49,010,000,000 tested=2 found=0 n=14328406816435159187025 elapsed=2884s
progress: nodes=49,020,000,000 tested=2 found=0 n=10049062670614400250675 elapsed=2885s
progress: nodes=49,030,000,000 tested=2 found=0 n=976445040459629532824175 elapsed=2885s
progress: nodes=49,040,000,000 tested=2 found=0 n=506931357460565357881275 elapsed=2886s
progress: nodes=49,050,000,000 tested=2 found=0 n=559292680151267521569825 elapsed=2886s
progress: nodes=49,060,000,000 tested=2 found=0 n=403878594427001478824325 elapsed=2887s
progress: nodes=49,070,000,000 tested=2 found=0 n=239459845491596286746475 elapsed=2887s
progress: nodes=49,080,000,000 tested=2 found=0 n=92740194241766412744975 elapsed=2888s
progress: nodes=49,090,000,000 tested=2 found=0 n=208218446408828373600225 elapsed=2888s
progress: nodes=49,100,000,000 tested=2 found=0 n=95903848685134462476075 elapsed=2889s
progress: nodes=49,110,000,000 tested=2 found=0 n=109583460778505813481525 elapsed=2889s
progress: nodes=49,120,000,000 tested=2 found=0 n=71206524423319958040225 elapsed=2890s
progress: nodes=49,130,000,000 tested=2 found=0 n=36259078290905962388325 elapsed=2890s
progress: nodes=49,140,000,000 tested=2 found=0 n=134625804270924032877525 elapsed=2891s
progress: nodes=49,150,000,000 tested=2 found=0 n=386574446820186736264725 elapsed=2891s
progress: nodes=49,160,000,000 tested=2 found=0 n=3857831325745139381925 elapsed=2892s
progress: nodes=49,170,000,000 tested=2 found=0 n=522556499376392627535675 elapsed=2892s
progress: nodes=49,180,000,000 tested=2 found=0 n=121153342201427385917925 elapsed=2893s
progress: nodes=49,190,000,000 tested=2 found=0 n=510161406395713050982575 elapsed=2893s
progress: nodes=49,200,000,000 tested=2 found=0 n=243111123973892328393525 elapsed=2894s
progress: nodes=49,210,000,000 tested=2 found=0 n=402610913176252282047975 elapsed=2894s
progress: nodes=49,220,000,000 tested=2 found=0 n=631678098541438695028425 elapsed=2895s
progress: nodes=49,230,000,000 tested=2 found=0 n=742771331782571355403425 elapsed=2895s
progress: nodes=49,240,000,000 tested=2 found=0 n=423023869509703798618425 elapsed=2896s
progress: nodes=49,250,000,000 tested=2 found=0 n=431629002048484322071275 elapsed=2896s
progress: nodes=49,260,000,000 tested=2 found=0 n=273066380651914041331425 elapsed=2897s
progress: nodes=49,270,000,000 tested=2 found=0 n=254991482573697069818475 elapsed=2897s
progress: nodes=49,280,000,000 tested=2 found=0 n=46242597972319385733525 elapsed=2898s
progress: nodes=49,290,000,000 tested=2 found=0 n=69384504225551900417175 elapsed=2898s
progress: nodes=49,300,000,000 tested=2 found=0 n=39500533906269604171575 elapsed=2899s
progress: nodes=49,310,000,000 tested=2 found=0 n=173186887716836769086025 elapsed=2899s
progress: nodes=49,320,000,000 tested=2 found=0 n=13100579721040571663475 elapsed=2900s
progress: nodes=49,330,000,000 tested=2 found=0 n=51113186399955384372525 elapsed=2900s
progress: nodes=49,340,000,000 tested=2 found=0 n=17243439274721400537225 elapsed=2901s
progress: nodes=49,350,000,000 tested=2 found=0 n=4656658941718874408175 elapsed=2901s
progress: nodes=49,360,000,000 tested=2 found=0 n=539417013035791974379725 elapsed=2902s
progress: nodes=49,370,000,000 tested=2 found=0 n=729601261233869681975175 elapsed=2902s
progress: nodes=49,380,000,000 tested=2 found=0 n=903227250091266672225225 elapsed=2903s
progress: nodes=49,390,000,000 tested=2 found=0 n=379198194195303066365925 elapsed=2903s
progress: nodes=49,400,000,000 tested=2 found=0 n=308497441636348323891675 elapsed=2903s
progress: nodes=49,410,000,000 tested=2 found=0 n=383148275422609863877425 elapsed=2904s
progress: nodes=49,420,000,000 tested=2 found=0 n=711654819803798053722825 elapsed=2904s
progress: nodes=49,430,000,000 tested=2 found=0 n=94408439564393761317225 elapsed=2905s
progress: nodes=49,440,000,000 tested=2 found=0 n=592718942778825803236725 elapsed=2905s
progress: nodes=49,450,000,000 tested=2 found=0 n=61026451311055031040525 elapsed=2906s
progress: nodes=49,460,000,000 tested=2 found=0 n=310486053122698236615975 elapsed=2906s
progress: nodes=49,470,000,000 tested=2 found=0 n=172526944703461882280175 elapsed=2907s
progress: nodes=49,480,000,000 tested=2 found=0 n=24146405263715094563775 elapsed=2907s
progress: nodes=49,490,000,000 tested=2 found=0 n=126493608915904528444575 elapsed=2908s
progress: nodes=49,500,000,000 tested=2 found=0 n=825832130712525709912425 elapsed=2908s
progress: nodes=49,510,000,000 tested=2 found=0 n=175776441785150023185225 elapsed=2909s
progress: nodes=49,520,000,000 tested=2 found=0 n=2464010018832420962475 elapsed=2909s
progress: nodes=49,530,000,000 tested=2 found=0 n=659710589277771165537975 elapsed=2910s
progress: nodes=49,540,000,000 tested=2 found=0 n=854498022368351994622275 elapsed=2911s
progress: nodes=49,550,000,000 tested=2 found=0 n=898546123494401672143425 elapsed=2911s
progress: nodes=49,560,000,000 tested=2 found=0 n=199417038501787791323925 elapsed=2911s
progress: nodes=49,570,000,000 tested=2 found=0 n=165243880029195276448425 elapsed=2912s
progress: nodes=49,580,000,000 tested=2 found=0 n=147861935791170752333325 elapsed=2912s
progress: nodes=49,590,000,000 tested=2 found=0 n=132508187247141924386025 elapsed=2913s
progress: nodes=49,600,000,000 tested=2 found=0 n=72820279480701921071475 elapsed=2913s
progress: nodes=49,610,000,000 tested=2 found=0 n=52884223636896478322925 elapsed=2914s
progress: nodes=49,620,000,000 tested=2 found=0 n=410801712554805657989475 elapsed=2914s
progress: nodes=49,630,000,000 tested=2 found=0 n=12270451852530068243475 elapsed=2915s
progress: nodes=49,640,000,000 tested=2 found=0 n=9367974982060404127275 elapsed=2915s
progress: nodes=49,650,000,000 tested=2 found=0 n=3165729657647685188775 elapsed=2916s
progress: nodes=49,660,000,000 tested=2 found=0 n=27105922296255960203475 elapsed=2916s
progress: nodes=49,670,000,000 tested=2 found=0 n=119811970422718212499575 elapsed=2917s
progress: nodes=49,680,000,000 tested=2 found=0 n=434317379623361250577275 elapsed=2917s
progress: nodes=49,690,000,000 tested=2 found=0 n=948555072110907923880075 elapsed=2918s
progress: nodes=49,700,000,000 tested=2 found=0 n=158447508442373028675225 elapsed=2918s
progress: nodes=49,710,000,000 tested=2 found=0 n=356932472643425231649525 elapsed=2919s
progress: nodes=49,720,000,000 tested=2 found=0 n=246875710663588007569425 elapsed=2919s
progress: nodes=49,730,000,000 tested=2 found=0 n=137123761427034135500175 elapsed=2920s
progress: nodes=49,740,000,000 tested=2 found=0 n=41277571521276040096575 elapsed=2920s
progress: nodes=49,750,000,000 tested=2 found=0 n=214417674054426256696425 elapsed=2921s
progress: nodes=49,760,000,000 tested=2 found=0 n=725869365444921807262725 elapsed=2922s
progress: nodes=49,770,000,000 tested=2 found=0 n=8443244447466999252225 elapsed=2922s
progress: nodes=49,780,000,000 tested=2 found=0 n=14344642330022258858175 elapsed=2923s
progress: nodes=49,790,000,000 tested=2 found=0 n=4419171303407929679325 elapsed=2923s
progress: nodes=49,800,000,000 tested=2 found=0 n=1876026922153938099975 elapsed=2924s
progress: nodes=49,810,000,000 tested=2 found=0 n=15564103141150850897325 elapsed=2924s
progress: nodes=49,820,000,000 tested=2 found=0 n=104742763241544689193075 elapsed=2925s
progress: nodes=49,830,000,000 tested=2 found=0 n=287457403425065240613675 elapsed=2925s
progress: nodes=49,840,000,000 tested=2 found=0 n=299354679047689714910175 elapsed=2926s
progress: nodes=49,850,000,000 tested=2 found=0 n=74272764205886811311175 elapsed=2926s
progress: nodes=49,860,000,000 tested=2 found=0 n=361278324425648974054425 elapsed=2927s
progress: nodes=49,870,000,000 tested=2 found=0 n=253093086498584115079725 elapsed=2927s
progress: nodes=49,880,000,000 tested=2 found=0 n=29790516286972099776975 elapsed=2928s
progress: nodes=49,890,000,000 tested=2 found=0 n=11083374886567170791175 elapsed=2928s
progress: nodes=49,900,000,000 tested=2 found=0 n=720213098253493641879225 elapsed=2929s
progress: nodes=49,910,000,000 tested=2 found=0 n=96329967246321566911725 elapsed=2929s
progress: nodes=49,920,000,000 tested=2 found=0 n=489087633240091194963225 elapsed=2930s
progress: nodes=49,930,000,000 tested=2 found=0 n=2284087529259214718325 elapsed=2930s
progress: nodes=49,940,000,000 tested=2 found=0 n=477738048888974232870225 elapsed=2931s
progress: nodes=49,950,000,000 tested=2 found=0 n=933697818368246421557925 elapsed=2931s
progress: nodes=49,960,000,000 tested=2 found=0 n=238214920855414526605725 elapsed=2932s
progress: nodes=49,970,000,000 tested=2 found=0 n=886492256648303086149225 elapsed=2932s
progress: nodes=49,980,000,000 tested=2 found=0 n=149767496595733393194675 elapsed=2932s
progress: nodes=49,990,000,000 tested=2 found=0 n=133783002304972700040075 elapsed=2933s
progress: nodes=50,000,000,000 tested=2 found=0 n=106562804321173304772525 elapsed=2933s
progress: nodes=50,010,000,000 tested=2 found=0 n=25256673183878060785575 elapsed=2934s
progress: nodes=50,020,000,000 tested=2 found=0 n=50226884852104644330075 elapsed=2934s
progress: nodes=50,030,000,000 tested=2 found=0 n=15487333296749326508925 elapsed=2935s
progress: nodes=50,040,000,000 tested=2 found=0 n=95200999468548580796475 elapsed=2935s
progress: nodes=50,050,000,000 tested=2 found=0 n=5681811400141555675425 elapsed=2936s
progress: nodes=50,060,000,000 tested=2 found=0 n=957691276129045285724325 elapsed=2936s
progress: nodes=50,070,000,000 tested=2 found=0 n=644091838002272809996275 elapsed=2937s
progress: nodes=50,080,000,000 tested=2 found=0 n=367382751203797269379725 elapsed=2937s
progress: nodes=50,090,000,000 tested=2 found=0 n=660791655503615919072075 elapsed=2938s
progress: nodes=50,100,000,000 tested=2 found=0 n=305203193450739628912725 elapsed=2938s
progress: nodes=50,110,000,000 tested=2 found=0 n=281267956058057088237975 elapsed=2939s
progress: nodes=50,120,000,000 tested=2 found=0 n=8181765209818411357575 elapsed=2939s
progress: nodes=50,130,000,000 tested=2 found=0 n=24496699523013336107775 elapsed=2940s
progress: nodes=50,140,000,000 tested=2 found=0 n=68037815254474473654675 elapsed=2940s
progress: nodes=50,150,000,000 tested=2 found=0 n=4898755769471400225675 elapsed=2941s
progress: nodes=50,160,000,000 tested=2 found=0 n=780982098911141174436675 elapsed=2941s
progress: nodes=50,170,000,000 tested=2 found=0 n=3460448306515632978975 elapsed=2942s
progress: nodes=50,180,000,000 tested=2 found=0 n=982867407157186868127525 elapsed=2942s
progress: nodes=50,190,000,000 tested=2 found=0 n=398576694633138857517825 elapsed=2943s
progress: nodes=50,200,000,000 tested=2 found=0 n=487865072716498385969775 elapsed=2943s
progress: nodes=50,210,000,000 tested=2 found=0 n=339932216638016687717175 elapsed=2944s
progress: nodes=50,220,000,000 tested=2 found=0 n=72892497143270867751975 elapsed=2944s
progress: nodes=50,230,000,000 tested=2 found=0 n=511407295425745032460575 elapsed=2945s
progress: nodes=50,240,000,000 tested=2 found=0 n=9594428715872630240325 elapsed=2945s
progress: nodes=50,250,000,000 tested=2 found=0 n=16120032382832873877525 elapsed=2946s
progress: nodes=50,260,000,000 tested=2 found=0 n=829903415050802540651775 elapsed=2946s
progress: nodes=50,270,000,000 tested=2 found=0 n=449748763773715670625075 elapsed=2947s
progress: nodes=50,280,000,000 tested=2 found=0 n=1275290449599911004975 elapsed=2947s
progress: nodes=50,290,000,000 tested=2 found=0 n=995284880334013998825525 elapsed=2948s
progress: nodes=50,300,000,000 tested=2 found=0 n=633633752262783049281075 elapsed=2948s
progress: nodes=50,310,000,000 tested=2 found=0 n=84795076267697849507025 elapsed=2949s
progress: nodes=50,320,000,000 tested=2 found=0 n=774824533973808902544675 elapsed=2949s
progress: nodes=50,330,000,000 tested=2 found=0 n=123488389252918826532825 elapsed=2950s
progress: nodes=50,340,000,000 tested=2 found=0 n=63489892911664735970025 elapsed=2950s
progress: nodes=50,350,000,000 tested=2 found=0 n=9398352556155628998075 elapsed=2951s
progress: nodes=50,360,000,000 tested=2 found=0 n=13095745089678025492575 elapsed=2951s
progress: nodes=50,370,000,000 tested=2 found=0 n=5481155489930994877575 elapsed=2952s
progress: nodes=50,380,000,000 tested=2 found=0 n=42601240041710955858825 elapsed=2952s
progress: nodes=50,390,000,000 tested=2 found=0 n=104572118362455933092475 elapsed=2953s
progress: nodes=50,400,000,000 tested=2 found=0 n=886884839228568687367575 elapsed=2953s
progress: nodes=50,410,000,000 tested=2 found=0 n=873956361190715162099025 elapsed=2954s
progress: nodes=50,420,000,000 tested=2 found=0 n=536218641858876129549825 elapsed=2954s
progress: nodes=50,430,000,000 tested=2 found=0 n=338402044385288887564275 elapsed=2955s
progress: nodes=50,440,000,000 tested=2 found=0 n=66258608258787807173025 elapsed=2955s
progress: nodes=50,450,000,000 tested=2 found=0 n=288585564555980346722925 elapsed=2956s
progress: nodes=50,460,000,000 tested=2 found=0 n=43033982498282082868275 elapsed=2956s
progress: nodes=50,470,000,000 tested=2 found=0 n=463008334599228567445725 elapsed=2957s
progress: nodes=50,480,000,000 tested=2 found=0 n=4868141158666692867675 elapsed=2957s
progress: nodes=50,490,000,000 tested=2 found=0 n=403184779415452922326725 elapsed=2958s
progress: nodes=50,500,000,000 tested=2 found=0 n=6523058231733540107325 elapsed=2958s
progress: nodes=50,510,000,000 tested=2 found=0 n=3547463222491782240075 elapsed=2959s
progress: nodes=50,520,000,000 tested=2 found=0 n=679382662716011490597075 elapsed=2959s
progress: nodes=50,530,000,000 tested=2 found=0 n=557608100971923681976725 elapsed=2960s
progress: nodes=50,540,000,000 tested=2 found=0 n=791339180361939345182475 elapsed=2960s
progress: nodes=50,550,000,000 tested=2 found=0 n=144969095541247741946325 elapsed=2961s
progress: nodes=50,560,000,000 tested=2 found=0 n=172210108714638178995525 elapsed=2961s
progress: nodes=50,570,000,000 tested=2 found=0 n=58399656673481042451675 elapsed=2962s
progress: nodes=50,580,000,000 tested=2 found=0 n=155384213458849825196175 elapsed=2962s
progress: nodes=50,590,000,000 tested=2 found=0 n=23965976770477714862175 elapsed=2963s
progress: nodes=50,600,000,000 tested=2 found=0 n=3953383638844620198075 elapsed=2963s
progress: nodes=50,610,000,000 tested=2 found=0 n=26364378020519795652825 elapsed=2964s
progress: nodes=50,620,000,000 tested=2 found=0 n=7275815261794260463425 elapsed=2964s
progress: nodes=50,630,000,000 tested=2 found=0 n=108928464400596244307475 elapsed=2965s
progress: nodes=50,640,000,000 tested=2 found=0 n=168229483326173052294225 elapsed=2965s
progress: nodes=50,650,000,000 tested=2 found=0 n=141828838565503607135475 elapsed=2966s
progress: nodes=50,660,000,000 tested=2 found=0 n=279111634880104450634925 elapsed=2966s
progress: nodes=50,670,000,000 tested=2 found=0 n=74379649930173870421425 elapsed=2967s
progress: nodes=50,680,000,000 tested=2 found=0 n=8511249245849910963975 elapsed=2967s
progress: nodes=50,690,000,000 tested=2 found=0 n=31945133281168225800825 elapsed=2968s
progress: nodes=50,700,000,000 tested=2 found=0 n=699432186465927175629225 elapsed=2968s
progress: nodes=50,710,000,000 tested=2 found=0 n=37975311471507048885675 elapsed=2969s
progress: nodes=50,720,000,000 tested=2 found=0 n=19442728444357347139725 elapsed=2969s
progress: nodes=50,730,000,000 tested=2 found=0 n=11986955141366276954025 elapsed=2970s
progress: nodes=50,740,000,000 tested=2 found=0 n=41987666806387670178525 elapsed=2970s
progress: nodes=50,750,000,000 tested=2 found=0 n=19195821891484778686575 elapsed=2971s
progress: nodes=50,760,000,000 tested=2 found=0 n=304170905291505879487575 elapsed=2971s
progress: nodes=50,770,000,000 tested=2 found=0 n=28881293745273669403275 elapsed=2972s
progress: nodes=50,780,000,000 tested=2 found=0 n=45273565770749452175325 elapsed=2972s
progress: nodes=50,790,000,000 tested=2 found=0 n=18261965826264138896775 elapsed=2973s
progress: nodes=50,800,000,000 tested=2 found=0 n=2162200212563390603175 elapsed=2973s
progress: nodes=50,810,000,000 tested=2 found=0 n=884461561216457339254425 elapsed=2974s
progress: nodes=50,820,000,000 tested=2 found=0 n=330863725500534570083025 elapsed=2974s
progress: nodes=50,830,000,000 tested=2 found=0 n=1002232338231140112525 elapsed=2975s
progress: nodes=50,840,000,000 tested=2 found=0 n=345617366030316583299525 elapsed=2975s
progress: nodes=50,850,000,000 tested=2 found=0 n=422624054133640155225 elapsed=2976s
progress: nodes=50,860,000,000 tested=2 found=0 n=40347025587199286144475 elapsed=2976s
progress: nodes=50,870,000,000 tested=2 found=0 n=72636687159981535959225 elapsed=2977s
progress: nodes=50,880,000,000 tested=2 found=0 n=836971635110747468475 elapsed=2977s
progress: nodes=50,890,000,000 tested=2 found=0 n=16299368297160560458275 elapsed=2978s
progress: nodes=50,900,000,000 tested=2 found=0 n=4571898950960269789575 elapsed=2978s
progress: nodes=50,910,000,000 tested=2 found=0 n=779142409856389147708425 elapsed=2979s
progress: nodes=50,920,000,000 tested=2 found=0 n=717906765463033085736225 elapsed=2979s
progress: nodes=50,930,000,000 tested=2 found=0 n=6719680290801768929925 elapsed=2980s
progress: nodes=50,940,000,000 tested=2 found=0 n=971758429290203701575 elapsed=2981s
progress: nodes=50,950,000,000 tested=2 found=0 n=983092923243666623034075 elapsed=2981s
progress: nodes=50,960,000,000 tested=2 found=0 n=1728598681789576214475 elapsed=2982s
progress: nodes=50,970,000,000 tested=2 found=0 n=301047269674606513011525 elapsed=2982s
progress: nodes=50,980,000,000 tested=2 found=0 n=100688048791092418688175 elapsed=2983s
progress: nodes=50,990,000,000 tested=2 found=0 n=6651616256245979958225 elapsed=2983s
progress: nodes=51,000,000,000 tested=2 found=0 n=718797877625459288696325 elapsed=2984s
progress: nodes=51,010,000,000 tested=2 found=0 n=14711090925816388356825 elapsed=2984s
progress: nodes=51,020,000,000 tested=2 found=0 n=737094240545399969264175 elapsed=2985s
progress: nodes=51,030,000,000 tested=2 found=0 n=3560219017085058932175 elapsed=2986s
progress: nodes=51,040,000,000 tested=2 found=0 n=2164133295603810777675 elapsed=2986s
progress: nodes=51,050,000,000 tested=2 found=0 n=62198539992096276815475 elapsed=2987s
progress: nodes=51,060,000,000 tested=2 found=0 n=689084877121145489566725 elapsed=2987s
progress: nodes=51,070,000,000 tested=2 found=0 n=26060988980473783596975 elapsed=2988s
progress: nodes=51,080,000,000 tested=2 found=0 n=88147535203976422520775 elapsed=2988s
progress: nodes=51,090,000,000 tested=2 found=0 n=21763969158282871559325 elapsed=2989s
progress: nodes=51,100,000,000 tested=2 found=0 n=2712082873111358807775 elapsed=2989s
progress: nodes=51,110,000,000 tested=2 found=0 n=4314360534754503722775 elapsed=2990s
progress: nodes=51,120,000,000 tested=2 found=0 n=3350332908660973445925 elapsed=2991s
progress: nodes=51,130,000,000 tested=2 found=0 n=7241229082799073465675 elapsed=2991s
progress: nodes=51,140,000,000 tested=2 found=0 n=868213543746293487181725 elapsed=2992s
progress: nodes=51,150,000,000 tested=2 found=0 n=4761521864637920886075 elapsed=2992s
progress: nodes=51,160,000,000 tested=2 found=0 n=894481699947918225 elapsed=2993s
progress: nodes=51,170,000,000 tested=2 found=0 n=612818126315689169507775 elapsed=2993s
progress: nodes=51,180,000,000 tested=2 found=0 n=581480656642784537249325 elapsed=2994s
progress: nodes=51,190,000,000 tested=2 found=0 n=16204475995130601031425 elapsed=2995s
progress: nodes=51,200,000,000 tested=2 found=0 n=710958820900066353153825 elapsed=2995s
progress: nodes=51,210,000,000 tested=2 found=0 n=9353969751547745191725 elapsed=2996s
progress: nodes=51,220,000,000 tested=2 found=0 n=497931903047124829172175 elapsed=2996s
progress: nodes=51,230,000,000 tested=2 found=0 n=967216858015534722056175 elapsed=2997s
progress: nodes=51,240,000,000 tested=2 found=0 n=667360922190153291554025 elapsed=2997s
progress: nodes=51,250,000,000 tested=2 found=0 n=935840553713628462567525 elapsed=2998s
progress: nodes=51,260,000,000 tested=2 found=0 n=544072986445187834767275 elapsed=2999s
progress: nodes=51,270,000,000 tested=2 found=0 n=247455160674530863422225 elapsed=2999s
progress: nodes=51,280,000,000 tested=2 found=0 n=1007528897777157959775 elapsed=3000s
progress: nodes=51,290,000,000 tested=2 found=0 n=16929703010660062118925 elapsed=3000s
progress: nodes=51,300,000,000 tested=2 found=0 n=1919556699486536993025 elapsed=3001s
progress: nodes=51,310,000,000 tested=2 found=0 n=1196938833003496193325 elapsed=3002s
progress: nodes=51,320,000,000 tested=2 found=0 n=2254853287708105838325 elapsed=3002s
progress: nodes=51,330,000,000 tested=2 found=0 n=886714095117172211175 elapsed=3003s
progress: nodes=51,340,000,000 tested=2 found=0 n=810981967508017074509025 elapsed=3003s
progress: nodes=51,350,000,000 tested=2 found=0 n=86559789918950009343825 elapsed=3004s
progress: nodes=51,360,000,000 tested=2 found=0 n=18237579084914148777675 elapsed=3004s
progress: nodes=51,370,000,000 tested=2 found=0 n=14997174819342963400725 elapsed=3005s
progress: nodes=51,380,000,000 tested=2 found=0 n=129455733765463091726025 elapsed=3005s
progress: nodes=51,390,000,000 tested=2 found=0 n=6397479071709985770225 elapsed=3006s
progress: nodes=51,400,000,000 tested=2 found=0 n=895013282264801989575 elapsed=3007s
progress: nodes=51,410,000,000 tested=2 found=0 n=986182845618491408734275 elapsed=3007s
progress: nodes=51,420,000,000 tested=2 found=0 n=725833237386476054968275 elapsed=3008s
progress: nodes=51,430,000,000 tested=2 found=0 n=957416664290349262867725 elapsed=3009s
progress: nodes=51,440,000,000 tested=2 found=0 n=998504158257995144966925 elapsed=3009s
progress: nodes=51,450,000,000 tested=2 found=0 n=637979335973590059295275 elapsed=3010s
progress: nodes=51,460,000,000 tested=2 found=0 n=997639630904212491591825 elapsed=3011s
progress: nodes=51,470,000,000 tested=2 found=0 n=512399586644973628854825 elapsed=3012s
progress: nodes=51,480,000,000 tested=2 found=0 n=600066983236705785683025 elapsed=3013s
progress: nodes=51,490,000,000 tested=2 found=0 n=351218465089366350322275 elapsed=3014s
progress: nodes=51,500,000,000 tested=2 found=0 n=548425623639814577117175 elapsed=3015s
progress: nodes=51,510,000,000 tested=2 found=0 n=492818294700238024485825 elapsed=3016s
progress: nodes=51,520,000,000 tested=2 found=0 n=327698712816973885133175 elapsed=3017s
progress: nodes=51,530,000,000 tested=2 found=0 n=534780169659119591139075 elapsed=3018s
progress: nodes=51,540,000,000 tested=2 found=0 n=823086569143768629660675 elapsed=3018s
progress: nodes=51,550,000,000 tested=2 found=0 n=350313815844729839355825 elapsed=3019s
progress: nodes=51,560,000,000 tested=2 found=0 n=989686846980847899644475 elapsed=3020s
progress: nodes=51,570,000,000 tested=2 found=0 n=802815843447433894725075 elapsed=3021s
progress: nodes=51,580,000,000 tested=2 found=0 n=521362073121513743808975 elapsed=3022s
progress: nodes=51,590,000,000 tested=2 found=0 n=567577773088991964917475 elapsed=3023s
progress: nodes=51,600,000,000 tested=2 found=0 n=781449456945003064872225 elapsed=3024s
progress: nodes=51,610,000,000 tested=2 found=0 n=998925786069286869876225 elapsed=3024s
progress: nodes=51,620,000,000 tested=2 found=0 n=770266381314623146013775 elapsed=3025s
progress: nodes=51,630,000,000 tested=2 found=0 n=591512966850042232592025 elapsed=3026s
progress: nodes=51,640,000,000 tested=2 found=0 n=452716189031404444864575 elapsed=3027s
progress: nodes=51,650,000,000 tested=2 found=0 n=855938398109451346071525 elapsed=3028s
progress: nodes=51,660,000,000 tested=2 found=0 n=868668210217057033994925 elapsed=3029s
progress: nodes=51,670,000,000 tested=2 found=0 n=341231848384519767278175 elapsed=3030s
progress: nodes=51,680,000,000 tested=2 found=0 n=498887173641295161004425 elapsed=3031s
progress: nodes=51,690,000,000 tested=2 found=0 n=581024419738699946005425 elapsed=3031s
progress: nodes=51,700,000,000 tested=2 found=0 n=335855541413614962929475 elapsed=3032s
progress: nodes=51,710,000,000 tested=2 found=0 n=779188456258325287177575 elapsed=3033s
progress: nodes=51,720,000,000 tested=2 found=0 n=815748890550956025260025 elapsed=3034s
progress: nodes=51,730,000,000 tested=2 found=0 n=599628548710718324858775 elapsed=3035s
progress: nodes=51,740,000,000 tested=2 found=0 n=133124684352390703819275 elapsed=3036s
progress: nodes=51,750,000,000 tested=2 found=0 n=464346921829128033384975 elapsed=3037s
progress: nodes=51,760,000,000 tested=2 found=0 n=747147634919180377235925 elapsed=3037s
progress: nodes=51,770,000,000 tested=2 found=0 n=166206616082921415390675 elapsed=3038s
progress: nodes=51,780,000,000 tested=2 found=0 n=304315348508931767553975 elapsed=3039s
progress: nodes=51,790,000,000 tested=2 found=0 n=474141667521877171706175 elapsed=3040s
progress: nodes=51,800,000,000 tested=2 found=0 n=265894741585066661635425 elapsed=3041s
progress: nodes=51,810,000,000 tested=2 found=0 n=670397925235322157512925 elapsed=3042s
progress: nodes=51,820,000,000 tested=2 found=0 n=640462317816157796999325 elapsed=3043s
progress: nodes=51,830,000,000 tested=2 found=0 n=290405684182363674220725 elapsed=3044s
progress: nodes=51,840,000,000 tested=2 found=0 n=665708516996806463133525 elapsed=3045s
progress: nodes=51,850,000,000 tested=2 found=0 n=436029429565278518873475 elapsed=3046s
progress: nodes=51,860,000,000 tested=2 found=0 n=567436720607956667636025 elapsed=3046s
progress: nodes=51,870,000,000 tested=2 found=0 n=500032050007414904125575 elapsed=3047s
progress: nodes=51,880,000,000 tested=2 found=0 n=329299863867811233100275 elapsed=3048s
progress: nodes=51,890,000,000 tested=2 found=0 n=694378403978557514469825 elapsed=3049s
progress: nodes=51,900,000,000 tested=2 found=0 n=189579746189472717839475 elapsed=3050s
progress: nodes=51,910,000,000 tested=2 found=0 n=394458948651761188134225 elapsed=3051s
progress: nodes=51,920,000,000 tested=2 found=0 n=575130327298545173952225 elapsed=3052s
progress: nodes=51,930,000,000 tested=2 found=0 n=224009822648877281348475 elapsed=3053s
progress: nodes=51,940,000,000 tested=2 found=0 n=353612800833859201774425 elapsed=3054s
progress: nodes=51,950,000,000 tested=2 found=0 n=748743614649428235348225 elapsed=3054s
progress: nodes=51,960,000,000 tested=2 found=0 n=438945423257724151829775 elapsed=3055s
progress: nodes=51,970,000,000 tested=2 found=0 n=137970236182272649616175 elapsed=3056s
progress: nodes=51,980,000,000 tested=2 found=0 n=875174033742726329930175 elapsed=3057s
progress: nodes=51,990,000,000 tested=2 found=0 n=424943907843484864874325 elapsed=3058s
progress: nodes=52,000,000,000 tested=2 found=0 n=108807545699345527180575 elapsed=3059s
progress: nodes=52,010,000,000 tested=2 found=0 n=383348358237055853273775 elapsed=3060s
progress: nodes=52,020,000,000 tested=2 found=0 n=460843461267995541889725 elapsed=3061s
progress: nodes=52,030,000,000 tested=2 found=0 n=318233681724021454130025 elapsed=3062s
progress: nodes=52,040,000,000 tested=2 found=0 n=770718178288030726493025 elapsed=3062s
progress: nodes=52,050,000,000 tested=2 found=0 n=428531274632500964892825 elapsed=3063s
progress: nodes=52,060,000,000 tested=2 found=0 n=23182546526498406901425 elapsed=3064s
progress: nodes=52,070,000,000 tested=2 found=0 n=594256987669149495158325 elapsed=3065s
progress: nodes=52,080,000,000 tested=2 found=0 n=375127884093427352841525 elapsed=3066s
progress: nodes=52,090,000,000 tested=2 found=0 n=321981204205108444392825 elapsed=3067s
progress: nodes=52,100,000,000 tested=2 found=0 n=712513568253904908659025 elapsed=3068s
progress: nodes=52,110,000,000 tested=2 found=0 n=254205545354069933255775 elapsed=3069s
progress: nodes=52,120,000,000 tested=2 found=0 n=578928236452033299127725 elapsed=3069s
progress: nodes=52,130,000,000 tested=2 found=0 n=245767135109160005773575 elapsed=3070s
progress: nodes=52,140,000,000 tested=2 found=0 n=803500645054467540941475 elapsed=3071s
progress: nodes=52,150,000,000 tested=2 found=0 n=401248624442769111047325 elapsed=3072s
progress: nodes=52,160,000,000 tested=2 found=0 n=358579748953504826930325 elapsed=3073s
progress: nodes=52,170,000,000 tested=2 found=0 n=802025229478790296025475 elapsed=3074s
progress: nodes=52,180,000,000 tested=2 found=0 n=938724342933697775951925 elapsed=3075s
progress: nodes=52,190,000,000 tested=2 found=0 n=224014353006410847212475 elapsed=3076s
progress: nodes=52,200,000,000 tested=2 found=0 n=362813094312513276743025 elapsed=3077s
progress: nodes=52,210,000,000 tested=2 found=0 n=100408606266002102972475 elapsed=3078s
progress: nodes=52,220,000,000 tested=2 found=0 n=204724074939985530833475 elapsed=3078s
progress: nodes=52,230,000,000 tested=2 found=0 n=275369262204981737396175 elapsed=3079s
progress: nodes=52,240,000,000 tested=2 found=0 n=757000202636615540041725 elapsed=3080s
progress: nodes=52,250,000,000 tested=2 found=0 n=359071345735585755954825 elapsed=3081s
progress: nodes=52,260,000,000 tested=2 found=0 n=192733762405149707859975 elapsed=3082s
progress: nodes=52,270,000,000 tested=2 found=0 n=514045784627887864949025 elapsed=3083s
progress: nodes=52,280,000,000 tested=2 found=0 n=170130221594169557817525 elapsed=3084s
progress: nodes=52,290,000,000 tested=2 found=0 n=950319184902709251018675 elapsed=3085s
progress: nodes=52,300,000,000 tested=2 found=0 n=502761710007903170692725 elapsed=3086s
progress: nodes=52,310,000,000 tested=2 found=0 n=726546149966297342692725 elapsed=3086s
progress: nodes=52,320,000,000 tested=2 found=0 n=338512881896577037038675 elapsed=3088s
progress: nodes=52,330,000,000 tested=2 found=0 n=183274522864182155652675 elapsed=3088s
progress: nodes=52,340,000,000 tested=2 found=0 n=46816130027710146675 elapsed=3089s
progress: nodes=52,350,000,000 tested=2 found=0 n=242277699135098990102025 elapsed=3090s
progress: nodes=52,360,000,000 tested=2 found=0 n=328384106915694762750675 elapsed=3091s
progress: nodes=52,370,000,000 tested=2 found=0 n=52986211818905594239725 elapsed=3092s
progress: nodes=52,380,000,000 tested=2 found=0 n=681070194762420282072825 elapsed=3093s
progress: nodes=52,390,000,000 tested=2 found=0 n=155940855764836167307425 elapsed=3094s
progress: nodes=52,400,000,000 tested=2 found=0 n=377351573195555645147175 elapsed=3095s
progress: nodes=52,410,000,000 tested=2 found=0 n=171023983946145143803275 elapsed=3096s
progress: nodes=52,420,000,000 tested=2 found=0 n=654942756413722786055475 elapsed=3097s
progress: nodes=52,430,000,000 tested=2 found=0 n=678970724861623077322725 elapsed=3097s
progress: nodes=52,440,000,000 tested=2 found=0 n=449902369810287232656675 elapsed=3098s
progress: nodes=52,450,000,000 tested=2 found=0 n=189047050675536980687475 elapsed=3099s
progress: nodes=52,460,000,000 tested=2 found=0 n=213199266849696669431175 elapsed=3100s
progress: nodes=52,470,000,000 tested=2 found=0 n=525513287626259939838975 elapsed=3101s
progress: nodes=52,480,000,000 tested=2 found=0 n=585459635547962391934575 elapsed=3102s
progress: nodes=52,490,000,000 tested=2 found=0 n=270823951806541455003825 elapsed=3103s
progress: nodes=52,500,000,000 tested=2 found=0 n=142466562600209751607275 elapsed=3104s
progress: nodes=52,510,000,000 tested=2 found=0 n=147051063019823117437425 elapsed=3105s
progress: nodes=52,520,000,000 tested=2 found=0 n=232409954610705150482775 elapsed=3106s
progress: nodes=52,530,000,000 tested=2 found=0 n=168254256698910464864925 elapsed=3107s
progress: nodes=52,540,000,000 tested=2 found=0 n=281040730182058523916525 elapsed=3107s
progress: nodes=52,550,000,000 tested=2 found=0 n=379540265417319406911225 elapsed=3108s
progress: nodes=52,560,000,000 tested=2 found=0 n=67027880741408441143575 elapsed=3109s
progress: nodes=52,570,000,000 tested=2 found=0 n=137752640429950578350175 elapsed=3110s
progress: nodes=52,580,000,000 tested=2 found=0 n=298961236949898545011275 elapsed=3111s
progress: nodes=52,590,000,000 tested=2 found=0 n=203183920113478474523925 elapsed=3112s
progress: nodes=52,600,000,000 tested=2 found=0 n=91785581784467276566575 elapsed=3113s
progress: nodes=52,610,000,000 tested=2 found=0 n=197199608471695143610725 elapsed=3114s
progress: nodes=52,620,000,000 tested=2 found=0 n=54927611897933296160925 elapsed=3115s
progress: nodes=52,630,000,000 tested=2 found=0 n=106319421074135700792075 elapsed=3116s
progress: nodes=52,640,000,000 tested=2 found=0 n=358097954590678747613025 elapsed=3117s
progress: nodes=52,650,000,000 tested=2 found=0 n=107789298607659906097575 elapsed=3118s
progress: nodes=52,660,000,000 tested=2 found=0 n=162944941491318440014275 elapsed=3119s
progress: nodes=52,670,000,000 tested=2 found=0 n=132576821988616536284325 elapsed=3120s
progress: nodes=52,680,000,000 tested=2 found=0 n=87480220210421854326225 elapsed=3120s
progress: nodes=52,690,000,000 tested=2 found=0 n=48129784771406720564325 elapsed=3121s
progress: nodes=52,700,000,000 tested=2 found=0 n=120511149809895264666675 elapsed=3122s
progress: nodes=52,710,000,000 tested=2 found=0 n=299363012396661587270325 elapsed=3123s
progress: nodes=52,720,000,000 tested=2 found=0 n=15497277684718675656525 elapsed=3124s
progress: nodes=52,730,000,000 tested=2 found=0 n=373175252241738085843275 elapsed=3124s
progress: nodes=52,740,000,000 tested=2 found=0 n=151856735926960603721325 elapsed=3144s
progress: nodes=52,750,000,000 tested=2 found=0 n=192269560060798902825 elapsed=3177s
progress: nodes=52,760,000,000 tested=2 found=0 n=915239342467582174860675 elapsed=3178s
progress: nodes=52,770,000,000 tested=2 found=0 n=910532062970732709110175 elapsed=3179s
progress: nodes=52,780,000,000 tested=2 found=0 n=904766266312473975942675 elapsed=3180s
progress: nodes=52,790,000,000 tested=2 found=0 n=795702121225188955924575 elapsed=3181s
progress: nodes=52,800,000,000 tested=2 found=0 n=813715943594057879457225 elapsed=3182s
progress: nodes=52,810,000,000 tested=2 found=0 n=774897070345359668109975 elapsed=3183s
progress: nodes=52,820,000,000 tested=2 found=0 n=966258978640011691088025 elapsed=3184s
progress: nodes=52,830,000,000 tested=2 found=0 n=947398914110004065992425 elapsed=3184s
progress: nodes=52,840,000,000 tested=2 found=0 n=976765305060087691852275 elapsed=3185s
progress: nodes=52,850,000,000 tested=2 found=0 n=481879096437412788017475 elapsed=3186s
progress: nodes=52,860,000,000 tested=2 found=0 n=742609522490412929813175 elapsed=3187s
progress: nodes=52,870,000,000 tested=2 found=0 n=694850315522510570162025 elapsed=3188s
progress: nodes=52,880,000,000 tested=2 found=0 n=773121495235642870413525 elapsed=3189s
progress: nodes=52,890,000,000 tested=2 found=0 n=348974584413450833505525 elapsed=3190s
progress: nodes=52,900,000,000 tested=2 found=0 n=616074597759242548287075 elapsed=3191s
progress: nodes=52,910,000,000 tested=2 found=0 n=956155422640343384669925 elapsed=3192s
progress: nodes=52,920,000,000 tested=2 found=0 n=721994859333619346357025 elapsed=3193s
progress: nodes=52,930,000,000 tested=2 found=0 n=794971649830073138912775 elapsed=3194s
progress: nodes=52,940,000,000 tested=2 found=0 n=391201628866572673052475 elapsed=3195s
progress: nodes=52,950,000,000 tested=2 found=0 n=974629995037934612316225 elapsed=3195s
progress: nodes=52,960,000,000 tested=2 found=0 n=994181455451901104849175 elapsed=3196s
progress: nodes=52,970,000,000 tested=2 found=0 n=717975808442063063896575 elapsed=3197s
progress: nodes=52,980,000,000 tested=2 found=0 n=974268553096012362570525 elapsed=3198s
progress: nodes=52,990,000,000 tested=2 found=0 n=639187974059905713439425 elapsed=3199s
progress: nodes=53,000,000,000 tested=2 found=0 n=942813462304489396538775 elapsed=3200s
progress: nodes=53,010,000,000 tested=2 found=0 n=823102138193730908509425 elapsed=3201s
progress: nodes=53,020,000,000 tested=2 found=0 n=487924490843064484412775 elapsed=3202s
progress: nodes=53,030,000,000 tested=2 found=0 n=891378534290634023451675 elapsed=3203s
progress: nodes=53,040,000,000 tested=2 found=0 n=690912221199868558401225 elapsed=3204s
progress: nodes=53,050,000,000 tested=2 found=0 n=956729107285328577603975 elapsed=3205s
progress: nodes=53,060,000,000 tested=2 found=0 n=665665863969740373886575 elapsed=3205s
progress: nodes=53,070,000,000 tested=2 found=0 n=976780932006246047634525 elapsed=3206s
progress: nodes=53,080,000,000 tested=2 found=0 n=700530467424119896460325 elapsed=3207s
progress: nodes=53,090,000,000 tested=2 found=0 n=970657172214409868835075 elapsed=3208s
progress: nodes=53,100,000,000 tested=2 found=0 n=355652755332587924328975 elapsed=3209s
progress: nodes=53,110,000,000 tested=2 found=0 n=600111757699746396143325 elapsed=3210s
progress: nodes=53,120,000,000 tested=2 found=0 n=853695474722527146449025 elapsed=3211s
progress: nodes=53,130,000,000 tested=2 found=0 n=944369917342695727894725 elapsed=3212s
progress: nodes=53,140,000,000 tested=2 found=0 n=825680569895305391628075 elapsed=3213s
progress: nodes=53,150,000,000 tested=2 found=0 n=723051571380085860551925 elapsed=3214s
progress: nodes=53,160,000,000 tested=2 found=0 n=672358223717222276123175 elapsed=3215s
progress: nodes=53,170,000,000 tested=2 found=0 n=713892886626577623118725 elapsed=3215s
progress: nodes=53,180,000,000 tested=2 found=0 n=760155233764027932090975 elapsed=3216s
progress: nodes=53,190,000,000 tested=2 found=0 n=346417972154178658122675 elapsed=3217s
progress: nodes=53,200,000,000 tested=2 found=0 n=918322543096441480880025 elapsed=3218s
progress: nodes=53,210,000,000 tested=2 found=0 n=541692746678180654474775 elapsed=3219s
progress: nodes=53,220,000,000 tested=2 found=0 n=564670453431030480394575 elapsed=3220s
progress: nodes=53,230,000,000 tested=2 found=0 n=730565575813520074088175 elapsed=3221s
progress: nodes=53,240,000,000 tested=2 found=0 n=951479698571693981300325 elapsed=3222s
progress: nodes=53,250,000,000 tested=2 found=0 n=331580162423035131037575 elapsed=3223s
progress: nodes=53,260,000,000 tested=2 found=0 n=583873702377164574664575 elapsed=3224s
progress: nodes=53,270,000,000 tested=2 found=0 n=505133628515091849090675 elapsed=3225s
progress: nodes=53,280,000,000 tested=2 found=0 n=318958988953592615488575 elapsed=3226s
progress: nodes=53,290,000,000 tested=2 found=0 n=894460648581892745292225 elapsed=3227s
progress: nodes=53,300,000,000 tested=2 found=0 n=397166305107360680688225 elapsed=3227s
progress: nodes=53,310,000,000 tested=2 found=0 n=761388687152015152369425 elapsed=3228s
progress: nodes=53,320,000,000 tested=2 found=0 n=648341355157302275458275 elapsed=3229s
progress: nodes=53,330,000,000 tested=2 found=0 n=713218501463845519631775 elapsed=3230s
progress: nodes=53,340,000,000 tested=2 found=0 n=613469421479948676260475 elapsed=3231s
progress: nodes=53,350,000,000 tested=2 found=0 n=966841706789356213197525 elapsed=3232s
progress: nodes=53,360,000,000 tested=2 found=0 n=898618067439715995232575 elapsed=3233s
progress: nodes=53,370,000,000 tested=2 found=0 n=726428966257993997244675 elapsed=3234s
progress: nodes=53,380,000,000 tested=2 found=0 n=995127862288103216126025 elapsed=3235s
progress: nodes=53,390,000,000 tested=2 found=0 n=820552034550367383703725 elapsed=3236s
progress: nodes=53,400,000,000 tested=2 found=0 n=979634323532779675557225 elapsed=3237s
progress: nodes=53,410,000,000 tested=2 found=0 n=523309190165161816062075 elapsed=3237s
progress: nodes=53,420,000,000 tested=2 found=0 n=395997349945936519241175 elapsed=3238s
progress: nodes=53,430,000,000 tested=2 found=0 n=377340789396470276981175 elapsed=3239s
progress: nodes=53,440,000,000 tested=2 found=0 n=928997103890758925483175 elapsed=3240s
progress: nodes=53,450,000,000 tested=2 found=0 n=859485358429445855904225 elapsed=3241s
progress: nodes=53,460,000,000 tested=2 found=0 n=909274359804114400785975 elapsed=3242s
progress: nodes=53,470,000,000 tested=2 found=0 n=978226778605033356710025 elapsed=3243s
progress: nodes=53,480,000,000 tested=2 found=0 n=207606045718110744243825 elapsed=3244s
progress: nodes=53,490,000,000 tested=2 found=0 n=268387999137142344742425 elapsed=3245s
progress: nodes=53,500,000,000 tested=2 found=0 n=210578971606656086866575 elapsed=3246s
progress: nodes=53,510,000,000 tested=2 found=0 n=805583795181296041621425 elapsed=3247s
progress: nodes=53,520,000,000 tested=2 found=0 n=254499692584839775069425 elapsed=3247s
progress: nodes=53,530,000,000 tested=2 found=0 n=967789650129034775853525 elapsed=3248s
progress: nodes=53,540,000,000 tested=2 found=0 n=652195031330166909981825 elapsed=3249s
progress: nodes=53,550,000,000 tested=2 found=0 n=231091197813493289490075 elapsed=3250s
progress: nodes=53,560,000,000 tested=2 found=0 n=941949116955347392673925 elapsed=3251s
progress: nodes=53,570,000,000 tested=2 found=0 n=571937382090143967150825 elapsed=3252s
progress: nodes=53,580,000,000 tested=2 found=0 n=900493957270467399099975 elapsed=3253s
progress: nodes=53,590,000,000 tested=2 found=0 n=351968728919223132813525 elapsed=3254s
progress: nodes=53,600,000,000 tested=2 found=0 n=430472857486814462280675 elapsed=3255s
progress: nodes=53,610,000,000 tested=2 found=0 n=946458195228702245800425 elapsed=3256s
progress: nodes=53,620,000,000 tested=2 found=0 n=902328946461118743920925 elapsed=3257s
progress: nodes=53,630,000,000 tested=2 found=0 n=326618509351152004840425 elapsed=3258s
progress: nodes=53,640,000,000 tested=2 found=0 n=484453203244932991329975 elapsed=3259s
progress: nodes=53,650,000,000 tested=2 found=0 n=395806156624239446052825 elapsed=3259s
progress: nodes=53,660,000,000 tested=2 found=0 n=750254124176989025847825 elapsed=3261s
progress: nodes=53,670,000,000 tested=2 found=0 n=908217114235833445575675 elapsed=3261s
progress: nodes=53,680,000,000 tested=2 found=0 n=998492319966893578473075 elapsed=3262s
progress: nodes=53,690,000,000 tested=2 found=0 n=802115667839803212828075 elapsed=3263s
progress: nodes=53,700,000,000 tested=2 found=0 n=959144750175391450638825 elapsed=3264s
progress: nodes=53,710,000,000 tested=2 found=0 n=956196076298187407729475 elapsed=3265s
progress: nodes=53,720,000,000 tested=2 found=0 n=742987048190070766614675 elapsed=3266s
progress: nodes=53,730,000,000 tested=2 found=0 n=966311307969876829828725 elapsed=3267s
progress: nodes=53,740,000,000 tested=2 found=0 n=873875373286262504296425 elapsed=3268s
progress: nodes=53,750,000,000 tested=2 found=0 n=775030050214484660599575 elapsed=3269s
progress: nodes=53,760,000,000 tested=2 found=0 n=367487203412514883236825 elapsed=3270s
progress: nodes=53,770,000,000 tested=2 found=0 n=548938135178339141846325 elapsed=3271s
progress: nodes=53,780,000,000 tested=2 found=0 n=565490403106227545736075 elapsed=3272s
progress: nodes=53,790,000,000 tested=2 found=0 n=744039168552448407756975 elapsed=3273s
progress: nodes=53,800,000,000 tested=2 found=0 n=564879134099135580614175 elapsed=3274s
progress: nodes=53,810,000,000 tested=2 found=0 n=902596304180439369211425 elapsed=3275s
progress: nodes=53,820,000,000 tested=2 found=0 n=838578292145756331301275 elapsed=3275s
progress: nodes=53,830,000,000 tested=2 found=0 n=714685988088474730109925 elapsed=3276s
progress: nodes=53,840,000,000 tested=2 found=0 n=614927425929945797922825 elapsed=3277s
progress: nodes=53,850,000,000 tested=2 found=0 n=709690501120242396215175 elapsed=3278s
progress: nodes=53,860,000,000 tested=2 found=0 n=946856307981812689578975 elapsed=3279s
progress: nodes=53,870,000,000 tested=2 found=0 n=673614634534158093637575 elapsed=3280s
progress: nodes=53,880,000,000 tested=2 found=0 n=653878777517518952138025 elapsed=3281s
progress: nodes=53,890,000,000 tested=2 found=0 n=914784820864977373343175 elapsed=3282s
progress: nodes=53,900,000,000 tested=2 found=0 n=899185222352612396905275 elapsed=3283s
progress: nodes=53,910,000,000 tested=2 found=0 n=649840730580291477738225 elapsed=3284s
progress: nodes=53,920,000,000 tested=2 found=0 n=551377695292439610191025 elapsed=3285s
progress: nodes=53,930,000,000 tested=2 found=0 n=556596380821479364412475 elapsed=3286s
progress: nodes=53,940,000,000 tested=2 found=0 n=965576338503717932287725 elapsed=3287s
progress: nodes=53,950,000,000 tested=2 found=0 n=972646910076803365200225 elapsed=3288s
progress: nodes=53,960,000,000 tested=2 found=0 n=936661375972172561600175 elapsed=3289s
progress: nodes=53,970,000,000 tested=2 found=0 n=965386254774139107956475 elapsed=3289s
progress: nodes=53,980,000,000 tested=2 found=0 n=616445653627447813551525 elapsed=3290s
progress: nodes=53,990,000,000 tested=2 found=0 n=534172900780824517244175 elapsed=3291s
progress: nodes=54,000,000,000 tested=2 found=0 n=770282447455075432159425 elapsed=3292s
progress: nodes=54,010,000,000 tested=2 found=0 n=632758110547015723917075 elapsed=3293s
progress: nodes=54,020,000,000 tested=2 found=0 n=827086201565941277671425 elapsed=3294s
progress: nodes=54,030,000,000 tested=2 found=0 n=906719949934623966923925 elapsed=3295s
progress: nodes=54,040,000,000 tested=2 found=0 n=841678717134635585816325 elapsed=3296s
progress: nodes=54,050,000,000 tested=2 found=0 n=756567674211773043273225 elapsed=3297s
progress: nodes=54,060,000,000 tested=2 found=0 n=852688519921431740042925 elapsed=3298s
progress: nodes=54,070,000,000 tested=2 found=0 n=823096394254466753667675 elapsed=3299s
progress: nodes=54,080,000,000 tested=2 found=0 n=956245573959635937838575 elapsed=3300s
progress: nodes=54,090,000,000 tested=2 found=0 n=957328315908778848423675 elapsed=3301s
progress: nodes=54,100,000,000 tested=2 found=0 n=926645050870896159563475 elapsed=3301s
progress: nodes=54,110,000,000 tested=2 found=0 n=800097940830346316397525 elapsed=3302s
progress: nodes=54,120,000,000 tested=2 found=0 n=979332324008148862355175 elapsed=3303s
progress: nodes=54,130,000,000 tested=2 found=0 n=965679112415926341500925 elapsed=3304s
progress: nodes=54,140,000,000 tested=2 found=0 n=921956375307640842773175 elapsed=3305s
progress: nodes=54,150,000,000 tested=2 found=0 n=654104231780080373796075 elapsed=3306s
progress: nodes=54,160,000,000 tested=2 found=0 n=845069131444732450016475 elapsed=3306s
progress: nodes=54,170,000,000 tested=2 found=0 n=468778479485417514066225 elapsed=3307s
progress: nodes=54,180,000,000 tested=2 found=0 n=532945178706946666400025 elapsed=3308s
progress: nodes=54,190,000,000 tested=2 found=0 n=646393570537746084692925 elapsed=3309s
progress: nodes=54,200,000,000 tested=2 found=0 n=873119570631239583698475 elapsed=3309s
progress: nodes=54,210,000,000 tested=2 found=0 n=907396297552485154310325 elapsed=3310s
progress: nodes=54,220,000,000 tested=2 found=0 n=832078764674386490557725 elapsed=3311s
progress: nodes=54,230,000,000 tested=2 found=0 n=746384617948248749151825 elapsed=3311s
progress: nodes=54,240,000,000 tested=2 found=0 n=948466883777375509757925 elapsed=3312s
progress: nodes=54,250,000,000 tested=2 found=0 n=794092577539926989492025 elapsed=3313s
progress: nodes=54,260,000,000 tested=2 found=0 n=357465922635303478092525 elapsed=3313s
progress: nodes=54,270,000,000 tested=2 found=0 n=833761077749019463640025 elapsed=3314s
progress: nodes=54,280,000,000 tested=2 found=0 n=982996471715917680117525 elapsed=3315s
progress: nodes=54,290,000,000 tested=2 found=0 n=432764497558358207159775 elapsed=3315s
progress: nodes=54,300,000,000 tested=2 found=0 n=776632717787565737809425 elapsed=3316s
progress: nodes=54,310,000,000 tested=2 found=0 n=838259237644536637097025 elapsed=3317s
progress: nodes=54,320,000,000 tested=2 found=0 n=948289293655153669265475 elapsed=3317s
progress: nodes=54,330,000,000 tested=2 found=0 n=307363965333414938015925 elapsed=3318s
progress: nodes=54,340,000,000 tested=2 found=0 n=933302792631117042194775 elapsed=3319s
progress: nodes=54,350,000,000 tested=2 found=0 n=678519123317473169599725 elapsed=3319s
progress: nodes=54,360,000,000 tested=2 found=0 n=733361442488578277763675 elapsed=3320s
progress: nodes=54,370,000,000 tested=2 found=0 n=453589564227943180419525 elapsed=3321s
progress: nodes=54,380,000,000 tested=2 found=0 n=443575113530159078121225 elapsed=3321s
progress: nodes=54,390,000,000 tested=2 found=0 n=940467388997514078761775 elapsed=3322s
progress: nodes=54,400,000,000 tested=2 found=0 n=756255844641578967575175 elapsed=3323s
progress: nodes=54,410,000,000 tested=2 found=0 n=370477909744466422566525 elapsed=3323s
progress: nodes=54,420,000,000 tested=2 found=0 n=782266651555153729031925 elapsed=3324s
progress: nodes=54,430,000,000 tested=2 found=0 n=442973280141727440609075 elapsed=3325s
progress: nodes=54,440,000,000 tested=2 found=0 n=240337104001285683903225 elapsed=3325s
progress: nodes=54,450,000,000 tested=2 found=0 n=643365118287764863837275 elapsed=3326s
progress: nodes=54,460,000,000 tested=2 found=0 n=774606588601414535098275 elapsed=3327s
progress: nodes=54,470,000,000 tested=2 found=0 n=925516727533165734884775 elapsed=3327s
progress: nodes=54,480,000,000 tested=2 found=0 n=520352500432991222535825 elapsed=3328s
progress: nodes=54,490,000,000 tested=2 found=0 n=740929912081197841999425 elapsed=3329s
progress: nodes=54,500,000,000 tested=2 found=0 n=466952677255351234308075 elapsed=3329s
progress: nodes=54,510,000,000 tested=2 found=0 n=866066441844774170811525 elapsed=3330s
progress: nodes=54,520,000,000 tested=2 found=0 n=547293464316960137430225 elapsed=3331s
progress: nodes=54,530,000,000 tested=2 found=0 n=793530032771543254076175 elapsed=3331s
progress: nodes=54,540,000,000 tested=2 found=0 n=372969986976938786731725 elapsed=3332s
progress: nodes=54,550,000,000 tested=2 found=0 n=343590830576143931898975 elapsed=3333s
progress: nodes=54,560,000,000 tested=2 found=0 n=651775470279309508414425 elapsed=3333s
progress: nodes=54,570,000,000 tested=2 found=0 n=524756507064125720101575 elapsed=3334s
progress: nodes=54,580,000,000 tested=2 found=0 n=711906226105032344089275 elapsed=3334s
progress: nodes=54,590,000,000 tested=2 found=0 n=731429771654142719547675 elapsed=3335s
progress: nodes=54,600,000,000 tested=2 found=0 n=938438782074913629306225 elapsed=3336s
progress: nodes=54,610,000,000 tested=2 found=0 n=566137921341161613132975 elapsed=3336s
progress: nodes=54,620,000,000 tested=2 found=0 n=640065433664140128140925 elapsed=3337s
progress: nodes=54,630,000,000 tested=2 found=0 n=530003177816877130069275 elapsed=3338s
progress: nodes=54,640,000,000 tested=2 found=0 n=930928639381561175494425 elapsed=3338s
progress: nodes=54,650,000,000 tested=2 found=0 n=631798097483011151903925 elapsed=3339s
progress: nodes=54,660,000,000 tested=2 found=0 n=689801095952089177924725 elapsed=3340s
progress: nodes=54,670,000,000 tested=2 found=0 n=761433218022625993533975 elapsed=3340s
progress: nodes=54,680,000,000 tested=2 found=0 n=355013992730779164214575 elapsed=3341s
progress: nodes=54,690,000,000 tested=2 found=0 n=265795702073268170671725 elapsed=3342s
progress: nodes=54,700,000,000 tested=2 found=0 n=839224225729903660550475 elapsed=3342s
progress: nodes=54,710,000,000 tested=2 found=0 n=571697614112221521628275 elapsed=3343s
progress: nodes=54,720,000,000 tested=2 found=0 n=492989694409618041003225 elapsed=3343s
progress: nodes=54,730,000,000 tested=2 found=0 n=967145728124294600642475 elapsed=3344s
progress: nodes=54,740,000,000 tested=2 found=0 n=797033992947319364276325 elapsed=3345s
progress: nodes=54,750,000,000 tested=2 found=0 n=771857190718898248632525 elapsed=3345s
progress: nodes=54,760,000,000 tested=2 found=0 n=553585005137034466478025 elapsed=3346s
progress: nodes=54,770,000,000 tested=2 found=0 n=763019972563837445103075 elapsed=3346s
progress: nodes=54,780,000,000 tested=2 found=0 n=959412714269658686798475 elapsed=3347s
progress: nodes=54,790,000,000 tested=2 found=0 n=714368663872193879202225 elapsed=3348s
progress: nodes=54,800,000,000 tested=2 found=0 n=783763038159838827229425 elapsed=3348s
progress: nodes=54,810,000,000 tested=2 found=0 n=307013216578093466480325 elapsed=3349s
progress: nodes=54,820,000,000 tested=2 found=0 n=632466357190147856064975 elapsed=3350s
progress: nodes=54,830,000,000 tested=2 found=0 n=420057892835992054032675 elapsed=3350s
progress: nodes=54,840,000,000 tested=2 found=0 n=391467632132967015171975 elapsed=3351s
progress: nodes=54,850,000,000 tested=2 found=0 n=838103334202048678023975 elapsed=3351s
progress: nodes=54,860,000,000 tested=2 found=0 n=847859722948126571043075 elapsed=3352s
progress: nodes=54,870,000,000 tested=2 found=0 n=553096098737780007277725 elapsed=3353s
progress: nodes=54,880,000,000 tested=2 found=0 n=291726588578303181764175 elapsed=3353s
progress: nodes=54,890,000,000 tested=2 found=0 n=699265295559728627869425 elapsed=3354s
progress: nodes=54,900,000,000 tested=2 found=0 n=146326740038185841480775 elapsed=3354s
progress: nodes=54,910,000,000 tested=2 found=0 n=397984245820281169667475 elapsed=3355s
progress: nodes=54,920,000,000 tested=2 found=0 n=578277338843479508837175 elapsed=3356s
progress: nodes=54,930,000,000 tested=2 found=0 n=461602358333395836124425 elapsed=3356s
progress: nodes=54,940,000,000 tested=2 found=0 n=589986681716115529742325 elapsed=3357s
progress: nodes=54,950,000,000 tested=2 found=0 n=788991376186422723031575 elapsed=3357s
progress: nodes=54,960,000,000 tested=2 found=0 n=539542597927914667096725 elapsed=3358s
progress: nodes=54,970,000,000 tested=2 found=0 n=662873499592684825098225 elapsed=3359s
progress: nodes=54,980,000,000 tested=2 found=0 n=931197670127523894134325 elapsed=3359s
progress: nodes=54,990,000,000 tested=2 found=0 n=941671428003568144193025 elapsed=3360s
progress: nodes=55,000,000,000 tested=2 found=0 n=394317727703333102086275 elapsed=3360s
progress: nodes=55,010,000,000 tested=2 found=0 n=165617993623249627971225 elapsed=3361s
progress: nodes=55,020,000,000 tested=2 found=0 n=789557448550863193783725 elapsed=3362s
progress: nodes=55,030,000,000 tested=2 found=0 n=398016534711595694755575 elapsed=3362s
progress: nodes=55,040,000,000 tested=2 found=0 n=285396215379986715543825 elapsed=3363s
progress: nodes=55,050,000,000 tested=2 found=0 n=580791948302616333286575 elapsed=3363s
progress: nodes=55,060,000,000 tested=2 found=0 n=425908164613869009962175 elapsed=3364s
progress: nodes=55,070,000,000 tested=2 found=0 n=482017801987893929225325 elapsed=3364s
progress: nodes=55,080,000,000 tested=2 found=0 n=357312051060157915260825 elapsed=3365s
progress: nodes=55,090,000,000 tested=2 found=0 n=517053513783524557693425 elapsed=3366s
progress: nodes=55,100,000,000 tested=2 found=0 n=653165491642881874553325 elapsed=3366s
progress: nodes=55,110,000,000 tested=2 found=0 n=598739356409871966785925 elapsed=3367s
progress: nodes=55,120,000,000 tested=2 found=0 n=140211764148204108220575 elapsed=3367s
progress: nodes=55,130,000,000 tested=2 found=0 n=311870366061487808364075 elapsed=3368s
progress: nodes=55,140,000,000 tested=2 found=0 n=541577141039601625647975 elapsed=3369s
progress: nodes=55,150,000,000 tested=2 found=0 n=665362057548054004356075 elapsed=3369s
progress: nodes=55,160,000,000 tested=2 found=0 n=270307210965364540614075 elapsed=3370s
progress: nodes=55,170,000,000 tested=2 found=0 n=540830093323143740827425 elapsed=3370s
progress: nodes=55,180,000,000 tested=2 found=0 n=560813674025167895485725 elapsed=3371s
progress: nodes=55,190,000,000 tested=2 found=0 n=685712424974539547431275 elapsed=3372s
progress: nodes=55,200,000,000 tested=2 found=0 n=843426862094401704201225 elapsed=3372s
progress: nodes=55,210,000,000 tested=2 found=0 n=245810780444327733717225 elapsed=3373s
progress: nodes=55,220,000,000 tested=2 found=0 n=387512007822941017226925 elapsed=3373s
progress: nodes=55,230,000,000 tested=2 found=0 n=518441668383091890433425 elapsed=3374s
progress: nodes=55,240,000,000 tested=2 found=0 n=342000489783987215620725 elapsed=3375s
progress: nodes=55,250,000,000 tested=2 found=0 n=484172763740306172878775 elapsed=3375s
progress: nodes=55,260,000,000 tested=2 found=0 n=273399961667257426254825 elapsed=3376s
progress: nodes=55,270,000,000 tested=2 found=0 n=459412122829131416898525 elapsed=3376s
progress: nodes=55,280,000,000 tested=2 found=0 n=609013329347824327608825 elapsed=3377s
progress: nodes=55,290,000,000 tested=2 found=0 n=864977461993917024999675 elapsed=3377s
progress: nodes=55,300,000,000 tested=2 found=0 n=286401147286705110005775 elapsed=3378s
progress: nodes=55,310,000,000 tested=2 found=0 n=936341135572894050145575 elapsed=3379s
progress: nodes=55,320,000,000 tested=2 found=0 n=170983804837562045268225 elapsed=3379s
progress: nodes=55,330,000,000 tested=2 found=0 n=434342354862717780196575 elapsed=3380s
progress: nodes=55,340,000,000 tested=2 found=0 n=780300935244587580541575 elapsed=3380s
progress: nodes=55,350,000,000 tested=2 found=0 n=591470722079330823733575 elapsed=3381s
progress: nodes=55,360,000,000 tested=2 found=0 n=525448269425621522312475 elapsed=3381s
progress: nodes=55,370,000,000 tested=2 found=0 n=614852147150212275800925 elapsed=3382s
progress: nodes=55,380,000,000 tested=2 found=0 n=689779597347595568073975 elapsed=3383s
progress: nodes=55,390,000,000 tested=2 found=0 n=465170910543489229783275 elapsed=3383s
progress: nodes=55,400,000,000 tested=2 found=0 n=354727014774524599274925 elapsed=3384s
progress: nodes=55,410,000,000 tested=2 found=0 n=944088650881640007025425 elapsed=3384s
progress: nodes=55,420,000,000 tested=2 found=0 n=614141062145423580671475 elapsed=3385s
progress: nodes=55,430,000,000 tested=2 found=0 n=911311784308730643706725 elapsed=3385s
progress: nodes=55,440,000,000 tested=2 found=0 n=440734889672135230683225 elapsed=3386s
progress: nodes=55,450,000,000 tested=2 found=0 n=430525360529594644667925 elapsed=3387s
progress: nodes=55,460,000,000 tested=2 found=0 n=468084407020138574598075 elapsed=3387s
progress: nodes=55,470,000,000 tested=2 found=0 n=316037433267670096371675 elapsed=3388s
progress: nodes=55,480,000,000 tested=2 found=0 n=918743901537939291318075 elapsed=3388s
progress: nodes=55,490,000,000 tested=2 found=0 n=547182380320920814180425 elapsed=3389s
progress: nodes=55,500,000,000 tested=2 found=0 n=488725180894948831301325 elapsed=3389s
progress: nodes=55,510,000,000 tested=2 found=0 n=323275403127367472077725 elapsed=3390s
progress: nodes=55,520,000,000 tested=2 found=0 n=859666926434326075054275 elapsed=3391s
progress: nodes=55,530,000,000 tested=2 found=0 n=410295160987257745088175 elapsed=3391s
progress: nodes=55,540,000,000 tested=2 found=0 n=301219844778157270862325 elapsed=3392s
progress: nodes=55,550,000,000 tested=2 found=0 n=414862547617894047125025 elapsed=3392s
progress: nodes=55,560,000,000 tested=2 found=0 n=914041017733344917762775 elapsed=3393s
progress: nodes=55,570,000,000 tested=2 found=0 n=98540783583387057444675 elapsed=3393s
progress: nodes=55,580,000,000 tested=2 found=0 n=345860381752457568914775 elapsed=3394s
progress: nodes=55,590,000,000 tested=2 found=0 n=225521937498622253335275 elapsed=3394s
progress: nodes=55,600,000,000 tested=2 found=0 n=573971586733873976837475 elapsed=3395s
progress: nodes=55,610,000,000 tested=2 found=0 n=347096227692914582850825 elapsed=3396s
progress: nodes=55,620,000,000 tested=2 found=0 n=187252504094861052951675 elapsed=3396s
progress: nodes=55,630,000,000 tested=2 found=0 n=296100263000990657448525 elapsed=3397s
progress: nodes=55,640,000,000 tested=2 found=0 n=252084395466431708262225 elapsed=3397s
progress: nodes=55,650,000,000 tested=2 found=0 n=426749796673687151175225 elapsed=3398s
progress: nodes=55,660,000,000 tested=2 found=0 n=210220531532715694236675 elapsed=3399s
progress: nodes=55,670,000,000 tested=2 found=0 n=638739353145006833223075 elapsed=3399s
progress: nodes=55,680,000,000 tested=2 found=0 n=522543401860335437299575 elapsed=3400s
progress: nodes=55,690,000,000 tested=2 found=0 n=340182277297803196874475 elapsed=3400s
progress: nodes=55,700,000,000 tested=2 found=0 n=672218546709626802739425 elapsed=3401s
progress: nodes=55,710,000,000 tested=2 found=0 n=366325623374109282322725 elapsed=3402s
progress: nodes=55,720,000,000 tested=2 found=0 n=442471545571764781654725 elapsed=3402s
progress: nodes=55,730,000,000 tested=2 found=0 n=490831012858256173421175 elapsed=3403s
progress: nodes=55,740,000,000 tested=2 found=0 n=790659186229574334054525 elapsed=3403s
progress: nodes=55,750,000,000 tested=2 found=0 n=455063489095090551958425 elapsed=3404s
progress: nodes=55,760,000,000 tested=2 found=0 n=383630293969504210425225 elapsed=3405s
progress: nodes=55,770,000,000 tested=2 found=0 n=480213789839588463505275 elapsed=3405s
progress: nodes=55,780,000,000 tested=2 found=0 n=147888593188056067229025 elapsed=3406s
progress: nodes=55,790,000,000 tested=2 found=0 n=558116993584941391447275 elapsed=3406s
progress: nodes=55,800,000,000 tested=2 found=0 n=430923778372437908747475 elapsed=3407s
progress: nodes=55,810,000,000 tested=2 found=0 n=382827994913563040673975 elapsed=3408s
progress: nodes=55,820,000,000 tested=2 found=0 n=216634391087890243257075 elapsed=3408s
progress: nodes=55,830,000,000 tested=2 found=0 n=283842518755930830878325 elapsed=3409s
progress: nodes=55,840,000,000 tested=2 found=0 n=392190378748284676656525 elapsed=3410s
progress: nodes=55,850,000,000 tested=2 found=0 n=404209381565956181862075 elapsed=3410s
progress: nodes=55,860,000,000 tested=2 found=0 n=214190315299425232621425 elapsed=3411s
progress: nodes=55,870,000,000 tested=2 found=0 n=301084536825109165782225 elapsed=3412s
progress: nodes=55,880,000,000 tested=2 found=0 n=325885752262638909058575 elapsed=3412s
progress: nodes=55,890,000,000 tested=2 found=0 n=390253028369796844148325 elapsed=3413s
progress: nodes=55,900,000,000 tested=2 found=0 n=387911018664102080937075 elapsed=3414s
progress: nodes=55,910,000,000 tested=2 found=0 n=479530511631045924395775 elapsed=3414s
progress: nodes=55,920,000,000 tested=2 found=0 n=455841767487931456342425 elapsed=3415s
progress: nodes=55,930,000,000 tested=2 found=0 n=317427314300541431490075 elapsed=3416s
progress: nodes=55,940,000,000 tested=2 found=0 n=310745112825599246662725 elapsed=3417s
progress: nodes=55,950,000,000 tested=2 found=0 n=326275245681311251857675 elapsed=3417s
progress: nodes=55,960,000,000 tested=2 found=0 n=467692335382905982838775 elapsed=3418s
progress: nodes=55,970,000,000 tested=2 found=0 n=238389687523358077310175 elapsed=3419s
progress: nodes=55,980,000,000 tested=2 found=0 n=299543414739545998517925 elapsed=3420s
progress: nodes=55,990,000,000 tested=2 found=0 n=453253782114881614463025 elapsed=3421s
progress: nodes=56,000,000,000 tested=2 found=0 n=409086189278589204492825 elapsed=3421s
progress: nodes=56,010,000,000 tested=2 found=0 n=372711341739805990124775 elapsed=3422s
progress: nodes=56,020,000,000 tested=2 found=0 n=398922081263473269398325 elapsed=3423s
progress: nodes=56,030,000,000 tested=2 found=0 n=408471892960371283854525 elapsed=3424s
progress: nodes=56,040,000,000 tested=2 found=0 n=509555764001671062143325 elapsed=3425s
progress: nodes=56,050,000,000 tested=2 found=0 n=371817401770732223903025 elapsed=3426s
progress: nodes=56,060,000,000 tested=2 found=0 n=472110320921798328616275 elapsed=3427s
progress: nodes=56,070,000,000 tested=2 found=0 n=475399148740181562886275 elapsed=3428s
progress: nodes=56,080,000,000 tested=2 found=0 n=943195113304120673063925 elapsed=3429s
progress: nodes=56,090,000,000 tested=2 found=0 n=996822983786334361253025 elapsed=3430s
progress: nodes=56,100,000,000 tested=2 found=0 n=788434531580495487155325 elapsed=3431s
progress: nodes=56,110,000,000 tested=2 found=0 n=912046237279634526186975 elapsed=3432s
progress: nodes=56,120,000,000 tested=2 found=0 n=781918137946659678360825 elapsed=3432s
progress: nodes=56,130,000,000 tested=2 found=0 n=923747507950942183691325 elapsed=3433s
progress: nodes=56,140,000,000 tested=2 found=0 n=909686057242922251695975 elapsed=3434s
progress: nodes=56,150,000,000 tested=2 found=0 n=860592405670601502680925 elapsed=3434s
progress: nodes=56,160,000,000 tested=2 found=0 n=948635923138504226736825 elapsed=3435s
progress: nodes=56,170,000,000 tested=2 found=0 n=397395013628741292761025 elapsed=3436s
progress: nodes=56,180,000,000 tested=2 found=0 n=617458714363325202257175 elapsed=3436s
progress: nodes=56,190,000,000 tested=2 found=0 n=648663242207469940854975 elapsed=3437s
progress: nodes=56,200,000,000 tested=2 found=0 n=728103422557673052000825 elapsed=3438s
progress: nodes=56,210,000,000 tested=2 found=0 n=810425879155297759572075 elapsed=3438s
progress: nodes=56,220,000,000 tested=2 found=0 n=459904568228001479593725 elapsed=3439s
progress: nodes=56,230,000,000 tested=2 found=0 n=883977175560628603064325 elapsed=3439s
progress: nodes=56,240,000,000 tested=2 found=0 n=455998289371519071681075 elapsed=3440s
progress: nodes=56,250,000,000 tested=2 found=0 n=910196442574638382052175 elapsed=3441s
progress: nodes=56,260,000,000 tested=2 found=0 n=811066760834463979484925 elapsed=3441s
progress: nodes=56,270,000,000 tested=2 found=0 n=885422150718129060239775 elapsed=3442s
progress: nodes=56,280,000,000 tested=2 found=0 n=792758396150304044250075 elapsed=3442s
progress: nodes=56,290,000,000 tested=2 found=0 n=948946940480486675946075 elapsed=3443s
progress: nodes=56,300,000,000 tested=2 found=0 n=869729165481684901139175 elapsed=3444s
progress: nodes=56,310,000,000 tested=2 found=0 n=600384317186592636265425 elapsed=3444s
progress: nodes=56,320,000,000 tested=2 found=0 n=575545167380350248413475 elapsed=3445s
progress: nodes=56,330,000,000 tested=2 found=0 n=723604944772413475961475 elapsed=3446s
progress: nodes=56,340,000,000 tested=2 found=0 n=727769175187655652297675 elapsed=3446s
progress: nodes=56,350,000,000 tested=2 found=0 n=399984601963401041440425 elapsed=3447s
progress: nodes=56,360,000,000 tested=2 found=0 n=882850535594990942576025 elapsed=3447s
progress: nodes=56,370,000,000 tested=2 found=0 n=703812593744616706253475 elapsed=3448s
progress: nodes=56,380,000,000 tested=2 found=0 n=940665670227696472949175 elapsed=3449s
progress: nodes=56,390,000,000 tested=2 found=0 n=667052122610323081878675 elapsed=3449s
progress: nodes=56,400,000,000 tested=2 found=0 n=816010325112551531315925 elapsed=3450s
progress: nodes=56,410,000,000 tested=2 found=0 n=291906177796124824443225 elapsed=3450s
progress: nodes=56,420,000,000 tested=2 found=0 n=662723683822509730739175 elapsed=3451s
progress: nodes=56,430,000,000 tested=2 found=0 n=712802749034825559149325 elapsed=3452s
progress: nodes=56,440,000,000 tested=2 found=0 n=641882518933289254088325 elapsed=3452s
progress: nodes=56,450,000,000 tested=2 found=0 n=287676401057810694189975 elapsed=3453s
progress: nodes=56,460,000,000 tested=2 found=0 n=555023953859401519253475 elapsed=3454s
progress: nodes=56,470,000,000 tested=2 found=0 n=793101157941773444681775 elapsed=3454s
progress: nodes=56,480,000,000 tested=2 found=0 n=346173404378134049348775 elapsed=3455s
progress: nodes=56,490,000,000 tested=2 found=0 n=782501285355677341815075 elapsed=3455s
progress: nodes=56,500,000,000 tested=2 found=0 n=807013517023542602427225 elapsed=3456s
progress: nodes=56,510,000,000 tested=2 found=0 n=678400025802829157223825 elapsed=3457s
progress: nodes=56,520,000,000 tested=2 found=0 n=461719339258053786227175 elapsed=3457s
progress: nodes=56,530,000,000 tested=2 found=0 n=952307794320708616029525 elapsed=3458s
progress: nodes=56,540,000,000 tested=2 found=0 n=743525036896331562883725 elapsed=3458s
progress: nodes=56,550,000,000 tested=2 found=0 n=869989342237323248837325 elapsed=3459s
progress: nodes=56,560,000,000 tested=2 found=0 n=295486158651646995543225 elapsed=3459s
progress: nodes=56,570,000,000 tested=2 found=0 n=630664781837729030524275 elapsed=3460s
progress: nodes=56,580,000,000 tested=2 found=0 n=777123129005709513230775 elapsed=3461s
progress: nodes=56,590,000,000 tested=2 found=0 n=388340691322126942402575 elapsed=3461s
progress: nodes=56,600,000,000 tested=2 found=0 n=618131333668266529371975 elapsed=3462s
progress: nodes=56,610,000,000 tested=2 found=0 n=682198503655212772510425 elapsed=3462s
progress: nodes=56,620,000,000 tested=2 found=0 n=657233286253223279038725 elapsed=3463s
progress: nodes=56,630,000,000 tested=2 found=0 n=360724532166527162644725 elapsed=3463s
progress: nodes=56,640,000,000 tested=2 found=0 n=714507893248057609347075 elapsed=3464s
progress: nodes=56,650,000,000 tested=2 found=0 n=807604131404672667426075 elapsed=3465s
progress: nodes=56,660,000,000 tested=2 found=0 n=261184658310894198019425 elapsed=3465s
progress: nodes=56,670,000,000 tested=2 found=0 n=444184278357678319707675 elapsed=3466s
progress: nodes=56,680,000,000 tested=2 found=0 n=199827314520430797046275 elapsed=3466s
progress: nodes=56,690,000,000 tested=2 found=0 n=300051796375999981352325 elapsed=3467s
progress: nodes=56,700,000,000 tested=2 found=0 n=456030727438752318663525 elapsed=3467s
progress: nodes=56,710,000,000 tested=2 found=0 n=738794041950746717996775 elapsed=3468s
progress: nodes=56,720,000,000 tested=2 found=0 n=297085240986438371513475 elapsed=3468s
progress: nodes=56,730,000,000 tested=2 found=0 n=437090831399186171246325 elapsed=3469s
progress: nodes=56,740,000,000 tested=2 found=0 n=756779878311997131102225 elapsed=3470s
progress: nodes=56,750,000,000 tested=2 found=0 n=394735987610742585060825 elapsed=3470s
progress: nodes=56,760,000,000 tested=2 found=0 n=324482757389335750351575 elapsed=3471s
progress: nodes=56,770,000,000 tested=2 found=0 n=803759516592793344623325 elapsed=3471s
progress: nodes=56,780,000,000 tested=2 found=0 n=328233186091121079600975 elapsed=3472s
progress: nodes=56,790,000,000 tested=2 found=0 n=546517112799494633307225 elapsed=3472s
progress: nodes=56,800,000,000 tested=2 found=0 n=537790603014889635979425 elapsed=3473s
progress: nodes=56,810,000,000 tested=2 found=0 n=291338031543896592051225 elapsed=3473s
progress: nodes=56,820,000,000 tested=2 found=0 n=917056432421853096526725 elapsed=3474s
progress: nodes=56,830,000,000 tested=2 found=0 n=443406266022487078857975 elapsed=3475s
progress: nodes=56,840,000,000 tested=2 found=0 n=129072958546468299030525 elapsed=3476s
progress: nodes=56,850,000,000 tested=2 found=0 n=328835179293712724629425 elapsed=3476s
progress: nodes=56,860,000,000 tested=2 found=0 n=399983280850114914155775 elapsed=3477s
progress: nodes=56,870,000,000 tested=2 found=0 n=222541179917862657219225 elapsed=3477s
progress: nodes=56,880,000,000 tested=2 found=0 n=590386813544738833505025 elapsed=3478s
progress: nodes=56,890,000,000 tested=2 found=0 n=485219338172502946144275 elapsed=3479s
progress: nodes=56,900,000,000 tested=2 found=0 n=999097752584438574413775 elapsed=3479s
progress: nodes=56,910,000,000 tested=2 found=0 n=939603581184640322732925 elapsed=3480s
progress: nodes=56,920,000,000 tested=2 found=0 n=569263111484725306430925 elapsed=3480s
progress: nodes=56,930,000,000 tested=2 found=0 n=421012700089971332310825 elapsed=3481s
progress: nodes=56,940,000,000 tested=2 found=0 n=732704050129146244588725 elapsed=3481s
progress: nodes=56,950,000,000 tested=2 found=0 n=554617460166648975943275 elapsed=3482s
progress: nodes=56,960,000,000 tested=2 found=0 n=516445823948459723207175 elapsed=3482s
progress: nodes=56,970,000,000 tested=2 found=0 n=575187072327100909436475 elapsed=3483s
progress: nodes=56,980,000,000 tested=2 found=0 n=787381642363456937006925 elapsed=3483s
progress: nodes=56,990,000,000 tested=2 found=0 n=746899584280318035963825 elapsed=3484s
progress: nodes=57,000,000,000 tested=2 found=0 n=400085169386273210600475 elapsed=3484s
progress: nodes=57,010,000,000 tested=2 found=0 n=880566164962115424431925 elapsed=3485s
progress: nodes=57,020,000,000 tested=2 found=0 n=672502116974602431670725 elapsed=3485s
progress: nodes=57,030,000,000 tested=2 found=0 n=267018909477110706726525 elapsed=3486s
progress: nodes=57,040,000,000 tested=2 found=0 n=437577367524997549910775 elapsed=3486s
progress: nodes=57,050,000,000 tested=2 found=0 n=391244769643554628798425 elapsed=3487s
progress: nodes=57,060,000,000 tested=2 found=0 n=397788887855098849748925 elapsed=3487s
progress: nodes=57,070,000,000 tested=2 found=0 n=107503150769967036180525 elapsed=3488s
progress: nodes=57,080,000,000 tested=2 found=0 n=719992819308351147412425 elapsed=3489s
progress: nodes=57,090,000,000 tested=2 found=0 n=522052499759451410746425 elapsed=3489s
progress: nodes=57,100,000,000 tested=2 found=0 n=214285817201181236907825 elapsed=3490s
progress: nodes=57,110,000,000 tested=2 found=0 n=253760395535742544159425 elapsed=3490s
progress: nodes=57,120,000,000 tested=2 found=0 n=299220833220978654274575 elapsed=3491s
progress: nodes=57,130,000,000 tested=2 found=0 n=130886260235542790539275 elapsed=3491s
progress: nodes=57,140,000,000 tested=2 found=0 n=407708782864953626424225 elapsed=3492s
progress: nodes=57,150,000,000 tested=2 found=0 n=308384745511524244916925 elapsed=3492s
progress: nodes=57,160,000,000 tested=2 found=0 n=135419082779888477459175 elapsed=3493s
progress: nodes=57,170,000,000 tested=2 found=0 n=358125932032412106666675 elapsed=3493s
progress: nodes=57,180,000,000 tested=2 found=0 n=134263190204862888837525 elapsed=3494s
progress: nodes=57,190,000,000 tested=2 found=0 n=429095983558050147993225 elapsed=3494s
progress: nodes=57,200,000,000 tested=2 found=0 n=509368960772119416464925 elapsed=3495s
progress: nodes=57,210,000,000 tested=2 found=0 n=484611963816674032900275 elapsed=3495s
progress: nodes=57,220,000,000 tested=2 found=0 n=581126199395883474300825 elapsed=3496s
progress: nodes=57,230,000,000 tested=2 found=0 n=129919156082061663849675 elapsed=3496s
progress: nodes=57,240,000,000 tested=2 found=0 n=646542142726894612737825 elapsed=3497s
progress: nodes=57,250,000,000 tested=2 found=0 n=385382353264519297647675 elapsed=3497s
progress: nodes=57,260,000,000 tested=2 found=0 n=653855646101008132599675 elapsed=3498s
progress: nodes=57,270,000,000 tested=2 found=0 n=327687565994071837586175 elapsed=3498s
progress: nodes=57,280,000,000 tested=2 found=0 n=224082979349707396229025 elapsed=3499s
progress: nodes=57,290,000,000 tested=2 found=0 n=417709155109521591319575 elapsed=3499s
progress: nodes=57,300,000,000 tested=2 found=0 n=243918760363332693992925 elapsed=3500s
progress: nodes=57,310,000,000 tested=2 found=0 n=798568079341648731504675 elapsed=3500s
progress: nodes=57,320,000,000 tested=2 found=0 n=471862355227674025468425 elapsed=3501s
progress: nodes=57,330,000,000 tested=2 found=0 n=369248186557693983207525 elapsed=3502s
progress: nodes=57,340,000,000 tested=2 found=0 n=382486357132449481851225 elapsed=3502s
progress: nodes=57,350,000,000 tested=2 found=0 n=261812535423439549659825 elapsed=3503s
progress: nodes=57,360,000,000 tested=2 found=0 n=395521457116388367110775 elapsed=3503s
progress: nodes=57,370,000,000 tested=2 found=0 n=383983884797635617956175 elapsed=3504s
progress: nodes=57,380,000,000 tested=2 found=0 n=487163933303917158635775 elapsed=3504s
progress: nodes=57,390,000,000 tested=2 found=0 n=820977126677891040353925 elapsed=3505s
progress: nodes=57,400,000,000 tested=2 found=0 n=878695757633457567900525 elapsed=3505s
progress: nodes=57,410,000,000 tested=2 found=0 n=335745905574935677074825 elapsed=3506s
progress: nodes=57,420,000,000 tested=2 found=0 n=325140526554885023836425 elapsed=3506s
progress: nodes=57,430,000,000 tested=2 found=0 n=398804869471253433978075 elapsed=3507s
progress: nodes=57,440,000,000 tested=2 found=0 n=126822046876315130350725 elapsed=3507s
progress: nodes=57,450,000,000 tested=2 found=0 n=265427662126663378088175 elapsed=3508s
progress: nodes=57,460,000,000 tested=2 found=0 n=414234576636443532801975 elapsed=3508s
progress: nodes=57,470,000,000 tested=2 found=0 n=149346565572870124827225 elapsed=3509s
progress: nodes=57,480,000,000 tested=2 found=0 n=459576620937483800032425 elapsed=3509s
progress: nodes=57,490,000,000 tested=2 found=0 n=90429925872232433025825 elapsed=3510s
progress: nodes=57,500,000,000 tested=2 found=0 n=130995853380475788608475 elapsed=3510s
progress: nodes=57,510,000,000 tested=2 found=0 n=348957053510190789410175 elapsed=3511s
progress: nodes=57,520,000,000 tested=2 found=0 n=295633071458330874764925 elapsed=3512s
progress: nodes=57,530,000,000 tested=2 found=0 n=353784680714617479359175 elapsed=3512s
progress: nodes=57,540,000,000 tested=2 found=0 n=369687976355773998533325 elapsed=3513s
progress: nodes=57,550,000,000 tested=2 found=0 n=931458338592883028359575 elapsed=3513s
progress: nodes=57,560,000,000 tested=2 found=0 n=338198146812689131865325 elapsed=3514s
progress: nodes=57,570,000,000 tested=2 found=0 n=212057067770595404739525 elapsed=3514s
progress: nodes=57,580,000,000 tested=2 found=0 n=195886033245006530744175 elapsed=3515s
progress: nodes=57,590,000,000 tested=2 found=0 n=403901373269093488728225 elapsed=3515s
progress: nodes=57,600,000,000 tested=2 found=0 n=377556153391018118527725 elapsed=3516s
progress: nodes=57,610,000,000 tested=2 found=0 n=293167300150375783071225 elapsed=3516s
progress: nodes=57,620,000,000 tested=2 found=0 n=452864541599798082622725 elapsed=3517s
progress: nodes=57,630,000,000 tested=2 found=0 n=405823537074583815898425 elapsed=3518s
progress: nodes=57,640,000,000 tested=2 found=0 n=389603356797992252905275 elapsed=3518s
progress: nodes=57,650,000,000 tested=2 found=0 n=101440459977363543797475 elapsed=3519s
progress: nodes=57,660,000,000 tested=2 found=0 n=262942770673233192795825 elapsed=3519s
progress: nodes=57,670,000,000 tested=2 found=0 n=160229485791262921036575 elapsed=3520s
progress: nodes=57,680,000,000 tested=2 found=0 n=232547146943313432848475 elapsed=3520s
progress: nodes=57,690,000,000 tested=2 found=0 n=344072401320380896652775 elapsed=3521s
progress: nodes=57,700,000,000 tested=2 found=0 n=85871316537179576949975 elapsed=3521s
progress: nodes=57,710,000,000 tested=2 found=0 n=286492564175971916430525 elapsed=3522s
progress: nodes=57,720,000,000 tested=2 found=0 n=261122307632978804544675 elapsed=3522s
progress: nodes=57,730,000,000 tested=2 found=0 n=318553862441367640090575 elapsed=3523s
progress: nodes=57,740,000,000 tested=2 found=0 n=230122173704361831460425 elapsed=3523s
progress: nodes=57,750,000,000 tested=2 found=0 n=144618712073585054737575 elapsed=3524s
progress: nodes=57,760,000,000 tested=2 found=0 n=200167071948029036704425 elapsed=3524s
progress: nodes=57,770,000,000 tested=2 found=0 n=293791706337822698888025 elapsed=3525s
progress: nodes=57,780,000,000 tested=2 found=0 n=312226735974078953130675 elapsed=3526s
progress: nodes=57,790,000,000 tested=2 found=0 n=248458565152973163556425 elapsed=3526s
progress: nodes=57,800,000,000 tested=2 found=0 n=126051410150474660462325 elapsed=3527s
progress: nodes=57,810,000,000 tested=2 found=0 n=291578223879308355378675 elapsed=3527s
progress: nodes=57,820,000,000 tested=2 found=0 n=144044508366888060671025 elapsed=3528s
progress: nodes=57,830,000,000 tested=2 found=0 n=254570017875749581959525 elapsed=3529s
progress: nodes=57,840,000,000 tested=2 found=0 n=247287983308260169028325 elapsed=3529s
progress: nodes=57,850,000,000 tested=2 found=0 n=316191080890238352008925 elapsed=3530s
progress: nodes=57,860,000,000 tested=2 found=0 n=189747981344499650325825 elapsed=3530s
progress: nodes=57,870,000,000 tested=2 found=0 n=295242629788747868981325 elapsed=3531s
progress: nodes=57,880,000,000 tested=2 found=0 n=271517024201417569971825 elapsed=3532s
progress: nodes=57,890,000,000 tested=2 found=0 n=178513712451427646082075 elapsed=3533s
progress: nodes=57,900,000,000 tested=2 found=0 n=258660630061588595744475 elapsed=3534s
progress: nodes=57,910,000,000 tested=2 found=0 n=280067065252569372095175 elapsed=3535s
progress: nodes=57,920,000,000 tested=2 found=0 n=844730788827993852931575 elapsed=3535s
progress: nodes=57,930,000,000 tested=2 found=0 n=531323215953919964406975 elapsed=3536s
progress: nodes=57,940,000,000 tested=2 found=0 n=791725834240411944234075 elapsed=3537s
progress: nodes=57,950,000,000 tested=2 found=0 n=736254071783504013629175 elapsed=3537s
progress: nodes=57,960,000,000 tested=2 found=0 n=446928187010543505020325 elapsed=3538s
progress: nodes=57,970,000,000 tested=2 found=0 n=746657912901401191108275 elapsed=3538s
progress: nodes=57,980,000,000 tested=2 found=0 n=504591449826285261157575 elapsed=3539s
progress: nodes=57,990,000,000 tested=2 found=0 n=820112255975883482458275 elapsed=3540s
progress: nodes=58,000,000,000 tested=2 found=0 n=277417372101732799354275 elapsed=3540s
progress: nodes=58,010,000,000 tested=2 found=0 n=614184225004454581759425 elapsed=3541s
progress: nodes=58,020,000,000 tested=2 found=0 n=266993036419061714844225 elapsed=3541s
progress: nodes=58,030,000,000 tested=2 found=0 n=572583145957352246434575 elapsed=3542s
progress: nodes=58,040,000,000 tested=2 found=0 n=865291402390278601891725 elapsed=3543s
progress: nodes=58,050,000,000 tested=2 found=0 n=481100623660673570772075 elapsed=3543s
progress: nodes=58,060,000,000 tested=2 found=0 n=931462581128739689740425 elapsed=3544s
progress: nodes=58,070,000,000 tested=2 found=0 n=598315857510170182779825 elapsed=3544s
progress: nodes=58,080,000,000 tested=2 found=0 n=679972679479502885758425 elapsed=3545s
progress: nodes=58,090,000,000 tested=2 found=0 n=827389934851814542611975 elapsed=3545s
progress: nodes=58,100,000,000 tested=2 found=0 n=525672463738746701123175 elapsed=3546s
progress: nodes=58,110,000,000 tested=2 found=0 n=952690206552016434119475 elapsed=3547s
progress: nodes=58,120,000,000 tested=2 found=0 n=532082703396881037397425 elapsed=3547s
progress: nodes=58,130,000,000 tested=2 found=0 n=570807365922703776362925 elapsed=3548s
progress: nodes=58,140,000,000 tested=2 found=0 n=697707632031290950608825 elapsed=3548s
progress: nodes=58,150,000,000 tested=2 found=0 n=488737171809982439926725 elapsed=3549s
progress: nodes=58,160,000,000 tested=2 found=0 n=558228494918186301141075 elapsed=3549s
progress: nodes=58,170,000,000 tested=2 found=0 n=610543787741490021200925 elapsed=3550s
progress: nodes=58,180,000,000 tested=2 found=0 n=375707497667767292559675 elapsed=3550s
progress: nodes=58,190,000,000 tested=2 found=0 n=521215008977836724018325 elapsed=3551s
progress: nodes=58,200,000,000 tested=2 found=0 n=794258182324563877130925 elapsed=3551s
progress: nodes=58,210,000,000 tested=2 found=0 n=145674209709210190040175 elapsed=3552s
progress: nodes=58,220,000,000 tested=2 found=0 n=587595875372683509542925 elapsed=3553s
progress: nodes=58,230,000,000 tested=2 found=0 n=288932491516998713680725 elapsed=3553s
progress: nodes=58,240,000,000 tested=2 found=0 n=368838105977587897890525 elapsed=3554s
progress: nodes=58,250,000,000 tested=2 found=0 n=673282967827616908872825 elapsed=3554s
progress: nodes=58,260,000,000 tested=2 found=0 n=967234162282153721852325 elapsed=3555s
progress: nodes=58,270,000,000 tested=2 found=0 n=314833225828982520799425 elapsed=3555s
progress: nodes=58,280,000,000 tested=2 found=0 n=647160551949536737580325 elapsed=3556s
progress: nodes=58,290,000,000 tested=2 found=0 n=381792036499377318747075 elapsed=3556s
progress: nodes=58,300,000,000 tested=2 found=0 n=271408924515703744652025 elapsed=3557s
progress: nodes=58,310,000,000 tested=2 found=0 n=698554134711911251391475 elapsed=3557s
progress: nodes=58,320,000,000 tested=2 found=0 n=354695643517448450206275 elapsed=3558s
progress: nodes=58,330,000,000 tested=2 found=0 n=399573612100446442476675 elapsed=3559s
progress: nodes=58,340,000,000 tested=2 found=0 n=225231664978094974688775 elapsed=3559s
progress: nodes=58,350,000,000 tested=2 found=0 n=243326011801181718691425 elapsed=3560s
progress: nodes=58,360,000,000 tested=2 found=0 n=706283318038664896669425 elapsed=3560s
progress: nodes=58,370,000,000 tested=2 found=0 n=639800082675394223229075 elapsed=3561s
progress: nodes=58,380,000,000 tested=2 found=0 n=334111549716349440181575 elapsed=3561s
progress: nodes=58,390,000,000 tested=2 found=0 n=185142816901832477055225 elapsed=3562s
progress: nodes=58,400,000,000 tested=2 found=0 n=378056416531632161905725 elapsed=3562s
progress: nodes=58,410,000,000 tested=2 found=0 n=327049052598394457448975 elapsed=3563s
progress: nodes=58,420,000,000 tested=2 found=0 n=518992122356592781257075 elapsed=3563s
progress: nodes=58,430,000,000 tested=2 found=0 n=742388918610533634479325 elapsed=3564s
progress: nodes=58,440,000,000 tested=2 found=0 n=326626344531747494873925 elapsed=3564s
progress: nodes=58,450,000,000 tested=2 found=0 n=619073429456107944500325 elapsed=3565s
progress: nodes=58,460,000,000 tested=2 found=0 n=430336111263210437581725 elapsed=3565s
progress: nodes=58,470,000,000 tested=2 found=0 n=171746900014216291875825 elapsed=3566s
progress: nodes=58,480,000,000 tested=2 found=0 n=805029398802273284843775 elapsed=3566s
progress: nodes=58,490,000,000 tested=2 found=0 n=450204582827697678669975 elapsed=3567s
progress: nodes=58,500,000,000 tested=2 found=0 n=196144954239183214325775 elapsed=3567s
progress: nodes=58,510,000,000 tested=2 found=0 n=458514809897048297325075 elapsed=3568s
progress: nodes=58,520,000,000 tested=2 found=0 n=444925245443975676226275 elapsed=3568s
progress: nodes=58,530,000,000 tested=2 found=0 n=446470956794831471721075 elapsed=3569s
progress: nodes=58,540,000,000 tested=2 found=0 n=295071377878563333236475 elapsed=3569s
progress: nodes=58,550,000,000 tested=2 found=0 n=670973088274058708949525 elapsed=3570s
progress: nodes=58,560,000,000 tested=2 found=0 n=766802002171991246164275 elapsed=3570s
progress: nodes=58,570,000,000 tested=2 found=0 n=377255739941017549572675 elapsed=3571s
progress: nodes=58,580,000,000 tested=2 found=0 n=446504037787478901483825 elapsed=3571s
progress: nodes=58,590,000,000 tested=2 found=0 n=463671939048490717727325 elapsed=3572s
progress: nodes=58,600,000,000 tested=2 found=0 n=320598452143462520817075 elapsed=3572s
progress: nodes=58,610,000,000 tested=2 found=0 n=891773954808250987612425 elapsed=3573s
progress: nodes=58,620,000,000 tested=2 found=0 n=986376438651304971473775 elapsed=3573s
progress: nodes=58,630,000,000 tested=2 found=0 n=682508968791385897793775 elapsed=3574s
progress: nodes=58,640,000,000 tested=2 found=0 n=354004538515504747181025 elapsed=3574s
progress: nodes=58,650,000,000 tested=2 found=0 n=343226313600531325503825 elapsed=3575s
progress: nodes=58,660,000,000 tested=2 found=0 n=592968255668122453580175 elapsed=3576s
progress: nodes=58,670,000,000 tested=2 found=0 n=499058408454207668984775 elapsed=3576s
progress: nodes=58,680,000,000 tested=2 found=0 n=970210063070598258190425 elapsed=3577s
progress: nodes=58,690,000,000 tested=2 found=0 n=921143945552144570438325 elapsed=3577s
progress: nodes=58,700,000,000 tested=2 found=0 n=568389336960570061890525 elapsed=3578s
progress: nodes=58,710,000,000 tested=2 found=0 n=412619132002043324669025 elapsed=3578s
progress: nodes=58,720,000,000 tested=2 found=0 n=299024407242726634872975 elapsed=3579s
progress: nodes=58,730,000,000 tested=2 found=0 n=248209909555665469773075 elapsed=3579s
progress: nodes=58,740,000,000 tested=2 found=0 n=557269073889101879222775 elapsed=3580s
progress: nodes=58,750,000,000 tested=2 found=0 n=164450496260728735275075 elapsed=3580s
progress: nodes=58,760,000,000 tested=2 found=0 n=318933345913211440307325 elapsed=3581s
progress: nodes=58,770,000,000 tested=2 found=0 n=614437238210044561379925 elapsed=3581s
progress: nodes=58,780,000,000 tested=2 found=0 n=318481952154017564151525 elapsed=3582s
progress: nodes=58,790,000,000 tested=2 found=0 n=279049192157674634091825 elapsed=3582s
progress: nodes=58,800,000,000 tested=2 found=0 n=211845221022256221639525 elapsed=3583s
progress: nodes=58,810,000,000 tested=2 found=0 n=210867314208754216202475 elapsed=3583s
progress: nodes=58,820,000,000 tested=2 found=0 n=289836341803167534836175 elapsed=3584s
progress: nodes=58,830,000,000 tested=2 found=0 n=151738015446942206964825 elapsed=3584s
progress: nodes=58,840,000,000 tested=2 found=0 n=368348615107138037969025 elapsed=3585s
progress: nodes=58,850,000,000 tested=2 found=0 n=61085309103260298424425 elapsed=3585s
progress: nodes=58,860,000,000 tested=2 found=0 n=275196894889901852556975 elapsed=3586s
progress: nodes=58,870,000,000 tested=2 found=0 n=319665554482902462881475 elapsed=3586s
progress: nodes=58,880,000,000 tested=2 found=0 n=626132848387763327550225 elapsed=3587s
progress: nodes=58,890,000,000 tested=2 found=0 n=443884982714343810386175 elapsed=3587s
progress: nodes=58,900,000,000 tested=2 found=0 n=131597618204576695667925 elapsed=3588s
progress: nodes=58,910,000,000 tested=2 found=0 n=178079494539270818561925 elapsed=3588s
progress: nodes=58,920,000,000 tested=2 found=0 n=180620257534644474700725 elapsed=3589s
progress: nodes=58,930,000,000 tested=2 found=0 n=326200822275902749772025 elapsed=3589s
progress: nodes=58,940,000,000 tested=2 found=0 n=614254163522562040560225 elapsed=3590s
progress: nodes=58,950,000,000 tested=2 found=0 n=413688869538950021005275 elapsed=3590s
progress: nodes=58,960,000,000 tested=2 found=0 n=142937321778047558801325 elapsed=3591s
progress: nodes=58,970,000,000 tested=2 found=0 n=768010403257085862169725 elapsed=3591s
progress: nodes=58,980,000,000 tested=2 found=0 n=522389303022792139516725 elapsed=3592s
progress: nodes=58,990,000,000 tested=2 found=0 n=384713653118453964022575 elapsed=3592s
progress: nodes=59,000,000,000 tested=2 found=0 n=116787781086516282031575 elapsed=3593s
progress: nodes=59,010,000,000 tested=2 found=0 n=175008585226487716049775 elapsed=3593s
progress: nodes=59,020,000,000 tested=2 found=0 n=683698480771870384059525 elapsed=3594s
progress: nodes=59,030,000,000 tested=2 found=0 n=235284770334028546849575 elapsed=3594s
progress: nodes=59,040,000,000 tested=2 found=0 n=83800070008134181941525 elapsed=3595s
progress: nodes=59,050,000,000 tested=2 found=0 n=819466014090965189702325 elapsed=3595s
progress: nodes=59,060,000,000 tested=2 found=0 n=203655836886985997910825 elapsed=3596s
progress: nodes=59,070,000,000 tested=2 found=0 n=160361744033540557268475 elapsed=3596s
progress: nodes=59,080,000,000 tested=2 found=0 n=345398137701975528638325 elapsed=3597s
progress: nodes=59,090,000,000 tested=2 found=0 n=135981284338457351754675 elapsed=3597s
progress: nodes=59,100,000,000 tested=2 found=0 n=239886927469247972081025 elapsed=3598s
progress: nodes=59,110,000,000 tested=2 found=0 n=227814394975442895123075 elapsed=3599s
progress: nodes=59,120,000,000 tested=2 found=0 n=363286512876901962551775 elapsed=3599s
progress: nodes=59,130,000,000 tested=2 found=0 n=364217090057266990712025 elapsed=3600s

done in 3600.0s | nodes=59,137,433,600 | tested=2 | weird=0
